t(days),0,0.08,0.32,0.72,1.28,2,2.88,3.92,5.12,6.48,8,9.68,11.52,13.52,15.68,18,20.48,23.12,25.92,28.88,32,35.28,38.72,42.32,46.08,50,54.08,58.32,62.72,67.28,72,76.88,81.92,87.12,92.48,98,103.68,109.52,115.52,121.68,128,134.48,141.12,147.92,154.88,162,169.28,176.72,184.32,192.08,200,208.08,216.32,224.72,233.28,242,250.88,259.92,269.12,278.48,288,297.68,307.52,317.52,327.68,338,348.48,359.12,369.92,380.88,392,403.28,414.72,426.32,438.08,450
0,207.188,207.093,206.891,206.476,205.908,205.183,204.3,203.258,202.055,200.693,199.17,197.488,195.646,193.644,191.482,189.16,186.677,184.035,181.233,178.271,175.149,171.867,168.425,164.823,161.061,157.14,153.059,148.819,144.422,139.869,135.163,130.309,125.314,120.186,114.937,109.582,104.14,98.6317,93.0832,87.5217,81.9773,76.4812,71.0654,65.7613,60.5992,55.6074,50.811,46.2319,41.8882,37.7937,33.9581,30.3868,27.0814,24.0398,21.2567,18.7241,16.4313,14.3663,12.5152,10.8635,9.39595,8.09703,6.95138,5.94387,5.05985,4.28527,3.60678,3.0118,2.48852,2.02592,1.61375,1.24251,0.903388,0.588214,0.289425,0
2.88158,207.254,207.159,206.957,206.541,205.973,205.249,204.366,203.323,202.121,200.758,199.236,197.554,195.712,193.709,191.547,189.225,186.743,184.101,181.299,178.337,175.215,171.933,168.491,164.889,161.127,157.205,153.124,148.884,144.487,139.934,135.228,130.373,125.377,120.247,114.996,109.639,104.193,98.6816,93.1283,87.5614,82.0107,76.5077,71.0844,65.7726,60.6026,55.6028,50.7986,46.2122,41.8616,37.7609,33.9199,30.344,27.0348,23.9905,21.2055,18.6717,16.3787,14.3141,12.4641,10.8141,9.34856,8.05212,6.90923,5.90472,5.02386,4.25256,3.57741,2.98579,2.46588,2.00662,1.59777,1.22981,0.893924,0.581943,0.286307,0
5.76316,207.319,207.224,207.022,206.607,206.039,205.314,204.431,203.389,202.186,200.824,199.302,197.619,195.777,193.775,191.613,189.291,186.809,184.167,181.365,178.402,175.28,171.998,168.556,164.954,161.192,157.271,153.19,148.95,144.552,139.999,135.292,130.437,125.44,120.309,115.056,109.696,104.248,98.7317,93.1737,87.6011,82.0442,76.5343,71.1036,65.7839,60.606,55.5982,50.7862,46.1924,41.8349,37.728,33.8814,30.3009,26.9881,23.9409,21.154,18.6192,16.3259,14.2618,12.4129,10.7644,9.30103,8.00707,6.86698,5.86549,4.98781,4.21979,3.548,2.95976,2.44322,1.98732,1.5818,1.21711,0.884461,0.575673,0.28319,0
8.64474,207.385,207.29,207.087,206.672,206.104,205.38,204.497,203.454,202.252,200.889,199.367,197.685,195.843,193.841,191.679,189.356,186.874,184.232,181.43,178.468,175.346,172.064,168.622,165.02,161.258,157.337,153.255,149.016,144.618,140.064,135.357,130.501,125.503,120.371,115.116,109.754,104.302,98.782,93.2191,87.6411,82.0778,76.561,71.1228,65.7953,60.6093,55.5935,50.7738,46.1725,41.8081,37.6949,33.8428,30.2577,26.9411,23.8911,21.1023,18.5664,16.2729,14.2092,12.3614,10.7146,9.25334,7.9619,6.82462,5.82617,4.95169,4.18698,3.51855,2.93371,2.42055,1.96802,1.56582,1.20442,0.875001,0.569405,0.280074,0
11.5263,207.45,207.356,207.153,206.738,206.17,205.445,204.562,203.52,202.317,200.955,199.433,197.751,195.908,193.906,191.744,189.422,186.94,184.298,181.496,178.534,175.412,172.13,168.688,165.086,161.324,157.402,153.321,149.081,144.683,140.129,135.422,130.566,125.566,120.433,115.176,109.811,104.356,98.8323,93.2647,87.6811,82.1116,76.5878,71.1421,65.8068,60.6128,55.5889,50.7613,46.1524,41.7811,37.6616,33.804,30.2142,26.8939,23.841,21.0503,18.5134,16.2196,14.1564,12.3097,10.6646,9.2055,7.91659,6.78215,5.78676,4.91551,4.15412,3.48908,2.90763,2.39787,1.94871,1.54984,1.19172,0.865544,0.563141,0.276959,0
14.4079,207.516,207.421,207.218,206.803,206.235,205.511,204.628,203.585,202.383,201.021,199.498,197.816,195.974,193.972,191.81,189.488,187.006,184.364,181.562,178.6,175.477,172.195,168.753,165.151,161.39,157.468,153.387,149.147,144.749,140.195,135.487,130.63,125.63,120.495,115.236,109.869,104.41,98.8828,93.3104,87.7213,82.1454,76.6147,71.1616,65.8184,60.6162,55.5843,50.7487,46.1323,41.7539,37.6281,33.765,30.1705,26.8464,23.7908,20.9981,18.4601,16.1661,14.1033,12.2578,10.6144,9.15751,7.87117,6.73958,5.74727,4.87926,4.12122,3.45957,2.88154,2.37518,1.92939,1.53386,1.17903,0.856091,0.556879,0.273847,0
17.2895,207.581,207.487,207.284,206.869,206.301,205.577,204.693,203.651,202.448,201.086,199.564,197.882,196.04,194.038,191.875,189.553,187.071,184.429,181.627,178.665,175.543,172.261,168.819,165.217,161.455,157.534,153.453,149.213,144.814,140.26,135.552,130.694,125.693,120.557,115.296,109.926,104.465,98.9334,93.3563,87.7616,82.1794,76.6417,71.1811,65.83,60.6197,55.5796,50.7361,46.1121,41.7267,37.5945,33.7258,30.1266,26.7988,23.7402,20.9456,18.4066,16.1123,14.0501,12.2057,10.5641,9.10937,7.82561,6.69691,5.7077,4.84295,4.08827,3.43003,2.85542,2.35248,1.91008,1.51788,1.16634,0.846641,0.55062,0.270736,0
20.1711,207.647,207.552,207.349,206.934,206.366,205.642,204.759,203.716,202.514,201.152,199.63,197.947,196.105,194.103,191.941,189.619,187.137,184.495,181.693,178.731,175.609,172.327,168.885,165.283,161.521,157.6,153.518,149.278,144.88,140.325,135.617,130.759,125.756,120.619,115.357,109.984,104.52,98.9841,93.4023,87.802,82.2136,76.6689,71.2007,65.8416,60.6232,55.5749,50.7234,46.0918,41.6993,37.5607,33.6864,30.0825,26.7508,23.6894,20.8929,18.3528,16.0583,13.9966,12.1535,10.5136,9.06108,7.77992,6.65413,5.66805,4.80658,4.05527,3.40046,2.82929,2.32978,1.89076,1.5019,1.15366,0.837197,0.544366,0.267628,0
23.0526,207.712,207.618,207.415,207,206.432,205.708,204.825,203.782,202.58,201.217,199.695,198.013,196.171,194.169,192.007,189.685,187.203,184.561,181.759,178.797,175.675,172.393,168.951,165.349,161.587,157.665,153.584,149.344,144.946,140.391,135.682,130.823,125.82,120.681,115.417,110.042,104.574,99.035,93.4484,87.8426,82.2479,76.6961,71.2204,65.8533,60.6267,55.5702,50.7107,46.0714,41.6718,37.5267,33.6468,30.0381,26.7027,23.6384,20.8399,18.2988,16.0041,13.943,12.101,10.4629,9.01264,7.73411,6.61125,5.62832,4.77015,4.02223,3.37086,2.80314,2.30706,1.87144,1.48593,1.14098,0.827757,0.538116,0.264522,0
25.9342,207.778,207.684,207.48,207.065,206.498,205.773,204.89,203.848,202.645,201.283,199.761,198.079,196.237,194.235,192.073,189.751,187.269,184.627,181.825,178.863,175.741,172.459,169.017,165.415,161.653,157.731,153.65,149.41,145.011,140.456,135.747,130.888,125.884,120.743,115.477,110.1,104.629,99.086,93.4947,87.8834,82.2823,76.7235,71.2402,65.8651,60.6303,55.5656,50.6979,46.051,41.6441,37.4926,33.607,29.9936,26.6542,23.5871,20.7867,18.2446,15.9497,13.8891,12.0483,10.412,8.96404,7.68817,6.56826,5.58851,4.73365,3.98915,3.34124,2.77698,2.28434,1.85212,1.46996,1.12831,0.818324,0.53187,0.261418,0
28.8158,207.844,207.749,207.546,207.131,206.563,205.839,204.956,203.913,202.711,201.349,199.827,198.145,196.302,194.3,192.138,189.816,187.334,184.692,181.89,178.928,175.806,172.524,169.082,165.481,161.719,157.797,153.716,149.475,145.077,140.522,135.812,130.952,125.947,120.806,115.538,110.158,104.684,99.1371,93.5411,87.9242,82.3168,76.751,71.2601,65.877,60.6339,55.5609,50.6851,46.0304,41.6163,37.4583,33.567,29.9487,26.6056,23.5356,20.7332,18.19,15.895,13.835,11.9955,10.361,8.91529,7.64211,6.52517,5.54861,4.6971,3.95603,3.31158,2.75081,2.26161,1.8328,1.454,1.11564,0.808897,0.52563,0.258317,0
31.6974,207.909,207.815,207.611,207.196,206.629,205.905,205.022,203.979,202.777,201.415,199.892,198.21,196.368,194.366,192.204,189.882,187.4,184.758,181.956,178.994,175.872,172.59,169.148,165.546,161.785,157.863,153.782,149.541,145.143,140.587,135.877,131.017,126.011,120.868,115.599,110.217,104.74,99.1884,93.5877,87.9652,82.3515,76.7787,71.2801,65.8889,60.6375,55.5562,50.6722,46.0097,41.5884,37.4238,33.5268,29.9037,26.5567,23.4838,20.6795,18.1353,15.84,13.7806,11.9424,10.3097,8.86639,7.59591,6.48198,5.50864,4.66049,3.92287,3.28191,2.72462,2.23888,1.81349,1.43804,1.10298,0.799478,0.519395,0.255219,0
34.5789,207.975,207.881,207.677,207.262,206.694,205.97,205.087,204.045,202.843,201.48,199.958,198.276,196.434,194.432,192.27,189.948,187.466,184.824,182.022,179.06,175.938,172.656,169.214,165.612,161.85,157.929,153.848,149.607,145.208,140.653,135.942,131.081,126.075,120.931,115.659,110.275,104.795,99.2398,93.6344,88.0064,82.3863,76.8064,71.3001,65.9009,60.6412,55.5514,50.6593,45.9889,41.5604,37.3892,33.4864,29.8584,26.5075,23.4317,20.6255,18.0803,15.7849,13.7261,11.8891,10.2583,8.81734,7.54959,6.43869,5.46859,4.62382,3.88967,3.25221,2.69842,2.21615,1.79417,1.42209,1.09033,0.790067,0.513166,0.252125,0
37.4605,208.041,207.947,207.743,207.328,206.76,206.036,205.153,204.111,202.908,201.546,200.024,198.342,196.5,194.498,192.336,190.014,187.532,184.89,182.088,179.126,176.004,172.722,169.28,165.678,161.916,157.995,153.913,149.673,145.274,140.718,136.008,131.146,126.138,120.993,115.72,110.334,104.85,99.2913,93.6812,88.0477,82.4212,76.8343,71.3203,65.913,60.6449,55.5467,50.6463,45.9681,41.5322,37.3543,33.4457,29.8129,26.4581,23.3794,20.5713,18.025,15.7295,13.6713,11.8357,10.2068,8.76813,7.50315,6.3953,5.42846,4.5871,3.85643,3.22249,2.6722,2.19342,1.77487,1.40615,1.07769,0.780664,0.506944,0.249034,0
40.3421,208.106,208.012,207.808,207.393,206.826,206.102,205.219,204.176,202.974,201.612,200.09,198.408,196.566,194.564,192.402,190.08,187.598,184.956,182.154,179.192,176.07,172.788,169.346,165.744,161.982,158.061,153.979,149.739,145.34,140.784,136.073,131.211,126.202,121.056,115.781,110.392,104.906,99.343,93.7282,88.0891,82.4563,76.8623,71.3406,65.9251,60.6486,55.542,50.6333,45.9471,41.5038,37.3193,33.4049,29.7672,26.4085,23.3268,20.5167,17.9695,15.6738,13.6163,11.782,10.155,8.71877,7.45657,6.3518,5.38825,4.55032,3.82315,3.19274,2.64598,2.17068,1.75557,1.39022,1.06506,0.771271,0.500729,0.245946,0
43.2237,208.172,208.078,207.874,207.459,206.892,206.168,205.285,204.242,203.04,201.678,200.156,198.474,196.632,194.63,192.468,190.146,187.664,185.022,182.22,179.258,176.136,172.854,169.412,165.81,162.048,158.127,154.045,149.805,145.406,140.849,136.138,131.275,126.266,121.118,115.842,110.451,104.961,99.3948,93.7753,88.1307,82.4915,76.8904,71.361,65.9374,60.6524,55.5373,50.6202,45.9261,41.4753,37.2841,33.3638,29.7212,26.3586,23.274,20.462,17.9137,15.6179,13.561,11.7281,10.1031,8.66926,7.40987,6.3082,5.34797,4.51348,3.78984,3.16298,2.61975,2.14795,1.73627,1.3743,1.05244,0.761887,0.494521,0.242863,0
46.1053,208.238,208.144,207.94,207.525,206.957,206.233,205.35,204.308,203.106,201.743,200.221,198.539,196.697,194.695,192.533,190.211,187.73,185.088,182.286,179.324,176.202,172.92,169.478,165.876,162.114,158.193,154.111,149.871,145.471,140.915,136.203,131.34,126.33,121.181,115.903,110.51,105.017,99.4467,93.8226,88.1725,82.5269,76.9186,71.3815,65.9496,60.6562,55.5325,50.6071,45.9049,41.4467,37.2488,33.3226,29.675,26.3084,23.2209,20.4069,17.8577,15.5618,13.5056,11.674,10.0509,8.61959,7.36305,6.26451,5.30761,4.47659,3.75649,3.1332,2.59352,2.12522,1.71699,1.35839,1.03983,0.752514,0.488321,0.239783,0
48.9868,208.303,208.21,208.005,207.59,207.023,206.299,205.416,204.374,203.171,201.809,200.287,198.605,196.763,194.761,192.599,190.277,187.795,185.154,182.352,179.39,176.268,172.986,169.544,165.942,162.18,158.259,154.177,149.937,145.537,140.981,136.269,131.405,126.394,121.244,115.964,110.568,105.073,99.4988,93.87,88.2143,82.5624,76.947,71.4021,65.962,60.66,55.5278,50.5939,45.8837,41.418,37.2132,33.2811,29.6286,26.258,23.1675,20.3516,17.8014,15.5054,13.4499,11.6197,9.99863,8.56977,7.31609,6.22071,5.26717,4.43965,3.72311,3.10339,2.56728,2.1025,1.69771,1.34249,1.02724,0.743153,0.482129,0.236708,0
51.8684,208.369,208.276,208.071,207.656,207.089,206.365,205.482,204.44,203.237,201.875,200.353,198.671,196.829,194.827,192.665,190.343,187.861,185.219,182.418,179.456,176.334,173.052,169.61,166.008,162.246,158.325,154.243,150.003,145.603,141.046,136.334,131.47,126.458,121.307,116.026,110.627,105.129,99.551,93.9176,88.2564,82.5981,76.9755,71.4228,65.9744,60.6639,55.523,50.5807,45.8623,41.3891,37.1775,33.2394,29.5819,26.2073,23.1139,20.296,17.7448,15.4487,13.3939,11.5652,9.94615,8.5198,7.26901,6.17682,5.22667,4.40266,3.6897,3.07358,2.54103,2.07977,1.67845,1.3266,1.01466,0.733804,0.475946,0.233638,0
54.75,208.435,208.342,208.137,207.722,207.155,206.431,205.548,204.505,203.303,201.941,200.419,198.737,196.895,194.893,192.731,190.409,187.927,185.285,182.484,179.522,176.4,173.118,169.676,166.074,162.312,158.391,154.309,150.069,145.669,141.112,136.4,131.535,126.523,121.37,116.087,110.687,105.185,99.6034,93.9653,88.2985,82.6339,77.0041,71.4437,65.987,60.6678,55.5183,50.5674,45.8409,41.36,37.1416,33.1975,29.5349,26.1563,23.06,20.2401,17.688,15.3918,13.3378,11.5105,9.89348,8.46967,7.22181,6.13282,5.18609,4.36562,3.65626,3.04375,2.51479,2.05706,1.65919,1.31074,1.00209,0.724467,0.469773,0.230573,0
57.6316,208.501,208.407,208.202,207.788,207.22,206.497,205.614,204.571,203.369,202.007,200.485,198.803,196.961,194.959,192.797,190.475,187.993,185.351,182.55,179.588,176.466,173.184,169.742,166.14,162.378,158.457,154.375,150.135,145.735,141.178,136.465,131.6,126.587,121.433,116.148,110.746,105.241,99.6559,94.0131,88.3409,82.6698,77.0329,71.4646,65.9996,60.6718,55.5135,50.5541,45.8193,41.3308,37.1055,33.1554,29.4877,26.1051,23.0058,20.184,17.6309,15.3346,13.2814,11.4556,9.84063,8.41938,7.17448,6.08873,5.14543,4.32853,3.62278,3.0139,2.48854,2.03435,1.63995,1.29488,0.989544,0.715145,0.46361,0.227513,0
60.5132,208.567,208.473,208.268,207.854,207.286,206.562,205.68,204.637,203.435,202.073,200.551,198.869,197.027,195.025,192.863,190.541,188.059,185.417,182.616,179.654,176.532,173.25,169.808,166.206,162.445,158.523,154.441,150.201,145.801,141.244,136.531,131.665,126.651,121.496,116.21,110.805,105.298,99.7085,94.0611,88.3834,82.7059,77.0618,71.4856,66.0122,60.6758,55.5088,50.5407,45.7977,41.3015,37.0692,33.113,29.4403,26.0536,22.9513,20.1276,17.5735,15.2772,13.2247,11.4004,9.78759,8.36895,7.12702,6.04454,5.10471,4.29139,3.58928,2.98404,2.46229,2.01166,1.62073,1.27904,0.977011,0.705836,0.457457,0.224458,0
63.3947,208.633,208.539,208.334,207.919,207.352,206.628,205.746,204.703,203.501,202.139,200.617,198.935,197.093,195.091,192.929,190.607,188.125,185.484,182.682,179.72,176.598,173.316,169.874,166.272,162.511,158.589,154.508,150.267,145.867,141.31,136.596,131.73,126.715,121.56,116.272,110.864,105.354,99.7613,94.1093,88.426,82.7421,77.0909,71.5068,66.025,60.6799,55.504,50.5273,45.776,41.272,37.0327,33.0705,29.3926,26.0019,22.8965,20.0709,17.5158,15.2195,13.1679,11.3451,9.73438,8.31835,7.07944,6.00026,5.06391,4.2542,3.55576,2.95418,2.43605,1.98897,1.60152,1.26323,0.964496,0.696543,0.451315,0.221409,0
66.2763,208.699,208.605,208.4,207.985,207.418,206.694,205.811,204.769,203.567,202.205,200.683,199.001,197.159,195.157,192.995,190.673,188.191,185.55,182.748,179.786,176.664,173.382,169.94,166.339,162.577,158.655,154.574,150.333,145.933,141.375,136.662,131.795,126.78,121.623,116.333,110.924,105.411,99.8142,94.1576,88.4688,82.7785,77.1201,71.5281,66.0379,60.684,55.4992,50.5138,45.7541,41.2424,36.9961,33.0277,29.3447,25.9499,22.8415,20.0139,17.4579,15.1616,13.1107,11.2895,9.68097,8.2676,7.03173,5.95588,5.02305,4.21697,3.5222,2.9243,2.40981,1.96629,1.58233,1.24743,0.951999,0.687266,0.445184,0.218366,0
69.1579,208.764,208.671,208.466,208.051,207.484,206.76,205.877,204.835,203.633,202.271,200.749,199.067,197.225,195.223,193.061,190.739,188.258,185.616,182.814,179.852,176.73,173.448,170.007,166.405,162.643,158.721,154.64,150.399,145.999,141.441,136.727,131.86,126.844,121.686,116.395,110.984,105.468,99.8672,94.206,88.5117,82.8151,77.1494,71.5495,66.0508,60.6881,55.4945,50.5003,45.7322,41.2126,36.9592,32.9846,29.2965,25.8975,22.7862,19.9566,17.3997,15.1034,13.0534,11.2337,9.62738,8.2167,6.9839,5.9114,4.98212,4.17969,3.48862,2.89441,2.38357,1.94363,1.56315,1.23165,0.939522,0.678006,0.439066,0.215329,0
72.0395,208.83,208.737,208.532,208.117,207.55,206.826,205.943,204.901,203.699,202.337,200.815,199.133,197.291,195.289,193.127,190.805,188.324,185.682,182.88,179.918,176.796,173.514,170.073,166.471,162.709,158.787,154.706,150.465,146.065,141.507,136.793,131.925,126.909,121.75,116.457,111.043,105.525,99.9204,94.2547,88.5549,82.8518,77.1788,71.571,66.0638,60.6923,55.4897,50.4867,45.7102,41.1827,36.9222,32.9414,29.248,25.845,22.7306,19.8991,17.3412,15.0449,12.9958,11.1777,9.57361,8.16564,6.93595,5.86683,4.94112,4.14237,3.45502,2.86452,2.35734,1.92099,1.544,1.21589,0.927067,0.668763,0.43296,0.212299,0
74.9211,208.896,208.803,208.597,208.183,207.616,206.892,206.009,204.967,203.765,202.403,200.881,199.199,197.357,195.355,193.193,190.872,188.39,185.748,182.946,179.984,176.862,173.581,170.139,166.537,162.775,158.854,154.772,150.531,146.131,141.573,136.859,131.991,126.973,121.813,116.519,111.103,105.582,99.9737,94.3034,88.5981,82.8887,77.2085,71.5926,66.0769,60.6965,55.485,50.4731,45.688,41.1526,36.8849,32.8979,29.1993,25.7921,22.6747,19.8412,17.2825,14.9862,12.938,11.1215,9.51964,8.11443,6.88787,5.82216,4.90005,4.105,3.4214,2.83463,2.33112,1.89836,1.52487,1.20016,0.914633,0.659539,0.426868,0.209276,0
77.8026,208.962,208.869,208.663,208.249,207.682,206.958,206.075,205.033,203.831,202.469,200.947,199.265,197.423,195.421,193.26,190.938,188.456,185.814,183.012,180.05,176.929,173.647,170.205,166.603,162.842,158.92,154.838,150.597,146.197,141.639,136.924,132.056,127.038,121.877,116.581,111.163,105.639,100.027,94.3523,88.6415,82.9257,77.2382,71.6144,66.0901,60.7008,55.4802,50.4594,45.6658,41.1224,36.8475,32.8542,29.1503,25.739,22.6185,19.7831,17.2234,14.9272,12.8799,11.0651,9.46549,8.06306,6.83966,5.77741,4.85892,4.0676,3.38776,2.80473,2.3049,1.87575,1.50576,1.18445,0.902222,0.650333,0.420789,0.20626,0
80.6842,209.028,208.935,208.729,208.315,207.748,207.024,206.141,205.099,203.897,202.535,201.013,199.331,197.489,195.487,193.326,191.004,188.522,185.88,183.078,180.117,176.995,173.713,170.271,166.67,162.908,158.986,154.905,150.664,146.263,141.705,136.99,132.121,127.103,121.94,116.643,111.223,105.696,100.081,94.4014,88.6851,82.9628,77.2681,71.6363,66.1034,60.7051,55.4755,50.4457,45.6435,41.0921,36.8099,32.8102,29.1011,25.6855,22.562,19.7246,17.1641,14.8679,12.8215,11.0084,9.41115,8.01153,6.79134,5.73255,4.81772,4.03016,3.3541,2.77483,2.2787,1.85316,1.48668,1.16877,0.889836,0.641149,0.414725,0.203251,0
83.5658,209.094,209.001,208.795,208.381,207.814,207.09,206.208,205.165,203.963,202.601,201.079,199.397,197.555,195.554,193.392,191.07,188.588,185.946,183.145,180.183,177.061,173.779,170.338,166.736,162.974,159.052,154.971,150.73,146.33,141.771,137.056,132.187,127.168,122.004,116.706,111.283,105.753,100.135,94.4506,88.7289,83.0002,77.2981,71.6583,66.1168,60.7095,55.4707,50.4319,45.621,41.0615,36.7721,32.766,29.0515,25.6318,22.5052,19.6659,17.1044,14.8084,12.7629,10.9516,9.35663,7.95985,6.74289,5.68761,4.77646,3.99268,3.32043,2.74493,2.25252,1.83059,1.46762,1.15311,0.877475,0.631985,0.408675,0.20025,0
86.4474,209.16,209.068,208.861,208.447,207.88,207.156,206.274,205.231,204.029,202.667,201.145,199.463,197.622,195.62,193.458,191.136,188.654,186.013,183.211,180.249,177.127,173.846,170.404,166.802,163.04,159.119,155.037,150.796,146.396,141.837,137.122,132.252,127.232,122.068,116.768,111.344,105.811,100.188,94.5,88.7728,83.0377,77.3283,71.6804,66.1303,60.714,55.466,50.4181,45.5985,41.0309,36.734,32.7216,29.0018,25.5778,22.4481,19.6068,17.0445,14.7486,12.7041,10.8945,9.30191,7.90802,6.69431,5.64258,4.73514,3.95516,3.28673,2.71504,2.22634,1.80804,1.44859,1.13748,0.86514,0.622843,0.402641,0.197258,0
89.3289,209.226,209.134,208.927,208.513,207.946,207.222,206.34,205.297,204.095,202.733,201.212,199.53,197.688,195.686,193.524,191.202,188.721,186.079,183.277,180.315,177.194,173.912,170.47,166.868,163.107,159.185,155.103,150.862,146.462,141.903,137.188,132.318,127.297,122.132,116.83,111.404,105.869,100.243,94.5496,88.8169,83.0753,77.3587,71.7027,66.1438,60.7185,55.4613,50.4043,45.5759,41.0001,36.6958,32.6769,28.9517,25.5235,22.3907,19.5475,16.9843,14.6885,12.645,10.8372,9.247,7.85602,6.64562,5.59745,4.69376,3.91761,3.25303,2.68514,2.20019,1.78552,1.42959,1.12189,0.852833,0.613723,0.396623,0.194273,0
92.2105,209.293,209.2,208.993,208.579,208.012,207.288,206.406,205.364,204.162,202.8,201.278,199.596,197.754,195.752,193.59,191.269,188.787,186.145,183.343,180.382,177.26,173.978,170.536,166.935,163.173,159.251,155.17,150.929,146.528,141.97,137.254,132.383,127.362,122.196,116.893,111.465,105.926,100.297,94.5993,88.8611,83.1132,77.3892,71.7251,66.1575,60.723,55.4565,50.3904,45.5531,40.9691,36.6574,32.632,28.9014,25.4689,22.333,19.4878,16.9238,14.6281,12.5857,10.7796,9.1919,7.80387,6.5968,5.55224,4.65232,3.88002,3.21931,2.65526,2.17405,1.76302,1.41062,1.10632,0.840554,0.604628,0.390622,0.191297,0
95.0921,209.359,209.266,209.059,208.645,208.078,207.355,206.472,205.43,204.228,202.866,201.344,199.662,197.82,195.818,193.657,191.335,188.853,186.211,183.41,180.448,177.326,174.044,170.603,167.001,163.239,159.318,155.236,150.995,146.595,142.036,137.32,132.449,127.427,122.26,116.956,111.525,105.984,100.351,94.6491,88.9055,83.1512,77.4199,71.7476,66.1713,60.7276,55.4518,50.3764,45.5303,40.938,36.6188,32.5868,28.8508,25.414,22.275,19.4279,16.863,14.5675,12.5261,10.7219,9.13661,7.75157,6.54786,5.50694,4.61082,3.8424,3.18559,2.62538,2.14793,1.74056,1.39169,1.09079,0.828306,0.595557,0.384639,0.18833,0
97.9737,209.425,209.332,209.125,208.711,208.144,207.421,206.538,205.496,204.294,202.932,201.41,199.728,197.886,195.885,193.723,191.401,188.919,186.278,183.476,180.514,177.392,174.111,170.669,167.067,163.306,159.384,155.303,151.061,146.661,142.102,137.386,132.515,127.492,122.324,117.018,111.586,106.042,100.406,94.6992,88.9501,83.1893,77.4507,71.7703,66.1852,60.7323,55.4471,50.3624,45.5074,40.9067,36.5799,32.5414,28.7999,25.3588,22.2167,19.3676,16.8018,14.5065,12.4662,10.6639,9.08113,7.6991,6.4988,5.46154,4.56926,3.80476,3.15185,2.5955,2.12183,1.71812,1.37278,1.07529,0.816089,0.586512,0.378673,0.185372,0
100.855,209.491,209.398,209.191,208.777,208.21,207.487,206.604,205.562,204.36,202.998,201.476,199.795,197.953,195.951,193.789,191.467,188.986,186.344,183.542,180.581,177.459,174.177,170.735,167.134,163.372,159.45,155.369,151.128,146.727,142.168,137.452,132.58,127.557,122.388,117.081,111.647,106.1,100.46,94.7493,88.9949,83.2276,77.4816,71.7931,66.1992,60.7371,55.4424,50.3484,45.4843,40.8752,36.5409,32.4958,28.7487,25.3033,22.158,19.307,16.7404,14.4453,12.4061,10.6057,9.02546,7.64649,6.44962,5.41607,4.52765,3.76708,3.11811,2.56564,2.09576,1.69572,1.35392,1.05983,0.803904,0.577493,0.372726,0.182424,0
103.737,209.557,209.465,209.257,208.843,208.277,207.553,206.671,205.628,204.426,203.064,201.543,199.861,198.019,196.017,193.855,191.534,189.052,186.41,183.609,180.647,177.525,174.243,170.802,167.2,163.438,159.517,155.435,151.194,146.794,142.234,137.518,132.646,127.622,122.452,117.144,111.708,106.159,100.515,94.7997,89.0398,83.2661,77.5128,71.816,66.2133,60.7419,55.4377,50.3343,45.4612,40.8436,36.5016,32.4498,28.6972,25.2475,22.0991,19.2461,16.6787,14.3838,12.3458,10.5472,8.96959,7.59371,6.40032,5.3705,4.48598,3.72937,3.08436,2.5358,2.06971,1.67335,1.33509,1.0444,0.791753,0.568502,0.366799,0.179486,0
106.618,209.623,209.531,209.323,208.909,208.343,207.619,206.737,205.695,204.493,203.131,201.609,199.927,198.085,196.084,193.922,191.6,189.118,186.477,183.675,180.713,177.592,174.31,170.868,167.267,163.505,159.583,155.502,151.261,146.86,142.301,137.584,132.712,127.687,122.517,117.207,111.769,106.217,100.57,94.8502,89.0849,83.3048,77.5441,71.8391,66.2274,60.7467,55.4331,50.3202,45.438,40.8119,36.4622,32.4037,28.6455,25.1913,22.0398,19.1849,16.6167,14.322,12.2851,10.4885,8.91353,7.54078,6.3509,5.32486,4.44426,3.69164,3.05062,2.50597,2.04369,1.65101,1.3163,1.02901,0.779637,0.559539,0.360891,0.176559,0
109.5,209.689,209.597,209.39,208.975,208.409,207.686,206.803,205.761,204.559,203.197,201.675,199.993,198.152,196.15,193.988,191.666,189.185,186.543,183.741,180.78,177.658,174.376,170.935,167.333,163.571,159.65,155.568,151.327,146.926,142.367,137.65,132.777,127.753,122.581,117.27,111.83,106.276,100.625,94.9009,89.1302,83.3437,77.5755,71.8623,66.2418,60.7516,55.4284,50.306,45.4146,40.7799,36.4225,32.3573,28.5935,25.1349,21.9802,19.1233,16.5543,14.2599,12.2242,10.4296,8.85728,7.48769,6.30136,5.27913,4.40249,3.65389,3.01687,2.47615,2.0177,1.62872,1.29755,1.01367,0.767557,0.550606,0.355004,0.173642,0
112.382,209.756,209.663,209.456,209.042,208.475,207.752,206.869,205.827,204.625,203.263,201.741,200.06,198.218,196.216,194.055,191.733,189.251,186.609,183.808,180.846,177.724,174.443,171.001,167.399,163.638,159.716,155.635,151.393,146.993,142.433,137.716,132.843,127.818,122.645,117.333,111.891,106.334,100.68,94.9517,89.1756,83.3827,77.6072,71.8857,66.2562,60.7566,55.4238,50.2918,45.3912,40.7479,36.3826,32.3106,28.5411,25.0781,21.9202,19.0614,16.4916,14.1975,12.1631,10.3705,8.80083,7.43445,6.25171,5.23331,4.36066,3.61611,2.98312,2.44635,1.99175,1.60646,1.27884,0.998363,0.755515,0.541703,0.349139,0.170735,0
115.263,209.822,209.73,209.522,209.108,208.541,207.818,206.936,205.893,204.691,203.33,201.808,200.126,198.284,196.283,194.121,191.799,189.318,186.676,183.874,180.913,177.791,174.509,171.068,167.466,163.704,159.783,155.701,151.46,147.059,142.5,137.782,132.909,127.883,122.71,117.396,111.953,106.393,100.736,95.0027,89.2212,83.4219,77.639,71.9092,66.2707,60.7617,55.4192,50.2775,45.3676,40.7156,36.3425,32.2636,28.4885,25.0211,21.86,18.9992,16.4286,14.1348,12.1016,10.3111,8.74418,7.38105,6.20193,5.18742,4.31879,3.57831,2.94937,2.41658,1.96582,1.58424,1.26018,0.983102,0.743512,0.532832,0.343296,0.167841,0
118.145,209.888,209.796,209.588,209.174,208.608,207.884,207.002,205.96,204.758,203.396,201.874,200.192,198.351,196.349,194.187,191.866,189.384,186.742,183.941,180.979,177.857,174.576,171.134,167.532,163.771,159.849,155.768,151.526,147.126,142.566,137.849,132.975,127.949,122.775,117.46,112.014,106.452,100.791,95.0539,89.267,83.4613,77.6709,71.9329,66.2854,60.7668,55.4146,50.2632,45.344,40.6832,36.3022,32.2164,28.4356,24.9637,21.7994,18.9367,16.3653,14.0718,12.0399,10.2515,8.68734,7.32749,6.15204,5.14144,4.27687,3.5405,2.91563,2.38683,1.93994,1.56207,1.24156,0.967886,0.731549,0.523993,0.337475,0.164958,0
121.026,209.954,209.863,209.654,209.24,208.674,207.951,207.068,206.026,204.824,203.462,201.941,200.259,198.417,196.415,194.254,191.932,189.45,186.809,184.007,181.045,177.924,174.642,171.201,167.599,163.837,159.916,155.834,151.593,147.192,142.632,137.915,133.041,128.014,122.839,117.523,112.076,106.511,100.847,95.1052,89.313,83.5008,77.7031,71.9567,66.3001,60.7721,55.41,50.2489,45.3202,40.6507,36.2617,32.169,28.3823,24.9059,21.7384,18.8738,16.3017,14.0085,11.9779,10.1917,8.6303,7.27378,6.10203,5.09538,4.23491,3.50266,2.88189,2.3571,1.91409,1.53994,1.223,0.952716,0.719627,0.515188,0.331678,0.162086,0
123.908,210.021,209.929,209.72,209.307,208.74,208.017,207.135,206.092,204.891,203.529,202.007,200.325,198.484,196.482,194.32,191.999,189.517,186.875,184.074,181.112,177.99,174.709,171.267,167.665,163.904,159.982,155.901,151.66,147.259,142.699,137.981,133.107,128.08,122.904,117.586,112.137,106.57,100.903,95.1568,89.3592,83.5406,77.7354,71.9807,66.315,60.7773,55.4054,50.2345,45.2964,40.6179,36.2209,32.1212,28.3288,24.8479,21.6772,18.8106,16.2377,13.9449,11.9157,10.1316,8.57306,7.2199,6.0519,5.04925,4.19289,3.46481,2.84817,2.3274,1.88828,1.51786,1.20448,0.937595,0.707749,0.506417,0.325905,0.159228,0
126.789,210.087,209.995,209.787,209.373,208.807,208.083,207.201,206.159,204.957,203.595,202.073,200.392,198.55,196.548,194.387,192.065,189.583,186.942,184.14,181.179,178.057,174.775,171.334,167.732,163.97,160.049,155.967,151.726,147.325,142.765,138.047,133.173,128.145,122.969,117.65,112.199,106.629,100.959,95.2084,89.4055,83.5805,77.7679,72.0048,66.33,60.7827,55.4009,50.2201,45.2724,40.585,36.18,32.0732,28.275,24.7895,21.6155,18.747,16.1735,13.881,11.8532,10.0713,8.51563,7.16588,6.00166,5.00304,4.15084,3.42695,2.81445,2.29773,1.86251,1.49583,1.18601,0.922524,0.695915,0.497683,0.320157,0.156382,0
129.671,210.153,210.062,209.853,209.439,208.873,208.15,207.267,206.225,205.023,203.662,202.14,200.458,198.616,196.615,194.453,192.132,189.65,187.008,184.207,181.245,178.123,174.842,171.4,167.799,164.037,160.116,156.034,151.793,147.392,142.832,138.114,133.239,128.211,123.033,117.714,112.261,106.689,101.015,95.2603,89.452,83.6206,77.8006,72.0291,66.3451,60.7881,55.3963,50.2057,45.2483,40.552,36.1387,32.0249,28.2208,24.7308,21.5536,18.6831,16.1088,13.8168,11.7904,10.0107,8.458,7.1117,5.9513,4.95675,4.10875,3.38908,2.78075,2.26809,1.83678,1.47386,1.1676,0.907505,0.684126,0.488985,0.314435,0.153549,0
132.553,210.22,210.128,209.919,209.506,208.939,208.216,207.334,206.292,205.09,203.728,202.206,200.525,198.683,196.681,194.52,192.198,189.716,187.075,184.273,181.312,178.19,174.908,171.467,167.865,164.104,160.182,156.101,151.859,147.458,142.898,138.18,133.305,128.277,123.098,117.777,112.323,106.748,101.071,95.3123,89.4987,83.661,77.8334,72.0535,66.3604,60.7937,55.3918,50.1912,45.2242,40.5188,36.0973,31.9764,28.1664,24.6717,21.4912,18.6188,16.0439,13.7523,11.7273,9.94992,8.40017,7.05736,5.90083,4.91038,4.06661,3.3512,2.74707,2.23849,1.81111,1.45193,1.14925,0.892539,0.672385,0.480325,0.30874,0.15073,0
135.434,210.286,210.195,209.986,209.572,209.006,208.283,207.4,206.358,205.156,203.795,202.273,200.591,198.749,196.748,194.586,192.265,189.783,187.141,184.34,181.378,178.257,174.975,171.533,167.932,164.17,160.249,156.167,151.926,147.525,142.965,138.247,133.371,128.342,123.163,117.841,112.385,106.808,101.127,95.3645,89.5456,83.7014,77.8664,72.0781,66.3758,60.7993,55.3874,50.1766,45.1999,40.4854,36.0557,31.9275,28.1116,24.6123,21.4286,18.5542,15.9786,13.6875,11.6639,9.88888,8.34213,7.00286,5.85025,4.86395,4.02444,3.31331,2.7134,2.20892,1.78548,1.43006,1.13095,0.877629,0.660693,0.471704,0.303071,0.147925,0
138.316,210.353,210.261,210.052,209.638,209.072,208.349,207.467,206.425,205.223,203.861,202.339,200.658,198.816,196.814,194.653,192.331,189.85,187.208,184.406,181.445,178.323,175.042,171.6,167.999,164.237,160.315,156.234,151.993,147.592,143.032,138.313,133.438,128.408,123.228,117.905,112.447,106.868,101.184,95.4169,89.5927,83.7421,77.8997,72.1029,66.3913,60.805,55.3829,50.1621,45.1755,40.4518,36.0138,31.8784,28.0565,24.5525,21.3655,18.4892,15.9129,13.6223,11.6003,9.8276,8.2839,6.94821,5.79955,4.81744,3.98224,3.27542,2.67975,2.17939,1.75991,1.40826,1.11271,0.862776,0.649051,0.463124,0.297431,0.145134,0
141.197,210.419,210.328,210.118,209.705,209.139,208.415,207.533,206.491,205.289,203.928,202.406,200.724,198.883,196.881,194.719,192.398,189.916,187.275,184.473,181.511,178.39,175.108,171.667,168.065,164.304,160.382,156.301,152.059,147.658,143.098,138.38,133.504,128.474,123.293,117.969,112.51,106.928,101.241,95.4694,89.64,83.783,77.9331,72.1278,66.407,60.8107,55.3785,50.1475,45.1511,40.4181,35.9717,31.829,28.001,24.4924,21.3021,18.4239,15.8469,13.5569,11.5363,9.76607,8.22547,6.8934,5.74874,4.77086,3.93999,3.23752,2.64612,2.1499,1.73438,1.38651,1.09454,0.847982,0.637461,0.454584,0.291819,0.142358,0
144.079,210.486,210.394,210.185,209.771,209.205,208.482,207.6,206.558,205.356,203.994,202.472,200.791,198.949,196.948,194.786,192.464,189.983,187.341,184.54,181.578,178.457,175.175,171.733,168.132,164.37,160.449,156.367,152.126,147.725,143.165,138.446,133.57,128.54,123.359,118.033,112.572,106.988,101.298,95.5221,89.6875,83.8241,77.9667,72.153,66.4228,60.8166,55.3741,50.1328,45.1265,40.3842,35.9293,31.7793,27.9453,24.432,21.2384,18.3582,15.7806,13.4911,11.4721,9.70429,8.16683,6.83844,5.69782,4.72421,3.89772,3.19962,2.61252,2.12046,1.70892,1.36482,1.07643,0.833248,0.625924,0.446088,0.286237,0.139596,0
146.961,210.552,210.461,210.251,209.838,209.272,208.548,207.666,206.624,205.422,204.061,202.539,200.857,199.016,197.014,194.853,192.531,190.049,187.408,184.606,181.645,178.523,175.242,171.8,168.199,164.437,160.516,156.434,152.193,147.792,143.231,138.513,133.636,128.606,123.424,118.097,112.635,107.048,101.355,95.575,89.7351,83.8654,78.0005,72.1782,66.4387,60.8225,55.3698,50.1182,45.1018,40.3501,35.8867,31.7294,27.8892,24.3711,21.1742,18.2921,15.7139,13.4249,11.4076,9.64226,8.108,6.78332,5.6468,4.6775,3.85542,3.16172,2.57894,2.09106,1.68351,1.3432,1.05838,0.818577,0.614441,0.437635,0.280685,0.136851,0
149.842,210.619,210.527,210.317,209.904,209.338,208.615,207.733,206.691,205.489,204.127,202.606,200.924,199.082,197.081,194.919,192.598,190.116,187.475,184.673,181.711,178.59,175.308,171.867,168.265,164.504,160.582,156.501,152.26,147.859,143.298,138.579,133.703,128.672,123.489,118.161,112.697,107.109,101.412,95.6281,89.783,83.9069,78.0345,72.2037,66.4548,60.8286,55.3655,50.1035,45.077,40.3158,35.8439,31.6791,27.8328,24.31,21.1097,18.2257,15.6469,13.3585,11.3428,9.57999,8.04896,6.72805,5.59566,4.63071,3.81308,3.12383,2.5454,2.06171,1.65817,1.32165,1.04041,0.803971,0.603015,0.429227,0.275164,0.134121,0
152.724,210.685,210.594,210.384,209.97,209.405,208.682,207.799,206.757,205.556,204.194,202.672,200.991,199.149,197.147,194.986,192.664,190.183,187.541,184.74,181.778,178.657,175.375,171.934,168.332,164.571,160.649,156.568,152.326,147.925,143.365,138.646,133.769,128.738,123.554,118.226,112.76,107.169,101.469,95.6813,89.831,83.9486,78.0686,72.2293,66.471,60.8347,55.3612,50.0887,45.0521,40.2814,35.8008,31.6285,27.776,24.2484,21.0448,18.1589,15.5795,13.2917,11.2777,9.51747,7.98971,6.67262,5.54441,4.58387,3.77073,3.08594,2.51189,2.03241,1.63289,1.30017,1.0225,0.789431,0.591647,0.420865,0.269675,0.131407,0
155.605,210.752,210.66,210.45,210.037,209.471,208.748,207.866,206.824,205.622,204.26,202.739,201.057,199.216,197.214,195.053,192.731,190.249,187.608,184.806,181.845,178.723,175.442,172,168.399,164.637,160.716,156.634,152.393,147.992,143.432,138.712,133.836,128.804,123.62,118.29,112.823,107.23,101.527,95.7348,89.8792,83.9904,78.103,72.2552,66.4873,60.841,55.357,50.074,45.0271,40.2468,35.7575,31.5777,27.7189,24.1865,20.9795,18.0917,15.5117,13.2246,11.2123,9.45469,7.93027,6.61704,5.49306,4.53696,3.72834,3.04807,2.47841,2.00316,1.60767,1.27876,1.00467,0.774959,0.580338,0.412551,0.264219,0.128711,0
158.487,210.818,210.727,210.517,210.103,209.538,208.815,207.932,206.891,205.689,204.327,202.805,201.124,199.282,197.281,195.119,192.798,190.316,187.675,184.873,181.912,178.79,175.509,172.067,168.466,164.704,160.783,156.701,152.46,148.059,143.498,138.779,133.902,128.87,123.685,118.355,112.886,107.29,101.584,95.7884,89.9277,84.0325,78.1376,72.2812,66.5038,60.8473,55.3528,50.0592,45.002,40.212,35.714,31.5265,27.6615,24.1242,20.9139,18.0241,15.4436,13.1571,11.1466,9.39166,7.87062,6.5613,5.4416,4.48998,3.68594,3.0102,2.44497,1.97398,1.58252,1.25742,0.986914,0.760558,0.569091,0.404285,0.258797,0.126031,0
161.368,210.885,210.794,210.583,210.17,209.604,208.881,207.999,206.957,205.755,204.394,202.872,201.191,199.349,197.347,195.186,192.864,190.383,187.741,184.94,181.978,178.857,175.575,172.134,168.533,164.771,160.85,156.768,152.527,148.126,143.565,138.846,133.969,128.936,123.751,118.419,112.949,107.351,101.642,95.8422,89.9763,84.0748,78.1724,72.3073,66.5205,60.8538,55.3486,50.0444,44.9768,40.1771,35.6702,31.475,27.6037,24.0615,20.8478,17.9561,15.375,13.0893,11.0806,9.32837,7.81076,6.50541,5.39003,4.44295,3.64351,2.97235,2.41157,1.94485,1.55745,1.23617,0.969235,0.746229,0.557906,0.396069,0.253409,0.123369,0
164.25,210.951,210.86,210.65,210.237,209.671,208.948,208.066,207.024,205.822,204.46,202.939,201.257,199.416,197.414,195.253,192.931,190.45,187.808,185.007,182.045,178.924,175.642,172.201,168.599,164.838,160.916,156.835,152.594,148.193,143.632,138.912,134.035,129.002,123.816,118.484,113.012,107.412,101.7,95.8961,90.0251,84.1173,78.2074,72.3337,66.5373,60.8603,55.3445,50.0295,44.9515,40.1419,35.6262,31.4233,27.5455,23.9985,20.7814,17.8877,15.3062,13.0212,11.0143,9.26483,7.7507,6.44936,5.33836,4.39586,3.60107,2.93451,2.37821,1.91578,1.53245,1.21499,0.951636,0.731974,0.546786,0.387904,0.248057,0.120725,0
167.132,211.018,210.927,210.716,210.303,209.738,209.015,208.132,207.091,205.889,204.527,203.006,201.324,199.482,197.481,195.319,192.998,190.516,187.875,185.074,182.112,178.991,175.709,172.268,168.666,164.905,160.983,156.902,152.661,148.259,143.699,138.979,134.102,129.068,123.882,118.548,113.075,107.473,101.758,95.9503,90.0742,84.1601,78.2426,72.3603,66.5543,60.867,55.3404,50.0146,44.9261,40.1066,35.5819,31.3712,27.487,23.935,20.7145,17.819,15.2369,12.9527,10.9477,9.20104,7.69044,6.39317,5.28659,4.34871,3.55861,2.89669,2.34489,1.88678,1.50753,1.19389,0.934118,0.717795,0.535731,0.379791,0.24274,0.118099,0
170.013,211.085,210.994,210.783,210.37,209.804,209.081,208.199,207.157,205.955,204.594,203.072,201.391,199.549,197.548,195.386,193.065,190.583,187.942,185.14,182.179,179.057,175.776,172.335,168.733,164.972,161.05,156.969,152.728,148.326,143.766,139.046,134.168,129.135,123.948,118.613,113.138,107.534,101.817,96.0046,90.1234,84.203,78.278,72.387,66.5714,60.8737,55.3364,49.9997,44.9006,40.0711,35.5373,31.3188,27.4282,23.8712,20.6473,17.7498,15.1673,12.8839,10.8808,9.13698,7.62996,6.33682,5.23472,4.30151,3.51614,2.85889,2.31163,1.85785,1.48269,1.17289,0.916686,0.703695,0.524745,0.371732,0.237461,0.115492,0
172.895,211.151,211.061,210.849,210.436,209.871,209.148,208.266,207.224,206.022,204.661,203.139,201.458,199.616,197.615,195.453,193.132,190.65,188.009,185.207,182.246,179.124,175.843,172.401,168.8,165.039,161.117,157.036,152.794,148.393,143.833,139.113,134.235,129.201,124.014,118.678,113.202,107.596,101.875,96.0591,90.1728,84.2461,78.3136,72.414,66.5887,60.8806,55.3324,49.9848,44.875,40.0354,35.4925,31.2661,27.3689,23.807,20.5796,17.6803,15.0972,12.8147,10.8136,9.07266,7.56928,6.28031,5.18274,4.25426,3.47365,2.82112,2.27842,1.82898,1.45793,1.15197,0.89934,0.689675,0.513827,0.363728,0.232219,0.112905,0
175.776,211.218,211.127,210.916,210.503,209.938,209.215,208.333,207.291,206.089,204.727,203.206,201.524,199.683,197.681,195.52,193.198,190.717,188.076,185.274,182.313,179.191,175.91,172.468,168.867,165.106,161.184,157.103,152.861,148.46,143.9,139.18,134.302,129.267,124.079,118.743,113.265,107.657,101.934,96.1138,90.2225,84.2895,78.3495,72.4412,66.6062,60.8876,55.3285,49.9698,44.8493,39.9996,35.4475,31.213,27.3093,23.7424,20.5115,17.6103,15.0268,12.7452,10.7461,9.00809,7.5084,6.22366,5.13067,4.20695,3.43116,2.78337,2.24526,1.8002,1.43325,1.13114,0.882084,0.675738,0.502981,0.35578,0.227017,0.110337,0
178.658,211.285,211.194,210.983,210.57,210.004,209.281,208.399,207.357,206.156,204.794,203.273,201.591,199.75,197.748,195.587,193.265,190.784,188.142,185.341,182.38,179.258,175.977,172.535,168.934,165.172,161.251,157.17,152.928,148.527,143.966,139.247,134.368,129.334,124.145,118.808,113.329,107.719,101.992,96.1687,90.2723,84.3331,78.3855,72.4685,66.6238,60.8947,55.3246,49.9549,44.8235,39.9635,35.4022,31.1597,27.2494,23.6773,20.4431,17.5399,14.956,12.6752,10.6782,8.94325,7.4473,6.16685,5.0785,4.1596,3.38867,2.74565,2.21216,1.77148,1.40867,1.1104,0.864919,0.661885,0.492208,0.347889,0.221854,0.107789,0
181.539,211.351,211.261,211.049,210.636,210.071,209.348,208.466,207.424,206.223,204.861,203.339,201.658,199.816,197.815,195.654,193.332,190.851,188.209,185.408,182.446,179.325,176.044,172.602,169.001,165.239,161.318,157.237,152.995,148.594,144.033,139.313,134.435,129.4,124.211,118.873,113.393,107.781,102.051,96.2237,90.3224,84.3769,78.4218,72.4961,66.6416,60.902,55.3208,49.9399,44.7976,39.9273,35.3566,31.106,27.189,23.6119,20.3741,17.4691,14.8848,12.605,10.6101,8.87814,7.386,6.10989,5.02623,4.1122,3.34616,2.70797,2.17911,1.74285,1.38417,1.08976,0.847849,0.648119,0.481509,0.340058,0.216731,0.105262,0
184.421,211.418,211.328,211.116,210.703,210.138,209.415,208.533,207.491,206.289,204.928,203.406,201.725,199.883,197.882,195.72,193.399,190.918,188.276,185.475,182.513,179.392,176.111,172.669,169.068,165.306,161.385,157.304,153.062,148.661,144.1,139.38,134.502,129.467,124.277,118.938,113.457,107.843,102.11,96.279,90.3727,84.4209,78.4583,72.5239,66.6596,60.9094,55.3171,49.9249,44.7715,39.8909,35.3108,31.052,27.1283,23.546,20.3048,17.3979,14.8132,12.5343,10.5416,8.81277,7.32449,6.05278,4.97387,4.06475,3.30366,2.67032,2.14614,1.7143,1.35978,1.06922,0.830876,0.634442,0.470887,0.332286,0.21165,0.102756,0
187.303,211.485,211.395,211.183,210.77,210.205,209.482,208.6,207.558,206.356,204.995,203.473,201.792,199.95,197.949,195.787,193.466,190.985,188.343,185.542,182.58,179.459,176.178,172.736,169.135,165.373,161.452,157.371,153.129,148.728,144.167,139.447,134.569,129.533,124.343,119.003,113.521,107.905,102.17,96.3344,90.4231,84.4652,78.4951,72.5519,66.6777,60.9168,55.3134,49.9098,44.7454,39.8543,35.2647,30.9977,27.0672,23.4798,20.235,17.3262,14.7412,12.4633,10.4728,8.74713,7.26278,5.99552,4.92141,4.01727,3.26116,2.63271,2.11322,1.68584,1.33548,1.04878,0.814002,0.620856,0.460343,0.324576,0.206611,0.100272,0
190.184,211.552,211.462,211.249,210.837,210.271,209.549,208.666,207.625,206.423,205.062,203.54,201.859,200.017,198.016,195.854,193.533,191.052,188.41,185.609,182.647,179.526,176.245,172.803,169.202,165.441,161.519,157.438,153.197,148.795,144.234,139.514,134.636,129.6,124.409,119.069,113.585,107.967,102.229,96.39,90.4738,84.5097,78.5321,72.5801,66.6961,60.9245,55.3097,49.8948,44.7192,39.8175,35.2183,30.943,27.0057,23.4131,20.1648,17.2541,14.6687,12.392,10.4036,8.68122,7.20085,5.93811,4.86886,3.96974,3.21867,2.59514,2.08038,1.65747,1.31128,1.02844,0.79723,0.607363,0.449878,0.316929,0.201615,0.0978091,0
193.066,211.619,211.528,211.316,210.903,210.338,209.615,208.733,207.692,206.49,205.128,203.607,201.926,200.084,198.083,195.921,193.6,191.119,188.477,185.676,182.714,179.593,176.312,172.87,169.269,165.508,161.586,157.505,153.264,148.862,144.302,139.581,134.702,129.666,124.476,119.134,113.649,108.029,102.289,96.4458,90.5247,84.5544,78.5693,72.6085,66.7146,60.9322,55.3062,49.8797,44.6929,39.7806,35.1717,30.888,26.9438,23.346,20.0941,17.1816,14.5959,12.3202,10.3342,8.61504,7.13871,5.88056,4.81622,3.92217,3.17618,2.55761,2.04761,1.62919,1.28718,1.00822,0.780562,0.593966,0.439496,0.309347,0.196664,0.095369,0
195.947,211.685,211.595,211.383,210.97,210.405,209.682,208.8,207.758,206.557,205.195,203.674,201.992,200.151,198.15,195.988,193.667,191.186,188.544,185.743,182.781,179.66,176.379,172.937,169.336,165.575,161.653,157.572,153.331,148.93,144.369,139.648,134.769,129.733,124.542,119.2,113.713,108.091,102.348,96.5018,90.5758,84.5993,78.6067,72.6371,66.7333,60.9401,55.3027,49.8647,44.6664,39.7434,35.1247,30.8326,26.8815,23.2784,20.023,17.1086,14.5226,12.2481,10.2644,8.54859,7.07636,5.82285,4.76349,3.87457,3.1337,2.52013,2.01492,1.601,1.26319,0.988102,0.764002,0.580667,0.429197,0.301829,0.191757,0.0929517,0
198.829,211.752,211.662,211.449,211.037,210.472,209.749,208.867,207.825,206.624,205.262,203.741,202.059,200.218,198.217,196.055,193.734,191.253,188.611,185.81,182.848,179.727,176.446,173.004,169.403,165.642,161.72,157.639,153.398,148.997,144.436,139.715,134.836,129.8,124.608,119.265,113.777,108.154,102.408,96.558,90.6272,84.6445,78.6444,72.666,66.7522,60.9482,55.2993,49.8496,44.6399,39.706,35.0776,30.7769,26.8188,23.2104,19.9515,17.0352,14.4489,12.1756,10.1943,8.48187,7.01381,5.765,4.71068,3.82693,3.09124,2.48271,1.98231,1.57292,1.23932,0.9681,0.747551,0.567467,0.418983,0.294379,0.186897,0.0905577,0
201.711,211.819,211.729,211.516,211.104,210.539,209.816,208.934,207.892,206.691,205.329,203.808,202.126,200.285,198.284,196.122,193.801,191.32,188.678,185.877,182.916,179.794,176.513,173.072,169.47,165.709,161.788,157.706,153.465,149.064,144.503,139.782,134.903,129.866,124.674,119.331,113.842,108.216,102.468,96.6144,90.6787,84.6899,78.6823,72.6951,66.7713,60.9563,55.2959,49.8345,44.6133,39.6685,35.0301,30.7208,26.7557,23.142,19.8795,16.9613,14.3748,12.1027,10.1238,8.41487,6.95104,5.70701,4.65778,3.77927,3.04879,2.44534,1.94978,1.54493,1.21555,0.948215,0.731213,0.55437,0.408856,0.286997,0.182083,0.0881874,0
204.592,211.886,211.796,211.583,211.171,210.606,209.883,209.001,207.959,206.758,205.396,203.875,202.193,200.352,198.351,196.189,193.868,191.387,188.745,185.944,182.983,179.861,176.58,173.139,169.537,165.776,161.855,157.773,153.532,149.131,144.57,139.85,134.97,129.933,124.741,119.396,113.906,108.279,102.528,96.671,90.7305,84.7356,78.7204,72.7244,66.7906,60.9647,55.2926,49.8194,44.5865,39.6307,34.9823,30.6644,26.6922,23.0731,19.807,16.887,14.3003,12.0294,10.053,8.3476,6.88806,5.64886,4.60479,3.73158,3.00636,2.40802,1.91734,1.51706,1.19191,0.928449,0.71499,0.541377,0.398819,0.279685,0.177318,0.0858415,0
207.474,211.953,211.863,211.65,211.238,210.673,209.95,209.068,208.026,206.825,205.463,203.942,202.26,200.419,198.418,196.256,193.935,191.454,188.812,186.011,183.05,179.928,176.647,173.206,169.605,165.843,161.922,157.841,153.599,149.198,144.637,139.917,135.037,130,124.807,119.462,113.971,108.342,102.589,96.7277,90.7825,84.7815,78.7588,72.754,66.8101,60.9731,55.2894,49.8043,44.5597,39.5928,34.9343,30.6076,26.6282,23.0037,19.734,16.8122,14.2253,11.9557,9.98187,8.28005,6.82487,5.59058,4.55172,3.68386,2.96396,2.37077,1.88498,1.48929,1.16838,0.908806,0.698885,0.528491,0.388872,0.272444,0.172601,0.0835202,0
210.355,212.02,211.93,211.717,211.304,210.739,210.017,209.135,208.093,206.892,205.53,204.009,202.327,200.486,198.485,196.323,194.002,191.521,188.879,186.078,183.117,179.996,176.714,173.273,169.672,165.91,161.989,157.908,153.667,149.265,144.704,139.984,135.104,130.067,124.874,119.528,114.036,108.405,102.649,96.7847,90.8347,84.8276,78.7975,72.7838,66.8299,60.9818,55.2863,49.7892,44.5328,39.5547,34.886,30.5505,26.5639,22.9339,19.6606,16.7369,14.1499,11.8816,9.9104,8.21222,6.76148,5.53215,4.49858,3.63611,2.92158,2.33358,1.85273,1.46164,1.14498,0.889289,0.6829,0.515715,0.379018,0.265276,0.167933,0.081224,0
213.237,212.087,211.997,211.784,211.371,210.806,210.084,209.202,208.16,206.959,205.597,204.076,202.395,200.553,198.552,196.391,194.069,191.588,188.947,186.145,183.184,180.063,176.781,173.34,169.739,165.978,162.056,157.975,153.734,149.333,144.772,140.051,135.171,130.134,124.94,119.594,114.1,108.468,102.71,96.8418,90.8871,84.874,78.8364,72.8138,66.8498,60.9906,55.2833,49.7741,44.5058,39.5163,34.8374,30.493,26.4991,22.8636,19.5866,16.6611,14.074,11.8071,9.83857,8.14411,6.69787,5.47357,4.44536,3.58835,2.87923,2.29647,1.82057,1.43411,1.1217,0.869901,0.667039,0.503049,0.369259,0.258182,0.163316,0.0789535,0
216.118,212.154,212.064,211.85,211.438,210.873,210.151,209.269,208.227,207.026,205.664,204.143,202.462,200.62,198.619,196.458,194.136,191.655,189.014,186.213,183.251,180.13,176.849,173.407,169.806,166.045,162.124,158.042,153.801,149.4,144.839,140.118,135.239,130.201,125.007,119.66,114.165,108.531,102.77,96.8991,90.9398,84.9206,78.8756,72.8441,66.8699,60.9995,55.2804,49.759,44.4786,39.4778,34.7885,30.4351,26.4339,22.7929,19.5122,16.5849,13.9976,11.7322,9.7664,8.07572,6.63404,5.41486,4.39206,3.54057,2.83691,2.25942,1.78851,1.4067,1.09856,0.850646,0.651304,0.490498,0.359596,0.251162,0.158751,0.0767091,0
219,212.221,212.131,211.917,211.505,210.94,210.218,209.336,208.294,207.093,205.731,204.21,202.529,200.687,198.686,196.525,194.204,191.722,189.081,186.28,183.318,180.197,176.916,173.475,169.873,166.112,162.191,158.11,153.868,149.467,144.906,140.186,135.306,130.268,125.073,119.726,114.23,108.595,102.831,96.9567,90.9927,84.9675,78.915,72.8747,66.8903,61.0086,55.2775,49.7438,44.4514,39.4391,34.7393,30.3768,26.3682,22.7216,19.4373,16.5082,13.9208,11.6568,9.69387,8.00704,6.57001,5.35601,4.33868,3.49278,2.79463,2.22245,1.75656,1.37941,1.07555,0.831526,0.635698,0.478062,0.350031,0.24422,0.154238,0.0744912,0
221.882,212.288,212.198,211.984,211.572,211.007,210.285,209.403,208.361,207.16,205.799,204.277,202.596,200.755,198.753,196.592,194.271,191.789,189.148,186.347,183.386,180.264,176.983,173.542,169.941,166.179,162.258,158.177,153.936,149.535,144.974,140.253,135.373,130.335,125.14,119.792,114.295,108.658,102.893,97.0144,91.0458,85.0146,78.9547,72.9055,66.9109,61.0179,55.2748,49.7287,44.4241,39.4002,34.6898,30.3182,26.3021,22.6499,19.3619,16.431,13.8436,11.5811,9.62099,7.93808,6.50577,5.29702,4.28524,3.44498,2.75239,2.18556,1.72472,1.35225,1.05268,0.812545,0.620224,0.465745,0.340567,0.237356,0.149779,0.0723003,0
224.763,212.355,212.266,212.051,211.639,211.074,210.352,209.47,208.429,207.227,205.866,204.344,202.663,200.822,198.82,196.659,194.338,191.857,189.215,186.414,183.453,180.332,177.05,173.609,170.008,166.247,162.325,158.244,154.003,149.602,145.041,140.32,135.44,130.402,125.207,119.858,114.361,108.722,102.954,97.0723,91.0991,85.062,78.9946,72.9365,66.9317,61.0274,55.2721,49.7136,44.3967,39.3611,34.64,30.2592,26.2355,22.5777,19.286,16.3533,13.7659,11.5049,9.54775,7.86884,6.44131,5.23789,4.23173,3.39717,2.71019,2.14876,1.69299,1.32523,1.02995,0.793706,0.604884,0.45355,0.331204,0.230571,0.145374,0.0701369,0
227.645,212.422,212.333,212.118,211.706,211.142,210.419,209.537,208.496,207.294,205.933,204.412,202.73,200.889,198.888,196.726,194.405,191.924,189.283,186.481,183.52,180.399,177.118,173.676,170.075,166.314,162.393,158.312,154.07,149.669,145.108,140.387,135.507,130.469,125.274,119.924,114.426,108.786,103.015,97.1304,91.1527,85.1096,79.0349,72.9678,66.9527,61.037,55.2696,49.6986,44.3692,39.3217,34.59,30.1998,26.1685,22.505,19.2096,16.275,13.6876,11.4284,9.47415,7.7993,6.37665,5.17862,4.17815,3.34935,2.66804,2.11204,1.66138,1.29834,1.00737,0.775012,0.589682,0.441477,0.321946,0.223867,0.141024,0.0680014,0
230.526,212.489,212.4,212.185,211.773,211.209,210.486,209.604,208.563,207.361,206,204.479,202.797,200.956,198.955,196.794,194.472,191.991,189.35,186.549,183.587,180.466,177.185,173.744,170.143,166.381,162.46,158.379,154.138,149.737,145.176,140.455,135.575,130.536,125.34,119.991,114.491,108.85,103.077,97.1887,91.2065,85.1575,79.0754,72.9994,66.974,61.0468,55.2671,49.6835,44.3416,39.2822,34.5396,30.1399,26.101,22.4318,19.1326,16.1963,13.609,11.3514,9.40019,7.72948,6.31177,5.11922,4.12451,3.30154,2.62594,2.07542,1.62989,1.27159,0.984936,0.756467,0.57462,0.42953,0.312794,0.217245,0.13673,0.0658942,0
233.408,212.556,212.467,212.252,211.84,211.276,210.553,209.672,208.63,207.429,206.067,204.546,202.865,201.023,199.022,196.861,194.54,192.058,189.417,186.616,183.655,180.534,177.252,173.811,170.21,166.449,162.528,158.446,154.205,149.804,145.243,140.522,135.642,130.603,125.407,120.057,114.557,108.913,103.139,97.2472,91.2605,85.2057,79.1161,73.0313,66.9955,61.0569,55.2648,49.6684,44.3139,39.2425,34.4889,30.0797,26.0331,22.358,19.0551,16.117,13.5298,11.2739,9.32586,7.65937,6.24668,5.05969,4.0708,3.25372,2.5839,2.03889,1.59853,1.24499,0.962656,0.738074,0.559702,0.417711,0.303749,0.210708,0.132493,0.0638158,0
236.289,212.623,212.534,212.319,211.907,211.343,210.621,209.739,208.697,207.496,206.134,204.613,202.932,201.091,199.089,196.928,194.607,192.126,189.484,186.683,183.722,180.601,177.32,173.878,170.277,166.516,162.595,158.514,154.273,149.871,145.31,140.59,135.709,130.67,125.474,120.123,114.622,108.978,103.2,97.3058,91.3148,85.2541,79.1572,73.0634,67.0173,61.0671,55.2626,49.6534,44.2861,39.2025,34.4379,30.0191,25.9647,22.2838,18.9771,16.0373,13.4501,11.196,9.25117,7.58897,6.18138,5.00002,4.01704,3.20592,2.54191,2.00246,1.5673,1.21853,0.940532,0.719837,0.54493,0.406022,0.294814,0.204255,0.128314,0.0617667,0
239.171,212.691,212.602,212.386,211.975,211.41,210.688,209.806,208.764,207.563,206.202,204.68,202.999,201.158,199.157,196.995,194.674,192.193,189.552,186.751,183.789,180.668,177.387,173.946,170.345,166.583,162.662,158.581,154.34,149.939,145.378,140.657,135.777,130.738,125.541,120.19,114.688,109.042,103.262,97.3647,91.3692,85.3028,79.1985,73.0958,67.0393,61.0775,55.2605,49.6384,44.2582,39.1624,34.3865,29.9581,25.8958,22.209,18.8985,15.9569,13.37,11.1177,9.1761,7.51827,6.11588,4.94022,3.96323,3.15812,2.5,1.96614,1.53621,1.19223,0.91857,0.701758,0.530306,0.394466,0.28599,0.197888,0.124194,0.0597473,0
242.053,212.758,212.669,212.453,212.042,211.477,210.755,209.873,208.832,207.63,206.269,204.748,203.066,201.225,199.224,197.063,194.742,192.26,189.619,186.818,183.857,180.736,177.454,174.013,170.412,166.651,162.73,158.649,154.407,150.006,145.445,140.724,135.844,130.805,125.608,120.256,114.753,109.106,103.325,97.4238,91.424,85.3517,79.2401,73.1285,67.0616,61.0881,55.2585,49.6234,44.2303,39.1221,34.3349,29.8967,25.8264,22.1337,18.8194,15.8761,13.2893,11.0389,9.10065,7.44728,6.05016,4.8803,3.90936,3.11033,2.45814,1.92994,1.50526,1.16609,0.896772,0.683842,0.515835,0.383045,0.27728,0.19161,0.120133,0.057758,0
244.934,212.825,212.736,212.52,212.109,211.544,210.822,209.94,208.899,207.698,206.336,204.815,203.134,201.292,199.291,197.13,194.809,192.328,189.687,186.885,183.924,180.803,177.522,174.081,170.48,166.718,162.797,158.716,154.475,150.074,145.513,140.792,135.912,130.872,125.675,120.323,114.819,109.171,103.387,97.483,91.4789,85.4009,79.282,73.1614,67.0841,61.0989,55.2567,49.6084,44.2022,39.0815,34.2829,29.8348,25.7565,22.0579,18.7397,15.7947,13.2081,10.9597,9.02483,7.37599,5.98423,4.82025,3.85544,3.06257,2.41636,1.89384,1.47445,1.14011,0.875143,0.666091,0.501519,0.371762,0.268685,0.18542,0.116134,0.0557993,0
247.816,212.892,212.803,212.588,212.176,211.612,210.889,210.008,208.966,207.765,206.404,204.882,203.201,201.36,199.359,197.197,194.876,192.395,189.754,186.953,183.992,180.87,177.589,174.148,170.547,166.786,162.865,158.784,154.542,150.141,145.58,140.859,135.979,130.94,125.742,120.39,114.885,109.235,103.449,97.5425,91.5341,85.4504,79.3242,73.1947,67.1069,61.1099,55.255,49.5935,44.1741,39.0407,34.2306,29.7726,25.6861,21.9815,18.6595,15.7127,13.1264,10.88,8.94862,7.30441,5.91809,4.76008,3.80147,3.01482,2.37466,1.85787,1.44379,1.1143,0.853686,0.64851,0.48736,0.360619,0.260207,0.179321,0.112195,0.0538716,0
250.697,212.959,212.871,212.655,212.243,211.679,210.957,210.075,209.033,207.832,206.471,204.95,203.268,201.427,199.426,197.265,194.944,192.462,189.821,187.02,184.059,180.938,177.657,174.216,170.614,166.853,162.932,158.851,154.61,150.209,145.648,140.927,136.046,131.007,125.81,120.456,114.951,109.3,103.512,97.6022,91.5895,85.5001,79.3666,73.2283,67.13,61.1211,55.2534,49.5785,44.1458,38.9998,34.178,29.7099,25.6152,21.9045,18.5787,15.6302,13.0442,10.7999,8.87203,7.23252,5.85174,4.69978,3.74746,2.9671,2.33304,1.82202,1.41328,1.08865,0.832407,0.631102,0.473362,0.349618,0.251848,0.173314,0.108319,0.0519753,0
253.579,213.027,212.938,212.722,212.31,211.746,211.024,210.142,209.101,207.899,206.538,205.017,203.336,201.495,199.493,197.332,195.011,192.53,189.889,187.088,184.126,181.005,177.724,174.283,170.682,166.921,163,158.919,154.677,150.276,145.715,140.994,136.114,131.074,125.877,120.523,115.017,109.365,103.575,97.662,91.6452,85.5502,79.4094,73.2621,67.1533,61.1326,55.252,49.5637,44.1175,38.9586,34.1251,29.6467,25.5438,21.827,18.4972,15.5471,12.9614,10.7193,8.79505,7.16034,5.78519,4.63936,3.69341,2.91941,2.29151,1.78629,1.38293,1.06319,0.811308,0.61387,0.459528,0.338762,0.243609,0.1674,0.104506,0.0501108,0
256.461,213.094,213.005,212.789,212.378,211.813,211.091,210.21,209.168,207.967,206.606,205.084,203.403,201.562,199.561,197.4,195.078,192.597,189.956,187.155,184.194,181.073,177.792,174.351,170.749,166.988,163.067,158.986,154.745,150.344,145.783,141.062,136.181,131.142,125.944,120.59,115.083,109.429,103.638,97.722,91.7011,85.6005,79.4525,73.2963,67.177,61.1443,55.2507,49.5488,44.0891,38.9172,34.0718,29.5831,25.4719,21.7489,18.4152,15.4634,12.8781,10.6382,8.71768,7.08786,5.71842,4.57883,3.63933,2.87175,2.25007,1.75071,1.35275,1.0379,0.790394,0.596818,0.445861,0.328053,0.235493,0.16158,0.100757,0.0482785,0
259.342,213.161,213.073,212.856,212.445,211.881,211.159,210.277,209.235,208.034,206.673,205.152,203.471,201.629,199.628,197.467,195.146,192.665,190.024,187.223,184.261,181.14,177.859,174.418,170.817,167.056,163.135,159.054,154.813,150.412,145.851,141.13,136.249,131.209,126.011,120.657,115.149,109.494,103.701,97.7823,91.7572,85.6511,79.4959,73.3308,67.2009,61.1562,55.2495,49.5341,44.0607,38.8756,34.0182,29.5191,25.3995,21.6702,18.3326,15.3791,12.7943,10.5566,8.63991,7.01507,5.65145,4.51818,3.58521,2.82414,2.20872,1.71526,1.32274,1.0128,0.769669,0.579949,0.432363,0.317493,0.227501,0.155856,0.0970732,0.0464789,0
262.224,213.229,213.14,212.923,212.512,211.948,211.226,210.344,209.303,208.102,206.74,205.219,203.538,201.697,199.696,197.535,195.213,192.732,190.091,187.29,184.329,181.208,177.927,174.486,170.885,167.123,163.202,159.121,154.88,150.479,145.918,141.197,136.317,131.277,126.079,120.724,115.216,109.559,103.764,97.8427,91.8136,85.7019,79.5396,73.3655,67.2251,61.1684,55.2486,49.5193,44.0321,38.8338,33.9642,29.4547,25.3265,21.5909,18.2494,15.2943,12.7099,10.4746,8.56175,6.94198,5.58428,4.45742,3.53107,2.77657,2.16748,1.67996,1.29289,0.987884,0.749137,0.563267,0.419037,0.307084,0.219635,0.150229,0.0934547,0.0447122,0
265.105,213.296,213.208,212.991,212.58,212.015,211.293,210.412,209.37,208.169,206.808,205.287,203.605,201.764,199.763,197.602,195.281,192.8,190.159,187.358,184.397,181.275,177.994,174.553,170.952,167.191,163.27,159.189,154.948,150.547,145.986,141.265,136.384,131.344,126.146,120.791,115.282,109.625,103.828,97.9033,91.8702,85.7531,79.5836,73.4006,67.2496,61.1808,55.2477,49.5046,44.0035,38.7918,33.91,29.3897,25.2529,21.5111,18.1656,15.2088,12.625,10.392,8.48318,6.86859,5.51689,4.39654,3.4769,2.72904,2.12634,1.64481,1.26323,0.963166,0.728803,0.546776,0.405887,0.29683,0.211897,0.1447,0.0899025,0.0429789,0
267.987,213.363,213.275,213.058,212.647,212.083,211.361,210.479,209.438,208.236,206.875,205.354,203.673,201.832,199.831,197.67,195.348,192.867,190.226,187.425,184.464,181.343,178.062,174.621,171.02,167.259,163.338,159.257,155.015,150.614,146.053,141.333,136.452,131.412,126.213,120.858,115.348,109.69,103.891,97.9641,91.9271,85.8045,79.6279,73.4361,67.2744,61.1934,55.2471,49.49,43.9748,38.7495,33.8553,29.3243,25.1788,21.4306,18.0811,15.1227,12.5395,10.309,8.40421,6.79489,5.44931,4.33556,3.42271,2.68157,2.08532,1.60982,1.23376,0.938646,0.708671,0.530479,0.392915,0.286732,0.204288,0.13927,0.0864174,0.0412793,0
270.868,213.431,213.342,213.125,212.714,212.15,211.428,210.546,209.505,208.304,206.943,205.422,203.74,201.899,199.898,197.737,195.416,192.935,190.294,187.493,184.532,181.411,178.13,174.688,171.087,167.326,163.405,159.324,155.083,150.682,146.121,141.4,136.52,131.479,126.281,120.925,115.415,109.755,103.955,98.0251,91.9842,85.8562,79.6725,73.4718,67.2995,61.2063,55.2466,49.4754,43.946,38.7071,33.8003,29.2585,25.1042,21.3495,17.996,15.036,12.4534,10.2255,8.32483,6.72089,5.38152,4.27448,3.3685,2.63416,2.04441,1.57498,1.20447,0.914331,0.688744,0.514379,0.380125,0.276792,0.196811,0.133941,0.0830001,0.0396139,0
273.75,213.498,213.41,213.192,212.782,212.218,211.495,210.614,209.573,208.371,207.01,205.489,203.808,201.967,199.966,197.805,195.484,193.002,190.361,187.56,184.599,181.478,178.197,174.756,171.155,167.394,163.473,159.392,155.151,150.75,146.189,141.468,136.587,131.547,126.348,120.992,115.481,109.821,104.019,98.0863,92.0416,85.9082,79.7175,73.5079,67.3249,61.2195,55.2463,49.4609,43.9172,38.6644,33.745,29.1921,25.029,21.2678,17.9103,14.9487,12.3667,10.1414,8.24504,6.64658,5.31353,4.21329,3.31429,2.58681,2.00363,1.54032,1.17538,0.890226,0.669028,0.498481,0.367518,0.267012,0.189465,0.128714,0.0796513,0.0379828,0
276.632,213.565,213.477,213.26,212.849,212.285,211.563,210.681,209.64,208.439,207.078,205.557,203.875,202.034,200.033,197.872,195.551,193.07,190.429,187.628,184.667,181.546,178.265,174.824,171.223,167.462,163.541,159.46,155.219,150.818,146.257,141.536,136.655,131.615,126.416,121.059,115.548,109.887,104.083,98.1477,92.0992,85.9605,79.7627,73.5443,67.3507,61.233,55.2462,49.4464,43.8882,38.6215,33.6893,29.1253,24.9532,21.1854,17.8239,14.8607,12.2794,10.0569,8.16484,6.57196,5.24534,4.15201,3.26006,2.53953,1.96298,1.50583,1.14649,0.866334,0.649527,0.482787,0.355098,0.257396,0.182255,0.123589,0.0763718,0.0363865,0
279.513,213.633,213.545,213.327,212.916,212.352,211.63,210.749,209.708,208.506,207.145,205.624,203.943,202.102,200.101,197.94,195.619,193.138,190.497,187.696,184.735,181.614,178.332,174.891,171.29,167.529,163.608,159.527,155.286,150.885,146.324,141.603,136.723,131.682,126.483,121.127,115.615,109.952,104.147,98.2093,92.157,86.0131,79.8084,73.5811,67.3767,61.2467,55.2463,49.4321,43.8593,38.5784,33.6332,29.058,24.8768,21.1024,17.7368,14.7721,12.1916,9.97181,8.08422,6.49703,5.17695,4.09063,3.20583,2.49233,1.92247,1.47152,1.11781,0.842661,0.630244,0.467302,0.342868,0.247944,0.175179,0.118567,0.0731621,0.0348252,0
282.395,213.7,213.613,213.394,212.984,212.42,211.698,210.816,209.775,208.574,207.213,205.692,204.011,202.169,200.168,198.007,195.686,193.205,190.564,187.763,184.802,181.681,178.4,174.959,171.358,167.597,163.676,159.595,155.354,150.953,146.392,141.671,136.79,131.75,126.551,121.194,115.682,110.018,104.211,98.2711,92.2151,86.066,79.8543,73.6182,67.4031,61.2607,55.2465,49.4178,43.8302,38.5351,33.5768,28.9902,24.7998,21.0187,17.6491,14.6828,12.1031,9.88622,8.00317,6.42179,5.10836,4.02915,3.15161,2.44521,1.88209,1.43739,1.08934,0.819213,0.611185,0.452029,0.330831,0.23866,0.168242,0.113651,0.0700229,0.0332993,0
285.276,213.768,213.68,213.462,213.051,212.487,211.765,210.884,209.843,208.641,207.28,205.759,204.078,202.237,200.236,198.075,195.754,193.273,190.632,187.831,184.87,181.749,178.468,175.027,171.426,167.665,163.744,159.663,155.422,151.021,146.46,141.739,136.858,131.818,126.618,121.261,115.748,110.084,104.275,98.3331,92.2734,86.1191,79.9006,73.6557,67.4299,61.275,55.247,49.4036,43.8011,38.4916,33.52,28.9219,24.7222,20.9344,17.5606,14.5928,12.014,9.8001,7.9217,6.34623,5.03957,3.96759,3.09739,2.39817,1.84187,1.40346,1.06108,0.795994,0.592353,0.436971,0.318988,0.229544,0.161442,0.10884,0.0669547,0.031809,0
288.158,213.835,213.748,213.529,213.119,212.555,211.833,210.952,209.91,208.709,207.348,205.827,204.146,202.305,200.304,198.143,195.822,193.341,190.7,187.899,184.938,181.817,178.536,175.095,171.494,167.733,163.812,159.731,155.49,151.089,146.528,141.807,136.926,131.886,126.686,121.329,115.815,110.15,104.34,98.3952,92.3319,86.1726,79.9472,73.6935,67.457,61.2896,55.2477,49.3895,43.7719,38.4479,33.4628,28.8531,24.644,20.8494,17.4715,14.5022,11.9243,9.71345,7.8398,6.27037,4.97059,3.90595,3.04319,2.35123,1.8018,1.36972,1.03306,0.77301,0.573753,0.422132,0.307344,0.220599,0.154783,0.104136,0.0639582,0.0303546,0
291.039,213.903,213.815,213.597,213.186,212.623,211.901,211.019,209.978,208.777,207.416,205.894,204.213,202.372,200.371,198.21,195.889,193.408,190.767,187.966,185.005,181.884,178.603,175.162,171.561,167.8,163.879,159.798,155.557,151.156,146.596,141.875,136.994,131.953,126.754,121.396,115.882,110.216,104.405,98.4575,92.3908,86.2264,79.9941,73.7317,67.4844,61.3045,55.2486,49.3754,43.7427,38.4039,33.4053,28.7838,24.5652,20.7637,17.3816,14.4109,11.834,9.62625,7.75747,6.1942,4.90142,3.84423,2.989,2.30439,1.7619,1.33619,1.00526,0.750266,0.55539,0.407515,0.2959,0.211828,0.148266,0.0995388,0.0610337,0.0289362,0
293.921,213.97,213.883,213.664,213.254,212.69,211.968,211.087,210.045,208.844,207.483,205.962,204.281,202.44,200.439,198.278,195.957,193.476,190.835,188.034,185.073,181.952,178.671,175.23,171.629,167.868,163.947,159.866,155.625,151.224,146.663,141.942,137.062,132.021,126.821,121.464,115.949,110.283,104.469,98.5201,92.4498,86.2805,80.0414,73.7702,67.5122,61.3197,55.2497,49.3615,43.7134,38.3597,33.3474,28.7139,24.4858,20.6772,17.291,14.3188,11.743,9.5385,7.67471,6.11771,4.83206,3.78243,2.93484,2.25766,1.72216,1.30288,0.977697,0.727767,0.537268,0.393125,0.284659,0.203231,0.141891,0.0950504,0.0581819,0.0275542,0
296.803,214.038,213.951,213.731,213.321,212.758,212.036,211.154,210.113,208.912,207.551,206.03,204.349,202.508,200.507,198.346,196.025,193.544,190.903,188.102,185.141,182.02,178.739,175.298,171.697,167.936,164.015,159.934,155.693,151.292,146.731,142.01,137.13,132.089,126.889,121.531,116.016,110.349,104.534,98.5828,92.5091,86.3348,80.0891,73.8091,67.5404,61.3352,55.2511,49.3477,43.6841,38.3153,33.2891,28.6436,24.4057,20.5901,17.1997,14.2261,11.6514,9.4502,7.5915,6.04091,4.76251,3.72056,2.88072,2.21104,1.6826,1.26978,0.950379,0.705519,0.519391,0.378964,0.273624,0.194811,0.13566,0.090671,0.055403,0.0262087,0
299.684,214.106,214.018,213.799,213.389,212.825,212.103,211.222,210.181,208.98,207.619,206.098,204.416,202.575,200.574,198.414,196.093,193.612,190.971,188.17,185.209,182.088,178.807,175.366,171.765,168.004,164.083,160.002,155.761,151.36,146.799,142.078,137.197,132.157,126.957,121.599,116.084,110.415,104.599,98.6457,92.5686,86.3895,80.1371,73.8484,67.569,61.3511,55.2527,49.334,43.6547,38.2707,33.2304,28.5727,24.3249,20.5023,17.1076,14.1326,11.5591,9.36133,7.50785,5.96379,4.69278,3.65862,2.82662,2.16454,1.64322,1.2369,0.923311,0.683527,0.501764,0.365036,0.262797,0.186569,0.129574,0.0864014,0.0526976,0.0248998,0
302.566,214.173,214.086,213.866,213.456,212.893,212.171,211.29,210.248,209.047,207.686,206.165,204.484,202.643,200.642,198.481,196.16,193.679,191.038,188.237,185.276,182.156,178.875,175.434,171.833,168.072,164.151,160.07,155.829,151.428,146.867,142.146,137.265,132.225,127.025,121.666,116.151,110.482,104.665,98.7088,92.6284,86.4445,80.1854,73.8881,67.5979,61.3673,55.2545,49.3204,43.6253,38.2259,33.1713,28.5012,24.2435,20.4137,17.0148,14.0384,11.4662,9.2719,7.42376,5.88636,4.62286,3.59662,2.77257,2.11817,1.60404,1.20426,0.896498,0.661797,0.48439,0.351343,0.252181,0.178507,0.123635,0.0822421,0.050066,0.0236278,0
305.447,214.241,214.154,213.934,213.524,212.961,212.239,211.357,210.316,209.115,207.754,206.233,204.552,202.711,200.71,198.549,196.228,193.747,191.106,188.305,185.344,182.223,178.942,175.502,171.901,168.14,164.219,160.138,155.897,151.496,146.935,142.214,137.333,132.293,127.093,121.734,116.218,110.548,104.73,98.772,92.6885,86.4998,80.2341,73.9282,67.6272,61.3838,55.2566,49.3069,43.5959,38.1808,33.1118,28.4292,24.1614,20.3243,16.9212,13.9434,11.3725,9.18189,7.33921,5.80862,4.55277,3.53457,2.71857,2.07194,1.56505,1.17187,0.869947,0.640334,0.467276,0.337891,0.241778,0.170627,0.117842,0.0781939,0.0475083,0.0223928,0
308.329,214.309,214.221,214.002,213.592,213.028,212.306,211.425,210.384,209.183,207.822,206.301,204.62,202.779,200.778,198.617,196.296,193.815,191.174,188.373,185.412,182.291,179.01,175.569,171.969,168.208,164.287,160.206,155.965,151.564,147.003,142.282,137.401,132.361,127.161,121.802,116.286,110.615,104.796,98.8355,92.7487,86.5554,80.2832,73.9687,67.6569,61.4007,55.259,49.2936,43.5664,38.1355,33.0519,28.3566,24.0786,20.2342,16.8268,13.8477,11.2782,9.0913,7.25422,5.73056,4.48249,3.47247,2.66463,2.02584,1.52627,1.13971,0.843666,0.619143,0.450424,0.324681,0.23159,0.16293,0.112198,0.0742571,0.045025,0.0211947,0
311.211,214.376,214.289,214.069,213.659,213.096,212.374,211.493,210.452,209.251,207.889,206.369,204.688,202.847,200.846,198.685,196.364,193.883,191.242,188.441,185.48,182.359,179.078,175.637,172.036,168.276,164.355,160.274,156.033,151.632,147.071,142.35,137.469,132.429,127.229,121.869,116.353,110.682,104.861,98.8991,92.8093,86.6113,80.3326,74.0096,67.687,61.418,55.2616,49.2804,43.5369,38.0901,32.9917,28.2835,23.9952,20.1434,16.7316,13.7512,11.1832,9.00012,7.16876,5.65219,4.41205,3.41032,2.61076,1.9799,1.4877,1.10782,0.817659,0.598231,0.433839,0.311717,0.22162,0.155417,0.106702,0.0704322,0.0426162,0.0200338,0
314.092,214.444,214.357,214.137,213.727,213.164,212.442,211.561,210.519,209.318,207.957,206.436,204.755,202.914,200.913,198.753,196.432,193.951,191.31,188.509,185.548,182.427,179.146,175.705,172.104,168.343,164.423,160.342,156.101,151.7,147.139,142.418,137.537,132.497,127.296,121.937,116.421,110.749,104.927,98.9629,92.87,86.6675,80.3824,74.0509,67.7176,61.4356,55.2645,49.2674,43.5074,38.0444,32.931,28.2097,23.911,20.0517,16.6355,13.6539,11.0874,8.90834,7.08285,5.57351,4.34143,3.34813,2.55695,1.93412,1.44936,1.07619,0.791936,0.577603,0.417526,0.299002,0.211869,0.148091,0.101356,0.0667195,0.0402819,0.01891,0
316.974,214.512,214.425,214.204,213.795,213.231,212.51,211.628,210.587,209.386,208.025,206.504,204.823,202.982,200.981,198.82,196.5,194.019,191.378,188.577,185.616,182.495,179.214,175.773,172.172,168.411,164.491,160.41,156.169,151.768,147.207,142.486,137.605,132.565,127.364,122.005,116.488,110.816,104.993,99.0269,92.931,86.724,80.4326,74.0926,67.7485,61.4537,55.2678,49.2545,43.4778,37.9985,32.8699,28.1354,23.8261,19.9592,16.5387,13.5558,10.991,8.81595,6.99647,5.49451,4.27064,3.2859,2.50323,1.88851,1.41125,1.04483,0.766501,0.557264,0.401489,0.286539,0.202341,0.140951,0.09616,0.0631193,0.0380223,0.0178234,0
319.855,214.579,214.493,214.272,213.862,213.299,212.577,211.696,210.655,209.454,208.093,206.572,204.891,203.05,201.049,198.888,196.567,194.087,191.446,188.645,185.684,182.563,179.282,175.841,172.24,168.479,164.559,160.478,156.237,151.836,147.275,142.554,137.673,132.633,127.432,122.073,116.556,110.883,105.059,99.0911,92.9923,86.7808,80.4832,74.1347,67.7799,61.4721,55.2713,49.2418,43.4483,37.9523,32.8083,28.0605,23.7404,19.8659,16.441,13.4569,10.8938,8.72296,6.90962,5.4152,4.1997,3.22366,2.44959,1.84308,1.37339,1.01374,0.741363,0.537221,0.385732,0.274332,0.193035,0.134,0.0911149,0.0596318,0.0358374,0.0167739,0
322.737,214.647,214.561,214.34,213.93,213.367,212.645,211.764,210.723,209.522,208.161,206.64,204.959,203.118,201.117,198.956,196.635,194.154,191.514,188.713,185.752,182.631,179.35,175.909,172.308,168.547,164.627,160.546,156.305,151.904,147.343,142.622,137.742,132.701,127.5,122.141,116.623,110.95,105.125,99.1554,93.0537,86.838,80.5341,74.1772,67.8117,61.4909,55.2751,49.2292,43.4187,37.906,32.7464,27.985,23.654,19.7717,16.3424,13.3572,10.7958,8.62934,6.8223,5.33557,4.12859,3.16139,2.39605,1.79783,1.33577,0.982951,0.716528,0.517478,0.37026,0.262383,0.183956,0.127238,0.0862209,0.056257,0.0337272,0.0157614,0
325.618,214.715,214.628,214.407,213.998,213.435,212.713,211.832,210.791,209.59,208.229,206.708,205.027,203.186,201.185,199.024,196.703,194.222,191.582,188.781,185.82,182.699,179.418,175.977,172.376,168.616,164.695,160.614,156.373,151.972,147.411,142.69,137.81,132.769,127.569,122.209,116.691,111.017,105.191,99.2199,93.1155,86.8954,80.5854,74.2202,67.844,61.5101,55.2793,49.2168,43.3891,37.8594,32.684,27.9089,23.5668,19.6767,16.243,13.2566,10.6971,8.53509,6.73451,5.25564,4.05734,3.09911,2.34262,1.75278,1.29841,0.952454,0.692004,0.498042,0.355076,0.250694,0.175103,0.120665,0.0814784,0.052995,0.0316914,0.0147859,0
328.5,214.783,214.696,214.475,214.066,213.502,212.781,211.9,210.858,209.658,208.297,206.776,205.095,203.254,201.253,199.092,196.771,194.29,191.65,188.849,185.888,182.767,179.486,176.045,172.444,168.684,164.763,160.682,156.441,152.04,147.479,142.759,137.878,132.837,127.637,122.277,116.759,111.084,105.257,99.2846,93.1774,86.9532,80.6371,74.2636,67.8767,61.5297,55.2838,49.2047,43.3595,37.8127,32.6213,27.8321,23.4789,19.5809,16.1426,13.1551,10.5977,8.44021,6.64624,5.17539,3.98593,3.03682,2.2893,1.70794,1.26132,0.922262,0.667798,0.478918,0.340184,0.23927,0.16648,0.114284,0.0768876,0.0498456,0.02973,0.0138473,0
331.382,214.851,214.764,214.543,214.133,213.57,212.849,211.967,210.926,209.725,208.364,206.844,205.163,203.322,201.321,199.16,196.839,194.358,191.718,188.917,185.956,182.835,179.554,176.113,172.513,168.752,164.831,160.75,156.509,152.108,147.548,142.827,137.946,132.905,127.705,122.345,116.827,111.152,105.324,99.3494,93.2396,87.0113,80.6892,74.3074,67.9099,61.5498,55.2886,49.1927,43.33,37.7657,32.558,27.7547,23.3902,19.4841,16.0413,13.0528,10.4974,8.34468,6.55749,5.09484,3.91438,2.97454,2.23611,1.66331,1.22451,0.892384,0.643916,0.460112,0.32559,0.228112,0.158086,0.108094,0.0724484,0.0468086,0.0278427,0.0129453,0
334.263,214.919,214.832,214.61,214.201,213.638,212.917,212.035,210.994,209.793,208.432,206.912,205.231,203.39,201.389,199.228,196.907,194.426,191.786,188.985,186.024,182.903,179.622,176.181,172.581,168.82,164.899,160.818,156.577,152.177,147.616,142.895,138.014,132.973,127.773,122.413,116.894,111.219,105.39,99.4145,93.302,87.0696,80.7417,74.3517,67.9435,61.5703,55.2938,49.1809,43.3004,37.7185,32.4944,27.6767,23.3006,19.3864,15.9391,12.9496,10.3964,8.2485,6.46826,5.01397,3.84269,2.91227,2.18305,1.61892,1.18799,0.862828,0.620368,0.441629,0.311296,0.217222,0.149924,0.102096,0.0681609,0.0438837,0.026029,0.0120798,0
337.145,214.986,214.9,214.678,214.269,213.706,212.984,212.103,211.062,209.861,208.5,206.979,205.299,203.458,201.457,199.296,196.975,194.494,191.854,189.053,186.092,182.971,179.69,176.25,172.649,168.888,164.967,160.886,156.645,152.245,147.684,142.963,138.082,133.042,127.841,122.481,116.962,111.287,105.457,99.4796,93.3647,87.1284,80.7945,74.3965,67.9776,61.5913,55.2994,49.1694,43.2709,37.6711,32.4303,27.598,23.2103,19.2879,15.836,12.8454,10.2945,8.15166,6.37854,4.93281,3.77087,2.85002,2.13013,1.57475,1.15177,0.833604,0.597159,0.423476,0.297307,0.206604,0.141995,0.0962894,0.0640249,0.0410706,0.0242887,0.0112504,0
340.026,215.054,214.968,214.746,214.337,213.774,213.052,212.171,211.13,209.929,208.568,207.047,205.367,203.526,201.525,199.364,197.043,194.563,191.922,189.121,186.16,183.039,179.758,176.318,172.717,168.956,165.035,160.954,156.714,152.313,147.752,143.031,138.151,133.11,127.909,122.549,117.03,111.354,105.524,99.545,93.4276,87.1874,80.8478,74.4417,68.0123,61.6128,55.3053,49.1581,43.2414,37.6235,32.3657,27.5186,23.1191,19.1883,15.7319,12.7404,10.1918,8.05415,6.28832,4.85134,3.69892,2.78781,2.07738,1.53084,1.11586,0.804721,0.574298,0.405657,0.283627,0.196259,0.134299,0.0906756,0.0600399,0.0383686,0.0226212,0.0104571,0
342.908,215.122,215.036,214.814,214.405,213.842,213.12,212.239,211.198,209.997,208.636,207.116,205.435,203.594,201.593,199.432,197.111,194.631,191.99,189.189,186.228,183.107,179.827,176.386,172.785,169.024,165.103,161.023,156.782,152.381,147.82,143.1,138.219,133.178,127.978,122.617,117.098,111.422,105.591,99.6105,93.4907,87.2467,80.9014,74.4874,68.0474,61.6347,55.3117,49.147,43.212,37.5757,32.3007,27.4386,23.027,19.0878,15.6267,12.6344,10.0883,7.95596,6.19762,4.76956,3.62686,2.72563,2.02479,1.48719,1.08026,0.776189,0.551791,0.388179,0.270258,0.18619,0.126839,0.0852541,0.0562055,0.035777,0.021026,0.00969929,0
345.789,215.19,215.104,214.881,214.473,213.91,213.188,212.307,211.266,210.065,208.704,207.184,205.503,203.662,201.661,199.5,197.179,194.699,192.058,189.257,186.296,183.176,179.895,176.454,172.853,169.092,165.172,161.091,156.85,152.449,147.889,143.168,138.287,133.246,128.046,122.686,117.166,111.489,105.658,99.6761,93.5541,87.3063,80.9555,74.5335,68.083,61.6571,55.3184,49.1362,43.1826,37.5277,32.2352,27.3579,22.9341,18.9864,15.5206,12.5274,9.98395,7.85709,6.10642,4.68749,3.55468,2.6635,1.97238,1.44382,1.04501,0.748017,0.529648,0.371046,0.257205,0.176398,0.119613,0.0800246,0.0525211,0.0332952,0.0195023,0.00897675,0
348.671,215.258,215.172,214.949,214.541,213.978,213.256,212.375,211.334,210.133,208.772,207.252,205.571,203.73,201.729,199.568,197.248,194.767,192.126,189.325,186.365,183.244,179.963,176.522,172.921,169.161,165.24,161.159,156.918,152.518,147.957,143.236,138.355,133.315,128.114,122.754,117.234,111.557,105.725,99.7419,93.6177,87.3663,81.0099,74.5801,68.1191,61.68,55.3256,49.1257,43.1532,37.4795,32.1693,27.2765,22.8403,18.8839,15.4135,12.4194,9.87872,7.75752,6.01472,4.60512,3.4824,2.60143,1.92016,1.40072,1.01009,0.720215,0.507875,0.354265,0.244472,0.166885,0.112623,0.074987,0.0489858,0.0309222,0.0180495,0.00828904,0
351.553,215.326,215.24,215.017,214.609,214.046,213.324,212.443,211.402,210.201,208.841,207.32,205.639,203.798,201.797,199.637,197.316,194.835,192.194,189.393,186.433,183.312,180.031,176.59,172.99,169.229,165.308,161.227,156.987,152.586,148.025,143.304,138.424,133.383,128.182,122.822,117.303,111.625,105.792,99.8079,93.6815,87.4266,81.0648,74.6272,68.1558,61.7034,55.3332,49.1154,43.1239,37.4311,32.1029,27.1943,22.7456,18.7804,15.3052,12.3105,9.77261,7.65724,5.92251,4.52246,3.41002,2.53943,1.86814,1.35793,0.975531,0.692793,0.48648,0.337841,0.232061,0.157654,0.105869,0.0701406,0.0455988,0.0286571,0.0166668,0.0076357,0
354.434,215.394,215.308,215.085,214.677,214.114,213.392,212.511,211.47,210.269,208.909,207.388,205.707,203.866,201.865,199.705,197.384,194.903,192.262,189.462,186.501,183.38,180.099,176.659,173.058,169.297,165.376,161.296,157.055,152.654,148.093,143.373,138.492,133.451,128.251,122.89,117.371,111.693,105.859,99.874,93.7455,87.4871,81.1201,74.6748,68.193,61.7274,55.3413,49.1055,43.0947,37.3825,32.0361,27.1115,22.65,18.6758,15.1959,12.2005,9.6656,7.55625,5.8298,4.43952,3.33755,2.47752,1.81635,1.31545,0.941339,0.665761,0.465471,0.321779,0.219975,0.148704,0.0993514,0.0654847,0.0423588,0.0264985,0.0153531,0.00701622,0
357.316,215.462,215.376,215.153,214.745,214.182,213.46,212.579,211.538,210.338,208.977,207.456,205.775,203.934,201.934,199.773,197.452,194.971,192.331,189.53,186.569,183.448,180.168,176.727,173.126,169.365,165.445,161.364,157.123,152.723,148.162,143.441,138.56,133.52,128.319,122.959,117.439,111.761,105.927,99.9403,93.8097,87.548,81.1757,74.7229,68.2307,61.7519,55.3498,49.0958,43.0656,37.3338,31.9688,27.0279,22.5534,18.5702,15.0855,12.0895,9.55769,7.45453,5.73659,4.35628,3.265,2.4157,1.76478,1.27329,0.907527,0.639129,0.444855,0.306084,0.208219,0.140038,0.0930698,0.0610184,0.0392647,0.0244453,0.0141075,0.00643007,0
360.197,215.53,215.445,215.221,214.813,214.25,213.528,212.647,211.607,210.406,209.045,207.524,205.843,204.003,202.002,199.841,197.52,195.04,192.399,189.598,186.637,183.517,180.236,176.795,173.194,169.434,165.513,161.432,157.192,152.791,148.23,143.509,138.629,133.588,128.387,123.027,117.507,111.829,105.994,100.007,93.8742,87.6092,81.2318,74.7715,68.269,61.777,55.3588,49.0865,43.0366,37.2848,31.901,26.9435,22.4558,18.4635,14.974,11.9774,9.44884,7.35208,5.64287,4.27277,3.19238,2.35399,1.71346,1.23148,0.874107,0.612908,0.424641,0.290762,0.196794,0.131656,0.0870238,0.0567405,0.0363148,0.0224961,0.012929,0.00587666,0
363.079,215.598,215.513,215.289,214.881,214.318,213.597,212.716,211.675,210.474,209.113,207.592,205.911,204.071,202.07,199.909,197.589,195.108,192.467,189.666,186.706,183.585,180.304,176.863,173.263,169.502,165.581,161.501,157.26,152.859,148.299,143.578,138.697,133.656,128.456,123.095,117.575,111.897,106.062,100.073,93.9389,87.6707,81.2883,74.8206,68.3079,61.8026,55.3683,49.0776,43.0077,37.2357,31.8327,26.8584,22.3573,18.3557,14.8613,11.8642,9.33905,7.24889,5.54863,4.18898,3.11971,2.2924,1.6624,1.19002,0.841093,0.587108,0.404836,0.275817,0.185703,0.12356,0.081213,0.0526498,0.0335077,0.0206492,0.0118162,0.00535533,0
365.961,215.666,215.581,215.357,214.949,214.386,213.665,212.784,211.743,210.542,209.181,207.66,205.98,204.139,202.138,199.977,197.657,195.176,192.535,189.735,186.774,183.653,180.373,176.932,173.331,169.57,165.65,161.569,157.328,152.928,148.367,143.646,138.766,133.725,128.524,123.164,117.644,111.965,106.129,100.14,94.0037,87.7325,81.3452,74.8702,68.3473,61.8288,55.3783,49.0689,42.9789,37.1864,31.7639,26.7725,22.2578,18.2467,14.7475,11.7499,9.22829,7.14494,5.45389,4.10492,3.04698,2.23096,1.61162,1.14892,0.808498,0.56174,0.385447,0.261255,0.174948,0.115749,0.0756365,0.0487445,0.0308414,0.018903,0.010768,0.00486542,0
368.842,215.735,215.649,215.425,215.017,214.454,213.733,212.852,211.811,210.61,209.249,207.729,206.048,204.207,202.206,200.046,197.725,195.244,192.604,189.803,186.842,183.722,180.441,177,173.399,169.639,165.718,161.637,157.397,152.996,148.435,143.715,138.834,133.793,128.593,123.232,117.712,112.033,106.197,100.207,94.0688,87.7946,81.4025,74.9203,68.3874,61.8556,55.3889,49.0607,42.9502,37.137,31.6947,26.6859,22.1572,18.1366,14.6324,11.6344,9.11656,7.04023,5.35863,4.02059,2.97422,2.16966,1.56113,1.10822,0.776336,0.536814,0.366483,0.24708,0.164533,0.108224,0.0702933,0.0450231,0.028314,0.0172556,0.00978292,0.0044062,0
371.724,215.803,215.717,215.493,215.085,214.522,213.801,212.92,211.879,210.678,209.318,207.797,206.116,204.275,202.275,200.114,197.793,195.313,192.672,189.871,186.911,183.79,180.509,177.069,173.468,169.707,165.786,161.706,157.465,153.064,148.504,143.783,138.902,133.862,128.661,123.301,117.781,112.101,106.265,100.274,94.1341,87.857,81.4602,74.9709,68.428,61.8831,55.4,49.0529,42.9217,37.0873,31.6249,26.5984,22.0556,18.0252,14.5161,11.5178,9.00382,6.93475,5.26285,3.93601,2.90144,2.10853,1.51096,1.06791,0.74462,0.512342,0.347951,0.233296,0.154458,0.100985,0.0651821,0.0414834,0.0259232,0.0157051,0.00885956,0.00397689,0
374.605,215.871,215.786,215.561,215.153,214.59,213.869,212.988,211.947,210.747,209.386,207.865,206.184,204.344,202.343,200.182,197.862,195.381,192.74,189.94,186.979,183.858,180.578,177.137,173.536,169.776,165.855,161.774,157.534,153.133,148.572,143.852,138.971,133.93,128.73,123.369,117.849,112.17,106.333,100.341,94.1996,87.9197,81.5183,75.022,68.4692,61.9111,55.4117,49.0454,42.8934,37.0375,31.5547,26.5101,21.9529,17.9127,14.3985,11.4,8.89006,6.82848,5.16656,3.85118,2.82864,2.04758,1.46111,1.02802,0.713364,0.488334,0.329858,0.219908,0.144726,0.0940317,0.0603012,0.0381231,0.0236667,0.0142494,0.00799634,0.00357667,0
377.487,215.939,215.854,215.629,215.221,214.659,213.937,213.056,212.016,210.815,209.454,207.933,206.253,204.412,202.411,200.251,197.93,195.449,192.809,190.008,187.047,183.927,180.646,177.205,173.605,169.844,165.923,161.843,157.602,153.201,148.641,143.92,139.039,133.999,128.798,123.438,117.917,112.238,106.401,100.408,94.2653,87.9827,81.5768,75.0737,68.5111,61.9398,55.424,49.0384,42.8652,36.9876,31.4839,26.421,21.8491,17.7988,14.2797,11.281,8.77527,6.72142,5.06975,3.76611,2.75585,1.98684,1.4116,0.988569,0.682584,0.464801,0.312212,0.206921,0.135337,0.0873634,0.0556489,0.0349399,0.0215419,0.0128861,0.00719163,0.0032047,0
380.368,216.007,215.922,215.697,215.289,214.727,214.006,213.125,212.084,210.883,209.522,208.002,206.321,204.48,202.48,200.319,197.998,195.518,192.877,190.076,187.116,183.995,180.714,177.274,173.673,169.912,165.992,161.911,157.671,153.27,148.709,143.989,139.108,134.067,128.867,123.506,117.986,112.306,106.469,100.475,94.3312,88.046,81.6358,75.1259,68.5535,61.9692,55.4369,49.0319,42.8372,36.9376,31.4127,26.331,21.7442,17.6837,14.1595,11.1608,8.65941,6.61356,4.97242,3.6808,2.68308,1.92632,1.36246,0.949569,0.652293,0.441755,0.29502,0.194337,0.126293,0.0809792,0.0512229,0.031931,0.019546,0.011613,0.0064437,0.00286006,0
383.25,216.075,215.99,215.765,215.357,214.795,214.074,213.193,212.152,210.951,209.591,208.07,206.389,204.549,202.548,200.387,198.067,195.586,192.945,190.145,187.184,184.063,180.783,177.342,173.742,169.981,166.06,161.98,157.739,153.338,148.778,144.057,139.177,134.136,128.935,123.575,118.054,112.375,106.537,100.543,94.3973,88.1096,81.6951,75.1786,68.5966,61.9993,55.4504,49.0258,42.8095,36.8874,31.3409,26.2401,21.6381,17.5673,14.0379,11.0392,8.54248,6.50488,4.87458,3.59527,2.61034,1.86603,1.31371,0.91104,0.622507,0.419207,0.27829,0.182161,0.117595,0.0748779,0.0470208,0.0290934,0.0176762,0.0104275,0.00575074,0.00254182,0
386.132,216.144,216.059,215.833,215.426,214.863,214.142,213.261,212.22,211.02,209.659,208.138,206.458,204.617,202.616,200.456,198.135,195.654,193.014,190.213,187.253,184.132,180.851,177.411,173.81,170.049,166.129,162.048,157.808,153.407,148.846,144.126,139.245,134.204,129.004,123.643,118.123,112.443,106.605,100.61,94.4635,88.1735,81.7549,75.2319,68.6404,62.03,55.4645,49.0203,42.782,36.8371,31.2686,26.1484,21.5309,17.4495,13.9149,10.9164,8.42444,6.39538,4.77622,3.50952,2.53765,1.80601,1.26536,0.873001,0.593241,0.397167,0.262028,0.170395,0.109243,0.0690579,0.0430398,0.0264238,0.0159291,0.009327,0.00511085,0.00224899,0
389.013,216.212,216.127,215.901,215.494,214.932,214.21,213.33,212.289,211.088,209.727,208.207,206.526,204.685,202.685,200.524,198.204,195.723,193.082,190.282,187.321,184.2,180.92,177.479,173.879,170.118,166.197,162.117,157.876,153.476,148.915,144.194,139.314,134.273,129.073,123.712,118.192,112.512,106.673,100.678,94.5299,88.2376,81.8151,75.2857,68.6848,62.0615,55.4794,49.0152,42.7547,36.7866,31.1958,26.0558,21.4225,17.3303,13.7905,10.7922,8.30528,6.28504,4.67734,3.42357,2.46503,1.74627,1.21744,0.835471,0.564511,0.375647,0.246241,0.159044,0.101237,0.0635173,0.0392769,0.0239188,0.0143016,0.00830864,0.00452207,0.00198057,0
391.895,216.28,216.195,215.969,215.562,215,214.279,213.398,212.357,211.156,209.796,208.275,206.594,204.754,202.753,200.593,198.272,195.791,193.151,190.35,187.39,184.269,180.988,177.548,173.947,170.187,166.266,162.185,157.945,153.544,148.984,144.263,139.382,134.342,129.141,123.781,118.26,112.58,106.741,100.746,94.5965,88.302,81.8756,75.3401,68.7299,62.0936,55.4949,49.0107,42.7277,36.7361,31.1225,25.9622,21.3128,17.2097,13.6647,10.6667,8.18497,6.17386,4.57795,3.33743,2.3925,1.68683,1.16997,0.79847,0.536333,0.354658,0.230936,0.148109,0.0935774,0.0582537,0.0357286,0.0215747,0.0127901,0.00736956,0.00398235,0.00173551,0
394.776,216.349,216.264,216.037,215.63,215.068,214.347,213.466,212.425,211.225,209.864,208.343,206.663,204.822,202.822,200.661,198.34,195.86,193.219,190.419,187.458,184.337,181.057,177.616,174.016,170.255,166.334,162.254,158.013,153.613,149.052,144.332,139.451,134.41,129.21,123.849,118.329,112.649,106.81,100.813,94.6633,88.3667,81.9366,75.395,68.7756,62.1266,55.5112,49.0068,42.701,36.6855,31.0487,25.8677,21.2018,17.0876,13.5373,10.5397,8.06349,6.06181,4.47806,3.25112,2.32007,1.62773,1.12297,0.762019,0.508722,0.334211,0.216118,0.137593,0.0862625,0.0532645,0.0323913,0.0193875,0.011391,0.00650677,0.0034896,0.00151272,0
397.658,216.417,216.332,216.106,215.699,215.137,214.415,213.535,212.494,211.293,209.933,208.412,206.731,204.891,202.89,200.729,198.409,195.928,193.288,190.487,187.527,184.406,181.125,177.685,174.084,170.324,166.403,162.322,158.082,153.681,149.121,144.4,139.52,134.479,129.278,123.918,118.397,112.717,106.878,100.881,94.7303,88.4316,81.998,75.4504,68.8221,62.1603,55.5282,49.0035,42.6746,36.6348,30.9743,25.7723,21.0895,16.964,13.4083,10.4113,7.94082,5.9489,4.37765,3.16464,2.24778,1.56897,1.07647,0.726139,0.481695,0.314316,0.201794,0.127497,0.0792914,0.0485464,0.0292609,0.0173529,0.0101003,0.00571713,0.00304164,0.00131111,0
400.539,216.485,216.401,216.174,215.767,215.205,214.484,213.603,212.562,211.362,210.001,208.48,206.8,204.959,202.959,200.798,198.477,195.997,193.356,190.556,187.595,184.475,181.194,177.753,174.153,170.392,166.472,162.391,158.151,153.75,149.189,144.469,139.588,134.548,129.347,123.987,118.466,112.786,106.947,100.949,94.7974,88.4968,82.0597,75.5064,68.8692,62.1948,55.546,49.0008,42.6485,36.5841,30.8995,25.6759,20.9759,16.8388,13.2778,10.2815,7.81692,5.83512,4.27674,3.07801,2.17564,1.51059,1.0305,0.690851,0.455269,0.294986,0.18797,0.117823,0.0726625,0.0440961,0.026333,0.0154665,0.00891408,0.00499743,0.00263626,0.00112955,0
403.421,216.554,216.469,216.242,215.835,215.273,214.552,213.671,212.631,211.43,210.069,208.549,206.868,205.028,203.027,200.866,198.546,196.065,193.425,190.624,187.664,184.543,181.263,177.822,174.221,170.461,166.54,162.46,158.219,153.819,149.258,144.538,139.657,134.616,129.416,124.055,118.535,112.855,107.015,101.018,94.8646,88.5623,82.1219,75.563,68.917,62.2301,55.5646,48.9987,42.6229,36.5333,30.8241,25.5785,20.861,16.712,13.1456,10.1501,7.69177,5.72044,4.17533,2.99125,2.10368,1.45262,0.98507,0.656179,0.429459,0.276229,0.17465,0.108571,0.0663736,0.0399095,0.0236028,0.0137236,0.00782817,0.00434438,0.00227119,0.000966889,0
406.303,216.622,216.538,216.31,215.904,215.342,214.621,213.74,212.699,211.499,210.138,208.617,206.937,205.096,203.096,200.935,198.614,196.134,193.493,190.693,187.732,184.612,181.331,177.891,174.29,170.53,166.609,162.528,158.288,153.887,149.327,144.606,139.726,134.685,129.485,124.124,118.604,112.923,107.084,101.086,94.932,88.628,82.1844,75.6201,68.9656,62.2662,55.584,48.9974,42.5976,36.4824,30.7481,25.48,20.7446,16.5836,13.0117,10.0171,7.56535,5.60487,4.07343,2.90438,2.03192,1.39509,0.940222,0.622143,0.404283,0.258058,0.16184,0.0997431,0.0604221,0.0359822,0.0210654,0.0121192,0.00683824,0.00375459,0.00194414,0.000821981,0
409.184,216.69,216.606,216.379,215.972,215.41,214.689,213.808,212.768,211.567,210.206,208.686,207.005,205.165,203.164,201.004,198.683,196.202,193.562,190.761,187.801,184.68,181.4,177.959,174.359,170.598,166.678,162.597,158.357,153.956,149.396,144.675,139.794,134.754,129.553,124.193,118.672,112.992,107.152,101.154,94.9996,88.694,82.2474,75.6778,69.0148,62.3031,55.6043,48.9968,42.5727,36.4316,30.6717,25.3806,20.6268,16.4535,12.8761,9.88256,7.43763,5.48838,3.97104,2.81742,1.9604,1.33802,0.895979,0.588769,0.379757,0.240481,0.149542,0.0913376,0.0548046,0.0323093,0.0187153,0.0106481,0.00593986,0.0032246,0.00165277,0.000693657,0
412.066,216.759,216.675,216.447,216.04,215.479,214.758,213.877,212.836,211.636,210.275,208.754,207.074,205.233,203.233,201.072,198.752,196.271,193.631,190.83,187.87,184.749,181.468,178.028,174.427,170.667,166.746,162.666,158.425,154.025,149.464,144.744,139.863,134.823,129.622,124.262,118.741,113.061,107.221,101.222,95.0672,88.7602,82.3107,75.736,69.0648,62.3409,55.6254,48.9969,42.5483,36.3808,30.5947,25.2801,20.5074,16.3216,12.7386,9.74636,7.30857,5.37098,3.86818,2.73038,1.88914,1.28145,0.852371,0.55608,0.355898,0.223508,0.137762,0.083354,0.0495174,0.0288856,0.0165468,0.00930508,0.00512846,0.00275094,0.00139475,0.000580748,0
414.947,216.827,216.743,216.515,216.109,215.547,214.826,213.945,212.905,211.704,210.343,208.823,207.142,205.302,203.301,201.141,198.82,196.34,193.699,190.899,187.938,184.818,181.537,178.097,174.496,170.736,166.815,162.735,158.494,154.094,149.533,144.813,139.932,134.892,129.691,124.331,118.81,113.13,107.29,101.291,95.135,88.8266,82.3743,75.7947,69.1155,62.3796,55.6475,48.9978,42.5244,36.33,30.5172,25.1785,20.3866,16.188,12.5993,9.60846,7.17815,5.25265,3.76484,2.64331,1.81817,1.22542,0.809429,0.524099,0.332723,0.207148,0.126502,0.0757908,0.044556,0.0257052,0.0145538,0.00808444,0.0043994,0.00233006,0.00116772,0.000482091,0
417.829,216.896,216.812,216.583,216.177,215.616,214.895,214.014,212.973,211.773,210.412,208.891,207.211,205.37,203.37,201.209,198.889,196.408,193.768,190.967,188.007,184.886,181.606,178.165,174.565,170.804,166.884,162.803,158.563,154.162,149.602,144.881,140.001,134.96,129.76,124.399,118.879,113.199,107.358,101.359,95.203,88.8932,82.4384,75.854,69.167,62.4192,55.6705,48.9996,42.5011,36.2793,30.4392,25.0758,20.2642,16.0524,12.4581,9.46882,7.04634,5.13338,3.66105,2.55621,1.74754,1.16995,0.767185,0.492853,0.310249,0.191412,0.115765,0.0686456,0.0399154,0.0227619,0.0127299,0.00698045,0.00374792,0.00195841,0.00096935,0.000396532,0
420.711,216.964,216.88,216.652,216.246,215.684,214.963,214.082,213.042,211.841,210.481,208.96,207.28,205.439,203.439,201.278,198.958,196.477,193.837,191.036,188.076,184.955,181.675,178.234,174.634,170.873,166.953,162.872,158.632,154.231,149.671,144.95,140.07,135.029,129.829,124.468,118.948,113.267,107.427,101.428,95.271,88.9601,82.5028,75.9139,69.2192,62.4597,55.6945,49.0022,42.4783,36.2286,30.3607,24.972,20.1401,15.915,12.315,9.32739,6.91311,5.01317,3.55681,2.46912,1.67726,1.11508,0.725672,0.462366,0.288491,0.176305,0.105551,0.0619154,0.0355899,0.0200488,0.0110684,0.00598717,0.00316924,0.00163242,0.000797315,0.000322931,0
423.592,217.033,216.949,216.72,216.314,215.753,215.032,214.151,213.11,211.91,210.549,209.029,207.348,205.508,203.507,201.347,199.026,196.546,193.905,191.105,188.144,185.024,181.743,178.303,174.702,170.942,167.021,162.941,158.7,154.3,149.739,145.019,140.139,135.098,129.898,124.537,119.017,113.336,107.496,101.497,95.3392,89.0271,82.5675,75.9743,69.2722,62.5011,55.7195,49.0058,42.4561,36.1781,30.2816,24.867,20.0144,15.7756,12.1697,9.18411,6.77842,4.89199,3.45215,2.38206,1.6074,1.06087,0.684924,0.432664,0.267467,0.161837,0.0958628,0.0555965,0.0315732,0.0175587,0.00956243,0.00509854,0.00265849,0.00134857,0.000649325,0.000260172,0
426.474,217.101,217.018,216.789,216.383,215.821,215.1,214.22,213.179,211.978,210.618,209.097,207.417,205.576,203.576,201.415,199.095,196.614,193.974,191.173,188.213,185.093,181.812,178.372,174.771,171.011,167.09,163.01,158.769,154.369,149.808,145.088,140.207,135.167,129.966,124.606,119.086,113.405,107.565,101.565,95.4075,89.0944,82.6326,76.0352,69.3259,62.5435,55.7456,49.0103,42.4345,36.1277,30.2021,24.7609,19.8869,15.6341,12.0224,9.03892,6.64223,4.76986,3.34706,2.29508,1.53797,1.00733,0.644977,0.403774,0.247191,0.148014,0.0866989,0.049684,0.0278581,0.015284,0.00820459,0.00430837,0.00221084,0.00110333,0.000523135,0.000207169,0
429.355,217.17,217.086,216.857,216.451,215.89,215.169,214.288,213.248,212.047,210.687,209.166,207.486,205.645,203.645,201.484,199.164,196.683,194.043,191.242,188.282,185.161,181.881,178.44,174.84,171.08,167.159,163.079,158.838,154.438,149.877,145.157,140.276,135.236,130.035,124.675,119.155,113.474,107.634,101.634,95.4759,89.1618,82.698,76.0967,69.3804,62.5868,55.7727,49.0158,42.4137,36.0775,30.122,24.6535,19.7577,15.4904,11.8728,8.89176,6.50452,4.64676,3.24158,2.20821,1.46904,0.954532,0.605866,0.37572,0.22768,0.134842,0.0780584,0.0441725,0.024437,0.0132164,0.00698739,0.00361037,0.00182141,0.000893257,0.00041656,0.00016287,0
432.237,217.239,217.155,216.925,216.52,215.958,215.237,214.357,213.316,212.116,210.755,209.235,207.554,205.714,203.713,201.553,199.232,196.752,194.111,191.311,188.351,185.23,181.95,178.509,174.909,171.148,167.228,163.147,158.907,154.507,149.946,145.226,140.345,135.305,130.104,124.744,119.223,113.543,107.703,101.703,95.5444,89.2295,82.7637,76.1586,69.4357,62.6312,55.8009,49.0224,42.3936,36.0275,30.0415,24.545,19.6266,15.3446,11.721,8.74257,6.36524,4.52268,3.13573,2.12148,1.40064,0.902505,0.56763,0.348531,0.208949,0.122326,0.0699394,0.0390554,0.0213014,0.0113472,0.00590307,0.00299819,0.0014854,0.000714968,0.000327487,0.000126266,0
435.118,217.307,217.224,216.994,216.588,216.027,215.306,214.425,213.385,212.184,210.824,209.303,207.623,205.782,203.782,201.622,199.301,196.821,194.18,191.38,188.419,185.299,182.019,178.578,174.978,171.217,167.297,163.216,158.976,154.575,150.015,145.295,140.414,135.374,130.173,124.813,119.292,113.612,107.772,101.772,95.6129,89.2973,82.8298,76.2211,69.4917,62.6765,55.8303,49.0301,42.3744,35.9778,29.9605,24.4352,19.4937,15.1965,11.5669,8.59128,6.22436,4.39762,3.02952,2.03495,1.33283,0.851301,0.530308,0.322231,0.19101,0.110469,0.0623382,0.0343252,0.0184421,0.00966743,0.00494369,0.00246544,0.00119803,0.00056518,0.000253888,9.63988e-05,0
438,217.376,217.292,217.062,216.657,216.096,215.375,214.494,213.454,212.253,210.893,209.372,207.692,205.851,203.851,201.69,199.37,196.89,194.249,191.449,188.488,185.368,182.087,178.647,175.047,171.286,167.366,163.285,159.045,154.644,150.084,145.364,140.483,135.443,130.242,124.882,119.361,113.681,107.841,101.841,95.6816,89.3652,82.8961,76.2841,69.5484,62.7229,55.8609,49.0389,42.356,35.9283,29.879,24.3241,19.3587,15.046,11.4103,8.43783,6.08184,4.27158,2.92299,1.94865,1.26567,0.800972,0.493939,0.296848,0.173878,0.0992749,0.0552505,0.0299732,0.0158491,0.00816754,0.00410111,0.00200574,0.000954653,0.000440722,0.000193832,7.23621e-05,0
440.882,217.444,217.361,217.131,216.726,216.164,215.443,214.563,213.522,212.322,210.961,209.441,207.76,205.92,203.92,201.759,199.439,196.958,194.318,191.517,188.557,185.437,182.156,178.716,175.115,171.355,167.435,163.354,159.114,154.713,150.153,145.433,140.552,135.512,130.311,124.951,119.43,113.75,107.91,101.91,95.7503,89.4333,82.9628,76.3476,69.606,62.7703,55.8927,49.0489,42.3385,35.8792,29.797,24.2117,19.2218,14.893,11.2511,8.28214,5.93764,4.14455,2.81617,1.86264,1.1992,0.75157,0.458564,0.272408,0.157565,0.0887444,0.0486702,0.0259898,0.0135118,0.00683762,0.00336708,0.00161275,0.000750707,0.000338562,0.000145501,5.33114e-05,0
443.763,217.513,217.43,217.199,216.794,216.233,215.512,214.632,213.591,212.391,211.03,209.51,207.829,205.989,203.988,201.828,199.508,197.027,194.387,191.586,188.626,185.506,182.225,178.785,175.184,171.424,167.504,163.423,159.183,154.782,150.222,145.502,140.621,135.581,130.38,125.02,119.5,113.819,107.979,101.979,95.8191,89.5016,83.0297,76.4116,69.6643,62.8187,55.9258,49.0603,42.322,35.8305,29.7147,24.0979,19.0827,14.7375,11.0894,8.12412,5.79172,4.01653,2.70908,1.77697,1.13349,0.70315,0.424226,0.248936,0.142082,0.0788772,0.0425899,0.0223644,0.0114189,0.00566745,0.00273327,0.00128019,0.000581794,0.000255822,0.000107195,3.84667e-05,0
446.645,217.582,217.499,217.268,216.863,216.302,215.581,214.7,213.66,212.459,211.099,209.578,207.898,206.058,204.057,201.897,199.576,197.096,194.456,191.655,188.695,185.574,182.294,178.854,175.253,171.493,167.573,163.492,159.252,154.851,150.291,145.571,140.69,135.65,130.449,125.089,119.569,113.888,108.048,102.048,95.888,89.57,83.0968,76.476,69.7233,62.8683,55.9601,49.0729,42.3066,35.7822,29.6319,23.9829,18.9415,14.5792,10.9248,7.9637,5.64403,3.88753,2.60177,1.6917,1.0686,0.65577,0.390966,0.226459,0.127438,0.0696715,0.0370007,0.0190849,0.00955832,0.00464648,0.00219131,0.00100193,0.000443692,0.000189797,7.73466e-05,2.71166e-05,0
449.526,217.651,217.567,217.337,216.932,216.37,215.65,214.769,213.729,212.528,211.168,209.647,207.967,206.126,204.126,201.966,199.645,197.165,194.525,191.724,188.764,185.643,182.363,178.923,175.322,171.562,167.641,163.561,159.321,154.92,150.36,145.64,140.759,135.719,130.518,125.158,119.638,113.957,108.117,102.117,95.9569,89.6385,83.1643,76.5409,69.7831,62.9188,55.9958,49.087,42.2923,35.7345,29.5487,23.8664,18.798,14.4183,10.7575,7.80079,5.49453,3.75756,2.49429,1.6069,1.00462,0.609492,0.358829,0.204999,0.113642,0.0611235,0.0318923,0.0161385,0.00791743,0.00376393,0.00173286,0.000771963,0.000332387,0.000137973,5.45245e-05,1.8621e-05,0
452.408,217.719,217.636,217.405,217,216.439,215.718,214.838,213.797,212.597,211.237,209.716,208.036,206.195,204.195,202.035,199.714,197.234,194.593,191.793,188.833,185.712,182.432,178.992,175.391,171.631,167.71,163.63,159.39,154.989,150.429,145.709,140.828,135.788,130.588,125.227,119.707,114.026,108.186,102.186,96.0259,89.7072,83.2319,76.6063,69.8437,62.9705,56.0329,49.1025,42.2792,35.6873,29.4652,23.7485,18.6521,14.2544,10.5871,7.63529,5.34318,3.62661,2.38668,1.52264,0.941599,0.564377,0.327858,0.184581,0.100699,0.0532273,0.0272523,0.0135109,0.00648292,0.00300883,0.00134965,0.000584526,0.000244098,9.80377e-05,3.74421e-05,1.24129e-05,0
455.289,217.788,217.705,217.474,217.069,216.508,215.787,214.907,213.866,212.666,211.305,209.785,208.105,206.264,204.264,202.103,199.783,197.303,194.662,191.862,188.902,185.781,182.501,179.061,175.46,171.7,167.78,163.699,159.459,155.058,150.498,145.778,140.897,135.857,130.657,125.296,119.776,114.096,108.255,102.255,96.095,89.7759,83.2998,76.672,69.9049,63.0233,56.0714,49.1196,42.2674,35.6409,29.3813,23.6291,18.5039,14.0874,10.4137,7.4671,5.18994,3.4947,2.27899,1.439,0.879633,0.520493,0.298097,0.165226,0.0886137,0.0459749,0.0230669,0.0111869,0.005241,0.00237009,0.00103355,0.000434086,0.000175306,6.78947e-05,2.49593e-05,7.99862e-06,0
458.171,217.857,217.774,217.542,217.138,216.577,215.856,214.975,213.935,212.735,211.374,209.854,208.173,206.333,204.333,202.172,199.852,197.372,194.731,191.931,188.971,185.85,182.57,179.13,175.529,171.769,167.849,163.768,159.528,155.128,150.567,145.847,140.967,135.926,130.726,125.365,119.845,114.165,108.324,102.324,96.1641,89.8447,83.3679,76.7382,69.9669,63.0771,56.1113,49.1382,42.2571,35.5951,29.2972,23.5083,18.353,13.9173,10.2369,7.29612,5.03474,3.36184,2.17129,1.35607,0.818803,0.477908,0.269591,0.146954,0.0773867,0.0393559,0.0193204,0.0091501,0.00417736,0.00183661,0.000776663,0.000315411,0.000122771,4.5669e-05,1.60833e-05,4.95649e-06,0
461.053,217.926,217.843,217.611,217.207,216.645,215.925,215.044,214.004,212.804,211.443,209.923,208.242,206.402,204.402,202.241,199.921,197.441,194.8,192,189.04,185.919,182.639,179.199,175.598,171.838,167.918,163.837,159.597,155.197,150.636,145.916,141.036,135.995,130.795,125.435,119.914,114.234,108.394,102.393,96.2332,89.9137,83.4361,76.8048,70.0296,63.1321,56.1527,49.1585,42.2482,35.5502,29.2128,23.386,18.1996,13.7439,10.0568,7.12224,4.87756,3.22806,2.06366,1.27393,0.759201,0.436692,0.242383,0.129784,0.067017,0.0333575,0.0159952,0.00738315,0.00327736,0.00139733,0.000571342,0.0002236,8.35549e-05,2.9712e-05,9.96633e-06,2.93454e-06,0
463.934,217.994,217.912,217.68,217.275,216.714,215.994,215.113,214.073,212.872,211.512,209.992,208.311,206.471,204.471,202.31,199.99,197.51,194.869,192.069,189.109,185.988,182.708,179.268,175.667,171.907,167.987,163.906,159.666,155.266,150.705,145.985,141.105,136.064,130.864,125.504,119.984,114.303,108.463,102.463,96.3024,89.9827,83.5046,76.8717,70.0929,63.1881,56.1956,49.1806,42.241,35.5063,29.1283,23.2621,18.0434,13.5669,9.8731,6.94532,4.71833,3.09338,1.95616,1.19269,0.700923,0.39692,0.216517,0.113731,0.0574998,0.0279637,0.0130718,0.00586765,0.00252607,0.00104138,0.000410303,0.000154128,5.50313e-05,1.86006e-05,5.90068e-06,1.64635e-06,0
466.816,218.063,217.981,217.748,217.344,216.783,216.063,215.182,214.142,212.941,211.581,210.061,208.38,206.54,204.54,202.379,200.059,197.579,194.938,192.138,189.178,186.057,182.777,179.337,175.736,171.976,168.056,163.976,159.735,155.335,150.775,146.054,141.174,136.134,130.933,125.573,120.053,114.372,108.532,102.532,96.3716,90.0518,83.5732,76.9389,70.1569,63.2452,56.2401,49.2046,42.2354,35.4634,29.0436,23.1367,17.8843,13.3863,9.68563,6.76525,4.55701,2.95784,1.84889,1.11247,0.644073,0.358666,0.192034,0.098807,0.0488271,0.0231562,0.010529,0.00458439,0.00190846,0.000758123,0.000286676,0.000102873,3.48959e-05,1.11328e-05,3.31044e-06,8.65817e-07,0
469.697,218.132,218.05,217.817,217.413,216.852,216.131,215.251,214.211,213.01,211.65,210.13,208.449,206.609,204.609,202.448,200.128,197.648,195.007,192.207,189.247,186.127,182.846,179.406,175.806,172.045,168.125,164.045,159.804,155.404,150.844,146.123,141.243,136.203,131.003,125.642,120.122,114.442,108.601,102.601,96.4409,90.1209,83.642,77.0065,70.2215,63.3034,56.2861,49.2304,42.2318,35.4217,28.9589,23.0097,17.7223,13.2019,9.49421,6.58188,4.39355,2.82146,1.74195,1.03338,0.58876,0.322008,0.168973,0.0850202,0.0409869,0.0189133,0.00834359,0.00351343,0.00140946,0.00053734,0.000194076,6.61465e-05,2.11673e-05,6.31794e-06,1.74097e-06,4.20624e-07,0
472.579,218.201,218.119,217.886,217.482,216.921,216.2,215.32,214.28,213.079,211.719,210.199,208.518,206.678,204.678,202.517,200.197,197.717,195.076,192.276,189.316,186.196,182.915,179.475,175.875,172.114,168.194,164.114,159.874,155.473,150.913,146.193,141.312,136.272,131.072,125.712,120.191,114.511,108.671,102.67,96.5102,90.1901,83.7108,77.0744,70.2868,63.3627,56.3338,49.2582,42.23,35.3813,28.8742,22.881,17.5571,13.0134,9.29863,6.39507,4.2279,2.68432,1.63545,0.955556,0.535102,0.287025,0.147373,0.0723748,0.0339628,0.0152101,0.00649086,0.00263428,0.00101423,0.000369292,0.000126658,4.07102e-05,1.21812e-05,3.36312e-06,8.45786e-07,1.84913e-07,0
475.461,218.27,218.188,217.954,217.551,216.99,216.269,215.389,214.349,213.148,211.788,210.268,208.587,206.747,204.747,202.586,200.266,197.786,195.146,192.345,189.385,186.265,182.984,179.544,175.944,172.184,168.263,164.183,159.943,155.543,150.982,146.262,141.382,136.341,131.141,125.781,120.261,114.58,108.74,102.74,96.5795,90.2594,83.7798,77.1426,70.3526,63.4231,56.383,49.2882,42.2304,35.3424,28.7896,22.7508,17.3886,12.8205,9.09864,6.20465,4.06002,2.54645,1.52953,0.87915,0.48322,0.253795,0.127266,0.0608699,0.0277339,0.0120189,0.00494439,0.00192609,0.00070826,0.000244858,7.91764e-05,2.3785e-05,6.57856e-06,1.65471e-06,3.71823e-07,7.1309e-08,0
478.342,218.339,218.257,218.023,217.62,217.059,216.338,215.458,214.418,213.217,211.857,210.337,208.656,206.816,204.816,202.656,200.335,197.855,195.215,192.414,189.454,186.334,183.054,179.613,176.013,172.253,168.333,164.252,160.012,155.612,151.051,146.331,141.451,136.411,131.21,125.85,120.33,114.65,108.809,102.809,96.6488,90.3287,83.8489,77.211,70.4189,63.4844,56.4339,49.3202,42.2331,35.3051,28.7053,22.6189,17.2167,12.6231,8.89399,6.01045,3.88986,2.40795,1.42432,0.804319,0.433246,0.222398,0.108683,0.0504984,0.0222741,0.00930842,0.00367641,0.00136795,0.000477596,0.000155641,4.70205e-05,1.30493e-05,3.28533e-06,7.37037e-07,1.43389e-07,2.29369e-08,0
481.224,218.408,218.326,218.092,217.689,217.128,216.407,215.527,214.487,213.286,211.926,210.406,208.725,206.885,204.885,202.725,200.404,197.924,195.284,192.484,189.523,186.403,183.123,179.683,176.082,172.322,168.402,164.322,160.081,155.681,151.121,146.4,141.52,136.48,131.28,125.919,120.399,114.719,108.879,102.878,96.7182,90.398,83.9181,77.2796,70.4858,63.5467,56.4865,49.3546,42.2382,35.2697,28.6214,22.4854,17.0412,12.4209,8.68441,5.81228,3.71738,2.2689,1.32,0.73124,0.385317,0.192912,0.0916458,0.0412467,0.0175521,0.00704447,0.00265807,0.000939112,0.000309037,9.40683e-05,2.62419e-05,6.62423e-06,1.48578e-06,2.8803e-07,4.61221e-08,5.58179e-09,0
484.105,218.477,218.395,218.161,217.758,217.197,216.476,215.596,214.556,213.355,211.995,210.475,208.795,206.954,204.954,202.794,200.473,197.993,195.353,192.553,189.592,186.472,183.192,179.752,176.152,172.391,168.471,164.391,160.151,155.75,151.19,146.47,141.59,136.549,131.349,125.989,120.469,114.788,108.948,102.948,96.7876,90.4674,83.9874,77.3484,70.5531,63.61,56.5407,49.3912,42.2459,35.2363,28.5379,22.3502,16.8619,12.2135,8.46957,5.60995,3.54255,2.12941,1.21676,0.660104,0.339574,0.165411,0.0761713,0.0330934,0.0135309,0.00518988,0.00185977,0.000619334,0.000190337,5.3479e-05,1.35612e-05,3.04668e-06,5.89598e-07,9.38382e-08,1.12241e-08,8.12218e-10,0
486.987,218.546,218.464,218.23,217.827,217.266,216.545,215.665,214.625,213.424,212.064,210.544,208.864,207.023,205.023,202.863,200.543,198.062,195.422,192.622,189.662,186.541,183.261,179.821,176.221,172.461,168.54,164.46,160.22,155.82,151.259,146.539,141.659,136.619,131.418,126.058,120.538,114.858,109.017,103.017,96.857,90.5368,84.0567,77.4174,70.6208,63.6742,56.5965,49.4303,42.2564,35.2052,28.4552,22.2133,16.6786,12.0007,8.24912,5.40322,3.36533,1.98961,1.1148,0.591121,0.296167,0.139968,0.062267,0.0260088,0.0101677,0.00370487,0.00125158,0.000389238,0.000110391,2.81794e-05,6.35413e-06,1.22997e-06,1.94967e-07,2.30961e-08,1.63327e-09,0,0
489.868,218.615,218.533,218.299,217.896,217.335,216.614,215.734,214.694,213.493,212.133,210.613,208.933,207.093,205.092,202.932,200.612,198.132,195.491,192.691,189.731,186.611,183.33,179.89,176.29,172.53,168.61,164.529,160.289,155.889,151.329,146.608,141.728,136.688,131.488,126.128,120.607,114.927,109.087,103.087,96.9265,90.6063,84.1261,77.4865,70.689,63.7393,56.654,49.4718,42.2698,35.1766,28.3734,22.0749,16.491,11.7819,8.02269,5.19188,3.1857,1.84966,1.01438,0.524519,0.255249,0.116647,0.0499298,0.0199534,0.00741388,0.00254749,0.000803777,0.000230657,5.941e-05,1.34757e-05,2.61489e-06,4.13741e-07,4.86512e-08,3.37384e-09,0,0,0
492.75,218.684,218.602,218.367,217.965,217.404,216.683,215.803,214.763,213.563,212.202,210.682,209.002,207.162,205.161,203.001,200.681,198.201,195.561,192.76,189.8,186.68,183.4,179.96,176.359,172.599,168.679,164.599,160.358,155.958,151.398,146.678,141.798,136.757,131.557,126.197,120.677,114.997,109.156,103.156,96.9959,90.6757,84.1956,77.5557,70.7574,63.8052,56.713,49.5158,42.2864,35.1509,28.2928,21.9349,16.2991,11.5569,7.78984,4.97565,3.00366,1.70976,0.915762,0.460548,0.216975,0.095503,0.0391439,0.0148778,0.00521541,0.00167423,0.000487453,0.000127011,2.90523e-05,5.66495e-06,8.9688e-07,1.04946e-07,7.162e-09,0,0,0,0
495.632,218.753,218.671,218.436,218.034,217.473,216.753,215.872,214.832,213.632,212.272,210.751,209.071,207.231,205.231,203.07,200.75,198.27,195.63,192.83,189.869,186.749,183.469,180.029,176.429,172.668,168.748,164.668,160.428,156.028,151.467,146.747,141.867,136.827,131.627,126.266,120.746,115.066,109.226,103.226,97.0654,90.7452,84.2651,77.6251,70.8261,63.8718,56.7735,49.5624,42.3063,35.1283,28.2136,21.7933,16.1024,11.3251,7.55008,4.75425,2.81921,1.57014,0.819275,0.399475,0.1815,0.0765802,0.029879,0.0107216,0.00351294,0.00104086,0.000275152,6.36443e-05,1.25041e-05,1.98614e-06,2.31891e-07,1.56296e-08,0,0,0,0,0
498.513,218.822,218.741,218.505,218.103,217.542,216.822,215.941,214.901,213.701,212.341,210.82,209.14,207.3,205.3,203.14,200.819,198.339,195.699,192.899,189.939,186.819,183.538,180.098,176.498,172.738,168.818,164.737,160.497,156.097,151.537,146.817,141.936,136.896,131.696,126.336,120.816,115.136,109.295,103.295,97.1349,90.8147,84.3346,77.6945,70.8951,63.939,56.8356,49.6117,42.3299,35.1093,28.1362,21.6503,15.9007,11.0859,7.30284,4.52739,2.63239,1.43108,0.725276,0.34159,0.148978,0.0599053,0.0220871,0.00741309,0.00224287,0.000603475,0.000141592,2.81128e-05,4.49321e-06,5.2501e-07,3.50781e-08,0,0,0,0,0,0
501.395,218.891,218.81,218.574,218.172,217.611,216.891,216.011,214.97,213.77,212.41,210.89,209.209,207.369,205.369,203.209,200.889,198.409,195.768,192.968,190.008,186.888,183.608,180.167,176.567,172.807,168.887,164.807,160.567,156.166,151.606,146.886,142.006,136.966,131.766,126.405,120.885,115.205,109.365,103.365,97.2045,90.8843,84.4041,77.764,70.9643,64.0069,56.899,49.6635,42.3572,35.0941,28.061,21.506,15.6937,10.8387,7.04751,4.29472,2.44326,1.29294,0.634178,0.287205,0.119552,0.0454844,0.0157011,0.00486957,0.00133847,0.000319661,6.43541e-05,1.03834e-05,1.21818e-06,8.09973e-08,0,0,0,0,0,0,0
504.276,218.96,218.879,218.643,218.241,217.68,216.96,216.08,215.039,213.839,212.479,210.959,209.279,207.439,205.438,203.278,200.958,198.478,195.838,193.038,190.077,186.957,183.677,180.237,176.637,172.877,168.956,164.876,160.636,156.236,151.676,146.956,142.075,137.035,131.835,126.475,120.955,115.275,109.434,103.434,97.274,90.9539,84.4737,77.8336,71.0337,64.0752,56.9637,49.718,42.3884,35.0834,27.9885,21.3606,15.481,10.5829,6.78334,4.05588,2.25193,1.15612,0.546452,0.236648,0.0933527,0.0332965,0.0106319,0.00299772,0.000731617,0.000149908,2.45068e-05,2.8973e-06,1.92499e-07,0,0,0,0,0,0,0,0
507.158,219.03,218.948,218.712,218.31,217.749,217.029,216.149,215.109,213.909,212.548,211.028,209.348,207.508,205.508,203.348,201.027,198.547,195.907,193.107,190.147,187.027,183.746,180.306,176.706,172.946,169.026,164.946,160.705,156.305,151.745,147.025,142.145,137.105,131.905,126.544,121.024,115.344,109.504,103.504,97.3436,91.0234,84.5433,77.9032,71.1031,64.144,57.0296,49.7749,42.4239,35.0775,27.9193,21.2143,15.2624,10.3175,6.5095,3.81047,2.05856,1.02115,0.462636,0.190259,0.0704848,0.0232877,0.00676739,0.00169539,0.000355074,5.90551e-05,7.06416e-06,4.7108e-07,0,0,0,0,0,0,0,0,0
510.039,219.099,219.017,218.781,218.379,217.819,217.098,216.218,215.178,213.978,212.618,211.097,209.417,207.577,205.577,203.417,201.097,198.617,195.976,193.176,190.216,187.096,183.816,180.376,176.776,173.015,169.095,165.015,160.775,156.375,151.815,147.095,142.214,137.174,131.974,126.614,121.094,115.414,109.573,103.573,97.4132,91.0931,84.6129,77.9728,71.1727,64.2131,57.0966,49.8344,42.4637,35.077,27.854,21.0674,15.0373,10.0415,6.22499,3.55807,1.86339,0.888646,0.383338,0.148389,0.0510192,0.0153639,0.00397135,0.000854298,0.000145229,1.76574e-05,1.18756e-06,0,0,0,0,0,0,0,0,0,0
512.921,219.168,219.087,218.85,218.448,217.888,217.168,216.287,215.247,214.047,212.687,211.167,209.487,207.646,205.646,203.486,201.166,198.686,196.046,193.246,190.285,187.165,183.885,180.445,176.845,173.085,169.165,165.085,160.844,156.444,151.884,147.164,142.284,137.244,132.044,126.683,121.163,115.483,109.643,103.643,97.4828,91.1627,84.6826,78.0424,71.2423,64.2824,57.1644,49.8962,42.5079,35.0824,27.7935,20.9204,14.8053,9.7538,5.92864,3.29819,1.66679,0.759391,0.309249,0.111378,0.0349757,0.00938366,0.002085,0.000364229,4.52447e-05,3.08537e-06,0,0,0,0,0,0,0,0,0,0,0
515.803,219.237,219.156,218.919,218.517,217.957,217.237,216.357,215.316,214.116,212.756,211.236,209.556,207.716,205.716,203.556,201.235,198.755,196.115,193.315,190.355,187.235,183.955,180.515,176.914,173.154,169.234,165.154,160.914,156.514,151.954,147.234,142.353,137.313,132.113,126.753,121.233,115.553,109.713,103.713,97.5525,91.2323,84.7522,78.1121,71.312,64.352,57.2329,49.9601,42.5566,35.0945,27.7388,20.774,14.566,9.45295,5.61904,3.03034,1.46926,0.634339,0.24114,0.0795433,0.0223043,0.00515259,0.000930696,0.000118822,8.2651e-06,0,0,0,0,0,0,0,0,0,0,0,0
518.684,219.306,219.225,218.988,218.587,218.026,217.306,216.426,215.386,214.186,212.826,211.305,209.625,207.785,205.785,203.625,201.305,198.825,196.185,193.384,190.424,187.304,184.024,180.584,176.984,173.224,169.304,165.224,160.983,156.583,152.023,147.303,142.423,137.383,132.183,126.823,121.303,115.622,109.782,103.782,97.6221,91.302,84.8219,78.1818,71.3817,64.4216,57.3019,50.0258,42.6098,35.1137,27.6911,20.6289,14.3188,9.13721,5.2945,2.75401,1.27153,0.514675,0.179863,0.0531425,0.0128625,0.00241977,0.000319712,2.28395e-05,0,0,0,0,0,0,0,0,0,0,0,0,0
521.566,219.376,219.295,219.057,218.656,218.096,217.375,216.495,215.455,214.255,212.895,211.375,209.695,207.855,205.854,203.694,201.374,198.894,196.254,193.454,190.494,187.374,184.094,180.654,177.053,173.293,169.373,165.293,161.053,156.653,152.093,147.373,142.493,137.453,132.252,126.892,121.372,115.692,109.852,103.852,97.6918,91.3717,84.8916,78.2515,71.4514,64.4913,57.3714,50.0931,42.6673,35.1408,27.6519,20.4864,14.0632,8.80443,4.95291,2.46865,1.07465,0.401875,0.126329,0.0323307,0.00638962,0.000880827,6.51378e-05,0,0,0,0,0,0,0,0,0,0,0,0,0,0
524.447,219.445,219.364,219.126,218.725,218.165,217.445,216.565,215.524,214.324,212.964,211.444,209.764,207.924,205.924,203.764,201.444,198.964,196.323,193.523,190.563,187.443,184.163,180.723,177.123,173.363,169.443,165.363,161.123,156.723,152.162,147.442,142.562,137.522,132.322,126.962,121.442,115.762,109.922,103.922,97.7615,91.4414,84.9614,78.3213,71.5212,64.5611,57.441,50.1616,42.7288,35.1762,27.623,20.3482,13.7988,8.45188,4.59162,2.17379,0.8801,0.297765,0.0814717,0.0170921,0.00248248,0.000191827,0,0,0,0,0,0,0,0,0,0,0,0,0,0,0
527.329,219.514,219.434,219.196,218.794,218.234,217.514,216.634,215.594,214.394,213.034,211.514,209.833,207.993,205.993,203.833,201.513,199.033,196.393,193.593,190.633,187.513,184.233,180.793,177.193,173.432,169.512,165.432,161.192,156.792,152.232,147.512,142.632,137.592,132.392,127.032,121.512,115.831,109.991,103.991,97.8313,91.5112,85.0311,78.391,71.591,64.6309,57.5108,50.2309,42.7936,35.2203,27.6064,20.2166,13.5252,8.07601,4.2072,1.86906,0.690079,0.204603,0.04615,0.00714699,0.000583634,0,0,0,0,0,0,0,0,0,0,0,0,0,0,0,0
530.211,219.584,219.503,219.265,218.864,218.304,217.583,216.703,215.663,214.463,213.103,211.583,209.903,208.063,206.063,203.903,201.583,199.103,196.462,193.662,190.702,187.582,184.302,180.862,177.262,173.502,169.582,165.502,161.262,156.862,152.302,147.582,142.702,137.661,132.461,127.101,121.581,115.901,110.061,104.061,97.901,91.581,85.1009,78.4608,71.6608,64.7007,57.5806,50.3006,42.8611,35.273,27.6046,20.0951,13.2422,7.67207,3.79514,1.55444,0.507799,0.125129,0.0209732,0.00183553,0,0,0,0,0,0,0,0,0,0,0,0,0,0,0,0,0
533.092,219.653,219.572,219.334,218.933,218.373,217.653,216.773,215.733,214.533,213.172,211.652,209.972,208.132,206.132,203.972,201.652,199.172,196.532,193.732,190.772,187.652,184.372,180.932,177.332,173.572,169.652,165.572,161.331,156.931,152.371,147.651,142.771,137.731,132.531,127.171,121.651,115.971,110.131,104.131,97.9708,91.6507,85.1707,78.5306,71.7306,64.7705,57.6505,50.3704,42.9303,35.3335,27.6201,19.9889,12.9504,7.2334,3.34921,1.2306,0.338099,0.0625256,0.00597057,0,0,0,0,0,0,0,0,0,0,0,0,0,0,0,0,0,0
535.974,219.722,219.642,219.403,219.002,218.442,217.722,216.842,215.802,214.602,213.242,211.722,210.042,208.202,206.202,204.042,201.722,199.242,196.602,193.802,190.841,187.721,184.441,181.001,177.401,173.641,169.721,165.641,161.401,157.001,152.441,147.721,142.841,137.801,132.601,127.241,121.721,116.041,110.201,104.201,98.0406,91.7205,85.2405,78.6005,71.8004,64.8404,57.7203,50.4403,43.0002,35.4002,27.6551,19.9056,12.6517,6.75022,2.86046,0.899849,0.188367,0.020098,0,0,0,0,0,0,0,0,0,0,0,0,0,0,0,0,0,0,0
538.855,219.792,219.711,219.472,219.072,218.512,217.792,216.912,215.872,214.671,213.311,211.791,210.111,208.271,206.271,204.111,201.791,199.311,196.671,193.871,190.911,187.791,184.511,181.071,177.471,173.711,169.791,165.711,161.471,157.071,152.511,147.791,142.911,137.871,132.671,127.311,121.791,116.111,110.27,104.27,98.1104,91.7904,85.3103,78.6703,71.8703,64.9102,57.7902,50.5102,43.0701,35.4701,27.7101,19.8569,12.352,6.20702,2.31521,0.568408,0.0700536,0,0,0,0,0,0,0,0,0,0,0,0,0,0,0,0,0,0,0,0
541.737,219.861,219.781,219.541,219.141,218.581,217.861,216.981,215.941,214.741,213.381,211.861,210.181,208.341,206.341,204.181,201.861,199.381,196.741,193.941,190.981,187.861,184.581,181.141,177.541,173.781,169.861,165.781,161.541,157.14,152.58,147.86,142.98,137.94,132.74,127.38,121.86,116.18,110.34,104.34,98.1803,91.8602,85.3802,78.7402,71.9402,64.9801,57.8601,50.5801,43.1401,35.5401,27.78,19.86,12.0673,5.57624,1.69072,0.252999,0,0,0,0,0,0,0,0,0,0,0,0,0,0,0,0,0,0,0,0,0
544.618,219.931,219.85,219.611,219.211,218.651,217.931,217.05,216.01,214.81,213.45,211.93,210.25,208.41,206.41,204.25,201.93,199.45,196.81,194.01,191.05,187.93,184.65,181.21,177.61,173.85,169.93,165.85,161.61,157.21,152.65,147.93,143.05,138.01,132.81,127.45,121.93,116.25,110.41,104.41,98.2501,91.9301,85.4501,78.8101,72.0101,65.0501,57.93,50.65,43.21,35.61,27.85,19.93,11.85,4.79672,0.947316,0,0,0,0,0,0,0,0,0,0,0,0,0,0,0,0,0,0,0,0,0,0
547.5,220,219.92,219.68,219.28,218.72,218,217.12,216.08,214.88,213.52,212,210.32,208.48,206.48,204.32,202,199.52,196.88,194.08,191.12,188,184.72,181.28,177.68,173.92,170,165.92,161.68,157.28,152.72,148,143.12,138.08,132.88,127.52,122,116.32,110.48,104.48,98.32,92,85.52,78.88,72.08,65.12,58,50.72,43.28,35.68,27.92,20,11.92,3.68,0,0,0,0,0,0,0,0,0,0,0,0,0,0,0,0,0,0,0,0,0,0,0
