t(days),0,0.0711111,0.284444,0.64,1.13778,1.77778,2.56,3.48444,4.55111,5.76,7.11111,8.60444,10.24,12.0178,13.9378,16,18.2044,20.5511,23.04,25.6711,28.4444,31.36,34.4178,37.6178,40.96,44.4444,48.0711,51.84,55.7511,59.8044,64,68.3378,72.8178,77.44,82.2044,87.1111,92.16,97.3511,102.684,108.16,113.778,119.538,125.44,131.484,137.671,144,150.471,157.084,163.84,170.738,177.778,184.96,192.284,199.751,207.36,215.111,223.004,231.04,239.218,247.538,256,264.604,273.351,282.24,291.271,300.444,309.76,319.218,328.818,338.56,348.444,358.471,368.64,378.951,389.404,400
0,0,1.72914e-32,9.90904e-30,2.19401e-27,3.2191e-25,3.10992e-23,2.06998e-21,9.9046e-20,3.5285e-18,9.6311e-17,2.06258e-15,3.536e-14,4.9372e-13,5.70039e-12,5.51646e-11,4.52978e-10,3.19188e-09,1.95031e-08,1.04351e-07,4.93408e-07,2.0797e-06,7.87824e-06,2.70298e-05,8.46054e-05,0.000243255,0.000646567,0.00159827,0.00369476,0.00802917,0.0164809,0.032095,0.0595409,0.10562,0.17978,0.294562,0.465941,0.713466,1.06019,1.53233,2.1587,2.96995,3.99756,5.2729,6.82611,8.68515,10.8749,13.4167,16.3273,19.6194,23.301,27.3754,31.8422,36.6972,41.9327,47.5386,53.5027,59.8112,66.4492,73.4013,80.652,88.186,95.9883,104.045,112.342,120.867,129.61,138.558,147.703,157.036,166.549,176.236,186.089,196.102,206.271,216.592,227.058
2.10983,0,1.36068e-32,7.87241e-30,1.75962e-27,2.60629e-25,2.54174e-23,1.70772e-21,8.24765e-20,2.96544e-18,8.16836e-17,1.76514e-15,3.05297e-14,4.29995e-13,5.00696e-12,4.88566e-11,4.04414e-10,2.87187e-09,1.76794e-08,9.52722e-08,4.5357e-07,1.92424e-06,7.33423e-06,2.53094e-05,7.96524e-05,0.000230183,0.000614731,0.00152629,0.00354286,0.00772829,0.0159189,0.0311007,0.0578677,0.102932,0.175642,0.288441,0.457213,0.701438,1.04413,1.5115,2.13242,2.93761,3.95871,5.22722,6.77348,8.62566,10.8089,13.3445,16.2496,19.537,23.2146,27.286,31.7507,36.6044,41.8395,47.4459,53.4111,59.7212,66.3614,73.3161,80.5696,88.1066,95.9121,103.972,112.272,120.801,129.546,138.497,147.645,156.981,166.497,176.185,186.04,196.056,206.227,216.55,227.018
4.21965,0,1.06853e-32,6.24191e-30,1.40852e-27,2.10623e-25,2.07365e-23,1.40645e-21,6.85656e-20,2.48828e-18,6.91727e-17,1.50839e-15,2.63228e-14,3.74e-13,4.39237e-12,4.32183e-11,3.6065e-10,2.58121e-09,1.60102e-08,8.69025e-08,4.16586e-07,1.77895e-06,6.82266e-06,2.36822e-05,7.49416e-05,0.000217685,0.000584151,0.00145685,0.0033957,0.0074357,0.0153705,0.0301273,0.056225,0.100286,0.17156,0.282389,0.448566,0.6895,1.02816,1.49077,2.10623,2.90535,3.9199,5.18156,6.72084,8.56611,10.7427,13.2721,16.1718,19.4543,23.128,27.1963,31.6589,36.5114,41.7462,47.353,53.3193,59.6311,66.2735,73.2307,80.4871,88.0272,95.8358,103.899,112.202,120.734,129.482,138.436,147.587,156.925,166.444,176.135,185.992,196.01,206.183,216.508,226.978
6.32948,0,8.37354e-33,4.93911e-30,1.12528e-27,1.69891e-25,1.6887e-23,1.1563e-21,5.69054e-20,2.08454e-18,5.84877e-17,1.28709e-15,2.26636e-14,3.24861e-13,3.84831e-12,3.81846e-11,3.21255e-10,2.31747e-09,1.44839e-08,7.91931e-08,3.8228e-07,1.64329e-06,6.34194e-06,2.21439e-05,7.04638e-05,0.000205744,0.00055479,0.00138988,0.00325318,0.00715128,0.0148355,0.0291748,0.0546127,0.0976821,0.167532,0.276405,0.439999,0.677651,1.01229,1.47013,2.08012,2.87316,3.88114,5.13591,6.66818,8.50651,10.6764,13.1997,16.0937,19.3715,23.0411,27.1065,31.5669,36.4182,41.6526,47.2598,53.2272,59.5408,66.1854,73.1453,80.4046,87.9477,95.7595,103.826,112.132,120.667,129.419,138.376,147.529,156.87,166.391,176.084,185.944,195.964,206.139,216.465,226.938
8.43931,0,6.54795e-33,3.9002e-30,8.9721e-28,1.36774e-25,1.37268e-23,9.4896e-22,4.71478e-20,1.74346e-18,4.93759e-17,1.09662e-15,1.94852e-14,2.81795e-13,3.36727e-12,3.36958e-11,2.85831e-10,2.0784e-09,1.30897e-08,7.20981e-08,3.50483e-07,1.5167e-06,5.89053e-06,2.06908e-05,6.62099e-05,0.000194341,0.000526614,0.00132532,0.00311522,0.00687488,0.0143138,0.0282428,0.0530305,0.0951198,0.163559,0.270489,0.431513,0.665894,0.996514,1.44959,2.0541,2.84104,3.84243,5.09028,6.6155,8.44685,10.6101,13.1271,16.0155,19.2884,22.9541,27.0163,31.4747,36.3247,41.5588,47.1664,53.135,59.4504,66.0972,73.0597,80.3219,87.8682,95.6832,103.753,112.062,120.6,129.355,138.315,147.471,156.815,166.338,176.033,185.895,195.918,206.095,216.423,226.898
10.5491,0,5.10932e-33,3.07339e-30,7.13928e-28,1.099e-25,1.11372e-23,7.774e-22,3.89959e-20,1.45577e-18,4.16174e-17,9.32908e-16,1.67283e-14,2.441e-13,2.9425e-12,2.96976e-11,2.54014e-10,1.86192e-09,1.18174e-08,6.55747e-08,3.21038e-07,1.39867e-06,5.46695e-06,1.9319e-05,6.21712e-05,0.000183457,0.000499588,0.00126311,0.00298173,0.00660638,0.0138052,0.0273313,0.0514784,0.0925991,0.159641,0.264642,0.423109,0.654227,0.980835,1.42914,2.02816,2.80899,3.80376,5.04467,6.5628,8.38714,10.5436,13.0543,15.9371,19.2051,22.8668,26.926,31.3822,36.231,41.4647,47.0728,53.0426,59.3597,66.0088,72.974,80.2392,87.7886,95.6068,103.679,111.993,120.534,129.291,138.254,147.413,156.759,166.285,175.983,185.847,195.872,206.051,216.381,226.858
12.659,0,3.97803e-33,2.41674e-30,5.66927e-28,8.81315e-26,9.01898e-24,6.35694e-22,3.2197e-20,1.21351e-18,3.50214e-17,7.92416e-16,1.43403e-14,2.1115e-13,2.56788e-12,2.61408e-11,2.25469e-10,1.66611e-09,1.06574e-08,5.95822e-08,2.93794e-07,1.28872e-06,5.06976e-06,1.80248e-05,5.83391e-05,0.000173074,0.000473679,0.0012032,0.0028526,0.00634564,0.0133095,0.0264399,0.0499559,0.0901199,0.155778,0.258863,0.414786,0.642653,0.965255,1.40879,2.00232,2.77701,3.76515,4.99908,6.51009,8.32737,10.477,12.9815,15.8586,19.1217,22.7793,26.8354,31.2895,36.1371,41.3705,46.9791,52.95,59.2689,65.9204,72.8882,80.1564,87.7089,95.5304,103.606,111.923,120.467,129.228,138.194,147.355,156.704,166.232,175.933,185.799,195.825,206.007,216.339,226.818
14.7688,0,3.09033e-33,1.8963e-30,4.4926e-28,7.05338e-26,7.28956e-24,5.18855e-22,2.65361e-20,1.00983e-18,2.94226e-17,6.72027e-16,1.22748e-14,1.82388e-13,2.23791e-12,2.29803e-11,1.99888e-10,1.48919e-09,9.60093e-09,5.40827e-08,2.68609e-07,1.18637e-06,4.69761e-06,1.68046e-05,5.47053e-05,0.000163175,0.000448852,0.00114552,0.00272775,0.00609254,0.0128265,0.0255685,0.0484631,0.0876821,0.15197,0.253153,0.406545,0.631171,0.949772,1.38854,1.97657,2.74511,3.72659,4.95351,6.45736,8.26755,10.4104,12.9085,15.7798,19.038,22.6916,26.7446,31.1965,36.0429,41.276,46.885,52.8572,59.178,65.8317,72.8023,80.0735,87.6292,95.454,103.533,111.853,120.401,129.164,138.133,147.297,156.649,166.179,175.882,185.751,195.779,205.963,216.297,226.778
16.8786,0,2.3953e-33,1.48468e-30,3.55266e-28,5.63353e-26,5.88024e-24,4.22694e-22,2.18309e-20,8.38887e-19,2.46778e-17,5.69022e-16,1.04908e-14,1.57316e-13,1.94766e-12,2.01756e-11,1.7699e-10,1.3295e-09,8.63971e-09,4.90404e-08,2.45347e-07,1.09117e-06,4.34917e-06,1.56551e-05,5.12617e-05,0.000153743,0.000425076,0.00109002,0.00260709,0.00584694,0.0123561,0.0247169,0.0469997,0.0852855,0.148216,0.247513,0.398386,0.619782,0.93439,1.36839,1.95091,2.71329,3.68808,4.90796,6.40462,8.20767,10.3437,12.8353,15.7009,18.9542,22.6037,26.6535,31.1033,35.9485,41.1812,46.7908,52.7642,59.0868,65.7429,72.7163,79.9905,87.5494,95.3776,103.46,111.783,120.334,129.101,138.072,147.24,156.594,166.127,175.832,185.703,195.733,205.919,216.255,226.738
18.9884,0,1.85232e-33,1.15984e-30,2.80336e-28,4.49021e-26,4.73397e-24,3.43697e-22,1.79271e-20,6.95649e-19,2.06632e-17,4.81027e-16,8.95232e-15,1.3549e-13,1.69269e-12,1.76897e-11,1.56519e-10,1.18553e-09,7.76608e-09,4.44219e-08,2.23882e-07,1.0027e-06,4.0232e-06,1.45729e-05,4.80006e-05,0.000144761,0.000402317,0.00103664,0.00249053,0.00560871,0.0118981,0.0238849,0.0455654,0.0829299,0.144518,0.241941,0.39031,0.608487,0.919107,1.34833,1.92534,2.68155,3.64963,4.86244,6.35187,8.14773,10.2768,12.762,15.6219,18.8701,22.5155,26.5622,31.0098,35.8538,41.0863,46.6964,52.6711,58.9955,65.654,72.6302,79.9074,87.4696,95.3011,103.387,111.713,120.267,129.037,138.012,147.182,156.539,166.074,175.781,185.654,195.687,205.875,216.213,226.698
21.0983,0,1.42908e-33,9.04027e-31,2.20728e-28,3.57144e-26,3.80346e-24,2.78921e-22,1.46939e-20,5.75837e-19,1.7272e-17,4.05972e-16,7.62745e-15,1.16519e-13,1.46901e-12,1.54892e-11,1.3824e-10,1.05588e-09,6.9729e-09,4.01957e-08,2.04092e-07,9.20559e-07,3.71847e-06,1.35548e-05,4.49142e-05,0.000136213,0.000380543,0.000985319,0.00237797,0.00537771,0.0114524,0.0230723,0.04416,0.0806152,0.140873,0.236438,0.382317,0.597286,0.903925,1.32838,1.89987,2.64988,3.61123,4.81694,6.2991,8.08774,10.2099,12.6886,15.5426,18.7858,22.4271,26.4707,30.9161,35.7589,40.991,46.6017,52.5777,58.9041,65.565,72.5439,79.8243,87.3897,95.2246,103.314,111.644,120.201,128.974,137.951,147.124,156.484,166.022,175.731,185.606,195.641,205.831,216.171,226.658
23.2081,0,1.09993e-33,7.03025e-31,1.73412e-28,2.83461e-26,3.04959e-24,2.25907e-22,1.2021e-20,4.75793e-19,1.44122e-17,3.42056e-16,6.48831e-15,1.00052e-13,1.27304e-12,1.35439e-11,1.21937e-10,9.3926e-10,6.25353e-09,3.63324e-08,1.85864e-07,8.44352e-07,3.43384e-06,1.25976e-05,4.19951e-05,0.000128082,0.000359725,0.000936012,0.00226933,0.00515382,0.0110186,0.0222789,0.0427834,0.0783411,0.137283,0.231004,0.374406,0.586179,0.888845,1.30854,1.8745,2.6183,3.57289,4.77146,6.24631,8.0277,10.1428,12.615,15.4632,18.7013,22.3385,26.3789,30.8221,35.6637,40.8956,46.5068,52.4841,58.8124,65.4758,72.4576,79.741,87.3098,95.148,103.241,111.574,120.134,128.91,137.891,147.067,156.428,165.969,175.681,185.558,195.595,205.787,216.129,226.617
25.3179,0,8.44559e-34,5.45442e-31,1.35932e-28,2.24494e-26,2.44005e-24,1.82603e-22,9.81533e-21,3.92404e-19,1.20046e-17,2.87716e-16,5.51036e-15,8.57791e-14,1.1016e-12,1.18264e-11,1.07415e-10,8.34482e-10,5.60182e-09,3.28044e-08,1.69091e-07,7.73716e-07,3.16819e-06,1.16985e-05,3.92362e-05,0.000120354,0.00033983,0.000888659,0.00216451,0.0049369,0.0105968,0.0215044,0.0414354,0.0761075,0.133748,0.225639,0.366579,0.575168,0.873868,1.28879,1.84922,2.58679,3.5346,4.72601,6.19352,7.9676,10.0757,12.5413,15.3836,18.6167,22.2496,26.2868,30.7279,35.5682,40.7999,46.4117,52.3903,58.7206,65.3865,72.3711,79.6577,87.2298,95.0715,103.168,111.504,120.068,128.847,137.83,147.009,156.374,165.916,175.631,185.51,195.55,205.743,216.087,226.577
27.4277,0,6.46888e-34,4.22181e-31,1.06311e-28,1.77402e-26,1.94821e-24,1.47299e-22,7.99872e-21,3.23022e-19,9.98122e-18,2.41591e-16,4.67212e-15,7.34273e-14,9.51824e-13,1.03121e-11,9.44954e-11,7.40456e-10,5.01207e-09,2.9586e-08,1.53672e-07,7.08302e-07,2.92046e-06,1.08545e-05,3.66304e-05,0.000113012,0.000320828,0.000843206,0.00206344,0.00472682,0.0101866,0.0207487,0.0401156,0.0739142,0.130266,0.220344,0.358836,0.564252,0.858994,1.26916,1.82404,2.55537,3.49638,4.68059,6.14071,7.90745,10.0085,12.4675,15.3038,18.5318,22.1605,26.1945,30.6334,35.4726,40.7039,46.3164,52.2963,58.6286,65.297,72.2845,79.5743,87.1498,94.9949,103.094,111.434,120.001,128.783,137.77,146.951,156.319,165.864,175.581,185.462,195.504,205.7,216.045,226.537
29.5376,0,4.9425e-34,3.25991e-31,8.29513e-29,1.39876e-26,1.55216e-24,1.18575e-22,6.50537e-21,2.65401e-19,8.28371e-18,2.02506e-16,3.95478e-15,6.27541e-14,8.21168e-13,8.97876e-12,8.3017e-11,6.56181e-10,4.47899e-09,2.66532e-08,1.39511e-07,6.47779e-07,2.68964e-06,1.00629e-05,3.4171e-05,0.000106042,0.000302691,0.000799599,0.00196601,0.00452345,0.00978801,0.0200115,0.0388239,0.071761,0.126839,0.215118,0.351177,0.553433,0.844225,1.24962,1.79895,2.52404,3.45821,4.6352,6.0879,7.84725,9.94113,12.3935,15.2239,18.4466,22.0712,26.102,30.5386,35.3766,40.6078,46.2208,52.2021,58.5365,65.2074,72.1978,79.4909,87.0697,94.9183,103.021,111.365,119.935,128.72,137.71,146.894,156.264,165.812,175.531,185.414,195.458,205.656,216.003,226.497
31.6474,0,3.76673e-34,2.51102e-31,6.45722e-29,1.10037e-26,1.23393e-24,9.52517e-23,5.28014e-21,2.17635e-19,6.86212e-18,1.69442e-16,3.34189e-15,5.35454e-14,7.07355e-13,7.8064e-12,7.28321e-11,5.80739e-10,3.99769e-09,2.39834e-08,1.26518e-07,5.91833e-07,2.47476e-06,9.32099e-06,3.18515e-05,9.94294e-05,0.000285388,0.000757787,0.00187215,0.00432667,0.00940072,0.0192926,0.03756,0.0696476,0.123466,0.209961,0.343602,0.542711,0.82956,1.2302,1.77397,2.49279,3.42011,4.58983,6.03507,7.78699,9.8737,12.3194,15.1437,18.3613,21.9816,26.0092,30.4436,35.2804,40.5113,46.125,52.1078,58.4441,65.1176,72.111,79.4073,86.9896,94.8417,102.948,111.295,119.868,128.657,137.65,146.836,156.209,165.759,175.48,185.367,195.412,205.612,215.961,226.457
33.7572,0,2.86328e-34,1.92937e-31,5.0145e-29,8.63645e-27,9.78758e-25,7.63524e-23,4.27687e-21,1.78115e-19,5.67376e-18,1.41521e-16,2.81911e-15,4.56129e-14,6.08363e-13,6.77703e-12,6.38068e-11,5.13288e-10,3.56366e-09,2.15557e-08,1.1461e-07,5.40168e-07,2.27489e-06,8.62621e-06,2.96654e-05,9.316e-05,0.000268892,0.000717715,0.00178177,0.00413633,0.00902459,0.0185919,0.0363237,0.067574,0.120147,0.204874,0.336112,0.532086,0.815002,1.21088,1.7491,2.46162,3.38207,4.5445,5.98224,7.72668,9.80617,12.2451,15.0634,18.2758,21.8918,25.9161,30.3483,35.184,40.4146,46.029,52.0132,58.3516,65.0277,72.0241,79.3237,86.9094,94.765,102.875,111.225,119.802,128.594,137.589,146.779,156.154,165.707,175.43,185.319,195.366,205.568,215.919,226.417
35.8671,0,2.17084e-34,1.47871e-31,3.88464e-29,6.76254e-27,7.74604e-25,6.10701e-23,3.45699e-21,1.45479e-19,4.68219e-18,1.17983e-16,2.37393e-15,3.87905e-14,5.22392e-13,5.87451e-12,5.582e-11,4.5306e-10,3.17271e-09,1.93507e-08,1.03707e-07,4.92501e-07,2.08914e-06,7.97609e-06,2.76066e-05,8.722e-05,0.000253174,0.000679335,0.00169478,0.00395231,0.00865944,0.017909,0.0351148,0.0655398,0.116882,0.199856,0.328706,0.521559,0.80055,1.19167,1.72432,2.43055,3.34409,4.49919,5.92939,7.66631,9.73855,12.1707,14.9829,18.19,21.8017,25.8227,30.2528,35.0872,40.3177,45.9327,51.9184,58.2589,64.9376,71.9371,79.24,86.8292,94.6883,102.802,111.155,119.736,128.531,137.529,146.722,156.099,165.655,175.381,185.271,195.32,205.524,215.878,226.377
37.9769,0,1.64148e-34,1.13041e-31,3.00192e-29,5.2826e-27,6.11625e-25,4.87387e-23,2.78836e-21,1.18581e-19,3.85637e-18,9.81767e-17,1.99549e-15,3.29325e-14,4.47844e-13,5.08436e-12,4.87619e-11,3.99349e-10,2.821e-09,1.73502e-08,9.37343e-08,4.48565e-07,1.91668e-06,7.36828e-06,2.56692e-05,8.15959e-05,0.000238207,0.000642593,0.00161109,0.00377448,0.0083051,0.0172437,0.0339329,0.0635449,0.11367,0.194907,0.321385,0.511131,0.786206,1.17257,1.69965,2.39957,3.30618,4.45392,5.87654,7.6059,9.67082,12.0962,14.9022,18.104,21.7114,25.7292,30.157,34.9902,40.2205,45.8362,51.8234,58.1661,64.8474,71.85,79.1562,86.7489,94.6116,102.729,111.086,119.669,128.468,137.469,146.664,156.045,165.603,175.331,185.223,195.275,205.48,215.836,226.337
40.0867,0,1.23785e-34,8.61898e-32,2.31394e-29,4.11653e-27,4.8181e-25,3.88099e-23,2.2442e-21,9.64555e-20,3.1699e-18,8.154e-17,1.67433e-15,2.79107e-14,3.83302e-13,4.39362e-12,4.25332e-11,3.51514e-10,2.50498e-09,1.55373e-08,8.46232e-08,4.0811e-07,1.7567e-06,6.8005e-06,2.38475e-05,7.62747e-05,0.000223964,0.000607442,0.00153062,0.0036027,0.00796137,0.0165959,0.032778,0.061589,0.110512,0.190028,0.31415,0.500801,0.771971,1.15359,1.67509,2.36867,3.26834,4.40869,5.82369,7.54543,9.603,12.0215,14.8213,18.0178,21.6209,25.6353,30.0609,34.893,40.1231,45.7395,51.7281,58.073,64.7571,71.7628,79.0724,86.6686,94.5349,102.656,111.016,119.603,128.405,137.409,146.607,155.99,165.55,175.281,185.175,195.229,205.436,215.794,226.296
42.1965,0,9.30904e-35,6.55421e-32,1.77907e-29,3.19994e-27,3.78647e-25,3.08332e-23,1.80227e-21,7.82934e-20,2.60036e-18,6.75918e-17,1.40227e-15,2.36131e-14,3.27513e-13,3.79068e-12,3.70444e-11,3.08969e-10,2.22139e-09,1.38964e-08,7.63081e-08,3.70897e-07,1.60843e-06,6.27056e-06,2.21358e-05,7.12437e-05,0.00021042,0.00057383,0.0014533,0.00343686,0.00762809,0.0159653,0.0316497,0.0596719,0.107407,0.185218,0.307,0.490571,0.757845,1.13471,1.65063,2.33788,3.23056,4.36349,5.77083,7.48492,9.53508,11.9466,14.7403,17.9314,21.5301,25.5412,29.9645,34.7954,40.0254,45.6426,51.6327,57.9798,64.6666,71.6754,78.9884,86.5883,94.4582,102.583,110.947,119.537,128.342,137.349,146.55,155.936,165.498,175.231,185.128,195.183,205.393,215.752,226.256
44.3064,0,6.98113e-35,4.97063e-32,1.36428e-29,2.4812e-27,2.96854e-25,2.44391e-23,1.44413e-21,6.3415e-20,2.12878e-18,5.59194e-17,1.17221e-15,1.99415e-14,2.79367e-13,3.2652e-12,3.22145e-11,2.71181e-10,1.96722e-09,1.24129e-08,6.87277e-08,3.36702e-07,1.47116e-06,5.77638e-06,2.05288e-05,6.64905e-05,0.000197547,0.000541711,0.00137903,0.00327682,0.00730506,0.0153517,0.0305477,0.0577933,0.104355,0.180478,0.299936,0.480441,0.743829,1.11595,1.62629,2.30717,3.19286,4.31832,5.71796,7.42435,9.46705,11.8717,14.659,17.8447,21.439,25.4468,29.8679,34.6976,39.9274,45.5454,51.5371,57.8864,64.576,71.588,78.9044,86.5079,94.3815,102.509,110.877,119.471,128.279,137.289,146.493,155.881,165.446,175.181,185.08,195.137,205.349,215.71,226.216
46.4162,0,5.22046e-35,3.75931e-32,1.04342e-29,1.91899e-27,2.32157e-25,1.93252e-23,1.15454e-21,5.12521e-20,1.73908e-18,4.61703e-17,9.78029e-16,1.68101e-14,2.37887e-13,2.80793e-12,2.79706e-11,2.37665e-10,1.73973e-09,1.10734e-08,6.18251e-08,3.05313e-07,1.34418e-06,5.31596e-06,1.90214e-05,6.20032e-05,0.000185321,0.000511036,0.00130773,0.00312245,0.00699211,0.0147548,0.0294718,0.0559531,0.101357,0.175807,0.292958,0.470412,0.729924,1.09731,1.60205,2.27656,3.15523,4.2732,5.66509,7.36373,9.39893,11.7965,14.5776,17.7578,21.3477,25.3521,29.771,34.5995,39.8292,45.4479,51.4412,57.7928,64.4852,71.5004,78.8203,86.4274,94.3047,102.436,110.808,119.405,128.216,137.229,146.436,155.827,165.394,175.131,185.032,195.092,205.305,215.668,226.176
48.526,0,3.89254e-35,2.83524e-32,7.95876e-30,1.48032e-27,1.81107e-25,1.52446e-23,9.20881e-22,4.13302e-20,1.4177e-18,3.80434e-17,8.14427e-16,1.41442e-14,2.02208e-13,2.41067e-12,2.42474e-11,2.07979e-10,1.53637e-09,9.8653e-09,5.55469e-08,2.7653e-07,1.22685e-06,4.88738e-06,1.76084e-05,5.77699e-05,0.000173718,0.000481759,0.00123932,0.00297362,0.00668906,0.0141745,0.0284218,0.0541508,0.098411,0.171206,0.286066,0.460484,0.716131,1.07878,1.57792,2.24605,3.11767,4.22811,5.61222,7.30306,9.33071,11.7212,14.4959,17.6707,21.2561,25.2571,29.6737,34.5012,39.7307,45.3502,51.3452,57.6991,64.3943,71.4127,78.7362,86.3469,94.228,102.363,110.738,119.339,128.153,137.17,146.379,155.773,165.342,175.082,184.985,195.046,205.261,215.626,226.136
50.6358,0,2.89384e-35,2.13223e-32,6.05395e-30,1.13891e-27,1.40923e-25,1.19963e-23,7.32788e-22,3.3254e-20,1.15322e-18,3.12822e-17,6.76852e-16,1.18786e-14,1.71572e-13,2.06608e-12,2.09859e-11,1.81724e-10,1.35483e-09,8.77719e-09,4.98433e-08,2.50167e-07,1.11853e-06,4.4888e-06,1.62853e-05,5.37795e-05,0.000162714,0.000453833,0.00117373,0.00283021,0.00639572,0.0136104,0.0273973,0.0523864,0.0955179,0.166674,0.27926,0.450658,0.70245,1.06037,1.55391,2.21564,3.08019,4.18306,5.55934,7.24234,9.26239,11.6458,14.4141,17.5834,21.1643,25.1619,29.5763,34.4025,39.6319,45.2523,51.2489,57.6051,64.3032,71.3249,78.652,86.2664,94.1512,102.29,110.669,119.273,128.09,137.11,146.322,155.718,165.291,175.032,184.937,195.001,205.218,215.584,226.096
52.7457,0,2.14493e-35,1.5989e-32,4.59218e-30,8.73882e-28,1.09372e-25,9.41659e-24,5.81719e-22,2.66945e-20,9.36011e-19,2.56685e-17,5.61386e-16,9.95686e-15,1.45312e-13,1.76768e-12,1.81333e-11,1.58537e-10,1.193e-09,7.79839e-09,4.46679e-08,2.26045e-07,1.01864e-06,4.11848e-06,1.50472e-05,5.0021e-05,0.000152284,0.000427213,0.00111086,0.0026921,0.00611192,0.0130623,0.0263981,0.0506595,0.0926774,0.162211,0.272541,0.440933,0.688884,1.04208,1.53002,2.18533,3.04278,4.13806,5.50647,7.18157,9.19397,11.5702,14.332,17.4958,21.0722,25.0664,29.4785,34.3036,39.5329,45.1541,51.1524,57.511,64.212,71.2371,78.5677,86.1858,94.0744,102.217,110.599,119.207,128.028,137.05,146.266,155.664,165.239,174.983,184.89,194.955,205.174,215.542,226.055
54.8555,0,1.58498e-35,1.19544e-32,3.47347e-30,6.68693e-28,8.46607e-26,7.37292e-24,4.6067e-22,2.13788e-20,7.58015e-19,2.1017e-17,4.64665e-16,8.3297e-15,1.22843e-13,1.50971e-12,1.56422e-11,1.3809e-10,1.04894e-09,6.91906e-09,3.99776e-08,2.04001e-07,9.26623e-07,3.77474e-06,1.38898e-05,4.64837e-05,0.000142407,0.000401855,0.00105065,0.00255915,0.00583746,0.01253,0.025424,0.0489699,0.0898891,0.157817,0.265909,0.431312,0.675432,1.0239,1.50624,2.15512,3.00545,4.0931,5.45359,7.12076,9.12545,11.4945,14.2498,17.4079,20.9798,24.9706,29.3804,34.2044,39.4336,45.0557,51.0557,57.4167,64.1207,71.1491,78.4833,86.1052,93.9976,102.144,110.53,119.141,127.965,136.991,146.209,155.61,165.187,174.933,184.842,194.91,205.13,215.5,226.015
56.9653,0,1.16757e-35,8.91102e-33,2.6197e-30,5.10258e-28,6.53571e-26,5.7579e-24,3.63906e-22,1.7081e-20,6.12469e-19,1.7171e-17,3.83806e-16,6.95461e-15,1.03652e-13,1.28708e-12,1.34704e-11,1.20087e-10,9.20878e-10,6.13015e-09,3.57321e-08,1.83877e-07,8.41943e-07,3.45599e-06,1.28087e-05,4.31572e-05,0.000133059,0.000377715,0.000993023,0.00243124,0.00557218,0.0120133,0.0244746,0.0473172,0.087153,0.153493,0.259363,0.421793,0.662095,1.00585,1.48257,2.12502,2.9682,4.04818,5.40072,7.05989,9.05683,11.4186,14.1674,17.3199,20.8872,24.8745,29.2821,34.1049,39.334,44.957,50.9588,57.3222,64.0292,71.0609,78.3988,86.0246,93.9208,102.071,110.461,119.075,127.902,136.931,146.152,155.556,165.136,174.884,184.795,194.864,205.086,215.458,225.975
59.0751,0,8.57359e-36,6.62217e-33,1.96996e-30,3.88257e-28,5.03172e-26,4.48485e-24,2.86743e-22,1.36141e-20,4.93722e-19,1.39976e-17,3.16346e-16,5.79478e-15,8.72903e-14,1.09527e-12,1.15801e-11,1.0426e-10,8.07203e-10,5.42333e-09,3.18941e-08,1.65529e-07,7.641e-07,3.1607e-06,1.17999e-05,4.00318e-05,0.000124219,0.00035475,0.000937891,0.00230825,0.00531588,0.0115119,0.0235497,0.0457013,0.0844686,0.149238,0.252905,0.412378,0.648874,0.987922,1.45903,2.09502,2.93103,4.00331,5.34785,6.99898,8.98811,11.3426,14.0848,17.2316,20.7942,24.7782,29.1834,34.0051,39.2342,44.8581,50.8616,57.2275,63.9375,70.9727,78.3143,85.9439,93.844,101.998,110.391,119.009,127.84,136.872,146.096,155.502,165.084,174.834,184.748,194.819,205.043,215.416,225.935
61.185,0,6.2754e-36,4.90592e-33,1.47693e-30,2.94573e-28,3.86305e-26,3.48392e-24,2.25361e-22,1.08242e-20,3.97058e-19,1.13849e-17,2.60181e-16,4.81844e-15,7.33674e-14,9.30305e-13,9.93743e-12,9.03686e-11,7.06449e-10,4.79092e-09,2.84291e-08,1.4882e-07,6.92623e-07,2.88744e-06,1.08594e-05,3.70976e-05,0.000115867,0.000332919,0.000885183,0.00219005,0.00506838,0.0110256,0.0226489,0.0441217,0.0818359,0.145052,0.246534,0.403067,0.635771,0.970115,1.43561,2.06513,2.89395,3.95849,5.29498,6.93802,8.91928,11.2664,14.0019,17.1431,20.7011,24.6815,29.0844,33.905,39.1341,44.7589,50.7642,57.1327,63.8457,70.8844,78.2297,85.8632,93.7672,101.925,110.322,118.944,127.778,136.813,146.039,155.448,165.032,174.785,184.7,194.773,204.999,215.374,225.894
63.2948,0,4.57817e-36,3.62295e-33,1.10392e-30,2.22837e-28,2.95743e-26,2.69902e-24,1.76656e-22,8.58442e-21,3.18552e-19,9.23861e-18,2.13517e-16,3.9982e-15,6.15422e-14,7.88691e-13,8.51249e-12,7.81947e-11,6.17282e-10,4.22589e-09,2.53048e-08,1.33621e-07,6.27065e-07,2.63481e-06,9.98343e-06,3.43455e-05,0.000107981,0.000312179,0.000834825,0.00207653,0.0048295,0.0105542,0.021772,0.0425783,0.0792546,0.140935,0.24025,0.393861,0.622785,0.952433,1.41231,2.03535,2.85695,3.91372,5.24212,6.87702,8.85036,11.19,13.9189,17.0543,20.6076,24.5845,28.9852,33.8046,39.0337,44.6595,50.6666,57.0376,63.7538,70.796,78.1451,85.7825,93.6904,101.852,110.253,118.878,127.715,136.753,145.983,155.394,164.981,174.736,184.653,194.728,204.956,215.332,225.854
65.4046,0,3.3288e-36,2.66686e-33,8.22543e-31,1.68066e-28,2.25759e-26,2.08515e-24,1.38108e-22,6.7907e-21,2.54942e-19,7.47936e-18,1.7483e-16,3.3105e-15,5.1518e-14,6.67344e-13,7.27853e-12,6.75438e-11,5.3849e-10,3.72179e-09,2.24916e-08,1.19814e-07,5.67005e-07,2.4015e-06,9.16832e-06,3.17663e-05,0.000100541,0.000292491,0.000786744,0.00196755,0.00459907,0.0100973,0.0209187,0.0410706,0.0767245,0.136887,0.234054,0.38476,0.609918,0.934878,1.38913,2.00568,2.82004,3.869,5.18927,6.81597,8.78134,11.1135,13.8357,16.9652,20.5139,24.4873,28.8856,33.7039,38.933,44.5598,50.5688,56.9424,63.6617,70.7075,78.0604,85.7017,93.6136,101.779,110.184,118.812,127.653,136.694,145.926,155.341,164.93,174.687,184.606,194.683,204.912,215.29,225.814
67.5145,0,2.41213e-36,1.95663e-33,6.10945e-31,1.2637e-28,1.71829e-26,1.60636e-24,1.07679e-22,5.3578e-21,2.03526e-19,6.04066e-18,1.42826e-16,2.73513e-15,4.30373e-14,5.63556e-13,6.21184e-12,5.82408e-11,4.68975e-10,3.27271e-09,1.99618e-08,1.07287e-07,5.12046e-07,2.18628e-06,8.4106e-06,2.93514e-05,9.35276e-05,0.000273815,0.000740867,0.00186301,0.00437689,0.00965475,0.0200887,0.0395985,0.0742452,0.132907,0.227946,0.375764,0.597171,0.917449,1.36608,1.97613,2.78321,3.82433,5.13642,6.75487,8.71222,11.0369,13.7522,16.876,20.4199,24.3897,28.7858,33.603,38.832,44.4599,50.4708,56.847,63.5695,70.6188,77.9756,85.6209,93.5368,101.707,110.115,118.747,127.591,136.635,145.87,155.287,164.878,174.638,184.559,194.637,204.868,215.248,225.774
69.6243,0,1.74181e-36,1.43074e-33,4.52316e-31,9.47227e-29,1.30391e-26,1.23394e-24,8.37227e-23,4.21605e-21,1.62066e-19,4.86684e-18,1.1641e-16,2.25475e-15,3.58768e-14,4.74956e-13,5.29141e-12,5.0129e-11,4.07743e-10,2.87324e-09,1.76902e-08,9.5936e-08,4.61815e-07,1.98796e-06,7.70695e-06,2.70924e-05,8.69222e-05,0.000256112,0.000697122,0.00176277,0.00416279,0.00922631,0.0192817,0.0381615,0.0718166,0.128997,0.221925,0.366875,0.584544,0.900149,1.34316,1.94668,2.74648,3.77972,5.08358,6.69373,8.64299,10.9601,13.6686,16.7864,20.3256,24.2919,28.6856,33.5017,38.7307,44.3596,50.3725,56.7513,63.4771,70.5301,77.8907,85.5401,93.46,101.634,110.045,118.681,127.529,136.576,145.814,155.233,164.827,174.588,184.512,194.592,204.825,215.206,225.733
71.7341,0,1.25332e-36,1.04262e-33,3.33772e-31,7.07762e-29,9.86446e-27,9.45087e-25,6.49126e-23,3.30865e-21,1.28718e-19,3.9114e-18,9.46546e-17,1.85454e-15,2.98434e-14,3.99468e-13,4.49863e-12,4.30681e-11,3.53894e-10,2.51843e-09,1.56533e-08,8.56642e-08,4.15962e-07,1.80541e-06,7.05417e-06,2.49812e-05,8.07063e-05,0.000239345,0.000655439,0.00166673,0.00395659,0.00881172,0.0184974,0.0367594,0.0694383,0.125155,0.215993,0.358092,0.572039,0.882978,1.32037,1.91736,2.70984,3.73517,5.03075,6.63255,8.57367,10.8831,13.5847,16.6966,20.231,24.1937,28.5851,33.4001,38.6292,44.2592,50.274,56.6555,63.3846,70.4412,77.8058,85.4592,93.3832,101.561,109.976,118.616,127.467,136.517,145.758,155.18,164.776,174.539,184.465,194.547,204.781,215.165,225.693
73.8439,0,8.98569e-37,7.57141e-34,2.4547e-31,5.27127e-29,7.43955e-27,7.21689e-25,5.01842e-23,2.5894e-21,1.01962e-19,3.1356e-18,7.67796e-17,1.52187e-15,2.47703e-14,3.35278e-13,3.81709e-12,3.69327e-11,3.06616e-10,2.20379e-09,1.38295e-08,7.63815e-08,3.74157e-07,1.63758e-06,6.44924e-06,2.30101e-05,7.48618e-05,0.000223477,0.00061575,0.00157476,0.00375811,0.00841072,0.0177355,0.0353918,0.06711,0.121381,0.210148,0.349416,0.559656,0.865938,1.2977,1.88815,2.67329,3.69067,4.97793,6.57132,8.50424,10.806,13.5006,16.6066,20.1361,24.0952,28.4843,33.2981,38.5273,44.1584,50.1752,56.5595,63.2919,70.3523,77.7209,85.3783,93.3065,101.488,109.908,118.551,127.405,136.458,145.702,155.127,164.725,174.491,184.418,194.502,204.738,215.123,225.653
75.9538,0,6.4186e-37,5.47878e-34,1.79912e-31,3.91302e-29,5.59296e-27,5.49419e-25,3.86842e-23,2.02081e-21,8.05507e-20,2.50721e-18,6.21271e-17,1.24594e-15,2.05136e-14,2.80807e-13,3.23229e-12,3.16111e-11,2.65178e-10,1.92521e-09,1.21988e-08,6.80042e-08,3.36091e-07,1.48346e-06,5.88924e-06,2.11716e-05,6.93716e-05,0.000208471,0.000577986,0.00148676,0.00356716,0.00802308,0.0169957,0.0340585,0.0648316,0.117675,0.204392,0.340847,0.547396,0.849031,1.27517,1.85907,2.63684,3.64623,4.92512,6.51006,8.43471,10.7287,13.4163,16.5163,20.0409,23.9964,28.3831,33.1959,38.4252,44.0574,50.0763,56.4634,63.1991,70.2632,77.6358,85.2974,93.2297,101.415,109.839,118.485,127.343,136.4,145.646,155.073,164.674,174.442,184.371,194.456,204.694,215.081,225.612
78.0636,0,4.56768e-37,3.95017e-34,1.31403e-31,2.89499e-29,4.19114e-27,4.16972e-25,2.97306e-23,1.57257e-21,6.34613e-20,1.99949e-18,5.0145e-17,1.0176e-15,1.69498e-14,2.34676e-13,2.73148e-12,2.70039e-11,2.28921e-10,1.67896e-09,1.07431e-08,6.04545e-08,3.01475e-07,1.3421e-06,5.37141e-06,1.94584e-05,6.42188e-05,0.000194292,0.00054208,0.00140259,0.00338357,0.00764853,0.0162776,0.0327589,0.0626026,0.114037,0.198724,0.332386,0.535259,0.832257,1.25277,1.8301,2.60049,3.60185,4.87233,6.44875,8.36509,10.6512,13.3318,16.4257,19.9455,23.8973,28.2817,33.0934,38.3227,43.9561,49.9771,56.367,63.1061,70.174,77.5507,85.2165,93.1529,101.343,109.77,118.42,127.281,136.341,145.59,155.02,164.623,174.393,184.324,194.411,204.651,215.039,225.572
80.1734,0,3.23806e-37,2.83754e-34,9.56316e-32,2.13449e-29,3.13033e-27,3.15452e-25,2.27798e-23,1.22018e-21,4.98578e-20,1.59033e-18,4.03704e-17,8.29081e-16,1.39727e-14,1.95692e-13,2.30344e-12,2.30225e-11,1.97253e-10,1.46163e-09,9.44558e-09,5.36605e-08,2.70038e-07,1.2126e-06,4.89311e-06,1.78636e-05,5.93871e-05,0.000180907,0.000507966,0.00132216,0.00320717,0.00728683,0.0155809,0.0314929,0.0604227,0.110468,0.193144,0.324033,0.523248,0.815618,1.23051,1.80127,2.56424,3.55754,4.81956,6.3874,8.29536,10.5736,13.2471,16.3349,19.8497,23.7979,28.1799,32.9905,38.22,43.8546,49.8776,56.2704,63.013,70.0848,77.4656,85.1356,93.0762,101.27,109.701,118.355,127.219,136.282,145.535,154.967,164.572,174.344,184.277,194.366,204.608,214.997,225.532
82.2832,0,2.28651e-37,2.03063e-34,6.93458e-32,1.56827e-29,2.33016e-27,2.37879e-25,1.74e-23,9.43946e-22,3.90587e-20,1.26144e-18,3.24165e-17,6.7381e-16,1.14912e-14,1.62816e-13,1.93833e-12,1.95886e-11,1.69643e-10,1.27016e-09,8.29083e-09,4.75554e-08,2.41526e-07,1.09411e-06,4.45181e-06,1.63807e-05,5.4861e-05,0.000168281,0.000475581,0.00124534,0.00303776,0.00693772,0.0149054,0.03026,0.0582917,0.106966,0.187652,0.315788,0.511362,0.799116,1.20839,1.77255,2.52809,3.51329,4.7668,6.32601,8.22553,10.4958,13.1622,16.2438,19.7536,23.6981,28.0777,32.8873,38.1169,43.7527,49.778,56.1737,62.9197,69.9954,77.3803,85.0546,92.9994,101.197,109.632,118.29,127.158,136.224,145.479,154.914,164.522,174.296,184.23,194.321,204.564,214.955,225.491
84.3931,0,1.60816e-37,1.44759e-34,5.0099e-32,1.14815e-29,1.72859e-27,1.78791e-25,1.32487e-23,7.28032e-22,3.05098e-20,9.97793e-19,2.59605e-17,5.46231e-16,9.42758e-15,1.35153e-13,1.62755e-12,1.66326e-11,1.45614e-10,1.10176e-09,7.2648e-09,4.20775e-08,2.15703e-07,9.8583e-07,4.04515e-06,1.50032e-05,5.0625e-05,0.000156381,0.00044486,0.00117203,0.00287519,0.00660096,0.0142506,0.0290599,0.0562092,0.103531,0.182249,0.307653,0.499603,0.782751,1.1864,1.74397,2.49204,3.46911,4.71406,6.26458,8.1556,10.4179,13.077,16.1525,19.6573,23.5981,27.9753,32.7838,38.0135,43.6506,49.678,56.0767,62.8263,69.906,77.2951,84.9736,92.9227,101.125,109.564,118.225,127.096,136.166,145.423,154.861,164.471,174.247,184.184,194.276,204.521,214.913,225.451
86.5029,0,1.12645e-37,1.02791e-34,3.60574e-32,8.37517e-30,1.27784e-27,1.33929e-25,1.00553e-23,5.59768e-22,2.37614e-20,7.87009e-19,2.0734e-17,4.41663e-16,7.71554e-15,1.11928e-13,1.36357e-12,1.40931e-11,1.24741e-10,9.53907e-10,6.35463e-09,3.71698e-08,1.92347e-07,8.87017e-07,3.67083e-06,1.3725e-05,4.66647e-05,0.000145177,0.000415741,0.00110212,0.00271927,0.00627628,0.0136164,0.0278923,0.0541748,0.100163,0.176934,0.299627,0.487971,0.766524,1.16456,1.71552,2.4561,3.425,4.66134,6.20311,8.08557,10.3398,12.9917,16.0608,19.5606,23.4977,27.8725,32.6799,37.9099,43.5482,49.5779,55.9796,62.7327,69.8164,77.2097,84.8926,92.846,101.052,109.495,118.16,127.035,136.107,145.368,154.808,164.42,174.198,184.137,194.231,204.477,214.872,225.411
88.6127,0,7.85759e-38,7.26985e-35,2.58514e-32,6.08661e-30,9.41262e-28,9.99795e-26,7.60649e-24,4.29035e-22,1.84497e-20,6.18958e-19,1.65139e-17,3.56172e-16,6.29855e-15,9.24729e-14,1.13982e-12,1.19157e-11,1.06645e-10,8.24326e-10,5.54859e-09,3.27799e-08,1.71255e-07,7.96958e-07,3.32672e-06,1.25403e-05,4.29657e-05,0.000134636,0.000388164,0.0010355,0.00256982,0.00596344,0.0130023,0.0267566,0.0521882,0.096863,0.171707,0.29171,0.476467,0.750438,1.14285,1.68719,2.42027,3.38096,4.60864,6.14161,8.01544,10.2615,12.9061,15.9689,19.4636,23.3969,27.7694,32.5757,37.8059,43.4456,49.4775,55.8822,62.639,69.7267,77.1243,84.8116,92.7693,100.98,109.427,118.096,126.974,136.049,145.313,154.755,164.37,174.15,184.091,194.187,204.434,214.83,225.37
90.7225,0,5.45784e-38,5.12054e-35,1.84612e-32,4.40667e-30,6.90812e-28,7.43749e-26,5.73472e-24,3.27776e-22,1.42812e-20,4.85353e-19,1.31157e-17,2.86456e-16,5.12863e-15,7.62133e-14,9.50584e-13,1.00528e-11,9.0986e-11,7.10966e-10,4.83598e-09,2.88593e-08,1.52234e-07,7.1499e-07,3.01076e-06,1.14435e-05,3.95144e-05,0.00012473,0.000362069,0.000972053,0.00242668,0.00566218,0.012408,0.0256527,0.050249,0.0936293,0.166569,0.283904,0.465092,0.734493,1.12129,1.65901,2.38456,3.33699,4.55596,6.08007,7.9452,10.1831,12.8202,15.8767,19.3663,23.2958,27.6659,32.4712,37.7016,43.3426,49.3768,55.7847,62.5451,69.6369,77.0389,84.7306,92.6927,100.907,109.358,118.031,126.912,135.991,145.257,154.703,164.319,174.102,184.044,194.142,204.391,214.788,225.33
92.8324,0,3.77457e-38,3.59162e-35,1.31307e-32,3.17807e-30,5.05117e-28,5.513e-26,4.30874e-24,2.49592e-22,1.10197e-20,3.79442e-19,1.03868e-17,2.29754e-16,4.16509e-15,6.26566e-14,7.90899e-13,8.46215e-12,7.74629e-11,6.11982e-10,4.20706e-09,2.53634e-08,1.35106e-07,6.40489e-07,2.72103e-06,1.04292e-05,3.62976e-05,0.000115428,0.000337398,0.000911687,0.00228967,0.00537226,0.0118331,0.02458,0.0483569,0.090462,0.161519,0.276208,0.453846,0.718691,1.09988,1.63096,2.34895,3.2931,4.50331,6.01849,7.87487,10.1045,12.7342,15.7843,19.2687,23.1944,27.562,32.3663,37.5969,43.2394,49.276,55.6869,62.4511,69.5471,76.9534,84.6495,92.6161,100.835,109.29,117.967,126.851,135.933,145.202,154.65,164.269,174.053,183.998,194.097,204.348,214.746,225.29
94.9422,0,2.5989e-38,2.50848e-35,9.30105e-33,2.28296e-30,3.67936e-28,4.07158e-26,3.226e-24,1.8942e-22,8.47578e-21,2.95729e-19,8.20148e-18,1.83759e-16,3.37356e-15,5.13806e-14,6.56456e-13,7.10701e-12,6.58081e-11,5.25714e-10,3.653e-09,2.22515e-08,1.19708e-07,5.7287e-07,2.45568e-06,9.49244e-06,3.33026e-05,0.000106703,0.000314093,0.000854292,0.00215863,0.0050934,0.0112774,0.0235382,0.0465115,0.087361,0.156557,0.268623,0.442731,0.703033,1.07862,1.60305,2.31346,3.24929,4.45069,5.95688,7.80444,10.0258,12.6479,15.6915,19.1707,23.0926,27.4578,32.2611,37.492,43.1358,49.1748,55.589,62.357,69.4571,76.8679,84.5685,92.5395,100.763,109.222,117.902,126.79,135.875,145.147,154.598,164.219,174.005,183.951,194.052,204.304,214.704,225.249
97.052,0,1.78133e-38,1.74436e-35,6.56072e-33,1.63335e-30,2.66973e-28,2.99584e-26,2.40672e-24,1.43261e-22,6.4977e-21,2.29762e-19,6.45654e-18,1.46552e-16,2.725e-15,4.20249e-14,5.43529e-13,5.95501e-12,5.57843e-11,4.50675e-10,3.16576e-09,1.94861e-08,1.05885e-07,5.11587e-07,2.213e-06,8.62824e-06,3.05173e-05,9.85259e-05,0.000292099,0.000799768,0.00203337,0.00482537,0.0107406,0.0225269,0.0447123,0.0843258,0.151684,0.261149,0.431748,0.687521,1.0575,1.57528,2.27809,3.20556,4.3981,5.89524,7.7339,9.94684,12.5614,15.5985,19.0725,22.9905,27.3533,32.1555,37.3867,43.032,49.0734,55.4908,62.2627,69.3671,76.7823,84.4874,92.4629,100.69,109.154,117.838,126.73,135.818,145.092,154.545,164.169,173.957,183.905,194.007,204.261,214.663,225.209
99.1618,0,1.21531e-38,1.20761e-35,4.60795e-33,1.16377e-30,1.92947e-28,2.19594e-26,1.78895e-24,1.07972e-22,4.96458e-21,1.77938e-19,5.06728e-18,1.16537e-16,2.195e-15,3.42818e-14,4.48899e-13,4.97791e-12,4.71813e-11,3.85532e-10,2.73808e-09,1.70328e-08,9.34972e-08,4.56128e-07,1.99134e-06,7.832e-06,2.79297e-05,9.08714e-05,0.00027136,0.000748013,0.00191374,0.00456791,0.0102221,0.0215456,0.0429591,0.0813563,0.146898,0.253786,0.420897,0.672156,1.03654,1.54766,2.24284,3.16191,4.34553,5.83357,7.66327,9.86774,12.4746,15.5052,18.9739,22.888,27.2484,32.0496,37.2811,42.9279,48.9718,55.3925,62.1682,69.2769,76.6966,84.4064,92.3864,100.618,109.086,117.773,126.669,135.76,145.038,154.493,164.119,173.909,183.859,193.963,204.218,214.621,225.168
101.272,0,8.25233e-39,8.32216e-36,3.22225e-33,8.25704e-31,1.38883e-28,1.60336e-26,1.32479e-24,8.10842e-23,3.78021e-21,1.37351e-19,3.96451e-18,9.23923e-17,1.76307e-15,2.78899e-14,3.69796e-13,4.15104e-12,3.98138e-11,3.29095e-10,2.36339e-09,1.48602e-08,8.2413e-08,4.06015e-07,1.78917e-06,7.09931e-06,2.55288e-05,8.37131e-05,0.000251825,0.000698927,0.00179957,0.00432077,0.00972184,0.0205941,0.0412512,0.078452,0.142201,0.246535,0.410178,0.656938,1.01573,1.52018,2.20772,3.11834,4.293,5.77186,7.59254,9.78847,12.3876,15.4116,18.8749,22.7852,27.1431,31.9434,37.1752,42.8235,48.8699,55.294,62.0736,69.1866,76.6109,84.3253,92.3098,100.546,109.018,117.709,126.608,135.703,144.983,154.441,164.069,173.861,183.812,193.918,204.175,214.579,225.128
103.382,0,5.57654e-39,5.70853e-36,2.24318e-33,5.83323e-31,9.95548e-29,1.16604e-26,9.77328e-25,6.067e-23,2.86832e-21,1.05668e-19,3.09182e-18,7.30271e-17,1.41202e-15,2.26272e-14,3.03834e-13,3.45296e-12,3.35183e-11,2.80302e-10,2.03577e-09,1.29397e-08,7.25119e-08,3.60802e-07,1.60503e-06,6.42596e-06,2.33037e-05,7.70261e-05,0.00023344,0.000652414,0.00169068,0.00408369,0.00923931,0.0196718,0.0395884,0.0756126,0.137592,0.239396,0.399594,0.641871,0.99508,1.49285,2.17272,3.07486,4.24051,5.71013,7.5217,9.70903,12.3004,15.3177,18.7757,22.682,27.0375,31.8367,37.0689,42.7187,48.7678,55.1952,61.9789,69.0963,76.5252,84.2443,92.2334,100.474,108.95,117.645,126.548,135.645,144.928,154.389,164.019,173.813,183.766,193.874,204.132,214.537,225.087
105.491,0,3.74976e-39,3.89712e-36,1.55446e-33,4.10281e-31,7.10618e-29,8.4456e-27,7.18191e-25,4.5226e-23,2.16863e-21,8.10154e-20,2.40336e-18,5.75411e-17,1.12751e-15,1.83058e-14,2.48971e-13,2.865e-12,2.81508e-11,2.38206e-10,1.74986e-09,1.12451e-08,6.36828e-08,3.20076e-07,1.43757e-06,5.80799e-06,2.12439e-05,7.07863e-05,0.000216154,0.000608377,0.00158693,0.00385643,0.00877421,0.0187783,0.0379701,0.0728379,0.13307,0.232369,0.389144,0.626954,0.974584,1.46567,2.13784,3.03147,4.18805,5.64837,7.45077,9.62942,12.213,15.2235,18.6761,22.5784,26.9315,31.7297,36.9623,42.6137,48.6654,55.0963,61.884,69.0059,76.4394,84.1632,92.157,100.402,108.882,117.581,126.487,135.588,144.874,154.337,163.969,173.765,183.72,193.829,204.089,214.496,225.047
107.601,0,2.50868e-39,2.64757e-36,1.07216e-33,2.87274e-31,5.05045e-29,6.09177e-27,5.25663e-25,3.35848e-23,1.63363e-21,6.18973e-20,1.86197e-18,4.51948e-17,8.97606e-16,1.47671e-14,2.03458e-13,2.37101e-12,2.35852e-11,2.01967e-10,1.50085e-09,9.75272e-09,5.58235e-08,2.8345e-07,1.28549e-06,5.24159e-06,1.93396e-05,6.49701e-05,0.00019992,0.000566723,0.00148814,0.00363873,0.00832619,0.0179132,0.036396,0.0701273,0.128636,0.225454,0.378829,0.61219,0.954247,1.43864,2.1031,2.98818,4.13562,5.58658,7.37974,9.54964,12.1253,15.129,18.5761,22.4745,26.8251,31.6223,36.8553,42.5084,48.5628,54.9971,61.7889,68.9153,76.3536,84.0821,92.0806,100.33,108.814,117.517,126.427,135.531,144.82,154.285,163.92,173.718,183.674,193.785,204.046,214.454,225.007
109.711,0,1.6697e-39,1.78973e-36,7.35968e-34,2.00221e-31,3.57356e-29,4.37533e-27,3.83182e-25,2.48429e-23,1.22603e-21,4.71219e-20,1.43762e-18,3.53822e-17,7.12366e-16,1.18774e-14,1.658e-13,1.95702e-12,1.97107e-11,1.70839e-10,1.28445e-09,8.44094e-09,4.88399e-08,2.50565e-07,1.14759e-06,4.7232e-06,1.75813e-05,5.95552e-05,0.000184688,0.000527358,0.00139416,0.00343034,0.0078949,0.0170762,0.0348655,0.0674806,0.12429,0.218652,0.36865,0.597579,0.934072,1.41177,2.06849,2.94498,4.08324,5.52477,7.30861,9.46968,12.0373,15.0342,18.4758,22.3702,26.7183,31.5146,36.748,42.4028,48.4598,54.8978,61.6938,68.8247,76.2678,84.0011,92.0042,100.258,108.747,117.454,126.367,135.474,144.765,154.233,163.87,173.67,183.628,193.74,204.003,214.412,224.966
111.821,0,1.10542e-39,1.20368e-36,5.02721e-34,1.38892e-31,2.51713e-29,3.12889e-27,2.78158e-25,1.83031e-23,9.16608e-22,3.57426e-20,1.10611e-18,2.76079e-17,5.63564e-16,9.52441e-15,1.34727e-13,1.61094e-12,1.64307e-11,1.44161e-10,1.09676e-09,7.29017e-09,4.26458e-08,2.21091e-07,1.02275e-06,4.24942e-06,1.59599e-05,5.45197e-05,0.000170412,0.000490193,0.00130482,0.00323101,0.00747999,0.0162666,0.0333783,0.0648973,0.120031,0.211963,0.358608,0.583123,0.91406,1.38506,2.03402,2.90187,4.03091,5.46293,7.23738,9.38955,11.9491,14.9391,18.3752,22.2655,26.6111,31.4065,36.6403,42.2968,48.3567,54.7982,61.5984,68.734,76.1819,83.9201,91.928,100.187,108.679,117.39,126.307,135.417,144.711,154.182,163.821,173.623,183.582,193.696,203.96,214.37,224.926
113.931,0,7.27886e-40,8.05321e-37,3.41677e-34,9.58842e-32,1.76481e-29,2.2276e-27,2.01061e-25,1.34299e-23,6.82605e-22,2.701e-20,8.48012e-19,2.14686e-17,4.44402e-16,7.61408e-15,1.09158e-13,1.3224e-12,1.36608e-11,1.21351e-10,9.34344e-10,6.2827e-09,3.71622e-08,1.94718e-07,9.09905e-07,3.81704e-06,1.44666e-05,4.98427e-05,0.000157046,0.000455139,0.00121998,0.0030405,0.0070811,0.0154841,0.0319337,0.062377,0.115859,0.205387,0.348703,0.568823,0.894214,1.3585,1.99969,2.85887,3.97861,5.40107,7.16605,9.30925,11.8607,14.8437,18.2742,22.1604,26.5036,31.298,36.5323,42.1906,48.2533,54.6984,61.5029,68.6432,76.0959,83.839,91.8517,100.115,108.612,117.327,126.247,135.36,144.657,154.13,163.771,173.575,183.537,193.652,203.917,214.329,224.885
116.04,0,4.76634e-40,5.35927e-37,2.31032e-34,6.58679e-32,1.23149e-29,1.57874e-27,1.44699e-25,9.81313e-24,5.06311e-22,2.03331e-20,6.47768e-19,1.66365e-17,3.49275e-16,6.06775e-15,8.81772e-14,1.08248e-12,1.13275e-11,1.01893e-10,7.94099e-10,5.40249e-09,3.2317e-08,1.71162e-07,8.08076e-07,3.42304e-06,1.30933e-05,4.55041e-05,0.000144547,0.000422109,0.00113948,0.00285856,0.00669789,0.0147283,0.0305314,0.0599193,0.111774,0.198924,0.338936,0.554682,0.874535,1.33211,1.9655,2.81597,3.92637,5.33919,7.09463,9.22876,11.772,14.748,18.1728,22.055,26.3956,31.1891,36.4239,42.084,48.1496,54.5985,61.4073,68.5523,76.01,83.758,91.7755,100.043,108.544,117.263,126.187,135.303,144.604,154.079,163.722,173.528,183.491,193.607,203.874,214.287,224.845
118.15,0,3.10338e-40,3.54703e-37,1.55398e-34,4.502e-32,8.55178e-30,1.11368e-27,1.03673e-25,7.13975e-24,3.74014e-22,1.52469e-20,4.92962e-19,1.28462e-17,2.73582e-16,4.8199e-15,7.10117e-14,8.83524e-13,9.36713e-12,8.53346e-11,6.73275e-10,4.63509e-09,2.80442e-08,1.5016e-07,7.16337e-07,3.06455e-06,1.18321e-05,4.14845e-05,0.000132871,0.000391018,0.00106316,0.00268494,0.00632999,0.0139986,0.0291708,0.0575238,0.107776,0.192574,0.329309,0.540699,0.855025,1.30589,1.93145,2.77317,3.87417,5.27729,7.0231,9.1481,11.6831,14.6519,18.0711,21.9491,26.2873,31.0798,36.3152,41.9771,48.0456,54.4983,61.3116,68.4613,75.924,83.677,91.6994,99.9719,108.477,117.2,126.127,135.247,144.55,154.027,163.673,173.48,183.445,193.563,203.831,214.245,224.804
120.26,0,2.00888e-40,2.33447e-37,1.03962e-34,3.06118e-32,5.90912e-30,7.81875e-28,7.39406e-26,5.17199e-24,2.7513e-22,1.13873e-20,3.73721e-19,9.88327e-18,2.1355e-16,3.81606e-15,5.70092e-14,7.19002e-13,7.72439e-12,7.12794e-11,5.69424e-10,3.9675e-09,2.42837e-08,1.31471e-07,6.33832e-07,2.7389e-06,1.06755e-05,3.77652e-05,0.000121976,0.000361783,0.000990876,0.00251941,0.00597706,0.0132947,0.0278514,0.0551899,0.103864,0.186338,0.319821,0.526877,0.835687,1.27983,1.89755,2.73049,3.82203,5.21537,6.95148,9.06727,11.5939,14.5556,17.969,21.8429,26.1785,30.9701,36.2061,41.8699,47.9414,54.3979,61.2156,68.3703,75.838,83.5961,91.6233,99.9005,108.41,117.137,126.068,135.191,144.496,153.976,163.624,173.433,183.4,193.519,203.788,214.204,224.764
122.37,0,1.29264e-40,1.52763e-37,6.91685e-35,2.07047e-32,4.06236e-30,5.46255e-28,5.24887e-26,3.72979e-24,2.01523e-22,8.46992e-21,2.82216e-19,7.57543e-18,1.66099e-16,3.01111e-15,4.56215e-14,5.83346e-13,6.35153e-12,5.93788e-11,4.80373e-10,3.38802e-09,2.0981e-08,1.14871e-07,5.5976e-07,2.44354e-06,9.6164e-06,3.43284e-05,0.000111824,0.000334322,0.000922481,0.00236171,0.00563873,0.012616,0.0265727,0.0529171,0.100038,0.180215,0.310473,0.513216,0.816523,1.25395,1.8638,2.68791,3.76994,5.15343,6.87977,8.98625,11.5044,14.4589,17.8665,21.7362,26.0693,30.86,36.0966,41.7624,47.8369,54.2973,61.1196,68.2791,75.7519,83.5151,91.5473,99.8292,108.343,117.074,126.008,135.134,144.443,153.925,163.575,173.386,183.354,193.475,203.745,214.162,224.723
124.48,0,8.26681e-41,9.93778e-38,4.57598e-35,1.3928e-32,2.77824e-30,3.79735e-28,3.70823e-26,2.67743e-24,1.46962e-22,6.27357e-21,2.12263e-19,5.78436e-18,1.28724e-16,2.36776e-15,3.6389e-14,4.71818e-13,5.20739e-12,4.93288e-11,4.042e-10,2.88615e-09,1.80865e-08,1.00156e-07,4.93379e-07,2.1761e-06,8.64797e-06,3.1157e-05,0.000102375,0.000308557,0.000857829,0.00221161,0.00531466,0.0119621,0.0253342,0.0507051,0.0962979,0.174206,0.301265,0.499719,0.797534,1.22824,1.83021,2.64545,3.71791,5.09148,6.80796,8.90505,11.4147,14.3619,17.7637,21.6292,25.9597,30.7496,35.9868,41.6545,47.7321,54.1965,61.0234,68.1879,75.6658,83.4342,91.4714,99.7579,108.276,117.011,125.949,135.078,144.389,153.874,163.526,173.339,183.309,193.431,203.702,214.12,224.683
126.59,0,5.25378e-41,6.42596e-38,3.00982e-35,9.31729e-33,1.8899e-30,2.62627e-28,2.60696e-26,1.91298e-24,1.06692e-22,4.62682e-21,1.58996e-19,4.39951e-18,9.93872e-17,1.85529e-15,2.89276e-14,3.80402e-13,4.25656e-12,4.08641e-11,3.39203e-10,2.45252e-09,1.55551e-08,8.71372e-08,4.34e-07,1.93435e-06,7.76385e-06,2.82345e-05,9.35907e-05,0.00028441,0.000796777,0.00206887,0.00500448,0.0113326,0.0241352,0.0485532,0.0926433,0.168311,0.2922,0.486386,0.778722,1.2027,1.79677,2.60311,3.66594,5.02952,6.73605,8.82368,11.3248,14.2645,17.6604,21.5217,25.8497,30.6387,35.8766,41.5463,47.6271,54.0955,60.927,68.0966,75.5798,83.3533,91.3955,99.6868,108.21,116.948,125.89,135.022,144.336,153.824,163.477,173.292,183.263,193.387,203.66,214.079,224.642
128.699,0,3.31746e-41,4.1295e-38,1.96795e-35,6.19741e-33,1.27858e-30,1.80683e-28,1.82354e-26,1.36022e-24,7.71004e-23,3.39734e-21,1.18597e-19,3.33283e-18,7.64446e-17,1.44848e-15,2.29172e-14,3.05701e-13,3.46866e-12,3.3754e-11,2.83885e-10,2.07874e-09,1.33462e-08,7.56431e-08,3.80984e-07,1.7162e-06,6.95798e-06,2.55453e-05,8.54357e-05,0.000261805,0.000739183,0.00193326,0.00470784,0.0107269,0.0229753,0.0464609,0.0890738,0.162529,0.283276,0.473219,0.760091,1.17735,1.7635,2.56089,3.61403,4.96754,6.66405,8.74212,11.2345,14.1669,17.5568,21.4138,25.7393,30.5274,35.766,41.4378,47.5218,53.9943,60.8305,68.0052,75.4936,83.2724,91.3197,99.6158,108.143,116.886,125.831,134.966,144.283,153.773,163.429,173.245,183.218,193.343,203.617,214.037,224.601
130.809,0,2.08098e-41,2.63692e-38,1.2789e-35,4.09815e-33,8.60161e-31,1.23639e-28,1.26898e-26,9.62412e-25,5.54536e-23,2.48333e-21,8.8082e-20,2.51442e-18,5.85688e-17,1.12668e-15,1.80918e-14,2.44853e-13,2.81773e-12,2.77985e-11,2.36927e-10,1.75733e-09,1.14231e-08,6.55163e-08,3.33742e-07,1.5197e-06,6.22462e-06,2.30744e-05,7.78748e-05,0.00024067,0.00068491,0.00180453,0.00442439,0.0101445,0.0218538,0.0444278,0.085589,0.156861,0.274495,0.460219,0.741641,1.15217,1.73038,2.5188,3.56219,4.90556,6.59195,8.66038,11.144,14.0688,17.4528,21.3055,25.6284,30.4156,35.655,41.3289,47.4162,53.8929,60.7339,67.9137,75.4075,83.1916,91.244,99.5449,108.077,116.823,125.772,134.911,144.23,153.722,163.38,173.199,183.173,193.299,203.574,213.996,224.561
132.919,0,1.29653e-41,1.67288e-38,8.25926e-36,2.69374e-33,5.75344e-31,8.41388e-29,8.78413e-27,6.77509e-25,3.96917e-23,1.80684e-21,6.51307e-20,1.88902e-18,4.46938e-17,8.73042e-16,1.4231e-14,1.95447e-13,2.28157e-12,2.28243e-11,1.97172e-10,1.48164e-09,9.75269e-09,5.66134e-08,2.91729e-07,1.34302e-06,5.55836e-06,2.08075e-05,7.08743e-05,0.000220934,0.000633823,0.00168247,0.00415377,0.00958508,0.0207703,0.0424531,0.0821886,0.151306,0.265857,0.447388,0.723376,1.12718,1.69744,2.47683,3.51042,4.84357,6.51976,8.57845,11.0532,13.9705,17.3484,21.1967,25.5171,30.3035,35.5436,41.2197,47.3103,53.7912,60.6371,67.8222,75.3214,83.1108,91.1684,99.4741,108.01,116.761,125.713,134.855,144.178,153.672,163.332,173.152,183.128,193.255,203.531,213.954,224.52
135.029,0,8.02171e-42,1.0542e-38,5.29974e-36,1.75973e-33,3.82567e-31,5.69345e-29,6.04763e-27,4.74476e-25,2.82692e-23,1.30842e-21,4.79422e-20,1.41307e-18,3.39661e-17,6.73872e-16,1.11528e-14,1.55465e-13,1.84134e-12,1.86818e-11,1.63609e-10,1.24579e-09,8.30526e-09,4.88039e-08,2.54441e-07,1.18446e-06,4.95408e-06,1.8731e-05,6.44018e-05,0.000202526,0.000585787,0.00156683,0.00389562,0.00904801,0.0197241,0.0405363,0.078872,0.145865,0.257363,0.434726,0.705296,1.10238,1.66466,2.43499,3.45872,4.78158,6.44748,8.49634,10.9622,13.8718,17.2436,21.0875,25.4053,30.1909,35.4318,41.1101,47.2041,53.6894,60.5402,67.7306,75.2352,83.03,91.0928,99.4034,107.944,116.699,125.655,134.8,144.125,153.622,163.284,173.105,183.083,193.211,203.489,213.912,224.48
137.139,0,4.92768e-42,6.59777e-39,3.37833e-36,1.14232e-33,2.52843e-31,3.83027e-29,4.1405e-27,3.30521e-25,2.00316e-23,9.42891e-22,3.51266e-20,1.05237e-18,2.57049e-17,5.18064e-16,8.70732e-15,1.23219e-13,1.48102e-12,1.52424e-11,1.35351e-10,1.04453e-09,7.05409e-09,4.19688e-08,2.21416e-07,1.04243e-06,4.40699e-06,1.6832e-05,5.84259e-05,0.000185379,0.000540674,0.0014574,0.00364959,0.00853284,0.0187146,0.0386768,0.0756389,0.140538,0.249014,0.422236,0.687405,1.07777,1.63206,2.39329,3.40709,4.71958,6.37511,8.41405,10.8709,13.7727,17.1384,20.9779,25.2931,30.0779,35.3196,41.0002,47.0977,53.5873,60.4432,67.6389,75.149,82.9493,91.0173,99.3329,107.878,116.637,125.596,134.745,144.072,153.572,163.236,173.059,183.038,193.168,203.446,213.871,224.439
139.249,0,3.00484e-42,4.10017e-39,2.13897e-36,7.36727e-34,1.6607e-31,2.56148e-29,2.81864e-27,2.28987e-25,1.41204e-23,6.76097e-22,2.56145e-20,7.80197e-19,1.93693e-17,3.96651e-16,6.77168e-15,9.73025e-14,1.18708e-12,1.23956e-11,1.1163e-10,8.73269e-10,5.97528e-09,3.60006e-08,1.92229e-07,9.1546e-07,3.91256e-06,1.50981e-05,5.29168e-05,0.000169429,0.000498355,0.00135394,0.00341534,0.00803909,0.0177412,0.036874,0.0724887,0.135324,0.240809,0.409918,0.669705,1.05335,1.59963,2.35173,3.35555,4.65758,6.30264,8.33157,10.7793,13.6733,17.0327,20.8678,25.1804,29.9644,35.207,40.89,46.991,53.4851,60.346,67.5472,75.0629,82.8686,90.9419,99.2624,107.812,116.575,125.538,134.69,144.02,153.522,163.187,173.013,182.993,193.124,203.404,213.829,224.399
141.358,0,1.8185e-42,2.52962e-39,1.34488e-36,4.71982e-34,1.0838e-31,1.70251e-29,1.90756e-27,1.57755e-25,9.90036e-24,4.82316e-22,1.85872e-20,5.7573e-19,1.45307e-17,3.02418e-16,5.24537e-15,7.65475e-14,9.48085e-13,1.00466e-11,9.17764e-11,7.27928e-10,5.04748e-09,3.08017e-08,1.66492e-07,8.02182e-07,3.46655e-06,1.35175e-05,4.78457e-05,0.000154612,0.000458705,0.00125624,0.0031925,0.00756624,0.0168033,0.0351273,0.0694209,0.130223,0.232749,0.397773,0.652198,1.02913,1.56739,2.31031,3.30408,4.59559,6.23009,8.24891,10.6874,13.5736,16.9267,20.7573,25.0673,29.8505,35.0941,40.7794,46.884,53.3826,60.2486,67.4553,74.9767,82.788,90.8666,99.1921,107.746,116.513,125.48,134.635,143.968,153.472,163.14,172.966,182.948,193.08,203.361,213.788,224.358
143.468,0,1.09201e-42,1.54905e-39,8.39566e-37,3.00306e-34,7.02672e-32,1.12449e-29,1.28321e-27,1.08057e-25,6.90339e-24,3.42272e-22,1.34204e-20,4.22824e-19,1.08515e-17,2.29579e-16,4.0465e-15,5.99868e-14,7.54444e-13,8.1148e-12,7.52094e-11,6.04936e-10,4.25167e-09,2.6284e-08,1.43848e-07,7.01331e-07,3.06498e-06,1.20793e-05,4.3185e-05,0.000140867,0.000421604,0.00116408,0.00298073,0.00711381,0.0159003,0.0334359,0.0664351,0.125235,0.224835,0.385803,0.634885,1.00511,1.53533,2.26903,3.2527,4.5336,6.15744,8.16605,10.5953,13.4735,16.8202,20.6463,24.9537,29.7362,34.9807,40.6684,46.7767,53.2799,60.1512,67.3635,74.8905,82.7074,90.7915,99.1219,107.681,116.452,125.422,134.58,143.916,153.422,163.092,172.92,182.903,193.037,203.319,213.746,224.317
145.578,0,6.50528e-43,9.41328e-40,5.20269e-37,1.89731e-34,4.52503e-32,7.37921e-30,8.5789e-28,7.35792e-26,4.78651e-24,2.41584e-22,9.64013e-21,3.09009e-19,8.06612e-18,1.73514e-16,3.10855e-15,4.68225e-14,5.98104e-13,6.53127e-12,6.14284e-11,5.01161e-10,3.57091e-09,2.23682e-08,1.23971e-07,6.11733e-07,2.70413e-06,1.07729e-05,3.89085e-05,0.000128134,0.000386931,0.00107725,0.00277969,0.0066813,0.0150316,0.0317992,0.0635307,0.12036,0.217067,0.37401,0.61777,0.981296,1.50345,2.22791,3.20141,4.47162,6.08471,8.08301,10.5029,13.373,16.7133,20.5349,24.8396,29.6214,34.8668,40.5571,46.6691,53.177,60.0536,67.2715,74.8043,82.6269,90.7164,99.0519,107.615,116.391,125.364,134.525,143.864,153.372,163.044,172.874,182.858,192.993,203.276,213.705,224.277
147.688,0,3.84348e-43,5.67526e-40,3.19972e-37,1.19004e-34,2.89382e-32,4.81035e-30,5.69904e-28,4.97983e-26,3.29952e-24,1.69573e-22,6.88816e-21,2.24697e-19,5.96707e-18,1.30545e-16,2.37774e-15,3.63982e-14,4.72337e-13,5.23769e-12,5.00016e-11,4.13862e-10,2.9902e-09,1.89829e-08,1.06565e-07,5.32308e-07,2.38052e-06,9.58846e-06,3.49908e-05,0.000116357,0.000354571,0.000995532,0.00258902,0.0062682,0.0141964,0.0302166,0.0607069,0.115598,0.209445,0.362394,0.600854,0.957685,1.47177,2.18694,3.15021,4.40964,6.01189,7.99978,10.4101,13.2721,16.606,20.423,24.7251,29.5061,34.7526,40.4454,46.5612,53.0739,59.9558,67.1795,74.7182,82.5465,90.6414,98.982,107.55,116.329,125.307,134.471,143.812,153.323,162.996,172.828,182.814,192.95,203.234,213.663,224.236
149.798,0,2.25164e-43,3.3939e-40,1.9526e-37,7.40871e-35,1.83747e-32,3.11439e-30,3.76123e-28,3.34933e-26,2.26095e-24,1.1835e-22,4.89514e-21,1.62546e-19,4.3926e-18,9.77592e-17,1.8107e-15,2.81765e-14,3.71543e-13,4.18468e-12,4.05579e-11,3.40648e-10,2.49624e-09,1.60638e-08,9.13594e-08,4.62059e-07,2.0909e-06,8.51652e-06,3.14081e-05,0.00010548,0.00032441,0.000918718,0.00240839,0.00587402,0.0133942,0.0286872,0.0579634,0.110948,0.20197,0.350957,0.584139,0.934283,1.44029,2.14613,3.0991,4.34768,5.93899,7.91637,10.3171,13.1709,16.4982,20.3106,24.61,29.3903,34.6379,40.3334,46.4531,52.9705,59.858,67.0875,74.632,82.4661,90.5665,98.9122,107.485,116.268,125.249,134.417,143.761,153.273,162.949,172.782,182.769,192.906,203.191,213.622,224.195
151.908,0,1.30761e-43,2.01268e-40,1.18203e-37,4.57707e-35,1.15817e-32,2.00223e-30,2.46568e-28,2.23826e-26,1.5398e-24,8.21181e-23,3.45941e-21,1.16963e-19,3.21727e-18,7.2857e-17,1.37263e-15,2.17181e-14,2.91071e-13,3.33059e-12,3.27795e-11,2.79442e-10,2.07732e-09,1.35538e-08,7.81103e-08,4.0007e-07,1.83225e-06,7.54831e-06,2.81373e-05,9.54512e-05,0.000296339,0.000846605,0.00223746,0.00549824,0.0126244,0.0272104,0.0552993,0.10641,0.194642,0.339699,0.567628,0.911093,1.409,2.10547,3.0481,4.28573,5.866,7.83276,10.2238,13.0692,16.39,20.1977,24.4945,29.2741,34.5228,40.221,46.3446,52.867,59.76,66.9953,74.5459,82.3858,90.4917,98.8426,107.42,116.208,125.192,134.363,143.709,153.224,162.902,172.737,182.725,192.863,203.149,213.58,224.155
154.017,0,7.52566e-44,1.18332e-40,7.09668e-38,2.80541e-35,7.24499e-33,1.27794e-30,1.60523e-28,1.4859e-26,1.04207e-24,5.66362e-23,2.43079e-21,8.37041e-20,2.34422e-18,5.40311e-17,1.03569e-15,1.66663e-14,2.27078e-13,2.6404e-12,2.63951e-11,2.28438e-10,1.72311e-09,1.14014e-08,6.65956e-08,3.455e-07,1.60176e-06,6.67552e-06,2.51566e-05,8.62183e-05,0.000270251,0.000778993,0.00207588,0.00514036,0.0118861,0.0257853,0.0527141,0.101984,0.187462,0.328622,0.551324,0.888118,1.37792,2.06499,2.9972,4.22381,5.79293,7.74896,10.1302,12.9672,16.2814,20.0843,24.3784,29.1574,34.4072,40.1082,46.2358,52.7632,59.6618,66.9032,74.4597,82.3056,90.4171,98.7731,107.355,116.147,125.135,134.309,143.658,153.175,162.854,172.691,182.68,192.82,203.107,213.539,224.114
156.127,0,4.29119e-44,6.89552e-41,4.22458e-38,1.70555e-35,4.49693e-33,8.09593e-31,1.03763e-28,9.79746e-27,7.00659e-25,3.88202e-23,1.69797e-21,5.9567e-20,1.69898e-18,3.98671e-17,7.77716e-16,1.27315e-14,1.76395e-13,2.08478e-12,2.11734e-11,1.86079e-10,1.42453e-09,9.56114e-09,5.66149e-08,2.97579e-07,1.39683e-06,5.89034e-06,2.24454e-05,7.77326e-05,0.000246041,0.000715683,0.00192332,0.00479988,0.0111788,0.0244113,0.050207,0.0976688,0.180429,0.317728,0.535227,0.865363,1.34705,2.02468,2.9464,4.1619,5.71977,7.66496,10.0363,12.8649,16.1722,19.9704,24.2619,29.0402,34.2913,39.995,46.1268,52.6592,59.5636,66.811,74.3736,82.2254,90.3426,98.7038,107.29,116.086,125.078,134.255,143.607,153.126,162.807,172.645,182.636,192.777,203.064,213.497,224.073
158.237,0,2.42353e-44,3.98152e-41,2.49287e-38,1.02822e-35,2.7689e-33,5.08967e-31,6.6583e-29,6.41497e-27,4.67966e-25,2.64395e-23,1.17889e-21,4.21459e-20,1.2246e-18,2.92631e-17,5.81119e-16,9.68029e-15,1.36421e-13,1.63925e-12,1.69185e-11,1.5102e-10,1.17367e-09,7.99233e-09,4.79875e-08,2.55602e-07,1.21505e-06,5.18547e-06,1.9984e-05,6.9947e-05,0.000223609,0.000656483,0.00177946,0.00447629,0.0105018,0.0230876,0.0477773,0.0934647,0.173544,0.307016,0.519342,0.84283,1.31639,1.98454,2.89572,4.10001,5.64654,7.58078,9.94215,12.7621,16.0626,19.8561,24.1448,28.9225,34.1748,39.8814,46.0174,52.555,59.4652,66.7187,74.2875,82.1454,90.2682,98.6346,107.226,116.026,125.022,134.201,143.556,153.077,162.76,172.6,182.592,192.733,203.022,213.456,224.033
160.347,0,1.35527e-44,2.27729e-41,1.45775e-38,6.14536e-36,1.69083e-33,3.1745e-31,4.24033e-29,4.17005e-27,3.10407e-25,1.78896e-23,8.13399e-22,2.9643e-20,8.77698e-19,2.13647e-17,4.32018e-16,7.32504e-15,1.05027e-13,1.28343e-12,1.34643e-11,1.22105e-10,9.63578e-10,6.65901e-09,4.05509e-08,2.18927e-07,1.05417e-06,4.55406e-06,1.77537e-05,6.28163e-05,0.000202856,0.000601204,0.00164396,0.00416909,0.00985438,0.0218133,0.0454242,0.0893709,0.166807,0.296489,0.503668,0.820522,1.28594,1.94458,2.84516,4.03816,5.57323,7.4964,9.84766,12.6589,15.9526,19.7412,24.0272,28.8043,34.0579,39.7675,45.9078,52.4506,59.3666,66.6264,74.2015,82.0654,90.1939,98.5656,107.162,115.966,124.965,134.148,143.505,153.029,162.714,172.554,182.548,192.69,202.98,213.414,223.992
162.457,0,7.50178e-45,1.28987e-41,8.44515e-39,3.64022e-36,1.02373e-33,1.96389e-31,2.67949e-29,2.69066e-27,2.04441e-25,1.20229e-23,5.5762e-22,2.07219e-20,6.25417e-19,1.55123e-17,3.19497e-16,5.51547e-15,8.04814e-14,1.00043e-12,1.06711e-11,9.83441e-11,7.8823e-10,5.52941e-09,3.41593e-08,1.86971e-07,9.12152e-07,3.98971e-06,1.57369e-05,5.62973e-05,0.000183689,0.00054966,0.00151651,0.00387778,0.00923587,0.0205876,0.043147,0.085387,0.160218,0.286148,0.48821,0.798444,1.25572,1.90481,2.79471,3.97634,5.49984,7.41183,9.75285,12.5553,15.842,19.6257,23.9091,28.6856,33.9406,39.6531,45.7978,52.346,59.268,66.534,74.1155,81.9855,90.1198,98.4968,107.098,115.906,124.909,134.095,143.454,152.98,162.667,172.509,182.504,192.647,202.938,213.373,223.951
164.566,0,4.10886e-45,7.23254e-42,4.84554e-39,2.1365e-36,6.14393e-34,1.20477e-31,1.67964e-29,1.72286e-27,1.33669e-25,8.02409e-24,3.79747e-22,1.43946e-20,4.42989e-19,1.11992e-17,2.35013e-16,4.13183e-15,6.13761e-14,7.76307e-13,8.42144e-12,7.88912e-11,6.42389e-10,4.57548e-09,2.86823e-08,1.59203e-07,7.87092e-07,3.48647e-06,1.3917e-05,5.03487e-05,0.000166016,0.000501672,0.00139677,0.00360184,0.00864557,0.0194097,0.0409448,0.0815125,0.153777,0.275992,0.472969,0.776598,1.22572,1.86523,2.74439,3.91455,5.42637,7.32706,9.65774,12.4513,15.731,19.5098,23.7904,28.5663,33.8227,39.5384,45.6875,52.2412,59.1692,66.4417,74.0295,81.9057,90.0458,98.4281,107.034,115.846,124.853,134.042,143.404,152.932,162.62,172.464,182.46,192.604,202.895,213.331,223.911
166.676,0,2.22607e-45,4.01334e-42,2.75264e-39,1.24206e-36,3.65389e-34,7.32694e-32,1.0442e-29,1.09447e-27,8.67406e-26,5.31698e-24,2.56852e-22,9.93453e-21,3.11843e-19,8.03815e-18,1.71914e-16,3.07911e-15,4.65751e-14,5.9959e-13,6.61696e-12,6.30265e-11,5.21523e-10,3.77258e-09,2.40035e-08,1.35141e-07,6.77252e-07,3.03876e-06,1.22783e-05,4.4931e-05,0.000149748,0.000457062,0.00128445,0.00334079,0.00808276,0.0182788,0.0388167,0.0777467,0.147485,0.266024,0.457947,0.754988,1.19595,1.82584,2.6942,3.85279,5.35283,7.24211,9.56231,12.3469,15.6195,19.3933,23.6712,28.4466,33.7044,39.4233,45.5769,52.1361,59.0704,66.3492,73.9435,81.826,89.972,98.3596,106.97,115.787,124.797,133.989,143.353,152.884,162.574,172.419,182.416,192.561,202.853,213.29,223.87
168.786,0,1.19249e-45,2.20312e-42,1.54768e-39,7.15008e-37,2.15271e-34,4.41617e-32,6.43625e-30,6.89635e-28,5.58519e-26,3.49719e-24,1.7251e-22,6.81064e-21,2.18131e-19,5.73463e-18,1.25039e-16,2.28224e-15,3.51635e-14,4.60881e-13,5.1757e-12,5.01394e-11,4.21726e-10,3.09911e-09,2.00191e-08,1.14353e-07,5.81038e-07,2.64144e-06,1.08059e-05,4.00067e-05,0.000134801,0.000415658,0.00117922,0.00309411,0.00754675,0.0171939,0.0367619,0.0740891,0.14134,0.256245,0.443147,0.733618,1.16642,1.78665,2.64415,3.79108,5.27922,7.15695,9.46657,12.242,15.5074,19.2763,23.5514,28.3263,33.5856,39.3078,45.466,52.0309,58.9714,66.2568,73.8576,81.7464,89.8983,98.2913,106.906,115.728,124.741,133.936,143.303,152.836,162.527,172.374,182.372,192.518,202.811,213.249,223.829
170.896,0,6.31388e-46,1.19598e-42,8.6097e-40,4.07438e-37,1.25603e-34,2.63723e-32,3.93231e-30,4.309e-28,3.56754e-26,2.28274e-24,1.15024e-22,4.63691e-21,1.51584e-19,4.06588e-18,9.04121e-17,1.68221e-15,2.64088e-14,3.52511e-13,4.02957e-12,3.97137e-11,3.39637e-10,2.53621e-09,1.66373e-08,9.6447e-08,4.96992e-07,2.28972e-06,9.48601e-06,3.554e-05,0.000121093,0.000377292,0.00108078,0.00286133,0.00703683,0.0161542,0.0347795,0.0705389,0.135344,0.246655,0.428571,0.71249,1.13712,1.74767,2.59423,3.72942,5.20554,7.0716,9.37051,12.1368,15.3949,19.1587,23.4311,28.2054,33.4664,39.1918,45.3548,51.9254,58.8723,66.1643,73.7718,81.6669,89.8248,98.2232,106.843,115.668,124.686,133.884,143.253,152.788,162.481,172.329,182.328,192.476,202.769,213.207,223.788
173.006,0,3.3028e-46,6.4179e-43,4.73703e-40,2.29744e-37,7.2553e-35,1.55988e-32,2.38067e-30,2.66905e-28,2.25998e-26,1.47833e-24,7.61214e-23,3.13456e-21,1.04628e-19,2.8643e-18,6.49785e-17,1.23284e-15,1.97267e-14,2.68251e-13,3.12224e-12,3.13148e-11,2.7238e-10,2.06744e-09,1.37765e-08,8.1071e-08,4.23784e-07,1.97918e-06,8.30564e-06,3.14971e-05,0.000108544,0.000341803,0.000988826,0.00264193,0.00655226,0.0151587,0.0328685,0.0670954,0.129495,0.237254,0.41422,0.691609,1.10807,1.7089,2.54446,3.66781,5.13179,6.98605,9.27413,12.0311,15.2819,19.0405,23.3102,28.0841,33.3466,39.0755,45.2433,51.8197,58.773,66.0718,73.686,81.5876,89.7514,98.1553,106.78,115.61,124.63,133.831,143.204,152.74,162.435,172.284,182.284,192.433,202.727,213.166,223.748
175.116,0,1.70616e-46,3.40302e-43,2.57672e-40,1.28144e-37,4.14765e-35,9.1356e-33,1.42776e-30,1.63846e-28,1.41946e-26,9.49618e-25,4.99878e-23,2.10344e-21,7.17161e-20,2.00452e-18,4.64081e-17,8.98176e-16,1.46532e-14,2.0306e-13,2.40728e-12,2.45779e-11,2.17497e-10,1.67851e-09,1.13649e-08,6.79097e-08,3.60203e-07,1.70572e-06,7.25259e-06,2.78457e-05,9.70801e-05,0.000309032,0.00090307,0.00243543,0.00609235,0.0142067,0.031028,0.0637579,0.123794,0.228045,0.400097,0.670979,1.07926,1.67034,2.49485,3.60625,5.05798,6.90031,9.17742,11.925,15.1683,18.9218,23.1887,27.9621,33.2264,38.9587,45.1314,51.7138,58.6737,65.9793,73.6003,81.5084,89.6782,98.0876,106.717,115.551,124.575,133.779,143.154,152.692,162.389,172.24,182.241,192.39,202.685,213.125,223.707
177.225,0,8.69976e-47,1.78217e-43,1.38513e-40,7.06728e-38,2.34574e-35,5.29583e-33,8.47951e-31,9.96504e-29,8.83694e-27,6.04888e-25,3.25649e-23,1.40084e-21,4.8804e-20,1.39328e-18,3.29314e-17,6.50375e-16,1.0822e-14,1.52881e-13,1.8466e-12,1.91984e-11,1.72897e-10,1.35708e-09,9.3392e-09,5.66816e-08,3.0515e-07,1.46558e-06,6.31546e-06,2.45553e-05,8.66276e-05,0.000278824,0.00082322,0.00224134,0.00565635,0.013297,0.0292569,0.0605255,0.118241,0.219027,0.386205,0.650602,1.05071,1.63201,2.44538,3.54475,4.9841,6.81437,9.08039,11.8184,15.0542,18.8025,23.0666,27.8396,33.1056,38.8415,45.0193,51.6077,58.5742,65.8868,73.5146,81.4293,89.6052,98.0201,106.655,115.492,124.52,133.727,143.104,152.645,162.343,172.195,182.197,192.347,202.643,213.083,223.666
179.335,0,4.37652e-47,9.21391e-44,7.35508e-41,3.85242e-38,1.31197e-35,3.03757e-33,4.98543e-31,6.00272e-29,5.45141e-27,3.81966e-25,2.104e-23,9.25632e-22,3.29657e-20,9.61619e-19,2.32129e-17,4.67981e-16,7.94512e-15,1.14458e-13,1.40907e-12,1.49225e-11,1.36811e-10,1.0925e-09,7.64397e-09,4.71351e-08,2.5763e-07,1.25531e-06,5.48367e-06,2.15972e-05,7.71176e-05,0.000251032,0.000748991,0.00205919,0.00524356,0.0124288,0.0275542,0.0573975,0.112835,0.210202,0.372545,0.630482,1.02242,1.5939,2.39608,3.48331,4.91017,6.72824,8.98302,11.7113,14.9396,18.6826,22.9439,27.7165,32.9843,38.7239,44.9068,51.5013,58.4747,65.7943,73.429,81.3503,89.5324,97.9527,106.592,115.434,124.466,133.675,143.055,152.598,162.297,172.151,182.154,192.305,202.601,213.042,223.625
181.445,0,2.171e-47,4.70042e-44,3.85619e-41,2.07468e-38,7.25364e-36,1.72324e-33,2.90063e-31,3.5801e-29,3.33125e-27,2.39038e-25,1.34782e-23,6.0669e-22,2.20968e-20,6.58878e-19,1.62501e-17,3.34553e-16,5.7973e-15,8.51981e-14,1.06938e-12,1.154e-11,1.07742e-10,8.75604e-10,6.23069e-09,3.9047e-08,2.16745e-07,1.07173e-06,4.74734e-06,1.89443e-05,6.84837e-05,0.000225511,0.000680105,0.00188849,0.00485324,0.0116011,0.0259188,0.0543727,0.107575,0.20157,0.35912,0.610624,0.994388,1.55603,2.34695,3.42194,4.83618,6.64191,8.88532,11.6039,14.8244,18.5621,22.8206,27.5929,32.8625,38.6059,44.794,51.3948,58.375,65.7017,73.3435,81.2715,89.4597,97.8856,106.53,115.376,124.411,133.624,143.006,152.55,162.252,172.106,182.111,192.262,202.559,213.001,223.585
183.555,0,1.06134e-47,2.36483e-44,1.99522e-41,1.10334e-38,3.96269e-36,9.6654e-34,1.66946e-31,2.11333e-29,2.01581e-27,1.48207e-25,8.55818e-24,3.94323e-22,1.46942e-20,4.4806e-19,1.12951e-17,2.37564e-16,4.20335e-15,6.30404e-14,8.0704e-13,8.8774e-12,8.44335e-11,6.98559e-10,5.05712e-09,3.22194e-08,1.81686e-07,9.11944e-07,4.09732e-06,1.65709e-05,6.06628e-05,0.000202123,0.00061629,0.00172878,0.00448467,0.010813,0.0243496,0.0514504,0.102463,0.193132,0.345931,0.591031,0.966627,1.5184,2.29799,3.36065,4.76213,6.55538,8.78728,11.4959,14.7086,18.4409,22.6967,27.4686,32.7402,38.4874,44.6809,51.2881,58.2753,65.6092,73.2581,81.1928,89.3873,97.8188,106.468,115.318,124.357,133.573,142.957,152.503,162.206,172.062,182.067,192.22,202.518,212.959,223.544
185.665,0,5.11046e-48,1.17273e-44,1.01827e-41,5.79151e-39,2.1381e-36,5.3575e-34,9.50127e-32,1.23425e-29,1.20749e-27,9.10086e-26,5.38462e-24,2.54079e-22,9.69141e-21,3.02333e-19,7.79338e-18,1.67524e-16,3.02774e-15,4.63583e-14,6.05536e-13,6.79214e-12,6.5832e-11,5.5468e-10,4.08657e-09,2.64775e-08,1.51726e-07,7.733e-07,3.52513e-06,1.44532e-05,5.35948e-05,0.000180734,0.000557281,0.00157957,0.00413712,0.0100634,0.0228456,0.0486295,0.0974958,0.184888,0.33298,0.571706,0.93914,1.48101,2.24922,3.29943,4.68803,6.46865,8.6889,11.3875,14.5923,18.3192,22.5721,27.3438,32.6174,38.3685,44.5674,51.1811,58.1755,65.5167,73.1727,81.1143,89.315,97.7521,106.406,115.261,124.303,133.521,142.908,152.456,162.161,172.018,182.024,192.177,202.476,212.918,223.503
187.775,0,2.42216e-48,5.72887e-45,5.12308e-42,2.99903e-39,1.13884e-36,2.93343e-34,5.3447e-32,7.12893e-30,7.15732e-28,5.53297e-26,3.35593e-24,1.6225e-22,6.33771e-21,2.02365e-19,5.33645e-18,1.17286e-16,2.16618e-15,3.38739e-14,4.51629e-13,5.16758e-12,5.10598e-11,4.38284e-10,3.2873e-09,2.16674e-08,1.26215e-07,6.53396e-07,3.02295e-06,1.25686e-05,4.72225e-05,0.000161215,0.000502819,0.00144042,0.00380987,0.00935142,0.0214054,0.045909,0.0926744,0.176838,0.32027,0.552653,0.911933,1.44388,2.20062,3.2383,4.61388,6.38173,8.59017,11.2786,14.4754,18.1968,22.4469,27.2183,32.494,38.2492,44.4536,51.074,58.0755,65.4242,73.0875,81.0359,89.243,97.6857,106.345,115.203,124.249,133.471,142.86,152.41,162.116,171.974,181.981,192.135,202.434,212.877,223.462
189.884,0,1.12925e-48,2.75515e-45,2.53948e-42,1.53122e-39,5.98507e-37,1.58583e-34,2.97035e-32,4.07056e-30,4.1964e-28,3.32918e-26,2.07112e-24,1.02649e-22,4.10816e-21,1.34327e-19,3.62539e-18,8.15053e-17,1.53895e-15,2.45887e-14,3.34759e-13,3.90882e-12,3.9388e-11,3.44564e-10,2.63194e-09,1.76541e-08,1.04571e-07,5.50046e-07,2.58354e-06,1.08961e-05,4.14917e-05,0.000143441,0.000452652,0.00131088,0.0035022,0.00867596,0.020028,0.0432876,0.0879978,0.168984,0.307802,0.533877,0.885011,1.407,2.15223,3.17726,4.53969,6.29461,8.49109,11.1692,14.3579,18.0738,22.321,27.0922,32.37,38.1294,44.3395,50.9666,57.9755,65.3316,73.0024,80.9577,89.1711,97.6195,106.283,115.146,124.195,133.42,142.811,152.363,162.071,171.93,181.938,192.092,202.392,212.835,223.421
191.994,0,5.17504e-49,1.30358e-45,1.23947e-42,7.70387e-40,3.10181e-37,8.46021e-35,1.63015e-32,2.29667e-30,2.43266e-28,1.98175e-26,1.26524e-24,6.43181e-23,2.63873e-21,8.83967e-20,2.44293e-18,5.62054e-17,1.08543e-15,1.77271e-14,2.46545e-13,2.93896e-12,3.0214e-11,2.6947e-10,2.097e-09,1.43194e-08,8.62798e-08,4.61276e-07,2.20029e-06,9.41603e-06,3.63509e-05,0.000127293,0.000406534,0.00119048,0.00321337,0.00803604,0.0187121,0.0407642,0.0834653,0.161325,0.295579,0.515381,0.858379,1.37039,2.10403,3.11631,4.46546,6.20729,8.39166,11.0594,14.2399,17.9501,22.1945,26.9655,32.2455,38.0091,44.2251,50.859,57.8754,65.2392,72.9173,80.8797,89.0995,97.5536,106.222,115.09,124.142,133.369,142.763,152.317,162.026,171.886,181.895,192.05,202.35,212.794,223.381
194.104,0,2.32938e-49,6.06372e-46,5.95269e-43,3.81706e-40,1.58435e-37,4.45162e-35,8.83013e-33,1.27983e-30,1.39372e-28,1.16658e-26,7.64802e-25,3.98991e-23,1.67891e-21,5.76525e-20,1.63227e-18,3.84505e-17,7.59823e-16,1.26902e-14,1.80374e-13,2.19603e-12,2.30423e-11,2.09603e-10,1.6624e-09,1.15605e-08,7.0882e-08,3.85304e-07,1.86712e-06,8.11019e-06,3.17518e-05,0.000112658,0.00036423,0.00107879,0.00294268,0.00743063,0.0174564,0.0383377,0.0790762,0.153862,0.283602,0.497168,0.832043,1.33405,2.05604,3.05547,4.39119,6.11978,8.29188,10.949,14.1212,17.8258,22.0673,26.8381,32.1205,37.8884,44.1103,50.7513,57.7752,65.1467,72.8324,80.8019,89.0281,97.4879,106.162,115.033,124.089,133.319,142.715,152.27,161.981,171.842,181.852,192.008,202.309,212.753,223.34
196.214,0,1.02899e-49,2.77087e-46,2.81107e-43,1.86128e-40,7.9709e-38,2.30896e-35,4.71838e-33,7.04047e-31,7.8878e-29,6.78803e-27,4.57252e-25,2.44951e-23,1.05776e-21,3.72533e-20,1.08109e-18,2.60875e-17,5.27762e-16,9.01816e-15,1.31059e-13,1.63037e-12,1.74675e-11,1.62123e-10,1.31101e-09,9.28824e-09,5.7973e-08,3.20528e-07,1.57846e-06,6.96159e-06,2.76486e-05,9.94268e-05,0.000325507,0.000975391,0.00268941,0.0068587,0.0162598,0.0360067,0.0748296,0.146595,0.271873,0.479242,0.806008,1.298,2.00827,2.99473,4.31688,6.03207,8.19174,10.8381,14.0019,17.7008,21.9394,26.7101,31.9948,37.7672,43.9952,50.6433,57.6749,65.0543,72.7476,80.7242,88.9569,97.4224,106.101,114.977,124.036,133.269,142.667,152.224,161.936,171.798,181.809,191.966,202.267,212.712,223.299
198.324,0,4.4571e-50,1.24284e-46,1.30431e-43,8.92586e-41,3.94732e-38,1.17982e-35,2.48575e-33,3.82132e-31,4.40765e-29,3.90246e-27,2.70275e-25,1.48767e-23,6.59654e-22,2.38408e-20,7.0954e-19,1.75483e-17,3.63624e-16,6.36013e-15,9.45501e-14,1.20236e-12,1.3159e-11,1.24672e-10,1.02832e-09,7.42532e-09,4.71964e-08,2.65511e-07,1.32924e-06,5.9545e-06,2.39983e-05,8.74949e-05,0.000290142,0.000879845,0.00245285,0.0063192,0.0151208,0.0337699,0.0707247,0.139525,0.260393,0.461608,0.780281,1.26223,1.96072,2.93411,4.24255,5.94417,8.09123,10.7268,13.882,17.5751,21.8108,26.5814,31.8686,37.6456,43.8798,50.5351,57.5746,64.9619,72.663,80.6468,88.886,97.3572,106.041,114.92,123.983,133.219,142.619,152.178,161.891,171.755,181.766,191.923,202.225,212.67,223.258
200.434,0,1.89124e-50,5.4671e-47,5.94145e-44,4.20647e-41,1.92278e-38,5.93511e-36,1.29033e-33,2.04524e-31,2.43054e-29,2.21557e-27,1.57871e-25,8.93425e-24,4.0704e-22,1.51052e-20,4.61304e-19,1.16996e-17,2.48443e-16,4.45032e-15,6.77089e-14,8.80588e-13,9.84935e-12,9.52959e-11,8.02085e-10,5.90532e-09,3.82396e-08,2.18971e-07,1.11487e-06,5.07442e-06,2.07606e-05,7.67633e-05,0.000257921,0.000791742,0.0022323,0.00581109,0.0140381,0.0316259,0.0667603,0.13265,0.249165,0.444269,0.754868,1.22675,1.9134,2.87361,4.16819,5.85607,7.99036,10.6149,13.7614,17.4487,21.6814,26.452,31.7418,37.5235,43.764,50.4268,57.4742,64.8696,72.5785,80.5695,88.8153,97.2923,105.981,114.865,123.931,133.169,142.572,152.133,161.847,171.711,181.724,191.881,202.184,212.629,223.217
202.543,0,7.85327e-51,2.35631e-47,2.65476e-44,1.94655e-41,9.20595e-39,2.93736e-36,6.59536e-34,1.07878e-31,1.32189e-29,1.24153e-27,9.10819e-26,5.3032e-24,2.48409e-22,9.47135e-21,2.96984e-19,7.72832e-18,1.68275e-16,3.08862e-15,4.81168e-14,6.40314e-13,7.3228e-12,7.23876e-11,6.21997e-10,4.67127e-09,3.0829e-08,1.79767e-07,9.3117e-07,4.30796e-06,1.78977e-05,6.71379e-05,0.000228636,0.000710675,0.00202705,0.00533332,0.0130104,0.0295733,0.0629355,0.125971,0.23819,0.427229,0.729774,1.19158,1.86632,2.81324,4.09381,5.76778,7.88911,10.5024,13.6402,17.3215,21.5514,26.322,31.6144,37.4009,43.6479,50.3182,57.3738,64.7773,72.4941,80.4925,88.7449,97.2277,105.921,114.809,123.879,133.12,142.524,152.087,161.803,171.668,181.681,191.839,202.142,212.588,223.176
204.653,0,3.18778e-51,9.94028e-48,1.16244e-44,8.83721e-42,4.3288e-39,1.42915e-36,3.31722e-34,5.60404e-32,7.08652e-30,6.86295e-28,5.18766e-26,3.10984e-24,1.49869e-22,5.87479e-21,1.89254e-19,5.0562e-18,1.12949e-16,2.12543e-15,3.39225e-14,4.62141e-13,5.40658e-12,5.46306e-11,4.79445e-10,3.67453e-09,2.47268e-08,1.46883e-07,7.7437e-07,3.64282e-06,1.53742e-05,5.85293e-05,0.000202086,0.00063625,0.00183642,0.00488483,0.0120363,0.0276105,0.0592491,0.119488,0.22747,0.410491,0.705006,1.15672,1.81949,2.753,4.01941,5.67929,7.78749,10.3895,13.5184,17.1937,21.4206,26.1913,31.4864,37.2779,43.5314,50.2095,57.2733,64.6851,72.4099,80.4157,88.6748,97.1633,105.862,114.754,123.827,133.07,142.477,152.041,161.758,171.625,181.638,191.797,202.1,212.547,223.135
206.763,0,1.2634e-51,4.09998e-48,4.98302e-45,3.93245e-42,1.99735e-39,6.83032e-37,1.64053e-34,2.86517e-32,3.74226e-30,3.74019e-28,2.91529e-26,1.80067e-24,8.93435e-23,3.60309e-21,1.19328e-19,3.27507e-18,7.51041e-17,1.44976e-15,2.37183e-14,3.30973e-13,3.96303e-12,4.09527e-11,3.67257e-10,2.87376e-09,1.97267e-08,1.19426e-07,6.41079e-07,3.06775e-06,1.31574e-05,5.0853e-05,0.00017808,0.000568081,0.00165972,0.00446456,0.0111144,0.0257361,0.0556999,0.113201,0.217006,0.394059,0.680569,1.12217,1.77291,2.69291,3.94501,5.59061,7.6855,10.2759,13.3958,17.0651,21.289,26.0598,31.3578,37.1543,43.4147,50.1005,57.1727,64.593,72.3258,80.3391,88.6049,97.0993,105.803,114.699,123.775,133.021,142.43,151.996,161.714,171.581,181.596,191.755,202.059,212.506,223.094
208.873,0,4.88252e-52,1.65144e-48,2.08889e-45,1.71345e-42,9.0349e-40,3.2039e-37,7.97128e-35,1.44067e-32,1.94538e-30,2.0083e-28,1.6155e-26,1.02894e-24,5.2602e-23,2.18403e-21,7.44106e-20,2.09941e-18,4.94533e-17,9.79844e-16,1.64416e-14,2.35133e-13,2.88315e-12,3.04852e-11,2.79498e-10,2.23401e-09,1.56504e-08,9.66068e-08,5.28253e-07,2.57246e-06,1.12167e-05,4.40292e-05,0.000156432,0.000505793,0.00149628,0.00407145,0.0102432,0.0239483,0.0522864,0.107109,0.206799,0.377938,0.656471,1.08796,1.7266,2.63297,3.87059,5.50175,7.58312,10.1619,13.2726,16.9357,21.1567,25.9276,31.2285,37.0303,43.2975,49.9914,57.0721,64.501,72.242,80.2628,88.5353,97.0355,105.744,114.644,123.723,132.973,142.384,151.951,161.67,171.538,181.553,191.713,202.017,212.464,223.054
210.983,0,1.83732e-52,6.48761e-49,8.55315e-46,7.30249e-43,4.0026e-40,1.47363e-37,3.80218e-35,7.11865e-33,9.9478e-31,1.06176e-28,8.82224e-27,5.79904e-25,3.05699e-23,1.30774e-21,4.58692e-20,1.33126e-18,3.22332e-17,6.55944e-16,1.12957e-14,1.65652e-13,2.08119e-12,2.25286e-11,2.11276e-10,1.72584e-09,1.23449e-08,7.77335e-08,4.33171e-07,2.14759e-06,9.52385e-06,3.79826e-05,0.000136968,0.000449021,0.00134544,0.00370445,0.00942133,0.0222455,0.0490073,0.101212,0.19685,0.36213,0.632716,1.05407,1.68056,2.5732,3.79618,5.41269,7.48036,10.0473,13.1487,16.8055,21.0236,25.7947,31.0986,36.9057,43.1801,49.8821,56.9715,64.409,72.1583,80.1867,88.4659,96.972,105.685,114.589,123.672,132.924,142.337,151.906,161.626,171.495,181.511,191.671,201.976,212.423,223.013
213.092,0,6.72192e-53,2.48218e-49,3.41637e-46,3.04051e-43,1.73477e-40,6.63955e-38,1.7787e-35,3.4537e-33,4.99992e-31,5.52288e-29,4.74463e-27,3.22151e-25,1.75263e-23,7.73096e-22,2.79374e-20,8.34684e-19,2.07875e-17,4.34764e-16,7.68837e-15,1.1569e-13,1.49014e-12,1.6523e-11,1.58588e-10,1.32461e-09,9.67926e-09,6.22028e-08,3.5341e-07,1.78464e-06,8.05268e-06,3.26427e-05,0.000119519,0.000397412,0.00120654,0.0033625,0.00864724,0.0206261,0.0458611,0.0955088,0.187162,0.346639,0.609312,1.02053,1.63481,2.51359,3.72178,5.32344,7.37721,9.93205,13.0241,16.6746,20.8897,25.661,30.9681,36.7807,43.0623,49.7726,56.8708,64.3171,72.0748,80.1109,88.3969,96.9088,105.627,114.535,123.621,132.875,142.29,151.861,161.582,171.452,181.469,191.63,201.934,212.382,222.972
215.202,0,2.38689e-53,9.23505e-50,1.3293e-46,1.23521e-43,7.34699e-41,2.92726e-38,8.15274e-36,1.64373e-33,2.46802e-31,2.82433e-29,2.51112e-27,1.76284e-25,9.9065e-24,4.5097e-22,1.68035e-20,5.17201e-19,1.32585e-17,2.8519e-16,5.18247e-15,8.00667e-14,1.05794e-12,1.20233e-11,1.18171e-10,1.0098e-09,7.5419e-09,4.94897e-08,2.86822e-07,1.47592e-06,6.77914e-06,2.79433e-05,0.000103924,0.000350624,0.00107895,0.00304454,0.00791947,0.0190882,0.0428461,0.0899992,0.177734,0.331469,0.586265,0.987347,1.58935,2.45416,3.64739,5.23401,7.27366,9.81627,12.8987,16.5429,20.7549,25.5266,30.8369,36.6551,42.9441,49.663,56.7701,64.2254,71.9915,80.0353,88.3282,96.846,105.569,114.481,123.571,132.827,142.244,151.816,161.539,171.409,181.426,191.588,201.893,212.341,222.931
217.312,0,8.21096e-54,3.33558e-50,5.03075e-47,4.88937e-44,3.03664e-41,1.26139e-38,3.65742e-36,7.66666e-34,1.19533e-31,1.41877e-29,1.30689e-27,9.49525e-26,5.51698e-24,2.59417e-22,9.97504e-21,3.16554e-19,8.35928e-18,1.8506e-16,3.45812e-15,5.48905e-14,7.44497e-13,8.6774e-12,8.73857e-11,7.64395e-10,5.83837e-09,3.914e-08,2.31508e-07,1.21452e-06,5.68118e-06,2.38225e-05,9.00317e-05,0.000308327,0.00096203,0.00274954,0.00723649,0.01763,0.0399606,0.0846821,0.168568,0.316624,0.563582,0.954522,1.5442,2.39492,3.57302,5.1444,7.16972,9.6999,12.7726,16.4103,20.6194,25.3914,30.705,36.5291,42.8256,49.5531,56.6694,64.1337,71.9084,79.9601,88.2598,96.7835,105.511,114.428,123.52,132.779,142.198,151.771,161.495,171.367,181.384,191.546,201.851,212.3,222.89
219.422,0,2.73075e-54,1.16741e-50,1.8487e-47,1.88284e-44,1.22318e-41,5.30582e-39,1.60402e-36,3.50066e-34,5.67489e-32,6.99459e-30,6.68282e-28,5.03048e-26,3.025e-24,1.47062e-22,5.8408e-21,1.91269e-19,5.20717e-18,1.18736e-16,2.28324e-15,3.7261e-14,5.1912e-13,6.20923e-12,6.4109e-11,5.74389e-10,4.48907e-09,3.07622e-08,1.85797e-07,9.94225e-07,4.73858e-06,2.02229e-05,7.76976e-05,0.000270204,0.000855168,0.00247643,0.0065968,0.0162497,0.0372029,0.0795566,0.159665,0.302106,0.541268,0.922067,1.49936,2.33588,3.49868,5.0546,7.06538,9.58293,12.6458,16.2769,20.483,25.2554,30.5725,36.4025,42.7068,49.4431,56.5687,64.0422,71.8256,79.8851,88.1917,96.7213,105.454,114.374,123.47,132.731,142.152,151.727,161.452,171.324,181.342,191.504,201.81,212.258,222.849
221.532,0,8.76002e-55,3.95095e-51,6.58447e-48,7.04206e-45,4.79445e-42,2.17555e-39,6.8685e-37,1.563e-34,2.63814e-32,3.38101e-30,3.35458e-28,2.61917e-26,1.63179e-24,8.21024e-23,3.37125e-21,1.14023e-19,3.20298e-18,7.52876e-17,1.49097e-15,2.50343e-14,3.58509e-13,4.40358e-12,4.66443e-11,4.28315e-10,3.42728e-09,2.40209e-08,1.48226e-07,8.09478e-07,3.93293e-06,1.70909e-05,6.67854e-05,0.000235949,0.000757762,0.0022242,0.00599884,0.0149452,0.034571,0.0746215,0.151025,0.28792,0.519332,0.889992,1.45485,2.27705,3.42437,4.96463,6.96063,9.46535,12.5182,16.1426,20.3457,25.1185,30.4393,36.2754,42.5876,49.333,56.468,63.9508,71.7429,79.8104,88.124,96.6594,105.397,114.321,123.42,132.684,142.106,151.682,161.408,171.281,181.3,191.463,201.769,212.217,222.808
223.642,0,2.70367e-55,1.29008e-51,2.26832e-48,2.55333e-45,1.82564e-42,8.68241e-40,2.86768e-37,6.81538e-35,1.19953e-32,1.60069e-30,1.65142e-28,1.33901e-26,8.65293e-25,4.51059e-23,1.91677e-21,6.70213e-20,1.94433e-18,4.71516e-17,9.6243e-16,1.66394e-14,2.45118e-13,3.09401e-12,3.36449e-11,3.16843e-10,2.59738e-09,1.86301e-08,1.17519e-07,6.55338e-07,3.24751e-06,1.4377e-05,5.71665e-05,0.000205269,0.000669228,0.00199181,0.00544107,0.0137146,0.0320629,0.0698757,0.142649,0.274069,0.497778,0.858308,1.41068,2.21844,3.3501,4.87448,6.85547,9.34715,12.3898,16.0075,20.2075,24.9809,30.3053,36.1477,42.4681,49.2227,56.3673,63.8596,71.6606,79.736,88.0565,96.5979,105.34,114.268,123.37,132.637,142.061,151.638,161.365,171.239,181.258,191.421,201.727,212.176,222.767
225.751,0,8.00544e-56,4.0538e-52,7.54101e-49,8.95674e-46,6.74091e-43,3.36702e-40,1.16564e-37,2.89832e-35,5.32784e-33,7.41394e-31,7.96456e-29,6.71516e-27,4.50651e-25,2.43659e-23,1.07272e-21,3.88158e-20,1.16405e-18,2.91508e-17,6.13794e-16,1.09357e-14,1.65841e-13,2.1528e-12,2.40499e-11,2.32431e-10,1.95332e-09,1.43471e-08,9.25719e-08,5.27419e-07,2.66718e-06,1.20354e-05,4.872e-05,0.000177884,0.000588994,0.00177826,0.00492192,0.012556,0.0296765,0.0653178,0.134537,0.260555,0.476615,0.827023,1.36686,2.16006,3.27589,4.78415,6.7499,9.22831,12.2606,15.8715,20.0684,24.8424,30.1707,36.0196,42.3482,49.1122,56.2666,63.7685,71.5785,79.6619,87.9895,96.5367,105.284,114.216,123.321,132.589,142.015,151.594,161.322,171.196,181.216,191.379,201.686,212.135,222.726
227.861,0,2.26671e-56,1.22236e-52,2.41321e-49,3.03281e-46,2.40862e-43,1.26646e-40,4.6051e-38,1.20026e-35,2.3085e-33,3.3553e-31,3.7589e-29,3.3001e-27,2.30294e-25,1.29308e-23,5.90461e-22,2.21339e-20,6.86865e-19,1.77792e-17,3.86526e-16,7.10279e-15,1.10979e-13,1.48271e-12,1.70295e-11,1.69024e-10,1.45717e-09,1.09672e-08,7.24276e-08,4.21853e-07,2.1783e-06,1.00243e-05,4.13329e-05,0.000153526,0.000516507,0.00158253,0.00443984,0.0114671,0.0274097,0.0609461,0.12669,0.247382,0.455848,0.796148,1.3234,2.10192,3.20173,4.69366,6.64392,9.10883,12.1306,15.7345,19.9284,24.7031,30.0353,35.8909,42.228,49.0016,56.166,63.6776,71.4966,79.5882,87.9228,96.4759,105.228,114.164,123.272,132.542,141.97,151.55,161.279,171.154,181.174,191.338,201.644,212.094,222.685
229.971,0,6.11496e-57,3.52556e-53,7.41249e-50,9.88762e-47,8.30964e-44,4.61098e-41,1.76509e-38,4.83243e-36,9.74307e-34,1.48172e-31,1.73387e-29,1.58749e-27,1.15356e-25,6.73525e-24,3.19381e-22,1.24171e-20,3.99159e-19,1.06904e-17,2.40198e-16,4.55661e-15,7.34168e-14,1.01034e-12,1.19397e-11,1.21795e-10,1.07792e-09,8.31886e-09,5.62665e-08,3.35243e-07,1.76862e-06,8.30517e-06,3.48991e-05,0.00013194,0.000451231,0.00140365,0.00399325,0.010446,0.02526,0.0567589,0.119106,0.234554,0.435485,0.765693,1.28031,2.04405,3.12765,4.603,6.53752,8.9887,11.9997,15.5966,19.7874,24.5628,29.8992,35.7616,42.1075,48.8909,56.0654,63.5869,71.4151,79.5148,87.8564,96.4154,105.172,114.112,123.223,132.496,141.925,151.506,161.236,171.112,181.132,191.296,201.603,212.053,222.644
232.081,0,1.56513e-57,9.69076e-54,2.17841e-50,3.09498e-47,2.76099e-44,1.62135e-41,6.55046e-39,1.88809e-36,3.99889e-34,6.37543e-32,7.80627e-30,7.46568e-28,5.6576e-26,3.4397e-24,1.69604e-22,6.84726e-21,2.28275e-19,6.33257e-18,1.472e-16,2.8855e-15,4.79857e-14,6.80804e-13,8.28484e-12,8.69264e-11,7.90374e-10,6.2591e-09,4.33885e-08,2.64619e-07,1.4272e-06,6.84277e-06,2.93203e-05,0.000112885,0.000392647,0.00124065,0.00358059,0.00949035,0.0232252,0.0527545,0.111788,0.222072,0.415532,0.735669,1.23761,1.98644,3.05364,4.51218,6.43069,8.86791,11.868,15.4578,19.6454,24.4217,29.7624,35.6318,41.9866,48.78,55.9648,63.4963,71.3338,79.4418,87.7905,96.3553,105.117,114.06,123.174,132.449,141.88,151.462,161.193,171.069,181.09,191.255,201.562,212.011,222.603
234.191,0,3.78231e-58,2.52793e-54,6.1029e-51,9.27152e-48,8.81021e-45,5.49224e-42,2.34843e-39,7.14461e-37,1.59321e-34,2.6684e-32,3.42533e-30,3.42787e-28,2.71348e-26,1.72047e-24,8.83339e-23,3.70809e-21,1.28362e-19,3.69261e-18,8.88959e-17,1.80252e-15,3.09691e-14,4.53394e-13,5.6866e-12,6.14206e-11,5.74197e-10,4.66952e-09,3.31989e-08,2.07399e-07,1.14431e-06,5.60523e-06,2.45051e-05,9.61328e-05,0.000340256,0.00109257,0.00320027,0.00859805,0.0213026,0.0489307,0.104733,0.209939,0.395996,0.706086,1.19532,1.92911,2.97972,4.42119,6.32343,8.74643,11.7355,15.318,19.5025,24.2797,29.6248,35.5014,41.8654,48.669,55.8644,63.406,71.2529,79.3692,87.7249,96.2956,105.062,114.009,123.125,132.403,141.836,151.419,161.15,171.027,181.048,191.213,201.52,211.97,222.562
236.301,0,8.58129e-59,6.22797e-55,1.62305e-51,2.64842e-48,2.69127e-45,1.78725e-42,8.11327e-40,2.61252e-37,6.14937e-35,1.08445e-32,1.46247e-30,1.5344e-28,1.271e-26,8.41789e-25,4.50722e-23,1.97008e-21,7.09063e-20,2.11782e-18,5.28641e-17,1.10998e-15,1.97228e-14,2.98245e-13,3.85892e-12,4.29438e-11,4.1312e-10,3.45275e-09,2.51962e-08,1.61349e-07,9.1133e-07,4.56365e-06,2.0369e-05,8.14674e-05,0.000293578,0.000958479,0.00285075,0.00776686,0.0194897,0.0452854,0.0979413,0.198159,0.376884,0.676956,1.15343,1.87208,2.90591,4.33006,6.21575,8.62427,11.602,15.1771,19.3585,24.1367,29.4864,35.3705,41.7438,48.5579,55.764,63.3159,71.1723,79.2969,87.6598,96.2363,105.007,113.958,123.077,132.357,141.791,151.375,161.107,170.985,181.007,191.171,201.479,211.929,222.521
238.41,0,1.81564e-59,1.44093e-55,4.07782e-52,7.18371e-49,7.84148e-46,5.56925e-43,2.69343e-40,9.20837e-38,2.29426e-35,4.27092e-33,6.06482e-31,6.68512e-29,5.80568e-27,4.02363e-25,2.25038e-23,1.02575e-21,3.84388e-20,1.19358e-18,3.09303e-17,6.73286e-16,1.23859e-14,1.93659e-13,2.58744e-12,2.96949e-11,2.94218e-10,2.52929e-09,1.89597e-08,1.2455e-07,7.20673e-07,3.69197e-06,1.68342e-05,6.86863e-05,0.000252153,0.000837473,0.00253046,0.00699449,0.0177838,0.0418162,0.0914125,0.186733,0.358202,0.64829,1.11198,1.81536,2.83221,4.23878,6.10763,8.5014,11.4676,15.0353,19.2135,23.9928,29.3473,35.2389,41.6219,48.4467,55.6636,63.2261,71.092,79.225,87.595,96.1774,104.953,113.907,123.029,132.311,141.747,151.332,161.065,170.943,180.965,191.13,201.438,211.888,222.48
240.52,0,3.55392e-60,3.10992e-56,9.6243e-53,1.84137e-49,2.17019e-46,1.65581e-43,8.56494e-41,3.11982e-38,8.25336e-36,1.62638e-33,2.43802e-31,2.82986e-29,2.582e-27,1.87612e-25,1.098e-23,5.22764e-22,2.04277e-20,6.60383e-19,1.77893e-17,4.0195e-16,7.66449e-15,1.24044e-13,1.71316e-12,2.0296e-11,2.07306e-10,1.83471e-09,1.41394e-08,9.53605e-08,5.65689e-07,2.96684e-06,1.38292e-05,5.75996e-05,0.00021554,0.000728662,0.00223786,0.00627866,0.016182,0.0385205,0.0851453,0.175664,0.339957,0.6201,1.07097,1.75897,2.75863,4.14735,5.99907,8.37782,11.3323,14.8924,19.0675,23.8479,29.2073,35.1069,41.4997,48.3354,55.5634,63.1365,71.0121,79.1536,87.5307,96.1189,104.899,113.857,122.982,132.265,141.702,151.289,161.022,170.901,180.923,191.089,201.397,211.847,222.439
242.63,0,6.37309e-61,6.21142e-57,2.11962e-53,4.43522e-50,5.67758e-47,4.67756e-44,2.59945e-41,1.0128e-38,2.85483e-36,5.97361e-34,9.4795e-32,1.16157e-29,1.11605e-27,8.52004e-26,5.22779e-24,2.60442e-22,1.06298e-20,3.58306e-19,1.00476e-17,2.35966e-16,4.66963e-15,7.8318e-14,1.11931e-12,1.37031e-11,1.44432e-10,1.3172e-09,1.04455e-08,7.23866e-08,4.40585e-07,2.36739e-06,1.1289e-05,4.80301e-05,0.000183321,0.000631185,0.00197141,0.00561704,0.0146814,0.0353956,0.0791386,0.164954,0.322156,0.592396,1.03042,1.70293,2.6852,4.05579,5.89007,8.25351,11.1961,14.7484,18.9203,23.702,29.0665,34.9742,41.3772,48.224,55.4633,63.0472,70.9325,79.0825,87.4668,96.0608,104.846,113.807,122.934,132.22,141.658,151.246,160.98,170.859,180.881,191.047,201.355,211.806,222.398
244.74,0,1.03441e-61,1.13693e-57,4.32135e-54,9.97184e-51,1.3962e-47,1.24949e-44,7.4985e-42,3.13903e-39,9.46493e-37,2.11036e-34,3.55624e-32,4.6132e-30,4.67935e-28,3.76178e-26,2.42504e-24,1.2666e-22,5.40905e-21,1.90422e-19,5.56721e-18,1.36086e-16,2.79862e-15,4.87026e-14,7.21139e-13,9.13316e-12,9.94405e-11,9.35427e-10,7.64028e-09,5.44525e-08,3.40343e-07,1.87512e-06,9.15431e-06,3.98131e-05,0.000155096,0.000544206,0.00172961,0.00500729,0.0132791,0.0324385,0.0733908,0.154603,0.304805,0.56519,0.99035,1.64724,2.61191,3.9641,5.78063,8.12846,11.0588,14.6033,18.7721,23.5551,28.9249,34.8409,41.2543,48.1125,55.3634,62.9581,70.8534,79.0119,87.4033,96.0031,104.793,113.757,122.887,132.175,141.614,151.203,160.937,170.817,180.84,191.006,201.314,211.764,222.357
246.85,0,1.49634e-62,1.88419e-58,8.07658e-55,2.07613e-51,3.20602e-48,3.13845e-45,2.04606e-42,9.25018e-40,2.99696e-37,7.14843e-35,1.28366e-32,1.76833e-30,1.89893e-28,1.61164e-26,1.09407e-24,6.0035e-23,2.68778e-21,9.89988e-20,3.02256e-18,7.70201e-17,1.64836e-15,2.98037e-14,4.57781e-13,6.0049e-12,6.76125e-11,6.56735e-10,5.53022e-09,4.05731e-08,2.60647e-07,1.47368e-06,7.37144e-06,3.2796e-05,0.00013049,0.000466917,0.00151095,0.00444706,0.011972,0.0296461,0.0679002,0.144615,0.28791,0.538495,0.950769,1.59194,2.5388,3.87229,5.67074,8.00264,10.9206,14.457,18.6226,23.4071,28.7825,34.7071,41.1311,48.001,55.2636,62.8694,70.7746,78.9418,87.3403,95.9458,104.74,113.708,122.84,132.13,141.571,151.16,160.895,170.775,180.798,190.964,201.273,211.723,222.316
248.96,0,1.8904e-63,2.78393e-59,1.36719e-55,3.96395e-52,6.81948e-49,7.36337e-46,5.25146e-43,2.57934e-40,9.02569e-38,2.31337e-35,4.44424e-33,6.5243e-31,7.4404e-29,6.68536e-27,4.79129e-25,2.76856e-23,1.30217e-21,5.02785e-20,1.60593e-18,4.27294e-17,9.53147e-16,1.79312e-14,2.86087e-13,3.89167e-12,4.53681e-11,4.55527e-10,3.95893e-09,2.9929e-08,1.97802e-07,1.14869e-06,5.89213e-06,2.68381e-05,0.000109147,0.00039854,0.00131397,0.00393397,0.0107568,0.0270152,0.0626648,0.13499,0.271478,0.512323,0.911697,1.53703,2.46586,3.78037,5.5604,7.87606,10.7813,14.3096,18.472,23.2581,28.6391,34.5727,41.0076,47.8894,55.1639,62.781,70.6963,78.8721,87.2778,95.889,104.687,113.659,122.794,132.085,141.527,151.117,160.853,170.733,180.757,190.923,201.231,211.682,222.275
251.069,0,2.02849e-64,3.5936e-60,2.0641e-56,6.85723e-53,1.33072e-49,1.60089e-46,1.25944e-43,6.76768e-41,2.573e-38,7.12314e-36,1.47056e-33,2.30969e-31,2.80706e-29,2.67858e-27,2.03237e-25,1.23979e-23,6.14028e-22,2.49058e-20,8.33849e-19,2.32079e-17,5.40471e-16,1.05955e-14,1.75847e-13,2.48398e-12,3.00195e-11,3.11949e-10,2.8012e-09,2.18442e-08,1.48673e-07,8.87641e-07,4.67315e-06,2.18103e-05,9.07327e-05,0.000338328,0.00113723,0.00346565,0.0096304,0.0245422,0.0576822,0.125728,0.255515,0.486686,0.873152,1.48254,2.39313,3.68834,5.4496,7.74869,10.641,14.161,18.3202,23.108,28.4949,34.4376,40.8838,47.7778,55.0645,62.693,70.6184,78.8029,87.2157,95.8326,104.635,113.61,122.747,132.04,141.483,151.074,160.811,170.691,180.715,190.882,201.19,211.641,222.233
253.179,0,1.77545e-65,3.94144e-61,2.7235e-57,1.05835e-53,2.35359e-50,3.19418e-47,2.80002e-44,1.65985e-41,6.90452e-39,2.07693e-36,4.63155e-34,7.81763e-32,1.01653e-29,1.03376e-27,8.33004e-26,5.37971e-24,2.81273e-22,1.20128e-20,4.22465e-19,1.23234e-17,3.00158e-16,6.14211e-15,1.06201e-13,1.56008e-12,1.95717e-11,2.10754e-10,1.95772e-09,1.57655e-08,1.10617e-07,6.79659e-07,3.67599e-06,1.75947e-05,7.49349e-05,0.000285566,0.000979314,0.00303972,0.00858935,0.0222234,0.0529498,0.116831,0.240027,0.461596,0.835152,1.42849,2.32062,3.59622,5.33836,7.62052,10.4996,14.0112,18.1672,22.9567,28.3499,34.302,40.7597,47.6661,54.9652,62.6053,70.541,78.7342,87.1541,95.7767,104.584,113.562,122.701,131.995,141.44,151.032,160.769,170.65,180.674,190.84,201.149,211.6,222.192
255.289,0,1.18875e-66,3.52747e-62,3.05453e-58,1.42815e-54,3.71535e-51,5.7787e-48,5.7151e-45,3.77531e-42,1.73259e-39,5.70266e-37,1.38186e-34,2.51956e-32,3.52101e-30,3.83112e-28,3.29004e-26,2.25651e-24,1.24899e-22,5.63097e-21,2.08496e-19,6.38778e-18,1.63042e-16,3.48875e-15,6.2951e-14,9.6315e-13,1.25612e-11,1.40357e-10,1.35045e-09,1.1244e-08,8.14212e-08,5.15388e-07,2.86656e-06,1.40841e-05,6.14627e-05,0.000239572,0.000838847,0.00265383,0.00763027,0.0200549,0.0484646,0.108298,0.225019,0.437066,0.797715,1.3749,2.24834,3.50402,5.22665,7.49153,10.3572,13.8601,18.0128,22.8044,28.2039,34.1657,40.6353,47.5545,54.8662,62.518,70.4641,78.666,87.093,95.7212,104.532,113.514,122.655,131.951,141.397,150.989,160.727,170.608,180.632,190.799,201.108,211.559,222.151
257.399,0,5.41416e-68,2.41596e-63,2.79651e-59,1.63873e-55,5.12983e-52,9.3347e-49,1.05812e-45,7.88659e-43,4.03353e-40,1.46479e-37,3.88401e-35,7.69568e-33,1.16177e-30,1.35858e-28,1.24832e-26,9.12449e-25,5.36346e-23,2.55977e-21,1.00044e-19,3.22675e-18,8.64901e-17,1.93905e-15,3.65785e-14,5.83875e-13,7.92851e-12,9.20622e-11,9.18716e-10,7.91888e-09,5.92525e-08,3.86828e-07,2.21487e-06,1.11817e-05,5.00462e-05,0.000199697,0.000714493,0.0023056,0.0067497,0.0180327,0.0442235,0.100131,0.210497,0.413108,0.760861,1.32179,2.17632,3.41174,5.11449,7.3617,10.2135,13.7077,17.8572,22.6508,28.0569,34.0289,40.5106,47.4428,54.7674,62.4311,70.3876,78.5984,87.0325,95.6661,104.481,113.466,122.61,131.907,141.354,150.947,160.685,170.566,180.591,190.757,201.066,211.517,222.11
259.509,0,1.25852e-69,1.12603e-64,1.96012e-60,1.53559e-56,6.02528e-53,1.31942e-49,1.74993e-46,1.49504e-43,8.62799e-41,3.49208e-38,1.0217e-35,2.21531e-33,3.63436e-31,4.59132e-29,4.53411e-27,3.546e-25,2.22133e-23,1.12581e-21,4.65754e-20,1.58549e-18,4.47329e-17,1.05299e-15,2.08076e-14,3.47139e-13,4.91629e-12,5.94146e-11,6.15865e-10,5.50301e-09,4.26016e-08,2.87192e-07,1.69471e-06,8.80044e-06,4.04367e-05,0.000165329,0.000604954,0.0019927,0.0059441,0.0161524,0.0402227,0.0923266,0.196466,0.389736,0.724609,1.26918,2.10458,3.3194,5.00186,7.23102,10.0688,13.554,17.7002,22.496,27.9091,33.8914,40.3857,47.3312,54.6689,62.3447,70.3117,78.5313,86.9724,95.6115,104.431,113.418,122.564,131.863,141.311,150.905,160.643,170.525,180.549,190.716,201.025,211.476,222.069
261.618,0,0,2.67967e-66,9.3534e-62,1.1021e-57,5.78188e-54,1.58717e-50,2.53344e-47,2.5327e-44,1.67552e-41,7.65272e-39,2.49557e-36,5.97087e-34,1.072e-31,1.47177e-29,1.57017e-27,1.3198e-25,8.84583e-24,4.77759e-22,2.09879e-20,7.562e-19,2.25153e-17,5.57786e-16,1.15704e-14,2.0215e-13,2.99129e-12,3.76889e-11,4.06424e-10,3.77018e-09,3.02388e-08,2.10767e-07,1.28333e-06,6.86254e-06,3.24055e-05,0.00013589,0.000508978,0.00171283,0.00520989,0.0144097,0.0364584,0.0848855,0.182931,0.366962,0.68898,1.2171,2.03314,3.22702,4.88878,7.09947,9.92278,13.3989,17.5418,22.34,27.7602,33.7533,40.2604,47.2196,54.5707,62.2587,70.2364,78.4647,86.9129,95.5574,104.381,113.371,122.519,131.819,141.268,150.862,160.601,170.483,180.508,190.675,200.984,211.435,222.028
263.728,0,0,0,2.27992e-63,5.38743e-59,4.25143e-55,1.56054e-51,3.12284e-48,3.75758e-45,2.90905e-42,1.52321e-39,5.60574e-37,1.49499e-34,2.96194e-32,4.45041e-30,5.16002e-28,4.68563e-26,3.37527e-24,1.95038e-22,9.13006e-21,3.49276e-19,1.10057e-17,2.87683e-16,6.27908e-15,1.15132e-13,1.78357e-12,2.34713e-11,2.63761e-10,2.54418e-09,2.11721e-08,1.52789e-07,9.61161e-07,5.29905e-06,2.57442e-05,0.000110839,0.000425363,0.0014637,0.00454346,0.0127998,0.0329262,0.0778059,0.169897,0.344799,0.653995,1.16558,1.96203,3.1346,4.77523,6.96703,9.77558,13.2424,17.382,22.1827,27.6104,33.6145,40.1349,47.1081,54.4728,62.1732,70.1616,78.3987,86.8539,95.5037,104.331,113.324,122.474,131.776,141.225,150.82,160.559,170.441,180.466,190.633,200.943,211.394,221.987
265.838,0,0,0,0,1.34588e-60,2.13016e-56,1.17626e-52,3.14777e-49,4.74883e-46,4.42539e-43,2.71187e-40,1.14423e-37,3.44403e-35,7.60614e-33,1.2612e-30,1.60038e-28,1.57939e-26,1.22908e-24,7.63289e-23,3.82261e-21,1.55816e-19,5.21241e-18,1.4417e-16,3.31954e-15,6.40285e-14,1.04067e-12,1.4332e-11,1.68146e-10,1.68932e-09,1.46093e-08,1.09316e-07,7.11469e-07,4.0492e-06,2.02636e-05,8.96717e-05,0.000352954,0.00124307,0.00394115,0.011318,0.0296213,0.0710857,0.157367,0.323259,0.619675,1.11465,1.89126,3.04217,4.66122,6.83369,9.62711,13.0844,17.2207,22.0241,27.4596,33.4752,40.0092,46.9967,54.3752,62.0882,70.0874,78.3334,86.7955,95.4506,104.282,113.277,122.429,131.732,141.182,150.778,160.517,170.4,180.425,190.592,200.901,211.353,221.945
267.948,0,0,0,0,0,5.4571e-58,6.04435e-54,2.43354e-50,4.91009e-47,5.73742e-44,4.23243e-41,2.09014e-38,7.21318e-36,1.79801e-33,3.32347e-31,4.65415e-29,5.02691e-27,4.25147e-25,2.85224e-23,1.53508e-21,6.69371e-20,2.38562e-18,7.00407e-17,1.70612e-15,3.47074e-14,5.93235e-13,8.56866e-12,1.05162e-10,1.10249e-09,9.92503e-09,7.71262e-08,5.2009e-07,3.05984e-06,1.57929e-05,7.19185e-05,0.000290653,0.00104875,0.0033993,0.00995922,0.0265389,0.0647225,0.145345,0.302355,0.586042,1.06432,1.82088,2.94974,4.54675,6.69942,9.47734,12.9249,17.0579,21.8642,27.3078,33.3352,39.8832,46.8854,54.2781,62.0038,70.0138,78.2686,86.7376,95.3979,104.233,113.231,122.385,131.689,141.14,150.736,160.476,170.358,180.384,190.551,200.86,211.311,221.904
270.058,0,0,0,0,0,0,1.58887e-55,1.28327e-51,3.89579e-48,6.08871e-45,5.63243e-42,3.34864e-39,1.35266e-36,3.86615e-34,8.06613e-32,1.25923e-29,1.50101e-27,1.38936e-25,1.01298e-23,5.8893e-22,2.75958e-20,1.052e-18,3.29012e-17,8.50556e-16,1.83008e-14,3.29813e-13,5.00805e-12,6.44353e-11,7.06308e-10,6.63122e-09,5.36069e-08,3.75137e-07,2.28484e-06,1.21796e-05,5.71475e-05,0.000237415,0.000878598,0.00291423,0.00871835,0.0236734,0.0587133,0.133834,0.282099,0.55312,1.01463,1.7509,2.85733,4.43182,6.56421,9.32624,12.7639,16.8936,21.7029,27.1549,33.1946,39.757,46.7743,54.1813,61.9199,69.9408,78.2045,86.6803,95.3457,104.184,113.185,122.341,131.646,141.098,150.694,160.434,170.317,180.342,190.51,200.819,211.27,221.863
272.168,0,0,0,0,0,0,0,3.46347e-53,2.10946e-49,4.96098e-46,6.1387e-43,4.57698e-40,2.22595e-37,7.44731e-35,1.78168e-32,3.13961e-30,4.17208e-28,4.26189e-26,3.40074e-24,2.14861e-22,1.08749e-20,4.4545e-19,1.48996e-17,4.10238e-16,9.36567e-15,1.78472e-13,2.85638e-12,3.86198e-11,4.43588e-10,4.352e-09,3.66671e-08,2.66737e-07,1.68455e-06,9.28767e-06,4.49623e-05,0.000192256,0.000730543,0.00248228,0.00759007,0.0210189,0.0530543,0.122837,0.262505,0.520931,0.965617,1.68136,2.76497,4.31643,6.42802,9.17376,12.6012,16.7276,21.5402,27.0009,33.0533,39.6306,46.6633,54.085,61.8366,69.8685,78.141,86.6236,95.294,104.136,113.139,122.297,131.603,141.055,150.652,160.392,170.275,180.301,190.468,200.778,211.229,221.822
274.277,0,0,0,0,0,0,0,0,5.84928e-51,2.76006e-47,5.13962e-44,5.12631e-41,3.12682e-38,1.25959e-35,3.52757e-33,7.12824e-31,1.06924e-28,1.21766e-26,1.07229e-24,7.41426e-23,4.07784e-21,1.80406e-19,6.48291e-18,1.9087e-16,4.63999e-15,9.37919e-14,1.58673e-12,2.2603e-11,2.7269e-10,2.8018e-09,2.46522e-08,1.86768e-07,1.22513e-06,6.99743e-06,3.50019e-05,0.000154251,0.000602575,0.00209977,0.00656896,0.0185694,0.0477414,0.112355,0.243583,0.489499,0.917305,1.61229,2.67267,4.20058,6.29086,9.01986,12.4369,16.56,21.376,26.8459,32.9114,39.5041,46.5525,53.9891,61.754,69.7969,78.0782,86.5675,95.2427,104.088,113.094,122.253,131.56,141.013,150.61,160.351,170.234,180.259,190.427,200.736,211.188,221.781
276.387,0,0,0,0,0,0,0,0,0,7.8682e-49,2.93998e-45,4.41324e-42,3.60129e-39,1.81959e-36,6.13603e-34,1.45153e-31,2.49685e-29,3.20971e-27,3.15101e-25,2.4044e-23,1.44716e-21,6.95655e-20,2.69966e-18,8.53788e-17,2.21893e-15,4.7748e-14,8.56581e-13,1.2893e-11,1.63804e-10,1.7668e-09,1.627e-08,1.28632e-07,8.78031e-07,5.20409e-06,2.69396e-05,0.000122535,0.000492761,0.00176311,0.00564945,0.0163181,0.0427695,0.10239,0.225346,0.458849,0.869731,1.54373,2.58046,4.08429,6.15268,8.86449,12.2709,16.3906,21.2104,26.6898,32.7689,39.3773,46.442,53.8938,61.672,69.726,78.016,86.5119,95.192,104.041,113.049,122.209,131.517,140.971,150.568,160.309,170.192,180.218,190.386,200.695,211.146,221.74
278.497,0,0,0,0,0,0,0,0,0,0,8.62238e-47,2.59736e-43,3.1901e-40,2.15652e-37,9.12177e-35,2.5984e-32,5.23263e-30,7.71389e-28,8.54824e-26,7.27148e-24,4.8296e-22,2.54039e-20,1.07108e-18,3.65759e-17,1.02088e-15,2.34795e-14,4.4826e-13,7.152e-12,9.5967e-11,1.08948e-09,1.05254e-08,8.70298e-08,6.19419e-07,3.8168e-06,2.04823e-05,9.63068e-05,0.000399253,0.00146872,0.00482588,0.014258,0.038133,0.0929412,0.207805,0.429005,0.822931,1.47571,2.48837,3.96755,6.01347,8.70762,12.1031,16.2194,21.0431,26.5325,32.6258,39.2504,46.3317,53.799,61.5907,69.6559,77.9546,86.457,95.1417,103.994,113.004,122.166,131.475,140.929,150.527,160.268,170.151,180.177,190.344,200.654,211.105,221.698
280.607,0,0,0,0,0,0,0,0,0,0,0,7.84246e-45,1.93308e-41,1.96698e-38,1.11323e-35,3.97784e-33,9.64638e-31,1.66485e-28,2.11573e-26,2.0315e-24,1.5041e-22,8.72997e-21,4.02718e-19,1.49388e-17,4.50134e-16,1.11157e-14,2.26752e-13,3.8487e-12,5.47174e-11,6.55714e-10,6.66346e-09,5.77613e-08,4.29598e-07,2.7576e-06,1.5369e-05,7.48286e-05,0.000320289,0.00121307,0.00409252,0.0123819,0.0338256,0.084009,0.190971,0.399992,0.776941,1.40828,2.39643,3.85037,5.87321,8.54918,11.9334,16.0464,20.8743,26.3741,32.482,39.1235,46.2217,53.7048,61.5102,69.5865,77.8939,86.4027,95.092,103.947,112.959,122.122,131.432,140.887,150.485,160.226,170.11,180.135,190.303,200.612,211.064,221.657
282.717,0,0,0,0,0,0,0,0,0,0,0,0,6.01355e-43,1.22811e-39,1.0463e-36,5.00263e-34,1.52183e-31,3.16294e-29,4.70584e-27,5.18167e-25,4.33035e-23,2.80158e-21,1.42592e-19,5.7865e-18,1.89368e-16,5.04716e-15,1.10513e-13,2.00351e-12,3.02885e-11,3.84378e-10,4.1207e-09,3.75458e-08,2.9251e-07,1.96028e-06,1.13694e-05,5.74247e-05,0.000254205,0.00099276,0.00344355,0.010682,0.0298402,0.0755916,0.174853,0.371836,0.7318,1.34148,2.30466,3.73276,5.73187,8.38914,11.7619,15.8715,20.7039,26.2145,32.3376,38.9964,46.112,53.6112,61.4304,69.5179,77.8339,86.349,95.0427,103.901,112.915,122.079,131.39,140.845,150.443,160.184,170.068,180.094,190.262,200.571,211.023,221.616
284.827,0,0,0,0,0,0,0,0,0,0,0,0,0,3.93928e-41,6.73627e-38,4.84862e-35,1.97374e-32,5.14611e-30,9.22028e-28,1.1886e-25,1.13907e-23,8.31762e-22,4.7184e-20,2.11233e-18,7.56108e-17,2.18822e-15,5.16986e-14,1.00568e-12,1.62321e-11,2.18932e-10,2.48399e-09,2.38595e-08,1.95227e-07,1.36921e-06,8.28218e-06,4.34826e-05,0.000199434,0.000804435,0.00287315,0.00915024,0.0261689,0.0676866,0.159461,0.344563,0.687548,1.27534,2.21311,3.61473,5.58942,8.22742,11.5883,15.6946,20.5317,26.0537,32.1926,38.8692,46.0028,53.5183,61.3515,69.4502,77.7746,86.2959,94.9939,103.855,112.871,122.036,131.347,140.803,150.402,160.143,170.027,180.052,190.22,200.53,210.981,221.575
286.936,0,0,0,0,0,0,0,0,0,0,0,0,0,0,2.22971e-39,3.22151e-36,1.97427e-33,6.88832e-31,1.54829e-28,2.4036e-26,2.69665e-24,2.25795e-22,1.44558e-20,7.21208e-19,2.84746e-17,9.01163e-16,2.31121e-14,4.84945e-13,8.39519e-12,1.20831e-10,1.45618e-09,1.47928e-08,1.27497e-07,9.38272e-07,5.93341e-06,3.24512e-05,0.000154516,0.000644874,0.00237546,0.00777819,0.0228031,0.0602903,0.144804,0.318198,0.644229,1.20993,2.12181,3.49629,5.44586,8.06398,11.4127,15.5156,20.3578,25.8917,32.047,38.7421,45.894,53.4261,61.2734,69.3833,77.7162,86.2435,94.9456,103.81,112.827,121.993,131.305,140.761,150.36,160.101,169.985,180.011,190.179,200.488,210.94,221.533
289.046,0,0,0,0,0,0,0,0,0,0,0,0,0,0,0,1.1013e-37,1.35484e-34,7.11685e-32,2.14069e-29,4.16907e-27,5.63266e-25,5.52116e-23,4.05291e-21,2.28176e-19,1.00381e-17,3.50335e-16,9.82298e-15,2.23667e-13,4.17485e-12,6.44165e-11,8.27928e-10,8.92743e-09,8.13119e-08,6.29727e-07,4.17422e-06,2.38395e-05,0.000118098,0.000510977,0.00194467,0.00655715,0.0197334,0.0533978,0.130889,0.292768,0.601886,1.1453,2.03081,3.37746,5.30114,7.89876,11.235,15.3345,20.1821,25.7285,31.9008,38.615,45.7856,53.3348,61.1962,69.3172,77.6584,86.1917,94.8978,103.764,112.783,121.951,131.263,140.719,150.318,160.06,169.944,179.97,190.137,200.447,210.899,221.492
291.156,0,0,0,0,0,0,0,0,0,0,0,0,0,0,0,0,4.78775e-36,5.0488e-33,2.28644e-30,5.95907e-28,1.01001e-25,1.19216e-23,1.0244e-21,6.61206e-20,3.28201e-18,1.27606e-16,3.94468e-15,9.81654e-14,1.98762e-12,3.30508e-11,4.55133e-10,5.23044e-09,5.05264e-08,4.13141e-07,2.87898e-06,1.72148e-05,8.89362e-05,0.000399787,0.001575,0.00547818,0.0169494,0.0470031,0.117722,0.268298,0.560565,1.08149,1.94015,3.25825,5.15524,7.73168,11.055,15.1512,20.0045,25.5639,31.7541,38.4879,45.6778,53.2442,61.1199,69.2521,77.6015,86.1405,94.8504,103.719,112.74,121.908,131.221,140.677,150.277,160.018,169.902,179.928,190.096,200.406,210.857,221.451
293.266,0,0,0,0,0,0,0,0,0,0,0,0,0,0,0,0,0,1.84601e-34,1.67833e-31,6.5858e-29,1.49377e-26,2.21185e-24,2.28855e-22,1.72896e-20,9.83769e-19,4.31488e-17,1.48561e-15,4.07473e-14,9.01357e-13,1.62511e-11,2.4104e-10,2.96593e-09,3.05117e-08,2.64366e-07,1.94301e-06,1.21996e-05,6.59016e-05,0.000308504,0.00126077,0.00453205,0.01444,0.0410986,0.105308,0.244813,0.520314,1.01857,1.84989,3.13868,5.00814,7.56268,10.8727,14.9655,19.825,25.3981,31.6067,38.3609,45.5706,53.1545,61.0446,69.1879,77.5454,86.0899,94.8035,103.675,112.697,121.866,131.179,140.636,150.235,159.977,169.861,179.887,190.055,200.364,210.816,221.409
295.376,0,0,0,0,0,0,0,0,0,0,0,0,0,0,0,0,0,0,6.35541e-33,5.00676e-30,1.70981e-27,3.38798e-25,4.39727e-23,3.99983e-21,2.66351e-19,1.33894e-17,5.19926e-16,1.58784e-14,3.86986e-13,7.61921e-12,1.22466e-10,1.62202e-09,1.78525e-08,1.64578e-07,1.28041e-06,8.46908e-06,4.79759e-05,0.000234494,0.000996421,0.00370939,0.0121934,0.0356753,0.0936505,0.22234,0.481182,0.956605,1.76007,3.01877,4.85981,7.39169,10.6879,14.7775,19.6435,25.231,31.4589,38.2341,45.4641,53.0658,60.9704,69.1247,77.4901,86.04,94.7571,103.631,112.654,121.823,131.137,140.594,150.194,159.935,169.819,179.845,190.013,200.323,210.775,221.368
297.486,0,0,0,0,0,0,0,0,0,0,0,0,0,0,0,0,0,0,0,1.96556e-31,1.34761e-28,4.02037e-26,6.98252e-24,7.96665e-22,6.38667e-20,3.75679e-18,1.67162e-16,5.75609e-15,1.56148e-13,3.38573e-12,5.93962e-11,8.51961e-10,1.00856e-08,9.93854e-08,8.2184e-07,5.74738e-06,3.4253e-05,0.00017531,0.000776547,0.00300069,0.0101969,0.0307227,0.0827512,0.200902,0.443221,0.895661,1.67077,2.89855,4.71022,7.21862,10.5007,14.5868,19.4599,25.0625,31.3105,38.1075,45.3583,52.9781,60.8972,69.0624,77.4356,85.9907,94.7111,103.587,112.611,121.781,131.095,140.552,150.152,159.894,169.778,179.804,189.972,200.282,210.733,221.327
299.595,0,0,0,0,0,0,0,0,0,0,0,0,0,0,0,0,0,0,0,0,5.49058e-30,3.28856e-27,8.599e-25,1.31277e-22,1.31992e-20,9.34573e-19,4.865e-17,1.91911e-15,5.86798e-14,1.41561e-12,2.73357e-11,4.27681e-10,5.47898e-09,5.80199e-08,5.12325e-07,3.80367e-06,2.39358e-05,0.000128692,0.000595942,0.00239634,0.00843698,0.0262285,0.0726094,0.180523,0.406483,0.835813,1.58205,2.77805,4.55935,7.04339,10.3108,14.3936,19.2742,24.8927,31.1616,37.9811,45.2533,52.8914,60.8251,69.0012,77.3819,85.942,94.6655,103.543,112.568,121.739,131.054,140.511,150.11,159.852,169.736,179.762,189.93,200.24,210.692,221.286
301.705,0,0,0,0,0,0,0,0,0,0,0,0,0,0,0,0,0,0,0,0,0,1.39212e-28,7.30792e-26,1.67961e-23,2.25946e-21,2.0062e-19,1.25686e-17,5.7989e-16,2.03059e-14,5.51932e-13,1.18521e-11,2.03986e-10,2.84835e-09,3.26131e-08,3.09154e-07,2.44807e-06,1.63328e-05,9.25825e-05,0.000449634,0.00188676,0.00689954,0.0221787,0.0632224,0.161225,0.371023,0.777136,1.49398,2.65732,4.40717,6.86591,10.1181,14.1976,19.0862,24.7215,31.0123,37.8551,45.1492,52.8059,60.7543,68.941,77.3291,85.894,94.6204,103.499,112.526,121.697,131.012,140.469,150.069,159.811,169.695,179.721,189.889,200.199,210.651,221.244
303.815,0,0,0,0,0,0,0,0,0,0,0,0,0,0,0,0,0,0,0,0,0,0,3.21806e-27,1.48479e-24,3.00679e-22,3.57156e-20,2.80543e-18,1.5574e-16,6.37663e-15,1.98416e-13,4.79827e-12,9.17824e-11,1.40883e-09,1.75671e-08,1.79873e-07,1.52729e-06,1.08535e-05,6.51281e-05,0.000332913,0.00146241,0.00556974,0.0185577,0.0545848,0.143028,0.336898,0.719716,1.40664,2.53638,4.25365,6.68609,9.92244,13.9987,18.8959,24.5489,30.8625,37.7296,45.046,52.7217,60.6846,68.8819,77.2771,85.8465,94.5756,103.456,112.483,121.655,130.97,140.428,150.027,159.769,169.653,179.679,189.848,200.158,210.609,221.203
305.925,0,0,0,0,0,0,0,0,0,0,0,0,0,0,0,0,0,0,0,0,0,0,0,6.80992e-26,2.76827e-23,4.94944e-21,5.20015e-19,3.61873e-17,1.78224e-15,6.48195e-14,1.79365e-12,3.86158e-11,6.58311e-10,9.01606e-09,1.00437e-07,9.20086e-07,7.00158e-06,4.46829e-05,0.000241376,0.00111391,0.00443221,0.0153478,0.0466886,0.125952,0.304163,0.663642,1.32013,2.41529,4.09877,6.50381,9.72376,13.7968,18.7032,24.3748,30.7124,37.6045,44.944,52.6387,60.6162,68.8239,77.2259,85.7996,94.5312,103.413,112.441,121.613,130.928,140.386,149.986,159.728,169.612,179.638,189.806,200.116,210.568,221.162
308.035,0,0,0,0,0,0,0,0,0,0,0,0,0,0,0,0,0,0,0,0,0,0,0,0,1.32415e-24,4.75197e-22,7.51393e-20,6.99262e-18,4.3159e-16,1.88748e-14,6.1021e-13,1.50243e-11,2.88085e-10,4.37843e-09,5.35199e-08,5.32794e-07,4.3684e-06,2.98072e-05,0.000170949,0.000832114,0.00347111,0.0125297,0.0395224,0.110011,0.272877,0.609007,1.23456,2.29411,3.9425,6.31898,9.52185,13.5917,18.508,24.1994,30.562,37.48,44.8431,52.5571,60.5492,68.767,77.1756,85.7533,94.4872,103.37,112.399,121.571,130.887,140.344,149.944,159.686,169.57,179.597,189.765,200.075,210.527,221.12
310.145,0,0,0,0,0,0,0,0,0,0,0,0,0,0,0,0,0,0,0,0,0,0,0,0,0,2.37393e-23,7.53349e-21,1.05493e-18,8.70529e-17,4.76953e-15,1.85337e-13,5.32862e-12,1.16774e-10,1.99462e-09,2.70304e-08,2.94932e-07,2.6243e-06,1.92636e-05,0.000117917,0.000608185,0.00267026,0.010082,0.0330718,0.0952193,0.243098,0.555915,1.15002,2.17291,3.78482,6.13146,9.31653,13.3832,18.3101,24.0224,30.4113,37.3563,44.7435,52.477,60.4835,68.7112,77.1261,85.7075,94.4436,103.328,112.357,121.53,130.845,140.303,149.903,159.645,169.529,179.555,189.723,200.033,210.485,221.079
312.254,0,0,0,0,0,0,0,0,0,0,0,0,0,0,0,0,0,0,0,0,0,0,0,0,0,0,3.93647e-22,1.10612e-19,1.37315e-17,1.00556e-15,4.89335e-14,1.69017e-12,4.32243e-11,8.43163e-10,1.28296e-08,1.55021e-07,1.50984e-06,1.20091e-05,7.89418e-05,0.000433705,0.00201328,0.00798188,0.0273183,0.0815843,0.214884,0.504473,1.06664,2.05175,3.6257,5.94114,9.10762,13.1711,18.1095,23.844,30.2605,37.2334,44.6453,52.3985,60.4192,68.6565,77.0773,85.6622,94.4002,103.285,112.315,121.488,130.803,140.261,149.861,159.603,169.487,179.513,189.682,199.992,210.444,221.037
314.364,0,0,0,0,0,0,0,0,0,0,0,0,0,0,0,0,0,0,0,0,0,0,0,0,0,0,0,6.05515e-21,1.50806e-18,1.66091e-16,1.07989e-14,4.66888e-13,1.43358e-11,3.26099e-10,5.66141e-09,7.6724e-08,8.26434e-07,7.18401e-06,5.10794e-05,0.000300755,0.0014838,0.00620449,0.0222397,0.0691108,0.188292,0.454796,0.984557,1.93073,3.46514,5.74787,8.89489,12.9553,17.9061,23.6641,30.1095,37.1115,44.5486,52.3216,60.3564,68.6029,77.0294,85.6175,94.3571,103.243,112.273,121.446,130.762,140.219,149.819,159.562,169.446,179.472,189.64,199.95,210.402,220.996
316.474,0,0,0,0,0,0,0,0,0,0,0,0,0,0,0,0,0,0,0,0,0,0,0,0,0,0,0,0,8.66362e-20,1.91378e-17,1.87076e-15,1.08017e-13,4.14918e-12,1.13238e-10,2.29048e-09,3.53783e-08,4.26855e-07,4.0974e-06,3.17824e-05,0.000201998,0.00106559,0.00472363,0.0178095,0.0577974,0.163378,0.407005,0.903927,1.80996,3.30311,5.55149,8.67811,12.7356,17.6997,23.4828,29.9586,36.9906,44.4536,52.2465,60.2951,68.5505,76.9822,85.5732,94.3143,103.201,112.231,121.405,130.72,140.178,149.778,159.52,169.404,179.43,189.599,199.909,210.361,220.955
318.584,0,0,0,0,0,0,0,0,0,0,0,0,0,0,0,0,0,0,0,0,0,0,0,0,0,0,0,0,0,1.15592e-18,2.2656e-16,1.96593e-14,1.00797e-12,3.43905e-11,8.33883e-10,1.49906e-08,2.05879e-07,2.21027e-06,1.8898e-05,0.00013076,0.000742831,0.00351177,0.0139969,0.0476368,0.140193,0.361229,0.824915,1.68956,3.13961,5.35185,8.45702,12.5116,17.4902,23.3,29.8078,36.8711,44.3605,52.1731,60.2354,68.4992,76.9358,85.5294,94.2717,103.159,112.19,121.363,130.678,140.136,149.736,159.478,169.363,179.389,189.557,199.867,210.319,220.913
320.694,0,0,0,0,0,0,0,0,0,0,0,0,0,0,0,0,0,0,0,0,0,0,0,0,0,0,0,0,0,0,1.44156e-17,2.50715e-15,1.93085e-13,8.78758e-12,2.6616e-10,5.7299e-09,9.14751e-08,1.11617e-06,1.06544e-05,8.10908e-05,0.000500319,0.00254033,0.0107664,0.0386142,0.118787,0.317603,0.747708,1.56967,2.97463,5.14876,8.23133,12.2831,17.2775,23.1157,29.6573,36.753,44.2693,52.1018,60.1772,68.449,76.8901,85.4859,94.2293,103.117,112.148,121.321,130.637,140.095,149.695,159.437,169.321,179.347,189.516,199.826,210.278,220.872
322.803,0,0,0,0,0,0,0,0,0,0,0,0,0,0,0,0,0,0,0,0,0,0,0,0,0,0,0,0,0,0,0,1.6841e-16,2.59836e-14,1.77519e-12,7.16652e-11,1.92528e-09,3.67632e-08,5.20668e-07,5.63872e-06,4.78122e-05,0.000323698,0.00178011,0.00807807,0.0307064,0.0992006,0.276266,0.672514,1.45047,2.80819,4.94203,8.00071,12.0498,17.0613,22.93,29.5073,36.6366,44.1802,52.0324,60.1206,68.3999,76.845,85.4428,94.1871,103.075,112.106,121.28,130.595,140.053,149.653,159.395,169.279,179.306,189.474,199.784,210.237,220.83
324.913,0,0,0,0,0,0,0,0,0,0,0,0,0,0,0,0,0,0,0,0,0,0,0,0,0,0,0,0,0,0,0,0,1.84686e-15,2.52635e-13,1.5299e-11,5.47308e-10,1.30263e-08,2.20346e-07,2.76489e-06,2.65428e-05,0.000199707,0.00120171,0.00588773,0.0238809,0.0814679,0.237366,0.599564,1.33214,2.6403,4.73145,7.7648,11.8114,16.8415,22.743,29.3579,36.5221,44.0935,51.9652,60.0656,68.3519,76.8006,85.4,94.145,103.033,112.065,121.238,130.553,140.011,149.611,159.353,169.238,179.264,189.433,199.743,210.195,220.789
327.023,0,0,0,0,0,0,0,0,0,0,0,0,0,0,0,0,0,0,0,0,0,0,0,0,0,0,0,0,0,0,0,0,0,1.90488e-14,2.30809e-12,1.23749e-10,3.91764e-09,8.24835e-08,1.23402e-06,1.36973e-05,0.00011639,0.000776086,0.00414701,0.0180948,0.0656119,0.201049,0.529115,1.21492,2.471,4.51677,7.52319,11.5674,16.618,22.5547,29.2094,36.4098,44.0093,51.9002,60.0123,68.3049,76.7567,85.3575,94.1031,102.992,112.023,121.196,130.512,139.97,149.57,159.312,169.196,179.223,189.391,199.701,210.154,220.748
329.133,0,0,0,0,0,0,0,0,0,0,0,0,0,0,0,0,0,0,0,0,0,0,0,0,0,0,0,0,0,0,0,0,0,0,1.85124e-13,1.98428e-11,9.4046e-10,2.63018e-08,4.88952e-07,6.45744e-06,6.32847e-05,0.000475171,0.00280412,0.0132938,0.0516418,0.167465,0.461451,1.0991,2.30036,4.29773,7.27539,11.3175,16.3906,22.3652,29.0621,36.3,43.9279,51.8374,59.9605,68.2588,76.7133,85.3152,94.0612,102.95,111.981,121.155,130.47,139.928,149.528,159.27,169.154,179.181,189.349,199.66,210.112,220.706
331.243,0,0,0,0,0,0,0,0,0,0,0,0,0,0,0,0,0,0,0,0,0,0,0,0,0,0,0,0,0,0,0,0,0,0,0,1.6981e-12,1.60736e-10,6.72119e-09,1.65698e-07,2.71362e-06,3.15636e-05,0.000272523,0.00180466,0.00941131,0.0395493,0.13676,0.396888,0.984986,2.12845,4.07406,7.02089,11.0611,16.159,22.1746,28.9163,36.193,43.8493,51.777,59.9102,68.2136,76.6703,85.2731,94.0194,102.908,111.939,121.113,130.428,139.886,149.486,159.228,169.113,179.139,189.308,199.618,210.071,220.665
333.353,0,0,0,0,0,0,0,0,0,0,0,0,0,0,0,0,0,0,0,0,0,0,0,0,0,0,0,0,0,0,0,0,0,0,0,0,1.47256e-11,1.22824e-09,4.52019e-08,9.79743e-07,1.40966e-05,0.000144022,0.0010928,0.00636868,0.0293048,0.109073,0.335773,0.872987,1.95541,3.84543,6.75904,10.7978,15.923,21.9832,28.7723,36.0891,43.7739,51.719,59.8615,68.1692,76.6277,85.2312,93.9777,102.867,111.898,121.071,130.387,139.845,149.445,159.187,169.071,179.098,189.266,199.577,210.029,220.623
335.462,0,0,0,0,0,0,0,0,0,0,0,0,0,0,0,0,0,0,0,0,0,0,0,0,0,0,0,0,0,0,0,0,0,0,0,0,0,1.20909e-10,8.8625e-09,2.86204e-07,5.43684e-06,6.85046e-05,0.000612844,0.00407499,0.0208524,0.0845282,0.278488,0.763564,1.78142,3.61149,6.48912,10.5267,15.6825,21.7911,28.6307,35.9888,43.7018,51.6634,59.8142,68.1256,76.5854,85.1893,93.9359,102.825,111.856,121.029,130.345,139.803,149.403,159.145,169.029,179.056,189.225,199.535,209.987,220.582
337.572,0,0,0,0,0,0,0,0,0,0,0,0,0,0,0,0,0,0,0,0,0,0,0,0,0,0,0,0,0,0,0,0,0,0,0,0,0,0,9.41351e-10,6.04359e-08,1.70648e-06,2.8304e-05,0.000311131,0.00242844,0.0141057,0.0632236,0.225447,0.657279,1.60674,3.37185,6.21029,10.2472,15.4372,21.5988,28.492,35.8926,43.6333,51.6101,59.7682,68.0825,76.5433,85.1475,93.8942,102.783,111.814,120.988,130.303,139.761,149.361,159.103,168.988,179.014,189.183,199.493,209.946,220.54
339.682,0,0,0,0,0,0,0,0,0,0,0,0,0,0,0,0,0,0,0,0,0,0,0,0,0,0,0,0,0,0,0,0,0,0,0,0,0,0,0,6.95899e-09,3.8975e-07,9.58069e-06,0.000138124,0.00131873,0.00894335,0.0452217,0.177091,0.554808,1.4317,3.12608,5.92151,9.95838,15.1869,21.4067,28.3569,35.8008,43.5684,51.5592,59.7234,68.0399,76.5014,85.1058,93.8525,102.741,111.773,120.946,130.262,139.719,149.319,159.062,168.946,178.973,189.141,199.452,209.904,220.499
341.792,0,0,0,0,0,0,0,0,0,0,0,0,0,0,0,0,0,0,0,0,0,0,0,0,0,0,0,0,0,0,0,0,0,0,0,0,0,0,0,0,4.89116e-08,2.37807e-06,5.0626e-05,0.000631024,0.00520556,0.0305305,0.133883,0.456964,1.2568,2.87371,5.62156,9.65916,14.9314,21.2153,28.2262,35.714,43.5073,51.5105,59.6796,67.9977,76.4596,85.0641,93.8108,102.7,111.731,120.904,130.22,139.678,149.278,159.02,168.904,178.931,189.1,199.41,209.863,220.457
343.902,0,0,0,0,0,0,0,0,0,0,0,0,0,0,0,0,0,0,0,0,0,0,0,0,0,0,0,0,0,0,0,0,0,0,0,0,0,0,0,0,0,3.27256e-07,1.37305e-05,0.000251558,0.00269363,0.0190833,0.0962838,0.364733,1.08271,2.6142,5.30893,9.34826,14.6706,21.0255,28.1008,35.6328,43.4501,51.4638,59.6365,67.9557,76.4178,85.0223,93.769,102.658,111.689,120.862,130.178,139.636,149.236,158.978,168.863,178.889,189.058,199.369,209.821,220.416
346.012,0,0,0,0,0,0,0,0,0,0,0,0,0,0,0,0,0,0,0,0,0,0,0,0,0,0,0,0,0,0,0,0,0,0,0,0,0,0,0,0,0,0,2.08683e-06,7.50083e-05,0.00117363,0.0107137,0.0647255,0.279301,0.910383,2.34699,4.98173,9.02411,14.4044,20.8383,27.9819,35.5576,43.3966,51.4188,59.5941,67.9139,76.3761,84.9806,93.7273,102.616,111.647,120.821,130.136,139.594,149.194,158.936,168.821,178.847,189.016,199.327,209.78,220.374
348.121,0,0,0,0,0,0,0,0,0,0,0,0,0,0,0,0,0,0,0,0,0,0,0,0,0,0,0,0,0,0,0,0,0,0,0,0,0,0,0,0,0,0,0,1.2697e-05,0.000387464,0.00512913,0.0395509,0.202091,0.741168,2.0715,4.63756,8.68474,14.1328,20.6553,27.8708,35.4889,43.3468,51.3753,59.5521,67.8721,76.3343,84.9388,93.6855,102.574,111.606,120.779,130.095,139.552,149.152,158.895,168.779,178.806,188.974,199.285,209.738,220.333
350.231,0,0,0,0,0,0,0,0,0,0,0,0,0,0,0,0,0,0,0,0,0,0,0,0,0,0,0,0,0,0,0,0,0,0,0,0,0,0,0,0,0,0,0,0,7.37894e-05,0.00189026,0.0209242,0.134779,0.577007,1.78714,4.27326,8.32769,13.8563,20.4785,27.7691,35.4269,43.3001,51.3327,59.5103,67.8303,76.2926,84.8971,93.6438,102.533,111.564,120.737,130.053,139.511,149.111,158.853,168.737,178.764,188.933,199.244,209.696,220.291
352.341,0,0,0,0,0,0,0,0,0,0,0,0,0,0,0,0,0,0,0,0,0,0,0,0,0,0,0,0,0,0,0,0,0,0,0,0,0,0,0,0,0,0,0,0,0,0.000410029,0.0086906,0.0792645,0.420746,1.49346,3.88453,7.94972,13.5757,20.3107,27.6784,35.3717,43.2559,51.2907,59.4686,67.7886,76.2508,84.8553,93.602,102.491,111.522,120.695,130.011,139.469,149.069,158.811,168.695,178.722,188.891,199.202,209.655,220.25
354.451,0,0,0,0,0,0,0,0,0,0,0,0,0,0,0,0,0,0,0,0,0,0,0,0,0,0,0,0,0,0,0,0,0,0,0,0,0,0,0,0,0,0,0,0,0,0,0.00218066,0.0375193,0.276645,1.19039,3.46531,7.54655,13.2931,20.1561,27.6004,35.3226,43.2134,51.249,59.4268,67.7468,76.209,84.8135,93.5602,102.449,111.48,120.654,129.969,139.427,149.027,158.769,168.654,178.68,188.849,199.16,209.613,220.208
356.561,0,0,0,0,0,0,0,0,0,0,0,0,0,0,0,0,0,0,0,0,0,0,0,0,0,0,0,0,0,0,0,0,0,0,0,0,0,0,0,0,0,0,0,0,0,0,0,0.0111103,0.151188,0.878863,3.00643,7.11229,13.0123,20.0202,27.5362,35.2783,43.1716,51.2072,59.385,67.705,76.1673,84.7717,93.5184,102.407,111.438,120.612,129.927,139.385,148.985,158.727,168.612,178.639,188.807,199.118,209.571,220.166
358.671,0,0,0,0,0,0,0,0,0,0,0,0,0,0,0,0,0,0,0,0,0,0,0,0,0,0,0,0,0,0,0,0,0,0,0,0,0,0,0,0,0,0,0,0,0,0,0,0,0.0542769,0.562675,2.49279,6.63871,12.7419,19.9104,27.4854,35.2365,43.1299,51.1654,59.3432,67.6632,76.1255,84.7299,93.4766,102.365,111.397,120.57,129.886,139.343,148.943,158.686,168.57,178.597,188.766,199.077,209.53,220.125
360.78,0,0,0,0,0,0,0,0,0,0,0,0,0,0,0,0,0,0,0,0,0,0,0,0,0,0,0,0,0,0,0,0,0,0,0,0,0,0,0,0,0,0,0,0,0,0,0,0,0,0.254468,1.89574,6.1148,12.4998,19.8347,27.4436,35.1947,43.0881,51.1236,59.3014,67.6214,76.0836,84.6881,93.4348,102.324,111.355,120.528,129.844,139.301,148.901,158.644,168.528,178.555,188.724,199.035,209.488,220.083
362.89,0,0,0,0,0,0,0,0,0,0,0,0,0,0,0,0,0,0,0,0,0,0,0,0,0,0,0,0,0,0,0,0,0,0,0,0,0,0,0,0,0,0,0,0,0,0,0,0,0,0,1.14588,5.53275,12.3262,19.7929,27.4018,35.1529,43.0463,51.0818,59.2596,67.5796,76.0418,84.6463,93.3929,102.282,111.313,120.486,129.802,139.26,148.86,158.602,168.486,178.513,188.682,198.993,209.446,220.042
365,0,0,0,0,0,0,0,0,0,0,0,0,0,0,0,0,0,0,0,0,0,0,0,0,0,0,0,0,0,0,0,0,0,0,0,0,0,0,0,0,0,0,0,0,0,0,0,0,0,0,0,4.96,12.2844,19.7511,27.36,35.1111,43.0044,51.04,59.2178,67.5378,76,84.6044,93.3511,102.24,111.271,120.444,129.76,139.218,148.818,158.56,168.444,178.471,188.64,198.951,209.404,220
