t,x1,y1,x2,y2,x3,y3
0,0,0,1.5e+11,0,1.50384e+11,0
6311.52,0.35693,0,1.5e+11,1.87702e+08,1.50384e+11,1.9413e+08
12623,1.42772,0.000893628,1.5e+11,3.75404e+08,1.50383e+11,3.88258e+08
18934.6,3.21237,0.00357451,1.49999e+11,5.63105e+08,1.50382e+11,5.82382e+08
25246.1,5.71087,0.00893627,1.49998e+11,7.50805e+08,1.50381e+11,7.76499e+08
31557.6,8.92323,0.0178725,1.49997e+11,9.38504e+08,1.5038e+11,9.70609e+08
37869.1,12.8494,0.0312769,1.49996e+11,1.1262e+09,1.50378e+11,1.16471e+09
44180.6,17.4895,0.050043,1.49994e+11,1.3139e+09,1.50376e+11,1.35879e+09
50492.2,22.8434,0.0750644,1.49993e+11,1.50159e+09,1.50373e+11,1.55286e+09
56803.7,28.9111,0.107235,1.49991e+11,1.68928e+09,1.5037e+11,1.74692e+09
63115.2,35.6926,0.147447,1.49988e+11,1.87697e+09,1.50367e+11,1.94095e+09
69426.7,43.1879,0.196596,1.49986e+11,2.06466e+09,1.50363e+11,2.13497e+09
75738.2,51.397,0.255575,1.49983e+11,2.25234e+09,1.50359e+11,2.32896e+09
82049.8,60.3199,0.325276,1.4998e+11,2.44003e+09,1.50355e+11,2.52293e+09
88361.3,69.9566,0.406595,1.49977e+11,2.6277e+09,1.50351e+11,2.71687e+09
94672.8,80.307,0.500423,1.49974e+11,2.81538e+09,1.50346e+11,2.91078e+09
100984,91.3711,0.607655,1.4997e+11,3.00305e+09,1.5034e+11,3.10466e+09
107296,103.149,0.729184,1.49966e+11,3.19071e+09,1.50335e+11,3.2985e+09
113607,115.641,0.865904,1.49962e+11,3.37837e+09,1.50329e+11,3.49231e+09
119919,128.846,1.01871,1.49958e+11,3.56603e+09,1.50323e+11,3.68609e+09
126230,142.765,1.18849,1.49953e+11,3.75368e+09,1.50316e+11,3.87982e+09
132542,157.397,1.37614,1.49949e+11,3.94132e+09,1.50309e+11,4.07351e+09
138853,172.743,1.58256,1.49943e+11,4.12896e+09,1.50302e+11,4.26716e+09
145165,188.803,1.80863,1.49938e+11,4.31659e+09,1.50294e+11,4.46076e+09
151476,205.576,2.05525,1.49933e+11,4.50422e+09,1.50286e+11,4.65432e+09
157788,223.063,2.32332,1.49927e+11,4.69184e+09,1.50278e+11,4.84783e+09
164100,241.264,2.61372,1.49921e+11,4.87945e+09,1.50269e+11,5.04128e+09
170411,260.177,2.92736,1.49915e+11,5.06706e+09,1.5026e+11,5.23468e+09
176723,279.805,3.26512,1.49908e+11,5.25466e+09,1.50251e+11,5.42803e+09
183034,300.145,3.62789,1.49902e+11,5.44225e+09,1.50241e+11,5.62132e+09
189346,321.199,4.01657,1.49895e+11,5.62983e+09,1.50231e+11,5.81455e+09
195657,342.967,4.43206,1.49888e+11,5.81741e+09,1.50221e+11,6.00772e+09
201969,365.448,4.87524,1.4988e+11,6.00498e+09,1.50211e+11,6.20083e+09
208280,388.642,5.34701,1.49873e+11,6.19253e+09,1.502e+11,6.39387e+09
214592,412.549,5.84826,1.49865e+11,6.38008e+09,1.50188e+11,6.58685e+09
220903,437.17,6.37989,1.49857e+11,6.56762e+09,1.50177e+11,6.77976e+09
227215,462.503,6.94278,1.49849e+11,6.75515e+09,1.50165e+11,6.9726e+09
233526,488.55,7.53783,1.4984e+11,6.94267e+09,1.50153e+11,7.16536e+09
239838,515.31,8.16594,1.49831e+11,7.13018e+09,1.5014e+11,7.35805e+09
246149,542.783,8.82799,1.49822e+11,7.31768e+09,1.50127e+11,7.55067e+09
252461,570.969,9.52488,1.49813e+11,7.50517e+09,1.50114e+11,7.74321e+09
258772,599.868,10.2575,1.49804e+11,7.69265e+09,1.50101e+11,7.93567e+09
265084,629.48,11.0267,1.49794e+11,7.88012e+09,1.50087e+11,8.12805e+09
271395,659.805,11.8335,1.49784e+11,8.06758e+09,1.50073e+11,8.32035e+09
277707,690.842,12.6786,1.49774e+11,8.25502e+09,1.50058e+11,8.51257e+09
284018,722.592,13.5631,1.49764e+11,8.44245e+09,1.50043e+11,8.70469e+09
290330,755.056,14.4878,1.49753e+11,8.62987e+09,1.50028e+11,8.89674e+09
296641,788.231,15.4535,1.49742e+11,8.81728e+09,1.50013e+11,9.08869e+09
302953,822.12,16.4612,1.49731e+11,9.00467e+09,1.49997e+11,9.28055e+09
309264,856.721,17.5118,1.4972e+11,9.19205e+09,1.49981e+11,9.47232e+09
315576,892.034,18.6061,1.49708e+11,9.37942e+09,1.49965e+11,9.664e+09
321888,928.06,19.7451,1.49696e+11,9.56677e+09,1.49948e+11,9.85558e+09
328199,964.798,20.9297,1.49684e+11,9.75411e+09,1.49932e+11,1.00471e+10
334511,1002.25,22.1606,1.49672e+11,9.94144e+09,1.49914e+11,1.02384e+10
340822,1040.41,23.4389,1.49659e+11,1.01288e+10,1.49897e+11,1.04297e+10
347134,1079.29,24.7655,1.49647e+11,1.0316e+10,1.49879e+11,1.06209e+10
353445,1118.87,26.1411,1.49634e+11,1.05033e+10,1.49861e+11,1.0812e+10
359757,1159.17,27.5667,1.49621e+11,1.06906e+10,1.49842e+11,1.1003e+10
366068,1200.19,29.0433,1.49607e+11,1.08778e+10,1.49824e+11,1.11939e+10
372380,1241.91,30.5716,1.49594e+11,1.10651e+10,1.49805e+11,1.13846e+10
378691,1284.34,32.1526,1.4958e+11,1.12523e+10,1.49785e+11,1.15753e+10
385003,1327.49,33.7871,1.49565e+11,1.14395e+10,1.49766e+11,1.17658e+10
391314,1371.35,35.4761,1.49551e+11,1.16267e+10,1.49746e+11,1.19563e+10
397626,1415.92,37.2205,1.49537e+11,1.18139e+10,1.49726e+11,1.21466e+10
403937,1461.2,39.0211,1.49522e+11,1.2001e+10,1.49705e+11,1.23368e+10
410249,1507.2,40.8788,1.49507e+11,1.21881e+10,1.49685e+11,1.25269e+10
416560,1553.9,42.7946,1.49491e+11,1.23752e+10,1.49664e+11,1.27169e+10
422872,1601.32,44.7692,1.49476e+11,1.25623e+10,1.49642e+11,1.29068e+10
429183,1649.45,46.8037,1.4946e+11,1.27494e+10,1.49621e+11,1.30965e+10
435495,1698.29,48.8989,1.49444e+11,1.29365e+10,1.49599e+11,1.32862e+10
441806,1747.84,51.0556,1.49428e+11,1.31235e+10,1.49577e+11,1.34757e+10
448118,1798.1,53.2748,1.49411e+11,1.33105e+10,1.49554e+11,1.36651e+10
454429,1849.07,55.5574,1.49395e+11,1.34975e+10,1.49531e+11,1.38543e+10
460741,1900.76,57.9042,1.49378e+11,1.36845e+10,1.49508e+11,1.40435e+10
467052,1953.15,60.3162,1.49361e+11,1.38715e+10,1.49485e+11,1.42325e+10
473364,2006.26,62.7942,1.49343e+11,1.40584e+10,1.49462e+11,1.44214e+10
479676,2060.07,65.3392,1.49326e+11,1.42453e+10,1.49438e+11,1.46102e+10
485987,2114.6,67.9519,1.49308e+11,1.44322e+10,1.49414e+11,1.47988e+10
492299,2169.84,70.6334,1.4929e+11,1.46191e+10,1.4939e+11,1.49873e+10
498610,2225.78,73.3844,1.49271e+11,1.4806e+10,1.49365e+11,1.51757e+10
504922,2282.44,76.2059,1.49253e+11,1.49928e+10,1.4934e+11,1.5364e+10
511233,2339.81,79.0988,1.49234e+11,1.51796e+10,1.49315e+11,1.55521e+10
517545,2397.89,82.064,1.49215e+11,1.53664e+10,1.4929e+11,1.57401e+10
523856,2456.68,85.1023,1.49196e+11,1.55532e+10,1.49264e+11,1.59279e+10
530168,2516.18,88.2146,1.49176e+11,1.57399e+10,1.49238e+11,1.61157e+10
536479,2576.39,91.4019,1.49156e+11,1.59267e+10,1.49212e+11,1.63033e+10
542791,2637.3,94.6649,1.49136e+11,1.61133e+10,1.49186e+11,1.64907e+10
549102,2698.93,98.0047,1.49116e+11,1.63e+10,1.49159e+11,1.66781e+10
555414,2761.27,101.422,1.49096e+11,1.64867e+10,1.49132e+11,1.68653e+10
561725,2824.32,104.918,1.49075e+11,1.66733e+10,1.49105e+11,1.70523e+10
568037,2888.07,108.493,1.49054e+11,1.68599e+10,1.49078e+11,1.72393e+10
574348,2952.54,112.149,1.49033e+11,1.70465e+10,1.4905e+11,1.7426e+10
580660,3017.71,115.885,1.49012e+11,1.7233e+10,1.49023e+11,1.76127e+10
586971,3083.6,119.704,1.4899e+11,1.74195e+10,1.48995e+11,1.77992e+10
593283,3150.19,123.605,1.48968e+11,1.7606e+10,1.48966e+11,1.79856e+10
599594,3217.49,127.591,1.48946e+11,1.77925e+10,1.48938e+11,1.81718e+10
605906,3285.51,131.661,1.48924e+11,1.7979e+10,1.48909e+11,1.83579e+10
612217,3354.23,135.817,1.48901e+11,1.81654e+10,1.4888e+11,1.85439e+10
618529,3423.65,140.059,1.48879e+11,1.83518e+10,1.48851e+11,1.87297e+10
624840,3493.79,144.388,1.48856e+11,1.85381e+10,1.48822e+11,1.89154e+10
631152,3564.64,148.806,1.48832e+11,1.87245e+10,1.48792e+11,1.91009e+10
637464,3636.19,153.313,1.48809e+11,1.89108e+10,1.48762e+11,1.92863e+10
643775,3708.45,157.91,1.48785e+11,1.90971e+10,1.48732e+11,1.94716e+10
650087,3781.42,162.597,1.48761e+11,1.92833e+10,1.48702e+11,1.96567e+10
656398,3855.1,167.377,1.48737e+11,1.94695e+10,1.48671e+11,1.98417e+10
662710,3929.48,172.249,1.48713e+11,1.96557e+10,1.4864e+11,2.00265e+10
669021,4004.58,177.215,1.48688e+11,1.98419e+10,1.48609e+11,2.02112e+10
675333,4080.38,182.275,1.48663e+11,2.0028e+10,1.48578e+11,2.03958e+10
681644,4156.89,187.431,1.48638e+11,2.02141e+10,1.48547e+11,2.05802e+10
687956,4234.1,192.682,1.48613e+11,2.04002e+10,1.48515e+11,2.07645e+10
694267,4312.03,198.031,1.48587e+11,2.05862e+10,1.48484e+11,2.09486e+10
700579,4390.65,203.478,1.48561e+11,2.07723e+10,1.48452e+11,2.11326e+10
706890,4469.99,209.024,1.48535e+11,2.09582e+10,1.48419e+11,2.13165e+10
713202,4550.04,214.669,1.48509e+11,2.11442e+10,1.48387e+11,2.15002e+10
719513,4630.79,220.415,1.48483e+11,2.13301e+10,1.48355e+11,2.16838e+10
725825,4712.24,226.263,1.48456e+11,2.1516e+10,1.48322e+11,2.18672e+10
732136,4794.41,232.213,1.48429e+11,2.17018e+10,1.48289e+11,2.20505e+10
738448,4877.28,238.266,1.48402e+11,2.18877e+10,1.48256e+11,2.22337e+10
744759,4960.85,244.424,1.48374e+11,2.20735e+10,1.48222e+11,2.24167e+10
751071,5045.13,250.687,1.48347e+11,2.22592e+10,1.48189e+11,2.25996e+10
757382,5130.12,257.055,1.48319e+11,2.24449e+10,1.48155e+11,2.27823e+10
763694,5215.82,263.531,1.48291e+11,2.26306e+10,1.48121e+11,2.29649e+10
770005,5302.22,270.114,1.48262e+11,2.28163e+10,1.48087e+11,2.31474e+10
776317,5389.32,276.805,1.48234e+11,2.30019e+10,1.48053e+11,2.33297e+10
782628,5477.13,283.606,1.48205e+11,2.31875e+10,1.48019e+11,2.35119e+10
788940,5565.65,290.518,1.48176e+11,2.3373e+10,1.47984e+11,2.3694e+10
795252,5654.87,297.541,1.48147e+11,2.35585e+10,1.47949e+11,2.38759e+10
801563,5744.79,304.676,1.48117e+11,2.3744e+10,1.47914e+11,2.40577e+10
807875,5835.42,311.924,1.48087e+11,2.39294e+10,1.47879e+11,2.42394e+10
814186,5926.76,319.285,1.48057e+11,2.41149e+10,1.47844e+11,2.44209e+10
820498,6018.8,326.762,1.48027e+11,2.43002e+10,1.47808e+11,2.46023e+10
826809,6111.54,334.354,1.47997e+11,2.44856e+10,1.47773e+11,2.47836e+10
833121,6204.99,342.063,1.47966e+11,2.46708e+10,1.47737e+11,2.49647e+10
839432,6299.14,349.889,1.47935e+11,2.48561e+10,1.47701e+11,2.51457e+10
845744,6394,357.834,1.47904e+11,2.50413e+10,1.47665e+11,2.53266e+10
852055,6489.56,365.897,1.47873e+11,2.52265e+10,1.47629e+11,2.55074e+10
858367,6585.83,374.081,1.47841e+11,2.54116e+10,1.47592e+11,2.5688e+10
864678,6682.79,382.386,1.47809e+11,2.55967e+10,1.47556e+11,2.58685e+10
870990,6780.46,390.812,1.47777e+11,2.57818e+10,1.47519e+11,2.60489e+10
877301,6878.84,399.361,1.47745e+11,2.59668e+10,1.47482e+11,2.62291e+10
883613,6977.92,408.034,1.47712e+11,2.61518e+10,1.47445e+11,2.64093e+10
889924,7077.7,416.832,1.47679e+11,2.63368e+10,1.47408e+11,2.65893e+10
896236,7178.18,425.754,1.47646e+11,2.65217e+10,1.4737e+11,2.67692e+10
902547,7279.36,434.803,1.47613e+11,2.67065e+10,1.47333e+11,2.69489e+10
908859,7381.25,443.979,1.4758e+11,2.68914e+10,1.47295e+11,2.71286e+10
915170,7483.84,453.283,1.47546e+11,2.70761e+10,1.47258e+11,2.73081e+10
921482,7587.13,462.716,1.47512e+11,2.72609e+10,1.4722e+11,2.74875e+10
927793,7691.13,472.278,1.47478e+11,2.74456e+10,1.47182e+11,2.76668e+10
934105,7795.83,481.971,1.47443e+11,2.76302e+10,1.47143e+11,2.7846e+10
940416,7901.22,491.796,1.47409e+11,2.78149e+10,1.47105e+11,2.80251e+10
946728,8007.32,501.753,1.47374e+11,2.79994e+10,1.47067e+11,2.82041e+10
953040,8114.12,511.843,1.47339e+11,2.8184e+10,1.47028e+11,2.83829e+10
959351,8221.62,522.068,1.47304e+11,2.83684e+10,1.46989e+11,2.85617e+10
965663,8329.83,532.427,1.47268e+11,2.85529e+10,1.46951e+11,2.87403e+10
971974,8438.73,542.922,1.47232e+11,2.87373e+10,1.46912e+11,2.89189e+10
978286,8548.33,553.554,1.47196e+11,2.89216e+10,1.46872e+11,2.90973e+10
984597,8658.64,564.324,1.4716e+11,2.9106e+10,1.46833e+11,2.92756e+10
990909,8769.64,575.232,1.47123e+11,2.92902e+10,1.46794e+11,2.94539e+10
997220,8881.35,586.28,1.47087e+11,2.94744e+10,1.46754e+11,2.9632e+10
1.00353e+06,8993.75,597.468,1.4705e+11,2.96586e+10,1.46715e+11,2.981e+10
1.00984e+06,9106.86,608.797,1.47013e+11,2.98427e+10,1.46675e+11,2.9988e+10
1.01615e+06,9220.66,620.268,1.46975e+11,3.00268e+10,1.46635e+11,3.01658e+10
1.02247e+06,9335.16,631.882,1.46937e+11,3.02109e+10,1.46595e+11,3.03436e+10
1.02878e+06,9450.37,643.639,1.469e+11,3.03948e+10,1.46555e+11,3.05213e+10
1.03509e+06,9566.27,655.542,1.46862e+11,3.05788e+10,1.46515e+11,3.06989e+10
1.0414e+06,9682.87,667.589,1.46823e+11,3.07627e+10,1.46474e+11,3.08763e+10
1.04771e+06,9800.17,679.784,1.46785e+11,3.09465e+10,1.46434e+11,3.10538e+10
1.05402e+06,9918.17,692.125,1.46746e+11,3.11303e+10,1.46393e+11,3.12311e+10
1.06034e+06,10036.9,704.615,1.46707e+11,3.13141e+10,1.46353e+11,3.14083e+10
1.06665e+06,10156.3,717.254,1.46668e+11,3.14978e+10,1.46312e+11,3.15855e+10
1.07296e+06,10276.3,730.042,1.46628e+11,3.16814e+10,1.46271e+11,3.17626e+10
1.07927e+06,10397.1,742.982,1.46588e+11,3.1865e+10,1.4623e+11,3.19396e+10
1.08558e+06,10518.6,756.073,1.46548e+11,3.20486e+10,1.46189e+11,3.21165e+10
1.09189e+06,10640.8,769.316,1.46508e+11,3.22321e+10,1.46147e+11,3.22934e+10
1.0982e+06,10763.7,782.713,1.46468e+11,3.24155e+10,1.46106e+11,3.24702e+10
1.10452e+06,10887.3,796.264,1.46427e+11,3.25989e+10,1.46065e+11,3.26469e+10
1.11083e+06,11011.5,809.97,1.46386e+11,3.27823e+10,1.46023e+11,3.28235e+10
1.11714e+06,11136.5,823.833,1.46345e+11,3.29656e+10,1.45981e+11,3.30001e+10
1.12345e+06,11262.2,837.852,1.46304e+11,3.31488e+10,1.45939e+11,3.31767e+10
1.12976e+06,11388.6,852.029,1.46262e+11,3.3332e+10,1.45897e+11,3.33531e+10
1.13607e+06,11515.6,866.364,1.4622e+11,3.35152e+10,1.45855e+11,3.35295e+10
1.14239e+06,11643.4,880.859,1.46178e+11,3.36983e+10,1.45813e+11,3.37059e+10
1.1487e+06,11771.8,895.514,1.46136e+11,3.38813e+10,1.45771e+11,3.38822e+10
1.15501e+06,11901,910.331,1.46094e+11,3.40643e+10,1.45728e+11,3.40584e+10
1.16132e+06,12030.8,925.31,1.46051e+11,3.42472e+10,1.45686e+11,3.42346e+10
1.16763e+06,12161.3,940.451,1.46008e+11,3.44301e+10,1.45643e+11,3.44107e+10
1.17394e+06,12292.6,955.757,1.45965e+11,3.46129e+10,1.45601e+11,3.45868e+10
1.18025e+06,12424.5,971.227,1.45921e+11,3.47957e+10,1.45558e+11,3.47629e+10
1.18657e+06,12557.1,986.863,1.45878e+11,3.49784e+10,1.45515e+11,3.49389e+10
1.19288e+06,12690.4,1002.66,1.45834e+11,3.51611e+10,1.45472e+11,3.51148e+10
1.19919e+06,12824.5,1018.63,1.4579e+11,3.53437e+10,1.45429e+11,3.52908e+10
1.2055e+06,12959.2,1034.77,1.45745e+11,3.55263e+10,1.45385e+11,3.54666e+10
1.21181e+06,13094.6,1051.08,1.45701e+11,3.57088e+10,1.45342e+11,3.56425e+10
1.21812e+06,13230.6,1067.56,1.45656e+11,3.58912e+10,1.45298e+11,3.58183e+10
1.22443e+06,13367.4,1084.2,1.45611e+11,3.60736e+10,1.45255e+11,3.59941e+10
1.23075e+06,13504.9,1101.02,1.45566e+11,3.62559e+10,1.45211e+11,3.61698e+10
1.23706e+06,13643.1,1118.01,1.4552e+11,3.64382e+10,1.45167e+11,3.63455e+10
1.24337e+06,13781.9,1135.18,1.45475e+11,3.66204e+10,1.45123e+11,3.65212e+10
1.24968e+06,13921.5,1152.52,1.45429e+11,3.68025e+10,1.45079e+11,3.66969e+10
1.25599e+06,14061.7,1170.03,1.45382e+11,3.69846e+10,1.45035e+11,3.68725e+10
1.2623e+06,14202.7,1187.72,1.45336e+11,3.71667e+10,1.44991e+11,3.70481e+10
1.26862e+06,14344.3,1205.59,1.45289e+11,3.73486e+10,1.44946e+11,3.72237e+10
1.27493e+06,14486.6,1223.64,1.45243e+11,3.75306e+10,1.44902e+11,3.73993e+10
1.28124e+06,14629.6,1241.86,1.45196e+11,3.77124e+10,1.44857e+11,3.75749e+10
1.28755e+06,14773.3,1260.26,1.45148e+11,3.78942e+10,1.44812e+11,3.77504e+10
1.29386e+06,14917.7,1278.84,1.45101e+11,3.8076e+10,1.44767e+11,3.79259e+10
1.30017e+06,15062.8,1297.61,1.45053e+11,3.82577e+10,1.44722e+11,3.81015e+10
1.30648e+06,15208.6,1316.56,1.45005e+11,3.84393e+10,1.44677e+11,3.8277e+10
1.3128e+06,15355,1335.69,1.44957e+11,3.86208e+10,1.44632e+11,3.84525e+10
1.31911e+06,15502.2,1355,1.44908e+11,3.88023e+10,1.44586e+11,3.8628e+10
1.32542e+06,15650,1374.5,1.4486e+11,3.89838e+10,1.44541e+11,3.88035e+10
1.33173e+06,15798.6,1394.18,1.44811e+11,3.91651e+10,1.44495e+11,3.8979e+10
1.33804e+06,15947.8,1414.05,1.44762e+11,3.93465e+10,1.4445e+11,3.91545e+10
1.34435e+06,16097.7,1434.11,1.44712e+11,3.95277e+10,1.44404e+11,3.933e+10
1.35067e+06,16248.3,1454.35,1.44663e+11,3.97089e+10,1.44358e+11,3.95055e+10
1.35698e+06,16399.6,1474.79,1.44613e+11,3.989e+10,1.44312e+11,3.9681e+10
1.36329e+06,16551.6,1495.41,1.44563e+11,4.00711e+10,1.44265e+11,3.98565e+10
1.3696e+06,16704.2,1516.22,1.44512e+11,4.02521e+10,1.44219e+11,4.0032e+10
1.37591e+06,16857.6,1537.23,1.44462e+11,4.0433e+10,1.44172e+11,4.02075e+10
1.38222e+06,17011.6,1558.43,1.44411e+11,4.06139e+10,1.44126e+11,4.0383e+10
1.38853e+06,17166.3,1579.82,1.4436e+11,4.07947e+10,1.44079e+11,4.05586e+10
1.39485e+06,17321.7,1601.4,1.44309e+11,4.09754e+10,1.44032e+11,4.07341e+10
1.40116e+06,17477.8,1623.19,1.44258e+11,4.11561e+10,1.43985e+11,4.09097e+10
1.40747e+06,17634.6,1645.16,1.44206e+11,4.13367e+10,1.43938e+11,4.10853e+10
1.41378e+06,17792.1,1667.33,1.44154e+11,4.15173e+10,1.4389e+11,4.12608e+10
1.42009e+06,17950.3,1689.71,1.44102e+11,4.16977e+10,1.43843e+11,4.14365e+10
1.4264e+06,18109.1,1712.27,1.4405e+11,4.18782e+10,1.43795e+11,4.16121e+10
1.43272e+06,18268.6,1735.04,1.43997e+11,4.20585e+10,1.43747e+11,4.17877e+10
1.43903e+06,18428.8,1758.01,1.43944e+11,4.22388e+10,1.43699e+11,4.19634e+10
1.44534e+06,18589.7,1781.18,1.43891e+11,4.2419e+10,1.43651e+11,4.21391e+10
1.45165e+06,18751.3,1804.55,1.43838e+11,4.25991e+10,1.43603e+11,4.23148e+10
1.45796e+06,18913.6,1828.13,1.43785e+11,4.27792e+10,1.43555e+11,4.24905e+10
1.46427e+06,19076.5,1851.9,1.43731e+11,4.29592e+10,1.43506e+11,4.26663e+10
1.47058e+06,19240.2,1875.89,1.43677e+11,4.31392e+10,1.43457e+11,4.2842e+10
1.4769e+06,19404.5,1900.07,1.43623e+11,4.3319e+10,1.43409e+11,4.30179e+10
1.48321e+06,19569.5,1924.47,1.43569e+11,4.34988e+10,1.43359e+11,4.31937e+10
1.48952e+06,19735.2,1949.07,1.43514e+11,4.36786e+10,1.4331e+11,4.33695e+10
1.49583e+06,19901.5,1973.87,1.43459e+11,4.38582e+10,1.43261e+11,4.35454e+10
1.50214e+06,20068.6,1998.89,1.43404e+11,4.40378e+10,1.43211e+11,4.37214e+10
1.50845e+06,20236.3,2024.12,1.43349e+11,4.42174e+10,1.43162e+11,4.38973e+10
1.51476e+06,20404.7,2049.55,1.43294e+11,4.43968e+10,1.43112e+11,4.40733e+10
1.52108e+06,20573.8,2075.2,1.43238e+11,4.45762e+10,1.43062e+11,4.42493e+10
1.52739e+06,20743.6,2101.06,1.43182e+11,4.47555e+10,1.43012e+11,4.44253e+10
1.5337e+06,20914.1,2127.13,1.43126e+11,4.49347e+10,1.42961e+11,4.46014e+10
1.54001e+06,21085.2,2153.42,1.43069e+11,4.51139e+10,1.42911e+11,4.47775e+10
1.54632e+06,21257,2179.92,1.43013e+11,4.5293e+10,1.4286e+11,4.49536e+10
1.55263e+06,21429.5,2206.64,1.42956e+11,4.5472e+10,1.42809e+11,4.51298e+10
1.55895e+06,21602.7,2233.57,1.42899e+11,4.5651e+10,1.42758e+11,4.5306e+10
1.56526e+06,21776.6,2260.72,1.42842e+11,4.58299e+10,1.42707e+11,4.54823e+10
1.57157e+06,21951.1,2288.09,1.42784e+11,4.60087e+10,1.42656e+11,4.56585e+10
1.57788e+06,22126.4,2315.68,1.42726e+11,4.61874e+10,1.42604e+11,4.58349e+10
1.58419e+06,22302.3,2343.49,1.42668e+11,4.63661e+10,1.42552e+11,4.60112e+10
1.5905e+06,22478.8,2371.51,1.4261e+11,4.65447e+10,1.425e+11,4.61876e+10
1.59681e+06,22656.1,2399.76,1.42552e+11,4.67232e+10,1.42448e+11,4.6364e+10
1.60313e+06,22834,2428.23,1.42493e+11,4.69016e+10,1.42396e+11,4.65405e+10
1.60944e+06,23012.6,2456.93,1.42434e+11,4.708e+10,1.42343e+11,4.6717e+10
1.61575e+06,23191.9,2485.85,1.42375e+11,4.72582e+10,1.4229e+11,4.68935e+10
1.62206e+06,23371.9,2514.99,1.42316e+11,4.74365e+10,1.42237e+11,4.70701e+10
1.62837e+06,23552.6,2544.36,1.42257e+11,4.76146e+10,1.42184e+11,4.72467e+10
1.63468e+06,23733.9,2573.96,1.42197e+11,4.77927e+10,1.42131e+11,4.74233e+10
1.641e+06,23915.9,2603.78,1.42137e+11,4.79706e+10,1.42077e+11,4.76e+10
1.64731e+06,24098.6,2633.83,1.42077e+11,4.81485e+10,1.42024e+11,4.77767e+10
1.65362e+06,24281.9,2664.11,1.42016e+11,4.83264e+10,1.4197e+11,4.79534e+10
1.65993e+06,24465.9,2694.62,1.41956e+11,4.85041e+10,1.41916e+11,4.81302e+10
1.66624e+06,24650.6,2725.36,1.41895e+11,4.86818e+10,1.41861e+11,4.8307e+10
1.67255e+06,24836,2756.33,1.41834e+11,4.88594e+10,1.41807e+11,4.84839e+10
1.67886e+06,25022.1,2787.54,1.41772e+11,4.90369e+10,1.41752e+11,4.86608e+10
1.68518e+06,25208.8,2818.98,1.41711e+11,4.92144e+10,1.41697e+11,4.88377e+10
1.69149e+06,25396.2,2850.65,1.41649e+11,4.93917e+10,1.41641e+11,4.90147e+10
1.6978e+06,25584.3,2882.56,1.41587e+11,4.9569e+10,1.41586e+11,4.91917e+10
1.70411e+06,25773,2914.7,1.41525e+11,4.97462e+10,1.4153e+11,4.93687e+10
1.71042e+06,25962.5,2947.08,1.41463e+11,4.99234e+10,1.41474e+11,4.95458e+10
1.71673e+06,26152.6,2979.7,1.414e+11,5.01004e+10,1.41418e+11,4.97229e+10
1.72304e+06,26343.3,3012.56,1.41337e+11,5.02774e+10,1.41362e+11,4.99e+10
1.72936e+06,26534.8,3045.65,1.41274e+11,5.04543e+10,1.41305e+11,5.00771e+10
1.73567e+06,26726.9,3078.99,1.41211e+11,5.06311e+10,1.41248e+11,5.02543e+10
1.74198e+06,26919.7,3112.56,1.41147e+11,5.08078e+10,1.41191e+11,5.04316e+10
1.74829e+06,27113.1,3146.38,1.41084e+11,5.09844e+10,1.41134e+11,5.06088e+10
1.7546e+06,27307.3,3180.44,1.4102e+11,5.1161e+10,1.41077e+11,5.07861e+10
1.76091e+06,27502.1,3214.74,1.40956e+11,5.13375e+10,1.41019e+11,5.09634e+10
1.76723e+06,27697.5,3249.29,1.40891e+11,5.15139e+10,1.40961e+11,5.11408e+10
1.77354e+06,27893.7,3284.09,1.40827e+11,5.16902e+10,1.40902e+11,5.13181e+10
1.77985e+06,28090.5,3319.13,1.40762e+11,5.18664e+10,1.40844e+11,5.14955e+10
1.78616e+06,28288,3354.41,1.40697e+11,5.20426e+10,1.40785e+11,5.1673e+10
1.79247e+06,28486.1,3389.95,1.40631e+11,5.22187e+10,1.40726e+11,5.18504e+10
1.79878e+06,28684.9,3425.73,1.40566e+11,5.23947e+10,1.40667e+11,5.20279e+10
1.80509e+06,28884.4,3461.76,1.405e+11,5.25706e+10,1.40608e+11,5.22054e+10
1.81141e+06,29084.6,3498.04,1.40434e+11,5.27464e+10,1.40548e+11,5.23829e+10
1.81772e+06,29285.4,3534.57,1.40368e+11,5.29221e+10,1.40488e+11,5.25605e+10
1.82403e+06,29486.9,3571.36,1.40302e+11,5.30978e+10,1.40428e+11,5.27381e+10
1.83034e+06,29689.1,3608.39,1.40235e+11,5.32734e+10,1.40367e+11,5.29156e+10
1.83665e+06,29891.9,3645.68,1.40168e+11,5.34488e+10,1.40306e+11,5.30933e+10
1.84296e+06,30095.4,3683.23,1.40101e+11,5.36242e+10,1.40245e+11,5.32709e+10
1.84928e+06,30299.6,3721.03,1.40034e+11,5.37996e+10,1.40184e+11,5.34485e+10
1.85559e+06,30504.4,3759.08,1.39967e+11,5.39748e+10,1.40123e+11,5.36262e+10
1.8619e+06,30709.9,3797.4,1.39899e+11,5.41499e+10,1.40061e+11,5.38039e+10
1.86821e+06,30916,3835.97,1.39831e+11,5.4325e+10,1.39999e+11,5.39816e+10
1.87452e+06,31122.9,3874.79,1.39763e+11,5.45e+10,1.39936e+11,5.41593e+10
1.88083e+06,31330.4,3913.88,1.39695e+11,5.46748e+10,1.39874e+11,5.4337e+10
1.88714e+06,31538.5,3953.23,1.39626e+11,5.48496e+10,1.39811e+11,5.45147e+10
1.89346e+06,31747.3,3992.84,1.39557e+11,5.50244e+10,1.39748e+11,5.46924e+10
1.89977e+06,31956.8,4032.71,1.39488e+11,5.5199e+10,1.39684e+11,5.48702e+10
1.90608e+06,32167,4072.84,1.39419e+11,5.53735e+10,1.39621e+11,5.50479e+10
1.91239e+06,32377.8,4113.24,1.3935e+11,5.5548e+10,1.39557e+11,5.52257e+10
1.9187e+06,32589.2,4153.9,1.3928e+11,5.57223e+10,1.39492e+11,5.54035e+10
1.92501e+06,32801.4,4194.83,1.3921e+11,5.58966e+10,1.39428e+11,5.55812e+10
1.93133e+06,33014.2,4236.02,1.3914e+11,5.60708e+10,1.39363e+11,5.5759e+10
1.93764e+06,33227.6,4277.48,1.3907e+11,5.62449e+10,1.39298e+11,5.59368e+10
1.94395e+06,33441.8,4319.2,1.38999e+11,5.64189e+10,1.39233e+11,5.61145e+10
1.95026e+06,33656.5,4361.2,1.38929e+11,5.65928e+10,1.39167e+11,5.62923e+10
1.95657e+06,33872,4403.46,1.38858e+11,5.67666e+10,1.39101e+11,5.64701e+10
1.96288e+06,34088.1,4446,1.38786e+11,5.69404e+10,1.39035e+11,5.66478e+10
1.96919e+06,34304.9,4488.8,1.38715e+11,5.7114e+10,1.38968e+11,5.68256e+10
1.97551e+06,34522.3,4531.88,1.38643e+11,5.72876e+10,1.38902e+11,5.70033e+10
1.98182e+06,34740.4,4575.23,1.38572e+11,5.7461e+10,1.38835e+11,5.71811e+10
1.98813e+06,34959.1,4618.85,1.385e+11,5.76344e+10,1.38767e+11,5.73588e+10
1.99444e+06,35178.5,4662.75,1.38427e+11,5.78077e+10,1.387e+11,5.75365e+10
2.00075e+06,35398.6,4706.92,1.38355e+11,5.79809e+10,1.38632e+11,5.77142e+10
2.00706e+06,35619.3,4751.37,1.38282e+11,5.8154e+10,1.38563e+11,5.78919e+10
2.01337e+06,35840.7,4796.09,1.38209e+11,5.8327e+10,1.38495e+11,5.80695e+10
2.01969e+06,36062.7,4841.1,1.38136e+11,5.84999e+10,1.38426e+11,5.82472e+10
2.026e+06,36285.4,4886.38,1.38063e+11,5.86727e+10,1.38357e+11,5.84248e+10
2.03231e+06,36508.8,4931.94,1.37989e+11,5.88455e+10,1.38287e+11,5.86024e+10
2.03862e+06,36732.8,4977.77,1.37916e+11,5.90181e+10,1.38218e+11,5.878e+10
2.04493e+06,36957.4,5023.89,1.37842e+11,5.91907e+10,1.38148e+11,5.89576e+10
2.05124e+06,37182.8,5070.3,1.37767e+11,5.93631e+10,1.38077e+11,5.91351e+10
2.05756e+06,37408.7,5116.98,1.37693e+11,5.95355e+10,1.38007e+11,5.93126e+10
2.06387e+06,37635.4,5163.95,1.37618e+11,5.97077e+10,1.37936e+11,5.949e+10
2.07018e+06,37862.6,5211.2,1.37544e+11,5.98799e+10,1.37865e+11,5.96675e+10
2.07649e+06,38090.6,5258.74,1.37469e+11,6.0052e+10,1.37793e+11,5.98449e+10
2.0828e+06,38319.2,5306.56,1.37393e+11,6.0224e+10,1.37721e+11,6.00223e+10
2.08911e+06,38548.4,5354.67,1.37318e+11,6.03958e+10,1.37649e+11,6.01996e+10
2.09542e+06,38778.3,5403.06,1.37242e+11,6.05676e+10,1.37577e+11,6.03769e+10
2.10174e+06,39008.9,5451.75,1.37166e+11,6.07393e+10,1.37504e+11,6.05541e+10
2.10805e+06,39240.1,5500.72,1.3709e+11,6.09109e+10,1.37431e+11,6.07313e+10
2.11436e+06,39471.9,5549.98,1.37014e+11,6.10824e+10,1.37357e+11,6.09085e+10
2.12067e+06,39704.5,5599.54,1.36937e+11,6.12538e+10,1.37284e+11,6.10856e+10
2.12698e+06,39937.6,5649.38,1.36861e+11,6.14251e+10,1.3721e+11,6.12627e+10
2.13329e+06,40171.4,5699.52,1.36784e+11,6.15964e+10,1.37135e+11,6.14397e+10
2.13961e+06,40405.9,5749.95,1.36707e+11,6.17675e+10,1.37061e+11,6.16167e+10
2.14592e+06,40641,5800.68,1.36629e+11,6.19385e+10,1.36986e+11,6.17936e+10
2.15223e+06,40876.8,5851.69,1.36552e+11,6.21094e+10,1.36911e+11,6.19704e+10
2.15854e+06,41113.2,5903.01,1.36474e+11,6.22802e+10,1.36835e+11,6.21472e+10
2.16485e+06,41350.2,5954.62,1.36396e+11,6.2451e+10,1.36759e+11,6.2324e+10
2.17116e+06,41588,6006.53,1.36317e+11,6.26216e+10,1.36683e+11,6.25006e+10
2.17747e+06,41826.3,6058.73,1.36239e+11,6.27921e+10,1.36606e+11,6.26772e+10
2.18379e+06,42065.3,6111.24,1.3616e+11,6.29626e+10,1.3653e+11,6.28538e+10
2.1901e+06,42305,6164.04,1.36082e+11,6.31329e+10,1.36453e+11,6.30303e+10
2.19641e+06,42545.3,6217.15,1.36002e+11,6.33031e+10,1.36375e+11,6.32067e+10
2.20272e+06,42786.2,6270.55,1.35923e+11,6.34733e+10,1.36297e+11,6.3383e+10
2.20903e+06,43027.8,6324.26,1.35844e+11,6.36433e+10,1.36219e+11,6.35593e+10
2.21534e+06,43270.1,6378.27,1.35764e+11,6.38132e+10,1.36141e+11,6.37355e+10
2.22166e+06,43513,6432.58,1.35684e+11,6.39831e+10,1.36062e+11,6.39116e+10
2.22797e+06,43756.5,6487.2,1.35604e+11,6.41528e+10,1.35983e+11,6.40876e+10
2.23428e+06,44000.7,6542.13,1.35523e+11,6.43224e+10,1.35904e+11,6.42636e+10
2.24059e+06,44245.5,6597.36,1.35443e+11,6.4492e+10,1.35824e+11,6.44394e+10
2.2469e+06,44491,6652.89,1.35362e+11,6.46614e+10,1.35744e+11,6.46152e+10
2.25321e+06,44737.1,6708.74,1.35281e+11,6.48307e+10,1.35664e+11,6.47909e+10
2.25952e+06,44983.9,6764.89,1.352e+11,6.49999e+10,1.35583e+11,6.49665e+10
2.26584e+06,45231.3,6821.35,1.35119e+11,6.51691e+10,1.35502e+11,6.5142e+10
2.27215e+06,45479.3,6878.12,1.35037e+11,6.53381e+10,1.35421e+11,6.53174e+10
2.27846e+06,45728,6935.21,1.34955e+11,6.5507e+10,1.35339e+11,6.54928e+10
2.28477e+06,45977.3,6992.6,1.34873e+11,6.56758e+10,1.35258e+11,6.5668e+10
2.29108e+06,46227.3,7050.31,1.34791e+11,6.58446e+10,1.35175e+11,6.58431e+10
2.29739e+06,46477.9,7108.33,1.34708e+11,6.60132e+10,1.35093e+11,6.60181e+10
2.3037e+06,46729.2,7166.66,1.34626e+11,6.61817e+10,1.3501e+11,6.6193e+10
2.31002e+06,46981.1,7225.31,1.34543e+11,6.63501e+10,1.34927e+11,6.63679e+10
2.31633e+06,47233.6,7284.28,1.3446e+11,6.65184e+10,1.34843e+11,6.65426e+10
2.32264e+06,47486.8,7343.56,1.34377e+11,6.66866e+10,1.3476e+11,6.67172e+10
2.32895e+06,47740.6,7403.16,1.34293e+11,6.68547e+10,1.34675e+11,6.68916e+10
2.33526e+06,47995,7463.07,1.34209e+11,6.70227e+10,1.34591e+11,6.7066e+10
2.34157e+06,48250.1,7523.31,1.34125e+11,6.71906e+10,1.34506e+11,6.72403e+10
2.34789e+06,48505.8,7583.86,1.34041e+11,6.73583e+10,1.34421e+11,6.74144e+10
2.3542e+06,48762.2,7644.74,1.33957e+11,6.7526e+10,1.34336e+11,6.75884e+10
2.36051e+06,49019.2,7705.94,1.33872e+11,6.76936e+10,1.3425e+11,6.77623e+10
2.36682e+06,49276.8,7767.45,1.33788e+11,6.7861e+10,1.34164e+11,6.79361e+10
2.37313e+06,49535.1,7829.3,1.33703e+11,6.80284e+10,1.34078e+11,6.81097e+10
2.37944e+06,49794,7891.46,1.33618e+11,6.81956e+10,1.33991e+11,6.82832e+10
2.38575e+06,50053.6,7953.95,1.33532e+11,6.83628e+10,1.33904e+11,6.84566e+10
2.39207e+06,50313.8,8016.77,1.33447e+11,6.85298e+10,1.33817e+11,6.86298e+10
2.39838e+06,50574.6,8079.91,1.33361e+11,6.86968e+10,1.33729e+11,6.88029e+10
2.40469e+06,50836,8143.38,1.33275e+11,6.88636e+10,1.33642e+11,6.89759e+10
2.411e+06,51098.1,8207.17,1.33189e+11,6.90303e+10,1.33553e+11,6.91488e+10
2.41731e+06,51360.9,8271.3,1.33102e+11,6.91969e+10,1.33465e+11,6.93215e+10
2.42362e+06,51624.2,8335.75,1.33016e+11,6.93634e+10,1.33376e+11,6.9494e+10
2.42994e+06,51888.2,8400.53,1.32929e+11,6.95298e+10,1.33287e+11,6.96664e+10
2.43625e+06,52152.8,8465.65,1.32842e+11,6.96961e+10,1.33198e+11,6.98387e+10
2.44256e+06,52418.1,8531.09,1.32754e+11,6.98623e+10,1.33108e+11,7.00108e+10
2.44887e+06,52683.9,8596.87,1.32667e+11,7.00283e+10,1.33018e+11,7.01828e+10
2.45518e+06,52950.5,8662.98,1.32579e+11,7.01943e+10,1.32927e+11,7.03546e+10
2.46149e+06,53217.6,8729.43,1.32491e+11,7.03601e+10,1.32837e+11,7.05262e+10
2.4678e+06,53485.4,8796.21,1.32403e+11,7.05259e+10,1.32746e+11,7.06977e+10
2.47412e+06,53753.8,8863.32,1.32315e+11,7.06915e+10,1.32655e+11,7.08691e+10
2.48043e+06,54022.8,8930.77,1.32227e+11,7.0857e+10,1.32563e+11,7.10402e+10
2.48674e+06,54292.5,8998.56,1.32138e+11,7.10224e+10,1.32471e+11,7.12113e+10
2.49305e+06,54562.8,9066.69,1.32049e+11,7.11877e+10,1.32379e+11,7.13821e+10
2.49936e+06,54833.7,9135.16,1.3196e+11,7.13529e+10,1.32287e+11,7.15528e+10
2.50567e+06,55105.2,9203.96,1.31871e+11,7.1518e+10,1.32194e+11,7.17233e+10
2.51198e+06,55377.4,9273.11,1.31781e+11,7.1683e+10,1.32101e+11,7.18937e+10
2.5183e+06,55650.2,9342.59,1.31691e+11,7.18478e+10,1.32007e+11,7.20639e+10
2.52461e+06,55923.7,9412.42,1.31602e+11,7.20126e+10,1.31914e+11,7.22339e+10
2.53092e+06,56197.7,9482.59,1.31511e+11,7.21772e+10,1.3182e+11,7.24037e+10
2.53723e+06,56472.4,9553.1,1.31421e+11,7.23417e+10,1.31726e+11,7.25733e+10
2.54354e+06,56747.7,9623.96,1.31331e+11,7.25061e+10,1.31631e+11,7.27428e+10
2.54985e+06,57023.6,9695.17,1.3124e+11,7.26704e+10,1.31536e+11,7.29121e+10
2.55617e+06,57300.2,9766.72,1.31149e+11,7.28346e+10,1.31441e+11,7.30812e+10
2.56248e+06,57577.4,9838.61,1.31058e+11,7.29986e+10,1.31346e+11,7.32502e+10
2.56879e+06,57855.2,9910.85,1.30966e+11,7.31626e+10,1.3125e+11,7.34189e+10
2.5751e+06,58133.6,9983.44,1.30875e+11,7.33264e+10,1.31154e+11,7.35875e+10
2.58141e+06,58412.6,10056.4,1.30783e+11,7.34902e+10,1.31058e+11,7.37558e+10
2.58772e+06,58692.3,10129.7,1.30691e+11,7.36538e+10,1.30961e+11,7.3924e+10
2.59403e+06,58972.6,10203.3,1.30599e+11,7.38173e+10,1.30865e+11,7.4092e+10
2.60035e+06,59253.5,10277.3,1.30507e+11,7.39807e+10,1.30768e+11,7.42598e+10
2.60666e+06,59535.1,10351.6,1.30414e+11,7.41439e+10,1.3067e+11,7.44274e+10
2.61297e+06,59817.2,10426.3,1.30321e+11,7.43071e+10,1.30573e+11,7.45948e+10
2.61928e+06,60100,10501.4,1.30228e+11,7.44701e+10,1.30475e+11,7.4762e+10
2.62559e+06,60383.4,10576.8,1.30135e+11,7.4633e+10,1.30377e+11,7.4929e+10
2.6319e+06,60667.4,10652.6,1.30042e+11,7.47958e+10,1.30278e+11,7.50958e+10
2.63822e+06,60952,10728.7,1.29948e+11,7.49585e+10,1.30179e+11,7.52624e+10
2.64453e+06,61237.3,10805.1,1.29854e+11,7.51211e+10,1.3008e+11,7.54288e+10
2.65084e+06,61523.1,10882,1.2976e+11,7.52836e+10,1.29981e+11,7.5595e+10
2.65715e+06,61809.6,10959.2,1.29666e+11,7.54459e+10,1.29882e+11,7.5761e+10
2.66346e+06,62096.7,11036.7,1.29572e+11,7.56081e+10,1.29782e+11,7.59268e+10
2.66977e+06,62384.5,11114.6,1.29477e+11,7.57702e+10,1.29682e+11,7.60924e+10
2.67608e+06,62672.8,11192.9,1.29382e+11,7.59322e+10,1.29581e+11,7.62578e+10
2.6824e+06,62961.7,11271.5,1.29287e+11,7.60941e+10,1.29481e+11,7.64229e+10
2.68871e+06,63251.3,11350.5,1.29192e+11,7.62559e+10,1.2938e+11,7.65878e+10
2.69502e+06,63541.5,11429.8,1.29097e+11,7.64175e+10,1.29279e+11,7.67526e+10
2.70133e+06,63832.3,11509.6,1.29001e+11,7.6579e+10,1.29178e+11,7.69171e+10
2.70764e+06,64123.7,11589.6,1.28905e+11,7.67404e+10,1.29076e+11,7.70814e+10
2.71395e+06,64415.7,11670.1,1.28809e+11,7.69017e+10,1.28974e+11,7.72455e+10
2.72027e+06,64708.3,11750.9,1.28713e+11,7.70628e+10,1.28872e+11,7.74093e+10
2.72658e+06,65001.6,11832.1,1.28617e+11,7.72239e+10,1.2877e+11,7.75729e+10
2.73289e+06,65295.5,11913.6,1.2852e+11,7.73848e+10,1.28667e+11,7.77364e+10
2.7392e+06,65589.9,11995.5,1.28423e+11,7.75456e+10,1.28565e+11,7.78996e+10
2.74551e+06,65885,12077.8,1.28326e+11,7.77063e+10,1.28462e+11,7.80625e+10
2.75182e+06,66180.7,12160.5,1.28229e+11,7.78668e+10,1.28358e+11,7.82253e+10
2.75813e+06,66477,12243.5,1.28132e+11,7.80273e+10,1.28255e+11,7.83878e+10
2.76445e+06,66773.9,12326.9,1.28034e+11,7.81876e+10,1.28151e+11,7.85501e+10
2.77076e+06,67071.4,12410.6,1.27936e+11,7.83478e+10,1.28047e+11,7.87122e+10
2.77707e+06,67369.6,12494.8,1.27838e+11,7.85079e+10,1.27943e+11,7.8874e+10
2.78338e+06,67668.3,12579.3,1.2774e+11,7.86678e+10,1.27838e+11,7.90356e+10
2.78969e+06,67967.6,12664.2,1.27642e+11,7.88277e+10,1.27734e+11,7.9197e+10
2.796e+06,68267.6,12749.4,1.27543e+11,7.89874e+10,1.27629e+11,7.93582e+10
2.80231e+06,68568.1,12835.1,1.27444e+11,7.9147e+10,1.27524e+11,7.95191e+10
2.80863e+06,68869.3,12921.1,1.27345e+11,7.93064e+10,1.27418e+11,7.96798e+10
2.81494e+06,69171.1,13007.5,1.27246e+11,7.94658e+10,1.27313e+11,7.98403e+10
2.82125e+06,69473.5,13094.2,1.27147e+11,7.9625e+10,1.27207e+11,8.00005e+10
2.82756e+06,69776.4,13181.4,1.27047e+11,7.97841e+10,1.27101e+11,8.01605e+10
2.83387e+06,70080,13268.9,1.26947e+11,7.99431e+10,1.26995e+11,8.03203e+10
2.84018e+06,70384.2,13356.8,1.26847e+11,8.01019e+10,1.26888e+11,8.04798e+10
2.8465e+06,70689,13445.1,1.26747e+11,8.02606e+10,1.26782e+11,8.06391e+10
2.85281e+06,70994.4,13533.8,1.26647e+11,8.04192e+10,1.26675e+11,8.07982e+10
2.85912e+06,71300.4,13622.8,1.26546e+11,8.05777e+10,1.26568e+11,8.0957e+10
2.86543e+06,71607,13712.3,1.26445e+11,8.07361e+10,1.2646e+11,8.11156e+10
2.87174e+06,71914.2,13802.1,1.26344e+11,8.08943e+10,1.26353e+11,8.1274e+10
2.87805e+06,72222,13892.3,1.26243e+11,8.10524e+10,1.26245e+11,8.14321e+10
2.88436e+06,72530.4,13982.9,1.26142e+11,8.12104e+10,1.26137e+11,8.159e+10
2.89068e+06,72839.4,14073.9,1.2604e+11,8.13682e+10,1.26029e+11,8.17476e+10
2.89699e+06,73149,14165.2,1.25938e+11,8.1526e+10,1.25921e+11,8.1905e+10
2.9033e+06,73459.2,14257,1.25836e+11,8.16836e+10,1.25813e+11,8.20622e+10
2.90961e+06,73770,14349.1,1.25734e+11,8.1841e+10,1.25704e+11,8.22191e+10
2.91592e+06,74081.4,14441.6,1.25632e+11,8.19984e+10,1.25595e+11,8.23758e+10
2.92223e+06,74393.4,14534.6,1.25529e+11,8.21556e+10,1.25486e+11,8.25323e+10
2.92855e+06,74706,14627.9,1.25426e+11,8.23127e+10,1.25377e+11,8.26885e+10
2.93486e+06,75019.2,14721.6,1.25323e+11,8.24696e+10,1.25268e+11,8.28445e+10
2.94117e+06,75333,14815.7,1.2522e+11,8.26265e+10,1.25158e+11,8.30002e+10
2.94748e+06,75647.4,14910.1,1.25117e+11,8.27832e+10,1.25049e+11,8.31557e+10
2.95379e+06,75962.3,15005,1.25013e+11,8.29398e+10,1.24939e+11,8.3311e+10
2.9601e+06,76277.9,15100.3,1.2491e+11,8.30962e+10,1.24829e+11,8.3466e+10
2.96641e+06,76594.1,15196,1.24806e+11,8.32525e+10,1.24718e+11,8.36208e+10
2.97273e+06,76910.8,15292,1.24702e+11,8.34087e+10,1.24608e+11,8.37753e+10
2.97904e+06,77228.2,15388.5,1.24597e+11,8.35648e+10,1.24497e+11,8.39296e+10
2.98535e+06,77546.1,15485.4,1.24493e+11,8.37207e+10,1.24387e+11,8.40837e+10
2.99166e+06,77864.7,15582.6,1.24388e+11,8.38765e+10,1.24276e+11,8.42375e+10
2.99797e+06,78183.8,15680.3,1.24283e+11,8.40322e+10,1.24165e+11,8.43911e+10
3.00428e+06,78503.5,15778.3,1.24178e+11,8.41878e+10,1.24054e+11,8.45445e+10
3.0106e+06,78823.8,15876.8,1.24073e+11,8.43432e+10,1.23942e+11,8.46976e+10
3.01691e+06,79144.7,15975.7,1.23967e+11,8.44985e+10,1.23831e+11,8.48505e+10
3.02322e+06,79466.2,16074.9,1.23861e+11,8.46536e+10,1.23719e+11,8.50031e+10
3.02953e+06,79788.3,16174.6,1.23756e+11,8.48086e+10,1.23607e+11,8.51555e+10
3.03584e+06,80111,16274.7,1.23649e+11,8.49635e+10,1.23495e+11,8.53077e+10
3.04215e+06,80434.2,16375.1,1.23543e+11,8.51183e+10,1.23383e+11,8.54597e+10
3.04846e+06,80758.1,16476,1.23437e+11,8.52729e+10,1.23271e+11,8.56114e+10
3.05478e+06,81082.5,16577.3,1.2333e+11,8.54274e+10,1.23158e+11,8.57628e+10
3.06109e+06,81407.5,16679,1.23223e+11,8.55818e+10,1.23046e+11,8.59141e+10
3.0674e+06,81733.1,16781.1,1.23116e+11,8.5736e+10,1.22933e+11,8.60651e+10
3.07371e+06,82059.3,16883.6,1.23009e+11,8.58901e+10,1.2282e+11,8.62159e+10
3.08002e+06,82386.1,16986.5,1.22901e+11,8.6044e+10,1.22707e+11,8.63664e+10
3.08633e+06,82713.4,17089.8,1.22794e+11,8.61979e+10,1.22594e+11,8.65167e+10
3.09264e+06,83041.4,17193.5,1.22686e+11,8.63516e+10,1.22481e+11,8.66668e+10
3.09896e+06,83369.9,17297.7,1.22578e+11,8.65051e+10,1.22368e+11,8.68167e+10
3.10527e+06,83699,17402.2,1.2247e+11,8.66586e+10,1.22254e+11,8.69663e+10
3.11158e+06,84028.7,17507.2,1.22361e+11,8.68118e+10,1.2214e+11,8.71157e+10
3.11789e+06,84359,17612.6,1.22253e+11,8.6965e+10,1.22027e+11,8.72648e+10
3.1242e+06,84689.8,17718.4,1.22144e+11,8.7118e+10,1.21913e+11,8.74138e+10
3.13051e+06,85021.3,17824.6,1.22035e+11,8.72709e+10,1.21799e+11,8.75625e+10
3.13683e+06,85353.3,17931.2,1.21926e+11,8.74237e+10,1.21685e+11,8.7711e+10
3.14314e+06,85685.9,18038.2,1.21816e+11,8.75763e+10,1.2157e+11,8.78592e+10
3.14945e+06,86019.1,18145.7,1.21707e+11,8.77288e+10,1.21456e+11,8.80073e+10
3.15576e+06,86352.8,18253.6,1.21597e+11,8.78811e+10,1.21342e+11,8.81551e+10
3.16207e+06,86687.2,18361.9,1.21487e+11,8.80333e+10,1.21227e+11,8.83027e+10
3.16838e+06,87022.1,18470.6,1.21377e+11,8.81854e+10,1.21112e+11,8.84501e+10
3.17469e+06,87357.6,18579.7,1.21267e+11,8.83373e+10,1.20998e+11,8.85973e+10
3.18101e+06,87693.6,18689.2,1.21156e+11,8.84891e+10,1.20883e+11,8.87442e+10
3.18732e+06,88030.3,18799.2,1.21045e+11,8.86408e+10,1.20768e+11,8.88909e+10
3.19363e+06,88367.5,18909.6,1.20935e+11,8.87923e+10,1.20652e+11,8.90374e+10
3.19994e+06,88705.3,19020.4,1.20823e+11,8.89437e+10,1.20537e+11,8.91837e+10
3.20625e+06,89043.6,19131.7,1.20712e+11,8.90949e+10,1.20422e+11,8.93298e+10
3.21256e+06,89382.6,19243.3,1.20601e+11,8.9246e+10,1.20307e+11,8.94757e+10
3.21888e+06,89722.1,19355.4,1.20489e+11,8.9397e+10,1.20191e+11,8.96214e+10
3.22519e+06,90062.2,19467.9,1.20377e+11,8.95478e+10,1.20075e+11,8.97668e+10
3.2315e+06,90402.9,19580.8,1.20265e+11,8.96985e+10,1.1996e+11,8.99121e+10
3.23781e+06,90744.1,19694.2,1.20153e+11,8.98491e+10,1.19844e+11,9.00571e+10
3.24412e+06,91085.9,19808,1.20041e+11,8.99995e+10,1.19728e+11,9.02019e+10
3.25043e+06,91428.3,19922.2,1.19928e+11,9.01497e+10,1.19612e+11,9.03466e+10
3.25674e+06,91771.2,20036.9,1.19815e+11,9.02999e+10,1.19496e+11,9.0491e+10
3.26306e+06,92114.7,20151.9,1.19702e+11,9.04499e+10,1.1938e+11,9.06352e+10
3.26937e+06,92458.8,20267.4,1.19589e+11,9.05997e+10,1.19263e+11,9.07793e+10
3.27568e+06,92803.5,20383.4,1.19476e+11,9.07494e+10,1.19147e+11,9.09231e+10
3.28199e+06,93148.7,20499.8,1.19362e+11,9.0899e+10,1.19031e+11,9.10667e+10
3.2883e+06,93494.5,20616.6,1.19248e+11,9.10484e+10,1.18914e+11,9.12102e+10
3.29461e+06,93840.8,20733.8,1.19134e+11,9.11977e+10,1.18798e+11,9.13534e+10
3.30092e+06,94187.8,20851.5,1.1902e+11,9.13468e+10,1.18681e+11,9.14965e+10
3.30724e+06,94535.3,20969.6,1.18906e+11,9.14958e+10,1.18564e+11,9.16393e+10
3.31355e+06,94883.3,21088.1,1.18792e+11,9.16447e+10,1.18447e+11,9.1782e+10
3.31986e+06,95231.9,21207.1,1.18677e+11,9.17934e+10,1.1833e+11,9.19245e+10
3.32617e+06,95581.1,21326.5,1.18562e+11,9.1942e+10,1.18213e+11,9.20668e+10
3.33248e+06,95930.9,21446.3,1.18447e+11,9.20904e+10,1.18096e+11,9.22089e+10
3.33879e+06,96281.2,21566.6,1.18332e+11,9.22387e+10,1.17979e+11,9.23509e+10
3.34511e+06,96632.1,21687.3,1.18216e+11,9.23868e+10,1.17862e+11,9.24926e+10
3.35142e+06,96983.5,21808.5,1.18101e+11,9.25348e+10,1.17745e+11,9.26342e+10
3.35773e+06,97335.5,21930.1,1.17985e+11,9.26827e+10,1.17627e+11,9.27756e+10
3.36404e+06,97688.1,22052.2,1.17869e+11,9.28304e+10,1.1751e+11,9.29168e+10
3.37035e+06,98041.2,22174.6,1.17753e+11,9.29779e+10,1.17392e+11,9.30579e+10
3.37666e+06,98394.9,22297.6,1.17636e+11,9.31253e+10,1.17275e+11,9.31988e+10
3.38297e+06,98749.1,22421,1.1752e+11,9.32726e+10,1.17157e+11,9.33395e+10
3.38929e+06,99103.9,22544.8,1.17403e+11,9.34197e+10,1.17039e+11,9.348e+10
3.3956e+06,99459.3,22669,1.17286e+11,9.35667e+10,1.16921e+11,9.36204e+10
3.40191e+06,99815.2,22793.7,1.17169e+11,9.37135e+10,1.16804e+11,9.37606e+10
3.40822e+06,100172,22918.9,1.17052e+11,9.38602e+10,1.16686e+11,9.39007e+10
3.41453e+06,100529,23044.5,1.16934e+11,9.40068e+10,1.16568e+11,9.40406e+10
3.42084e+06,100886,23170.5,1.16817e+11,9.41532e+10,1.16449e+11,9.41803e+10
3.42716e+06,101244,23297,1.16699e+11,9.42994e+10,1.16331e+11,9.43199e+10
3.43347e+06,101603,23424,1.16581e+11,9.44455e+10,1.16213e+11,9.44593e+10
3.43978e+06,101962,23551.3,1.16463e+11,9.45914e+10,1.16095e+11,9.45986e+10
3.44609e+06,102322,23679.2,1.16344e+11,9.47372e+10,1.15977e+11,9.47377e+10
3.4524e+06,102683,23807.5,1.16226e+11,9.48829e+10,1.15858e+11,9.48767e+10
3.45871e+06,103043,23936.2,1.16107e+11,9.50284e+10,1.1574e+11,9.50155e+10
3.46502e+06,103405,24065.4,1.15988e+11,9.51738e+10,1.15621e+11,9.51542e+10
3.47134e+06,103767,24195.1,1.15869e+11,9.5319e+10,1.15503e+11,9.52927e+10
3.47765e+06,104129,24325.2,1.1575e+11,9.5464e+10,1.15384e+11,9.54311e+10
3.48396e+06,104493,24455.7,1.1563e+11,9.56089e+10,1.15265e+11,9.55693e+10
3.49027e+06,104856,24586.7,1.15511e+11,9.57537e+10,1.15146e+11,9.57075e+10
3.49658e+06,105220,24718.2,1.15391e+11,9.58983e+10,1.15028e+11,9.58454e+10
3.50289e+06,105585,24850.1,1.15271e+11,9.60428e+10,1.14909e+11,9.59833e+10
3.50921e+06,105951,24982.5,1.15151e+11,9.61871e+10,1.1479e+11,9.6121e+10
3.51552e+06,106316,25115.3,1.1503e+11,9.63312e+10,1.14671e+11,9.62586e+10
3.52183e+06,106683,25248.6,1.1491e+11,9.64752e+10,1.14551e+11,9.6396e+10
3.52814e+06,107050,25382.4,1.14789e+11,9.66191e+10,1.14432e+11,9.65334e+10
3.53445e+06,107417,25516.6,1.14668e+11,9.67628e+10,1.14313e+11,9.66706e+10
3.54076e+06,107785,25651.2,1.14547e+11,9.69063e+10,1.14194e+11,9.68076e+10
3.54707e+06,108154,25786.4,1.14426e+11,9.70497e+10,1.14074e+11,9.69446e+10
3.55339e+06,108523,25922,1.14304e+11,9.7193e+10,1.13955e+11,9.70814e+10
3.5597e+06,108893,26058,1.14182e+11,9.73361e+10,1.13835e+11,9.72182e+10
3.56601e+06,109263,26194.5,1.14061e+11,9.7479e+10,1.13716e+11,9.73548e+10
3.57232e+06,109634,26331.5,1.13939e+11,9.76218e+10,1.13596e+11,9.74913e+10
3.57863e+06,110005,26469,1.13816e+11,9.77644e+10,1.13476e+11,9.76276e+10
3.58494e+06,110377,26606.9,1.13694e+11,9.79069e+10,1.13357e+11,9.77639e+10
3.59125e+06,110749,26745.3,1.13571e+11,9.80492e+10,1.13237e+11,9.79001e+10
3.59757e+06,111122,26884.1,1.13449e+11,9.81914e+10,1.13117e+11,9.80361e+10
3.60388e+06,111496,27023.4,1.13326e+11,9.83334e+10,1.12997e+11,9.81721e+10
3.61019e+06,111870,27163.2,1.13203e+11,9.84753e+10,1.12877e+11,9.8308e+10
3.6165e+06,112244,27303.4,1.13079e+11,9.8617e+10,1.12757e+11,9.84437e+10
3.62281e+06,112619,27444.1,1.12956e+11,9.87586e+10,1.12636e+11,9.85794e+10
3.62912e+06,112995,27585.3,1.12832e+11,9.89e+10,1.12516e+11,9.87149e+10
3.63544e+06,113371,27727,1.12709e+11,9.90412e+10,1.12396e+11,9.88504e+10
3.64175e+06,113748,27869.1,1.12585e+11,9.91823e+10,1.12275e+11,9.89857e+10
3.64806e+06,114125,28011.7,1.1246e+11,9.93232e+10,1.12155e+11,9.9121e+10
3.65437e+06,114503,28154.8,1.12336e+11,9.9464e+10,1.12034e+11,9.92562e+10
3.66068e+06,114881,28298.3,1.12212e+11,9.96046e+10,1.11914e+11,9.93913e+10
3.66699e+06,115260,28442.3,1.12087e+11,9.97451e+10,1.11793e+11,9.95263e+10
3.6733e+06,115639,28586.8,1.11962e+11,9.98854e+10,1.11672e+11,9.96612e+10
3.67962e+06,116019,28731.8,1.11837e+11,1.00026e+11,1.11551e+11,9.9796e+10
3.68593e+06,116400,28877.2,1.11712e+11,1.00166e+11,1.1143e+11,9.99308e+10
3.69224e+06,116780,29023.2,1.11586e+11,1.00305e+11,1.11309e+11,1.00065e+11
3.69855e+06,117162,29169.5,1.11461e+11,1.00445e+11,1.11188e+11,1.002e+11
3.70486e+06,117544,29316.4,1.11335e+11,1.00585e+11,1.11067e+11,1.00335e+11
3.71117e+06,117927,29463.8,1.11209e+11,1.00724e+11,1.10945e+11,1.00469e+11
3.71749e+06,118310,29611.6,1.11083e+11,1.00863e+11,1.10824e+11,1.00603e+11
3.7238e+06,118693,29759.9,1.10957e+11,1.01002e+11,1.10702e+11,1.00738e+11
3.73011e+06,119077,29908.7,1.1083e+11,1.01141e+11,1.10581e+11,1.00872e+11
3.73642e+06,119462,30058,1.10704e+11,1.0128e+11,1.10459e+11,1.01006e+11
3.74273e+06,119847,30207.7,1.10577e+11,1.01418e+11,1.10337e+11,1.0114e+11
3.74904e+06,120233,30358,1.1045e+11,1.01557e+11,1.10215e+11,1.01274e+11
3.75535e+06,120619,30508.7,1.10323e+11,1.01695e+11,1.10093e+11,1.01408e+11
3.76167e+06,121006,30659.9,1.10196e+11,1.01833e+11,1.09971e+11,1.01542e+11
3.76798e+06,121393,30811.6,1.10068e+11,1.01971e+11,1.09849e+11,1.01676e+11
3.77429e+06,121781,30963.7,1.0994e+11,1.02109e+11,1.09727e+11,1.01809e+11
3.7806e+06,122169,31116.4,1.09813e+11,1.02246e+11,1.09604e+11,1.01943e+11
3.78691e+06,122558,31269.5,1.09685e+11,1.02384e+11,1.09482e+11,1.02077e+11
3.79322e+06,122948,31423.2,1.09556e+11,1.02521e+11,1.09359e+11,1.0221e+11
3.79954e+06,123337,31577.3,1.09428e+11,1.02658e+11,1.09236e+11,1.02344e+11
3.80585e+06,123728,31731.9,1.093e+11,1.02795e+11,1.09113e+11,1.02477e+11
3.81216e+06,124119,31887,1.09171e+11,1.02932e+11,1.0899e+11,1.0261e+11
3.81847e+06,124510,32042.6,1.09042e+11,1.03069e+11,1.08867e+11,1.02744e+11
3.82478e+06,124902,32198.6,1.08913e+11,1.03205e+11,1.08744e+11,1.02877e+11
3.83109e+06,125295,32355.2,1.08784e+11,1.03341e+11,1.08621e+11,1.0301e+11
3.8374e+06,125688,32512.3,1.08654e+11,1.03478e+11,1.08497e+11,1.03143e+11
3.84372e+06,126081,32669.8,1.08525e+11,1.03614e+11,1.08374e+11,1.03276e+11
3.85003e+06,126475,32827.9,1.08395e+11,1.03749e+11,1.0825e+11,1.03409e+11
3.85634e+06,126870,32986.4,1.08265e+11,1.03885e+11,1.08126e+11,1.03542e+11
3.86265e+06,127265,33145.4,1.08135e+11,1.0402e+11,1.08002e+11,1.03675e+11
3.86896e+06,127661,33304.9,1.08005e+11,1.04156e+11,1.07878e+11,1.03808e+11
3.87527e+06,128057,33465,1.07875e+11,1.04291e+11,1.07754e+11,1.0394e+11
3.88158e+06,128453,33625.5,1.07744e+11,1.04426e+11,1.0763e+11,1.04073e+11
3.8879e+06,128850,33786.5,1.07613e+11,1.04561e+11,1.07505e+11,1.04206e+11
3.89421e+06,129248,33948,1.07482e+11,1.04695e+11,1.07381e+11,1.04338e+11
3.90052e+06,129646,34110,1.07351e+11,1.0483e+11,1.07256e+11,1.04471e+11
3.90683e+06,130045,34272.5,1.0722e+11,1.04964e+11,1.07131e+11,1.04604e+11
3.91314e+06,130444,34435.5,1.07089e+11,1.05098e+11,1.07006e+11,1.04736e+11
3.91945e+06,130844,34599,1.06957e+11,1.05232e+11,1.06881e+11,1.04868e+11
3.92577e+06,131244,34763,1.06825e+11,1.05366e+11,1.06756e+11,1.05001e+11
3.93208e+06,131645,34927.5,1.06693e+11,1.055e+11,1.0663e+11,1.05133e+11
3.93839e+06,132046,35092.5,1.06561e+11,1.05633e+11,1.06505e+11,1.05265e+11
3.9447e+06,132447,35258,1.06429e+11,1.05767e+11,1.06379e+11,1.05397e+11
3.95101e+06,132850,35424,1.06297e+11,1.059e+11,1.06253e+11,1.0553e+11
3.95732e+06,133252,35590.6,1.06164e+11,1.06033e+11,1.06127e+11,1.05662e+11
3.96363e+06,133656,35757.6,1.06031e+11,1.06166e+11,1.06001e+11,1.05794e+11
3.96995e+06,134059,35925.1,1.05898e+11,1.06299e+11,1.05874e+11,1.05926e+11
3.97626e+06,134464,36093.1,1.05765e+11,1.06431e+11,1.05748e+11,1.06058e+11
3.98257e+06,134868,36261.7,1.05632e+11,1.06563e+11,1.05621e+11,1.06189e+11
3.98888e+06,135274,36430.7,1.05499e+11,1.06696e+11,1.05494e+11,1.06321e+11
3.99519e+06,135679,36600.3,1.05365e+11,1.06828e+11,1.05367e+11,1.06453e+11
4.0015e+06,136086,36770.3,1.05231e+11,1.06959e+11,1.0524e+11,1.06585e+11
4.00782e+06,136492,36940.9,1.05097e+11,1.07091e+11,1.05113e+11,1.06716e+11
4.01413e+06,136900,37112,1.04963e+11,1.07223e+11,1.04985e+11,1.06848e+11
4.02044e+06,137307,37283.5,1.04829e+11,1.07354e+11,1.04858e+11,1.0698e+11
4.02675e+06,137716,37455.6,1.04695e+11,1.07485e+11,1.0473e+11,1.07111e+11
4.03306e+06,138124,37628.2,1.0456e+11,1.07616e+11,1.04602e+11,1.07242e+11
4.03937e+06,138534,37801.4,1.04426e+11,1.07747e+11,1.04473e+11,1.07374e+11
4.04568e+06,138943,37975,1.04291e+11,1.07877e+11,1.04345e+11,1.07505e+11
4.052e+06,139353,38149.1,1.04156e+11,1.08008e+11,1.04217e+11,1.07636e+11
4.05831e+06,139764,38323.8,1.0402e+11,1.08138e+11,1.04088e+11,1.07768e+11
4.06462e+06,140175,38499,1.03885e+11,1.08268e+11,1.03959e+11,1.07899e+11
4.07093e+06,140587,38674.7,1.03749e+11,1.08398e+11,1.0383e+11,1.0803e+11
4.07724e+06,140999,38850.9,1.03614e+11,1.08528e+11,1.037e+11,1.08161e+11
4.08355e+06,141412,39027.6,1.03478e+11,1.08658e+11,1.03571e+11,1.08292e+11
4.08986e+06,141825,39204.8,1.03342e+11,1.08787e+11,1.03441e+11,1.08423e+11
4.09618e+06,142239,39382.6,1.03206e+11,1.08916e+11,1.03311e+11,1.08553e+11
4.10249e+06,142653,39560.8,1.03069e+11,1.09046e+11,1.03181e+11,1.08684e+11
4.1088e+06,143068,39739.6,1.02933e+11,1.09175e+11,1.03051e+11,1.08815e+11
4.11511e+06,143483,39918.9,1.02796e+11,1.09303e+11,1.02921e+11,1.08946e+11
4.12142e+06,143899,40098.8,1.02659e+11,1.09432e+11,1.0279e+11,1.09076e+11
4.12773e+06,144315,40279.1,1.02522e+11,1.0956e+11,1.02659e+11,1.09207e+11
4.13405e+06,144731,40460,1.02385e+11,1.09689e+11,1.02528e+11,1.09337e+11
4.14036e+06,145148,40641.4,1.02248e+11,1.09817e+11,1.02397e+11,1.09467e+11
4.14667e+06,145566,40823.3,1.02111e+11,1.09945e+11,1.02265e+11,1.09598e+11
4.15298e+06,145984,41005.7,1.01973e+11,1.10072e+11,1.02134e+11,1.09728e+11
4.15929e+06,146403,41188.7,1.01835e+11,1.102e+11,1.02002e+11,1.09858e+11
4.1656e+06,146822,41372.1,1.01697e+11,1.10327e+11,1.0187e+11,1.09988e+11
4.17191e+06,147241,41556.1,1.01559e+11,1.10454e+11,1.01737e+11,1.10118e+11
4.17823e+06,147661,41740.7,1.01421e+11,1.10581e+11,1.01605e+11,1.10248e+11
4.18454e+06,148082,41925.7,1.01282e+11,1.10708e+11,1.01472e+11,1.10378e+11
4.19085e+06,148503,42111.3,1.01144e+11,1.10835e+11,1.01339e+11,1.10508e+11
4.19716e+06,148924,42297.4,1.01005e+11,1.10961e+11,1.01206e+11,1.10637e+11
4.20347e+06,149346,42484.1,1.00866e+11,1.11088e+11,1.01073e+11,1.10767e+11
4.20978e+06,149768,42671.2,1.00727e+11,1.11214e+11,1.00939e+11,1.10897e+11
4.2161e+06,150191,42858.9,1.00588e+11,1.1134e+11,1.00805e+11,1.11026e+11
4.22241e+06,150615,43047.2,1.00449e+11,1.11466e+11,1.00671e+11,1.11155e+11
4.22872e+06,151039,43235.9,1.00309e+11,1.11591e+11,1.00537e+11,1.11285e+11
4.23503e+06,151463,43425.2,1.00169e+11,1.11717e+11,1.00402e+11,1.11414e+11
4.24134e+06,151888,43615,1.0003e+11,1.11842e+11,1.00268e+11,1.11543e+11
4.24765e+06,152313,43805.4,9.98896e+10,1.11967e+11,1.00133e+11,1.11672e+11
4.25396e+06,152739,43996.2,9.97495e+10,1.12092e+11,9.99977e+10,1.11801e+11
4.26028e+06,153165,44187.7,9.96092e+10,1.12217e+11,9.98624e+10,1.1193e+11
4.26659e+06,153592,44379.6,9.94687e+10,1.12341e+11,9.97268e+10,1.12058e+11
4.2729e+06,154019,44572.1,9.93281e+10,1.12466e+11,9.9591e+10,1.12187e+11
4.27921e+06,154446,44765.1,9.91874e+10,1.1259e+11,9.94549e+10,1.12316e+11
4.28552e+06,154875,44958.7,9.90465e+10,1.12714e+11,9.93186e+10,1.12444e+11
4.29183e+06,155303,45152.7,9.89054e+10,1.12838e+11,9.91821e+10,1.12572e+11
4.29815e+06,155732,45347.4,9.87642e+10,1.12962e+11,9.90454e+10,1.12701e+11
4.30446e+06,156162,45542.5,9.86228e+10,1.13085e+11,9.89084e+10,1.12829e+11
4.31077e+06,156592,45738.2,9.84813e+10,1.13209e+11,9.87712e+10,1.12957e+11
4.31708e+06,157022,45934.5,9.83396e+10,1.13332e+11,9.86337e+10,1.13085e+11
4.32339e+06,157453,46131.2,9.81978e+10,1.13455e+11,9.8496e+10,1.13212e+11
4.3297e+06,157885,46328.6,9.80558e+10,1.13578e+11,9.83581e+10,1.1334e+11
4.33601e+06,158316,46526.4,9.79137e+10,1.137e+11,9.82199e+10,1.13468e+11
4.34233e+06,158749,46724.8,9.77714e+10,1.13823e+11,9.80815e+10,1.13595e+11
4.34864e+06,159182,46923.7,9.76289e+10,1.13945e+11,9.79429e+10,1.13723e+11
4.35495e+06,159615,47123.2,9.74863e+10,1.14067e+11,9.7804e+10,1.1385e+11
4.36126e+06,160049,47323.2,9.73436e+10,1.14189e+11,9.76649e+10,1.13977e+11
4.36757e+06,160483,47523.8,9.72007e+10,1.14311e+11,9.75255e+10,1.14104e+11
4.37388e+06,160917,47724.9,9.70577e+10,1.14432e+11,9.73859e+10,1.14231e+11
4.38019e+06,161352,47926.6,9.69145e+10,1.14553e+11,9.7246e+10,1.14358e+11
4.38651e+06,161788,48128.8,9.67711e+10,1.14675e+11,9.71059e+10,1.14484e+11
4.39282e+06,162224,48331.5,9.66276e+10,1.14796e+11,9.69656e+10,1.14611e+11
4.39913e+06,162661,48534.8,9.6484e+10,1.14917e+11,9.6825e+10,1.14737e+11
4.40544e+06,163098,48738.6,9.63402e+10,1.15037e+11,9.66842e+10,1.14864e+11
4.41175e+06,163535,48943,9.61962e+10,1.15158e+11,9.65431e+10,1.1499e+11
4.41806e+06,163973,49147.9,9.60521e+10,1.15278e+11,9.64018e+10,1.15116e+11
4.42438e+06,164411,49353.4,9.59079e+10,1.15398e+11,9.62602e+10,1.15242e+11
4.43069e+06,164850,49559.4,9.57635e+10,1.15518e+11,9.61184e+10,1.15367e+11
4.437e+06,165289,49766,9.5619e+10,1.15638e+11,9.59763e+10,1.15493e+11
4.44331e+06,165729,49973.1,9.54743e+10,1.15757e+11,9.5834e+10,1.15618e+11
4.44962e+06,166169,50180.8,9.53294e+10,1.15877e+11,9.56914e+10,1.15744e+11
4.45593e+06,166610,50389,9.51845e+10,1.15996e+11,9.55486e+10,1.15869e+11
4.46224e+06,167051,50597.8,9.50393e+10,1.16115e+11,9.54055e+10,1.15994e+11
4.46856e+06,167492,50807.1,9.4894e+10,1.16234e+11,9.52622e+10,1.16119e+11
4.47487e+06,167934,51017,9.47486e+10,1.16352e+11,9.51186e+10,1.16243e+11
4.48118e+06,168376,51227.5,9.4603e+10,1.16471e+11,9.49748e+10,1.16368e+11
4.48749e+06,168819,51438.4,9.44573e+10,1.16589e+11,9.48307e+10,1.16492e+11
4.4938e+06,169263,51650,9.43114e+10,1.16707e+11,9.46864e+10,1.16617e+11
4.50011e+06,169706,51862.1,9.41654e+10,1.16825e+11,9.45418e+10,1.16741e+11
4.50643e+06,170151,52074.7,9.40193e+10,1.16943e+11,9.4397e+10,1.16865e+11
4.51274e+06,170595,52287.9,9.3873e+10,1.1706e+11,9.42519e+10,1.16989e+11
4.51905e+06,171040,52501.7,9.37265e+10,1.17178e+11,9.41066e+10,1.17112e+11
4.52536e+06,171486,52716,9.35799e+10,1.17295e+11,9.3961e+10,1.17236e+11
4.53167e+06,171932,52930.9,9.34332e+10,1.17412e+11,9.38152e+10,1.17359e+11
4.53798e+06,172378,53146.4,9.32863e+10,1.17529e+11,9.36691e+10,1.17482e+11
4.54429e+06,172825,53362.4,9.31393e+10,1.17645e+11,9.35228e+10,1.17605e+11
4.55061e+06,173272,53578.9,9.29921e+10,1.17762e+11,9.33762e+10,1.17728e+11
4.55692e+06,173720,53796,9.28448e+10,1.17878e+11,9.32294e+10,1.1785e+11
4.56323e+06,174168,54013.7,9.26973e+10,1.17994e+11,9.30823e+10,1.17973e+11
4.56954e+06,174617,54231.9,9.25497e+10,1.1811e+11,9.29349e+10,1.18095e+11
4.57585e+06,175066,54450.7,9.24019e+10,1.18226e+11,9.27873e+10,1.18217e+11
4.58216e+06,175516,54670.1,9.2254e+10,1.18341e+11,9.26395e+10,1.18339e+11
4.58848e+06,175966,54890,9.2106e+10,1.18457e+11,9.24914e+10,1.18461e+11
4.59479e+06,176416,55110.5,9.19578e+10,1.18572e+11,9.23431e+10,1.18582e+11
4.6011e+06,176867,55331.6,9.18095e+10,1.18687e+11,9.21945e+10,1.18704e+11
4.60741e+06,177318,55553.2,9.1661e+10,1.18802e+11,9.20456e+10,1.18825e+11
4.61372e+06,177770,55775.4,9.15124e+10,1.18916e+11,9.18965e+10,1.18946e+11
4.62003e+06,178222,55998.1,9.13637e+10,1.19031e+11,9.17472e+10,1.19067e+11
4.62634e+06,178674,56221.4,9.12148e+10,1.19145e+11,9.15976e+10,1.19187e+11
4.63266e+06,179127,56445.3,9.10658e+10,1.19259e+11,9.14477e+10,1.19307e+11
4.63897e+06,179581,56669.7,9.09166e+10,1.19373e+11,9.12976e+10,1.19428e+11
4.64528e+06,180035,56894.7,9.07673e+10,1.19487e+11,9.11473e+10,1.19548e+11
4.65159e+06,180489,57120.3,9.06178e+10,1.196e+11,9.09967e+10,1.19667e+11
4.6579e+06,180944,57346.5,9.04682e+10,1.19713e+11,9.08459e+10,1.19787e+11
4.66421e+06,181399,57573.2,9.03185e+10,1.19826e+11,9.06948e+10,1.19906e+11
4.67052e+06,181855,57800.5,9.01686e+10,1.19939e+11,9.05435e+10,1.20025e+11
4.67684e+06,182311,58028.3,9.00186e+10,1.20052e+11,9.03919e+10,1.20144e+11
4.68315e+06,182767,58256.8,8.98684e+10,1.20165e+11,9.02401e+10,1.20263e+11
4.68946e+06,183224,58485.8,8.97181e+10,1.20277e+11,9.0088e+10,1.20382e+11
4.69577e+06,183681,58715.3,8.95677e+10,1.20389e+11,8.99357e+10,1.205e+11
4.70208e+06,184139,58945.5,8.94171e+10,1.20501e+11,8.97832e+10,1.20618e+11
4.70839e+06,184597,59176.2,8.92664e+10,1.20613e+11,8.96304e+10,1.20736e+11
4.71471e+06,185056,59407.5,8.91156e+10,1.20725e+11,8.94773e+10,1.20854e+11
4.72102e+06,185515,59639.3,8.89646e+10,1.20836e+11,8.93241e+10,1.20971e+11
4.72733e+06,185974,59871.8,8.88135e+10,1.20947e+11,8.91706e+10,1.21088e+11
4.73364e+06,186434,60104.8,8.86622e+10,1.21058e+11,8.90168e+10,1.21205e+11
4.73995e+06,186894,60338.4,8.85108e+10,1.21169e+11,8.88628e+10,1.21322e+11
4.74626e+06,187355,60572.6,8.83593e+10,1.2128e+11,8.87086e+10,1.21438e+11
4.75257e+06,187816,60807.3,8.82076e+10,1.2139e+11,8.85541e+10,1.21555e+11
4.75889e+06,188278,61042.6,8.80558e+10,1.21501e+11,8.83994e+10,1.21671e+11
4.7652e+06,188739,61278.5,8.79038e+10,1.21611e+11,8.82445e+10,1.21786e+11
4.77151e+06,189202,61515,8.77518e+10,1.21721e+11,8.80893e+10,1.21902e+11
4.77782e+06,189665,61752,8.75995e+10,1.2183e+11,8.79339e+10,1.22017e+11
4.78413e+06,190128,61989.7,8.74472e+10,1.2194e+11,8.77783e+10,1.22132e+11
4.79044e+06,190591,62227.9,8.72947e+10,1.22049e+11,8.76225e+10,1.22247e+11
4.79676e+06,191055,62466.7,8.71421e+10,1.22158e+11,8.74664e+10,1.22362e+11
4.80307e+06,191520,62706,8.69893e+10,1.22267e+11,8.73101e+10,1.22476e+11
4.80938e+06,191985,62946,8.68364e+10,1.22376e+11,8.71535e+10,1.2259e+11
4.81569e+06,192450,63186.5,8.66834e+10,1.22485e+11,8.69968e+10,1.22704e+11
4.822e+06,192916,63427.7,8.65302e+10,1.22593e+11,8.68398e+10,1.22818e+11
4.82831e+06,193382,63669.4,8.63769e+10,1.22701e+11,8.66826e+10,1.22931e+11
4.83462e+06,193848,63911.6,8.62235e+10,1.22809e+11,8.65251e+10,1.23044e+11
4.84094e+06,194315,64154.5,8.60699e+10,1.22917e+11,8.63675e+10,1.23157e+11
4.84725e+06,194783,64398,8.59162e+10,1.23025e+11,8.62096e+10,1.23269e+11
4.85356e+06,195250,64642,8.57624e+10,1.23132e+11,8.60515e+10,1.23382e+11
4.85987e+06,195718,64886.6,8.56084e+10,1.23239e+11,8.58932e+10,1.23494e+11
4.86618e+06,196187,65131.8,8.54543e+10,1.23346e+11,8.57347e+10,1.23605e+11
4.87249e+06,196656,65377.6,8.53001e+10,1.23453e+11,8.5576e+10,1.23717e+11
4.8788e+06,197125,65624,8.51457e+10,1.2356e+11,8.5417e+10,1.23828e+11
4.88512e+06,197595,65871,8.49912e+10,1.23666e+11,8.52579e+10,1.23939e+11
4.89143e+06,198065,66118.5,8.48366e+10,1.23773e+11,8.50985e+10,1.2405e+11
4.89774e+06,198536,66366.7,8.46818e+10,1.23879e+11,8.4939e+10,1.2416e+11
4.90405e+06,199007,66615.4,8.45269e+10,1.23985e+11,8.47792e+10,1.2427e+11
4.91036e+06,199478,66864.7,8.43719e+10,1.2409e+11,8.46192e+10,1.2438e+11
4.91667e+06,199950,67114.6,8.42167e+10,1.24196e+11,8.4459e+10,1.2449e+11
4.92299e+06,200422,67365.1,8.40614e+10,1.24301e+11,8.42986e+10,1.24599e+11
4.9293e+06,200895,67616.2,8.3906e+10,1.24406e+11,8.41381e+10,1.24708e+11
4.93561e+06,201368,67867.9,8.37505e+10,1.24511e+11,8.39773e+10,1.24817e+11
4.94192e+06,201841,68120.2,8.35948e+10,1.24616e+11,8.38163e+10,1.24925e+11
4.94823e+06,202315,68373.1,8.3439e+10,1.2472e+11,8.36551e+10,1.25034e+11
4.95454e+06,202789,68626.5,8.3283e+10,1.24825e+11,8.34938e+10,1.25142e+11
4.96085e+06,203263,68880.6,8.3127e+10,1.24929e+11,8.33322e+10,1.25249e+11
4.96717e+06,203738,69135.2,8.29708e+10,1.25033e+11,8.31705e+10,1.25357e+11
4.97348e+06,204214,69390.5,8.28145e+10,1.25137e+11,8.30086e+10,1.25464e+11
4.97979e+06,204690,69646.3,8.2658e+10,1.2524e+11,8.28465e+10,1.2557e+11
4.9861e+06,205166,69902.8,8.25014e+10,1.25344e+11,8.26842e+10,1.25677e+11
4.99241e+06,205642,70159.8,8.23447e+10,1.25447e+11,8.25217e+10,1.25783e+11
4.99872e+06,206119,70417.4,8.21879e+10,1.2555e+11,8.2359e+10,1.25889e+11
5.00504e+06,206596,70675.6,8.20309e+10,1.25653e+11,8.21962e+10,1.25994e+11
5.01135e+06,207074,70934.5,8.18738e+10,1.25755e+11,8.20332e+10,1.261e+11
5.01766e+06,207552,71193.9,8.17166e+10,1.25858e+11,8.187e+10,1.26205e+11
5.02397e+06,208031,71453.9,8.15592e+10,1.2596e+11,8.17067e+10,1.26309e+11
5.03028e+06,208510,71714.5,8.14017e+10,1.26062e+11,8.15432e+10,1.26414e+11
5.03659e+06,208989,71975.7,8.12441e+10,1.26164e+11,8.13795e+10,1.26518e+11
5.0429e+06,209468,72237.5,8.10864e+10,1.26265e+11,8.12156e+10,1.26622e+11
5.04922e+06,209949,72500,8.09286e+10,1.26367e+11,8.10516e+10,1.26725e+11
5.05553e+06,210429,72763,8.07706e+10,1.26468e+11,8.08874e+10,1.26829e+11
5.06184e+06,210910,73026.6,8.06125e+10,1.26569e+11,8.07231e+10,1.26931e+11
5.06815e+06,211391,73290.8,8.04542e+10,1.2667e+11,8.05586e+10,1.27034e+11
5.07446e+06,211872,73555.6,8.02959e+10,1.2677e+11,8.03939e+10,1.27136e+11
5.08077e+06,212354,73821.1,8.01374e+10,1.26871e+11,8.02291e+10,1.27238e+11
5.08709e+06,212837,74087.1,7.99788e+10,1.26971e+11,8.00642e+10,1.2734e+11
5.0934e+06,213319,74353.7,7.982e+10,1.27071e+11,7.98991e+10,1.27441e+11
5.09971e+06,213803,74620.9,7.96612e+10,1.27171e+11,7.97338e+10,1.27542e+11
5.10602e+06,214286,74888.8,7.95022e+10,1.27271e+11,7.95684e+10,1.27643e+11
5.11233e+06,214770,75157.2,7.93431e+10,1.2737e+11,7.94029e+10,1.27744e+11
5.11864e+06,215254,75426.3,7.91838e+10,1.27469e+11,7.92372e+10,1.27844e+11
5.12495e+06,215739,75695.9,7.90245e+10,1.27568e+11,7.90714e+10,1.27944e+11
5.13127e+06,216224,75966.2,7.8865e+10,1.27667e+11,7.89054e+10,1.28043e+11
5.13758e+06,216709,76237.1,7.87054e+10,1.27766e+11,7.87393e+10,1.28142e+11
5.14389e+06,217195,76508.5,7.85457e+10,1.27864e+11,7.85731e+10,1.28241e+11
5.1502e+06,217681,76780.6,7.83858e+10,1.27962e+11,7.84067e+10,1.2834e+11
5.15651e+06,218167,77053.3,7.82259e+10,1.28061e+11,7.82403e+10,1.28438e+11
5.16282e+06,218654,77326.6,7.80658e+10,1.28158e+11,7.80737e+10,1.28536e+11
5.16913e+06,219141,77600.5,7.79056e+10,1.28256e+11,7.79069e+10,1.28634e+11
5.17545e+06,219629,77875,7.77452e+10,1.28354e+11,7.77401e+10,1.28731e+11
5.18176e+06,220117,78150.2,7.75848e+10,1.28451e+11,7.75731e+10,1.28828e+11
5.18807e+06,220605,78425.9,7.74242e+10,1.28548e+11,7.7406e+10,1.28925e+11
5.19438e+06,221094,78702.2,7.72635e+10,1.28645e+11,7.72388e+10,1.29022e+11
5.20069e+06,221583,78979.2,7.71027e+10,1.28741e+11,7.70715e+10,1.29118e+11
5.207e+06,222072,79256.8,7.69417e+10,1.28838e+11,7.69041e+10,1.29214e+11
5.21332e+06,222562,79535,7.67807e+10,1.28934e+11,7.67365e+10,1.29309e+11
5.21963e+06,223052,79813.8,7.66195e+10,1.2903e+11,7.65689e+10,1.29404e+11
5.22594e+06,223543,80093.2,7.64582e+10,1.29126e+11,7.64011e+10,1.29499e+11
5.23225e+06,224034,80373.2,7.62967e+10,1.29222e+11,7.62333e+10,1.29594e+11
5.23856e+06,224525,80653.8,7.61352e+10,1.29317e+11,7.60653e+10,1.29688e+11
5.24487e+06,225016,80935.1,7.59735e+10,1.29412e+11,7.58973e+10,1.29782e+11
5.25118e+06,225508,81217,7.58118e+10,1.29507e+11,7.57292e+10,1.29876e+11
5.2575e+06,226001,81499.5,7.56499e+10,1.29602e+11,7.55609e+10,1.29969e+11
5.26381e+06,226493,81782.6,7.54878e+10,1.29697e+11,7.53926e+10,1.30062e+11
5.27012e+06,226986,82066.3,7.53257e+10,1.29791e+11,7.52242e+10,1.30155e+11
5.27643e+06,227480,82350.6,7.51634e+10,1.29886e+11,7.50557e+10,1.30247e+11
5.28274e+06,227974,82635.6,7.50011e+10,1.2998e+11,7.48871e+10,1.30339e+11
5.28905e+06,228468,82921.1,7.48386e+10,1.30074e+11,7.47184e+10,1.30431e+11
5.29537e+06,228962,83207.3,7.4676e+10,1.30167e+11,7.45497e+10,1.30522e+11
5.30168e+06,229457,83494.1,7.45132e+10,1.30261e+11,7.43808e+10,1.30613e+11
5.30799e+06,229952,83781.5,7.43504e+10,1.30354e+11,7.42119e+10,1.30704e+11
5.3143e+06,230448,84069.6,7.41874e+10,1.30447e+11,7.4043e+10,1.30795e+11
5.32061e+06,230943,84358.3,7.40244e+10,1.3054e+11,7.38739e+10,1.30885e+11
5.32692e+06,231440,84647.5,7.38612e+10,1.30632e+11,7.37048e+10,1.30975e+11
5.33323e+06,231936,84937.5,7.36979e+10,1.30725e+11,7.35356e+10,1.31065e+11
5.33955e+06,232433,85228,7.35344e+10,1.30817e+11,7.33663e+10,1.31154e+11
5.34586e+06,232931,85519.1,7.33709e+10,1.30909e+11,7.3197e+10,1.31243e+11
5.35217e+06,233428,85810.9,7.32073e+10,1.31001e+11,7.30276e+10,1.31332e+11
5.35848e+06,233926,86103.3,7.30435e+10,1.31093e+11,7.28582e+10,1.3142e+11
5.36479e+06,234424,86396.3,7.28796e+10,1.31184e+11,7.26887e+10,1.31508e+11
5.3711e+06,234923,86690,7.27156e+10,1.31275e+11,7.25191e+10,1.31596e+11
5.37742e+06,235422,86984.2,7.25515e+10,1.31366e+11,7.23495e+10,1.31683e+11
5.38373e+06,235922,87279.1,7.23873e+10,1.31457e+11,7.21799e+10,1.31771e+11
5.39004e+06,236421,87574.6,7.22229e+10,1.31548e+11,7.20101e+10,1.31858e+11
5.39635e+06,236921,87870.8,7.20585e+10,1.31638e+11,7.18404e+10,1.31944e+11
5.40266e+06,237422,88167.5,7.18939e+10,1.31728e+11,7.16706e+10,1.3203e+11
5.40897e+06,237922,88464.9,7.17292e+10,1.31818e+11,7.15007e+10,1.32117e+11
5.41528e+06,238423,88762.9,7.15644e+10,1.31908e+11,7.13308e+10,1.32202e+11
5.4216e+06,238925,89061.6,7.13995e+10,1.31998e+11,7.11609e+10,1.32288e+11
5.42791e+06,239427,89360.9,7.12345e+10,1.32087e+11,7.09909e+10,1.32373e+11
5.43422e+06,239929,89660.7,7.10693e+10,1.32176e+11,7.08209e+10,1.32458e+11
5.44053e+06,240431,89961.3,7.09041e+10,1.32265e+11,7.06508e+10,1.32542e+11
5.44684e+06,240934,90262.4,7.07387e+10,1.32354e+11,7.04807e+10,1.32626e+11
5.45315e+06,241437,90564.2,7.05733e+10,1.32442e+11,7.03106e+10,1.3271e+11
5.45946e+06,241940,90866.6,7.04077e+10,1.32531e+11,7.01405e+10,1.32794e+11
5.46578e+06,242444,91169.7,7.0242e+10,1.32619e+11,6.99703e+10,1.32877e+11
5.47209e+06,242948,91473.4,7.00762e+10,1.32707e+11,6.98001e+10,1.32961e+11
5.4784e+06,243453,91777.7,6.99103e+10,1.32794e+11,6.96298e+10,1.33043e+11
5.48471e+06,243958,92082.6,6.97443e+10,1.32882e+11,6.94596e+10,1.33126e+11
5.49102e+06,244463,92388.2,6.95781e+10,1.32969e+11,6.92893e+10,1.33208e+11
5.49733e+06,244968,92694.4,6.94119e+10,1.33056e+11,6.9119e+10,1.3329e+11
5.50365e+06,245474,93001.2,6.92455e+10,1.33143e+11,6.89487e+10,1.33372e+11
5.50996e+06,245980,93308.7,6.90791e+10,1.3323e+11,6.87783e+10,1.33453e+11
5.51627e+06,246486,93616.8,6.89125e+10,1.33316e+11,6.8608e+10,1.33534e+11
5.52258e+06,246993,93925.5,6.87458e+10,1.33403e+11,6.84376e+10,1.33615e+11
5.52889e+06,247500,94234.9,6.8579e+10,1.33489e+11,6.82672e+10,1.33696e+11
5.5352e+06,248008,94544.9,6.84121e+10,1.33575e+11,6.80968e+10,1.33776e+11
5.54151e+06,248515,94855.5,6.82451e+10,1.3366e+11,6.79264e+10,1.33856e+11
5.54783e+06,249023,95166.8,6.8078e+10,1.33746e+11,6.7756e+10,1.33936e+11
5.55414e+06,249532,95478.7,6.79108e+10,1.33831e+11,6.75856e+10,1.34016e+11
5.56045e+06,250041,95791.2,6.77435e+10,1.33916e+11,6.74152e+10,1.34095e+11
5.56676e+06,250550,96104.4,6.7576e+10,1.34001e+11,6.72447e+10,1.34174e+11
5.57307e+06,251059,96418.2,6.74085e+10,1.34085e+11,6.70743e+10,1.34253e+11
5.57938e+06,251569,96732.7,6.72408e+10,1.3417e+11,6.69038e+10,1.34331e+11
5.5857e+06,252079,97047.7,6.70731e+10,1.34254e+11,6.67334e+10,1.34409e+11
5.59201e+06,252589,97363.5,6.69052e+10,1.34338e+11,6.65629e+10,1.34487e+11
5.59832e+06,253099,97679.8,6.67373e+10,1.34422e+11,6.63925e+10,1.34565e+11
5.60463e+06,253610,97996.8,6.65692e+10,1.34505e+11,6.6222e+10,1.34642e+11
5.61094e+06,254122,98314.5,6.6401e+10,1.34589e+11,6.60516e+10,1.3472e+11
5.61725e+06,254633,98632.8,6.62327e+10,1.34672e+11,6.58811e+10,1.34797e+11
5.62356e+06,255145,98951.7,6.60643e+10,1.34755e+11,6.57107e+10,1.34873e+11
5.62988e+06,255657,99271.3,6.58958e+10,1.34837e+11,6.55403e+10,1.3495e+11
5.63619e+06,256170,99591.5,6.57273e+10,1.3492e+11,6.53698e+10,1.35026e+11
5.6425e+06,256683,99912.3,6.55586e+10,1.35002e+11,6.51994e+10,1.35102e+11
5.64881e+06,257196,100234,6.53897e+10,1.35084e+11,6.5029e+10,1.35178e+11
5.65512e+06,257709,100556,6.52208e+10,1.35166e+11,6.48586e+10,1.35253e+11
5.66143e+06,258223,100879,6.50518e+10,1.35248e+11,6.46882e+10,1.35328e+11
5.66774e+06,258737,101202,6.48827e+10,1.35329e+11,6.45178e+10,1.35403e+11
5.67406e+06,259251,101526,6.47135e+10,1.35411e+11,6.43475e+10,1.35478e+11
5.68037e+06,259766,101851,6.45442e+10,1.35492e+11,6.41771e+10,1.35553e+11
5.68668e+06,260281,102176,6.43748e+10,1.35572e+11,6.40068e+10,1.35627e+11
5.69299e+06,260796,102502,6.42052e+10,1.35653e+11,6.38364e+10,1.35701e+11
5.6993e+06,261312,102829,6.40356e+10,1.35733e+11,6.36661e+10,1.35775e+11
5.70561e+06,261828,103156,6.38659e+10,1.35814e+11,6.34958e+10,1.35848e+11
5.71193e+06,262344,103484,6.3696e+10,1.35894e+11,6.33255e+10,1.35922e+11
5.71824e+06,262861,103813,6.35261e+10,1.35973e+11,6.31552e+10,1.35995e+11
5.72455e+06,263377,104142,6.33561e+10,1.36053e+11,6.2985e+10,1.36068e+11
5.73086e+06,263894,104472,6.31859e+10,1.36132e+11,6.28147e+10,1.36141e+11
5.73717e+06,264412,104802,6.30157e+10,1.36211e+11,6.26445e+10,1.36213e+11
5.74348e+06,264930,105133,6.28454e+10,1.3629e+11,6.24743e+10,1.36285e+11
5.74979e+06,265448,105465,6.2675e+10,1.36369e+11,6.23041e+10,1.36358e+11
5.75611e+06,265966,105798,6.25044e+10,1.36447e+11,6.21339e+10,1.36429e+11
5.76242e+06,266484,106131,6.23338e+10,1.36526e+11,6.19638e+10,1.36501e+11
5.76873e+06,267003,106464,6.21631e+10,1.36604e+11,6.17936e+10,1.36573e+11
5.77504e+06,267523,106799,6.19922e+10,1.36682e+11,6.16235e+10,1.36644e+11
5.78135e+06,268042,107134,6.18213e+10,1.36759e+11,6.14534e+10,1.36715e+11
5.78766e+06,268562,107470,6.16503e+10,1.36837e+11,6.12833e+10,1.36786e+11
5.79398e+06,269082,107806,6.14792e+10,1.36914e+11,6.11132e+10,1.36856e+11
5.80029e+06,269602,108143,6.1308e+10,1.36991e+11,6.09432e+10,1.36927e+11
5.8066e+06,270123,108481,6.11366e+10,1.37068e+11,6.07732e+10,1.36997e+11
5.81291e+06,270644,108819,6.09652e+10,1.37144e+11,6.06032e+10,1.37067e+11
5.81922e+06,271165,109158,6.07937e+10,1.3722e+11,6.04332e+10,1.37137e+11
5.82553e+06,271687,109497,6.06221e+10,1.37297e+11,6.02632e+10,1.37207e+11
5.83184e+06,272208,109838,6.04504e+10,1.37372e+11,6.00932e+10,1.37276e+11
5.83816e+06,272731,110179,6.02786e+10,1.37448e+11,5.99233e+10,1.37346e+11
5.84447e+06,273253,110520,6.01067e+10,1.37524e+11,5.97534e+10,1.37415e+11
5.85078e+06,273776,110862,5.99347e+10,1.37599e+11,5.95835e+10,1.37484e+11
5.85709e+06,274299,111205,5.97626e+10,1.37674e+11,5.94136e+10,1.37553e+11
5.8634e+06,274822,111549,5.95905e+10,1.37749e+11,5.92437e+10,1.37621e+11
5.86971e+06,275345,111893,5.94182e+10,1.37823e+11,5.90738e+10,1.3769e+11
5.87603e+06,275869,112238,5.92458e+10,1.37898e+11,5.8904e+10,1.37758e+11
5.88234e+06,276393,112583,5.90734e+10,1.37972e+11,5.87342e+10,1.37826e+11
5.88865e+06,276918,112929,5.89008e+10,1.38046e+11,5.85644e+10,1.37894e+11
5.89496e+06,277442,113276,5.87282e+10,1.3812e+11,5.83946e+10,1.37962e+11
5.90127e+06,277967,113624,5.85554e+10,1.38193e+11,5.82248e+10,1.38029e+11
5.90758e+06,278492,113972,5.83826e+10,1.38267e+11,5.8055e+10,1.38096e+11
5.91389e+06,279018,114321,5.82096e+10,1.3834e+11,5.78853e+10,1.38164e+11
5.92021e+06,279544,114670,5.80366e+10,1.38413e+11,5.77155e+10,1.38231e+11
5.92652e+06,280070,115020,5.78635e+10,1.38485e+11,5.75458e+10,1.38298e+11
5.93283e+06,280596,115371,5.76903e+10,1.38558e+11,5.7376e+10,1.38364e+11
5.93914e+06,281123,115722,5.7517e+10,1.3863e+11,5.72063e+10,1.38431e+11
5.94545e+06,281649,116074,5.73436e+10,1.38702e+11,5.70366e+10,1.38498e+11
5.95176e+06,282177,116427,5.71702e+10,1.38774e+11,5.68669e+10,1.38564e+11
5.95807e+06,282704,116780,5.69966e+10,1.38845e+11,5.66972e+10,1.3863e+11
5.96439e+06,283232,117134,5.68229e+10,1.38917e+11,5.65275e+10,1.38696e+11
5.9707e+06,283760,117489,5.66492e+10,1.38988e+11,5.63578e+10,1.38762e+11
5.97701e+06,284288,117844,5.64754e+10,1.39059e+11,5.61882e+10,1.38828e+11
5.98332e+06,284816,118201,5.63014e+10,1.39129e+11,5.60185e+10,1.38893e+11
5.98963e+06,285345,118557,5.61274e+10,1.392e+11,5.58488e+10,1.38958e+11
5.99594e+06,285874,118915,5.59533e+10,1.3927e+11,5.56791e+10,1.39024e+11
6.00226e+06,286403,119273,5.57791e+10,1.3934e+11,5.55094e+10,1.39089e+11
6.00857e+06,286933,119631,5.56048e+10,1.3941e+11,5.53398e+10,1.39154e+11
6.01488e+06,287463,119991,5.54305e+10,1.3948e+11,5.51701e+10,1.39219e+11
6.02119e+06,287993,120351,5.5256e+10,1.39549e+11,5.50004e+10,1.39283e+11
6.0275e+06,288523,120711,5.50815e+10,1.39618e+11,5.48307e+10,1.39348e+11
6.03381e+06,289054,121072,5.49068e+10,1.39687e+11,5.4661e+10,1.39412e+11
6.04012e+06,289585,121434,5.47321e+10,1.39756e+11,5.44913e+10,1.39477e+11
6.04644e+06,290116,121797,5.45573e+10,1.39825e+11,5.43216e+10,1.39541e+11
6.05275e+06,290647,122160,5.43824e+10,1.39893e+11,5.41518e+10,1.39605e+11
6.05906e+06,291179,122524,5.42074e+10,1.39961e+11,5.39821e+10,1.39669e+11
6.06537e+06,291711,122889,5.40324e+10,1.40029e+11,5.38123e+10,1.39733e+11
6.07168e+06,292243,123254,5.38572e+10,1.40096e+11,5.36426e+10,1.39796e+11
6.07799e+06,292775,123620,5.3682e+10,1.40164e+11,5.34728e+10,1.3986e+11
6.08431e+06,293308,123987,5.35067e+10,1.40231e+11,5.3303e+10,1.39923e+11
6.09062e+06,293841,124354,5.33313e+10,1.40298e+11,5.31331e+10,1.39987e+11
6.09693e+06,294374,124722,5.31558e+10,1.40365e+11,5.29633e+10,1.4005e+11
6.10324e+06,294907,125091,5.29802e+10,1.40431e+11,5.27934e+10,1.40113e+11
6.10955e+06,295441,125460,5.28046e+10,1.40498e+11,5.26235e+10,1.40176e+11
6.11586e+06,295975,125830,5.26288e+10,1.40564e+11,5.24536e+10,1.40239e+11
6.12217e+06,296509,126201,5.2453e+10,1.4063e+11,5.22837e+10,1.40301e+11
6.12849e+06,297044,126572,5.22771e+10,1.40695e+11,5.21137e+10,1.40364e+11
6.1348e+06,297578,126944,5.21011e+10,1.40761e+11,5.19437e+10,1.40426e+11
6.14111e+06,298113,127317,5.19251e+10,1.40826e+11,5.17737e+10,1.40489e+11
6.14742e+06,298648,127690,5.17489e+10,1.40891e+11,5.16036e+10,1.40551e+11
6.15373e+06,299184,128064,5.15727e+10,1.40956e+11,5.14335e+10,1.40613e+11
6.16004e+06,299719,128439,5.13964e+10,1.4102e+11,5.12633e+10,1.40675e+11
6.16636e+06,300255,128814,5.122e+10,1.41085e+11,5.10931e+10,1.40737e+11
6.17267e+06,300791,129190,5.10435e+10,1.41149e+11,5.09229e+10,1.40799e+11
6.17898e+06,301328,129567,5.0867e+10,1.41213e+11,5.07527e+10,1.4086e+11
6.18529e+06,301864,129944,5.06903e+10,1.41276e+11,5.05823e+10,1.40922e+11
6.1916e+06,302401,130322,5.05136e+10,1.4134e+11,5.0412e+10,1.40983e+11
6.19791e+06,302938,130701,5.03368e+10,1.41403e+11,5.02416e+10,1.41045e+11
6.20422e+06,303476,131080,5.016e+10,1.41466e+11,5.00711e+10,1.41106e+11
6.21054e+06,304013,131460,4.9983e+10,1.41529e+11,4.99006e+10,1.41167e+11
6.21685e+06,304551,131841,4.9806e+10,1.41591e+11,4.97301e+10,1.41228e+11
6.22316e+06,305089,132222,4.96289e+10,1.41653e+11,4.95595e+10,1.41289e+11
6.22947e+06,305628,132604,4.94517e+10,1.41716e+11,4.93888e+10,1.4135e+11
6.23578e+06,306166,132987,4.92744e+10,1.41777e+11,4.92181e+10,1.4141e+11
6.24209e+06,306705,133370,4.90971e+10,1.41839e+11,4.90473e+10,1.41471e+11
6.2484e+06,307244,133754,4.89197e+10,1.41901e+11,4.88764e+10,1.41531e+11
6.25472e+06,307783,134139,4.87422e+10,1.41962e+11,4.87055e+10,1.41592e+11
6.26103e+06,308323,134524,4.85646e+10,1.42023e+11,4.85345e+10,1.41652e+11
6.26734e+06,308862,134910,4.8387e+10,1.42084e+11,4.83635e+10,1.41712e+11
6.27365e+06,309402,135297,4.82093e+10,1.42144e+11,4.81924e+10,1.41772e+11
6.27996e+06,309942,135685,4.80315e+10,1.42204e+11,4.80212e+10,1.41832e+11
6.28627e+06,310483,136073,4.78536e+10,1.42264e+11,4.78499e+10,1.41892e+11
6.29259e+06,311023,136461,4.76757e+10,1.42324e+11,4.76786e+10,1.41952e+11
6.2989e+06,311564,136851,4.74976e+10,1.42384e+11,4.75072e+10,1.42011e+11
6.30521e+06,312105,137241,4.73195e+10,1.42443e+11,4.73357e+10,1.42071e+11
6.31152e+06,312646,137632,4.71414e+10,1.42503e+11,4.71641e+10,1.4213e+11
6.31783e+06,313188,138023,4.69631e+10,1.42562e+11,4.69925e+10,1.42189e+11
6.32414e+06,313730,138416,4.67848e+10,1.4262e+11,4.68208e+10,1.42248e+11
6.33045e+06,314272,138808,4.66064e+10,1.42679e+11,4.66489e+10,1.42307e+11
6.33677e+06,314814,139202,4.6428e+10,1.42737e+11,4.6477e+10,1.42366e+11
6.34308e+06,315356,139596,4.62494e+10,1.42795e+11,4.63051e+10,1.42425e+11
6.34939e+06,315899,139991,4.60708e+10,1.42853e+11,4.6133e+10,1.42484e+11
6.3557e+06,316442,140386,4.58922e+10,1.42911e+11,4.59608e+10,1.42542e+11
6.36201e+06,316985,140783,4.57134e+10,1.42968e+11,4.57886e+10,1.42601e+11
6.36832e+06,317528,141180,4.55346e+10,1.43025e+11,4.56162e+10,1.42659e+11
6.37464e+06,318071,141577,4.53557e+10,1.43082e+11,4.54437e+10,1.42718e+11
6.38095e+06,318615,141976,4.51768e+10,1.43139e+11,4.52712e+10,1.42776e+11
6.38726e+06,319159,142374,4.49977e+10,1.43195e+11,4.50985e+10,1.42834e+11
6.39357e+06,319703,142774,4.48186e+10,1.43252e+11,4.49258e+10,1.42892e+11
6.39988e+06,320248,143174,4.46395e+10,1.43308e+11,4.47529e+10,1.42949e+11
6.40619e+06,320792,143575,4.44602e+10,1.43364e+11,4.458e+10,1.43007e+11
6.4125e+06,321337,143977,4.42809e+10,1.43419e+11,4.44069e+10,1.43065e+11
6.41882e+06,321882,144379,4.41015e+10,1.43475e+11,4.42337e+10,1.43122e+11
6.42513e+06,322427,144782,4.39221e+10,1.4353e+11,4.40605e+10,1.43179e+11
6.43144e+06,322972,145186,4.37426e+10,1.43585e+11,4.38871e+10,1.43237e+11
6.43775e+06,323518,145591,4.3563e+10,1.43639e+11,4.37136e+10,1.43294e+11
6.44406e+06,324064,145996,4.33833e+10,1.43694e+11,4.354e+10,1.43351e+11
6.45037e+06,324610,146401,4.32036e+10,1.43748e+11,4.33662e+10,1.43407e+11
6.45668e+06,325156,146808,4.30238e+10,1.43802e+11,4.31924e+10,1.43464e+11
6.463e+06,325703,147215,4.2844e+10,1.43856e+11,4.30184e+10,1.43521e+11
6.46931e+06,326249,147623,4.26641e+10,1.4391e+11,4.28443e+10,1.43577e+11
6.47562e+06,326796,148031,4.24841e+10,1.43963e+11,4.26701e+10,1.43633e+11
6.48193e+06,327343,148441,4.2304e+10,1.44016e+11,4.24958e+10,1.4369e+11
6.48824e+06,327890,148850,4.21239e+10,1.44069e+11,4.23214e+10,1.43746e+11
6.49455e+06,328438,149261,4.19438e+10,1.44122e+11,4.21468e+10,1.43801e+11
6.50087e+06,328985,149672,4.17635e+10,1.44174e+11,4.19721e+10,1.43857e+11
6.50718e+06,329533,150084,4.15832e+10,1.44226e+11,4.17973e+10,1.43913e+11
6.51349e+06,330081,150497,4.14028e+10,1.44278e+11,4.16223e+10,1.43968e+11
6.5198e+06,330629,150910,4.12224e+10,1.4433e+11,4.14472e+10,1.44024e+11
6.52611e+06,331178,151324,4.10419e+10,1.44381e+11,4.1272e+10,1.44079e+11
6.53242e+06,331726,151739,4.08613e+10,1.44433e+11,4.10967e+10,1.44134e+11
6.53873e+06,332275,152154,4.06807e+10,1.44484e+11,4.09212e+10,1.44189e+11
6.54505e+06,332824,152570,4.05e+10,1.44535e+11,4.07456e+10,1.44244e+11
6.55136e+06,333373,152987,4.03193e+10,1.44585e+11,4.05699e+10,1.44299e+11
6.55767e+06,333923,153404,4.01385e+10,1.44636e+11,4.0394e+10,1.44353e+11
6.56398e+06,334472,153822,3.99576e+10,1.44686e+11,4.0218e+10,1.44408e+11
6.57029e+06,335022,154241,3.97766e+10,1.44736e+11,4.00418e+10,1.44462e+11
6.5766e+06,335572,154660,3.95956e+10,1.44786e+11,3.98655e+10,1.44516e+11
6.58292e+06,336122,155081,3.94146e+10,1.44835e+11,3.96891e+10,1.4457e+11
6.58923e+06,336673,155501,3.92335e+10,1.44884e+11,3.95125e+10,1.44624e+11
6.59554e+06,337223,155923,3.90523e+10,1.44933e+11,3.93358e+10,1.44677e+11
6.60185e+06,337774,156345,3.88711e+10,1.44982e+11,3.9159e+10,1.44731e+11
6.60816e+06,338325,156768,3.86898e+10,1.45031e+11,3.8982e+10,1.44784e+11
6.61447e+06,338876,157192,3.85084e+10,1.45079e+11,3.88048e+10,1.44837e+11
6.62078e+06,339427,157616,3.8327e+10,1.45127e+11,3.86275e+10,1.4489e+11
6.6271e+06,339979,158041,3.81455e+10,1.45175e+11,3.84501e+10,1.44943e+11
6.63341e+06,340530,158467,3.7964e+10,1.45223e+11,3.82725e+10,1.44996e+11
6.63972e+06,341082,158893,3.77824e+10,1.4527e+11,3.80948e+10,1.45048e+11
6.64603e+06,341634,159320,3.76007e+10,1.45317e+11,3.79169e+10,1.45101e+11
6.65234e+06,342186,159748,3.7419e+10,1.45364e+11,3.77389e+10,1.45153e+11
6.65865e+06,342738,160176,3.72372e+10,1.45411e+11,3.75607e+10,1.45205e+11
6.66497e+06,343291,160605,3.70554e+10,1.45458e+11,3.73824e+10,1.45257e+11
6.67128e+06,343844,161035,3.68735e+10,1.45504e+11,3.72039e+10,1.45309e+11
6.67759e+06,344397,161466,3.66916e+10,1.4555e+11,3.70253e+10,1.4536e+11
6.6839e+06,344950,161897,3.65096e+10,1.45596e+11,3.68465e+10,1.45411e+11
6.69021e+06,345503,162329,3.63276e+10,1.45642e+11,3.66676e+10,1.45463e+11
6.69652e+06,346056,162761,3.61455e+10,1.45687e+11,3.64885e+10,1.45514e+11
6.70283e+06,346610,163195,3.59633e+10,1.45732e+11,3.63093e+10,1.45564e+11
6.70915e+06,347163,163629,3.57811e+10,1.45777e+11,3.61299e+10,1.45615e+11
6.71546e+06,347717,164063,3.55988e+10,1.45822e+11,3.59504e+10,1.45666e+11
6.72177e+06,348271,164499,3.54165e+10,1.45866e+11,3.57707e+10,1.45716e+11
6.72808e+06,348826,164935,3.52341e+10,1.45911e+11,3.55908e+10,1.45766e+11
6.73439e+06,349380,165371,3.50517e+10,1.45955e+11,3.54108e+10,1.45816e+11
6.7407e+06,349935,165809,3.48692e+10,1.45998e+11,3.52307e+10,1.45865e+11
6.74701e+06,350489,166247,3.46867e+10,1.46042e+11,3.50504e+10,1.45915e+11
6.75333e+06,351044,166686,3.45041e+10,1.46085e+11,3.48699e+10,1.45964e+11
6.75964e+06,351599,167125,3.43214e+10,1.46128e+11,3.46893e+10,1.46013e+11
6.76595e+06,352155,167565,3.41387e+10,1.46171e+11,3.45085e+10,1.46062e+11
6.77226e+06,352710,168006,3.3956e+10,1.46214e+11,3.43276e+10,1.46111e+11
6.77857e+06,353265,168448,3.37732e+10,1.46256e+11,3.41465e+10,1.4616e+11
6.78488e+06,353821,168890,3.35903e+10,1.46299e+11,3.39652e+10,1.46208e+11
6.7912e+06,354377,169333,3.34074e+10,1.4634e+11,3.37838e+10,1.46256e+11
6.79751e+06,354933,169777,3.32245e+10,1.46382e+11,3.36022e+10,1.46304e+11
6.80382e+06,355489,170221,3.30415e+10,1.46424e+11,3.34205e+10,1.46352e+11
6.81013e+06,356046,170666,3.28584e+10,1.46465e+11,3.32386e+10,1.46399e+11
6.81644e+06,356602,171112,3.26753e+10,1.46506e+11,3.30566e+10,1.46447e+11
6.82275e+06,357159,171558,3.24921e+10,1.46547e+11,3.28744e+10,1.46494e+11
6.82906e+06,357716,172005,3.23089e+10,1.46587e+11,3.26921e+10,1.4654e+11
6.83538e+06,358273,172453,3.21257e+10,1.46628e+11,3.25096e+10,1.46587e+11
6.84169e+06,358830,172902,3.19424e+10,1.46668e+11,3.23269e+10,1.46634e+11
6.848e+06,359387,173351,3.1759e+10,1.46708e+11,3.21441e+10,1.4668e+11
6.85431e+06,359944,173801,3.15756e+10,1.46748e+11,3.19611e+10,1.46726e+11
6.86062e+06,360502,174252,3.13922e+10,1.46787e+11,3.1778e+10,1.46772e+11
6.86693e+06,361060,174703,3.12087e+10,1.46826e+11,3.15947e+10,1.46817e+11
6.87325e+06,361617,175155,3.10252e+10,1.46865e+11,3.14112e+10,1.46862e+11
6.87956e+06,362175,175608,3.08416e+10,1.46904e+11,3.12276e+10,1.46907e+11
6.88587e+06,362734,176061,3.06579e+10,1.46942e+11,3.10439e+10,1.46952e+11
6.89218e+06,363292,176515,3.04742e+10,1.46981e+11,3.086e+10,1.46997e+11
6.89849e+06,363850,176970,3.02905e+10,1.47019e+11,3.06759e+10,1.47041e+11
6.9048e+06,364409,177426,3.01067e+10,1.47057e+11,3.04917e+10,1.47086e+11
6.91111e+06,364968,177882,2.99229e+10,1.47094e+11,3.03073e+10,1.47129e+11
6.91743e+06,365527,178339,2.97391e+10,1.47132e+11,3.01228e+10,1.47173e+11
6.92374e+06,366086,178796,2.95551e+10,1.47169e+11,2.99381e+10,1.47217e+11
6.93005e+06,366645,179255,2.93712e+10,1.47206e+11,2.97533e+10,1.4726e+11
6.93636e+06,367204,179714,2.91872e+10,1.47242e+11,2.95683e+10,1.47303e+11
6.94267e+06,367763,180173,2.90031e+10,1.47279e+11,2.93832e+10,1.47345e+11
6.94898e+06,368323,180634,2.8819e+10,1.47315e+11,2.91979e+10,1.47388e+11
6.9553e+06,368883,181095,2.86349e+10,1.47351e+11,2.90125e+10,1.4743e+11
6.96161e+06,369443,181557,2.84507e+10,1.47387e+11,2.88269e+10,1.47472e+11
6.96792e+06,370003,182019,2.82665e+10,1.47422e+11,2.86412e+10,1.47514e+11
6.97423e+06,370563,182482,2.80823e+10,1.47458e+11,2.84553e+10,1.47555e+11
6.98054e+06,371123,182946,2.78979e+10,1.47493e+11,2.82693e+10,1.47596e+11
6.98685e+06,371683,183411,2.77136e+10,1.47528e+11,2.80831e+10,1.47637e+11
6.99316e+06,372244,183876,2.75292e+10,1.47562e+11,2.78968e+10,1.47678e+11
6.99948e+06,372805,184342,2.73448e+10,1.47597e+11,2.77103e+10,1.47718e+11
7.00579e+06,373365,184809,2.71603e+10,1.47631e+11,2.75237e+10,1.47759e+11
7.0121e+06,373926,185276,2.69758e+10,1.47665e+11,2.73369e+10,1.47798e+11
7.01841e+06,374487,185744,2.67912e+10,1.47698e+11,2.715e+10,1.47838e+11
7.02472e+06,375048,186213,2.66066e+10,1.47732e+11,2.6963e+10,1.47877e+11
7.03103e+06,375610,186683,2.6422e+10,1.47765e+11,2.67758e+10,1.47917e+11
7.03734e+06,376171,187153,2.62373e+10,1.47798e+11,2.65885e+10,1.47955e+11
7.04366e+06,376733,187624,2.60526e+10,1.47831e+11,2.6401e+10,1.47994e+11
7.04997e+06,377294,188096,2.58679e+10,1.47863e+11,2.62134e+10,1.48032e+11
7.05628e+06,377856,188568,2.56831e+10,1.47896e+11,2.60257e+10,1.4807e+11
7.06259e+06,378418,189041,2.54982e+10,1.47928e+11,2.58378e+10,1.48108e+11
7.0689e+06,378980,189515,2.53134e+10,1.4796e+11,2.56498e+10,1.48145e+11
7.07521e+06,379542,189989,2.51284e+10,1.47991e+11,2.54617e+10,1.48182e+11
7.08153e+06,380104,190464,2.49435e+10,1.48023e+11,2.52734e+10,1.48219e+11
7.08784e+06,380667,190940,2.47585e+10,1.48054e+11,2.5085e+10,1.48256e+11
7.09415e+06,381229,191417,2.45735e+10,1.48085e+11,2.48965e+10,1.48292e+11
7.10046e+06,381792,191894,2.43884e+10,1.48115e+11,2.47078e+10,1.48328e+11
7.10677e+06,382355,192372,2.42033e+10,1.48146e+11,2.4519e+10,1.48364e+11
7.11308e+06,382917,192850,2.40182e+10,1.48176e+11,2.43301e+10,1.48399e+11
7.11939e+06,383480,193330,2.3833e+10,1.48206e+11,2.41411e+10,1.48434e+11
7.12571e+06,384044,193810,2.36478e+10,1.48236e+11,2.39519e+10,1.48469e+11
7.13202e+06,384607,194291,2.34626e+10,1.48265e+11,2.37626e+10,1.48504e+11
7.13833e+06,385170,194772,2.32773e+10,1.48295e+11,2.35732e+10,1.48538e+11
7.14464e+06,385733,195254,2.3092e+10,1.48324e+11,2.33836e+10,1.48572e+11
7.15095e+06,386297,195737,2.29066e+10,1.48353e+11,2.3194e+10,1.48605e+11
7.15726e+06,386861,196221,2.27212e+10,1.48381e+11,2.30042e+10,1.48639e+11
7.16358e+06,387424,196705,2.25358e+10,1.4841e+11,2.28143e+10,1.48672e+11
7.16989e+06,387988,197190,2.23504e+10,1.48438e+11,2.26243e+10,1.48704e+11
7.1762e+06,388552,197676,2.21649e+10,1.48466e+11,2.24342e+10,1.48737e+11
7.18251e+06,389116,198162,2.19794e+10,1.48494e+11,2.2244e+10,1.48769e+11
7.18882e+06,389680,198649,2.17938e+10,1.48521e+11,2.20537e+10,1.48801e+11
7.19513e+06,390245,199137,2.16082e+10,1.48548e+11,2.18632e+10,1.48832e+11
7.20144e+06,390809,199625,2.14226e+10,1.48575e+11,2.16727e+10,1.48863e+11
7.20776e+06,391373,200115,2.12369e+10,1.48602e+11,2.1482e+10,1.48894e+11
7.21407e+06,391938,200605,2.10513e+10,1.48629e+11,2.12913e+10,1.48925e+11
7.22038e+06,392503,201095,2.08655e+10,1.48655e+11,2.11004e+10,1.48955e+11
7.22669e+06,393067,201587,2.06798e+10,1.48681e+11,2.09094e+10,1.48985e+11
7.233e+06,393632,202079,2.0494e+10,1.48707e+11,2.07184e+10,1.49014e+11
7.23931e+06,394197,202571,2.03082e+10,1.48732e+11,2.05272e+10,1.49044e+11
7.24562e+06,394762,203065,2.01223e+10,1.48758e+11,2.0336e+10,1.49073e+11
7.25194e+06,395327,203559,1.99365e+10,1.48783e+11,2.01446e+10,1.49101e+11
7.25825e+06,395893,204054,1.97506e+10,1.48808e+11,1.99532e+10,1.4913e+11
7.26456e+06,396458,204549,1.95646e+10,1.48833e+11,1.97617e+10,1.49158e+11
7.27087e+06,397023,205046,1.93787e+10,1.48857e+11,1.95701e+10,1.49185e+11
7.27718e+06,397589,205543,1.91927e+10,1.48881e+11,1.93784e+10,1.49213e+11
7.28349e+06,398155,206040,1.90067e+10,1.48905e+11,1.91866e+10,1.4924e+11
7.28981e+06,398720,206539,1.88206e+10,1.48929e+11,1.89947e+10,1.49266e+11
7.29612e+06,399286,207038,1.86345e+10,1.48953e+11,1.88028e+10,1.49293e+11
7.30243e+06,399852,207538,1.84484e+10,1.48976e+11,1.86107e+10,1.49319e+11
7.30874e+06,400418,208038,1.82623e+10,1.48999e+11,1.84187e+10,1.49344e+11
7.31505e+06,400984,208539,1.80761e+10,1.49022e+11,1.82265e+10,1.4937e+11
7.32136e+06,401550,209041,1.78899e+10,1.49044e+11,1.80342e+10,1.49395e+11
7.32767e+06,402116,209544,1.77037e+10,1.49067e+11,1.78419e+10,1.49419e+11
7.33399e+06,402683,210047,1.75174e+10,1.49089e+11,1.76495e+10,1.49444e+11
7.3403e+06,403249,210551,1.73312e+10,1.49111e+11,1.74571e+10,1.49468e+11
7.34661e+06,403816,211056,1.71449e+10,1.49133e+11,1.72646e+10,1.49491e+11
7.35292e+06,404382,211562,1.69585e+10,1.49154e+11,1.7072e+10,1.49515e+11
7.35923e+06,404949,212068,1.67722e+10,1.49175e+11,1.68794e+10,1.49538e+11
7.36554e+06,405516,212575,1.65858e+10,1.49196e+11,1.66867e+10,1.4956e+11
7.37186e+06,406082,213082,1.63994e+10,1.49217e+11,1.64939e+10,1.49583e+11
7.37817e+06,406649,213591,1.6213e+10,1.49237e+11,1.63011e+10,1.49605e+11
7.38448e+06,407216,214100,1.60265e+10,1.49258e+11,1.61083e+10,1.49626e+11
7.39079e+06,407783,214609,1.584e+10,1.49278e+11,1.59154e+10,1.49648e+11
7.3971e+06,408350,215120,1.56535e+10,1.49298e+11,1.57224e+10,1.49669e+11
7.40341e+06,408918,215631,1.5467e+10,1.49317e+11,1.55294e+10,1.49689e+11
7.40972e+06,409485,216143,1.52805e+10,1.49337e+11,1.53364e+10,1.49709e+11
7.41604e+06,410052,216655,1.50939e+10,1.49356e+11,1.51433e+10,1.49729e+11
7.42235e+06,410620,217169,1.49073e+10,1.49375e+11,1.49502e+10,1.49749e+11
7.42866e+06,411187,217683,1.47207e+10,1.49393e+11,1.47571e+10,1.49768e+11
7.43497e+06,411755,218197,1.4534e+10,1.49412e+11,1.45639e+10,1.49787e+11
7.44128e+06,412322,218713,1.43473e+10,1.4943e+11,1.43707e+10,1.49806e+11
7.44759e+06,412890,219229,1.41607e+10,1.49448e+11,1.41774e+10,1.49824e+11
7.45391e+06,413458,219746,1.39739e+10,1.49466e+11,1.39842e+10,1.49842e+11
7.46022e+06,414025,220263,1.37872e+10,1.49483e+11,1.37909e+10,1.49859e+11
7.46653e+06,414593,220781,1.36004e+10,1.495e+11,1.35976e+10,1.49876e+11
7.47284e+06,415161,221300,1.34137e+10,1.49517e+11,1.34042e+10,1.49893e+11
7.47915e+06,415729,221820,1.32269e+10,1.49534e+11,1.32109e+10,1.4991e+11
7.48546e+06,416297,222340,1.30401e+10,1.49551e+11,1.30175e+10,1.49926e+11
7.49177e+06,416865,222861,1.28532e+10,1.49567e+11,1.28241e+10,1.49942e+11
7.49809e+06,417434,223383,1.26664e+10,1.49583e+11,1.26307e+10,1.49957e+11
7.5044e+06,418002,223906,1.24795e+10,1.49599e+11,1.24373e+10,1.49972e+11
7.51071e+06,418570,224429,1.22926e+10,1.49615e+11,1.22439e+10,1.49987e+11
7.51702e+06,419139,224953,1.21057e+10,1.4963e+11,1.20505e+10,1.50002e+11
7.52333e+06,419707,225478,1.19187e+10,1.49645e+11,1.18571e+10,1.50016e+11
7.52964e+06,420275,226003,1.17318e+10,1.4966e+11,1.16636e+10,1.50029e+11
7.53595e+06,420844,226529,1.15448e+10,1.49675e+11,1.14702e+10,1.50043e+11
7.54227e+06,421413,227056,1.13578e+10,1.4969e+11,1.12768e+10,1.50056e+11
7.54858e+06,421981,227583,1.11708e+10,1.49704e+11,1.10834e+10,1.50068e+11
7.55489e+06,422550,228111,1.09838e+10,1.49718e+11,1.089e+10,1.50081e+11
7.5612e+06,423119,228640,1.07967e+10,1.49732e+11,1.06966e+10,1.50093e+11
7.56751e+06,423687,229170,1.06096e+10,1.49745e+11,1.05033e+10,1.50105e+11
7.57382e+06,424256,229700,1.04226e+10,1.49759e+11,1.03099e+10,1.50116e+11
7.58014e+06,424825,230231,1.02355e+10,1.49772e+11,1.01166e+10,1.50127e+11
7.58645e+06,425394,230763,1.00483e+10,1.49785e+11,9.92325e+09,1.50138e+11
7.59276e+06,425963,231295,9.86122e+09,1.49797e+11,9.72996e+09,1.50148e+11
7.59907e+06,426532,231829,9.67407e+09,1.4981e+11,9.53669e+09,1.50158e+11
7.60538e+06,427101,232362,9.48691e+09,1.49822e+11,9.34345e+09,1.50167e+11
7.61169e+06,427670,232897,9.29973e+09,1.49834e+11,9.15024e+09,1.50177e+11
7.618e+06,428240,233432,9.11254e+09,1.49845e+11,8.95705e+09,1.50186e+11
7.62432e+06,428809,233968,8.92533e+09,1.49857e+11,8.76391e+09,1.50194e+11
7.63063e+06,429378,234505,8.73811e+09,1.49868e+11,8.57079e+09,1.50203e+11
7.63694e+06,429947,235042,8.55088e+09,1.49879e+11,8.37772e+09,1.50211e+11
7.64325e+06,430517,235581,8.36363e+09,1.4989e+11,8.18468e+09,1.50218e+11
7.64956e+06,431086,236119,8.17636e+09,1.499e+11,7.99168e+09,1.50226e+11
7.65587e+06,431656,236659,7.98909e+09,1.49911e+11,7.79873e+09,1.50233e+11
7.66219e+06,432225,237199,7.8018e+09,1.49921e+11,7.60583e+09,1.50239e+11
7.6685e+06,432795,237740,7.61449e+09,1.49931e+11,7.41297e+09,1.50245e+11
7.67481e+06,433364,238282,7.42718e+09,1.4994e+11,7.22016e+09,1.50251e+11
7.68112e+06,433934,238824,7.23985e+09,1.4995e+11,7.0274e+09,1.50257e+11
7.68743e+06,434503,239367,7.05251e+09,1.49959e+11,6.8347e+09,1.50262e+11
7.69374e+06,435073,239911,6.86516e+09,1.49968e+11,6.64205e+09,1.50267e+11
7.70005e+06,435643,240456,6.67779e+09,1.49976e+11,6.44946e+09,1.50272e+11
7.70637e+06,436212,241001,6.49042e+09,1.49985e+11,6.25693e+09,1.50276e+11
7.71268e+06,436782,241547,6.30303e+09,1.49993e+11,6.06446e+09,1.5028e+11
7.71899e+06,437352,242094,6.11564e+09,1.50001e+11,5.87205e+09,1.50284e+11
7.7253e+06,437922,242641,5.92823e+09,1.50009e+11,5.67971e+09,1.50288e+11
7.73161e+06,438491,243189,5.74081e+09,1.50016e+11,5.48744e+09,1.50291e+11
7.73792e+06,439061,243738,5.55338e+09,1.50023e+11,5.29523e+09,1.50293e+11
7.74424e+06,439631,244288,5.36595e+09,1.5003e+11,5.1031e+09,1.50296e+11
7.75055e+06,440201,244838,5.1785e+09,1.50037e+11,4.91103e+09,1.50298e+11
7.75686e+06,440771,245389,4.99104e+09,1.50044e+11,4.71904e+09,1.503e+11
7.76317e+06,441341,245940,4.80358e+09,1.5005e+11,4.52713e+09,1.50301e+11
7.76948e+06,441911,246493,4.61611e+09,1.50056e+11,4.33529e+09,1.50302e+11
7.77579e+06,442481,247046,4.42863e+09,1.50062e+11,4.14353e+09,1.50303e+11
7.7821e+06,443051,247600,4.24114e+09,1.50068e+11,3.95186e+09,1.50304e+11
7.78842e+06,443621,248154,4.05364e+09,1.50073e+11,3.76026e+09,1.50304e+11
7.79473e+06,444191,248709,3.86614e+09,1.50078e+11,3.56875e+09,1.50304e+11
7.80104e+06,444761,249265,3.67863e+09,1.50083e+11,3.37732e+09,1.50304e+11
7.80735e+06,445331,249822,3.49111e+09,1.50088e+11,3.18598e+09,1.50303e+11
7.81366e+06,445901,250379,3.30358e+09,1.50092e+11,2.99473e+09,1.50302e+11
7.81997e+06,446471,250937,3.11605e+09,1.50097e+11,2.80357e+09,1.50301e+11
7.82628e+06,447042,251496,2.92851e+09,1.50101e+11,2.61249e+09,1.50299e+11
7.8326e+06,447612,252056,2.74097e+09,1.50104e+11,2.42152e+09,1.50297e+11
7.83891e+06,448182,252616,2.55342e+09,1.50108e+11,2.23063e+09,1.50295e+11
7.84522e+06,448752,253177,2.36587e+09,1.50111e+11,2.03984e+09,1.50293e+11
7.85153e+06,449322,253739,2.17831e+09,1.50114e+11,1.84914e+09,1.5029e+11
7.85784e+06,449892,254301,1.99075e+09,1.50117e+11,1.65855e+09,1.50287e+11
7.86415e+06,450463,254864,1.80318e+09,1.5012e+11,1.46805e+09,1.50284e+11
7.87047e+06,451033,255428,1.61561e+09,1.50122e+11,1.27765e+09,1.5028e+11
7.87678e+06,451603,255992,1.42803e+09,1.50124e+11,1.08735e+09,1.50277e+11
7.88309e+06,452173,256557,1.24046e+09,1.50126e+11,8.9716e+08,1.50272e+11
7.8894e+06,452744,257123,1.05287e+09,1.50128e+11,7.07069e+08,1.50268e+11
7.89571e+06,453314,257690,8.65289e+08,1.50129e+11,5.17082e+08,1.50263e+11
7.90202e+06,453884,258257,6.77701e+08,1.5013e+11,3.27201e+08,1.50258e+11
7.90833e+06,454454,258825,4.90111e+08,1.50131e+11,1.37427e+08,1.50253e+11
7.91465e+06,455025,259394,3.02519e+08,1.50132e+11,-5.224e+07,1.50248e+11
7.92096e+06,455595,259964,1.14925e+08,1.50133e+11,-2.41799e+08,1.50242e+11
7.92727e+06,456165,260534,-7.26705e+07,1.50133e+11,-4.31248e+08,1.50236e+11
7.93358e+06,456735,261105,-2.60267e+08,1.50133e+11,-6.20587e+08,1.5023e+11
7.93989e+06,457306,261676,-4.47865e+08,1.50133e+11,-8.09814e+08,1.50223e+11
7.9462e+06,457876,262249,-6.35463e+08,1.50132e+11,-9.9893e+08,1.50216e+11
7.95252e+06,458446,262822,-8.23062e+08,1.50132e+11,-1.18793e+09,1.50209e+11
7.95883e+06,459016,263395,-1.01066e+09,1.50131e+11,-1.37682e+09,1.50202e+11
7.96514e+06,459587,263970,-1.19826e+09,1.50129e+11,-1.5656e+09,1.50194e+11
7.97145e+06,460157,264545,-1.38586e+09,1.50128e+11,-1.75426e+09,1.50186e+11
7.97776e+06,460727,265121,-1.57345e+09,1.50126e+11,-1.94281e+09,1.50178e+11
7.98407e+06,461297,265698,-1.76105e+09,1.50125e+11,-2.13123e+09,1.5017e+11
7.99038e+06,461867,266275,-1.94865e+09,1.50123e+11,-2.31955e+09,1.50161e+11
7.9967e+06,462438,266853,-2.13624e+09,1.5012e+11,-2.50774e+09,1.50152e+11
8.00301e+06,463008,267432,-2.32383e+09,1.50118e+11,-2.69582e+09,1.50143e+11
8.00932e+06,463578,268011,-2.51142e+09,1.50115e+11,-2.88378e+09,1.50134e+11
8.01563e+06,464148,268591,-2.69901e+09,1.50112e+11,-3.07162e+09,1.50124e+11
8.02194e+06,464718,269172,-2.88659e+09,1.50109e+11,-3.25935e+09,1.50114e+11
8.02825e+06,465288,269754,-3.07417e+09,1.50105e+11,-3.44695e+09,1.50104e+11
8.03456e+06,465859,270336,-3.26175e+09,1.50101e+11,-3.63443e+09,1.50094e+11
8.04088e+06,466429,270919,-3.44932e+09,1.50097e+11,-3.8218e+09,1.50084e+11
8.04719e+06,466999,271503,-3.63689e+09,1.50093e+11,-4.00904e+09,1.50073e+11
8.0535e+06,467569,272087,-3.82445e+09,1.50089e+11,-4.19617e+09,1.50062e+11
8.05981e+06,468139,272672,-4.01202e+09,1.50084e+11,-4.38317e+09,1.50051e+11
8.06612e+06,468709,273258,-4.19957e+09,1.50079e+11,-4.57005e+09,1.50039e+11
8.07243e+06,469279,273845,-4.38712e+09,1.50074e+11,-4.75681e+09,1.50028e+11
8.07875e+06,469849,274432,-4.57467e+09,1.50069e+11,-4.94345e+09,1.50016e+11
8.08506e+06,470419,275020,-4.76221e+09,1.50063e+11,-5.12997e+09,1.50004e+11
8.09137e+06,470989,275609,-4.94974e+09,1.50057e+11,-5.31637e+09,1.49991e+11
8.09768e+06,471559,276198,-5.13727e+09,1.50051e+11,-5.50265e+09,1.49979e+11
8.10399e+06,472129,276789,-5.32479e+09,1.50045e+11,-5.68881e+09,1.49966e+11
8.1103e+06,472699,277379,-5.5123e+09,1.50038e+11,-5.87485e+09,1.49953e+11
8.11661e+06,473269,277971,-5.69981e+09,1.50032e+11,-6.06076e+09,1.4994e+11
8.12293e+06,473838,278563,-5.88731e+09,1.50025e+11,-6.24656e+09,1.49927e+11
8.12924e+06,474408,279156,-6.0748e+09,1.50017e+11,-6.43223e+09,1.49913e+11
8.13555e+06,474978,279750,-6.26228e+09,1.5001e+11,-6.61779e+09,1.49899e+11
8.14186e+06,475548,280344,-6.44975e+09,1.50002e+11,-6.80323e+09,1.49885e+11
8.14817e+06,476117,280939,-6.63722e+09,1.49994e+11,-6.98854e+09,1.49871e+11
8.15448e+06,476687,281535,-6.82468e+09,1.49986e+11,-7.17374e+09,1.49857e+11
8.1608e+06,477257,282132,-7.01212e+09,1.49978e+11,-7.35882e+09,1.49842e+11
8.16711e+06,477826,282729,-7.19956e+09,1.49969e+11,-7.54378e+09,1.49827e+11
8.17342e+06,478396,283327,-7.38699e+09,1.4996e+11,-7.72863e+09,1.49813e+11
8.17973e+06,478965,283926,-7.5744e+09,1.49951e+11,-7.91335e+09,1.49797e+11
8.18604e+06,479535,284525,-7.76181e+09,1.49942e+11,-8.09796e+09,1.49782e+11
8.19235e+06,480104,285125,-7.94921e+09,1.49932e+11,-8.28245e+09,1.49767e+11
8.19866e+06,480674,285726,-8.13659e+09,1.49922e+11,-8.46683e+09,1.49751e+11
8.20498e+06,481243,286328,-8.32397e+09,1.49912e+11,-8.65109e+09,1.49735e+11
8.21129e+06,481813,286930,-8.51133e+09,1.49902e+11,-8.83524e+09,1.49719e+11
8.2176e+06,482382,287533,-8.69868e+09,1.49891e+11,-9.01928e+09,1.49703e+11
8.22391e+06,482951,288136,-8.88601e+09,1.49881e+11,-9.2032e+09,1.49686e+11
8.23022e+06,483520,288741,-9.07334e+09,1.4987e+11,-9.38701e+09,1.4967e+11
8.23653e+06,484090,289346,-9.26065e+09,1.49858e+11,-9.57071e+09,1.49653e+11
8.24285e+06,484659,289952,-9.44795e+09,1.49847e+11,-9.75429e+09,1.49636e+11
8.24916e+06,485228,290558,-9.63523e+09,1.49835e+11,-9.93777e+09,1.49619e+11
8.25547e+06,485797,291165,-9.8225e+09,1.49823e+11,-1.01211e+10,1.49602e+11
8.26178e+06,486366,291773,-1.00098e+10,1.49811e+11,-1.03044e+10,1.49584e+11
8.26809e+06,486935,292382,-1.0197e+10,1.49799e+11,-1.04876e+10,1.49567e+11
8.2744e+06,487504,292991,-1.03842e+10,1.49786e+11,-1.06706e+10,1.49549e+11
8.28071e+06,488073,293601,-1.05714e+10,1.49773e+11,-1.08535e+10,1.49531e+11
8.28703e+06,488641,294212,-1.07586e+10,1.4976e+11,-1.10364e+10,1.49513e+11
8.29334e+06,489210,294824,-1.09458e+10,1.49747e+11,-1.12191e+10,1.49495e+11
8.29965e+06,489779,295436,-1.1133e+10,1.49733e+11,-1.14017e+10,1.49476e+11
8.30596e+06,490348,296049,-1.13201e+10,1.49719e+11,-1.15843e+10,1.49458e+11
8.31227e+06,490916,296662,-1.15073e+10,1.49705e+11,-1.17667e+10,1.49439e+11
8.31858e+06,491485,297277,-1.16944e+10,1.49691e+11,-1.1949e+10,1.4942e+11
8.32489e+06,492053,297892,-1.18815e+10,1.49677e+11,-1.21313e+10,1.49401e+11
8.33121e+06,492622,298508,-1.20686e+10,1.49662e+11,-1.23134e+10,1.49382e+11
8.33752e+06,493190,299124,-1.22556e+10,1.49647e+11,-1.24955e+10,1.49363e+11
8.34383e+06,493758,299741,-1.24427e+10,1.49632e+11,-1.26774e+10,1.49343e+11
8.35014e+06,494327,300359,-1.26297e+10,1.49616e+11,-1.28593e+10,1.49324e+11
8.35645e+06,494895,300978,-1.28167e+10,1.496e+11,-1.3041e+10,1.49304e+11
8.36276e+06,495463,301597,-1.30037e+10,1.49585e+11,-1.32227e+10,1.49284e+11
8.36908e+06,496031,302217,-1.31906e+10,1.49568e+11,-1.34043e+10,1.49264e+11
8.37539e+06,496599,302838,-1.33776e+10,1.49552e+11,-1.35858e+10,1.49244e+11
8.3817e+06,497167,303459,-1.35645e+10,1.49535e+11,-1.37672e+10,1.49224e+11
8.38801e+06,497735,304081,-1.37514e+10,1.49518e+11,-1.39486e+10,1.49203e+11
8.39432e+06,498303,304704,-1.39383e+10,1.49501e+11,-1.41298e+10,1.49183e+11
8.40063e+06,498871,305328,-1.41252e+10,1.49484e+11,-1.4311e+10,1.49162e+11
8.40694e+06,499438,305952,-1.4312e+10,1.49466e+11,-1.44921e+10,1.49141e+11
8.41326e+06,500006,306577,-1.44989e+10,1.49449e+11,-1.46731e+10,1.4912e+11
8.41957e+06,500573,307203,-1.46857e+10,1.49431e+11,-1.4854e+10,1.49099e+11
8.42588e+06,501141,307829,-1.48724e+10,1.49412e+11,-1.50349e+10,1.49078e+11
8.43219e+06,501708,308456,-1.50592e+10,1.49394e+11,-1.52156e+10,1.49057e+11
8.4385e+06,502276,309084,-1.52459e+10,1.49375e+11,-1.53964e+10,1.49035e+11
8.44481e+06,502843,309712,-1.54326e+10,1.49356e+11,-1.5577e+10,1.49013e+11
8.45113e+06,503410,310342,-1.56193e+10,1.49337e+11,-1.57576e+10,1.48992e+11
8.45744e+06,503977,310972,-1.5806e+10,1.49317e+11,-1.59381e+10,1.4897e+11
8.46375e+06,504544,311602,-1.59926e+10,1.49298e+11,-1.61185e+10,1.48948e+11
8.47006e+06,505111,312234,-1.61792e+10,1.49278e+11,-1.62989e+10,1.48926e+11
8.47637e+06,505678,312866,-1.63658e+10,1.49258e+11,-1.64792e+10,1.48903e+11
8.48268e+06,506245,313498,-1.65524e+10,1.49237e+11,-1.66594e+10,1.48881e+11
8.48899e+06,506812,314132,-1.67389e+10,1.49217e+11,-1.68396e+10,1.48859e+11
8.49531e+06,507378,314766,-1.69254e+10,1.49196e+11,-1.70198e+10,1.48836e+11
8.50162e+06,507945,315401,-1.71119e+10,1.49175e+11,-1.71998e+10,1.48813e+11
8.50793e+06,508511,316037,-1.72984e+10,1.49153e+11,-1.73799e+10,1.4879e+11
8.51424e+06,509078,316673,-1.74848e+10,1.49132e+11,-1.75598e+10,1.48767e+11
8.52055e+06,509644,317310,-1.76712e+10,1.4911e+11,-1.77398e+10,1.48744e+11
8.52686e+06,510210,317948,-1.78576e+10,1.49088e+11,-1.79196e+10,1.48721e+11
8.53318e+06,510777,318586,-1.8044e+10,1.49066e+11,-1.80995e+10,1.48698e+11
8.53949e+06,511343,319225,-1.82303e+10,1.49043e+11,-1.82792e+10,1.48674e+11
8.5458e+06,511909,319865,-1.84166e+10,1.49021e+11,-1.8459e+10,1.4865e+11
8.55211e+06,512475,320506,-1.86028e+10,1.48998e+11,-1.86387e+10,1.48627e+11
8.55842e+06,513040,321147,-1.87891e+10,1.48974e+11,-1.88183e+10,1.48603e+11
8.56473e+06,513606,321789,-1.89753e+10,1.48951e+11,-1.89979e+10,1.48579e+11
8.57104e+06,514172,322432,-1.91615e+10,1.48927e+11,-1.91775e+10,1.48555e+11
8.57736e+06,514737,323075,-1.93476e+10,1.48903e+11,-1.9357e+10,1.48531e+11
8.58367e+06,515303,323719,-1.95337e+10,1.48879e+11,-1.95366e+10,1.48506e+11
8.58998e+06,515868,324364,-1.97198e+10,1.48855e+11,-1.9716e+10,1.48482e+11
8.59629e+06,516433,325009,-1.99059e+10,1.4883e+11,-1.98955e+10,1.48457e+11
8.6026e+06,516999,325656,-2.00919e+10,1.48806e+11,-2.00749e+10,1.48433e+11
8.60891e+06,517564,326302,-2.02779e+10,1.48781e+11,-2.02543e+10,1.48408e+11
8.61522e+06,518129,326950,-2.04639e+10,1.48755e+11,-2.04337e+10,1.48383e+11
8.62154e+06,518694,327598,-2.06498e+10,1.4873e+11,-2.0613e+10,1.48358e+11
8.62785e+06,519258,328247,-2.08357e+10,1.48704e+11,-2.07923e+10,1.48333e+11
8.63416e+06,519823,328897,-2.10216e+10,1.48678e+11,-2.09716e+10,1.48307e+11
8.64047e+06,520388,329548,-2.12074e+10,1.48652e+11,-2.11509e+10,1.48282e+11
8.64678e+06,520952,330199,-2.13932e+10,1.48625e+11,-2.13302e+10,1.48256e+11
8.65309e+06,521516,330851,-2.1579e+10,1.48599e+11,-2.15095e+10,1.48231e+11
8.65941e+06,522081,331503,-2.17647e+10,1.48572e+11,-2.16887e+10,1.48205e+11
8.66572e+06,522645,332156,-2.19504e+10,1.48544e+11,-2.18679e+10,1.48179e+11
8.67203e+06,523209,332810,-2.21361e+10,1.48517e+11,-2.20472e+10,1.48153e+11
8.67834e+06,523773,333465,-2.23217e+10,1.48489e+11,-2.22264e+10,1.48127e+11
8.68465e+06,524337,334120,-2.25073e+10,1.48462e+11,-2.24056e+10,1.48101e+11
8.69096e+06,524901,334777,-2.26928e+10,1.48433e+11,-2.25848e+10,1.48074e+11
8.69727e+06,525464,335433,-2.28784e+10,1.48405e+11,-2.2764e+10,1.48048e+11
8.70359e+06,526028,336091,-2.30638e+10,1.48377e+11,-2.29432e+10,1.48021e+11
8.7099e+06,526591,336749,-2.32493e+10,1.48348e+11,-2.31224e+10,1.47994e+11
8.71621e+06,527155,337408,-2.34347e+10,1.48319e+11,-2.33016e+10,1.47967e+11
8.72252e+06,527718,338068,-2.36201e+10,1.48289e+11,-2.34808e+10,1.4794e+11
8.72883e+06,528281,338728,-2.38054e+10,1.4826e+11,-2.366e+10,1.47913e+11
8.73514e+06,528844,339389,-2.39907e+10,1.4823e+11,-2.38392e+10,1.47886e+11
8.74146e+06,529407,340051,-2.4176e+10,1.482e+11,-2.40184e+10,1.47859e+11
8.74777e+06,529969,340713,-2.43612e+10,1.4817e+11,-2.41977e+10,1.47831e+11
8.75408e+06,530532,341376,-2.45464e+10,1.4814e+11,-2.43769e+10,1.47803e+11
8.76039e+06,531095,342040,-2.47315e+10,1.48109e+11,-2.45562e+10,1.47776e+11
8.7667e+06,531657,342704,-2.49166e+10,1.48078e+11,-2.47354e+10,1.47748e+11
8.77301e+06,532219,343370,-2.51017e+10,1.48047e+11,-2.49147e+10,1.4772e+11
8.77932e+06,532781,344036,-2.52867e+10,1.48016e+11,-2.5094e+10,1.47691e+11
8.78564e+06,533344,344702,-2.54717e+10,1.47984e+11,-2.52733e+10,1.47663e+11
8.79195e+06,533905,345370,-2.56567e+10,1.47952e+11,-2.54527e+10,1.47635e+11
8.79826e+06,534467,346038,-2.58416e+10,1.4792e+11,-2.5632e+10,1.47606e+11
8.80457e+06,535029,346706,-2.60264e+10,1.47888e+11,-2.58114e+10,1.47577e+11
8.81088e+06,535591,347376,-2.62113e+10,1.47855e+11,-2.59908e+10,1.47548e+11
8.81719e+06,536152,348046,-2.63961e+10,1.47823e+11,-2.61702e+10,1.47519e+11
8.8235e+06,536713,348717,-2.65808e+10,1.4779e+11,-2.63497e+10,1.4749e+11
8.82982e+06,537274,349388,-2.67655e+10,1.47756e+11,-2.65292e+10,1.47461e+11
8.83613e+06,537836,350061,-2.69501e+10,1.47723e+11,-2.67087e+10,1.47431e+11
8.84244e+06,538396,350733,-2.71348e+10,1.47689e+11,-2.68882e+10,1.47402e+11
8.84875e+06,538957,351407,-2.73193e+10,1.47655e+11,-2.70677e+10,1.47372e+11
8.85506e+06,539518,352081,-2.75039e+10,1.47621e+11,-2.72473e+10,1.47342e+11
8.86137e+06,540078,352757,-2.76883e+10,1.47587e+11,-2.7427e+10,1.47312e+11
8.86769e+06,540639,353432,-2.78728e+10,1.47552e+11,-2.76066e+10,1.47282e+11
8.874e+06,541199,354109,-2.80572e+10,1.47518e+11,-2.77863e+10,1.47251e+11
8.88031e+06,541759,354786,-2.82415e+10,1.47482e+11,-2.7966e+10,1.47221e+11
8.88662e+06,542319,355464,-2.84258e+10,1.47447e+11,-2.81458e+10,1.4719e+11
8.89293e+06,542879,356142,-2.86101e+10,1.47412e+11,-2.83256e+10,1.47159e+11
8.89924e+06,543439,356821,-2.87943e+10,1.47376e+11,-2.85054e+10,1.47128e+11
8.90555e+06,543999,357501,-2.89785e+10,1.4734e+11,-2.86853e+10,1.47097e+11
8.91187e+06,544558,358182,-2.91626e+10,1.47304e+11,-2.88652e+10,1.47066e+11
8.91818e+06,545117,358863,-2.93467e+10,1.47267e+11,-2.90452e+10,1.47034e+11
8.92449e+06,545677,359545,-2.95307e+10,1.47231e+11,-2.92252e+10,1.47003e+11
8.9308e+06,546236,360228,-2.97147e+10,1.47194e+11,-2.94052e+10,1.46971e+11
8.93711e+06,546795,360912,-2.98986e+10,1.47157e+11,-2.95853e+10,1.46939e+11
8.94342e+06,547353,361596,-3.00825e+10,1.47119e+11,-2.97654e+10,1.46907e+11
8.94974e+06,547912,362281,-3.02663e+10,1.47082e+11,-2.99456e+10,1.46874e+11
8.95605e+06,548470,362966,-3.04501e+10,1.47044e+11,-3.01258e+10,1.46842e+11
8.96236e+06,549029,363652,-3.06338e+10,1.47006e+11,-3.0306e+10,1.46809e+11
8.96867e+06,549587,364339,-3.08175e+10,1.46967e+11,-3.04863e+10,1.46777e+11
8.97498e+06,550145,365027,-3.10012e+10,1.46929e+11,-3.06667e+10,1.46744e+11
8.98129e+06,550703,365715,-3.11848e+10,1.4689e+11,-3.08471e+10,1.4671e+11
8.9876e+06,551261,366404,-3.13683e+10,1.46851e+11,-3.10275e+10,1.46677e+11
8.99392e+06,551818,367094,-3.15518e+10,1.46812e+11,-3.1208e+10,1.46643e+11
9.00023e+06,552376,367784,-3.17352e+10,1.46772e+11,-3.13885e+10,1.4661e+11
9.00654e+06,552933,368475,-3.19186e+10,1.46733e+11,-3.15691e+10,1.46576e+11
9.01285e+06,553490,369167,-3.2102e+10,1.46693e+11,-3.17498e+10,1.46542e+11
9.01916e+06,554047,369860,-3.22853e+10,1.46653e+11,-3.19304e+10,1.46507e+11
9.02547e+06,554604,370553,-3.24685e+10,1.46612e+11,-3.21112e+10,1.46473e+11
9.03179e+06,555161,371247,-3.26517e+10,1.46572e+11,-3.2292e+10,1.46438e+11
9.0381e+06,555717,371941,-3.28348e+10,1.46531e+11,-3.24728e+10,1.46403e+11
9.04441e+06,556274,372637,-3.30179e+10,1.4649e+11,-3.26537e+10,1.46368e+11
9.05072e+06,556830,373333,-3.32009e+10,1.46449e+11,-3.28346e+10,1.46333e+11
9.05703e+06,557386,374029,-3.33839e+10,1.46407e+11,-3.30156e+10,1.46298e+11
9.06334e+06,557942,374727,-3.35668e+10,1.46365e+11,-3.31966e+10,1.46262e+11
9.06965e+06,558497,375425,-3.37497e+10,1.46323e+11,-3.33777e+10,1.46226e+11
9.07597e+06,559053,376124,-3.39325e+10,1.46281e+11,-3.35589e+10,1.4619e+11
9.08228e+06,559609,376823,-3.41152e+10,1.46239e+11,-3.37401e+10,1.46154e+11
9.08859e+06,560164,377523,-3.4298e+10,1.46196e+11,-3.39213e+10,1.46117e+11
9.0949e+06,560719,378224,-3.44806e+10,1.46153e+11,-3.41026e+10,1.46081e+11
9.10121e+06,561274,378926,-3.46632e+10,1.4611e+11,-3.4284e+10,1.46044e+11
9.10752e+06,561829,379628,-3.48457e+10,1.46067e+11,-3.44654e+10,1.46007e+11
9.11383e+06,562383,380331,-3.50282e+10,1.46023e+11,-3.46468e+10,1.4597e+11
9.12015e+06,562938,381034,-3.52106e+10,1.4598e+11,-3.48283e+10,1.45932e+11
9.12646e+06,563492,381739,-3.5393e+10,1.45936e+11,-3.50099e+10,1.45894e+11
9.13277e+06,564046,382444,-3.55753e+10,1.45891e+11,-3.51915e+10,1.45856e+11
9.13908e+06,564600,383149,-3.57576e+10,1.45847e+11,-3.53731e+10,1.45818e+11
9.14539e+06,565154,383856,-3.59398e+10,1.45802e+11,-3.55548e+10,1.4578e+11
9.1517e+06,565707,384563,-3.61219e+10,1.45757e+11,-3.57366e+10,1.45741e+11
9.15802e+06,566261,385270,-3.6304e+10,1.45712e+11,-3.59184e+10,1.45703e+11
9.16433e+06,566814,385979,-3.6486e+10,1.45667e+11,-3.61003e+10,1.45664e+11
9.17064e+06,567367,386688,-3.6668e+10,1.45621e+11,-3.62822e+10,1.45624e+11
9.17695e+06,567920,387398,-3.68499e+10,1.45575e+11,-3.64641e+10,1.45585e+11
9.18326e+06,568473,388108,-3.70318e+10,1.45529e+11,-3.66462e+10,1.45545e+11
9.18957e+06,569025,388820,-3.72136e+10,1.45483e+11,-3.68282e+10,1.45505e+11
9.19588e+06,569578,389531,-3.73953e+10,1.45436e+11,-3.70103e+10,1.45465e+11
9.2022e+06,570130,390244,-3.7577e+10,1.4539e+11,-3.71925e+10,1.45424e+11
9.20851e+06,570682,390957,-3.77586e+10,1.45343e+11,-3.73747e+10,1.45384e+11
9.21482e+06,571234,391671,-3.79401e+10,1.45295e+11,-3.75569e+10,1.45343e+11
9.22113e+06,571785,392386,-3.81216e+10,1.45248e+11,-3.77392e+10,1.45302e+11
9.22744e+06,572337,393101,-3.83031e+10,1.452e+11,-3.79216e+10,1.4526e+11
9.23375e+06,572888,393817,-3.84844e+10,1.45152e+11,-3.8104e+10,1.45219e+11
9.24007e+06,573439,394534,-3.86657e+10,1.45104e+11,-3.82864e+10,1.45177e+11
9.24638e+06,573990,395252,-3.8847e+10,1.45056e+11,-3.84689e+10,1.45135e+11
9.25269e+06,574541,395970,-3.90282e+10,1.45008e+11,-3.86514e+10,1.45092e+11
9.259e+06,575092,396688,-3.92093e+10,1.44959e+11,-3.8834e+10,1.4505e+11
9.26531e+06,575642,397408,-3.93904e+10,1.4491e+11,-3.90166e+10,1.45007e+11
9.27162e+06,576192,398128,-3.95714e+10,1.4486e+11,-3.91993e+10,1.44964e+11
9.27793e+06,576742,398849,-3.97523e+10,1.44811e+11,-3.9382e+10,1.4492e+11
9.28425e+06,577292,399570,-3.99332e+10,1.44761e+11,-3.95647e+10,1.44877e+11
9.29056e+06,577842,400293,-4.0114e+10,1.44711e+11,-3.97475e+10,1.44833e+11
9.29687e+06,578391,401016,-4.02947e+10,1.44661e+11,-3.99303e+10,1.44789e+11
9.30318e+06,578940,401739,-4.04754e+10,1.44611e+11,-4.01131e+10,1.44744e+11
9.30949e+06,579489,402463,-4.0656e+10,1.4456e+11,-4.0296e+10,1.447e+11
9.3158e+06,580038,403188,-4.08366e+10,1.4451e+11,-4.0479e+10,1.44655e+11
9.32212e+06,580587,403914,-4.10171e+10,1.44458e+11,-4.06619e+10,1.44609e+11
9.32843e+06,581135,404640,-4.11975e+10,1.44407e+11,-4.08449e+10,1.44564e+11
9.33474e+06,581684,405367,-4.13778e+10,1.44356e+11,-4.10279e+10,1.44518e+11
9.34105e+06,582232,406095,-4.15581e+10,1.44304e+11,-4.1211e+10,1.44472e+11
9.34736e+06,582780,406824,-4.17384e+10,1.44252e+11,-4.13941e+10,1.44426e+11
9.35367e+06,583327,407553,-4.19185e+10,1.442e+11,-4.15772e+10,1.44379e+11
9.35998e+06,583875,408282,-4.20986e+10,1.44148e+11,-4.17604e+10,1.44333e+11
9.3663e+06,584422,409013,-4.22786e+10,1.44095e+11,-4.19436e+10,1.44285e+11
9.37261e+06,584969,409744,-4.24586e+10,1.44042e+11,-4.21268e+10,1.44238e+11
9.37892e+06,585516,410476,-4.26385e+10,1.43989e+11,-4.231e+10,1.4419e+11
9.38523e+06,586063,411208,-4.28183e+10,1.43936e+11,-4.24933e+10,1.44143e+11
9.39154e+06,586609,411941,-4.29981e+10,1.43882e+11,-4.26766e+10,1.44094e+11
9.39785e+06,587156,412675,-4.31777e+10,1.43829e+11,-4.28599e+10,1.44046e+11
9.40416e+06,587702,413410,-4.33574e+10,1.43775e+11,-4.30432e+10,1.43997e+11
9.41048e+06,588248,414145,-4.35369e+10,1.4372e+11,-4.32266e+10,1.43948e+11
9.41679e+06,588793,414881,-4.37164e+10,1.43666e+11,-4.34099e+10,1.43899e+11
9.4231e+06,589339,415618,-4.38958e+10,1.43611e+11,-4.35933e+10,1.43849e+11
9.42941e+06,589884,416355,-4.40751e+10,1.43557e+11,-4.37767e+10,1.43799e+11
9.43572e+06,590429,417093,-4.42544e+10,1.43501e+11,-4.39602e+10,1.43749e+11
9.44203e+06,590974,417831,-4.44336e+10,1.43446e+11,-4.41436e+10,1.43698e+11
9.44835e+06,591518,418571,-4.46127e+10,1.43391e+11,-4.4327e+10,1.43647e+11
9.45466e+06,592063,419311,-4.47918e+10,1.43335e+11,-4.45105e+10,1.43596e+11
9.46097e+06,592607,420051,-4.49708e+10,1.43279e+11,-4.4694e+10,1.43545e+11
9.46728e+06,593151,420793,-4.51497e+10,1.43223e+11,-4.48774e+10,1.43493e+11
9.47359e+06,593695,421535,-4.53286e+10,1.43166e+11,-4.50609e+10,1.43441e+11
9.4799e+06,594238,422278,-4.55073e+10,1.4311e+11,-4.52444e+10,1.43389e+11
9.48621e+06,594782,423021,-4.5686e+10,1.43053e+11,-4.54279e+10,1.43336e+11
9.49253e+06,595325,423765,-4.58647e+10,1.42996e+11,-4.56114e+10,1.43283e+11
9.49884e+06,595868,424510,-4.60432e+10,1.42938e+11,-4.57949e+10,1.4323e+11
9.50515e+06,596410,425255,-4.62217e+10,1.42881e+11,-4.59784e+10,1.43177e+11
9.51146e+06,596953,426001,-4.64001e+10,1.42823e+11,-4.61619e+10,1.43123e+11
9.51777e+06,597495,426748,-4.65785e+10,1.42765e+11,-4.63454e+10,1.43069e+11
9.52408e+06,598037,427496,-4.67567e+10,1.42707e+11,-4.65288e+10,1.43014e+11
9.5304e+06,598579,428244,-4.69349e+10,1.42649e+11,-4.67123e+10,1.42959e+11
9.53671e+06,599120,428992,-4.7113e+10,1.4259e+11,-4.68958e+10,1.42904e+11
9.54302e+06,599662,429742,-4.72911e+10,1.42531e+11,-4.70792e+10,1.42849e+11
9.54933e+06,600203,430492,-4.74691e+10,1.42472e+11,-4.72627e+10,1.42793e+11
9.55564e+06,600744,431243,-4.7647e+10,1.42413e+11,-4.74461e+10,1.42737e+11
9.56195e+06,601285,431994,-4.78248e+10,1.42353e+11,-4.76295e+10,1.42681e+11
9.56826e+06,601825,432747,-4.80025e+10,1.42294e+11,-4.78129e+10,1.42624e+11
9.57458e+06,602365,433500,-4.81802e+10,1.42234e+11,-4.79963e+10,1.42567e+11
9.58089e+06,602905,434253,-4.83578e+10,1.42173e+11,-4.81796e+10,1.4251e+11
9.5872e+06,603445,435007,-4.85353e+10,1.42113e+11,-4.83629e+10,1.42452e+11
9.59351e+06,603984,435762,-4.87127e+10,1.42052e+11,-4.85462e+10,1.42395e+11
9.59982e+06,604524,436518,-4.88901e+10,1.41992e+11,-4.87295e+10,1.42336e+11
9.60613e+06,605063,437274,-4.90674e+10,1.41931e+11,-4.89128e+10,1.42278e+11
9.61244e+06,605602,438031,-4.92446e+10,1.41869e+11,-4.9096e+10,1.42219e+11
9.61876e+06,606140,438788,-4.94217e+10,1.41808e+11,-4.92792e+10,1.4216e+11
9.62507e+06,606679,439547,-4.95988e+10,1.41746e+11,-4.94623e+10,1.421e+11
9.63138e+06,607217,440306,-4.97758e+10,1.41684e+11,-4.96454e+10,1.4204e+11
9.63769e+06,607755,441065,-4.99527e+10,1.41622e+11,-4.98285e+10,1.4198e+11
9.644e+06,608292,441825,-5.01295e+10,1.4156e+11,-5.00115e+10,1.4192e+11
9.65031e+06,608830,442586,-5.03062e+10,1.41497e+11,-5.01945e+10,1.41859e+11
9.65663e+06,609367,443348,-5.04829e+10,1.41434e+11,-5.03774e+10,1.41798e+11
9.66294e+06,609904,444110,-5.06595e+10,1.41371e+11,-5.05603e+10,1.41736e+11
9.66925e+06,610441,444873,-5.0836e+10,1.41308e+11,-5.07432e+10,1.41675e+11
9.67556e+06,610977,445637,-5.10124e+10,1.41244e+11,-5.09259e+10,1.41612e+11
9.68187e+06,611513,446401,-5.11888e+10,1.41181e+11,-5.11087e+10,1.4155e+11
9.68818e+06,612049,447166,-5.1365e+10,1.41117e+11,-5.12914e+10,1.41487e+11
9.69449e+06,612585,447932,-5.15412e+10,1.41053e+11,-5.1474e+10,1.41424e+11
9.70081e+06,613121,448698,-5.17173e+10,1.40988e+11,-5.16565e+10,1.41361e+11
9.70712e+06,613656,449465,-5.18933e+10,1.40924e+11,-5.1839e+10,1.41297e+11
9.71343e+06,614191,450233,-5.20693e+10,1.40859e+11,-5.20215e+10,1.41233e+11
9.71974e+06,614726,451001,-5.22451e+10,1.40794e+11,-5.22039e+10,1.41169e+11
9.72605e+06,615260,451770,-5.24209e+10,1.40729e+11,-5.23862e+10,1.41104e+11
9.73236e+06,615794,452540,-5.25966e+10,1.40663e+11,-5.25684e+10,1.41039e+11
9.73868e+06,616328,453310,-5.27722e+10,1.40598e+11,-5.27505e+10,1.40973e+11
9.74499e+06,616862,454081,-5.29478e+10,1.40532e+11,-5.29326e+10,1.40908e+11
9.7513e+06,617396,454852,-5.31232e+10,1.40466e+11,-5.31146e+10,1.40842e+11
9.75761e+06,617929,455625,-5.32986e+10,1.40399e+11,-5.32966e+10,1.40775e+11
9.76392e+06,618462,456398,-5.34738e+10,1.40333e+11,-5.34784e+10,1.40708e+11
9.77023e+06,618995,457171,-5.3649e+10,1.40266e+11,-5.36602e+10,1.40641e+11
9.77654e+06,619527,457946,-5.38242e+10,1.40199e+11,-5.38418e+10,1.40574e+11
9.78286e+06,620059,458721,-5.39992e+10,1.40132e+11,-5.40234e+10,1.40506e+11
9.78917e+06,620591,459496,-5.41741e+10,1.40065e+11,-5.42049e+10,1.40438e+11
9.79548e+06,621123,460273,-5.4349e+10,1.39997e+11,-5.43863e+10,1.4037e+11
9.80179e+06,621655,461050,-5.45238e+10,1.39929e+11,-5.45676e+10,1.40301e+11
9.8081e+06,622186,461827,-5.46985e+10,1.39861e+11,-5.47488e+10,1.40232e+11
9.81441e+06,622717,462605,-5.48731e+10,1.39793e+11,-5.49299e+10,1.40163e+11
9.82073e+06,623247,463384,-5.50476e+10,1.39724e+11,-5.51109e+10,1.40093e+11
9.82704e+06,623778,464164,-5.52221e+10,1.39656e+11,-5.52918e+10,1.40023e+11
9.83335e+06,624308,464944,-5.53964e+10,1.39587e+11,-5.54726e+10,1.39953e+11
9.83966e+06,624838,465725,-5.55707e+10,1.39518e+11,-5.56533e+10,1.39882e+11
9.84597e+06,625368,466507,-5.57449e+10,1.39448e+11,-5.58339e+10,1.39811e+11
9.85228e+06,625897,467289,-5.59189e+10,1.39379e+11,-5.60143e+10,1.3974e+11
9.85859e+06,626426,468072,-5.60929e+10,1.39309e+11,-5.61947e+10,1.39668e+11
9.86491e+06,626955,468856,-5.62669e+10,1.39239e+11,-5.63749e+10,1.39596e+11
9.87122e+06,627484,469640,-5.64407e+10,1.39169e+11,-5.6555e+10,1.39524e+11
9.87753e+06,628012,470425,-5.66144e+10,1.39098e+11,-5.6735e+10,1.39451e+11
9.88384e+06,628540,471210,-5.67881e+10,1.39028e+11,-5.69148e+10,1.39378e+11
9.89015e+06,629068,471997,-5.69617e+10,1.38957e+11,-5.70946e+10,1.39305e+11
9.89646e+06,629595,472783,-5.71351e+10,1.38886e+11,-5.72742e+10,1.39231e+11
9.90277e+06,630122,473571,-5.73085e+10,1.38814e+11,-5.74536e+10,1.39157e+11
9.90909e+06,630649,474359,-5.74818e+10,1.38743e+11,-5.7633e+10,1.39083e+11
9.9154e+06,631176,475148,-5.76551e+10,1.38671e+11,-5.78122e+10,1.39008e+11
9.92171e+06,631703,475938,-5.78282e+10,1.38599e+11,-5.79912e+10,1.38934e+11
9.92802e+06,632229,476728,-5.80012e+10,1.38527e+11,-5.81702e+10,1.38858e+11
9.93433e+06,632755,477519,-5.81742e+10,1.38455e+11,-5.83489e+10,1.38783e+11
9.94064e+06,633280,478310,-5.8347e+10,1.38382e+11,-5.85276e+10,1.38707e+11
9.94696e+06,633805,479102,-5.85198e+10,1.38309e+11,-5.87061e+10,1.38631e+11
9.95327e+06,634330,479895,-5.86924e+10,1.38236e+11,-5.88844e+10,1.38554e+11
9.95958e+06,634855,480688,-5.8865e+10,1.38163e+11,-5.90626e+10,1.38478e+11
9.96589e+06,635380,481482,-5.90375e+10,1.3809e+11,-5.92406e+10,1.38401e+11
9.9722e+06,635904,482277,-5.92099e+10,1.38016e+11,-5.94185e+10,1.38323e+11
9.97851e+06,636428,483073,-5.93822e+10,1.37942e+11,-5.95962e+10,1.38245e+11
9.98482e+06,636951,483869,-5.95544e+10,1.37868e+11,-5.97738e+10,1.38167e+11
9.99114e+06,637475,484665,-5.97266e+10,1.37794e+11,-5.99512e+10,1.38089e+11
9.99745e+06,637998,485463,-5.98986e+10,1.37719e+11,-6.01285e+10,1.3801e+11
1.00038e+07,638521,486261,-6.00705e+10,1.37644e+11,-6.03055e+10,1.37932e+11
1.00101e+07,639043,487060,-6.02424e+10,1.37569e+11,-6.04825e+10,1.37852e+11
1.00164e+07,639565,487859,-6.04141e+10,1.37494e+11,-6.06592e+10,1.37773e+11
1.00227e+07,640087,488659,-6.05858e+10,1.37419e+11,-6.08358e+10,1.37693e+11
1.0029e+07,640609,489460,-6.07574e+10,1.37343e+11,-6.10122e+10,1.37613e+11
1.00353e+07,641130,490261,-6.09288e+10,1.37268e+11,-6.11884e+10,1.37532e+11
1.00416e+07,641651,491063,-6.11002e+10,1.37192e+11,-6.13645e+10,1.37452e+11
1.00479e+07,642172,491865,-6.12715e+10,1.37115e+11,-6.15403e+10,1.37371e+11
1.00543e+07,642693,492669,-6.14427e+10,1.37039e+11,-6.1716e+10,1.37289e+11
1.00606e+07,643213,493472,-6.16138e+10,1.36962e+11,-6.18916e+10,1.37208e+11
1.00669e+07,643733,494277,-6.17848e+10,1.36885e+11,-6.20669e+10,1.37126e+11
1.00732e+07,644252,495082,-6.19557e+10,1.36808e+11,-6.2242e+10,1.37044e+11
1.00795e+07,644772,495888,-6.21265e+10,1.36731e+11,-6.2417e+10,1.36961e+11
1.00858e+07,645291,496695,-6.22972e+10,1.36654e+11,-6.25918e+10,1.36878e+11
1.00921e+07,645809,497502,-6.24678e+10,1.36576e+11,-6.27664e+10,1.36795e+11
1.00984e+07,646328,498309,-6.26383e+10,1.36498e+11,-6.29408e+10,1.36712e+11
1.01047e+07,646846,499118,-6.28088e+10,1.3642e+11,-6.3115e+10,1.36628e+11
1.01111e+07,647364,499927,-6.29791e+10,1.36341e+11,-6.3289e+10,1.36544e+11
1.01174e+07,647881,500737,-6.31493e+10,1.36263e+11,-6.34628e+10,1.3646e+11
1.01237e+07,648399,501547,-6.33195e+10,1.36184e+11,-6.36364e+10,1.36376e+11
1.013e+07,648916,502358,-6.34895e+10,1.36105e+11,-6.38098e+10,1.36291e+11
1.01363e+07,649432,503170,-6.36594e+10,1.36026e+11,-6.39831e+10,1.36206e+11
1.01426e+07,649949,503982,-6.38293e+10,1.35947e+11,-6.41561e+10,1.36121e+11
1.01489e+07,650465,504795,-6.3999e+10,1.35867e+11,-6.43289e+10,1.36036e+11
1.01552e+07,650980,505609,-6.41687e+10,1.35787e+11,-6.45015e+10,1.3595e+11
1.01615e+07,651496,506423,-6.43382e+10,1.35707e+11,-6.4674e+10,1.35864e+11
1.01679e+07,652011,507238,-6.45076e+10,1.35627e+11,-6.48462e+10,1.35777e+11
1.01742e+07,652526,508053,-6.4677e+10,1.35546e+11,-6.50182e+10,1.35691e+11
1.01805e+07,653040,508869,-6.48462e+10,1.35466e+11,-6.519e+10,1.35604e+11
1.01868e+07,653554,509686,-6.50154e+10,1.35385e+11,-6.53616e+10,1.35517e+11
1.01931e+07,654068,510504,-6.51844e+10,1.35304e+11,-6.55329e+10,1.3543e+11
1.01994e+07,654582,511322,-6.53534e+10,1.35222e+11,-6.57041e+10,1.35342e+11
1.02057e+07,655095,512140,-6.55222e+10,1.35141e+11,-6.58751e+10,1.35254e+11
1.0212e+07,655608,512960,-6.5691e+10,1.35059e+11,-6.60458e+10,1.35166e+11
1.02184e+07,656121,513780,-6.58596e+10,1.34977e+11,-6.62163e+10,1.35078e+11
1.02247e+07,656633,514600,-6.60281e+10,1.34895e+11,-6.63867e+10,1.3499e+11
1.0231e+07,657145,515422,-6.61966e+10,1.34813e+11,-6.65568e+10,1.34901e+11
1.02373e+07,657657,516244,-6.63649e+10,1.3473e+11,-6.67267e+10,1.34812e+11
1.02436e+07,658168,517066,-6.65332e+10,1.34647e+11,-6.68963e+10,1.34723e+11
1.02499e+07,658679,517889,-6.67013e+10,1.34564e+11,-6.70658e+10,1.34633e+11
1.02562e+07,659190,518713,-6.68693e+10,1.34481e+11,-6.7235e+10,1.34543e+11
1.02625e+07,659701,519538,-6.70372e+10,1.34398e+11,-6.74041e+10,1.34454e+11
1.02688e+07,660211,520363,-6.72051e+10,1.34314e+11,-6.75729e+10,1.34363e+11
1.02752e+07,660720,521189,-6.73728e+10,1.3423e+11,-6.77414e+10,1.34273e+11
1.02815e+07,661230,522015,-6.75404e+10,1.34146e+11,-6.79098e+10,1.34182e+11
1.02878e+07,661739,522842,-6.77079e+10,1.34062e+11,-6.80779e+10,1.34092e+11
1.02941e+07,662248,523670,-6.78753e+10,1.33978e+11,-6.82459e+10,1.34001e+11
1.03004e+07,662757,524498,-6.80426e+10,1.33893e+11,-6.84136e+10,1.33909e+11
1.03067e+07,663265,525327,-6.82098e+10,1.33808e+11,-6.85811e+10,1.33818e+11
1.0313e+07,663773,526157,-6.83769e+10,1.33723e+11,-6.87483e+10,1.33726e+11
1.03193e+07,664280,526987,-6.85439e+10,1.33638e+11,-6.89153e+10,1.33634e+11
1.03256e+07,664787,527818,-6.87108e+10,1.33552e+11,-6.90822e+10,1.33542e+11
1.0332e+07,665294,528649,-6.88776e+10,1.33467e+11,-6.92488e+10,1.3345e+11
1.03383e+07,665801,529481,-6.90443e+10,1.33381e+11,-6.94151e+10,1.33357e+11
1.03446e+07,666307,530314,-6.92108e+10,1.33295e+11,-6.95813e+10,1.33265e+11
1.03509e+07,666813,531147,-6.93773e+10,1.33208e+11,-6.97472e+10,1.33172e+11
1.03572e+07,667319,531981,-6.95436e+10,1.33122e+11,-6.99129e+10,1.33079e+11
1.03635e+07,667824,532816,-6.97099e+10,1.33035e+11,-7.00784e+10,1.32985e+11
1.03698e+07,668329,533651,-6.9876e+10,1.32948e+11,-7.02436e+10,1.32892e+11
1.03761e+07,668833,534487,-7.00421e+10,1.32861e+11,-7.04087e+10,1.32798e+11
1.03825e+07,669338,535324,-7.0208e+10,1.32773e+11,-7.05735e+10,1.32704e+11
1.03888e+07,669842,536161,-7.03738e+10,1.32686e+11,-7.07381e+10,1.3261e+11
1.03951e+07,670345,536999,-7.05395e+10,1.32598e+11,-7.09024e+10,1.32516e+11
1.04014e+07,670849,537837,-7.07051e+10,1.3251e+11,-7.10666e+10,1.32422e+11
1.04077e+07,671351,538676,-7.08706e+10,1.32422e+11,-7.12305e+10,1.32327e+11
1.0414e+07,671854,539516,-7.1036e+10,1.32334e+11,-7.13942e+10,1.32232e+11
1.04203e+07,672356,540356,-7.12012e+10,1.32245e+11,-7.15577e+10,1.32137e+11
1.04266e+07,672858,541197,-7.13664e+10,1.32156e+11,-7.17209e+10,1.32042e+11
1.04329e+07,673360,542038,-7.15314e+10,1.32067e+11,-7.1884e+10,1.31947e+11
1.04393e+07,673861,542881,-7.16964e+10,1.31978e+11,-7.20468e+10,1.31852e+11
1.04456e+07,674362,543723,-7.18612e+10,1.31888e+11,-7.22094e+10,1.31756e+11
1.04519e+07,674863,544567,-7.20259e+10,1.31799e+11,-7.23718e+10,1.3166e+11
1.04582e+07,675363,545411,-7.21905e+10,1.31709e+11,-7.25339e+10,1.31564e+11
1.04645e+07,675863,546256,-7.2355e+10,1.31619e+11,-7.26959e+10,1.31468e+11
1.04708e+07,676362,547101,-7.25194e+10,1.31529e+11,-7.28576e+10,1.31372e+11
1.04771e+07,676861,547947,-7.26837e+10,1.31438e+11,-7.30191e+10,1.31275e+11
1.04834e+07,677360,548793,-7.28479e+10,1.31348e+11,-7.31804e+10,1.31179e+11
1.04897e+07,677859,549640,-7.30119e+10,1.31257e+11,-7.33414e+10,1.31082e+11
1.04961e+07,678357,550488,-7.31758e+10,1.31166e+11,-7.35023e+10,1.30985e+11
1.05024e+07,678855,551337,-7.33397e+10,1.31074e+11,-7.36629e+10,1.30888e+11
1.05087e+07,679352,552186,-7.35034e+10,1.30983e+11,-7.38234e+10,1.30791e+11
1.0515e+07,679849,553035,-7.3667e+10,1.30891e+11,-7.39836e+10,1.30694e+11
1.05213e+07,680346,553886,-7.38305e+10,1.30799e+11,-7.41436e+10,1.30596e+11
1.05276e+07,680843,554737,-7.39938e+10,1.30707e+11,-7.43034e+10,1.30499e+11
1.05339e+07,681339,555588,-7.41571e+10,1.30615e+11,-7.4463e+10,1.30401e+11
1.05402e+07,681834,556440,-7.43202e+10,1.30522e+11,-7.46223e+10,1.30303e+11
1.05465e+07,682330,557293,-7.44832e+10,1.3043e+11,-7.47815e+10,1.30205e+11
1.05529e+07,682825,558146,-7.46462e+10,1.30337e+11,-7.49405e+10,1.30107e+11
1.05592e+07,683319,559000,-7.4809e+10,1.30244e+11,-7.50992e+10,1.30009e+11
1.05655e+07,683814,559855,-7.49716e+10,1.3015e+11,-7.52578e+10,1.2991e+11
1.05718e+07,684308,560710,-7.51342e+10,1.30057e+11,-7.54161e+10,1.29812e+11
1.05781e+07,684801,561566,-7.52966e+10,1.29963e+11,-7.55742e+10,1.29713e+11
1.05844e+07,685294,562422,-7.5459e+10,1.29869e+11,-7.57322e+10,1.29614e+11
1.05907e+07,685787,563279,-7.56212e+10,1.29775e+11,-7.58899e+10,1.29515e+11
1.0597e+07,686280,564137,-7.57833e+10,1.29681e+11,-7.60474e+10,1.29416e+11
1.06034e+07,686772,564995,-7.59453e+10,1.29586e+11,-7.62048e+10,1.29317e+11
1.06097e+07,687264,565854,-7.61071e+10,1.29491e+11,-7.63619e+10,1.29218e+11
1.0616e+07,687755,566714,-7.62689e+10,1.29396e+11,-7.65188e+10,1.29118e+11
1.06223e+07,688246,567574,-7.64305e+10,1.29301e+11,-7.66756e+10,1.29019e+11
1.06286e+07,688737,568435,-7.6592e+10,1.29206e+11,-7.68321e+10,1.28919e+11
1.06349e+07,689227,569296,-7.67534e+10,1.2911e+11,-7.69885e+10,1.28819e+11
1.06412e+07,689717,570158,-7.69147e+10,1.29014e+11,-7.71446e+10,1.2872e+11
1.06475e+07,690207,571021,-7.70758e+10,1.28918e+11,-7.73006e+10,1.2862e+11
1.06538e+07,690696,571884,-7.72369e+10,1.28822e+11,-7.74564e+10,1.28519e+11
1.06602e+07,691185,572748,-7.73978e+10,1.28726e+11,-7.7612e+10,1.28419e+11
1.06665e+07,691674,573612,-7.75586e+10,1.28629e+11,-7.77674e+10,1.28319e+11
1.06728e+07,692162,574477,-7.77192e+10,1.28533e+11,-7.79226e+10,1.28219e+11
1.06791e+07,692650,575343,-7.78798e+10,1.28436e+11,-7.80776e+10,1.28118e+11
1.06854e+07,693137,576209,-7.80402e+10,1.28338e+11,-7.82325e+10,1.28017e+11
1.06917e+07,693624,577076,-7.82005e+10,1.28241e+11,-7.83872e+10,1.27917e+11
1.0698e+07,694111,577943,-7.83607e+10,1.28143e+11,-7.85417e+10,1.27816e+11
1.07043e+07,694597,578811,-7.85208e+10,1.28046e+11,-7.8696e+10,1.27715e+11
1.07106e+07,695083,579680,-7.86807e+10,1.27948e+11,-7.88501e+10,1.27614e+11
1.0717e+07,695569,580549,-7.88406e+10,1.27849e+11,-7.90041e+10,1.27513e+11
1.07233e+07,696054,581419,-7.90003e+10,1.27751e+11,-7.91579e+10,1.27412e+11
1.07296e+07,696539,582290,-7.91598e+10,1.27652e+11,-7.93115e+10,1.2731e+11
1.07359e+07,697023,583161,-7.93193e+10,1.27554e+11,-7.9465e+10,1.27209e+11
1.07422e+07,697507,584033,-7.94786e+10,1.27455e+11,-7.96183e+10,1.27107e+11
1.07485e+07,697991,584905,-7.96378e+10,1.27356e+11,-7.97714e+10,1.27006e+11
1.07548e+07,698474,585778,-7.97969e+10,1.27256e+11,-7.99243e+10,1.26904e+11
1.07611e+07,698957,586651,-7.99559e+10,1.27157e+11,-8.00771e+10,1.26802e+11
1.07675e+07,699440,587526,-8.01147e+10,1.27057e+11,-8.02298e+10,1.267e+11
1.07738e+07,699922,588400,-8.02734e+10,1.26957e+11,-8.03822e+10,1.26598e+11
1.07801e+07,700403,589276,-8.0432e+10,1.26857e+11,-8.05345e+10,1.26496e+11
1.07864e+07,700885,590152,-8.05905e+10,1.26756e+11,-8.06867e+10,1.26394e+11
1.07927e+07,701366,591028,-8.07488e+10,1.26656e+11,-8.08387e+10,1.26292e+11
1.0799e+07,701847,591905,-8.0907e+10,1.26555e+11,-8.09905e+10,1.26189e+11
1.08053e+07,702327,592783,-8.10651e+10,1.26454e+11,-8.11422e+10,1.26087e+11
1.08116e+07,702807,593661,-8.12231e+10,1.26353e+11,-8.12938e+10,1.25985e+11
1.08179e+07,703286,594540,-8.13809e+10,1.26251e+11,-8.14451e+10,1.25882e+11
1.08243e+07,703765,595420,-8.15386e+10,1.2615e+11,-8.15964e+10,1.25779e+11
1.08306e+07,704244,596300,-8.16962e+10,1.26048e+11,-8.17475e+10,1.25676e+11
1.08369e+07,704722,597181,-8.18537e+10,1.25946e+11,-8.18984e+10,1.25574e+11
1.08432e+07,705200,598062,-8.2011e+10,1.25844e+11,-8.20493e+10,1.25471e+11
1.08495e+07,705678,598944,-8.21682e+10,1.25741e+11,-8.21999e+10,1.25368e+11
1.08558e+07,706155,599826,-8.23253e+10,1.25639e+11,-8.23505e+10,1.25265e+11
1.08621e+07,706632,600709,-8.24822e+10,1.25536e+11,-8.25009e+10,1.25161e+11
1.08684e+07,707108,601593,-8.2639e+10,1.25433e+11,-8.26511e+10,1.25058e+11
1.08747e+07,707584,602477,-8.27957e+10,1.2533e+11,-8.28012e+10,1.24955e+11
1.08811e+07,708060,603362,-8.29523e+10,1.25227e+11,-8.29512e+10,1.24851e+11
1.08874e+07,708535,604248,-8.31087e+10,1.25123e+11,-8.31011e+10,1.24748e+11
1.08937e+07,709010,605134,-8.3265e+10,1.25019e+11,-8.32509e+10,1.24644e+11
1.09e+07,709484,606020,-8.34212e+10,1.24915e+11,-8.34005e+10,1.2454e+11
1.09063e+07,709958,606908,-8.35772e+10,1.24811e+11,-8.355e+10,1.24437e+11
1.09126e+07,710432,607796,-8.37331e+10,1.24707e+11,-8.36993e+10,1.24333e+11
1.09189e+07,710905,608684,-8.38889e+10,1.24602e+11,-8.38486e+10,1.24229e+11
1.09252e+07,711378,609573,-8.40445e+10,1.24498e+11,-8.39977e+10,1.24125e+11
1.09316e+07,711850,610463,-8.42e+10,1.24393e+11,-8.41467e+10,1.24021e+11
1.09379e+07,712322,611353,-8.43554e+10,1.24288e+11,-8.42956e+10,1.23917e+11
1.09442e+07,712794,612244,-8.45107e+10,1.24182e+11,-8.44444e+10,1.23812e+11
1.09505e+07,713265,613135,-8.46658e+10,1.24077e+11,-8.4593e+10,1.23708e+11
1.09568e+07,713736,614027,-8.48208e+10,1.23971e+11,-8.47416e+10,1.23603e+11
1.09631e+07,714207,614920,-8.49756e+10,1.23865e+11,-8.489e+10,1.23499e+11
1.09694e+07,714677,615813,-8.51303e+10,1.23759e+11,-8.50384e+10,1.23394e+11
1.09757e+07,715146,616707,-8.52849e+10,1.23653e+11,-8.51866e+10,1.2329e+11
1.0982e+07,715615,617601,-8.54394e+10,1.23546e+11,-8.53347e+10,1.23185e+11
1.09884e+07,716084,618496,-8.55937e+10,1.2344e+11,-8.54827e+10,1.2308e+11
1.09947e+07,716553,619391,-8.57479e+10,1.23333e+11,-8.56306e+10,1.22975e+11
1.1001e+07,717021,620287,-8.59019e+10,1.23226e+11,-8.57785e+10,1.2287e+11
1.10073e+07,717488,621184,-8.60559e+10,1.23118e+11,-8.59262e+10,1.22765e+11
1.10136e+07,717955,622081,-8.62096e+10,1.23011e+11,-8.60738e+10,1.2266e+11
1.10199e+07,718422,622979,-8.63633e+10,1.22903e+11,-8.62213e+10,1.22554e+11
1.10262e+07,718889,623877,-8.65168e+10,1.22796e+11,-8.63688e+10,1.22449e+11
1.10325e+07,719355,624776,-8.66702e+10,1.22688e+11,-8.65161e+10,1.22343e+11
1.10388e+07,719820,625676,-8.68234e+10,1.22579e+11,-8.66634e+10,1.22238e+11
1.10452e+07,720285,626576,-8.69765e+10,1.22471e+11,-8.68106e+10,1.22132e+11
1.10515e+07,720750,627477,-8.71295e+10,1.22362e+11,-8.69576e+10,1.22026e+11
1.10578e+07,721214,628378,-8.72823e+10,1.22253e+11,-8.71046e+10,1.21921e+11
1.10641e+07,721678,629280,-8.7435e+10,1.22144e+11,-8.72515e+10,1.21815e+11
1.10704e+07,722142,630183,-8.75876e+10,1.22035e+11,-8.73984e+10,1.21709e+11
1.10767e+07,722605,631086,-8.774e+10,1.21926e+11,-8.75451e+10,1.21602e+11
1.1083e+07,723067,631989,-8.78923e+10,1.21816e+11,-8.76918e+10,1.21496e+11
1.10893e+07,723530,632894,-8.80444e+10,1.21707e+11,-8.78384e+10,1.2139e+11
1.10957e+07,723991,633798,-8.81964e+10,1.21597e+11,-8.79849e+10,1.21284e+11
1.1102e+07,724453,634704,-8.83483e+10,1.21487e+11,-8.81313e+10,1.21177e+11
1.11083e+07,724914,635610,-8.85001e+10,1.21376e+11,-8.82777e+10,1.2107e+11
1.11146e+07,725374,636516,-8.86516e+10,1.21266e+11,-8.84239e+10,1.20964e+11
1.11209e+07,725834,637423,-8.88031e+10,1.21155e+11,-8.85702e+10,1.20857e+11
1.11272e+07,726294,638331,-8.89544e+10,1.21044e+11,-8.87163e+10,1.2075e+11
1.11335e+07,726754,639239,-8.91056e+10,1.20933e+11,-8.88624e+10,1.20643e+11
1.11398e+07,727212,640148,-8.92566e+10,1.20822e+11,-8.90084e+10,1.20536e+11
1.11461e+07,727671,641057,-8.94075e+10,1.2071e+11,-8.91543e+10,1.20429e+11
1.11525e+07,728129,641967,-8.95583e+10,1.20599e+11,-8.93002e+10,1.20321e+11
1.11588e+07,728586,642878,-8.97089e+10,1.20487e+11,-8.9446e+10,1.20214e+11
1.11651e+07,729044,643789,-8.98594e+10,1.20375e+11,-8.95917e+10,1.20106e+11
1.11714e+07,729500,644701,-9.00097e+10,1.20263e+11,-8.97374e+10,1.19998e+11
1.11777e+07,729957,645613,-9.01599e+10,1.2015e+11,-8.9883e+10,1.19891e+11
1.1184e+07,730413,646526,-9.03099e+10,1.20038e+11,-9.00286e+10,1.19783e+11
1.11903e+07,730868,647439,-9.04599e+10,1.19925e+11,-9.01741e+10,1.19675e+11
1.11966e+07,731323,648353,-9.06096e+10,1.19812e+11,-9.03195e+10,1.19567e+11
1.12029e+07,731778,649267,-9.07592e+10,1.19699e+11,-9.04649e+10,1.19458e+11
1.12093e+07,732232,650183,-9.09087e+10,1.19585e+11,-9.06102e+10,1.1935e+11
1.12156e+07,732686,651098,-9.10581e+10,1.19472e+11,-9.07555e+10,1.19242e+11
1.12219e+07,733139,652014,-9.12073e+10,1.19358e+11,-9.09007e+10,1.19133e+11
1.12282e+07,733592,652931,-9.13563e+10,1.19244e+11,-9.10458e+10,1.19024e+11
1.12345e+07,734044,653849,-9.15052e+10,1.1913e+11,-9.1191e+10,1.18915e+11
1.12408e+07,734496,654766,-9.1654e+10,1.19016e+11,-9.1336e+10,1.18806e+11
1.12471e+07,734948,655685,-9.18026e+10,1.18901e+11,-9.1481e+10,1.18697e+11
1.12534e+07,735399,656604,-9.19511e+10,1.18787e+11,-9.1626e+10,1.18588e+11
1.12598e+07,735850,657524,-9.20994e+10,1.18672e+11,-9.17708e+10,1.18479e+11
1.12661e+07,736300,658444,-9.22476e+10,1.18557e+11,-9.19157e+10,1.18369e+11
1.12724e+07,736750,659364,-9.23956e+10,1.18441e+11,-9.20605e+10,1.1826e+11
1.12787e+07,737199,660286,-9.25435e+10,1.18326e+11,-9.22052e+10,1.1815e+11
1.1285e+07,737648,661208,-9.26913e+10,1.18211e+11,-9.23499e+10,1.1804e+11
1.12913e+07,738097,662130,-9.28389e+10,1.18095e+11,-9.24946e+10,1.1793e+11
1.12976e+07,738545,663053,-9.29864e+10,1.17979e+11,-9.26392e+10,1.1782e+11
1.13039e+07,738993,663976,-9.31337e+10,1.17863e+11,-9.27838e+10,1.1771e+11
1.13102e+07,739440,664901,-9.32808e+10,1.17746e+11,-9.29283e+10,1.17599e+11
1.13166e+07,739887,665825,-9.34279e+10,1.1763e+11,-9.30727e+10,1.17488e+11
1.13229e+07,740333,666750,-9.35747e+10,1.17513e+11,-9.32172e+10,1.17378e+11
1.13292e+07,740779,667676,-9.37215e+10,1.17396e+11,-9.33616e+10,1.17267e+11
1.13355e+07,741224,668602,-9.3868e+10,1.17279e+11,-9.35059e+10,1.17156e+11
1.13418e+07,741669,669529,-9.40145e+10,1.17162e+11,-9.36502e+10,1.17045e+11
1.13481e+07,742114,670457,-9.41608e+10,1.17045e+11,-9.37944e+10,1.16933e+11
1.13544e+07,742558,671385,-9.43069e+10,1.16927e+11,-9.39386e+10,1.16822e+11
1.13607e+07,743002,672313,-9.44529e+10,1.16809e+11,-9.40828e+10,1.1671e+11
1.1367e+07,743445,673242,-9.45987e+10,1.16691e+11,-9.42269e+10,1.16598e+11
1.13734e+07,743888,674172,-9.47444e+10,1.16573e+11,-9.4371e+10,1.16487e+11
1.13797e+07,744330,675102,-9.48899e+10,1.16455e+11,-9.4515e+10,1.16374e+11
1.1386e+07,744772,676033,-9.50353e+10,1.16336e+11,-9.4659e+10,1.16262e+11
1.13923e+07,745213,676964,-9.51806e+10,1.16217e+11,-9.48029e+10,1.1615e+11
1.13986e+07,745654,677896,-9.53257e+10,1.16099e+11,-9.49468e+10,1.16037e+11
1.14049e+07,746095,678828,-9.54706e+10,1.1598e+11,-9.50907e+10,1.15924e+11
1.14112e+07,746535,679761,-9.56154e+10,1.1586e+11,-9.52345e+10,1.15812e+11
1.14175e+07,746974,680695,-9.57601e+10,1.15741e+11,-9.53783e+10,1.15698e+11
1.14239e+07,747413,681629,-9.59045e+10,1.15621e+11,-9.5522e+10,1.15585e+11
1.14302e+07,747852,682563,-9.60489e+10,1.15501e+11,-9.56657e+10,1.15472e+11
1.14365e+07,748290,683499,-9.61931e+10,1.15382e+11,-9.58094e+10,1.15358e+11
1.14428e+07,748728,684434,-9.63371e+10,1.15261e+11,-9.5953e+10,1.15244e+11
1.14491e+07,749165,685371,-9.6481e+10,1.15141e+11,-9.60965e+10,1.1513e+11
1.14554e+07,749602,686307,-9.66247e+10,1.15021e+11,-9.62401e+10,1.15016e+11
1.14617e+07,750039,687245,-9.67683e+10,1.149e+11,-9.63835e+10,1.14902e+11
1.1468e+07,750475,688182,-9.69118e+10,1.14779e+11,-9.6527e+10,1.14788e+11
1.14743e+07,750910,689121,-9.7055e+10,1.14658e+11,-9.66703e+10,1.14673e+11
1.14807e+07,751345,690060,-9.71982e+10,1.14537e+11,-9.68137e+10,1.14558e+11
1.1487e+07,751780,690999,-9.73411e+10,1.14415e+11,-9.6957e+10,1.14443e+11
1.14933e+07,752214,691939,-9.7484e+10,1.14294e+11,-9.71002e+10,1.14328e+11
1.14996e+07,752648,692880,-9.76266e+10,1.14172e+11,-9.72434e+10,1.14212e+11
1.15059e+07,753081,693821,-9.77691e+10,1.1405e+11,-9.73866e+10,1.14097e+11
1.15122e+07,753513,694763,-9.79115e+10,1.13928e+11,-9.75297e+10,1.13981e+11
1.15185e+07,753946,695705,-9.80537e+10,1.13806e+11,-9.76728e+10,1.13865e+11
1.15248e+07,754378,696648,-9.81957e+10,1.13683e+11,-9.78158e+10,1.13749e+11
1.15311e+07,754809,697591,-9.83376e+10,1.13561e+11,-9.79588e+10,1.13632e+11
1.15375e+07,755240,698535,-9.84794e+10,1.13438e+11,-9.81017e+10,1.13516e+11
1.15438e+07,755670,699479,-9.8621e+10,1.13315e+11,-9.82446e+10,1.13399e+11
1.15501e+07,756100,700424,-9.87624e+10,1.13192e+11,-9.83874e+10,1.13282e+11
1.15564e+07,756529,701369,-9.89037e+10,1.13068e+11,-9.85302e+10,1.13165e+11
1.15627e+07,756958,702315,-9.90448e+10,1.12945e+11,-9.86729e+10,1.13048e+11
1.1569e+07,757387,703262,-9.91858e+10,1.12821e+11,-9.88156e+10,1.1293e+11
1.15753e+07,757815,704209,-9.93266e+10,1.12697e+11,-9.89582e+10,1.12812e+11
1.15816e+07,758243,705156,-9.94672e+10,1.12573e+11,-9.91008e+10,1.12694e+11
1.1588e+07,758670,706105,-9.96077e+10,1.12449e+11,-9.92433e+10,1.12576e+11
1.15943e+07,759096,707053,-9.97481e+10,1.12324e+11,-9.93857e+10,1.12458e+11
1.16006e+07,759523,708002,-9.98883e+10,1.122e+11,-9.95281e+10,1.12339e+11
1.16069e+07,759948,708952,-1.00028e+11,1.12075e+11,-9.96705e+10,1.1222e+11
1.16132e+07,760373,709902,-1.00168e+11,1.1195e+11,-9.98128e+10,1.12101e+11
1.16195e+07,760798,710853,-1.00308e+11,1.11825e+11,-9.9955e+10,1.11982e+11
1.16258e+07,761222,711804,-1.00447e+11,1.117e+11,-1.00097e+11,1.11862e+11
1.16321e+07,761646,712756,-1.00587e+11,1.11574e+11,-1.00239e+11,1.11743e+11
1.16384e+07,762070,713708,-1.00726e+11,1.11449e+11,-1.00381e+11,1.11623e+11
1.16448e+07,762492,714661,-1.00865e+11,1.11323e+11,-1.00523e+11,1.11502e+11
1.16511e+07,762915,715615,-1.01004e+11,1.11197e+11,-1.00665e+11,1.11382e+11
1.16574e+07,763337,716569,-1.01143e+11,1.11071e+11,-1.00807e+11,1.11261e+11
1.16637e+07,763758,717523,-1.01281e+11,1.10945e+11,-1.00949e+11,1.11141e+11
1.167e+07,764179,718478,-1.0142e+11,1.10818e+11,-1.01091e+11,1.1102e+11
1.16763e+07,764599,719434,-1.01558e+11,1.10691e+11,-1.01232e+11,1.10898e+11
1.16826e+07,765019,720390,-1.01696e+11,1.10565e+11,-1.01374e+11,1.10777e+11
1.16889e+07,765439,721346,-1.01834e+11,1.10438e+11,-1.01515e+11,1.10655e+11
1.16952e+07,765858,722303,-1.01972e+11,1.1031e+11,-1.01657e+11,1.10533e+11
1.17016e+07,766276,723261,-1.0211e+11,1.10183e+11,-1.01798e+11,1.10411e+11
1.17079e+07,766694,724219,-1.02247e+11,1.10056e+11,-1.0194e+11,1.10288e+11
1.17142e+07,767112,725178,-1.02385e+11,1.09928e+11,-1.02081e+11,1.10166e+11
1.17205e+07,767529,726137,-1.02522e+11,1.098e+11,-1.02222e+11,1.10043e+11
1.17268e+07,767946,727096,-1.02659e+11,1.09672e+11,-1.02363e+11,1.0992e+11
1.17331e+07,768362,728057,-1.02796e+11,1.09544e+11,-1.02504e+11,1.09796e+11
1.17394e+07,768777,729017,-1.02932e+11,1.09416e+11,-1.02645e+11,1.09672e+11
1.17457e+07,769192,729979,-1.03069e+11,1.09287e+11,-1.02786e+11,1.09549e+11
1.17521e+07,769607,730940,-1.03205e+11,1.09158e+11,-1.02927e+11,1.09424e+11
1.17584e+07,770021,731903,-1.03341e+11,1.09029e+11,-1.03067e+11,1.093e+11
1.17647e+07,770435,732865,-1.03477e+11,1.089e+11,-1.03208e+11,1.09175e+11
1.1771e+07,770848,733829,-1.03613e+11,1.08771e+11,-1.03348e+11,1.09051e+11
1.17773e+07,771261,734793,-1.03749e+11,1.08642e+11,-1.03489e+11,1.08925e+11
1.17836e+07,771673,735757,-1.03885e+11,1.08512e+11,-1.03629e+11,1.088e+11
1.17899e+07,772084,736722,-1.0402e+11,1.08383e+11,-1.03769e+11,1.08675e+11
1.17962e+07,772496,737687,-1.04155e+11,1.08253e+11,-1.0391e+11,1.08549e+11
1.18025e+07,772906,738653,-1.0429e+11,1.08123e+11,-1.0405e+11,1.08423e+11
1.18089e+07,773317,739619,-1.04425e+11,1.07992e+11,-1.0419e+11,1.08296e+11
1.18152e+07,773726,740586,-1.0456e+11,1.07862e+11,-1.0433e+11,1.0817e+11
1.18215e+07,774135,741554,-1.04694e+11,1.07731e+11,-1.04469e+11,1.08043e+11
1.18278e+07,774544,742522,-1.04829e+11,1.07601e+11,-1.04609e+11,1.07916e+11
1.18341e+07,774952,743490,-1.04963e+11,1.0747e+11,-1.04749e+11,1.07788e+11
1.18404e+07,775360,744459,-1.05097e+11,1.07339e+11,-1.04888e+11,1.0766e+11
1.18467e+07,775767,745429,-1.05231e+11,1.07208e+11,-1.05027e+11,1.07533e+11
1.1853e+07,776174,746398,-1.05365e+11,1.07076e+11,-1.05167e+11,1.07404e+11
1.18593e+07,776580,747369,-1.05498e+11,1.06945e+11,-1.05306e+11,1.07276e+11
1.18657e+07,776986,748340,-1.05632e+11,1.06813e+11,-1.05445e+11,1.07147e+11
1.1872e+07,777391,749311,-1.05765e+11,1.06681e+11,-1.05584e+11,1.07018e+11
1.18783e+07,777796,750283,-1.05898e+11,1.06549e+11,-1.05723e+11,1.06889e+11
1.18846e+07,778200,751256,-1.06031e+11,1.06417e+11,-1.05861e+11,1.0676e+11
1.18909e+07,778604,752229,-1.06164e+11,1.06284e+11,-1.06e+11,1.0663e+11
1.18972e+07,779007,753202,-1.06296e+11,1.06152e+11,-1.06138e+11,1.065e+11
1.19035e+07,779410,754176,-1.06429e+11,1.06019e+11,-1.06277e+11,1.0637e+11
1.19098e+07,779812,755151,-1.06561e+11,1.05886e+11,-1.06415e+11,1.06239e+11
1.19161e+07,780214,756126,-1.06693e+11,1.05753e+11,-1.06553e+11,1.06108e+11
1.19225e+07,780615,757101,-1.06825e+11,1.0562e+11,-1.06691e+11,1.05977e+11
1.19288e+07,781016,758077,-1.06957e+11,1.05487e+11,-1.06829e+11,1.05846e+11
1.19351e+07,781416,759054,-1.07088e+11,1.05353e+11,-1.06967e+11,1.05714e+11
1.19414e+07,781816,760031,-1.0722e+11,1.0522e+11,-1.07104e+11,1.05583e+11
1.19477e+07,782215,761008,-1.07351e+11,1.05086e+11,-1.07242e+11,1.0545e+11
1.1954e+07,782613,761986,-1.07482e+11,1.04952e+11,-1.07379e+11,1.05318e+11
1.19603e+07,783012,762965,-1.07613e+11,1.04817e+11,-1.07516e+11,1.05185e+11
1.19666e+07,783409,763944,-1.07744e+11,1.04683e+11,-1.07653e+11,1.05052e+11
1.1973e+07,783806,764923,-1.07874e+11,1.04549e+11,-1.0779e+11,1.04919e+11
1.19793e+07,784203,765903,-1.08005e+11,1.04414e+11,-1.07927e+11,1.04786e+11
1.19856e+07,784599,766884,-1.08135e+11,1.04279e+11,-1.08063e+11,1.04652e+11
1.19919e+07,784995,767865,-1.08265e+11,1.04144e+11,-1.082e+11,1.04518e+11
1.19982e+07,785390,768846,-1.08395e+11,1.04009e+11,-1.08336e+11,1.04384e+11
1.20045e+07,785784,769828,-1.08525e+11,1.03874e+11,-1.08472e+11,1.04249e+11
1.20108e+07,786178,770811,-1.08654e+11,1.03738e+11,-1.08608e+11,1.04114e+11
1.20171e+07,786572,771794,-1.08784e+11,1.03603e+11,-1.08744e+11,1.03979e+11
1.20234e+07,786965,772777,-1.08913e+11,1.03467e+11,-1.0888e+11,1.03844e+11
1.20298e+07,787357,773761,-1.09042e+11,1.03331e+11,-1.09016e+11,1.03708e+11
1.20361e+07,787749,774745,-1.09171e+11,1.03195e+11,-1.09151e+11,1.03572e+11
1.20424e+07,788141,775730,-1.093e+11,1.03059e+11,-1.09286e+11,1.03436e+11
1.20487e+07,788532,776716,-1.09428e+11,1.02922e+11,-1.09421e+11,1.033e+11
1.2055e+07,788922,777702,-1.09557e+11,1.02786e+11,-1.09556e+11,1.03163e+11
1.20613e+07,789312,778688,-1.09685e+11,1.02649e+11,-1.09691e+11,1.03026e+11
1.20676e+07,789702,779675,-1.09813e+11,1.02512e+11,-1.09825e+11,1.02889e+11
1.20739e+07,790090,780662,-1.09941e+11,1.02375e+11,-1.0996e+11,1.02751e+11
1.20802e+07,790479,781650,-1.10068e+11,1.02238e+11,-1.10094e+11,1.02613e+11
1.20866e+07,790867,782638,-1.10196e+11,1.021e+11,-1.10228e+11,1.02475e+11
1.20929e+07,791254,783627,-1.10323e+11,1.01963e+11,-1.10362e+11,1.02337e+11
1.20992e+07,791641,784616,-1.1045e+11,1.01825e+11,-1.10495e+11,1.02198e+11
1.21055e+07,792027,785606,-1.10577e+11,1.01687e+11,-1.10629e+11,1.02059e+11
1.21118e+07,792413,786596,-1.10704e+11,1.01549e+11,-1.10762e+11,1.0192e+11
1.21181e+07,792798,787587,-1.10831e+11,1.01411e+11,-1.10895e+11,1.01781e+11
1.21244e+07,793183,788578,-1.10957e+11,1.01273e+11,-1.11028e+11,1.01641e+11
1.21307e+07,793567,789570,-1.11084e+11,1.01134e+11,-1.11161e+11,1.01501e+11
1.21371e+07,793951,790562,-1.1121e+11,1.00996e+11,-1.11293e+11,1.01361e+11
1.21434e+07,794334,791555,-1.11336e+11,1.00857e+11,-1.11426e+11,1.0122e+11
1.21497e+07,794716,792548,-1.11462e+11,1.00718e+11,-1.11558e+11,1.0108e+11
1.2156e+07,795098,793542,-1.11587e+11,1.00579e+11,-1.1169e+11,1.00939e+11
1.21623e+07,795480,794536,-1.11713e+11,1.0044e+11,-1.11821e+11,1.00797e+11
1.21686e+07,795861,795530,-1.11838e+11,1.003e+11,-1.11953e+11,1.00656e+11
1.21749e+07,796241,796525,-1.11963e+11,1.00161e+11,-1.12084e+11,1.00514e+11
1.21812e+07,796621,797521,-1.12088e+11,1.00021e+11,-1.12215e+11,1.00372e+11
1.21875e+07,797001,798517,-1.12213e+11,9.9881e+10,-1.12346e+11,1.00229e+11
1.21939e+07,797380,799513,-1.12337e+11,9.9741e+10,-1.12477e+11,1.00087e+11
1.22002e+07,797758,800510,-1.12462e+11,9.96008e+10,-1.12607e+11,9.99438e+10
1.22065e+07,798136,801507,-1.12586e+11,9.94605e+10,-1.12737e+11,9.98007e+10
1.22128e+07,798513,802505,-1.1271e+11,9.932e+10,-1.12867e+11,9.96573e+10
1.22191e+07,798890,803504,-1.12834e+11,9.91794e+10,-1.12997e+11,9.95136e+10
1.22254e+07,799266,804502,-1.12958e+11,9.90386e+10,-1.13127e+11,9.93697e+10
1.22317e+07,799642,805502,-1.13081e+11,9.88976e+10,-1.13256e+11,9.92256e+10
1.2238e+07,800017,806501,-1.13205e+11,9.87565e+10,-1.13385e+11,9.90811e+10
1.22443e+07,800391,807502,-1.13328e+11,9.86153e+10,-1.13514e+11,9.89365e+10
1.22507e+07,800766,808502,-1.13451e+11,9.84738e+10,-1.13643e+11,9.87915e+10
1.2257e+07,801139,809503,-1.13574e+11,9.83323e+10,-1.13771e+11,9.86463e+10
1.22633e+07,801512,810505,-1.13696e+11,9.81906e+10,-1.13899e+11,9.85009e+10
1.22696e+07,801884,811507,-1.13819e+11,9.80487e+10,-1.14027e+11,9.83552e+10
1.22759e+07,802256,812510,-1.13941e+11,9.79067e+10,-1.14155e+11,9.82093e+10
1.22822e+07,802628,813513,-1.14063e+11,9.77645e+10,-1.14282e+11,9.80631e+10
1.22885e+07,802999,814516,-1.14185e+11,9.76222e+10,-1.1441e+11,9.79167e+10
1.22948e+07,803369,815520,-1.14307e+11,9.74798e+10,-1.14536e+11,9.777e+10
1.23012e+07,803739,816524,-1.14428e+11,9.73371e+10,-1.14663e+11,9.76231e+10
1.23075e+07,804108,817529,-1.1455e+11,9.71944e+10,-1.1479e+11,9.7476e+10
1.23138e+07,804477,818535,-1.14671e+11,9.70514e+10,-1.14916e+11,9.73286e+10
1.23201e+07,804845,819540,-1.14792e+11,9.69084e+10,-1.15042e+11,9.71809e+10
1.23264e+07,805212,820547,-1.14913e+11,9.67652e+10,-1.15167e+11,9.70331e+10
1.23327e+07,805579,821553,-1.15034e+11,9.66218e+10,-1.15293e+11,9.6885e+10
1.2339e+07,805946,822560,-1.15154e+11,9.64783e+10,-1.15418e+11,9.67367e+10
1.23453e+07,806312,823568,-1.15275e+11,9.63346e+10,-1.15543e+11,9.65881e+10
1.23516e+07,806677,824576,-1.15395e+11,9.61908e+10,-1.15667e+11,9.64393e+10
1.2358e+07,807042,825585,-1.15515e+11,9.60468e+10,-1.15792e+11,9.62903e+10
1.23643e+07,807406,826594,-1.15635e+11,9.59027e+10,-1.15916e+11,9.6141e+10
1.23706e+07,807770,827603,-1.15754e+11,9.57584e+10,-1.1604e+11,9.59916e+10
1.23769e+07,808133,828613,-1.15874e+11,9.5614e+10,-1.16163e+11,9.58419e+10
1.23832e+07,808496,829623,-1.15993e+11,9.54695e+10,-1.16287e+11,9.5692e+10
1.23895e+07,808858,830634,-1.16112e+11,9.53247e+10,-1.1641e+11,9.55418e+10
1.23958e+07,809220,831645,-1.16231e+11,9.51799e+10,-1.16532e+11,9.53915e+10
1.24021e+07,809581,832657,-1.1635e+11,9.50349e+10,-1.16655e+11,9.52409e+10
1.24084e+07,809941,833669,-1.16468e+11,9.48897e+10,-1.16777e+11,9.50902e+10
1.24148e+07,810301,834682,-1.16587e+11,9.47444e+10,-1.16899e+11,9.49392e+10
1.24211e+07,810660,835695,-1.16705e+11,9.4599e+10,-1.17021e+11,9.4788e+10
1.24274e+07,811019,836708,-1.16823e+11,9.44534e+10,-1.17142e+11,9.46366e+10
1.24337e+07,811377,837722,-1.16941e+11,9.43077e+10,-1.17263e+11,9.4485e+10
1.244e+07,811735,838736,-1.17058e+11,9.41618e+10,-1.17384e+11,9.43332e+10
1.24463e+07,812092,839751,-1.17176e+11,9.40157e+10,-1.17504e+11,9.41812e+10
1.24526e+07,812449,840767,-1.17293e+11,9.38696e+10,-1.17624e+11,9.40289e+10
1.24589e+07,812805,841782,-1.1741e+11,9.37232e+10,-1.17744e+11,9.38765e+10
1.24653e+07,813160,842798,-1.17527e+11,9.35768e+10,-1.17864e+11,9.37239e+10
1.24716e+07,813515,843815,-1.17644e+11,9.34302e+10,-1.17983e+11,9.35712e+10
1.24779e+07,813870,844832,-1.1776e+11,9.32834e+10,-1.18102e+11,9.34182e+10
1.24842e+07,814223,845850,-1.17877e+11,9.31365e+10,-1.18221e+11,9.3265e+10
1.24905e+07,814577,846867,-1.17993e+11,9.29895e+10,-1.1834e+11,9.31117e+10
1.24968e+07,814929,847886,-1.18109e+11,9.28423e+10,-1.18458e+11,9.29581e+10
1.25031e+07,815282,848905,-1.18225e+11,9.26949e+10,-1.18576e+11,9.28044e+10
1.25094e+07,815633,849924,-1.1834e+11,9.25474e+10,-1.18693e+11,9.26505e+10
1.25157e+07,815984,850944,-1.18456e+11,9.23998e+10,-1.18811e+11,9.24964e+10
1.25221e+07,816335,851964,-1.18571e+11,9.22521e+10,-1.18928e+11,9.23422e+10
1.25284e+07,816684,852984,-1.18686e+11,9.21041e+10,-1.19044e+11,9.21878e+10
1.25347e+07,817034,854005,-1.18801e+11,9.19561e+10,-1.19161e+11,9.20332e+10
1.2541e+07,817382,855027,-1.18916e+11,9.18079e+10,-1.19277e+11,9.18784e+10
1.25473e+07,817731,856048,-1.1903e+11,9.16596e+10,-1.19393e+11,9.17235e+10
1.25536e+07,818078,857071,-1.19145e+11,9.15111e+10,-1.19508e+11,9.15684e+10
1.25599e+07,818425,858094,-1.19259e+11,9.13624e+10,-1.19623e+11,9.14132e+10
1.25662e+07,818772,859117,-1.19373e+11,9.12137e+10,-1.19738e+11,9.12578e+10
1.25725e+07,819118,860140,-1.19487e+11,9.10648e+10,-1.19853e+11,9.11022e+10
1.25789e+07,819463,861164,-1.196e+11,9.09157e+10,-1.19967e+11,9.09465e+10
1.25852e+07,819808,862189,-1.19714e+11,9.07665e+10,-1.20081e+11,9.07907e+10
1.25915e+07,820152,863214,-1.19827e+11,9.06172e+10,-1.20195e+11,9.06347e+10
1.25978e+07,820496,864239,-1.1994e+11,9.04677e+10,-1.20308e+11,9.04785e+10
1.26041e+07,820839,865265,-1.20053e+11,9.03181e+10,-1.20421e+11,9.03222e+10
1.26104e+07,821182,866291,-1.20166e+11,9.01683e+10,-1.20534e+11,9.01658e+10
1.26167e+07,821524,867317,-1.20278e+11,9.00184e+10,-1.20646e+11,9.00092e+10
1.2623e+07,821865,868344,-1.20391e+11,8.98684e+10,-1.20759e+11,8.98525e+10
1.26294e+07,822206,869372,-1.20503e+11,8.97182e+10,-1.2087e+11,8.96956e+10
1.26357e+07,822546,870400,-1.20615e+11,8.95679e+10,-1.20982e+11,8.95387e+10
1.2642e+07,822886,871428,-1.20726e+11,8.94174e+10,-1.21093e+11,8.93816e+10
1.26483e+07,823225,872457,-1.20838e+11,8.92669e+10,-1.21204e+11,8.92243e+10
1.26546e+07,823563,873486,-1.20949e+11,8.91161e+10,-1.21315e+11,8.9067e+10
1.26609e+07,823901,874516,-1.21061e+11,8.89652e+10,-1.21425e+11,8.89095e+10
1.26672e+07,824239,875546,-1.21172e+11,8.88142e+10,-1.21535e+11,8.87519e+10
1.26735e+07,824575,876576,-1.21282e+11,8.86631e+10,-1.21645e+11,8.85942e+10
1.26798e+07,824912,877607,-1.21393e+11,8.85118e+10,-1.21754e+11,8.84363e+10
1.26862e+07,825247,878638,-1.21503e+11,8.83603e+10,-1.21863e+11,8.82784e+10
1.26925e+07,825582,879670,-1.21614e+11,8.82088e+10,-1.21972e+11,8.81203e+10
1.26988e+07,825917,880702,-1.21724e+11,8.80571e+10,-1.22081e+11,8.79621e+10
1.27051e+07,826251,881734,-1.21834e+11,8.79052e+10,-1.22189e+11,8.78039e+10
1.27114e+07,826584,882767,-1.21943e+11,8.77532e+10,-1.22297e+11,8.76455e+10
1.27177e+07,826917,883801,-1.22053e+11,8.76011e+10,-1.22405e+11,8.7487e+10
1.2724e+07,827249,884834,-1.22162e+11,8.74489e+10,-1.22512e+11,8.73284e+10
1.27303e+07,827581,885868,-1.22271e+11,8.72965e+10,-1.22619e+11,8.71697e+10
1.27366e+07,827912,886903,-1.2238e+11,8.7144e+10,-1.22726e+11,8.7011e+10
1.2743e+07,828242,887938,-1.22489e+11,8.69913e+10,-1.22832e+11,8.68521e+10
1.27493e+07,828572,888973,-1.22598e+11,8.68385e+10,-1.22938e+11,8.66931e+10
1.27556e+07,828902,890009,-1.22706e+11,8.66856e+10,-1.23044e+11,8.65341e+10
1.27619e+07,829230,891046,-1.22814e+11,8.65325e+10,-1.2315e+11,8.63749e+10
1.27682e+07,829558,892082,-1.22922e+11,8.63793e+10,-1.23255e+11,8.62157e+10
1.27745e+07,829886,893119,-1.2303e+11,8.62259e+10,-1.2336e+11,8.60564e+10
1.27808e+07,830213,894157,-1.23138e+11,8.60725e+10,-1.23464e+11,8.5897e+10
1.27871e+07,830539,895194,-1.23245e+11,8.59188e+10,-1.23569e+11,8.57376e+10
1.27935e+07,830865,896233,-1.23352e+11,8.57651e+10,-1.23673e+11,8.5578e+10
1.27998e+07,831190,897271,-1.23459e+11,8.56112e+10,-1.23777e+11,8.54184e+10
1.28061e+07,831515,898311,-1.23566e+11,8.54572e+10,-1.2388e+11,8.52587e+10
1.28124e+07,831839,899350,-1.23673e+11,8.5303e+10,-1.23983e+11,8.5099e+10
1.28187e+07,832163,900390,-1.23779e+11,8.51488e+10,-1.24086e+11,8.49391e+10
1.2825e+07,832486,901430,-1.23886e+11,8.49943e+10,-1.24189e+11,8.47792e+10
1.28313e+07,832808,902471,-1.23992e+11,8.48398e+10,-1.24291e+11,8.46193e+10
1.28376e+07,833130,903512,-1.24098e+11,8.46851e+10,-1.24393e+11,8.44592e+10
1.28439e+07,833451,904553,-1.24203e+11,8.45303e+10,-1.24495e+11,8.42992e+10
1.28503e+07,833771,905595,-1.24309e+11,8.43753e+10,-1.24596e+11,8.4139e+10
1.28566e+07,834091,906638,-1.24414e+11,8.42203e+10,-1.24697e+11,8.39788e+10
1.28629e+07,834410,907680,-1.24519e+11,8.40651e+10,-1.24798e+11,8.38185e+10
1.28692e+07,834729,908723,-1.24624e+11,8.39097e+10,-1.24899e+11,8.36582e+10
1.28755e+07,835047,909767,-1.24729e+11,8.37542e+10,-1.24999e+11,8.34979e+10
1.28818e+07,835365,910811,-1.24833e+11,8.35986e+10,-1.25099e+11,8.33374e+10
1.28881e+07,835682,911855,-1.24938e+11,8.34429e+10,-1.25199e+11,8.3177e+10
1.28944e+07,835998,912900,-1.25042e+11,8.3287e+10,-1.25299e+11,8.30165e+10
1.29007e+07,836314,913945,-1.25146e+11,8.3131e+10,-1.25398e+11,8.28559e+10
1.29071e+07,836629,914990,-1.2525e+11,8.29749e+10,-1.25497e+11,8.26953e+10
1.29134e+07,836944,916036,-1.25353e+11,8.28186e+10,-1.25596e+11,8.25346e+10
1.29197e+07,837258,917082,-1.25457e+11,8.26622e+10,-1.25694e+11,8.23739e+10
1.2926e+07,837572,918129,-1.2556e+11,8.25057e+10,-1.25792e+11,8.22132e+10
1.29323e+07,837884,919176,-1.25663e+11,8.2349e+10,-1.2589e+11,8.20524e+10
1.29386e+07,838197,920224,-1.25766e+11,8.21923e+10,-1.25988e+11,8.18916e+10
1.29449e+07,838508,921271,-1.25868e+11,8.20354e+10,-1.26085e+11,8.17308e+10
1.29512e+07,838819,922320,-1.25971e+11,8.18783e+10,-1.26182e+11,8.15699e+10
1.29576e+07,839130,923368,-1.26073e+11,8.17211e+10,-1.26279e+11,8.1409e+10
1.29639e+07,839440,924417,-1.26175e+11,8.15638e+10,-1.26376e+11,8.1248e+10
1.29702e+07,839749,925467,-1.26277e+11,8.14064e+10,-1.26472e+11,8.1087e+10
1.29765e+07,840058,926516,-1.26378e+11,8.12489e+10,-1.26568e+11,8.0926e+10
1.29828e+07,840366,927566,-1.2648e+11,8.10912e+10,-1.26664e+11,8.0765e+10
1.29891e+07,840673,928617,-1.26581e+11,8.09334e+10,-1.26759e+11,8.06039e+10
1.29954e+07,840980,929668,-1.26682e+11,8.07754e+10,-1.26855e+11,8.04428e+10
1.30017e+07,841286,930719,-1.26783e+11,8.06174e+10,-1.2695e+11,8.02817e+10
1.3008e+07,841592,931771,-1.26883e+11,8.04592e+10,-1.27045e+11,8.01206e+10
1.30144e+07,841897,932823,-1.26984e+11,8.03009e+10,-1.27139e+11,7.99594e+10
1.30207e+07,842201,933875,-1.27084e+11,8.01424e+10,-1.27234e+11,7.97982e+10
1.3027e+07,842505,934928,-1.27184e+11,7.99839e+10,-1.27328e+11,7.9637e+10
1.30333e+07,842809,935981,-1.27284e+11,7.98252e+10,-1.27421e+11,7.94758e+10
1.30396e+07,843111,937035,-1.27384e+11,7.96663e+10,-1.27515e+11,7.93145e+10
1.30459e+07,843413,938089,-1.27483e+11,7.95074e+10,-1.27608e+11,7.91533e+10
1.30522e+07,843715,939143,-1.27582e+11,7.93483e+10,-1.27702e+11,7.8992e+10
1.30585e+07,844016,940198,-1.27681e+11,7.91891e+10,-1.27794e+11,7.88307e+10
1.30648e+07,844316,941253,-1.2778e+11,7.90298e+10,-1.27887e+11,7.86694e+10
1.30712e+07,844615,942308,-1.27879e+11,7.88704e+10,-1.27979e+11,7.8508e+10
1.30775e+07,844915,943364,-1.27977e+11,7.87108e+10,-1.28072e+11,7.83467e+10
1.30838e+07,845213,944420,-1.28076e+11,7.85511e+10,-1.28164e+11,7.81853e+10
1.30901e+07,845511,945477,-1.28174e+11,7.83913e+10,-1.28255e+11,7.8024e+10
1.30964e+07,845808,946534,-1.28272e+11,7.82313e+10,-1.28347e+11,7.78626e+10
1.31027e+07,846105,947591,-1.28369e+11,7.80713e+10,-1.28438e+11,7.77012e+10
1.3109e+07,846401,948649,-1.28467e+11,7.79111e+10,-1.28529e+11,7.75398e+10
1.31153e+07,846696,949707,-1.28564e+11,7.77508e+10,-1.2862e+11,7.73784e+10
1.31217e+07,846991,950765,-1.28661e+11,7.75903e+10,-1.28711e+11,7.72169e+10
1.3128e+07,847285,951824,-1.28758e+11,7.74298e+10,-1.28801e+11,7.70555e+10
1.31343e+07,847578,952883,-1.28854e+11,7.72691e+10,-1.28891e+11,7.6894e+10
1.31406e+07,847871,953943,-1.28951e+11,7.71083e+10,-1.28981e+11,7.67326e+10
1.31469e+07,848164,955002,-1.29047e+11,7.69474e+10,-1.29071e+11,7.65711e+10
1.31532e+07,848455,956063,-1.29143e+11,7.67864e+10,-1.29161e+11,7.64097e+10
1.31595e+07,848747,957123,-1.29239e+11,7.66252e+10,-1.2925e+11,7.62482e+10
1.31658e+07,849037,958184,-1.29335e+11,7.64639e+10,-1.29339e+11,7.60867e+10
1.31721e+07,849327,959246,-1.2943e+11,7.63025e+10,-1.29428e+11,7.59252e+10
1.31785e+07,849616,960307,-1.29525e+11,7.6141e+10,-1.29517e+11,7.57637e+10
1.31848e+07,849905,961369,-1.29621e+11,7.59793e+10,-1.29606e+11,7.56022e+10
1.31911e+07,850193,962432,-1.29715e+11,7.58176e+10,-1.29694e+11,7.54406e+10
1.31974e+07,850480,963495,-1.2981e+11,7.56557e+10,-1.29782e+11,7.52791e+10
1.32037e+07,850767,964558,-1.29904e+11,7.54937e+10,-1.2987e+11,7.51176e+10
1.321e+07,851053,965621,-1.29999e+11,7.53316e+10,-1.29958e+11,7.4956e+10
1.32163e+07,851339,966685,-1.30093e+11,7.51693e+10,-1.30045e+11,7.47945e+10
1.32226e+07,851624,967749,-1.30187e+11,7.5007e+10,-1.30133e+11,7.46329e+10
1.32289e+07,851908,968814,-1.3028e+11,7.48445e+10,-1.3022e+11,7.44714e+10
1.32353e+07,852192,969879,-1.30374e+11,7.46819e+10,-1.30307e+11,7.43098e+10
1.32416e+07,852475,970944,-1.30467e+11,7.45192e+10,-1.30394e+11,7.41482e+10
1.32479e+07,852758,972010,-1.3056e+11,7.43564e+10,-1.3048e+11,7.39867e+10
1.32542e+07,853040,973075,-1.30653e+11,7.41934e+10,-1.30567e+11,7.38251e+10
1.32605e+07,853321,974142,-1.30745e+11,7.40303e+10,-1.30653e+11,7.36635e+10
1.32668e+07,853602,975208,-1.30838e+11,7.38672e+10,-1.30739e+11,7.35019e+10
1.32731e+07,853882,976275,-1.3093e+11,7.37039e+10,-1.30825e+11,7.33403e+10
1.32794e+07,854161,977343,-1.31022e+11,7.35405e+10,-1.30911e+11,7.31786e+10
1.32857e+07,854440,978411,-1.31114e+11,7.33769e+10,-1.30997e+11,7.3017e+10
1.32921e+07,854718,979479,-1.31205e+11,7.32133e+10,-1.31082e+11,7.28554e+10
1.32984e+07,854995,980547,-1.31297e+11,7.30495e+10,-1.31167e+11,7.26937e+10
1.33047e+07,855272,981616,-1.31388e+11,7.28856e+10,-1.31252e+11,7.25321e+10
1.3311e+07,855549,982685,-1.31479e+11,7.27217e+10,-1.31337e+11,7.23704e+10
1.33173e+07,855824,983754,-1.3157e+11,7.25575e+10,-1.31422e+11,7.22087e+10
1.33236e+07,856099,984824,-1.3166e+11,7.23933e+10,-1.31507e+11,7.2047e+10
1.33299e+07,856374,985894,-1.31751e+11,7.2229e+10,-1.31591e+11,7.18853e+10
1.33362e+07,856648,986965,-1.31841e+11,7.20645e+10,-1.31675e+11,7.17236e+10
1.33426e+07,856921,988036,-1.31931e+11,7.19e+10,-1.31759e+11,7.15619e+10
1.33489e+07,857193,989107,-1.3202e+11,7.17353e+10,-1.31843e+11,7.14002e+10
1.33552e+07,857465,990178,-1.3211e+11,7.15705e+10,-1.31927e+11,7.12384e+10
1.33615e+07,857737,991250,-1.32199e+11,7.14056e+10,-1.32011e+11,7.10766e+10
1.33678e+07,858007,992322,-1.32288e+11,7.12406e+10,-1.32094e+11,7.09148e+10
1.33741e+07,858277,993395,-1.32377e+11,7.10755e+10,-1.32178e+11,7.0753e+10
1.33804e+07,858547,994468,-1.32466e+11,7.09103e+10,-1.32261e+11,7.05912e+10
1.33867e+07,858816,995541,-1.32555e+11,7.07449e+10,-1.32344e+11,7.04294e+10
1.3393e+07,859084,996614,-1.32643e+11,7.05795e+10,-1.32427e+11,7.02675e+10
1.33994e+07,859351,997688,-1.32731e+11,7.04139e+10,-1.32509e+11,7.01056e+10
1.34057e+07,859618,998762,-1.32819e+11,7.02482e+10,-1.32592e+11,6.99438e+10
1.3412e+07,859885,999837,-1.32907e+11,7.00824e+10,-1.32675e+11,6.97818e+10
1.34183e+07,860150,1.00091e+06,-1.32994e+11,6.99165e+10,-1.32757e+11,6.96199e+10
1.34246e+07,860415,1.00199e+06,-1.33081e+11,6.97505e+10,-1.32839e+11,6.94579e+10
1.34309e+07,860680,1.00306e+06,-1.33168e+11,6.95844e+10,-1.32921e+11,6.92959e+10
1.34372e+07,860943,1.00414e+06,-1.33255e+11,6.94181e+10,-1.33003e+11,6.91339e+10
1.34435e+07,861207,1.00521e+06,-1.33342e+11,6.92518e+10,-1.33085e+11,6.89719e+10
1.34498e+07,861469,1.00629e+06,-1.33428e+11,6.90854e+10,-1.33166e+11,6.88098e+10
1.34562e+07,861731,1.00737e+06,-1.33514e+11,6.89188e+10,-1.33248e+11,6.86477e+10
1.34625e+07,861992,1.00844e+06,-1.336e+11,6.87521e+10,-1.33329e+11,6.84856e+10
1.34688e+07,862253,1.00952e+06,-1.33686e+11,6.85854e+10,-1.33411e+11,6.83234e+10
1.34751e+07,862513,1.0106e+06,-1.33772e+11,6.84185e+10,-1.33492e+11,6.81613e+10
1.34814e+07,862772,1.01168e+06,-1.33857e+11,6.82515e+10,-1.33573e+11,6.7999e+10
1.34877e+07,863031,1.01276e+06,-1.33942e+11,6.80844e+10,-1.33653e+11,6.78368e+10
1.3494e+07,863289,1.01384e+06,-1.34027e+11,6.79172e+10,-1.33734e+11,6.76745e+10
1.35003e+07,863546,1.01491e+06,-1.34112e+11,6.77499e+10,-1.33815e+11,6.75122e+10
1.35067e+07,863803,1.01599e+06,-1.34197e+11,6.75825e+10,-1.33895e+11,6.73498e+10
1.3513e+07,864059,1.01707e+06,-1.34281e+11,6.74149e+10,-1.33976e+11,6.71874e+10
1.35193e+07,864315,1.01815e+06,-1.34365e+11,6.72473e+10,-1.34056e+11,6.7025e+10
1.35256e+07,864570,1.01923e+06,-1.34449e+11,6.70796e+10,-1.34136e+11,6.68625e+10
1.35319e+07,864824,1.02031e+06,-1.34533e+11,6.69117e+10,-1.34216e+11,6.67e+10
1.35382e+07,865078,1.0214e+06,-1.34616e+11,6.67438e+10,-1.34296e+11,6.65374e+10
1.35445e+07,865331,1.02248e+06,-1.34699e+11,6.65758e+10,-1.34376e+11,6.63748e+10
1.35508e+07,865583,1.02356e+06,-1.34783e+11,6.64076e+10,-1.34455e+11,6.62121e+10
1.35571e+07,865835,1.02464e+06,-1.34865e+11,6.62393e+10,-1.34535e+11,6.60494e+10
1.35635e+07,866086,1.02572e+06,-1.34948e+11,6.6071e+10,-1.34614e+11,6.58866e+10
1.35698e+07,866336,1.02681e+06,-1.3503e+11,6.59025e+10,-1.34693e+11,6.57238e+10
1.35761e+07,866586,1.02789e+06,-1.35113e+11,6.5734e+10,-1.34773e+11,6.5561e+10
1.35824e+07,866835,1.02897e+06,-1.35195e+11,6.55653e+10,-1.34852e+11,6.5398e+10
1.35887e+07,867084,1.03006e+06,-1.35276e+11,6.53965e+10,-1.34931e+11,6.52351e+10
1.3595e+07,867332,1.03114e+06,-1.35358e+11,6.52276e+10,-1.35009e+11,6.50721e+10
1.36013e+07,867579,1.03222e+06,-1.35439e+11,6.50587e+10,-1.35088e+11,6.4909e+10
1.36076e+07,867825,1.03331e+06,-1.35521e+11,6.48896e+10,-1.35167e+11,6.47458e+10
1.36139e+07,868071,1.03439e+06,-1.35602e+11,6.47204e+10,-1.35245e+11,6.45826e+10
1.36203e+07,868317,1.03548e+06,-1.35682e+11,6.45511e+10,-1.35324e+11,6.44194e+10
1.36266e+07,868561,1.03656e+06,-1.35763e+11,6.43817e+10,-1.35402e+11,6.4256e+10
1.36329e+07,868805,1.03765e+06,-1.35843e+11,6.42122e+10,-1.3548e+11,6.40926e+10
1.36392e+07,869049,1.03873e+06,-1.35923e+11,6.40427e+10,-1.35558e+11,6.39292e+10
1.36455e+07,869291,1.03982e+06,-1.36003e+11,6.3873e+10,-1.35636e+11,6.37656e+10
1.36518e+07,869533,1.04091e+06,-1.36083e+11,6.37032e+10,-1.35714e+11,6.3602e+10
1.36581e+07,869775,1.04199e+06,-1.36162e+11,6.35333e+10,-1.35792e+11,6.34384e+10
1.36644e+07,870016,1.04308e+06,-1.36241e+11,6.33633e+10,-1.35869e+11,6.32746e+10
1.36708e+07,870256,1.04417e+06,-1.36321e+11,6.31932e+10,-1.35947e+11,6.31108e+10
1.36771e+07,870495,1.04526e+06,-1.36399e+11,6.30231e+10,-1.36024e+11,6.29469e+10
1.36834e+07,870734,1.04634e+06,-1.36478e+11,6.28528e+10,-1.36101e+11,6.27829e+10
1.36897e+07,870972,1.04743e+06,-1.36556e+11,6.26824e+10,-1.36179e+11,6.26189e+10
1.3696e+07,871210,1.04852e+06,-1.36634e+11,6.25119e+10,-1.36256e+11,6.24548e+10
1.37023e+07,871447,1.04961e+06,-1.36712e+11,6.23413e+10,-1.36333e+11,6.22906e+10
1.37086e+07,871683,1.0507e+06,-1.3679e+11,6.21707e+10,-1.3641e+11,6.21263e+10
1.37149e+07,871919,1.05179e+06,-1.36868e+11,6.19999e+10,-1.36486e+11,6.19619e+10
1.37212e+07,872154,1.05288e+06,-1.36945e+11,6.1829e+10,-1.36563e+11,6.17974e+10
1.37276e+07,872388,1.05397e+06,-1.37022e+11,6.16581e+10,-1.3664e+11,6.16329e+10
1.37339e+07,872622,1.05506e+06,-1.37099e+11,6.1487e+10,-1.36716e+11,6.14682e+10
1.37402e+07,872855,1.05615e+06,-1.37176e+11,6.13159e+10,-1.36792e+11,6.13035e+10
1.37465e+07,873087,1.05724e+06,-1.37252e+11,6.11446e+10,-1.36868e+11,6.11386e+10
1.37528e+07,873319,1.05833e+06,-1.37328e+11,6.09733e+10,-1.36945e+11,6.09737e+10
1.37591e+07,873550,1.05942e+06,-1.37404e+11,6.08018e+10,-1.37021e+11,6.08087e+10
1.37654e+07,873781,1.06052e+06,-1.3748e+11,6.06303e+10,-1.37097e+11,6.06436e+10
1.37717e+07,874010,1.06161e+06,-1.37556e+11,6.04587e+10,-1.37172e+11,6.04784e+10
1.3778e+07,874239,1.0627e+06,-1.37631e+11,6.0287e+10,-1.37248e+11,6.03131e+10
1.37844e+07,874468,1.06379e+06,-1.37706e+11,6.01151e+10,-1.37324e+11,6.01476e+10
1.37907e+07,874696,1.06489e+06,-1.37781e+11,5.99432e+10,-1.37399e+11,5.99821e+10
1.3797e+07,874923,1.06598e+06,-1.37856e+11,5.97712e+10,-1.37474e+11,5.98165e+10
1.38033e+07,875149,1.06707e+06,-1.37931e+11,5.95991e+10,-1.3755e+11,5.96508e+10
1.38096e+07,875375,1.06817e+06,-1.38005e+11,5.94269e+10,-1.37625e+11,5.94849e+10
1.38159e+07,875601,1.06926e+06,-1.38079e+11,5.92547e+10,-1.377e+11,5.9319e+10
1.38222e+07,875825,1.07036e+06,-1.38153e+11,5.90823e+10,-1.37775e+11,5.91529e+10
1.38285e+07,876049,1.07145e+06,-1.38227e+11,5.89098e+10,-1.3785e+11,5.89867e+10
1.38349e+07,876272,1.07255e+06,-1.383e+11,5.87373e+10,-1.37924e+11,5.88205e+10
1.38412e+07,876495,1.07364e+06,-1.38373e+11,5.85646e+10,-1.37999e+11,5.86541e+10
1.38475e+07,876717,1.07474e+06,-1.38446e+11,5.83919e+10,-1.38073e+11,5.84875e+10
1.38538e+07,876938,1.07583e+06,-1.38519e+11,5.8219e+10,-1.38148e+11,5.83209e+10
1.38601e+07,877159,1.07693e+06,-1.38592e+11,5.80461e+10,-1.38222e+11,5.81541e+10
1.38664e+07,877379,1.07802e+06,-1.38664e+11,5.78731e+10,-1.38296e+11,5.79873e+10
1.38727e+07,877598,1.07912e+06,-1.38736e+11,5.77e+10,-1.3837e+11,5.78203e+10
1.3879e+07,877817,1.08022e+06,-1.38808e+11,5.75268e+10,-1.38444e+11,5.76531e+10
1.38853e+07,878035,1.08132e+06,-1.3888e+11,5.73536e+10,-1.38518e+11,5.74859e+10
1.38917e+07,878252,1.08241e+06,-1.38951e+11,5.71802e+10,-1.38592e+11,5.73185e+10
1.3898e+07,878469,1.08351e+06,-1.39022e+11,5.70067e+10,-1.38665e+11,5.7151e+10
1.39043e+07,878685,1.08461e+06,-1.39093e+11,5.68332e+10,-1.38739e+11,5.69834e+10
1.39106e+07,878900,1.08571e+06,-1.39164e+11,5.66596e+10,-1.38812e+11,5.68156e+10
1.39169e+07,879115,1.08681e+06,-1.39235e+11,5.64858e+10,-1.38885e+11,5.66477e+10
1.39232e+07,879329,1.0879e+06,-1.39305e+11,5.6312e+10,-1.38958e+11,5.64797e+10
1.39295e+07,879542,1.089e+06,-1.39375e+11,5.61381e+10,-1.39031e+11,5.63115e+10
1.39358e+07,879755,1.0901e+06,-1.39445e+11,5.59642e+10,-1.39104e+11,5.61432e+10
1.39421e+07,879967,1.0912e+06,-1.39515e+11,5.57901e+10,-1.39177e+11,5.59748e+10
1.39485e+07,880178,1.0923e+06,-1.39585e+11,5.56159e+10,-1.39249e+11,5.58062e+10
1.39548e+07,880389,1.0934e+06,-1.39654e+11,5.54417e+10,-1.39322e+11,5.56375e+10
1.39611e+07,880599,1.0945e+06,-1.39723e+11,5.52674e+10,-1.39394e+11,5.54686e+10
1.39674e+07,880809,1.0956e+06,-1.39792e+11,5.5093e+10,-1.39466e+11,5.52996e+10
1.39737e+07,881018,1.0967e+06,-1.39861e+11,5.49185e+10,-1.39538e+11,5.51305e+10
1.398e+07,881226,1.09781e+06,-1.39929e+11,5.47439e+10,-1.3961e+11,5.49612e+10
1.39863e+07,881433,1.09891e+06,-1.39997e+11,5.45692e+10,-1.39682e+11,5.47918e+10
1.39926e+07,881640,1.10001e+06,-1.40065e+11,5.43945e+10,-1.39754e+11,5.46222e+10
1.3999e+07,881846,1.10111e+06,-1.40133e+11,5.42196e+10,-1.39825e+11,5.44524e+10
1.40053e+07,882051,1.10221e+06,-1.402e+11,5.40447e+10,-1.39897e+11,5.42826e+10
1.40116e+07,882256,1.10332e+06,-1.40268e+11,5.38697e+10,-1.39968e+11,5.41125e+10
1.40179e+07,882460,1.10442e+06,-1.40335e+11,5.36946e+10,-1.40039e+11,5.39423e+10
1.40242e+07,882664,1.10552e+06,-1.40402e+11,5.35195e+10,-1.4011e+11,5.3772e+10
1.40305e+07,882867,1.10662e+06,-1.40468e+11,5.33442e+10,-1.40181e+11,5.36015e+10
1.40368e+07,883069,1.10773e+06,-1.40535e+11,5.31689e+10,-1.40252e+11,5.34309e+10
1.40431e+07,883270,1.10883e+06,-1.40601e+11,5.29935e+10,-1.40323e+11,5.32601e+10
1.40494e+07,883471,1.10994e+06,-1.40667e+11,5.2818e+10,-1.40393e+11,5.30891e+10
1.40558e+07,883671,1.11104e+06,-1.40733e+11,5.26424e+10,-1.40463e+11,5.2918e+10
1.40621e+07,883871,1.11214e+06,-1.40799e+11,5.24667e+10,-1.40534e+11,5.27467e+10
1.40684e+07,884069,1.11325e+06,-1.40864e+11,5.2291e+10,-1.40604e+11,5.25753e+10
1.40747e+07,884267,1.11435e+06,-1.40929e+11,5.21152e+10,-1.40673e+11,5.24037e+10
1.4081e+07,884465,1.11546e+06,-1.40994e+11,5.19393e+10,-1.40743e+11,5.22319e+10
1.40873e+07,884662,1.11656e+06,-1.41059e+11,5.17633e+10,-1.40813e+11,5.206e+10
1.40936e+07,884858,1.11767e+06,-1.41123e+11,5.15872e+10,-1.40882e+11,5.18879e+10
1.40999e+07,885053,1.11878e+06,-1.41187e+11,5.14111e+10,-1.40951e+11,5.17157e+10
1.41062e+07,885248,1.11988e+06,-1.41251e+11,5.12349e+10,-1.41021e+11,5.15432e+10
1.41126e+07,885442,1.12099e+06,-1.41315e+11,5.10586e+10,-1.4109e+11,5.13707e+10
1.41189e+07,885636,1.1221e+06,-1.41379e+11,5.08822e+10,-1.41158e+11,5.11979e+10
1.41252e+07,885828,1.1232e+06,-1.41442e+11,5.07058e+10,-1.41227e+11,5.1025e+10
1.41315e+07,886021,1.12431e+06,-1.41505e+11,5.05292e+10,-1.41295e+11,5.08519e+10
1.41378e+07,886212,1.12542e+06,-1.41568e+11,5.03526e+10,-1.41364e+11,5.06787e+10
1.41441e+07,886403,1.12652e+06,-1.41631e+11,5.0176e+10,-1.41432e+11,5.05052e+10
1.41504e+07,886593,1.12763e+06,-1.41693e+11,4.99992e+10,-1.415e+11,5.03316e+10
1.41567e+07,886782,1.12874e+06,-1.41756e+11,4.98223e+10,-1.41568e+11,5.01579e+10
1.41631e+07,886971,1.12985e+06,-1.41818e+11,4.96454e+10,-1.41635e+11,4.99839e+10
1.41694e+07,887159,1.13096e+06,-1.41879e+11,4.94684e+10,-1.41703e+11,4.98098e+10
1.41757e+07,887347,1.13207e+06,-1.41941e+11,4.92914e+10,-1.4177e+11,4.96355e+10
1.4182e+07,887533,1.13318e+06,-1.42002e+11,4.91142e+10,-1.41837e+11,4.94611e+10
1.41883e+07,887719,1.13428e+06,-1.42064e+11,4.8937e+10,-1.41904e+11,4.92865e+10
1.41946e+07,887905,1.13539e+06,-1.42124e+11,4.87597e+10,-1.41971e+11,4.91116e+10
1.42009e+07,888090,1.1365e+06,-1.42185e+11,4.85824e+10,-1.42038e+11,4.89367e+10
1.42072e+07,888274,1.13761e+06,-1.42246e+11,4.84049e+10,-1.42104e+11,4.87615e+10
1.42135e+07,888457,1.13872e+06,-1.42306e+11,4.82274e+10,-1.4217e+11,4.85862e+10
1.42199e+07,888640,1.13983e+06,-1.42366e+11,4.80498e+10,-1.42237e+11,4.84107e+10
1.42262e+07,888822,1.14095e+06,-1.42426e+11,4.78721e+10,-1.42302e+11,4.8235e+10
1.42325e+07,889003,1.14206e+06,-1.42485e+11,4.76944e+10,-1.42368e+11,4.80591e+10
1.42388e+07,889184,1.14317e+06,-1.42545e+11,4.75166e+10,-1.42434e+11,4.78831e+10
1.42451e+07,889364,1.14428e+06,-1.42604e+11,4.73387e+10,-1.42499e+11,4.77069e+10
1.42514e+07,889543,1.14539e+06,-1.42663e+11,4.71608e+10,-1.42564e+11,4.75305e+10
1.42577e+07,889722,1.1465e+06,-1.42722e+11,4.69827e+10,-1.42629e+11,4.73539e+10
1.4264e+07,889900,1.14761e+06,-1.4278e+11,4.68046e+10,-1.42694e+11,4.71771e+10
1.42703e+07,890077,1.14873e+06,-1.42838e+11,4.66265e+10,-1.42758e+11,4.70002e+10
1.42767e+07,890254,1.14984e+06,-1.42896e+11,4.64482e+10,-1.42823e+11,4.68231e+10
1.4283e+07,890430,1.15095e+06,-1.42954e+11,4.62699e+10,-1.42887e+11,4.66458e+10
1.42893e+07,890605,1.15206e+06,-1.43012e+11,4.60915e+10,-1.42951e+11,4.64683e+10
1.42956e+07,890780,1.15318e+06,-1.43069e+11,4.59131e+10,-1.43014e+11,4.62907e+10
1.43019e+07,890954,1.15429e+06,-1.43126e+11,4.57345e+10,-1.43078e+11,4.61128e+10
1.43082e+07,891127,1.1554e+06,-1.43183e+11,4.55559e+10,-1.43141e+11,4.59348e+10
1.43145e+07,891299,1.15652e+06,-1.4324e+11,4.53773e+10,-1.43204e+11,4.57566e+10
1.43208e+07,891471,1.15763e+06,-1.43296e+11,4.51985e+10,-1.43267e+11,4.55782e+10
1.43272e+07,891642,1.15875e+06,-1.43353e+11,4.50197e+10,-1.4333e+11,4.53997e+10
1.43335e+07,891813,1.15986e+06,-1.43409e+11,4.48409e+10,-1.43392e+11,4.5221e+10
1.43398e+07,891983,1.16098e+06,-1.43464e+11,4.46619e+10,-1.43455e+11,4.5042e+10
1.43461e+07,892152,1.16209e+06,-1.4352e+11,4.44829e+10,-1.43517e+11,4.48629e+10
1.43524e+07,892320,1.16321e+06,-1.43575e+11,4.43038e+10,-1.43578e+11,4.46837e+10
1.43587e+07,892488,1.16432e+06,-1.4363e+11,4.41247e+10,-1.4364e+11,4.45042e+10
1.4365e+07,892655,1.16544e+06,-1.43685e+11,4.39455e+10,-1.43701e+11,4.43246e+10
1.43713e+07,892822,1.16655e+06,-1.4374e+11,4.37662e+10,-1.43763e+11,4.41448e+10
1.43776e+07,892988,1.16767e+06,-1.43795e+11,4.35869e+10,-1.43823e+11,4.39648e+10
1.4384e+07,893153,1.16878e+06,-1.43849e+11,4.34074e+10,-1.43884e+11,4.37846e+10
1.43903e+07,893317,1.1699e+06,-1.43903e+11,4.3228e+10,-1.43944e+11,4.36043e+10
1.43966e+07,893481,1.17102e+06,-1.43957e+11,4.30484e+10,-1.44005e+11,4.34238e+10
1.44029e+07,893644,1.17213e+06,-1.4401e+11,4.28688e+10,-1.44065e+11,4.32431e+10
1.44092e+07,893806,1.17325e+06,-1.44064e+11,4.26891e+10,-1.44124e+11,4.30622e+10
1.44155e+07,893968,1.17437e+06,-1.44117e+11,4.25094e+10,-1.44184e+11,4.28811e+10
1.44218e+07,894129,1.17548e+06,-1.4417e+11,4.23296e+10,-1.44243e+11,4.26999e+10
1.44281e+07,894289,1.1766e+06,-1.44222e+11,4.21497e+10,-1.44302e+11,4.25185e+10
1.44344e+07,894449,1.17772e+06,-1.44275e+11,4.19698e+10,-1.44361e+11,4.23369e+10
1.44408e+07,894608,1.17884e+06,-1.44327e+11,4.17898e+10,-1.44419e+11,4.21552e+10
1.44471e+07,894766,1.17996e+06,-1.44379e+11,4.16097e+10,-1.44477e+11,4.19732e+10
1.44534e+07,894924,1.18107e+06,-1.44431e+11,4.14296e+10,-1.44535e+11,4.17911e+10
1.44597e+07,895081,1.18219e+06,-1.44482e+11,4.12494e+10,-1.44593e+11,4.16089e+10
1.4466e+07,895237,1.18331e+06,-1.44533e+11,4.10692e+10,-1.44651e+11,4.14264e+10
1.44723e+07,895392,1.18443e+06,-1.44585e+11,4.08888e+10,-1.44708e+11,4.12438e+10
1.44786e+07,895547,1.18555e+06,-1.44635e+11,4.07085e+10,-1.44765e+11,4.1061e+10
1.44849e+07,895701,1.18667e+06,-1.44686e+11,4.0528e+10,-1.44821e+11,4.0878e+10
1.44912e+07,895855,1.18779e+06,-1.44737e+11,4.03475e+10,-1.44878e+11,4.06949e+10
1.44976e+07,896008,1.18891e+06,-1.44787e+11,4.0167e+10,-1.44934e+11,4.05116e+10
1.45039e+07,896160,1.19003e+06,-1.44837e+11,3.99863e+10,-1.4499e+11,4.03282e+10
1.45102e+07,896311,1.19115e+06,-1.44886e+11,3.98057e+10,-1.45046e+11,4.01445e+10
1.45165e+07,896462,1.19227e+06,-1.44936e+11,3.96249e+10,-1.45101e+11,3.99608e+10
1.45228e+07,896612,1.19339e+06,-1.44985e+11,3.94441e+10,-1.45156e+11,3.97768e+10
1.45291e+07,896761,1.19451e+06,-1.45034e+11,3.92632e+10,-1.45211e+11,3.95927e+10
1.45354e+07,896910,1.19563e+06,-1.45083e+11,3.90823e+10,-1.45265e+11,3.94084e+10
1.45417e+07,897058,1.19675e+06,-1.45132e+11,3.89013e+10,-1.45319e+11,3.9224e+10
1.45481e+07,897205,1.19787e+06,-1.4518e+11,3.87203e+10,-1.45373e+11,3.90394e+10
1.45544e+07,897352,1.19899e+06,-1.45228e+11,3.85392e+10,-1.45427e+11,3.88546e+10
1.45607e+07,897498,1.20011e+06,-1.45276e+11,3.8358e+10,-1.4548e+11,3.86697e+10
1.4567e+07,897643,1.20124e+06,-1.45324e+11,3.81768e+10,-1.45534e+11,3.84846e+10
1.45733e+07,897788,1.20236e+06,-1.45372e+11,3.79955e+10,-1.45586e+11,3.82994e+10
1.45796e+07,897932,1.20348e+06,-1.45419e+11,3.78142e+10,-1.45639e+11,3.81141e+10
1.45859e+07,898075,1.2046e+06,-1.45466e+11,3.76328e+10,-1.45691e+11,3.79285e+10
1.45922e+07,898217,1.20573e+06,-1.45513e+11,3.74513e+10,-1.45743e+11,3.77429e+10
1.45985e+07,898359,1.20685e+06,-1.45559e+11,3.72698e+10,-1.45795e+11,3.7557e+10
1.46049e+07,898500,1.20797e+06,-1.45606e+11,3.70882e+10,-1.45846e+11,3.73711e+10
1.46112e+07,898641,1.20909e+06,-1.45652e+11,3.69066e+10,-1.45897e+11,3.71849e+10
1.46175e+07,898780,1.21022e+06,-1.45698e+11,3.67249e+10,-1.45948e+11,3.69987e+10
1.46238e+07,898919,1.21134e+06,-1.45743e+11,3.65432e+10,-1.45998e+11,3.68123e+10
1.46301e+07,899058,1.21246e+06,-1.45789e+11,3.63614e+10,-1.46048e+11,3.66257e+10
1.46364e+07,899195,1.21359e+06,-1.45834e+11,3.61796e+10,-1.46098e+11,3.6439e+10
1.46427e+07,899332,1.21471e+06,-1.45879e+11,3.59977e+10,-1.46147e+11,3.62522e+10
1.4649e+07,899469,1.21583e+06,-1.45924e+11,3.58157e+10,-1.46197e+11,3.60653e+10
1.46553e+07,899604,1.21696e+06,-1.45968e+11,3.56337e+10,-1.46245e+11,3.58782e+10
1.46617e+07,899739,1.21808e+06,-1.46013e+11,3.54516e+10,-1.46294e+11,3.56909e+10
1.4668e+07,899873,1.21921e+06,-1.46057e+11,3.52695e+10,-1.46342e+11,3.55036e+10
1.46743e+07,900007,1.22033e+06,-1.46101e+11,3.50873e+10,-1.4639e+11,3.53161e+10
1.46806e+07,900140,1.22146e+06,-1.46144e+11,3.49051e+10,-1.46438e+11,3.51285e+10
1.46869e+07,900272,1.22258e+06,-1.46188e+11,3.47228e+10,-1.46485e+11,3.49408e+10
1.46932e+07,900403,1.22371e+06,-1.46231e+11,3.45405e+10,-1.46532e+11,3.47529e+10
1.46995e+07,900534,1.22483e+06,-1.46274e+11,3.43581e+10,-1.46579e+11,3.45649e+10
1.47058e+07,900664,1.22596e+06,-1.46317e+11,3.41756e+10,-1.46625e+11,3.43768e+10
1.47122e+07,900793,1.22708e+06,-1.46359e+11,3.39931e+10,-1.46671e+11,3.41886e+10
1.47185e+07,900922,1.22821e+06,-1.46402e+11,3.38106e+10,-1.46717e+11,3.40003e+10
1.47248e+07,901050,1.22934e+06,-1.46444e+11,3.3628e+10,-1.46762e+11,3.38118e+10
1.47311e+07,901177,1.23046e+06,-1.46485e+11,3.34453e+10,-1.46807e+11,3.36233e+10
1.47374e+07,901304,1.23159e+06,-1.46527e+11,3.32626e+10,-1.46852e+11,3.34346e+10
1.47437e+07,901430,1.23271e+06,-1.46568e+11,3.30799e+10,-1.46896e+11,3.32458e+10
1.475e+07,901555,1.23384e+06,-1.4661e+11,3.28971e+10,-1.4694e+11,3.3057e+10
1.47563e+07,901679,1.23497e+06,-1.4665e+11,3.27142e+10,-1.46984e+11,3.2868e+10
1.47626e+07,901803,1.23609e+06,-1.46691e+11,3.25313e+10,-1.47027e+11,3.26789e+10
1.4769e+07,901926,1.23722e+06,-1.46732e+11,3.23484e+10,-1.4707e+11,3.24897e+10
1.47753e+07,902049,1.23835e+06,-1.46772e+11,3.21654e+10,-1.47113e+11,3.23005e+10
1.47816e+07,902170,1.23948e+06,-1.46812e+11,3.19823e+10,-1.47155e+11,3.21111e+10
1.47879e+07,902291,1.2406e+06,-1.46852e+11,3.17992e+10,-1.47197e+11,3.19216e+10
1.47942e+07,902412,1.24173e+06,-1.46891e+11,3.1616e+10,-1.47239e+11,3.17321e+10
1.48005e+07,902531,1.24286e+06,-1.46931e+11,3.14328e+10,-1.4728e+11,3.15425e+10
1.48068e+07,902650,1.24399e+06,-1.4697e+11,3.12496e+10,-1.47321e+11,3.13527e+10
1.48131e+07,902769,1.24512e+06,-1.47009e+11,3.10663e+10,-1.47362e+11,3.11629e+10
1.48194e+07,902886,1.24624e+06,-1.47047e+11,3.08829e+10,-1.47402e+11,3.09731e+10
1.48258e+07,903003,1.24737e+06,-1.47086e+11,3.06995e+10,-1.47442e+11,3.07831e+10
1.48321e+07,903119,1.2485e+06,-1.47124e+11,3.05161e+10,-1.47482e+11,3.05931e+10
1.48384e+07,903235,1.24963e+06,-1.47162e+11,3.03326e+10,-1.47521e+11,3.0403e+10
1.48447e+07,903349,1.25076e+06,-1.472e+11,3.01491e+10,-1.4756e+11,3.02128e+10
1.4851e+07,903464,1.25189e+06,-1.47237e+11,2.99655e+10,-1.47598e+11,3.00226e+10
1.48573e+07,903577,1.25302e+06,-1.47274e+11,2.97819e+10,-1.47637e+11,2.98323e+10
1.48636e+07,903690,1.25415e+06,-1.47311e+11,2.95982e+10,-1.47675e+11,2.96419e+10
1.48699e+07,903802,1.25527e+06,-1.47348e+11,2.94145e+10,-1.47712e+11,2.94515e+10
1.48763e+07,903913,1.2564e+06,-1.47385e+11,2.92307e+10,-1.47749e+11,2.9261e+10
1.48826e+07,904023,1.25753e+06,-1.47421e+11,2.90469e+10,-1.47786e+11,2.90705e+10
1.48889e+07,904133,1.25866e+06,-1.47457e+11,2.8863e+10,-1.47823e+11,2.88799e+10
1.48952e+07,904242,1.25979e+06,-1.47493e+11,2.86791e+10,-1.47859e+11,2.86892e+10
1.49015e+07,904351,1.26092e+06,-1.47529e+11,2.84952e+10,-1.47895e+11,2.84985e+10
1.49078e+07,904459,1.26205e+06,-1.47565e+11,2.83112e+10,-1.4793e+11,2.83078e+10
1.49141e+07,904566,1.26318e+06,-1.476e+11,2.81272e+10,-1.47965e+11,2.8117e+10
1.49204e+07,904672,1.26432e+06,-1.47635e+11,2.79431e+10,-1.48e+11,2.79262e+10
1.49267e+07,904778,1.26545e+06,-1.4767e+11,2.7759e+10,-1.48034e+11,2.77354e+10
1.49331e+07,904883,1.26658e+06,-1.47704e+11,2.75748e+10,-1.48069e+11,2.75445e+10
1.49394e+07,904987,1.26771e+06,-1.47738e+11,2.73906e+10,-1.48102e+11,2.73535e+10
1.49457e+07,905091,1.26884e+06,-1.47773e+11,2.72063e+10,-1.48136e+11,2.71626e+10
1.4952e+07,905194,1.26997e+06,-1.47806e+11,2.7022e+10,-1.48169e+11,2.69716e+10
1.49583e+07,905296,1.2711e+06,-1.4784e+11,2.68377e+10,-1.48201e+11,2.67806e+10
1.49646e+07,905397,1.27223e+06,-1.47873e+11,2.66533e+10,-1.48234e+11,2.65896e+10
1.49709e+07,905498,1.27336e+06,-1.47907e+11,2.64689e+10,-1.48266e+11,2.63985e+10
1.49772e+07,905598,1.2745e+06,-1.4794e+11,2.62844e+10,-1.48297e+11,2.62075e+10
1.49835e+07,905698,1.27563e+06,-1.47972e+11,2.60999e+10,-1.48329e+11,2.60164e+10
1.49899e+07,905796,1.27676e+06,-1.48005e+11,2.59154e+10,-1.4836e+11,2.58253e+10
1.49962e+07,905894,1.27789e+06,-1.48037e+11,2.57308e+10,-1.4839e+11,2.56342e+10
1.50025e+07,905992,1.27902e+06,-1.48069e+11,2.55462e+10,-1.4842e+11,2.54431e+10
1.50088e+07,906088,1.28016e+06,-1.48101e+11,2.53615e+10,-1.4845e+11,2.52519e+10
1.50151e+07,906184,1.28129e+06,-1.48132e+11,2.51768e+10,-1.4848e+11,2.50608e+10
1.50214e+07,906279,1.28242e+06,-1.48164e+11,2.4992e+10,-1.48509e+11,2.48697e+10
1.50277e+07,906374,1.28355e+06,-1.48195e+11,2.48073e+10,-1.48538e+11,2.46786e+10
1.5034e+07,906468,1.28469e+06,-1.48226e+11,2.46224e+10,-1.48567e+11,2.44874e+10
1.50404e+07,906561,1.28582e+06,-1.48256e+11,2.44376e+10,-1.48595e+11,2.42963e+10
1.50467e+07,906653,1.28695e+06,-1.48287e+11,2.42527e+10,-1.48623e+11,2.41052e+10
1.5053e+07,906745,1.28808e+06,-1.48317e+11,2.40677e+10,-1.4865e+11,2.39141e+10
1.50593e+07,906836,1.28922e+06,-1.48347e+11,2.38827e+10,-1.48678e+11,2.3723e+10
1.50656e+07,906926,1.29035e+06,-1.48377e+11,2.36977e+10,-1.48704e+11,2.35319e+10
1.50719e+07,907016,1.29148e+06,-1.48406e+11,2.35127e+10,-1.48731e+11,2.33409e+10
1.50782e+07,907104,1.29262e+06,-1.48436e+11,2.33276e+10,-1.48757e+11,2.31499e+10
1.50845e+07,907193,1.29375e+06,-1.48465e+11,2.31425e+10,-1.48783e+11,2.29588e+10
1.50908e+07,907280,1.29489e+06,-1.48493e+11,2.29573e+10,-1.48809e+11,2.27678e+10
1.50972e+07,907367,1.29602e+06,-1.48522e+11,2.27721e+10,-1.48834e+11,2.25769e+10
1.51035e+07,907453,1.29715e+06,-1.4855e+11,2.25869e+10,-1.48859e+11,2.23859e+10
1.51098e+07,907538,1.29829e+06,-1.48578e+11,2.24016e+10,-1.48883e+11,2.2195e+10
1.51161e+07,907623,1.29942e+06,-1.48606e+11,2.22163e+10,-1.48907e+11,2.20041e+10
1.51224e+07,907707,1.30056e+06,-1.48634e+11,2.20309e+10,-1.48931e+11,2.18133e+10
1.51287e+07,907790,1.30169e+06,-1.48661e+11,2.18455e+10,-1.48955e+11,2.16225e+10
1.5135e+07,907873,1.30282e+06,-1.48689e+11,2.16601e+10,-1.48978e+11,2.14317e+10
1.51413e+07,907954,1.30396e+06,-1.48716e+11,2.14747e+10,-1.49001e+11,2.1241e+10
1.51476e+07,908036,1.30509e+06,-1.48742e+11,2.12892e+10,-1.49024e+11,2.10503e+10
1.5154e+07,908116,1.30623e+06,-1.48769e+11,2.11037e+10,-1.49046e+11,2.08596e+10
1.51603e+07,908196,1.30736e+06,-1.48795e+11,2.09181e+10,-1.49068e+11,2.0669e+10
1.51666e+07,908275,1.3085e+06,-1.48821e+11,2.07325e+10,-1.49089e+11,2.04785e+10
1.51729e+07,908353,1.30963e+06,-1.48847e+11,2.05469e+10,-1.49111e+11,2.0288e+10
1.51792e+07,908431,1.31077e+06,-1.48873e+11,2.03613e+10,-1.49132e+11,2.00975e+10
1.51855e+07,908508,1.3119e+06,-1.48898e+11,2.01756e+10,-1.49152e+11,1.99071e+10
1.51918e+07,908584,1.31304e+06,-1.48923e+11,1.99899e+10,-1.49173e+11,1.97167e+10
1.51981e+07,908659,1.31418e+06,-1.48948e+11,1.98041e+10,-1.49193e+11,1.95264e+10
1.52045e+07,908734,1.31531e+06,-1.48973e+11,1.96183e+10,-1.49213e+11,1.93362e+10
1.52108e+07,908808,1.31645e+06,-1.48997e+11,1.94325e+10,-1.49232e+11,1.9146e+10
1.52171e+07,908881,1.31758e+06,-1.49021e+11,1.92467e+10,-1.49251e+11,1.89559e+10
1.52234e+07,908954,1.31872e+06,-1.49045e+11,1.90608e+10,-1.4927e+11,1.87658e+10
1.52297e+07,909026,1.31985e+06,-1.49069e+11,1.88749e+10,-1.49289e+11,1.85758e+10
1.5236e+07,909097,1.32099e+06,-1.49093e+11,1.8689e+10,-1.49307e+11,1.83859e+10
1.52423e+07,909168,1.32213e+06,-1.49116e+11,1.8503e+10,-1.49325e+11,1.8196e+10
1.52486e+07,909238,1.32326e+06,-1.49139e+11,1.8317e+10,-1.49343e+11,1.80062e+10
1.52549e+07,909307,1.3244e+06,-1.49162e+11,1.8131e+10,-1.4936e+11,1.78164e+10
1.52613e+07,909375,1.32554e+06,-1.49184e+11,1.79449e+10,-1.49377e+11,1.76268e+10
1.52676e+07,909443,1.32667e+06,-1.49207e+11,1.77588e+10,-1.49394e+11,1.74372e+10
1.52739e+07,909510,1.32781e+06,-1.49229e+11,1.75727e+10,-1.4941e+11,1.72476e+10
1.52802e+07,909576,1.32895e+06,-1.49251e+11,1.73866e+10,-1.49427e+11,1.70582e+10
1.52865e+07,909642,1.33008e+06,-1.49272e+11,1.72004e+10,-1.49442e+11,1.68688e+10
1.52928e+07,909707,1.33122e+06,-1.49294e+11,1.70142e+10,-1.49458e+11,1.66795e+10
1.52991e+07,909771,1.33236e+06,-1.49315e+11,1.6828e+10,-1.49473e+11,1.64903e+10
1.53054e+07,909835,1.33349e+06,-1.49336e+11,1.66417e+10,-1.49489e+11,1.63011e+10
1.53117e+07,909897,1.33463e+06,-1.49357e+11,1.64554e+10,-1.49503e+11,1.6112e+10
1.53181e+07,909959,1.33577e+06,-1.49377e+11,1.62691e+10,-1.49518e+11,1.5923e+10
1.53244e+07,910021,1.3369e+06,-1.49397e+11,1.60828e+10,-1.49532e+11,1.57341e+10
1.53307e+07,910081,1.33804e+06,-1.49417e+11,1.58964e+10,-1.49546e+11,1.55453e+10
1.5337e+07,910141,1.33918e+06,-1.49437e+11,1.57101e+10,-1.4956e+11,1.53565e+10
1.53433e+07,910201,1.34032e+06,-1.49457e+11,1.55236e+10,-1.49573e+11,1.51679e+10
1.53496e+07,910259,1.34145e+06,-1.49476e+11,1.53372e+10,-1.49586e+11,1.49793e+10
1.53559e+07,910317,1.34259e+06,-1.49495e+11,1.51507e+10,-1.49599e+11,1.47908e+10
1.53622e+07,910374,1.34373e+06,-1.49514e+11,1.49642e+10,-1.49612e+11,1.46024e+10
1.53686e+07,910431,1.34487e+06,-1.49533e+11,1.47777e+10,-1.49624e+11,1.44141e+10
1.53749e+07,910486,1.346e+06,-1.49551e+11,1.45912e+10,-1.49636e+11,1.42258e+10
1.53812e+07,910541,1.34714e+06,-1.49569e+11,1.44046e+10,-1.49648e+11,1.40377e+10
1.53875e+07,910596,1.34828e+06,-1.49587e+11,1.4218e+10,-1.4966e+11,1.38496e+10
1.53938e+07,910649,1.34942e+06,-1.49605e+11,1.40314e+10,-1.49671e+11,1.36616e+10
1.54001e+07,910702,1.35056e+06,-1.49622e+11,1.38448e+10,-1.49682e+11,1.34738e+10
1.54064e+07,910754,1.35169e+06,-1.4964e+11,1.36582e+10,-1.49693e+11,1.3286e+10
1.54127e+07,910806,1.35283e+06,-1.49657e+11,1.34715e+10,-1.49704e+11,1.30983e+10
1.5419e+07,910856,1.35397e+06,-1.49673e+11,1.32848e+10,-1.49714e+11,1.29106e+10
1.54254e+07,910906,1.35511e+06,-1.4969e+11,1.3098e+10,-1.49724e+11,1.27231e+10
1.54317e+07,910956,1.35625e+06,-1.49706e+11,1.29113e+10,-1.49734e+11,1.25357e+10
1.5438e+07,911004,1.35739e+06,-1.49722e+11,1.27245e+10,-1.49743e+11,1.23484e+10
1.54443e+07,911052,1.35852e+06,-1.49738e+11,1.25378e+10,-1.49753e+11,1.21611e+10
1.54506e+07,911100,1.35966e+06,-1.49754e+11,1.23509e+10,-1.49762e+11,1.1974e+10
1.54569e+07,911146,1.3608e+06,-1.49769e+11,1.21641e+10,-1.49771e+11,1.17869e+10
1.54632e+07,911192,1.36194e+06,-1.49784e+11,1.19773e+10,-1.49779e+11,1.15999e+10
1.54695e+07,911237,1.36308e+06,-1.49799e+11,1.17904e+10,-1.49788e+11,1.14131e+10
1.54758e+07,911281,1.36422e+06,-1.49814e+11,1.16035e+10,-1.49796e+11,1.12263e+10
1.54822e+07,911325,1.36536e+06,-1.49828e+11,1.14166e+10,-1.49804e+11,1.10396e+10
1.54885e+07,911368,1.3665e+06,-1.49842e+11,1.12297e+10,-1.49812e+11,1.0853e+10
1.54948e+07,911410,1.36763e+06,-1.49856e+11,1.10427e+10,-1.49819e+11,1.06665e+10
1.55011e+07,911452,1.36877e+06,-1.4987e+11,1.08558e+10,-1.49827e+11,1.04801e+10
1.55074e+07,911492,1.36991e+06,-1.49884e+11,1.06688e+10,-1.49834e+11,1.02938e+10
1.55137e+07,911533,1.37105e+06,-1.49897e+11,1.04818e+10,-1.49841e+11,1.01076e+10
1.552e+07,911572,1.37219e+06,-1.4991e+11,1.02948e+10,-1.49847e+11,9.92144e+09
1.55263e+07,911611,1.37333e+06,-1.49923e+11,1.01077e+10,-1.49854e+11,9.73541e+09
1.55327e+07,911649,1.37447e+06,-1.49935e+11,9.92068e+09,-1.4986e+11,9.54948e+09
1.5539e+07,911686,1.37561e+06,-1.49948e+11,9.73361e+09,-1.49866e+11,9.36364e+09
1.55453e+07,911722,1.37675e+06,-1.4996e+11,9.54652e+09,-1.49872e+11,9.17789e+09
1.55516e+07,911758,1.37789e+06,-1.49972e+11,9.35942e+09,-1.49877e+11,8.99223e+09
1.55579e+07,911793,1.37903e+06,-1.49983e+11,9.1723e+09,-1.49883e+11,8.80667e+09
1.55642e+07,911828,1.38017e+06,-1.49995e+11,8.98517e+09,-1.49888e+11,8.6212e+09
1.55705e+07,911862,1.38131e+06,-1.50006e+11,8.79802e+09,-1.49893e+11,8.43582e+09
1.55768e+07,911895,1.38244e+06,-1.50017e+11,8.61085e+09,-1.49897e+11,8.25053e+09
1.55831e+07,911927,1.38358e+06,-1.50028e+11,8.42367e+09,-1.49902e+11,8.06534e+09
1.55895e+07,911959,1.38472e+06,-1.50038e+11,8.23648e+09,-1.49906e+11,7.88023e+09
1.55958e+07,911989,1.38586e+06,-1.50048e+11,8.04927e+09,-1.49911e+11,7.69522e+09
1.56021e+07,912020,1.387e+06,-1.50058e+11,7.86205e+09,-1.49914e+11,7.5103e+09
1.56084e+07,912049,1.38814e+06,-1.50068e+11,7.67482e+09,-1.49918e+11,7.32546e+09
1.56147e+07,912078,1.38928e+06,-1.50078e+11,7.48757e+09,-1.49922e+11,7.14072e+09
1.5621e+07,912106,1.39042e+06,-1.50087e+11,7.30031e+09,-1.49925e+11,6.95607e+09
1.56273e+07,912133,1.39156e+06,-1.50096e+11,7.11304e+09,-1.49928e+11,6.7715e+09
1.56336e+07,912160,1.3927e+06,-1.50105e+11,6.92575e+09,-1.49931e+11,6.58702e+09
1.56399e+07,912186,1.39384e+06,-1.50113e+11,6.73845e+09,-1.49934e+11,6.40263e+09
1.56463e+07,912211,1.39498e+06,-1.50122e+11,6.55114e+09,-1.49937e+11,6.21833e+09
1.56526e+07,912235,1.39612e+06,-1.5013e+11,6.36382e+09,-1.49939e+11,6.03411e+09
1.56589e+07,912259,1.39726e+06,-1.50138e+11,6.17649e+09,-1.49942e+11,5.84998e+09
1.56652e+07,912282,1.3984e+06,-1.50145e+11,5.98915e+09,-1.49944e+11,5.66593e+09
1.56715e+07,912305,1.39954e+06,-1.50153e+11,5.8018e+09,-1.49946e+11,5.48197e+09
1.56778e+07,912326,1.40068e+06,-1.5016e+11,5.61443e+09,-1.49948e+11,5.29809e+09
1.56841e+07,912347,1.40182e+06,-1.50167e+11,5.42706e+09,-1.49949e+11,5.11429e+09
1.56904e+07,912367,1.40296e+06,-1.50174e+11,5.23968e+09,-1.49951e+11,4.93057e+09
1.56968e+07,912387,1.4041e+06,-1.5018e+11,5.05229e+09,-1.49952e+11,4.74694e+09
1.57031e+07,912406,1.40524e+06,-1.50186e+11,4.86489e+09,-1.49953e+11,4.56338e+09
1.57094e+07,912424,1.40638e+06,-1.50192e+11,4.67748e+09,-1.49954e+11,4.3799e+09
1.57157e+07,912441,1.40752e+06,-1.50198e+11,4.49006e+09,-1.49955e+11,4.19651e+09
1.5722e+07,912458,1.40866e+06,-1.50204e+11,4.30263e+09,-1.49955e+11,4.01319e+09
1.57283e+07,912474,1.4098e+06,-1.50209e+11,4.1152e+09,-1.49956e+11,3.82994e+09
1.57346e+07,912489,1.41094e+06,-1.50214e+11,3.92776e+09,-1.49956e+11,3.64677e+09
1.57409e+07,912504,1.41208e+06,-1.50219e+11,3.74031e+09,-1.49956e+11,3.46368e+09
1.57472e+07,912517,1.41323e+06,-1.50224e+11,3.55286e+09,-1.49956e+11,3.28066e+09
1.57536e+07,912530,1.41437e+06,-1.50228e+11,3.3654e+09,-1.49956e+11,3.09771e+09
1.57599e+07,912543,1.41551e+06,-1.50232e+11,3.17793e+09,-1.49955e+11,2.91483e+09
1.57662e+07,912555,1.41665e+06,-1.50236e+11,2.99046e+09,-1.49955e+11,2.73202e+09
1.57725e+07,912566,1.41779e+06,-1.5024e+11,2.80298e+09,-1.49954e+11,2.54929e+09
1.57788e+07,912576,1.41893e+06,-1.50243e+11,2.61549e+09,-1.49953e+11,2.36662e+09
1.57851e+07,912585,1.42007e+06,-1.50246e+11,2.428e+09,-1.49952e+11,2.18402e+09
1.57914e+07,912594,1.42121e+06,-1.50249e+11,2.24051e+09,-1.49951e+11,2.00148e+09
1.57977e+07,912602,1.42235e+06,-1.50252e+11,2.05301e+09,-1.4995e+11,1.81901e+09
1.5804e+07,912610,1.42349e+06,-1.50254e+11,1.86551e+09,-1.49948e+11,1.6366e+09
1.58104e+07,912616,1.42463e+06,-1.50257e+11,1.67801e+09,-1.49947e+11,1.45426e+09
1.58167e+07,912622,1.42577e+06,-1.50259e+11,1.4905e+09,-1.49945e+11,1.27197e+09
1.5823e+07,912628,1.42691e+06,-1.5026e+11,1.30298e+09,-1.49943e+11,1.08975e+09
1.58293e+07,912632,1.42805e+06,-1.50262e+11,1.11547e+09,-1.49941e+11,9.07585e+08
1.58356e+07,912636,1.42919e+06,-1.50263e+11,9.27952e+08,-1.49939e+11,7.25478e+08
1.58419e+07,912639,1.43033e+06,-1.50264e+11,7.40432e+08,-1.49937e+11,5.43427e+08
1.58482e+07,912642,1.43147e+06,-1.50265e+11,5.52911e+08,-1.49934e+11,3.61431e+08
1.58545e+07,912643,1.43261e+06,-1.50266e+11,3.65388e+08,-1.49931e+11,1.79489e+08
1.58608e+07,912644,1.43375e+06,-1.50266e+11,1.77864e+08,-1.49929e+11,-2.40122e+06
1.58672e+07,912645,1.43489e+06,-1.50266e+11,-9.66069e+06,-1.49926e+11,-1.8424e+08
1.58735e+07,912644,1.43603e+06,-1.50266e+11,-1.97186e+08,-1.49923e+11,-3.66029e+08
1.58798e+07,912643,1.43717e+06,-1.50266e+11,-3.84712e+08,-1.4992e+11,-5.4777e+08
1.58861e+07,912641,1.43832e+06,-1.50265e+11,-5.72238e+08,-1.49916e+11,-7.29463e+08
1.58924e+07,912639,1.43946e+06,-1.50265e+11,-7.59763e+08,-1.49913e+11,-9.11111e+08
1.58987e+07,912636,1.4406e+06,-1.50264e+11,-9.47288e+08,-1.49909e+11,-1.09272e+09
1.5905e+07,912632,1.44174e+06,-1.50262e+11,-1.13481e+09,-1.49906e+11,-1.27428e+09
1.59113e+07,912627,1.44288e+06,-1.50261e+11,-1.32233e+09,-1.49902e+11,-1.4558e+09
1.59177e+07,912622,1.44402e+06,-1.50259e+11,-1.50986e+09,-1.49898e+11,-1.63727e+09
1.5924e+07,912616,1.44516e+06,-1.50257e+11,-1.69737e+09,-1.49894e+11,-1.81872e+09
1.59303e+07,912609,1.4463e+06,-1.50255e+11,-1.88489e+09,-1.4989e+11,-2.00012e+09
1.59366e+07,912601,1.44744e+06,-1.50252e+11,-2.07241e+09,-1.49885e+11,-2.18149e+09
1.59429e+07,912593,1.44858e+06,-1.5025e+11,-2.25992e+09,-1.49881e+11,-2.36282e+09
1.59492e+07,912584,1.44972e+06,-1.50247e+11,-2.44742e+09,-1.49876e+11,-2.54412e+09
1.59555e+07,912574,1.45086e+06,-1.50244e+11,-2.63493e+09,-1.49871e+11,-2.72539e+09
1.59618e+07,912564,1.452e+06,-1.5024e+11,-2.82243e+09,-1.49866e+11,-2.90663e+09
1.59681e+07,912553,1.45314e+06,-1.50237e+11,-3.00993e+09,-1.49861e+11,-3.08784e+09
1.59745e+07,912541,1.45428e+06,-1.50233e+11,-3.19742e+09,-1.49856e+11,-3.26903e+09
1.59808e+07,912529,1.45542e+06,-1.50229e+11,-3.38491e+09,-1.49851e+11,-3.45019e+09
1.59871e+07,912515,1.45656e+06,-1.50224e+11,-3.57239e+09,-1.49845e+11,-3.63133e+09
1.59934e+07,912502,1.4577e+06,-1.5022e+11,-3.75987e+09,-1.4984e+11,-3.81244e+09
1.59997e+07,912487,1.45884e+06,-1.50215e+11,-3.94734e+09,-1.49834e+11,-3.99353e+09
1.6006e+07,912472,1.45998e+06,-1.5021e+11,-4.1348e+09,-1.49828e+11,-4.1746e+09
1.60123e+07,912455,1.46112e+06,-1.50205e+11,-4.32226e+09,-1.49823e+11,-4.35566e+09
1.60186e+07,912439,1.46226e+06,-1.50199e+11,-4.50972e+09,-1.49817e+11,-4.5367e+09
1.60249e+07,912421,1.4634e+06,-1.50193e+11,-4.69716e+09,-1.4981e+11,-4.71773e+09
1.60313e+07,912403,1.46454e+06,-1.50187e+11,-4.8846e+09,-1.49804e+11,-4.89874e+09
1.60376e+07,912384,1.46568e+06,-1.50181e+11,-5.07203e+09,-1.49798e+11,-5.07974e+09
1.60439e+07,912365,1.46682e+06,-1.50175e+11,-5.25945e+09,-1.49791e+11,-5.26073e+09
1.60502e+07,912344,1.46796e+06,-1.50168e+11,-5.44687e+09,-1.49784e+11,-5.44171e+09
1.60565e+07,912323,1.4691e+06,-1.50161e+11,-5.63428e+09,-1.49778e+11,-5.62268e+09
1.60628e+07,912301,1.47025e+06,-1.50154e+11,-5.82167e+09,-1.49771e+11,-5.80365e+09
1.60691e+07,912279,1.47139e+06,-1.50147e+11,-6.00906e+09,-1.49764e+11,-5.98461e+09
1.60754e+07,912256,1.47253e+06,-1.50139e+11,-6.19644e+09,-1.49756e+11,-6.16558e+09
1.60818e+07,912232,1.47367e+06,-1.50131e+11,-6.38381e+09,-1.49749e+11,-6.34654e+09
1.60881e+07,912207,1.47481e+06,-1.50123e+11,-6.57117e+09,-1.49742e+11,-6.5275e+09
1.60944e+07,912182,1.47595e+06,-1.50115e+11,-6.75852e+09,-1.49734e+11,-6.70846e+09
1.61007e+07,912156,1.47709e+06,-1.50106e+11,-6.94586e+09,-1.49726e+11,-6.88943e+09
1.6107e+07,912129,1.47822e+06,-1.50097e+11,-7.13318e+09,-1.49718e+11,-7.0704e+09
1.61133e+07,912102,1.47936e+06,-1.50088e+11,-7.3205e+09,-1.4971e+11,-7.25138e+09
1.61196e+07,912074,1.4805e+06,-1.50079e+11,-7.5078e+09,-1.49702e+11,-7.43237e+09
1.61259e+07,912045,1.48164e+06,-1.50069e+11,-7.6951e+09,-1.49694e+11,-7.61336e+09
1.61322e+07,912015,1.48278e+06,-1.5006e+11,-7.88237e+09,-1.49686e+11,-7.79437e+09
1.61386e+07,911985,1.48392e+06,-1.5005e+11,-8.06964e+09,-1.49677e+11,-7.97539e+09
1.61449e+07,911954,1.48506e+06,-1.5004e+11,-8.2569e+09,-1.49669e+11,-8.15642e+09
1.61512e+07,911922,1.4862e+06,-1.50029e+11,-8.44414e+09,-1.4966e+11,-8.33747e+09
1.61575e+07,911890,1.48734e+06,-1.50018e+11,-8.63137e+09,-1.49651e+11,-8.51853e+09
1.61638e+07,911857,1.48848e+06,-1.50007e+11,-8.81858e+09,-1.49642e+11,-8.69962e+09
1.61701e+07,911823,1.48962e+06,-1.49996e+11,-9.00578e+09,-1.49633e+11,-8.88072e+09
1.61764e+07,911789,1.49076e+06,-1.49985e+11,-9.19296e+09,-1.49624e+11,-9.06184e+09
1.61827e+07,911753,1.4919e+06,-1.49973e+11,-9.38013e+09,-1.49614e+11,-9.24299e+09
1.6189e+07,911717,1.49304e+06,-1.49961e+11,-9.56729e+09,-1.49605e+11,-9.42416e+09
1.61954e+07,911681,1.49418e+06,-1.49949e+11,-9.75443e+09,-1.49595e+11,-9.60536e+09
1.62017e+07,911643,1.49532e+06,-1.49937e+11,-9.94155e+09,-1.49585e+11,-9.78658e+09
1.6208e+07,911605,1.49646e+06,-1.49924e+11,-1.01287e+10,-1.49575e+11,-9.96783e+09
1.62143e+07,911566,1.4976e+06,-1.49912e+11,-1.03158e+10,-1.49565e+11,-1.01491e+10
1.62206e+07,911527,1.49874e+06,-1.49899e+11,-1.05028e+10,-1.49555e+11,-1.03304e+10
1.62269e+07,911487,1.49988e+06,-1.49885e+11,-1.06899e+10,-1.49545e+11,-1.05118e+10
1.62332e+07,911446,1.50101e+06,-1.49872e+11,-1.08769e+10,-1.49534e+11,-1.06931e+10
1.62395e+07,911404,1.50215e+06,-1.49858e+11,-1.1064e+10,-1.49523e+11,-1.08745e+10
1.62459e+07,911362,1.50329e+06,-1.49844e+11,-1.1251e+10,-1.49513e+11,-1.1056e+10
1.62522e+07,911319,1.50443e+06,-1.4983e+11,-1.14379e+10,-1.49502e+11,-1.12375e+10
1.62585e+07,911275,1.50557e+06,-1.49816e+11,-1.16249e+10,-1.49491e+11,-1.1419e+10
1.62648e+07,911231,1.50671e+06,-1.49801e+11,-1.18119e+10,-1.49479e+11,-1.16005e+10
1.62711e+07,911185,1.50785e+06,-1.49786e+11,-1.19988e+10,-1.49468e+11,-1.17821e+10
1.62774e+07,911140,1.50899e+06,-1.49771e+11,-1.21857e+10,-1.49457e+11,-1.19638e+10
1.62837e+07,911093,1.51012e+06,-1.49755e+11,-1.23726e+10,-1.49445e+11,-1.21455e+10
1.629e+07,911046,1.51126e+06,-1.4974e+11,-1.25595e+10,-1.49433e+11,-1.23272e+10
1.62963e+07,910998,1.5124e+06,-1.49724e+11,-1.27463e+10,-1.49421e+11,-1.2509e+10
1.63027e+07,910949,1.51354e+06,-1.49708e+11,-1.29332e+10,-1.49409e+11,-1.26908e+10
1.6309e+07,910899,1.51468e+06,-1.49692e+11,-1.312e+10,-1.49397e+11,-1.28727e+10
1.63153e+07,910849,1.51582e+06,-1.49675e+11,-1.33068e+10,-1.49384e+11,-1.30546e+10
1.63216e+07,910798,1.51696e+06,-1.49658e+11,-1.34935e+10,-1.49372e+11,-1.32366e+10
1.63279e+07,910747,1.51809e+06,-1.49641e+11,-1.36803e+10,-1.49359e+11,-1.34186e+10
1.63342e+07,910695,1.51923e+06,-1.49624e+11,-1.3867e+10,-1.49346e+11,-1.36006e+10
1.63405e+07,910642,1.52037e+06,-1.49607e+11,-1.40537e+10,-1.49333e+11,-1.37828e+10
1.63468e+07,910588,1.52151e+06,-1.49589e+11,-1.42404e+10,-1.4932e+11,-1.39649e+10
1.63531e+07,910534,1.52265e+06,-1.49571e+11,-1.4427e+10,-1.49307e+11,-1.41472e+10
1.63595e+07,910478,1.52378e+06,-1.49553e+11,-1.46136e+10,-1.49293e+11,-1.43295e+10
1.63658e+07,910423,1.52492e+06,-1.49534e+11,-1.48003e+10,-1.4928e+11,-1.45118e+10
1.63721e+07,910366,1.52606e+06,-1.49516e+11,-1.49868e+10,-1.49266e+11,-1.46942e+10
1.63784e+07,910309,1.5272e+06,-1.49497e+11,-1.51734e+10,-1.49252e+11,-1.48767e+10
1.63847e+07,910251,1.52833e+06,-1.49478e+11,-1.53599e+10,-1.49238e+11,-1.50592e+10
1.6391e+07,910192,1.52947e+06,-1.49458e+11,-1.55464e+10,-1.49223e+11,-1.52418e+10
1.63973e+07,910133,1.53061e+06,-1.49439e+11,-1.57329e+10,-1.49209e+11,-1.54244e+10
1.64036e+07,910073,1.53175e+06,-1.49419e+11,-1.59194e+10,-1.49194e+11,-1.56071e+10
1.641e+07,910012,1.53288e+06,-1.49399e+11,-1.61058e+10,-1.49179e+11,-1.57899e+10
1.64163e+07,909951,1.53402e+06,-1.49378e+11,-1.62922e+10,-1.49164e+11,-1.59727e+10
1.64226e+07,909889,1.53516e+06,-1.49358e+11,-1.64786e+10,-1.49149e+11,-1.61556e+10
1.64289e+07,909826,1.53629e+06,-1.49337e+11,-1.6665e+10,-1.49134e+11,-1.63386e+10
1.64352e+07,909762,1.53743e+06,-1.49316e+11,-1.68513e+10,-1.49118e+11,-1.65216e+10
1.64415e+07,909698,1.53857e+06,-1.49295e+11,-1.70376e+10,-1.49102e+11,-1.67047e+10
1.64478e+07,909633,1.53971e+06,-1.49274e+11,-1.72238e+10,-1.49087e+11,-1.68878e+10
1.64541e+07,909567,1.54084e+06,-1.49252e+11,-1.74101e+10,-1.49071e+11,-1.7071e+10
1.64604e+07,909501,1.54198e+06,-1.4923e+11,-1.75963e+10,-1.49054e+11,-1.72543e+10
1.64668e+07,909434,1.54312e+06,-1.49208e+11,-1.77825e+10,-1.49038e+11,-1.74377e+10
1.64731e+07,909366,1.54425e+06,-1.49185e+11,-1.79686e+10,-1.49021e+11,-1.76211e+10
1.64794e+07,909297,1.54539e+06,-1.49163e+11,-1.81548e+10,-1.49004e+11,-1.78046e+10
1.64857e+07,909228,1.54652e+06,-1.4914e+11,-1.83409e+10,-1.48987e+11,-1.79882e+10
1.6492e+07,909158,1.54766e+06,-1.49117e+11,-1.85269e+10,-1.4897e+11,-1.81718e+10
1.64983e+07,909087,1.5488e+06,-1.49094e+11,-1.8713e+10,-1.48953e+11,-1.83555e+10
1.65046e+07,909016,1.54993e+06,-1.4907e+11,-1.8899e+10,-1.48935e+11,-1.85393e+10
1.65109e+07,908944,1.55107e+06,-1.49046e+11,-1.9085e+10,-1.48918e+11,-1.87232e+10
1.65172e+07,908871,1.5522e+06,-1.49022e+11,-1.92709e+10,-1.489e+11,-1.89071e+10
1.65236e+07,908798,1.55334e+06,-1.48998e+11,-1.94568e+10,-1.48881e+11,-1.90911e+10
1.65299e+07,908723,1.55448e+06,-1.48973e+11,-1.96427e+10,-1.48863e+11,-1.92752e+10
1.65362e+07,908649,1.55561e+06,-1.48949e+11,-1.98286e+10,-1.48844e+11,-1.94593e+10
1.65425e+07,908573,1.55675e+06,-1.48924e+11,-2.00144e+10,-1.48826e+11,-1.96435e+10
1.65488e+07,908497,1.55788e+06,-1.48899e+11,-2.02002e+10,-1.48807e+11,-1.98278e+10
1.65551e+07,908420,1.55902e+06,-1.48873e+11,-2.03859e+10,-1.48788e+11,-2.00122e+10
1.65614e+07,908342,1.56015e+06,-1.48848e+11,-2.05716e+10,-1.48768e+11,-2.01966e+10
1.65677e+07,908264,1.56129e+06,-1.48822e+11,-2.07573e+10,-1.48749e+11,-2.03811e+10
1.65741e+07,908184,1.56242e+06,-1.48796e+11,-2.0943e+10,-1.48729e+11,-2.05657e+10
1.65804e+07,908105,1.56356e+06,-1.48769e+11,-2.11286e+10,-1.48709e+11,-2.07504e+10
1.65867e+07,908024,1.56469e+06,-1.48743e+11,-2.13142e+10,-1.48689e+11,-2.09351e+10
1.6593e+07,907943,1.56583e+06,-1.48716e+11,-2.14997e+10,-1.48668e+11,-2.11199e+10
1.65993e+07,907861,1.56696e+06,-1.48689e+11,-2.16853e+10,-1.48647e+11,-2.13048e+10
1.66056e+07,907778,1.5681e+06,-1.48662e+11,-2.18707e+10,-1.48627e+11,-2.14897e+10
1.66119e+07,907695,1.56923e+06,-1.48634e+11,-2.20562e+10,-1.48605e+11,-2.16748e+10
1.66182e+07,907611,1.57036e+06,-1.48606e+11,-2.22416e+10,-1.48584e+11,-2.18599e+10
1.66245e+07,907526,1.5715e+06,-1.48578e+11,-2.2427e+10,-1.48563e+11,-2.20451e+10
1.66309e+07,907441,1.57263e+06,-1.4855e+11,-2.26123e+10,-1.48541e+11,-2.22303e+10
1.66372e+07,907355,1.57377e+06,-1.48522e+11,-2.27976e+10,-1.48519e+11,-2.24156e+10
1.66435e+07,907268,1.5749e+06,-1.48493e+11,-2.29829e+10,-1.48496e+11,-2.26011e+10
1.66498e+07,907180,1.57603e+06,-1.48464e+11,-2.31681e+10,-1.48474e+11,-2.27865e+10
1.66561e+07,907092,1.57717e+06,-1.48435e+11,-2.33533e+10,-1.48451e+11,-2.29721e+10
1.66624e+07,907003,1.5783e+06,-1.48406e+11,-2.35385e+10,-1.48428e+11,-2.31577e+10
1.66687e+07,906913,1.57944e+06,-1.48376e+11,-2.37236e+10,-1.48405e+11,-2.33434e+10
1.6675e+07,906823,1.58057e+06,-1.48346e+11,-2.39086e+10,-1.48382e+11,-2.35292e+10
1.66813e+07,906732,1.5817e+06,-1.48316e+11,-2.40937e+10,-1.48358e+11,-2.3715e+10
1.66877e+07,906640,1.58283e+06,-1.48286e+11,-2.42787e+10,-1.48334e+11,-2.39009e+10
1.6694e+07,906548,1.58397e+06,-1.48256e+11,-2.44636e+10,-1.4831e+11,-2.40869e+10
1.67003e+07,906454,1.5851e+06,-1.48225e+11,-2.46486e+10,-1.48286e+11,-2.4273e+10
1.67066e+07,906361,1.58623e+06,-1.48194e+11,-2.48334e+10,-1.48261e+11,-2.44591e+10
1.67129e+07,906266,1.58737e+06,-1.48163e+11,-2.50183e+10,-1.48236e+11,-2.46453e+10
1.67192e+07,906171,1.5885e+06,-1.48131e+11,-2.52031e+10,-1.48211e+11,-2.48315e+10
1.67255e+07,906075,1.58963e+06,-1.481e+11,-2.53878e+10,-1.48185e+11,-2.50179e+10
1.67318e+07,905978,1.59076e+06,-1.48068e+11,-2.55726e+10,-1.4816e+11,-2.52043e+10
1.67382e+07,905881,1.5919e+06,-1.48036e+11,-2.57572e+10,-1.48134e+11,-2.53907e+10
1.67445e+07,905782,1.59303e+06,-1.48003e+11,-2.59419e+10,-1.48108e+11,-2.55773e+10
1.67508e+07,905684,1.59416e+06,-1.47971e+11,-2.61265e+10,-1.48081e+11,-2.57639e+10
1.67571e+07,905584,1.59529e+06,-1.47938e+11,-2.6311e+10,-1.48054e+11,-2.59505e+10
1.67634e+07,905484,1.59642e+06,-1.47905e+11,-2.64955e+10,-1.48028e+11,-2.61373e+10
1.67697e+07,905383,1.59755e+06,-1.47872e+11,-2.668e+10,-1.48e+11,-2.63241e+10
1.6776e+07,905282,1.59869e+06,-1.47838e+11,-2.68644e+10,-1.47973e+11,-2.65109e+10
1.67823e+07,905179,1.59982e+06,-1.47804e+11,-2.70488e+10,-1.47945e+11,-2.66978e+10
1.67886e+07,905076,1.60095e+06,-1.4777e+11,-2.72331e+10,-1.47917e+11,-2.68848e+10
1.6795e+07,904973,1.60208e+06,-1.47736e+11,-2.74174e+10,-1.47889e+11,-2.70719e+10
1.68013e+07,904868,1.60321e+06,-1.47702e+11,-2.76017e+10,-1.4786e+11,-2.7259e+10
1.68076e+07,904763,1.60434e+06,-1.47667e+11,-2.77859e+10,-1.47831e+11,-2.74461e+10
1.68139e+07,904657,1.60547e+06,-1.47632e+11,-2.79701e+10,-1.47802e+11,-2.76333e+10
1.68202e+07,904551,1.6066e+06,-1.47597e+11,-2.81542e+10,-1.47773e+11,-2.78206e+10
1.68265e+07,904444,1.60773e+06,-1.47562e+11,-2.83383e+10,-1.47743e+11,-2.8008e+10
1.68328e+07,904336,1.60886e+06,-1.47526e+11,-2.85223e+10,-1.47713e+11,-2.81953e+10
1.68391e+07,904227,1.60999e+06,-1.4749e+11,-2.87063e+10,-1.47683e+11,-2.83828e+10
1.68454e+07,904118,1.61112e+06,-1.47454e+11,-2.88902e+10,-1.47652e+11,-2.85703e+10
1.68518e+07,904008,1.61225e+06,-1.47418e+11,-2.90741e+10,-1.47621e+11,-2.87578e+10
1.68581e+07,903897,1.61338e+06,-1.47382e+11,-2.92579e+10,-1.4759e+11,-2.89454e+10
1.68644e+07,903786,1.61451e+06,-1.47345e+11,-2.94417e+10,-1.47559e+11,-2.9133e+10
1.68707e+07,903674,1.61564e+06,-1.47308e+11,-2.96255e+10,-1.47527e+11,-2.93207e+10
1.6877e+07,903561,1.61677e+06,-1.47271e+11,-2.98092e+10,-1.47495e+11,-2.95085e+10
1.68833e+07,903447,1.6179e+06,-1.47233e+11,-2.99928e+10,-1.47463e+11,-2.96962e+10
1.68896e+07,903333,1.61903e+06,-1.47196e+11,-3.01764e+10,-1.4743e+11,-2.98841e+10
1.68959e+07,903218,1.62016e+06,-1.47158e+11,-3.036e+10,-1.47397e+11,-3.00719e+10
1.69023e+07,903103,1.62129e+06,-1.4712e+11,-3.05435e+10,-1.47364e+11,-3.02598e+10
1.69086e+07,902987,1.62241e+06,-1.47082e+11,-3.0727e+10,-1.4733e+11,-3.04478e+10
1.69149e+07,902870,1.62354e+06,-1.47043e+11,-3.09104e+10,-1.47296e+11,-3.06358e+10
1.69212e+07,902752,1.62467e+06,-1.47004e+11,-3.10937e+10,-1.47262e+11,-3.08238e+10
1.69275e+07,902634,1.6258e+06,-1.46965e+11,-3.12771e+10,-1.47228e+11,-3.10118e+10
1.69338e+07,902515,1.62693e+06,-1.46926e+11,-3.14603e+10,-1.47193e+11,-3.11999e+10
1.69401e+07,902395,1.62805e+06,-1.46887e+11,-3.16435e+10,-1.47158e+11,-3.1388e+10
1.69464e+07,902274,1.62918e+06,-1.46847e+11,-3.18267e+10,-1.47123e+11,-3.15762e+10
1.69527e+07,902153,1.63031e+06,-1.46807e+11,-3.20098e+10,-1.47087e+11,-3.17644e+10
1.69591e+07,902032,1.63144e+06,-1.46767e+11,-3.21929e+10,-1.47051e+11,-3.19526e+10
1.69654e+07,901909,1.63256e+06,-1.46727e+11,-3.23759e+10,-1.47015e+11,-3.21408e+10
1.69717e+07,901786,1.63369e+06,-1.46686e+11,-3.25588e+10,-1.46978e+11,-3.2329e+10
1.6978e+07,901662,1.63482e+06,-1.46645e+11,-3.27417e+10,-1.46941e+11,-3.25173e+10
1.69843e+07,901537,1.63594e+06,-1.46604e+11,-3.29246e+10,-1.46904e+11,-3.27056e+10
1.69906e+07,901412,1.63707e+06,-1.46563e+11,-3.31074e+10,-1.46866e+11,-3.28939e+10
1.69969e+07,901286,1.6382e+06,-1.46521e+11,-3.32902e+10,-1.46828e+11,-3.30822e+10
1.70032e+07,901159,1.63932e+06,-1.4648e+11,-3.34729e+10,-1.4679e+11,-3.32705e+10
1.70095e+07,901032,1.64045e+06,-1.46438e+11,-3.36555e+10,-1.46752e+11,-3.34589e+10
1.70159e+07,900904,1.64158e+06,-1.46396e+11,-3.38381e+10,-1.46713e+11,-3.36472e+10
1.70222e+07,900775,1.6427e+06,-1.46353e+11,-3.40206e+10,-1.46674e+11,-3.38356e+10
1.70285e+07,900646,1.64383e+06,-1.46311e+11,-3.42031e+10,-1.46634e+11,-3.4024e+10
1.70348e+07,900515,1.64495e+06,-1.46268e+11,-3.43856e+10,-1.46594e+11,-3.42123e+10
1.70411e+07,900385,1.64608e+06,-1.46225e+11,-3.45679e+10,-1.46554e+11,-3.44007e+10
1.70474e+07,900253,1.6472e+06,-1.46181e+11,-3.47503e+10,-1.46513e+11,-3.45891e+10
1.70537e+07,900121,1.64833e+06,-1.46138e+11,-3.49325e+10,-1.46473e+11,-3.47774e+10
1.706e+07,899988,1.64945e+06,-1.46094e+11,-3.51147e+10,-1.46431e+11,-3.49658e+10
1.70664e+07,899854,1.65058e+06,-1.4605e+11,-3.52969e+10,-1.4639e+11,-3.51542e+10
1.70727e+07,899720,1.6517e+06,-1.46006e+11,-3.5479e+10,-1.46348e+11,-3.53425e+10
1.7079e+07,899585,1.65283e+06,-1.45961e+11,-3.5661e+10,-1.46306e+11,-3.55308e+10
1.70853e+07,899449,1.65395e+06,-1.45917e+11,-3.5843e+10,-1.46263e+11,-3.57192e+10
1.70916e+07,899313,1.65507e+06,-1.45872e+11,-3.6025e+10,-1.4622e+11,-3.59075e+10
1.70979e+07,899176,1.6562e+06,-1.45827e+11,-3.62068e+10,-1.46177e+11,-3.60958e+10
1.71042e+07,899038,1.65732e+06,-1.45781e+11,-3.63887e+10,-1.46134e+11,-3.6284e+10
1.71105e+07,898900,1.65845e+06,-1.45736e+11,-3.65704e+10,-1.4609e+11,-3.64723e+10
1.71168e+07,898761,1.65957e+06,-1.4569e+11,-3.67521e+10,-1.46046e+11,-3.66605e+10
1.71232e+07,898621,1.66069e+06,-1.45644e+11,-3.69338e+10,-1.46001e+11,-3.68487e+10
1.71295e+07,898480,1.66181e+06,-1.45598e+11,-3.71154e+10,-1.45956e+11,-3.70368e+10
1.71358e+07,898339,1.66294e+06,-1.45551e+11,-3.72969e+10,-1.45911e+11,-3.7225e+10
1.71421e+07,898197,1.66406e+06,-1.45504e+11,-3.74784e+10,-1.45865e+11,-3.74131e+10
1.71484e+07,898055,1.66518e+06,-1.45458e+11,-3.76598e+10,-1.45819e+11,-3.76011e+10
1.71547e+07,897911,1.6663e+06,-1.4541e+11,-3.78412e+10,-1.45773e+11,-3.77891e+10
1.7161e+07,897767,1.66743e+06,-1.45363e+11,-3.80225e+10,-1.45726e+11,-3.79771e+10
1.71673e+07,897623,1.66855e+06,-1.45315e+11,-3.82037e+10,-1.4568e+11,-3.81651e+10
1.71736e+07,897477,1.66967e+06,-1.45268e+11,-3.83849e+10,-1.45632e+11,-3.83529e+10
1.718e+07,897331,1.67079e+06,-1.4522e+11,-3.8566e+10,-1.45585e+11,-3.85408e+10
1.71863e+07,897185,1.67191e+06,-1.45171e+11,-3.87471e+10,-1.45537e+11,-3.87286e+10
1.71926e+07,897037,1.67303e+06,-1.45123e+11,-3.8928e+10,-1.45488e+11,-3.89163e+10
1.71989e+07,896889,1.67415e+06,-1.45074e+11,-3.9109e+10,-1.4544e+11,-3.9104e+10
1.72052e+07,896740,1.67528e+06,-1.45025e+11,-3.92899e+10,-1.45391e+11,-3.92916e+10
1.72115e+07,896591,1.6764e+06,-1.44976e+11,-3.94707e+10,-1.45341e+11,-3.94792e+10
1.72178e+07,896441,1.67752e+06,-1.44927e+11,-3.96514e+10,-1.45292e+11,-3.96666e+10
1.72241e+07,896290,1.67864e+06,-1.44877e+11,-3.98321e+10,-1.45242e+11,-3.98541e+10
1.72304e+07,896138,1.67976e+06,-1.44827e+11,-4.00128e+10,-1.45191e+11,-4.00414e+10
1.72368e+07,895986,1.68088e+06,-1.44777e+11,-4.01933e+10,-1.4514e+11,-4.02287e+10
1.72431e+07,895833,1.682e+06,-1.44727e+11,-4.03738e+10,-1.45089e+11,-4.04159e+10
1.72494e+07,895680,1.68312e+06,-1.44676e+11,-4.05543e+10,-1.45038e+11,-4.06031e+10
1.72557e+07,895525,1.68424e+06,-1.44625e+11,-4.07347e+10,-1.44986e+11,-4.07901e+10
1.7262e+07,895371,1.68535e+06,-1.44575e+11,-4.0915e+10,-1.44934e+11,-4.09771e+10
1.72683e+07,895215,1.68647e+06,-1.44523e+11,-4.10952e+10,-1.44882e+11,-4.1164e+10
1.72746e+07,895059,1.68759e+06,-1.44472e+11,-4.12754e+10,-1.44829e+11,-4.13508e+10
1.72809e+07,894902,1.68871e+06,-1.4442e+11,-4.14555e+10,-1.44776e+11,-4.15375e+10
1.72873e+07,894744,1.68983e+06,-1.44368e+11,-4.16356e+10,-1.44722e+11,-4.17241e+10
1.72936e+07,894586,1.69095e+06,-1.44316e+11,-4.18156e+10,-1.44668e+11,-4.19107e+10
1.72999e+07,894426,1.69206e+06,-1.44264e+11,-4.19955e+10,-1.44614e+11,-4.20971e+10
1.73062e+07,894267,1.69318e+06,-1.44211e+11,-4.21754e+10,-1.4456e+11,-4.22834e+10
1.73125e+07,894106,1.6943e+06,-1.44159e+11,-4.23552e+10,-1.44505e+11,-4.24697e+10
1.73188e+07,893945,1.69542e+06,-1.44106e+11,-4.25349e+10,-1.4445e+11,-4.26558e+10
1.73251e+07,893783,1.69653e+06,-1.44053e+11,-4.27146e+10,-1.44394e+11,-4.28419e+10
1.73314e+07,893621,1.69765e+06,-1.43999e+11,-4.28942e+10,-1.44339e+11,-4.30278e+10
1.73377e+07,893458,1.69877e+06,-1.43945e+11,-4.30737e+10,-1.44282e+11,-4.32136e+10
1.73441e+07,893294,1.69988e+06,-1.43892e+11,-4.32532e+10,-1.44226e+11,-4.33993e+10
1.73504e+07,893130,1.701e+06,-1.43838e+11,-4.34326e+10,-1.44169e+11,-4.35849e+10
1.73567e+07,892964,1.70212e+06,-1.43783e+11,-4.3612e+10,-1.44112e+11,-4.37703e+10
1.7363e+07,892798,1.70323e+06,-1.43729e+11,-4.37912e+10,-1.44054e+11,-4.39557e+10
1.73693e+07,892632,1.70435e+06,-1.43674e+11,-4.39704e+10,-1.43997e+11,-4.41409e+10
1.73756e+07,892465,1.70546e+06,-1.43619e+11,-4.41496e+10,-1.43938e+11,-4.4326e+10
1.73819e+07,892297,1.70658e+06,-1.43564e+11,-4.43286e+10,-1.4388e+11,-4.4511e+10
1.73882e+07,892128,1.70769e+06,-1.43508e+11,-4.45076e+10,-1.43821e+11,-4.46958e+10
1.73945e+07,891959,1.70881e+06,-1.43453e+11,-4.46866e+10,-1.43762e+11,-4.48805e+10
1.74009e+07,891789,1.70992e+06,-1.43397e+11,-4.48654e+10,-1.43703e+11,-4.50651e+10
1.74072e+07,891618,1.71104e+06,-1.43341e+11,-4.50442e+10,-1.43643e+11,-4.52496e+10
1.74135e+07,891447,1.71215e+06,-1.43284e+11,-4.52229e+10,-1.43583e+11,-4.54339e+10
1.74198e+07,891275,1.71327e+06,-1.43228e+11,-4.54016e+10,-1.43522e+11,-4.56181e+10
1.74261e+07,891102,1.71438e+06,-1.43171e+11,-4.55802e+10,-1.43462e+11,-4.58021e+10
1.74324e+07,890929,1.71549e+06,-1.43114e+11,-4.57587e+10,-1.43401e+11,-4.5986e+10
1.74387e+07,890755,1.71661e+06,-1.43057e+11,-4.59371e+10,-1.43339e+11,-4.61697e+10
1.7445e+07,890580,1.71772e+06,-1.42999e+11,-4.61155e+10,-1.43278e+11,-4.63533e+10
1.74514e+07,890405,1.71883e+06,-1.42942e+11,-4.62938e+10,-1.43216e+11,-4.65368e+10
1.74577e+07,890229,1.71994e+06,-1.42884e+11,-4.6472e+10,-1.43153e+11,-4.67201e+10
1.7464e+07,890052,1.72106e+06,-1.42826e+11,-4.66502e+10,-1.43091e+11,-4.69032e+10
1.74703e+07,889875,1.72217e+06,-1.42768e+11,-4.68283e+10,-1.43028e+11,-4.70862e+10
1.74766e+07,889697,1.72328e+06,-1.42709e+11,-4.70063e+10,-1.42965e+11,-4.72691e+10
1.74829e+07,889518,1.72439e+06,-1.4265e+11,-4.71842e+10,-1.42901e+11,-4.74517e+10
1.74892e+07,889338,1.7255e+06,-1.42591e+11,-4.73621e+10,-1.42837e+11,-4.76343e+10
1.74955e+07,889158,1.72662e+06,-1.42532e+11,-4.75399e+10,-1.42773e+11,-4.78166e+10
1.75018e+07,888978,1.72773e+06,-1.42473e+11,-4.77176e+10,-1.42709e+11,-4.79988e+10
1.75082e+07,888796,1.72884e+06,-1.42413e+11,-4.78953e+10,-1.42644e+11,-4.81808e+10
1.75145e+07,888614,1.72995e+06,-1.42353e+11,-4.80728e+10,-1.42579e+11,-4.83627e+10
1.75208e+07,888431,1.73106e+06,-1.42293e+11,-4.82503e+10,-1.42514e+11,-4.85444e+10
1.75271e+07,888248,1.73217e+06,-1.42233e+11,-4.84278e+10,-1.42448e+11,-4.87259e+10
1.75334e+07,888064,1.73328e+06,-1.42172e+11,-4.86051e+10,-1.42382e+11,-4.89073e+10
1.75397e+07,887879,1.73439e+06,-1.42112e+11,-4.87824e+10,-1.42316e+11,-4.90885e+10
1.7546e+07,887693,1.7355e+06,-1.42051e+11,-4.89596e+10,-1.4225e+11,-4.92695e+10
1.75523e+07,887507,1.73661e+06,-1.41989e+11,-4.91367e+10,-1.42183e+11,-4.94503e+10
1.75586e+07,887320,1.73772e+06,-1.41928e+11,-4.93138e+10,-1.42116e+11,-4.9631e+10
1.7565e+07,887133,1.73883e+06,-1.41866e+11,-4.94908e+10,-1.42049e+11,-4.98115e+10
1.75713e+07,886945,1.73993e+06,-1.41805e+11,-4.96677e+10,-1.41981e+11,-4.99918e+10
1.75776e+07,886756,1.74104e+06,-1.41742e+11,-4.98445e+10,-1.41913e+11,-5.01719e+10
1.75839e+07,886566,1.74215e+06,-1.4168e+11,-5.00213e+10,-1.41845e+11,-5.03518e+10
1.75902e+07,886376,1.74326e+06,-1.41618e+11,-5.01979e+10,-1.41777e+11,-5.05316e+10
1.75965e+07,886185,1.74437e+06,-1.41555e+11,-5.03745e+10,-1.41708e+11,-5.07112e+10
1.76028e+07,885994,1.74547e+06,-1.41492e+11,-5.05511e+10,-1.41639e+11,-5.08906e+10
1.76091e+07,885801,1.74658e+06,-1.41429e+11,-5.07275e+10,-1.4157e+11,-5.10698e+10
1.76155e+07,885608,1.74769e+06,-1.41365e+11,-5.09039e+10,-1.415e+11,-5.12488e+10
1.76218e+07,885415,1.74879e+06,-1.41302e+11,-5.10802e+10,-1.41431e+11,-5.14276e+10
1.76281e+07,885221,1.7499e+06,-1.41238e+11,-5.12564e+10,-1.41361e+11,-5.16063e+10
1.76344e+07,885026,1.75101e+06,-1.41174e+11,-5.14325e+10,-1.4129e+11,-5.17847e+10
1.76407e+07,884830,1.75211e+06,-1.4111e+11,-5.16085e+10,-1.4122e+11,-5.1963e+10
1.7647e+07,884634,1.75322e+06,-1.41045e+11,-5.17845e+10,-1.41149e+11,-5.21411e+10
1.76533e+07,884437,1.75432e+06,-1.40981e+11,-5.19604e+10,-1.41078e+11,-5.2319e+10
1.76596e+07,884240,1.75543e+06,-1.40916e+11,-5.21362e+10,-1.41007e+11,-5.24967e+10
1.76659e+07,884041,1.75653e+06,-1.4085e+11,-5.2312e+10,-1.40935e+11,-5.26742e+10
1.76723e+07,883842,1.75764e+06,-1.40785e+11,-5.24876e+10,-1.40864e+11,-5.28515e+10
1.76786e+07,883643,1.75874e+06,-1.4072e+11,-5.26632e+10,-1.40792e+11,-5.30286e+10
1.76849e+07,883443,1.75985e+06,-1.40654e+11,-5.28387e+10,-1.4072e+11,-5.32055e+10
1.76912e+07,883242,1.76095e+06,-1.40588e+11,-5.30141e+10,-1.40647e+11,-5.33822e+10
1.76975e+07,883040,1.76205e+06,-1.40521e+11,-5.31894e+10,-1.40574e+11,-5.35588e+10
1.77038e+07,882838,1.76316e+06,-1.40455e+11,-5.33647e+10,-1.40501e+11,-5.37351e+10
1.77101e+07,882635,1.76426e+06,-1.40388e+11,-5.35398e+10,-1.40428e+11,-5.39112e+10
1.77164e+07,882432,1.76536e+06,-1.40321e+11,-5.37149e+10,-1.40355e+11,-5.40872e+10
1.77227e+07,882227,1.76647e+06,-1.40254e+11,-5.38899e+10,-1.40281e+11,-5.42629e+10
1.77291e+07,882022,1.76757e+06,-1.40187e+11,-5.40649e+10,-1.40207e+11,-5.44385e+10
1.77354e+07,881817,1.76867e+06,-1.40119e+11,-5.42397e+10,-1.40133e+11,-5.46138e+10
1.77417e+07,881611,1.76977e+06,-1.40052e+11,-5.44144e+10,-1.40059e+11,-5.4789e+10
1.7748e+07,881404,1.77088e+06,-1.39984e+11,-5.45891e+10,-1.39984e+11,-5.49639e+10
1.77543e+07,881196,1.77198e+06,-1.39916e+11,-5.47637e+10,-1.3991e+11,-5.51387e+10
1.77606e+07,880988,1.77308e+06,-1.39847e+11,-5.49382e+10,-1.39835e+11,-5.53132e+10
1.77669e+07,880779,1.77418e+06,-1.39778e+11,-5.51126e+10,-1.3976e+11,-5.54876e+10
1.77732e+07,880570,1.77528e+06,-1.3971e+11,-5.5287e+10,-1.39684e+11,-5.56618e+10
1.77796e+07,880360,1.77638e+06,-1.39641e+11,-5.54612e+10,-1.39609e+11,-5.58357e+10
1.77859e+07,880149,1.77748e+06,-1.39571e+11,-5.56354e+10,-1.39533e+11,-5.60095e+10
1.77922e+07,879937,1.77858e+06,-1.39502e+11,-5.58095e+10,-1.39457e+11,-5.6183e+10
1.77985e+07,879725,1.77968e+06,-1.39432e+11,-5.59835e+10,-1.39381e+11,-5.63564e+10
1.78048e+07,879512,1.78078e+06,-1.39362e+11,-5.61574e+10,-1.39304e+11,-5.65296e+10
1.78111e+07,879299,1.78188e+06,-1.39292e+11,-5.63312e+10,-1.39228e+11,-5.67025e+10
1.78174e+07,879085,1.78298e+06,-1.39222e+11,-5.65049e+10,-1.39151e+11,-5.68753e+10
1.78237e+07,878870,1.78407e+06,-1.39151e+11,-5.66786e+10,-1.39074e+11,-5.70479e+10
1.783e+07,878654,1.78517e+06,-1.3908e+11,-5.68521e+10,-1.38997e+11,-5.72202e+10
1.78364e+07,878438,1.78627e+06,-1.39009e+11,-5.70256e+10,-1.38919e+11,-5.73924e+10
1.78427e+07,878221,1.78737e+06,-1.38938e+11,-5.7199e+10,-1.38842e+11,-5.75644e+10
1.7849e+07,878004,1.78847e+06,-1.38866e+11,-5.73723e+10,-1.38764e+11,-5.77362e+10
1.78553e+07,877786,1.78956e+06,-1.38795e+11,-5.75455e+10,-1.38686e+11,-5.79078e+10
1.78616e+07,877567,1.79066e+06,-1.38723e+11,-5.77186e+10,-1.38608e+11,-5.80792e+10
1.78679e+07,877348,1.79176e+06,-1.38651e+11,-5.78917e+10,-1.3853e+11,-5.82503e+10
1.78742e+07,877128,1.79285e+06,-1.38578e+11,-5.80646e+10,-1.38451e+11,-5.84213e+10
1.78805e+07,876907,1.79395e+06,-1.38506e+11,-5.82375e+10,-1.38372e+11,-5.85921e+10
1.78868e+07,876686,1.79504e+06,-1.38433e+11,-5.84102e+10,-1.38294e+11,-5.87627e+10
1.78932e+07,876463,1.79614e+06,-1.3836e+11,-5.85829e+10,-1.38215e+11,-5.89332e+10
1.78995e+07,876241,1.79724e+06,-1.38287e+11,-5.87555e+10,-1.38135e+11,-5.91034e+10
1.79058e+07,876017,1.79833e+06,-1.38213e+11,-5.8928e+10,-1.38056e+11,-5.92734e+10
1.79121e+07,875793,1.79943e+06,-1.3814e+11,-5.91004e+10,-1.37976e+11,-5.94432e+10
1.79184e+07,875569,1.80052e+06,-1.38066e+11,-5.92727e+10,-1.37897e+11,-5.96129e+10
1.79247e+07,875343,1.80161e+06,-1.37992e+11,-5.94449e+10,-1.37817e+11,-5.97823e+10
1.7931e+07,875118,1.80271e+06,-1.37918e+11,-5.96171e+10,-1.37737e+11,-5.99516e+10
1.79373e+07,874891,1.8038e+06,-1.37843e+11,-5.97891e+10,-1.37657e+11,-6.01206e+10
1.79437e+07,874664,1.80489e+06,-1.37768e+11,-5.99611e+10,-1.37576e+11,-6.02895e+10
1.795e+07,874436,1.80599e+06,-1.37694e+11,-6.01329e+10,-1.37496e+11,-6.04582e+10
1.79563e+07,874207,1.80708e+06,-1.37618e+11,-6.03047e+10,-1.37415e+11,-6.06267e+10
1.79626e+07,873978,1.80817e+06,-1.37543e+11,-6.04764e+10,-1.37334e+11,-6.0795e+10
1.79689e+07,873748,1.80926e+06,-1.37468e+11,-6.06479e+10,-1.37253e+11,-6.09632e+10
1.79752e+07,873518,1.81036e+06,-1.37392e+11,-6.08194e+10,-1.37172e+11,-6.11311e+10
1.79815e+07,873286,1.81145e+06,-1.37316e+11,-6.09908e+10,-1.37091e+11,-6.12989e+10
1.79878e+07,873055,1.81254e+06,-1.3724e+11,-6.11621e+10,-1.37009e+11,-6.14664e+10
1.79941e+07,872822,1.81363e+06,-1.37163e+11,-6.13333e+10,-1.36928e+11,-6.16338e+10
1.80005e+07,872589,1.81472e+06,-1.37086e+11,-6.15044e+10,-1.36846e+11,-6.1801e+10
1.80068e+07,872355,1.81581e+06,-1.3701e+11,-6.16754e+10,-1.36764e+11,-6.19681e+10
1.80131e+07,872121,1.8169e+06,-1.36933e+11,-6.18464e+10,-1.36682e+11,-6.21349e+10
1.80194e+07,871886,1.81799e+06,-1.36855e+11,-6.20172e+10,-1.366e+11,-6.23016e+10
1.80257e+07,871650,1.81908e+06,-1.36778e+11,-6.21879e+10,-1.36518e+11,-6.24681e+10
1.8032e+07,871414,1.82017e+06,-1.367e+11,-6.23586e+10,-1.36435e+11,-6.26344e+10
1.80383e+07,871177,1.82126e+06,-1.36622e+11,-6.25291e+10,-1.36353e+11,-6.28005e+10
1.80446e+07,870939,1.82235e+06,-1.36544e+11,-6.26995e+10,-1.3627e+11,-6.29665e+10
1.80509e+07,870701,1.82344e+06,-1.36466e+11,-6.28699e+10,-1.36187e+11,-6.31323e+10
1.80573e+07,870462,1.82452e+06,-1.36387e+11,-6.30401e+10,-1.36104e+11,-6.32979e+10
1.80636e+07,870222,1.82561e+06,-1.36308e+11,-6.32103e+10,-1.36021e+11,-6.34633e+10
1.80699e+07,869982,1.8267e+06,-1.36229e+11,-6.33803e+10,-1.35938e+11,-6.36286e+10
1.80762e+07,869741,1.82779e+06,-1.3615e+11,-6.35503e+10,-1.35855e+11,-6.37937e+10
1.80825e+07,869499,1.82887e+06,-1.36071e+11,-6.37201e+10,-1.35771e+11,-6.39586e+10
1.80888e+07,869257,1.82996e+06,-1.35991e+11,-6.38899e+10,-1.35687e+11,-6.41234e+10
1.80951e+07,869014,1.83105e+06,-1.35911e+11,-6.40595e+10,-1.35604e+11,-6.4288e+10
1.81014e+07,868771,1.83213e+06,-1.35831e+11,-6.42291e+10,-1.3552e+11,-6.44525e+10
1.81078e+07,868527,1.83322e+06,-1.35751e+11,-6.43986e+10,-1.35436e+11,-6.46167e+10
1.81141e+07,868282,1.8343e+06,-1.3567e+11,-6.45679e+10,-1.35352e+11,-6.47808e+10
1.81204e+07,868037,1.83539e+06,-1.3559e+11,-6.47372e+10,-1.35267e+11,-6.49448e+10
1.81267e+07,867791,1.83647e+06,-1.35509e+11,-6.49063e+10,-1.35183e+11,-6.51086e+10
1.8133e+07,867544,1.83756e+06,-1.35428e+11,-6.50754e+10,-1.35098e+11,-6.52722e+10
1.81393e+07,867297,1.83864e+06,-1.35346e+11,-6.52444e+10,-1.35014e+11,-6.54357e+10
1.81456e+07,867049,1.83972e+06,-1.35265e+11,-6.54132e+10,-1.34929e+11,-6.5599e+10
1.81519e+07,866800,1.84081e+06,-1.35183e+11,-6.5582e+10,-1.34844e+11,-6.57622e+10
1.81582e+07,866551,1.84189e+06,-1.35101e+11,-6.57506e+10,-1.34759e+11,-6.59252e+10
1.81646e+07,866301,1.84297e+06,-1.35019e+11,-6.59192e+10,-1.34674e+11,-6.6088e+10
1.81709e+07,866050,1.84406e+06,-1.34937e+11,-6.60876e+10,-1.34589e+11,-6.62507e+10
1.81772e+07,865799,1.84514e+06,-1.34854e+11,-6.6256e+10,-1.34504e+11,-6.64133e+10
1.81835e+07,865547,1.84622e+06,-1.34771e+11,-6.64242e+10,-1.34418e+11,-6.65757e+10
1.81898e+07,865295,1.8473e+06,-1.34688e+11,-6.65924e+10,-1.34333e+11,-6.6738e+10
1.81961e+07,865042,1.84838e+06,-1.34605e+11,-6.67604e+10,-1.34247e+11,-6.69001e+10
1.82024e+07,864788,1.84946e+06,-1.34521e+11,-6.69283e+10,-1.34161e+11,-6.7062e+10
1.82087e+07,864534,1.85054e+06,-1.34438e+11,-6.70962e+10,-1.34075e+11,-6.72239e+10
1.8215e+07,864279,1.85163e+06,-1.34354e+11,-6.72639e+10,-1.33989e+11,-6.73856e+10
1.82214e+07,864023,1.85271e+06,-1.3427e+11,-6.74315e+10,-1.33903e+11,-6.75471e+10
1.82277e+07,863767,1.85378e+06,-1.34186e+11,-6.7599e+10,-1.33817e+11,-6.77085e+10
1.8234e+07,863510,1.85486e+06,-1.34101e+11,-6.77665e+10,-1.33731e+11,-6.78698e+10
1.82403e+07,863253,1.85594e+06,-1.34016e+11,-6.79338e+10,-1.33645e+11,-6.80309e+10
1.82466e+07,862994,1.85702e+06,-1.33931e+11,-6.8101e+10,-1.33558e+11,-6.81919e+10
1.82529e+07,862736,1.8581e+06,-1.33846e+11,-6.82681e+10,-1.33471e+11,-6.83528e+10
1.82592e+07,862476,1.85918e+06,-1.33761e+11,-6.84351e+10,-1.33385e+11,-6.85136e+10
1.82655e+07,862216,1.86026e+06,-1.33675e+11,-6.86019e+10,-1.33298e+11,-6.86742e+10
1.82719e+07,861955,1.86133e+06,-1.3359e+11,-6.87687e+10,-1.33211e+11,-6.88347e+10
1.82782e+07,861694,1.86241e+06,-1.33504e+11,-6.89354e+10,-1.33124e+11,-6.8995e+10
1.82845e+07,861432,1.86349e+06,-1.33418e+11,-6.9102e+10,-1.33037e+11,-6.91552e+10
1.82908e+07,861169,1.86456e+06,-1.33331e+11,-6.92684e+10,-1.3295e+11,-6.93154e+10
1.82971e+07,860906,1.86564e+06,-1.33245e+11,-6.94348e+10,-1.32862e+11,-6.94753e+10
1.83034e+07,860642,1.86672e+06,-1.33158e+11,-6.9601e+10,-1.32775e+11,-6.96352e+10
1.83097e+07,860378,1.86779e+06,-1.33071e+11,-6.97671e+10,-1.32687e+11,-6.9795e+10
1.8316e+07,860113,1.86887e+06,-1.32983e+11,-6.99332e+10,-1.326e+11,-6.99546e+10
1.83223e+07,859847,1.86994e+06,-1.32896e+11,-7.00991e+10,-1.32512e+11,-7.01141e+10
1.83287e+07,859581,1.87102e+06,-1.32808e+11,-7.02649e+10,-1.32424e+11,-7.02735e+10
1.8335e+07,859314,1.87209e+06,-1.32721e+11,-7.04306e+10,-1.32336e+11,-7.04328e+10
1.83413e+07,859046,1.87316e+06,-1.32633e+11,-7.05962e+10,-1.32248e+11,-7.0592e+10
1.83476e+07,858778,1.87424e+06,-1.32544e+11,-7.07617e+10,-1.3216e+11,-7.07511e+10
1.83539e+07,858509,1.87531e+06,-1.32456e+11,-7.0927e+10,-1.32072e+11,-7.091e+10
1.83602e+07,858239,1.87638e+06,-1.32367e+11,-7.10923e+10,-1.31983e+11,-7.10689e+10
1.83665e+07,857969,1.87746e+06,-1.32278e+11,-7.12574e+10,-1.31895e+11,-7.12276e+10
1.83728e+07,857698,1.87853e+06,-1.32189e+11,-7.14225e+10,-1.31806e+11,-7.13863e+10
1.83791e+07,857427,1.8796e+06,-1.321e+11,-7.15874e+10,-1.31718e+11,-7.15448e+10
1.83855e+07,857155,1.88067e+06,-1.3201e+11,-7.17522e+10,-1.31629e+11,-7.17033e+10
1.83918e+07,856882,1.88174e+06,-1.31921e+11,-7.19169e+10,-1.3154e+11,-7.18616e+10
1.83981e+07,856609,1.88281e+06,-1.31831e+11,-7.20815e+10,-1.31451e+11,-7.20198e+10
1.84044e+07,856335,1.88388e+06,-1.31741e+11,-7.2246e+10,-1.31362e+11,-7.2178e+10
1.84107e+07,856061,1.88495e+06,-1.3165e+11,-7.24103e+10,-1.31273e+11,-7.23361e+10
1.8417e+07,855786,1.88602e+06,-1.3156e+11,-7.25746e+10,-1.31184e+11,-7.2494e+10
1.84233e+07,855510,1.88709e+06,-1.31469e+11,-7.27387e+10,-1.31095e+11,-7.26519e+10
1.84296e+07,855233,1.88816e+06,-1.31378e+11,-7.29027e+10,-1.31005e+11,-7.28097e+10
1.84359e+07,854956,1.88923e+06,-1.31287e+11,-7.30666e+10,-1.30916e+11,-7.29674e+10
1.84423e+07,854679,1.8903e+06,-1.31195e+11,-7.32304e+10,-1.30826e+11,-7.3125e+10
1.84486e+07,854400,1.89137e+06,-1.31104e+11,-7.33941e+10,-1.30736e+11,-7.32825e+10
1.84549e+07,854122,1.89243e+06,-1.31012e+11,-7.35577e+10,-1.30646e+11,-7.34399e+10
1.84612e+07,853842,1.8935e+06,-1.3092e+11,-7.37211e+10,-1.30556e+11,-7.35973e+10
1.84675e+07,853562,1.89457e+06,-1.30828e+11,-7.38844e+10,-1.30466e+11,-7.37546e+10
1.84738e+07,853281,1.89564e+06,-1.30736e+11,-7.40477e+10,-1.30376e+11,-7.39118e+10
1.84801e+07,853000,1.8967e+06,-1.30643e+11,-7.42108e+10,-1.30286e+11,-7.40689e+10
1.84864e+07,852718,1.89777e+06,-1.3055e+11,-7.43738e+10,-1.30196e+11,-7.42259e+10
1.84928e+07,852435,1.89883e+06,-1.30457e+11,-7.45366e+10,-1.30105e+11,-7.43829e+10
1.84991e+07,852152,1.8999e+06,-1.30364e+11,-7.46994e+10,-1.30014e+11,-7.45398e+10
1.85054e+07,851868,1.90096e+06,-1.30271e+11,-7.4862e+10,-1.29924e+11,-7.46966e+10
1.85117e+07,851584,1.90203e+06,-1.30177e+11,-7.50245e+10,-1.29833e+11,-7.48534e+10
1.8518e+07,851299,1.90309e+06,-1.30083e+11,-7.51869e+10,-1.29742e+11,-7.501e+10
1.85243e+07,851013,1.90416e+06,-1.29989e+11,-7.53492e+10,-1.29651e+11,-7.51667e+10
1.85306e+07,850727,1.90522e+06,-1.29895e+11,-7.55114e+10,-1.2956e+11,-7.53232e+10
1.85369e+07,850440,1.90628e+06,-1.298e+11,-7.56734e+10,-1.29469e+11,-7.54797e+10
1.85432e+07,850152,1.90734e+06,-1.29706e+11,-7.58354e+10,-1.29377e+11,-7.56361e+10
1.85496e+07,849864,1.90841e+06,-1.29611e+11,-7.59972e+10,-1.29286e+11,-7.57925e+10
1.85559e+07,849576,1.90947e+06,-1.29516e+11,-7.61589e+10,-1.29194e+11,-7.59487e+10
1.85622e+07,849286,1.91053e+06,-1.29421e+11,-7.63204e+10,-1.29103e+11,-7.6105e+10
1.85685e+07,848996,1.91159e+06,-1.29325e+11,-7.64819e+10,-1.29011e+11,-7.62611e+10
1.85748e+07,848706,1.91265e+06,-1.2923e+11,-7.66432e+10,-1.28919e+11,-7.64173e+10
1.85811e+07,848414,1.91371e+06,-1.29134e+11,-7.68044e+10,-1.28827e+11,-7.65733e+10
1.85874e+07,848123,1.91477e+06,-1.29038e+11,-7.69655e+10,-1.28735e+11,-7.67293e+10
1.85937e+07,847830,1.91583e+06,-1.28941e+11,-7.71265e+10,-1.28643e+11,-7.68853e+10
1.86e+07,847537,1.91689e+06,-1.28845e+11,-7.72873e+10,-1.2855e+11,-7.70412e+10
1.86064e+07,847243,1.91795e+06,-1.28748e+11,-7.74481e+10,-1.28458e+11,-7.7197e+10
1.86127e+07,846949,1.91901e+06,-1.28651e+11,-7.76087e+10,-1.28365e+11,-7.73528e+10
1.8619e+07,846654,1.92007e+06,-1.28554e+11,-7.77692e+10,-1.28272e+11,-7.75085e+10
1.86253e+07,846359,1.92113e+06,-1.28457e+11,-7.79295e+10,-1.2818e+11,-7.76642e+10
1.86316e+07,846063,1.92218e+06,-1.2836e+11,-7.80898e+10,-1.28087e+11,-7.78199e+10
1.86379e+07,845766,1.92324e+06,-1.28262e+11,-7.82499e+10,-1.27994e+11,-7.79755e+10
1.86442e+07,845469,1.9243e+06,-1.28164e+11,-7.84099e+10,-1.279e+11,-7.8131e+10
1.86505e+07,845171,1.92536e+06,-1.28066e+11,-7.85698e+10,-1.27807e+11,-7.82865e+10
1.86569e+07,844872,1.92641e+06,-1.27968e+11,-7.87295e+10,-1.27713e+11,-7.8442e+10
1.86632e+07,844573,1.92747e+06,-1.27869e+11,-7.88891e+10,-1.2762e+11,-7.85974e+10
1.86695e+07,844274,1.92852e+06,-1.27771e+11,-7.90486e+10,-1.27526e+11,-7.87528e+10
1.86758e+07,843973,1.92958e+06,-1.27672e+11,-7.9208e+10,-1.27432e+11,-7.89081e+10
1.86821e+07,843672,1.93063e+06,-1.27573e+11,-7.93673e+10,-1.27338e+11,-7.90634e+10
1.86884e+07,843371,1.93169e+06,-1.27473e+11,-7.95264e+10,-1.27244e+11,-7.92187e+10
1.86947e+07,843069,1.93274e+06,-1.27374e+11,-7.96854e+10,-1.2715e+11,-7.93739e+10
1.8701e+07,842766,1.93379e+06,-1.27274e+11,-7.98443e+10,-1.27055e+11,-7.95291e+10
1.87073e+07,842463,1.93485e+06,-1.27174e+11,-8.0003e+10,-1.26961e+11,-7.96843e+10
1.87137e+07,842159,1.9359e+06,-1.27074e+11,-8.01616e+10,-1.26866e+11,-7.98394e+10
1.872e+07,841854,1.93695e+06,-1.26974e+11,-8.03201e+10,-1.26771e+11,-7.99945e+10
1.87263e+07,841549,1.938e+06,-1.26874e+11,-8.04785e+10,-1.26676e+11,-8.01495e+10
1.87326e+07,841243,1.93906e+06,-1.26773e+11,-8.06368e+10,-1.26581e+11,-8.03045e+10
1.87389e+07,840937,1.94011e+06,-1.26672e+11,-8.07949e+10,-1.26486e+11,-8.04595e+10
1.87452e+07,840630,1.94116e+06,-1.26571e+11,-8.09529e+10,-1.26391e+11,-8.06145e+10
1.87515e+07,840322,1.94221e+06,-1.2647e+11,-8.11108e+10,-1.26295e+11,-8.07694e+10
1.87578e+07,840014,1.94326e+06,-1.26368e+11,-8.12685e+10,-1.26199e+11,-8.09243e+10
1.87641e+07,839705,1.94431e+06,-1.26267e+11,-8.14261e+10,-1.26104e+11,-8.10791e+10
1.87705e+07,839396,1.94536e+06,-1.26165e+11,-8.15836e+10,-1.26008e+11,-8.1234e+10
1.87768e+07,839086,1.94641e+06,-1.26063e+11,-8.17409e+10,-1.25911e+11,-8.13888e+10
1.87831e+07,838776,1.94745e+06,-1.2596e+11,-8.18982e+10,-1.25815e+11,-8.15435e+10
1.87894e+07,838464,1.9485e+06,-1.25858e+11,-8.20553e+10,-1.25719e+11,-8.16983e+10
1.87957e+07,838153,1.94955e+06,-1.25755e+11,-8.22122e+10,-1.25622e+11,-8.1853e+10
1.8802e+07,837840,1.9506e+06,-1.25653e+11,-8.23691e+10,-1.25525e+11,-8.20077e+10
1.88083e+07,837527,1.95165e+06,-1.2555e+11,-8.25258e+10,-1.25428e+11,-8.21623e+10
1.88146e+07,837214,1.95269e+06,-1.25446e+11,-8.26824e+10,-1.25331e+11,-8.2317e+10
1.8821e+07,836900,1.95374e+06,-1.25343e+11,-8.28388e+10,-1.25234e+11,-8.24716e+10
1.88273e+07,836585,1.95478e+06,-1.25239e+11,-8.29951e+10,-1.25136e+11,-8.26262e+10
1.88336e+07,836270,1.95583e+06,-1.25135e+11,-8.31513e+10,-1.25039e+11,-8.27807e+10
1.88399e+07,835954,1.95687e+06,-1.25031e+11,-8.33074e+10,-1.24941e+11,-8.29353e+10
1.88462e+07,835637,1.95792e+06,-1.24927e+11,-8.34633e+10,-1.24843e+11,-8.30898e+10
1.88525e+07,835320,1.95896e+06,-1.24823e+11,-8.36191e+10,-1.24745e+11,-8.32443e+10
1.88588e+07,835003,1.96001e+06,-1.24718e+11,-8.37748e+10,-1.24647e+11,-8.33987e+10
1.88651e+07,834684,1.96105e+06,-1.24613e+11,-8.39303e+10,-1.24548e+11,-8.35532e+10
1.88714e+07,834365,1.96209e+06,-1.24508e+11,-8.40857e+10,-1.2445e+11,-8.37076e+10
1.88778e+07,834046,1.96314e+06,-1.24403e+11,-8.4241e+10,-1.24351e+11,-8.3862e+10
1.88841e+07,833726,1.96418e+06,-1.24298e+11,-8.43961e+10,-1.24252e+11,-8.40163e+10
1.88904e+07,833405,1.96522e+06,-1.24192e+11,-8.45511e+10,-1.24153e+11,-8.41707e+10
1.88967e+07,833084,1.96626e+06,-1.24087e+11,-8.4706e+10,-1.24053e+11,-8.4325e+10
1.8903e+07,832762,1.9673e+06,-1.23981e+11,-8.48607e+10,-1.23954e+11,-8.44793e+10
1.89093e+07,832440,1.96834e+06,-1.23875e+11,-8.50153e+10,-1.23854e+11,-8.46335e+10
1.89156e+07,832117,1.96938e+06,-1.23768e+11,-8.51698e+10,-1.23754e+11,-8.47878e+10
1.89219e+07,831793,1.97042e+06,-1.23662e+11,-8.53241e+10,-1.23654e+11,-8.4942e+10
1.89282e+07,831469,1.97146e+06,-1.23555e+11,-8.54783e+10,-1.23554e+11,-8.50962e+10
1.89346e+07,831145,1.9725e+06,-1.23448e+11,-8.56324e+10,-1.23453e+11,-8.52504e+10
1.89409e+07,830819,1.97354e+06,-1.23341e+11,-8.57863e+10,-1.23353e+11,-8.54045e+10
1.89472e+07,830493,1.97458e+06,-1.23234e+11,-8.59401e+10,-1.23252e+11,-8.55586e+10
1.89535e+07,830167,1.97562e+06,-1.23126e+11,-8.60937e+10,-1.23151e+11,-8.57127e+10
1.89598e+07,829840,1.97665e+06,-1.23018e+11,-8.62473e+10,-1.23049e+11,-8.58668e+10
1.89661e+07,829512,1.97769e+06,-1.22911e+11,-8.64007e+10,-1.22948e+11,-8.60209e+10
1.89724e+07,829184,1.97873e+06,-1.22802e+11,-8.65539e+10,-1.22846e+11,-8.61749e+10
1.89787e+07,828855,1.97976e+06,-1.22694e+11,-8.6707e+10,-1.22744e+11,-8.63289e+10
1.89851e+07,828526,1.9808e+06,-1.22586e+11,-8.686e+10,-1.22642e+11,-8.64828e+10
1.89914e+07,828196,1.98183e+06,-1.22477e+11,-8.70128e+10,-1.2254e+11,-8.66368e+10
1.89977e+07,827865,1.98287e+06,-1.22368e+11,-8.71656e+10,-1.22437e+11,-8.67907e+10
1.9004e+07,827534,1.9839e+06,-1.22259e+11,-8.73181e+10,-1.22335e+11,-8.69446e+10
1.90103e+07,827202,1.98494e+06,-1.2215e+11,-8.74706e+10,-1.22232e+11,-8.70984e+10
1.90166e+07,826870,1.98597e+06,-1.22041e+11,-8.76228e+10,-1.22129e+11,-8.72522e+10
1.90229e+07,826537,1.98701e+06,-1.21931e+11,-8.7775e+10,-1.22025e+11,-8.7406e+10
1.90292e+07,826204,1.98804e+06,-1.21821e+11,-8.7927e+10,-1.21922e+11,-8.75598e+10
1.90355e+07,825870,1.98907e+06,-1.21711e+11,-8.80789e+10,-1.21818e+11,-8.77135e+10
1.90419e+07,825535,1.9901e+06,-1.21601e+11,-8.82306e+10,-1.21714e+11,-8.78672e+10
1.90482e+07,825200,1.99113e+06,-1.21491e+11,-8.83822e+10,-1.21609e+11,-8.80209e+10
1.90545e+07,824864,1.99217e+06,-1.2138e+11,-8.85337e+10,-1.21505e+11,-8.81745e+10
1.90608e+07,824528,1.9932e+06,-1.2127e+11,-8.8685e+10,-1.214e+11,-8.83281e+10
1.90671e+07,824191,1.99423e+06,-1.21159e+11,-8.88362e+10,-1.21295e+11,-8.84817e+10
1.90734e+07,823854,1.99526e+06,-1.21048e+11,-8.89873e+10,-1.2119e+11,-8.86352e+10
1.90797e+07,823516,1.99629e+06,-1.20936e+11,-8.91382e+10,-1.21085e+11,-8.87887e+10
1.9086e+07,823177,1.99731e+06,-1.20825e+11,-8.92889e+10,-1.20979e+11,-8.89422e+10
1.90923e+07,822838,1.99834e+06,-1.20713e+11,-8.94396e+10,-1.20873e+11,-8.90956e+10
1.90987e+07,822498,1.99937e+06,-1.20601e+11,-8.959e+10,-1.20767e+11,-8.9249e+10
1.9105e+07,822158,2.0004e+06,-1.20489e+11,-8.97404e+10,-1.20661e+11,-8.94023e+10
1.91113e+07,821817,2.00143e+06,-1.20377e+11,-8.98906e+10,-1.20554e+11,-8.95556e+10
1.91176e+07,821475,2.00245e+06,-1.20265e+11,-9.00406e+10,-1.20448e+11,-8.97089e+10
1.91239e+07,821133,2.00348e+06,-1.20152e+11,-9.01906e+10,-1.20341e+11,-8.98621e+10
1.91302e+07,820791,2.00451e+06,-1.20039e+11,-9.03403e+10,-1.20233e+11,-9.00153e+10
1.91365e+07,820447,2.00553e+06,-1.19926e+11,-9.049e+10,-1.20126e+11,-9.01684e+10
1.91428e+07,820104,2.00656e+06,-1.19813e+11,-9.06395e+10,-1.20018e+11,-9.03215e+10
1.91492e+07,819759,2.00758e+06,-1.197e+11,-9.07888e+10,-1.1991e+11,-9.04745e+10
1.91555e+07,819415,2.00861e+06,-1.19586e+11,-9.0938e+10,-1.19802e+11,-9.06275e+10
1.91618e+07,819069,2.00963e+06,-1.19472e+11,-9.10871e+10,-1.19693e+11,-9.07804e+10
1.91681e+07,818723,2.01065e+06,-1.19359e+11,-9.1236e+10,-1.19584e+11,-9.09333e+10
1.91744e+07,818376,2.01168e+06,-1.19244e+11,-9.13848e+10,-1.19475e+11,-9.10861e+10
1.91807e+07,818029,2.0127e+06,-1.1913e+11,-9.15334e+10,-1.19366e+11,-9.12389e+10
1.9187e+07,817682,2.01372e+06,-1.19016e+11,-9.16819e+10,-1.19256e+11,-9.13916e+10
1.91933e+07,817333,2.01474e+06,-1.18901e+11,-9.18303e+10,-1.19147e+11,-9.15443e+10
1.91996e+07,816985,2.01577e+06,-1.18786e+11,-9.19785e+10,-1.19037e+11,-9.16969e+10
1.9206e+07,816635,2.01679e+06,-1.18671e+11,-9.21265e+10,-1.18926e+11,-9.18494e+10
1.92123e+07,816285,2.01781e+06,-1.18556e+11,-9.22745e+10,-1.18816e+11,-9.20019e+10
1.92186e+07,815935,2.01883e+06,-1.18441e+11,-9.24222e+10,-1.18705e+11,-9.21543e+10
1.92249e+07,815584,2.01985e+06,-1.18325e+11,-9.25698e+10,-1.18594e+11,-9.23067e+10
1.92312e+07,815232,2.02087e+06,-1.18209e+11,-9.27173e+10,-1.18482e+11,-9.2459e+10
1.92375e+07,814880,2.02188e+06,-1.18093e+11,-9.28647e+10,-1.18371e+11,-9.26112e+10
1.92438e+07,814527,2.0229e+06,-1.17977e+11,-9.30118e+10,-1.18259e+11,-9.27634e+10
1.92501e+07,814174,2.02392e+06,-1.17861e+11,-9.31589e+10,-1.18147e+11,-9.29154e+10
1.92564e+07,813820,2.02494e+06,-1.17745e+11,-9.33058e+10,-1.18034e+11,-9.30675e+10
1.92628e+07,813465,2.02596e+06,-1.17628e+11,-9.34525e+10,-1.17922e+11,-9.32194e+10
1.92691e+07,813110,2.02697e+06,-1.17511e+11,-9.35991e+10,-1.17809e+11,-9.33713e+10
1.92754e+07,812755,2.02799e+06,-1.17394e+11,-9.37456e+10,-1.17695e+11,-9.35231e+10
1.92817e+07,812399,2.029e+06,-1.17277e+11,-9.38919e+10,-1.17582e+11,-9.36748e+10
1.9288e+07,812042,2.03002e+06,-1.17159e+11,-9.40381e+10,-1.17468e+11,-9.38264e+10
1.92943e+07,811685,2.03103e+06,-1.17042e+11,-9.41841e+10,-1.17354e+11,-9.3978e+10
1.93006e+07,811327,2.03205e+06,-1.16924e+11,-9.433e+10,-1.1724e+11,-9.41294e+10
1.93069e+07,810969,2.03306e+06,-1.16806e+11,-9.44757e+10,-1.17125e+11,-9.42808e+10
1.93133e+07,810610,2.03407e+06,-1.16688e+11,-9.46212e+10,-1.1701e+11,-9.44321e+10
1.93196e+07,810250,2.03509e+06,-1.1657e+11,-9.47667e+10,-1.16895e+11,-9.45833e+10
1.93259e+07,809890,2.0361e+06,-1.16451e+11,-9.49119e+10,-1.16779e+11,-9.47344e+10
1.93322e+07,809530,2.03711e+06,-1.16333e+11,-9.50571e+10,-1.16664e+11,-9.48854e+10
1.93385e+07,809169,2.03812e+06,-1.16214e+11,-9.52021e+10,-1.16548e+11,-9.50364e+10
1.93448e+07,808807,2.03914e+06,-1.16095e+11,-9.53469e+10,-1.16431e+11,-9.51872e+10
1.93511e+07,808445,2.04015e+06,-1.15976e+11,-9.54916e+10,-1.16315e+11,-9.53379e+10
1.93574e+07,808082,2.04116e+06,-1.15856e+11,-9.56361e+10,-1.16198e+11,-9.54885e+10
1.93637e+07,807719,2.04217e+06,-1.15737e+11,-9.57805e+10,-1.16081e+11,-9.56391e+10
1.93701e+07,807355,2.04318e+06,-1.15617e+11,-9.59247e+10,-1.15963e+11,-9.57895e+10
1.93764e+07,806991,2.04418e+06,-1.15497e+11,-9.60688e+10,-1.15845e+11,-9.59398e+10
1.93827e+07,806626,2.04519e+06,-1.15377e+11,-9.62127e+10,-1.15727e+11,-9.609e+10
1.9389e+07,806260,2.0462e+06,-1.15257e+11,-9.63565e+10,-1.15609e+11,-9.62401e+10
1.93953e+07,805894,2.04721e+06,-1.15136e+11,-9.65001e+10,-1.1549e+11,-9.63901e+10
1.94016e+07,805528,2.04822e+06,-1.15016e+11,-9.66436e+10,-1.15372e+11,-9.654e+10
1.94079e+07,805160,2.04922e+06,-1.14895e+11,-9.67869e+10,-1.15252e+11,-9.66897e+10
1.94142e+07,804793,2.05023e+06,-1.14774e+11,-9.69301e+10,-1.15133e+11,-9.68393e+10
1.94205e+07,804425,2.05123e+06,-1.14653e+11,-9.70731e+10,-1.15013e+11,-9.69888e+10
1.94269e+07,804056,2.05224e+06,-1.14531e+11,-9.7216e+10,-1.14893e+11,-9.71382e+10
1.94332e+07,803687,2.05324e+06,-1.1441e+11,-9.73587e+10,-1.14773e+11,-9.72875e+10
1.94395e+07,803317,2.05425e+06,-1.14288e+11,-9.75013e+10,-1.14652e+11,-9.74366e+10
1.94458e+07,802946,2.05525e+06,-1.14166e+11,-9.76437e+10,-1.14531e+11,-9.75856e+10
1.94521e+07,802575,2.05626e+06,-1.14044e+11,-9.7786e+10,-1.1441e+11,-9.77345e+10
1.94584e+07,802204,2.05726e+06,-1.13922e+11,-9.79281e+10,-1.14288e+11,-9.78832e+10
1.94647e+07,801832,2.05826e+06,-1.138e+11,-9.80701e+10,-1.14167e+11,-9.80318e+10
1.9471e+07,801459,2.05926e+06,-1.13677e+11,-9.82119e+10,-1.14044e+11,-9.81802e+10
1.94774e+07,801086,2.06026e+06,-1.13554e+11,-9.83535e+10,-1.13922e+11,-9.83285e+10
1.94837e+07,800713,2.06127e+06,-1.13431e+11,-9.8495e+10,-1.13799e+11,-9.84767e+10
1.949e+07,800339,2.06227e+06,-1.13308e+11,-9.86364e+10,-1.13676e+11,-9.86247e+10
1.94963e+07,799964,2.06327e+06,-1.13185e+11,-9.87776e+10,-1.13553e+11,-9.87726e+10
1.95026e+07,799589,2.06427e+06,-1.13061e+11,-9.89186e+10,-1.1343e+11,-9.89203e+10
1.95089e+07,799213,2.06527e+06,-1.12938e+11,-9.90595e+10,-1.13306e+11,-9.90679e+10
1.95152e+07,798837,2.06626e+06,-1.12814e+11,-9.92002e+10,-1.13181e+11,-9.92153e+10
1.95215e+07,798460,2.06726e+06,-1.1269e+11,-9.93408e+10,-1.13057e+11,-9.93625e+10
1.95278e+07,798083,2.06826e+06,-1.12566e+11,-9.94812e+10,-1.12932e+11,-9.95096e+10
1.95342e+07,797705,2.06926e+06,-1.12442e+11,-9.96215e+10,-1.12807e+11,-9.96565e+10
1.95405e+07,797326,2.07025e+06,-1.12317e+11,-9.97616e+10,-1.12682e+11,-9.98033e+10
1.95468e+07,796947,2.07125e+06,-1.12192e+11,-9.99015e+10,-1.12556e+11,-9.99499e+10
1.95531e+07,796568,2.07225e+06,-1.12068e+11,-1.00041e+11,-1.1243e+11,-1.00096e+11
1.95594e+07,796188,2.07324e+06,-1.11943e+11,-1.00181e+11,-1.12304e+11,-1.00243e+11
1.95657e+07,795807,2.07424e+06,-1.11817e+11,-1.0032e+11,-1.12178e+11,-1.00389e+11
1.9572e+07,795426,2.07523e+06,-1.11692e+11,-1.0046e+11,-1.12051e+11,-1.00534e+11
1.95783e+07,795044,2.07623e+06,-1.11567e+11,-1.00599e+11,-1.11924e+11,-1.0068e+11
1.95846e+07,794662,2.07722e+06,-1.11441e+11,-1.00738e+11,-1.11796e+11,-1.00826e+11
1.9591e+07,794280,2.07821e+06,-1.11315e+11,-1.00877e+11,-1.11669e+11,-1.00971e+11
1.95973e+07,793896,2.0792e+06,-1.11189e+11,-1.01016e+11,-1.11541e+11,-1.01116e+11
1.96036e+07,793513,2.0802e+06,-1.11063e+11,-1.01154e+11,-1.11413e+11,-1.01261e+11
1.96099e+07,793129,2.08119e+06,-1.10936e+11,-1.01293e+11,-1.11284e+11,-1.01406e+11
1.96162e+07,792744,2.08218e+06,-1.1081e+11,-1.01431e+11,-1.11155e+11,-1.01551e+11
1.96225e+07,792358,2.08317e+06,-1.10683e+11,-1.01569e+11,-1.11026e+11,-1.01695e+11
1.96288e+07,791973,2.08416e+06,-1.10556e+11,-1.01707e+11,-1.10897e+11,-1.01839e+11
1.96351e+07,791586,2.08515e+06,-1.10429e+11,-1.01844e+11,-1.10767e+11,-1.01983e+11
1.96415e+07,791199,2.08614e+06,-1.10302e+11,-1.01982e+11,-1.10637e+11,-1.02127e+11
1.96478e+07,790812,2.08713e+06,-1.10174e+11,-1.0212e+11,-1.10507e+11,-1.02271e+11
1.96541e+07,790424,2.08812e+06,-1.10047e+11,-1.02257e+11,-1.10377e+11,-1.02414e+11
1.96604e+07,790036,2.0891e+06,-1.09919e+11,-1.02394e+11,-1.10246e+11,-1.02557e+11
1.96667e+07,789647,2.09009e+06,-1.09791e+11,-1.02531e+11,-1.10115e+11,-1.027e+11
1.9673e+07,789257,2.09108e+06,-1.09663e+11,-1.02668e+11,-1.09984e+11,-1.02843e+11
1.96793e+07,788867,2.09206e+06,-1.09535e+11,-1.02804e+11,-1.09852e+11,-1.02985e+11
1.96856e+07,788477,2.09305e+06,-1.09406e+11,-1.02941e+11,-1.0972e+11,-1.03128e+11
1.96919e+07,788086,2.09404e+06,-1.09278e+11,-1.03077e+11,-1.09588e+11,-1.0327e+11
1.96983e+07,787694,2.09502e+06,-1.09149e+11,-1.03213e+11,-1.09456e+11,-1.03412e+11
1.97046e+07,787302,2.096e+06,-1.0902e+11,-1.03349e+11,-1.09323e+11,-1.03553e+11
1.97109e+07,786910,2.09699e+06,-1.08891e+11,-1.03485e+11,-1.0919e+11,-1.03695e+11
1.97172e+07,786516,2.09797e+06,-1.08761e+11,-1.03621e+11,-1.09057e+11,-1.03836e+11
1.97235e+07,786123,2.09895e+06,-1.08632e+11,-1.03756e+11,-1.08923e+11,-1.03977e+11
1.97298e+07,785729,2.09994e+06,-1.08502e+11,-1.03892e+11,-1.0879e+11,-1.04117e+11
1.97361e+07,785334,2.10092e+06,-1.08373e+11,-1.04027e+11,-1.08656e+11,-1.04258e+11
1.97424e+07,784939,2.1019e+06,-1.08243e+11,-1.04162e+11,-1.08521e+11,-1.04398e+11
1.97487e+07,784543,2.10288e+06,-1.08113e+11,-1.04297e+11,-1.08387e+11,-1.04538e+11
1.97551e+07,784147,2.10386e+06,-1.07982e+11,-1.04432e+11,-1.08252e+11,-1.04678e+11
1.97614e+07,783750,2.10484e+06,-1.07852e+11,-1.04566e+11,-1.08117e+11,-1.04817e+11
1.97677e+07,783353,2.10582e+06,-1.07721e+11,-1.04701e+11,-1.07982e+11,-1.04957e+11
1.9774e+07,782955,2.1068e+06,-1.0759e+11,-1.04835e+11,-1.07846e+11,-1.05096e+11
1.97803e+07,782557,2.10778e+06,-1.07459e+11,-1.04969e+11,-1.0771e+11,-1.05235e+11
1.97866e+07,782158,2.10876e+06,-1.07328e+11,-1.05103e+11,-1.07574e+11,-1.05373e+11
1.97929e+07,781759,2.10973e+06,-1.07197e+11,-1.05237e+11,-1.07438e+11,-1.05511e+11
1.97992e+07,781359,2.11071e+06,-1.07066e+11,-1.0537e+11,-1.07301e+11,-1.05649e+11
1.98055e+07,780959,2.11169e+06,-1.06934e+11,-1.05504e+11,-1.07165e+11,-1.05787e+11
1.98119e+07,780558,2.11266e+06,-1.06802e+11,-1.05637e+11,-1.07028e+11,-1.05925e+11
1.98182e+07,780157,2.11364e+06,-1.0667e+11,-1.0577e+11,-1.0689e+11,-1.06062e+11
1.98245e+07,779755,2.11461e+06,-1.06538e+11,-1.05903e+11,-1.06753e+11,-1.06199e+11
1.98308e+07,779353,2.11559e+06,-1.06406e+11,-1.06036e+11,-1.06615e+11,-1.06336e+11
1.98371e+07,778950,2.11656e+06,-1.06273e+11,-1.06168e+11,-1.06477e+11,-1.06472e+11
1.98434e+07,778547,2.11754e+06,-1.06141e+11,-1.06301e+11,-1.06339e+11,-1.06608e+11
1.98497e+07,778143,2.11851e+06,-1.06008e+11,-1.06433e+11,-1.06201e+11,-1.06744e+11
1.9856e+07,777739,2.11948e+06,-1.05875e+11,-1.06565e+11,-1.06062e+11,-1.0688e+11
1.98624e+07,777334,2.12045e+06,-1.05742e+11,-1.06697e+11,-1.05923e+11,-1.07016e+11
1.98687e+07,776929,2.12142e+06,-1.05609e+11,-1.06829e+11,-1.05784e+11,-1.07151e+11
1.9875e+07,776523,2.12239e+06,-1.05475e+11,-1.0696e+11,-1.05645e+11,-1.07286e+11
1.98813e+07,776117,2.12336e+06,-1.05342e+11,-1.07092e+11,-1.05505e+11,-1.0742e+11
1.98876e+07,775710,2.12433e+06,-1.05208e+11,-1.07223e+11,-1.05366e+11,-1.07555e+11
1.98939e+07,775303,2.1253e+06,-1.05074e+11,-1.07354e+11,-1.05226e+11,-1.07689e+11
1.99002e+07,774895,2.12627e+06,-1.0494e+11,-1.07485e+11,-1.05085e+11,-1.07822e+11
1.99065e+07,774487,2.12724e+06,-1.04805e+11,-1.07616e+11,-1.04945e+11,-1.07956e+11
1.99128e+07,774078,2.12821e+06,-1.04671e+11,-1.07747e+11,-1.04804e+11,-1.08089e+11
1.99192e+07,773669,2.12918e+06,-1.04536e+11,-1.07877e+11,-1.04664e+11,-1.08222e+11
1.99255e+07,773259,2.13014e+06,-1.04402e+11,-1.08007e+11,-1.04523e+11,-1.08355e+11
1.99318e+07,772848,2.13111e+06,-1.04267e+11,-1.08137e+11,-1.04381e+11,-1.08487e+11
1.99381e+07,772438,2.13208e+06,-1.04132e+11,-1.08267e+11,-1.0424e+11,-1.08619e+11
1.99444e+07,772026,2.13304e+06,-1.03997e+11,-1.08397e+11,-1.04098e+11,-1.08751e+11
1.99507e+07,771615,2.13401e+06,-1.03861e+11,-1.08527e+11,-1.03957e+11,-1.08883e+11
1.9957e+07,771202,2.13497e+06,-1.03726e+11,-1.08656e+11,-1.03815e+11,-1.09014e+11
1.99633e+07,770790,2.13593e+06,-1.0359e+11,-1.08786e+11,-1.03673e+11,-1.09145e+11
1.99696e+07,770377,2.1369e+06,-1.03454e+11,-1.08915e+11,-1.0353e+11,-1.09276e+11
1.9976e+07,769963,2.13786e+06,-1.03318e+11,-1.09044e+11,-1.03388e+11,-1.09406e+11
1.99823e+07,769549,2.13882e+06,-1.03182e+11,-1.09172e+11,-1.03245e+11,-1.09537e+11
1.99886e+07,769134,2.13978e+06,-1.03045e+11,-1.09301e+11,-1.03102e+11,-1.09666e+11
1.99949e+07,768719,2.14074e+06,-1.02909e+11,-1.09429e+11,-1.02959e+11,-1.09796e+11
2.00012e+07,768303,2.14171e+06,-1.02772e+11,-1.09558e+11,-1.02816e+11,-1.09925e+11
2.00075e+07,767887,2.14267e+06,-1.02635e+11,-1.09686e+11,-1.02672e+11,-1.10054e+11
2.00138e+07,767470,2.14363e+06,-1.02498e+11,-1.09814e+11,-1.02529e+11,-1.10183e+11
2.00201e+07,767053,2.14458e+06,-1.02361e+11,-1.09941e+11,-1.02385e+11,-1.10312e+11
2.00265e+07,766636,2.14554e+06,-1.02224e+11,-1.10069e+11,-1.02241e+11,-1.1044e+11
2.00328e+07,766217,2.1465e+06,-1.02086e+11,-1.10196e+11,-1.02097e+11,-1.10568e+11
2.00391e+07,765799,2.14746e+06,-1.01949e+11,-1.10324e+11,-1.01953e+11,-1.10695e+11
2.00454e+07,765380,2.14842e+06,-1.01811e+11,-1.10451e+11,-1.01808e+11,-1.10822e+11
2.00517e+07,764960,2.14937e+06,-1.01673e+11,-1.10578e+11,-1.01664e+11,-1.10949e+11
2.0058e+07,764540,2.15033e+06,-1.01535e+11,-1.10704e+11,-1.01519e+11,-1.11076e+11
2.00643e+07,764120,2.15128e+06,-1.01397e+11,-1.10831e+11,-1.01374e+11,-1.11203e+11
2.00706e+07,763699,2.15224e+06,-1.01258e+11,-1.10957e+11,-1.01229e+11,-1.11329e+11
2.00769e+07,763277,2.15319e+06,-1.0112e+11,-1.11084e+11,-1.01084e+11,-1.11455e+11
2.00833e+07,762855,2.15415e+06,-1.00981e+11,-1.1121e+11,-1.00939e+11,-1.1158e+11
2.00896e+07,762433,2.1551e+06,-1.00842e+11,-1.11336e+11,-1.00793e+11,-1.11706e+11
2.00959e+07,762010,2.15605e+06,-1.00703e+11,-1.11461e+11,-1.00648e+11,-1.11831e+11
2.01022e+07,761587,2.157e+06,-1.00564e+11,-1.11587e+11,-1.00502e+11,-1.11955e+11
2.01085e+07,761163,2.15796e+06,-1.00424e+11,-1.11712e+11,-1.00356e+11,-1.1208e+11
2.01148e+07,760738,2.15891e+06,-1.00285e+11,-1.11837e+11,-1.0021e+11,-1.12204e+11
2.01211e+07,760314,2.15986e+06,-1.00145e+11,-1.11962e+11,-1.00064e+11,-1.12328e+11
2.01274e+07,759888,2.16081e+06,-1.00005e+11,-1.12087e+11,-9.99176e+10,-1.12451e+11
2.01337e+07,759462,2.16176e+06,-9.98653e+10,-1.12212e+11,-9.97712e+10,-1.12575e+11
2.01401e+07,759036,2.16271e+06,-9.97251e+10,-1.12336e+11,-9.96246e+10,-1.12698e+11
2.01464e+07,758610,2.16366e+06,-9.95848e+10,-1.12461e+11,-9.9478e+10,-1.1282e+11
2.01527e+07,758182,2.1646e+06,-9.94443e+10,-1.12585e+11,-9.93312e+10,-1.12943e+11
2.0159e+07,757755,2.16555e+06,-9.93037e+10,-1.12709e+11,-9.91843e+10,-1.13065e+11
2.01653e+07,757327,2.1665e+06,-9.91629e+10,-1.12833e+11,-9.90373e+10,-1.13187e+11
2.01716e+07,756898,2.16744e+06,-9.9022e+10,-1.12956e+11,-9.88901e+10,-1.13309e+11
2.01779e+07,756469,2.16839e+06,-9.88809e+10,-1.1308e+11,-9.87429e+10,-1.1343e+11
2.01842e+07,756039,2.16934e+06,-9.87397e+10,-1.13203e+11,-9.85955e+10,-1.13551e+11
2.01906e+07,755609,2.17028e+06,-9.85983e+10,-1.13326e+11,-9.84481e+10,-1.13672e+11
2.01969e+07,755179,2.17123e+06,-9.84567e+10,-1.13449e+11,-9.83005e+10,-1.13792e+11
2.02032e+07,754748,2.17217e+06,-9.8315e+10,-1.13572e+11,-9.81528e+10,-1.13912e+11
2.02095e+07,754317,2.17311e+06,-9.81732e+10,-1.13694e+11,-9.8005e+10,-1.14032e+11
2.02158e+07,753885,2.17405e+06,-9.80311e+10,-1.13817e+11,-9.78571e+10,-1.14152e+11
2.02221e+07,753452,2.175e+06,-9.7889e+10,-1.13939e+11,-9.77091e+10,-1.14271e+11
2.02284e+07,753020,2.17594e+06,-9.77467e+10,-1.14061e+11,-9.7561e+10,-1.1439e+11
2.02347e+07,752586,2.17688e+06,-9.76042e+10,-1.14183e+11,-9.74128e+10,-1.14509e+11
2.0241e+07,752153,2.17782e+06,-9.74616e+10,-1.14305e+11,-9.72645e+10,-1.14628e+11
2.02474e+07,751719,2.17876e+06,-9.73188e+10,-1.14426e+11,-9.71162e+10,-1.14746e+11
2.02537e+07,751284,2.1797e+06,-9.71758e+10,-1.14547e+11,-9.69677e+10,-1.14864e+11
2.026e+07,750849,2.18064e+06,-9.70328e+10,-1.14669e+11,-9.68191e+10,-1.14982e+11
2.02663e+07,750413,2.18158e+06,-9.68895e+10,-1.1479e+11,-9.66705e+10,-1.15099e+11
2.02726e+07,749977,2.18251e+06,-9.67461e+10,-1.1491e+11,-9.65217e+10,-1.15216e+11
2.02789e+07,749541,2.18345e+06,-9.66026e+10,-1.15031e+11,-9.63729e+10,-1.15333e+11
2.02852e+07,749104,2.18439e+06,-9.64589e+10,-1.15151e+11,-9.6224e+10,-1.1545e+11
2.02915e+07,748666,2.18532e+06,-9.63151e+10,-1.15272e+11,-9.6075e+10,-1.15566e+11
2.02978e+07,748229,2.18626e+06,-9.61711e+10,-1.15392e+11,-9.5926e+10,-1.15683e+11
2.03042e+07,747790,2.1872e+06,-9.60269e+10,-1.15512e+11,-9.57768e+10,-1.15798e+11
2.03105e+07,747352,2.18813e+06,-9.58826e+10,-1.15631e+11,-9.56276e+10,-1.15914e+11
2.03168e+07,746912,2.18906e+06,-9.57382e+10,-1.15751e+11,-9.54783e+10,-1.16029e+11
2.03231e+07,746473,2.19e+06,-9.55936e+10,-1.1587e+11,-9.53289e+10,-1.16144e+11
2.03294e+07,746033,2.19093e+06,-9.54488e+10,-1.1599e+11,-9.51795e+10,-1.16259e+11
2.03357e+07,745592,2.19186e+06,-9.5304e+10,-1.16109e+11,-9.503e+10,-1.16374e+11
2.0342e+07,745151,2.19279e+06,-9.51589e+10,-1.16227e+11,-9.48804e+10,-1.16488e+11
2.03483e+07,744709,2.19373e+06,-9.50137e+10,-1.16346e+11,-9.47307e+10,-1.16602e+11
2.03547e+07,744268,2.19466e+06,-9.48684e+10,-1.16464e+11,-9.4581e+10,-1.16716e+11
2.0361e+07,743825,2.19559e+06,-9.47229e+10,-1.16583e+11,-9.44312e+10,-1.1683e+11
2.03673e+07,743382,2.19652e+06,-9.45772e+10,-1.16701e+11,-9.42814e+10,-1.16943e+11
2.03736e+07,742939,2.19744e+06,-9.44315e+10,-1.16819e+11,-9.41314e+10,-1.17056e+11
2.03799e+07,742495,2.19837e+06,-9.42855e+10,-1.16937e+11,-9.39815e+10,-1.17169e+11
2.03862e+07,742051,2.1993e+06,-9.41394e+10,-1.17054e+11,-9.38314e+10,-1.17281e+11
2.03925e+07,741607,2.20023e+06,-9.39932e+10,-1.17172e+11,-9.36813e+10,-1.17393e+11
2.03988e+07,741162,2.20115e+06,-9.38468e+10,-1.17289e+11,-9.35312e+10,-1.17505e+11
2.04051e+07,740716,2.20208e+06,-9.37003e+10,-1.17406e+11,-9.3381e+10,-1.17617e+11
2.04115e+07,740270,2.20301e+06,-9.35536e+10,-1.17523e+11,-9.32307e+10,-1.17729e+11
2.04178e+07,739824,2.20393e+06,-9.34068e+10,-1.17639e+11,-9.30804e+10,-1.1784e+11
2.04241e+07,739377,2.20486e+06,-9.32598e+10,-1.17756e+11,-9.293e+10,-1.17951e+11
2.04304e+07,738930,2.20578e+06,-9.31127e+10,-1.17872e+11,-9.27796e+10,-1.18062e+11
2.04367e+07,738482,2.2067e+06,-9.29654e+10,-1.17988e+11,-9.26291e+10,-1.18173e+11
2.0443e+07,738034,2.20763e+06,-9.2818e+10,-1.18104e+11,-9.24786e+10,-1.18283e+11
2.04493e+07,737585,2.20855e+06,-9.26705e+10,-1.1822e+11,-9.2328e+10,-1.18393e+11
2.04556e+07,737136,2.20947e+06,-9.25228e+10,-1.18335e+11,-9.21774e+10,-1.18503e+11
2.04619e+07,736687,2.21039e+06,-9.23749e+10,-1.18451e+11,-9.20267e+10,-1.18613e+11
2.04683e+07,736237,2.21131e+06,-9.22269e+10,-1.18566e+11,-9.1876e+10,-1.18722e+11
2.04746e+07,735786,2.21223e+06,-9.20788e+10,-1.18681e+11,-9.17252e+10,-1.18831e+11
2.04809e+07,735336,2.21315e+06,-9.19305e+10,-1.18796e+11,-9.15744e+10,-1.1894e+11
2.04872e+07,734884,2.21407e+06,-9.17821e+10,-1.1891e+11,-9.14236e+10,-1.19049e+11
2.04935e+07,734433,2.21499e+06,-9.16335e+10,-1.19025e+11,-9.12727e+10,-1.19158e+11
2.04998e+07,733981,2.21591e+06,-9.14848e+10,-1.19139e+11,-9.11218e+10,-1.19266e+11
2.05061e+07,733528,2.21682e+06,-9.1336e+10,-1.19253e+11,-9.09708e+10,-1.19374e+11
2.05124e+07,733075,2.21774e+06,-9.1187e+10,-1.19367e+11,-9.08198e+10,-1.19482e+11
2.05188e+07,732622,2.21866e+06,-9.10378e+10,-1.19481e+11,-9.06687e+10,-1.19589e+11
2.05251e+07,732168,2.21957e+06,-9.08885e+10,-1.19594e+11,-9.05176e+10,-1.19697e+11
2.05314e+07,731714,2.22049e+06,-9.07391e+10,-1.19708e+11,-9.03665e+10,-1.19804e+11
2.05377e+07,731259,2.2214e+06,-9.05895e+10,-1.19821e+11,-9.02153e+10,-1.19911e+11
2.0544e+07,730804,2.22232e+06,-9.04398e+10,-1.19934e+11,-9.00641e+10,-1.20018e+11
2.05503e+07,730348,2.22323e+06,-9.029e+10,-1.20046e+11,-8.99129e+10,-1.20124e+11
2.05566e+07,729892,2.22414e+06,-9.014e+10,-1.20159e+11,-8.97616e+10,-1.20231e+11
2.05629e+07,729436,2.22505e+06,-8.99898e+10,-1.20271e+11,-8.96103e+10,-1.20337e+11
2.05692e+07,728979,2.22597e+06,-8.98395e+10,-1.20384e+11,-8.94589e+10,-1.20443e+11
2.05756e+07,728522,2.22688e+06,-8.96891e+10,-1.20496e+11,-8.93075e+10,-1.20549e+11
2.05819e+07,728064,2.22779e+06,-8.95385e+10,-1.20608e+11,-8.91561e+10,-1.20654e+11
2.05882e+07,727606,2.2287e+06,-8.93878e+10,-1.20719e+11,-8.90047e+10,-1.20759e+11
2.05945e+07,727148,2.22961e+06,-8.9237e+10,-1.20831e+11,-8.88532e+10,-1.20865e+11
2.06008e+07,726689,2.23052e+06,-8.9086e+10,-1.20942e+11,-8.87017e+10,-1.2097e+11
2.06071e+07,726229,2.23142e+06,-8.89349e+10,-1.21053e+11,-8.85501e+10,-1.21074e+11
2.06134e+07,725770,2.23233e+06,-8.87836e+10,-1.21164e+11,-8.83985e+10,-1.21179e+11
2.06197e+07,725309,2.23324e+06,-8.86322e+10,-1.21275e+11,-8.82469e+10,-1.21283e+11
2.0626e+07,724849,2.23414e+06,-8.84807e+10,-1.21385e+11,-8.80953e+10,-1.21387e+11
2.06324e+07,724388,2.23505e+06,-8.8329e+10,-1.21495e+11,-8.79436e+10,-1.21491e+11
2.06387e+07,723926,2.23596e+06,-8.81771e+10,-1.21606e+11,-8.77919e+10,-1.21595e+11
2.0645e+07,723464,2.23686e+06,-8.80252e+10,-1.21716e+11,-8.76401e+10,-1.21699e+11
2.06513e+07,723002,2.23776e+06,-8.78731e+10,-1.21825e+11,-8.74884e+10,-1.21802e+11
2.06576e+07,722539,2.23867e+06,-8.77208e+10,-1.21935e+11,-8.73366e+10,-1.21905e+11
2.06639e+07,722076,2.23957e+06,-8.75685e+10,-1.22044e+11,-8.71848e+10,-1.22008e+11
2.06702e+07,721613,2.24047e+06,-8.74159e+10,-1.22154e+11,-8.70329e+10,-1.22111e+11
2.06765e+07,721149,2.24138e+06,-8.72633e+10,-1.22263e+11,-8.6881e+10,-1.22214e+11
2.06829e+07,720684,2.24228e+06,-8.71105e+10,-1.22371e+11,-8.67291e+10,-1.22316e+11
2.06892e+07,720220,2.24318e+06,-8.69576e+10,-1.2248e+11,-8.65771e+10,-1.22419e+11
2.06955e+07,719754,2.24408e+06,-8.68045e+10,-1.22588e+11,-8.64252e+10,-1.22521e+11
2.07018e+07,719289,2.24498e+06,-8.66513e+10,-1.22697e+11,-8.62731e+10,-1.22623e+11
2.07081e+07,718823,2.24588e+06,-8.6498e+10,-1.22805e+11,-8.61211e+10,-1.22725e+11
2.07144e+07,718356,2.24677e+06,-8.63445e+10,-1.22912e+11,-8.5969e+10,-1.22826e+11
2.07207e+07,717890,2.24767e+06,-8.61909e+10,-1.2302e+11,-8.58169e+10,-1.22928e+11
2.0727e+07,717422,2.24857e+06,-8.60371e+10,-1.23128e+11,-8.56648e+10,-1.23029e+11
2.07333e+07,716955,2.24947e+06,-8.58832e+10,-1.23235e+11,-8.55126e+10,-1.2313e+11
2.07397e+07,716487,2.25036e+06,-8.57292e+10,-1.23342e+11,-8.53604e+10,-1.23231e+11
2.0746e+07,716018,2.25126e+06,-8.55751e+10,-1.23449e+11,-8.52082e+10,-1.23332e+11
2.07523e+07,715549,2.25215e+06,-8.54208e+10,-1.23556e+11,-8.5056e+10,-1.23432e+11
2.07586e+07,715080,2.25305e+06,-8.52664e+10,-1.23662e+11,-8.49037e+10,-1.23533e+11
2.07649e+07,714610,2.25394e+06,-8.51118e+10,-1.23768e+11,-8.47513e+10,-1.23633e+11
2.07712e+07,714140,2.25483e+06,-8.49571e+10,-1.23875e+11,-8.4599e+10,-1.23733e+11
2.07775e+07,713670,2.25573e+06,-8.48023e+10,-1.2398e+11,-8.44466e+10,-1.23833e+11
2.07838e+07,713199,2.25662e+06,-8.46473e+10,-1.24086e+11,-8.42942e+10,-1.23933e+11
2.07901e+07,712728,2.25751e+06,-8.44922e+10,-1.24192e+11,-8.41417e+10,-1.24033e+11
2.07965e+07,712256,2.2584e+06,-8.4337e+10,-1.24297e+11,-8.39892e+10,-1.24133e+11
2.08028e+07,711784,2.25929e+06,-8.41817e+10,-1.24402e+11,-8.38367e+10,-1.24232e+11
2.08091e+07,711311,2.26018e+06,-8.40262e+10,-1.24507e+11,-8.36841e+10,-1.24331e+11
2.08154e+07,710838,2.26107e+06,-8.38706e+10,-1.24612e+11,-8.35316e+10,-1.2443e+11
2.08217e+07,710365,2.26196e+06,-8.37148e+10,-1.24716e+11,-8.33789e+10,-1.24529e+11
2.0828e+07,709891,2.26284e+06,-8.35589e+10,-1.24821e+11,-8.32262e+10,-1.24628e+11
2.08343e+07,709417,2.26373e+06,-8.34029e+10,-1.24925e+11,-8.30735e+10,-1.24727e+11
2.08406e+07,708943,2.26462e+06,-8.32468e+10,-1.25029e+11,-8.29208e+10,-1.24825e+11
2.0847e+07,708468,2.2655e+06,-8.30905e+10,-1.25133e+11,-8.2768e+10,-1.24924e+11
2.08533e+07,707993,2.26639e+06,-8.29341e+10,-1.25236e+11,-8.26152e+10,-1.25022e+11
2.08596e+07,707517,2.26727e+06,-8.27775e+10,-1.2534e+11,-8.24623e+10,-1.2512e+11
2.08659e+07,707041,2.26816e+06,-8.26209e+10,-1.25443e+11,-8.23094e+10,-1.25218e+11
2.08722e+07,706565,2.26904e+06,-8.24641e+10,-1.25546e+11,-8.21565e+10,-1.25316e+11
2.08785e+07,706088,2.26992e+06,-8.23071e+10,-1.25649e+11,-8.20035e+10,-1.25414e+11
2.08848e+07,705611,2.27081e+06,-8.21501e+10,-1.25751e+11,-8.18504e+10,-1.25511e+11
2.08911e+07,705133,2.27169e+06,-8.19929e+10,-1.25854e+11,-8.16974e+10,-1.25609e+11
2.08974e+07,704655,2.27257e+06,-8.18356e+10,-1.25956e+11,-8.15442e+10,-1.25706e+11
2.09038e+07,704177,2.27345e+06,-8.16781e+10,-1.26058e+11,-8.13911e+10,-1.25803e+11
2.09101e+07,703698,2.27433e+06,-8.15206e+10,-1.2616e+11,-8.12378e+10,-1.259e+11
2.09164e+07,703219,2.27521e+06,-8.13629e+10,-1.26261e+11,-8.10846e+10,-1.25997e+11
2.09227e+07,702739,2.27609e+06,-8.1205e+10,-1.26363e+11,-8.09313e+10,-1.26094e+11
2.0929e+07,702259,2.27697e+06,-8.10471e+10,-1.26464e+11,-8.07779e+10,-1.26191e+11
2.09353e+07,701779,2.27785e+06,-8.0889e+10,-1.26565e+11,-8.06245e+10,-1.26288e+11
2.09416e+07,701298,2.27872e+06,-8.07308e+10,-1.26666e+11,-8.0471e+10,-1.26384e+11
2.09479e+07,700817,2.2796e+06,-8.05724e+10,-1.26767e+11,-8.03175e+10,-1.2648e+11
2.09542e+07,700336,2.28047e+06,-8.0414e+10,-1.26867e+11,-8.01639e+10,-1.26577e+11
2.09606e+07,699854,2.28135e+06,-8.02554e+10,-1.26967e+11,-8.00103e+10,-1.26673e+11
2.09669e+07,699371,2.28222e+06,-8.00967e+10,-1.27067e+11,-7.98566e+10,-1.26769e+11
2.09732e+07,698889,2.2831e+06,-7.99378e+10,-1.27167e+11,-7.97028e+10,-1.26865e+11
2.09795e+07,698406,2.28397e+06,-7.97789e+10,-1.27267e+11,-7.9549e+10,-1.2696e+11
2.09858e+07,697923,2.28484e+06,-7.96198e+10,-1.27366e+11,-7.93952e+10,-1.27056e+11
2.09921e+07,697439,2.28572e+06,-7.94605e+10,-1.27465e+11,-7.92412e+10,-1.27152e+11
2.09984e+07,696955,2.28659e+06,-7.93012e+10,-1.27564e+11,-7.90872e+10,-1.27247e+11
2.10047e+07,696470,2.28746e+06,-7.91417e+10,-1.27663e+11,-7.89332e+10,-1.27342e+11
2.10111e+07,695985,2.28833e+06,-7.89821e+10,-1.27762e+11,-7.87791e+10,-1.27438e+11
2.10174e+07,695500,2.2892e+06,-7.88224e+10,-1.2786e+11,-7.86249e+10,-1.27533e+11
2.10237e+07,695014,2.29007e+06,-7.86626e+10,-1.27959e+11,-7.84706e+10,-1.27628e+11
2.103e+07,694528,2.29094e+06,-7.85026e+10,-1.28057e+11,-7.83163e+10,-1.27723e+11
2.10363e+07,694042,2.29181e+06,-7.83425e+10,-1.28154e+11,-7.81619e+10,-1.27817e+11
2.10426e+07,693555,2.29267e+06,-7.81823e+10,-1.28252e+11,-7.80075e+10,-1.27912e+11
2.10489e+07,693068,2.29354e+06,-7.8022e+10,-1.28349e+11,-7.78529e+10,-1.28007e+11
2.10552e+07,692581,2.29441e+06,-7.78616e+10,-1.28447e+11,-7.76983e+10,-1.28101e+11
2.10615e+07,692093,2.29527e+06,-7.7701e+10,-1.28544e+11,-7.75436e+10,-1.28195e+11
2.10679e+07,691605,2.29614e+06,-7.75403e+10,-1.28641e+11,-7.73889e+10,-1.2829e+11
2.10742e+07,691116,2.297e+06,-7.73795e+10,-1.28737e+11,-7.7234e+10,-1.28384e+11
2.10805e+07,690627,2.29786e+06,-7.72185e+10,-1.28834e+11,-7.70791e+10,-1.28478e+11
2.10868e+07,690138,2.29873e+06,-7.70575e+10,-1.2893e+11,-7.69241e+10,-1.28572e+11
2.10931e+07,689648,2.29959e+06,-7.68963e+10,-1.29026e+11,-7.6769e+10,-1.28666e+11
2.10994e+07,689158,2.30045e+06,-7.6735e+10,-1.29122e+11,-7.66138e+10,-1.2876e+11
2.11057e+07,688668,2.30131e+06,-7.65736e+10,-1.29217e+11,-7.64586e+10,-1.28853e+11
2.1112e+07,688177,2.30217e+06,-7.6412e+10,-1.29313e+11,-7.63032e+10,-1.28947e+11
2.11183e+07,687686,2.30303e+06,-7.62504e+10,-1.29408e+11,-7.61478e+10,-1.2904e+11
2.11247e+07,687194,2.30389e+06,-7.60886e+10,-1.29503e+11,-7.59923e+10,-1.29134e+11
2.1131e+07,686703,2.30475e+06,-7.59267e+10,-1.29598e+11,-7.58367e+10,-1.29227e+11
2.11373e+07,686210,2.30561e+06,-7.57647e+10,-1.29692e+11,-7.5681e+10,-1.2932e+11
2.11436e+07,685718,2.30647e+06,-7.56025e+10,-1.29787e+11,-7.55251e+10,-1.29413e+11
2.11499e+07,685225,2.30733e+06,-7.54403e+10,-1.29881e+11,-7.53692e+10,-1.29506e+11
2.11562e+07,684732,2.30818e+06,-7.52779e+10,-1.29975e+11,-7.52133e+10,-1.29599e+11
2.11625e+07,684238,2.30904e+06,-7.51154e+10,-1.30069e+11,-7.50572e+10,-1.29692e+11
2.11688e+07,683744,2.30989e+06,-7.49528e+10,-1.30162e+11,-7.4901e+10,-1.29785e+11
2.11751e+07,683250,2.31075e+06,-7.47901e+10,-1.30256e+11,-7.47447e+10,-1.29877e+11
2.11815e+07,682755,2.3116e+06,-7.46272e+10,-1.30349e+11,-7.45882e+10,-1.2997e+11
2.11878e+07,682260,2.31245e+06,-7.44643e+10,-1.30442e+11,-7.44317e+10,-1.30062e+11
2.11941e+07,681764,2.31331e+06,-7.43012e+10,-1.30534e+11,-7.42751e+10,-1.30154e+11
2.12004e+07,681269,2.31416e+06,-7.4138e+10,-1.30627e+11,-7.41184e+10,-1.30247e+11
2.12067e+07,680773,2.31501e+06,-7.39747e+10,-1.30719e+11,-7.39616e+10,-1.30339e+11
2.1213e+07,680276,2.31586e+06,-7.38113e+10,-1.30811e+11,-7.38046e+10,-1.30431e+11
2.12193e+07,679779,2.31671e+06,-7.36478e+10,-1.30903e+11,-7.36475e+10,-1.30523e+11
2.12256e+07,679282,2.31756e+06,-7.34841e+10,-1.30995e+11,-7.34904e+10,-1.30615e+11
2.1232e+07,678785,2.31841e+06,-7.33204e+10,-1.31087e+11,-7.33331e+10,-1.30706e+11
2.12383e+07,678287,2.31926e+06,-7.31565e+10,-1.31178e+11,-7.31756e+10,-1.30798e+11
2.12446e+07,677789,2.32011e+06,-7.29925e+10,-1.31269e+11,-7.30181e+10,-1.3089e+11
2.12509e+07,677290,2.32095e+06,-7.28284e+10,-1.3136e+11,-7.28604e+10,-1.30981e+11
2.12572e+07,676791,2.3218e+06,-7.26642e+10,-1.31451e+11,-7.27027e+10,-1.31072e+11
2.12635e+07,676292,2.32265e+06,-7.24998e+10,-1.31541e+11,-7.25448e+10,-1.31164e+11
2.12698e+07,675792,2.32349e+06,-7.23354e+10,-1.31632e+11,-7.23867e+10,-1.31255e+11
2.12761e+07,675292,2.32433e+06,-7.21708e+10,-1.31722e+11,-7.22286e+10,-1.31346e+11
2.12824e+07,674792,2.32518e+06,-7.20061e+10,-1.31811e+11,-7.20703e+10,-1.31437e+11
2.12888e+07,674291,2.32602e+06,-7.18414e+10,-1.31901e+11,-7.19118e+10,-1.31528e+11
2.12951e+07,673790,2.32686e+06,-7.16765e+10,-1.31991e+11,-7.17533e+10,-1.31618e+11
2.13014e+07,673289,2.32771e+06,-7.15115e+10,-1.3208e+11,-7.15946e+10,-1.31709e+11
2.13077e+07,672788,2.32855e+06,-7.13463e+10,-1.32169e+11,-7.14358e+10,-1.318e+11
2.1314e+07,672286,2.32939e+06,-7.11811e+10,-1.32258e+11,-7.12768e+10,-1.3189e+11
2.13203e+07,671783,2.33023e+06,-7.10158e+10,-1.32346e+11,-7.11177e+10,-1.31981e+11
2.13266e+07,671281,2.33107e+06,-7.08503e+10,-1.32435e+11,-7.09584e+10,-1.32071e+11
2.13329e+07,670778,2.33191e+06,-7.06848e+10,-1.32523e+11,-7.0799e+10,-1.32161e+11
2.13392e+07,670274,2.33275e+06,-7.05191e+10,-1.32611e+11,-7.06395e+10,-1.32251e+11
2.13456e+07,669771,2.33358e+06,-7.03533e+10,-1.32699e+11,-7.04798e+10,-1.32341e+11
2.13519e+07,669267,2.33442e+06,-7.01874e+10,-1.32786e+11,-7.032e+10,-1.32431e+11
2.13582e+07,668762,2.33526e+06,-7.00214e+10,-1.32874e+11,-7.016e+10,-1.32521e+11
2.13645e+07,668258,2.33609e+06,-6.98553e+10,-1.32961e+11,-6.99999e+10,-1.3261e+11
2.13708e+07,667753,2.33693e+06,-6.96891e+10,-1.33048e+11,-6.98396e+10,-1.327e+11
2.13771e+07,667247,2.33776e+06,-6.95228e+10,-1.33135e+11,-6.96792e+10,-1.32789e+11
2.13834e+07,666742,2.3386e+06,-6.93563e+10,-1.33221e+11,-6.95186e+10,-1.32879e+11
2.13897e+07,666236,2.33943e+06,-6.91898e+10,-1.33308e+11,-6.93579e+10,-1.32968e+11
2.13961e+07,665729,2.34026e+06,-6.90232e+10,-1.33394e+11,-6.9197e+10,-1.33057e+11
2.14024e+07,665223,2.34109e+06,-6.88564e+10,-1.3348e+11,-6.90359e+10,-1.33146e+11
2.14087e+07,664716,2.34193e+06,-6.86895e+10,-1.33565e+11,-6.88747e+10,-1.33235e+11
2.1415e+07,664209,2.34276e+06,-6.85226e+10,-1.33651e+11,-6.87133e+10,-1.33324e+11
2.14213e+07,663701,2.34359e+06,-6.83555e+10,-1.33736e+11,-6.85518e+10,-1.33412e+11
2.14276e+07,663193,2.34442e+06,-6.81883e+10,-1.33821e+11,-6.83901e+10,-1.33501e+11
2.14339e+07,662685,2.34525e+06,-6.8021e+10,-1.33906e+11,-6.82282e+10,-1.33589e+11
2.14402e+07,662176,2.34607e+06,-6.78537e+10,-1.33991e+11,-6.80661e+10,-1.33678e+11
2.14465e+07,661667,2.3469e+06,-6.76862e+10,-1.34075e+11,-6.79039e+10,-1.33766e+11
2.14529e+07,661158,2.34773e+06,-6.75186e+10,-1.34159e+11,-6.77415e+10,-1.33854e+11
2.14592e+07,660649,2.34855e+06,-6.73509e+10,-1.34244e+11,-6.7579e+10,-1.33942e+11
2.14655e+07,660139,2.34938e+06,-6.7183e+10,-1.34327e+11,-6.74163e+10,-1.3403e+11
2.14718e+07,659629,2.35021e+06,-6.70151e+10,-1.34411e+11,-6.72534e+10,-1.34118e+11
2.14781e+07,659118,2.35103e+06,-6.68471e+10,-1.34494e+11,-6.70903e+10,-1.34205e+11
2.14844e+07,658607,2.35185e+06,-6.6679e+10,-1.34578e+11,-6.6927e+10,-1.34293e+11
2.14907e+07,658096,2.35268e+06,-6.65108e+10,-1.34661e+11,-6.67636e+10,-1.3438e+11
2.1497e+07,657585,2.3535e+06,-6.63425e+10,-1.34743e+11,-6.66e+10,-1.34467e+11
2.15033e+07,657073,2.35432e+06,-6.6174e+10,-1.34826e+11,-6.64362e+10,-1.34554e+11
2.15097e+07,656561,2.35514e+06,-6.60055e+10,-1.34908e+11,-6.62722e+10,-1.34641e+11
2.1516e+07,656048,2.35596e+06,-6.58369e+10,-1.3499e+11,-6.61081e+10,-1.34728e+11
2.15223e+07,655536,2.35678e+06,-6.56681e+10,-1.35072e+11,-6.59438e+10,-1.34815e+11
2.15286e+07,655023,2.3576e+06,-6.54993e+10,-1.35154e+11,-6.57792e+10,-1.34901e+11
2.15349e+07,654509,2.35842e+06,-6.53304e+10,-1.35235e+11,-6.56145e+10,-1.34988e+11
2.15412e+07,653996,2.35924e+06,-6.51613e+10,-1.35317e+11,-6.54496e+10,-1.35074e+11
2.15475e+07,653482,2.36006e+06,-6.49922e+10,-1.35398e+11,-6.52846e+10,-1.3516e+11
2.15538e+07,652968,2.36087e+06,-6.48229e+10,-1.35479e+11,-6.51193e+10,-1.35246e+11
2.15602e+07,652453,2.36169e+06,-6.46536e+10,-1.35559e+11,-6.49538e+10,-1.35332e+11
2.15665e+07,651938,2.3625e+06,-6.44842e+10,-1.3564e+11,-6.47882e+10,-1.35418e+11
2.15728e+07,651423,2.36332e+06,-6.43146e+10,-1.3572e+11,-6.46223e+10,-1.35503e+11
2.15791e+07,650908,2.36413e+06,-6.4145e+10,-1.358e+11,-6.44563e+10,-1.35589e+11
2.15854e+07,650392,2.36495e+06,-6.39753e+10,-1.3588e+11,-6.42901e+10,-1.35674e+11
2.15917e+07,649876,2.36576e+06,-6.38054e+10,-1.35959e+11,-6.41237e+10,-1.35759e+11
2.1598e+07,649359,2.36657e+06,-6.36355e+10,-1.36039e+11,-6.3957e+10,-1.35844e+11
2.16043e+07,648843,2.36738e+06,-6.34655e+10,-1.36118e+11,-6.37902e+10,-1.35929e+11
2.16106e+07,648326,2.36819e+06,-6.32953e+10,-1.36197e+11,-6.36232e+10,-1.36014e+11
2.1617e+07,647808,2.369e+06,-6.31251e+10,-1.36276e+11,-6.3456e+10,-1.36098e+11
2.16233e+07,647291,2.36981e+06,-6.29548e+10,-1.36354e+11,-6.32886e+10,-1.36183e+11
2.16296e+07,646773,2.37062e+06,-6.27844e+10,-1.36432e+11,-6.3121e+10,-1.36267e+11
2.16359e+07,646255,2.37143e+06,-6.26138e+10,-1.36511e+11,-6.29532e+10,-1.36351e+11
2.16422e+07,645736,2.37224e+06,-6.24432e+10,-1.36588e+11,-6.27852e+10,-1.36435e+11
2.16485e+07,645218,2.37305e+06,-6.22725e+10,-1.36666e+11,-6.2617e+10,-1.36518e+11
2.16548e+07,644699,2.37385e+06,-6.21017e+10,-1.36744e+11,-6.24486e+10,-1.36602e+11
2.16611e+07,644179,2.37466e+06,-6.19308e+10,-1.36821e+11,-6.228e+10,-1.36685e+11
2.16674e+07,643660,2.37546e+06,-6.17598e+10,-1.36898e+11,-6.21112e+10,-1.36768e+11
2.16738e+07,643140,2.37627e+06,-6.15887e+10,-1.36975e+11,-6.19422e+10,-1.36851e+11
2.16801e+07,642619,2.37707e+06,-6.14175e+10,-1.37051e+11,-6.17729e+10,-1.36934e+11
2.16864e+07,642099,2.37787e+06,-6.12463e+10,-1.37128e+11,-6.16035e+10,-1.37017e+11
2.16927e+07,641578,2.37868e+06,-6.10749e+10,-1.37204e+11,-6.14339e+10,-1.37099e+11
2.1699e+07,641057,2.37948e+06,-6.09034e+10,-1.3728e+11,-6.12641e+10,-1.37182e+11
2.17053e+07,640535,2.38028e+06,-6.07319e+10,-1.37356e+11,-6.1094e+10,-1.37264e+11
2.17116e+07,640014,2.38108e+06,-6.05602e+10,-1.37431e+11,-6.09238e+10,-1.37346e+11
2.17179e+07,639492,2.38188e+06,-6.03885e+10,-1.37506e+11,-6.07533e+10,-1.37427e+11
2.17243e+07,638970,2.38268e+06,-6.02166e+10,-1.37581e+11,-6.05827e+10,-1.37509e+11
2.17306e+07,638447,2.38348e+06,-6.00447e+10,-1.37656e+11,-6.04118e+10,-1.3759e+11
2.17369e+07,637924,2.38428e+06,-5.98727e+10,-1.37731e+11,-6.02408e+10,-1.37672e+11
2.17432e+07,637401,2.38507e+06,-5.97005e+10,-1.37805e+11,-6.00695e+10,-1.37753e+11
2.17495e+07,636878,2.38587e+06,-5.95283e+10,-1.3788e+11,-5.9898e+10,-1.37833e+11
2.17558e+07,636354,2.38667e+06,-5.9356e+10,-1.37954e+11,-5.97263e+10,-1.37914e+11
2.17621e+07,635830,2.38746e+06,-5.91836e+10,-1.38028e+11,-5.95544e+10,-1.37994e+11
2.17684e+07,635306,2.38826e+06,-5.90111e+10,-1.38101e+11,-5.93823e+10,-1.38074e+11
2.17747e+07,634781,2.38905e+06,-5.88386e+10,-1.38175e+11,-5.921e+10,-1.38154e+11
2.17811e+07,634256,2.38984e+06,-5.86659e+10,-1.38248e+11,-5.90375e+10,-1.38234e+11
2.17874e+07,633731,2.39064e+06,-5.84932e+10,-1.38321e+11,-5.88648e+10,-1.38314e+11
2.17937e+07,633206,2.39143e+06,-5.83203e+10,-1.38393e+11,-5.86919e+10,-1.38393e+11
2.18e+07,632680,2.39222e+06,-5.81474e+10,-1.38466e+11,-5.85188e+10,-1.38472e+11
2.18063e+07,632155,2.39301e+06,-5.79743e+10,-1.38538e+11,-5.83454e+10,-1.38551e+11
2.18126e+07,631628,2.3938e+06,-5.78012e+10,-1.3861e+11,-5.81719e+10,-1.3863e+11
2.18189e+07,631102,2.39459e+06,-5.7628e+10,-1.38682e+11,-5.79981e+10,-1.38708e+11
2.18252e+07,630575,2.39538e+06,-5.74547e+10,-1.38754e+11,-5.78242e+10,-1.38786e+11
2.18315e+07,630048,2.39617e+06,-5.72814e+10,-1.38825e+11,-5.765e+10,-1.38864e+11
2.18379e+07,629521,2.39695e+06,-5.71079e+10,-1.38896e+11,-5.74757e+10,-1.38942e+11
2.18442e+07,628993,2.39774e+06,-5.69343e+10,-1.38967e+11,-5.73011e+10,-1.3902e+11
2.18505e+07,628465,2.39853e+06,-5.67607e+10,-1.39038e+11,-5.71263e+10,-1.39097e+11
2.18568e+07,627937,2.39931e+06,-5.6587e+10,-1.39109e+11,-5.69513e+10,-1.39174e+11
2.18631e+07,627409,2.4001e+06,-5.64132e+10,-1.39179e+11,-5.67762e+10,-1.39251e+11
2.18694e+07,626880,2.40088e+06,-5.62393e+10,-1.39249e+11,-5.66008e+10,-1.39327e+11
2.18757e+07,626352,2.40167e+06,-5.60653e+10,-1.39319e+11,-5.64252e+10,-1.39404e+11
2.1882e+07,625822,2.40245e+06,-5.58912e+10,-1.39389e+11,-5.62494e+10,-1.3948e+11
2.18884e+07,625293,2.40323e+06,-5.5717e+10,-1.39458e+11,-5.60735e+10,-1.39556e+11
2.18947e+07,624763,2.40401e+06,-5.55428e+10,-1.39528e+11,-5.58973e+10,-1.39631e+11
2.1901e+07,624233,2.40479e+06,-5.53685e+10,-1.39597e+11,-5.57209e+10,-1.39707e+11
2.19073e+07,623703,2.40557e+06,-5.5194e+10,-1.39665e+11,-5.55443e+10,-1.39782e+11
2.19136e+07,623173,2.40635e+06,-5.50195e+10,-1.39734e+11,-5.53676e+10,-1.39857e+11
2.19199e+07,622642,2.40713e+06,-5.4845e+10,-1.39802e+11,-5.51906e+10,-1.39931e+11
2.19262e+07,622111,2.40791e+06,-5.46703e+10,-1.39871e+11,-5.50134e+10,-1.40006e+11
2.19325e+07,621580,2.40869e+06,-5.44955e+10,-1.39939e+11,-5.48361e+10,-1.4008e+11
2.19388e+07,621048,2.40946e+06,-5.43207e+10,-1.40006e+11,-5.46585e+10,-1.40154e+11
2.19452e+07,620516,2.41024e+06,-5.41458e+10,-1.40074e+11,-5.44808e+10,-1.40227e+11
2.19515e+07,619984,2.41102e+06,-5.39708e+10,-1.40141e+11,-5.43029e+10,-1.403e+11
2.19578e+07,619452,2.41179e+06,-5.37957e+10,-1.40208e+11,-5.41247e+10,-1.40374e+11
2.19641e+07,618920,2.41256e+06,-5.36205e+10,-1.40275e+11,-5.39464e+10,-1.40446e+11
2.19704e+07,618387,2.41334e+06,-5.34453e+10,-1.40342e+11,-5.37679e+10,-1.40519e+11
2.19767e+07,617854,2.41411e+06,-5.32699e+10,-1.40408e+11,-5.35892e+10,-1.40591e+11
2.1983e+07,617320,2.41488e+06,-5.30945e+10,-1.40474e+11,-5.34104e+10,-1.40663e+11
2.19893e+07,616787,2.41565e+06,-5.2919e+10,-1.4054e+11,-5.32313e+10,-1.40735e+11
2.19956e+07,616253,2.41643e+06,-5.27434e+10,-1.40606e+11,-5.30521e+10,-1.40806e+11
2.2002e+07,615719,2.4172e+06,-5.25678e+10,-1.40672e+11,-5.28727e+10,-1.40877e+11
2.20083e+07,615185,2.41797e+06,-5.2392e+10,-1.40737e+11,-5.26931e+10,-1.40948e+11
2.20146e+07,614650,2.41873e+06,-5.22162e+10,-1.40802e+11,-5.25133e+10,-1.41018e+11
2.20209e+07,614115,2.4195e+06,-5.20403e+10,-1.40867e+11,-5.23334e+10,-1.41089e+11
2.20272e+07,613580,2.42027e+06,-5.18643e+10,-1.40932e+11,-5.21532e+10,-1.41159e+11
2.20335e+07,613045,2.42104e+06,-5.16883e+10,-1.40996e+11,-5.19729e+10,-1.41228e+11
2.20398e+07,612510,2.4218e+06,-5.15121e+10,-1.41061e+11,-5.17925e+10,-1.41298e+11
2.20461e+07,611974,2.42257e+06,-5.13359e+10,-1.41125e+11,-5.16118e+10,-1.41367e+11
2.20525e+07,611438,2.42333e+06,-5.11596e+10,-1.41188e+11,-5.1431e+10,-1.41435e+11
2.20588e+07,610902,2.4241e+06,-5.09832e+10,-1.41252e+11,-5.12501e+10,-1.41504e+11
2.20651e+07,610365,2.42486e+06,-5.08068e+10,-1.41315e+11,-5.10689e+10,-1.41572e+11
2.20714e+07,609828,2.42562e+06,-5.06302e+10,-1.41378e+11,-5.08876e+10,-1.4164e+11
2.20777e+07,609291,2.42639e+06,-5.04536e+10,-1.41441e+11,-5.07061e+10,-1.41708e+11
2.2084e+07,608754,2.42715e+06,-5.02769e+10,-1.41504e+11,-5.05245e+10,-1.41775e+11
2.20903e+07,608217,2.42791e+06,-5.01002e+10,-1.41567e+11,-5.03427e+10,-1.41842e+11
2.20966e+07,607679,2.42867e+06,-4.99233e+10,-1.41629e+11,-5.01608e+10,-1.41908e+11
2.21029e+07,607141,2.42943e+06,-4.97464e+10,-1.41691e+11,-4.99787e+10,-1.41975e+11
2.21093e+07,606603,2.43019e+06,-4.95694e+10,-1.41753e+11,-4.97965e+10,-1.42041e+11
2.21156e+07,606064,2.43095e+06,-4.93923e+10,-1.41814e+11,-4.96141e+10,-1.42106e+11
2.21219e+07,605526,2.4317e+06,-4.92152e+10,-1.41876e+11,-4.94315e+10,-1.42172e+11
2.21282e+07,604987,2.43246e+06,-4.90379e+10,-1.41937e+11,-4.92488e+10,-1.42237e+11
2.21345e+07,604448,2.43322e+06,-4.88606e+10,-1.41998e+11,-4.9066e+10,-1.42302e+11
2.21408e+07,603908,2.43397e+06,-4.86833e+10,-1.42059e+11,-4.8883e+10,-1.42366e+11
2.21471e+07,603369,2.43473e+06,-4.85058e+10,-1.42119e+11,-4.86999e+10,-1.4243e+11
2.21534e+07,602829,2.43548e+06,-4.83283e+10,-1.42179e+11,-4.85167e+10,-1.42494e+11
2.21597e+07,602289,2.43623e+06,-4.81507e+10,-1.42239e+11,-4.83333e+10,-1.42558e+11
2.21661e+07,601749,2.43699e+06,-4.7973e+10,-1.42299e+11,-4.81498e+10,-1.42621e+11
2.21724e+07,601208,2.43774e+06,-4.77952e+10,-1.42359e+11,-4.79661e+10,-1.42684e+11
2.21787e+07,600668,2.43849e+06,-4.76174e+10,-1.42418e+11,-4.77823e+10,-1.42746e+11
2.2185e+07,600127,2.43924e+06,-4.74395e+10,-1.42477e+11,-4.75984e+10,-1.42808e+11
2.21913e+07,599585,2.43999e+06,-4.72615e+10,-1.42536e+11,-4.74144e+10,-1.4287e+11
2.21976e+07,599044,2.44074e+06,-4.70835e+10,-1.42595e+11,-4.72302e+10,-1.42932e+11
2.22039e+07,598502,2.44149e+06,-4.69054e+10,-1.42654e+11,-4.70459e+10,-1.42993e+11
2.22102e+07,597961,2.44224e+06,-4.67272e+10,-1.42712e+11,-4.68615e+10,-1.43054e+11
2.22166e+07,597419,2.44298e+06,-4.65489e+10,-1.4277e+11,-4.6677e+10,-1.43114e+11
2.22229e+07,596876,2.44373e+06,-4.63706e+10,-1.42828e+11,-4.64924e+10,-1.43175e+11
2.22292e+07,596334,2.44448e+06,-4.61922e+10,-1.42886e+11,-4.63077e+10,-1.43234e+11
2.22355e+07,595791,2.44522e+06,-4.60137e+10,-1.42943e+11,-4.61228e+10,-1.43294e+11
2.22418e+07,595248,2.44597e+06,-4.58352e+10,-1.43e+11,-4.59379e+10,-1.43353e+11
2.22481e+07,594705,2.44671e+06,-4.56565e+10,-1.43057e+11,-4.57528e+10,-1.43412e+11
2.22544e+07,594162,2.44745e+06,-4.54778e+10,-1.43114e+11,-4.55677e+10,-1.43471e+11
2.22607e+07,593618,2.4482e+06,-4.52991e+10,-1.4317e+11,-4.53824e+10,-1.43529e+11
2.2267e+07,593074,2.44894e+06,-4.51202e+10,-1.43227e+11,-4.51971e+10,-1.43587e+11
2.22734e+07,592530,2.44968e+06,-4.49413e+10,-1.43283e+11,-4.50116e+10,-1.43644e+11
2.22797e+07,591986,2.45042e+06,-4.47624e+10,-1.43339e+11,-4.48261e+10,-1.43701e+11
2.2286e+07,591442,2.45116e+06,-4.45833e+10,-1.43394e+11,-4.46405e+10,-1.43758e+11
2.22923e+07,590897,2.4519e+06,-4.44042e+10,-1.4345e+11,-4.44547e+10,-1.43815e+11
2.22986e+07,590352,2.45264e+06,-4.4225e+10,-1.43505e+11,-4.42689e+10,-1.43871e+11
2.23049e+07,589807,2.45338e+06,-4.40458e+10,-1.4356e+11,-4.40831e+10,-1.43927e+11
2.23112e+07,589262,2.45411e+06,-4.38664e+10,-1.43615e+11,-4.38971e+10,-1.43982e+11
2.23175e+07,588716,2.45485e+06,-4.36871e+10,-1.43669e+11,-4.37111e+10,-1.44037e+11
2.23238e+07,588171,2.45559e+06,-4.35076e+10,-1.43723e+11,-4.35249e+10,-1.44092e+11
2.23302e+07,587625,2.45632e+06,-4.33281e+10,-1.43778e+11,-4.33387e+10,-1.44147e+11
2.23365e+07,587079,2.45705e+06,-4.31485e+10,-1.43831e+11,-4.31525e+10,-1.44201e+11
2.23428e+07,586532,2.45779e+06,-4.29688e+10,-1.43885e+11,-4.29662e+10,-1.44255e+11
2.23491e+07,585986,2.45852e+06,-4.27891e+10,-1.43938e+11,-4.27798e+10,-1.44308e+11
2.23554e+07,585439,2.45925e+06,-4.26093e+10,-1.43992e+11,-4.25933e+10,-1.44361e+11
2.23617e+07,584892,2.45999e+06,-4.24295e+10,-1.44045e+11,-4.24068e+10,-1.44414e+11
2.2368e+07,584345,2.46072e+06,-4.22495e+10,-1.44097e+11,-4.22202e+10,-1.44466e+11
2.23743e+07,583798,2.46145e+06,-4.20695e+10,-1.4415e+11,-4.20336e+10,-1.44519e+11
2.23806e+07,583250,2.46218e+06,-4.18895e+10,-1.44202e+11,-4.18469e+10,-1.4457e+11
2.2387e+07,582702,2.46291e+06,-4.17094e+10,-1.44254e+11,-4.16602e+10,-1.44622e+11
2.23933e+07,582155,2.46363e+06,-4.15292e+10,-1.44306e+11,-4.14734e+10,-1.44673e+11
2.23996e+07,581606,2.46436e+06,-4.13489e+10,-1.44358e+11,-4.12865e+10,-1.44724e+11
2.24059e+07,581058,2.46509e+06,-4.11686e+10,-1.44409e+11,-4.10997e+10,-1.44774e+11
2.24122e+07,580510,2.46581e+06,-4.09882e+10,-1.4446e+11,-4.09127e+10,-1.44824e+11
2.24185e+07,579961,2.46654e+06,-4.08078e+10,-1.44511e+11,-4.07258e+10,-1.44874e+11
2.24248e+07,579412,2.46727e+06,-4.06273e+10,-1.44562e+11,-4.05388e+10,-1.44923e+11
2.24311e+07,578863,2.46799e+06,-4.04467e+10,-1.44612e+11,-4.03517e+10,-1.44972e+11
2.24375e+07,578314,2.46871e+06,-4.0266e+10,-1.44663e+11,-4.01647e+10,-1.45021e+11
2.24438e+07,577764,2.46944e+06,-4.00853e+10,-1.44713e+11,-3.99776e+10,-1.45069e+11
2.24501e+07,577215,2.47016e+06,-3.99046e+10,-1.44763e+11,-3.97904e+10,-1.45117e+11
2.24564e+07,576665,2.47088e+06,-3.97237e+10,-1.44812e+11,-3.96033e+10,-1.45165e+11
2.24627e+07,576115,2.4716e+06,-3.95429e+10,-1.44862e+11,-3.94161e+10,-1.45213e+11
2.2469e+07,575564,2.47232e+06,-3.93619e+10,-1.44911e+11,-3.92289e+10,-1.4526e+11
2.24753e+07,575014,2.47304e+06,-3.91809e+10,-1.4496e+11,-3.90417e+10,-1.45306e+11
2.24816e+07,574463,2.47376e+06,-3.89998e+10,-1.45008e+11,-3.88544e+10,-1.45353e+11
2.24879e+07,573913,2.47448e+06,-3.88187e+10,-1.45057e+11,-3.86672e+10,-1.45399e+11
2.24943e+07,573362,2.47519e+06,-3.86375e+10,-1.45105e+11,-3.84799e+10,-1.45445e+11
2.25006e+07,572810,2.47591e+06,-3.84562e+10,-1.45153e+11,-3.82926e+10,-1.4549e+11
2.25069e+07,572259,2.47663e+06,-3.82749e+10,-1.45201e+11,-3.81053e+10,-1.45535e+11
2.25132e+07,571708,2.47734e+06,-3.80935e+10,-1.45248e+11,-3.7918e+10,-1.4558e+11
2.25195e+07,571156,2.47806e+06,-3.79121e+10,-1.45296e+11,-3.77307e+10,-1.45624e+11
2.25258e+07,570604,2.47877e+06,-3.77306e+10,-1.45343e+11,-3.75434e+10,-1.45668e+11
2.25321e+07,570052,2.47948e+06,-3.7549e+10,-1.4539e+11,-3.73561e+10,-1.45712e+11
2.25384e+07,569500,2.4802e+06,-3.73674e+10,-1.45437e+11,-3.71688e+10,-1.45756e+11
2.25447e+07,568947,2.48091e+06,-3.71857e+10,-1.45483e+11,-3.69815e+10,-1.45799e+11
2.25511e+07,568395,2.48162e+06,-3.7004e+10,-1.45529e+11,-3.67942e+10,-1.45842e+11
2.25574e+07,567842,2.48233e+06,-3.68222e+10,-1.45575e+11,-3.66069e+10,-1.45884e+11
2.25637e+07,567289,2.48304e+06,-3.66403e+10,-1.45621e+11,-3.64196e+10,-1.45926e+11
2.257e+07,566736,2.48375e+06,-3.64584e+10,-1.45667e+11,-3.62323e+10,-1.45968e+11
2.25763e+07,566183,2.48446e+06,-3.62765e+10,-1.45712e+11,-3.6045e+10,-1.4601e+11
2.25826e+07,565629,2.48516e+06,-3.60944e+10,-1.45757e+11,-3.58578e+10,-1.46051e+11
2.25889e+07,565076,2.48587e+06,-3.59124e+10,-1.45802e+11,-3.56705e+10,-1.46092e+11
2.25952e+07,564522,2.48658e+06,-3.57302e+10,-1.45846e+11,-3.54833e+10,-1.46132e+11
2.26016e+07,563968,2.48728e+06,-3.5548e+10,-1.45891e+11,-3.52961e+10,-1.46173e+11
2.26079e+07,563414,2.48799e+06,-3.53658e+10,-1.45935e+11,-3.51089e+10,-1.46213e+11
2.26142e+07,562859,2.48869e+06,-3.51835e+10,-1.45979e+11,-3.49217e+10,-1.46252e+11
2.26205e+07,562305,2.4894e+06,-3.50011e+10,-1.46023e+11,-3.47345e+10,-1.46292e+11
2.26268e+07,561750,2.4901e+06,-3.48187e+10,-1.46066e+11,-3.45474e+10,-1.46331e+11
2.26331e+07,561196,2.4908e+06,-3.46362e+10,-1.4611e+11,-3.43603e+10,-1.46369e+11
2.26394e+07,560641,2.4915e+06,-3.44537e+10,-1.46153e+11,-3.41732e+10,-1.46408e+11
2.26457e+07,560085,2.4922e+06,-3.42711e+10,-1.46195e+11,-3.39862e+10,-1.46446e+11
2.2652e+07,559530,2.4929e+06,-3.40884e+10,-1.46238e+11,-3.37992e+10,-1.46484e+11
2.26584e+07,558975,2.4936e+06,-3.39057e+10,-1.4628e+11,-3.36122e+10,-1.46521e+11
2.26647e+07,558419,2.4943e+06,-3.3723e+10,-1.46322e+11,-3.34252e+10,-1.46559e+11
2.2671e+07,557863,2.495e+06,-3.35402e+10,-1.46364e+11,-3.32383e+10,-1.46596e+11
2.26773e+07,557307,2.4957e+06,-3.33573e+10,-1.46406e+11,-3.30514e+10,-1.46632e+11
2.26836e+07,556751,2.49639e+06,-3.31744e+10,-1.46448e+11,-3.28646e+10,-1.46669e+11
2.26899e+07,556195,2.49709e+06,-3.29915e+10,-1.46489e+11,-3.26777e+10,-1.46705e+11
2.26962e+07,555639,2.49778e+06,-3.28084e+10,-1.4653e+11,-3.2491e+10,-1.46741e+11
2.27025e+07,555082,2.49848e+06,-3.26254e+10,-1.46571e+11,-3.23042e+10,-1.46776e+11
2.27088e+07,554525,2.49917e+06,-3.24423e+10,-1.46611e+11,-3.21176e+10,-1.46811e+11
2.27152e+07,553969,2.49986e+06,-3.22591e+10,-1.46651e+11,-3.19309e+10,-1.46846e+11
2.27215e+07,553412,2.50056e+06,-3.20759e+10,-1.46692e+11,-3.17443e+10,-1.46881e+11
2.27278e+07,552854,2.50125e+06,-3.18926e+10,-1.46731e+11,-3.15577e+10,-1.46915e+11
2.27341e+07,552297,2.50194e+06,-3.17093e+10,-1.46771e+11,-3.13712e+10,-1.46949e+11
2.27404e+07,551740,2.50263e+06,-3.15259e+10,-1.4681e+11,-3.11848e+10,-1.46983e+11
2.27467e+07,551182,2.50332e+06,-3.13425e+10,-1.4685e+11,-3.09984e+10,-1.47017e+11
2.2753e+07,550624,2.50401e+06,-3.1159e+10,-1.46889e+11,-3.0812e+10,-1.4705e+11
2.27593e+07,550066,2.5047e+06,-3.09755e+10,-1.46927e+11,-3.06257e+10,-1.47083e+11
2.27657e+07,549508,2.50538e+06,-3.07919e+10,-1.46966e+11,-3.04394e+10,-1.47115e+11
2.2772e+07,548950,2.50607e+06,-3.06083e+10,-1.47004e+11,-3.02532e+10,-1.47148e+11
2.27783e+07,548392,2.50676e+06,-3.04246e+10,-1.47042e+11,-3.0067e+10,-1.4718e+11
2.27846e+07,547833,2.50744e+06,-3.02409e+10,-1.4708e+11,-2.98809e+10,-1.47212e+11
2.27909e+07,547274,2.50813e+06,-3.00571e+10,-1.47117e+11,-2.96949e+10,-1.47244e+11
2.27972e+07,546716,2.50881e+06,-2.98733e+10,-1.47155e+11,-2.95089e+10,-1.47275e+11
2.28035e+07,546157,2.50949e+06,-2.96894e+10,-1.47192e+11,-2.93229e+10,-1.47306e+11
2.28098e+07,545598,2.51018e+06,-2.95055e+10,-1.47229e+11,-2.91371e+10,-1.47337e+11
2.28161e+07,545038,2.51086e+06,-2.93215e+10,-1.47265e+11,-2.89512e+10,-1.47367e+11
2.28225e+07,544479,2.51154e+06,-2.91375e+10,-1.47302e+11,-2.87655e+10,-1.47398e+11
2.28288e+07,543920,2.51222e+06,-2.89535e+10,-1.47338e+11,-2.85798e+10,-1.47428e+11
2.28351e+07,543360,2.5129e+06,-2.87694e+10,-1.47374e+11,-2.83941e+10,-1.47458e+11
2.28414e+07,542800,2.51358e+06,-2.85852e+10,-1.4741e+11,-2.82085e+10,-1.47487e+11
2.28477e+07,542240,2.51426e+06,-2.8401e+10,-1.47445e+11,-2.8023e+10,-1.47516e+11
2.2854e+07,541680,2.51494e+06,-2.82168e+10,-1.47481e+11,-2.78375e+10,-1.47545e+11
2.28603e+07,541120,2.51561e+06,-2.80325e+10,-1.47516e+11,-2.76521e+10,-1.47574e+11
2.28666e+07,540560,2.51629e+06,-2.78482e+10,-1.4755e+11,-2.74668e+10,-1.47603e+11
2.28729e+07,539999,2.51697e+06,-2.76638e+10,-1.47585e+11,-2.72815e+10,-1.47631e+11
2.28793e+07,539439,2.51764e+06,-2.74794e+10,-1.47619e+11,-2.70963e+10,-1.47659e+11
2.28856e+07,538878,2.51831e+06,-2.72949e+10,-1.47654e+11,-2.69112e+10,-1.47687e+11
2.28919e+07,538317,2.51899e+06,-2.71104e+10,-1.47687e+11,-2.67261e+10,-1.47714e+11
2.28982e+07,537756,2.51966e+06,-2.69259e+10,-1.47721e+11,-2.65411e+10,-1.47742e+11
2.29045e+07,537195,2.52033e+06,-2.67413e+10,-1.47755e+11,-2.63561e+10,-1.47769e+11
2.29108e+07,536634,2.521e+06,-2.65566e+10,-1.47788e+11,-2.61712e+10,-1.47796e+11
2.29171e+07,536073,2.52168e+06,-2.63719e+10,-1.47821e+11,-2.59864e+10,-1.47822e+11
2.29234e+07,535511,2.52235e+06,-2.61872e+10,-1.47853e+11,-2.58016e+10,-1.47849e+11
2.29298e+07,534950,2.52301e+06,-2.60025e+10,-1.47886e+11,-2.5617e+10,-1.47875e+11
2.29361e+07,534388,2.52368e+06,-2.58177e+10,-1.47918e+11,-2.54323e+10,-1.47901e+11
2.29424e+07,533826,2.52435e+06,-2.56328e+10,-1.4795e+11,-2.52478e+10,-1.47927e+11
2.29487e+07,533264,2.52502e+06,-2.54479e+10,-1.47982e+11,-2.50633e+10,-1.47952e+11
2.2955e+07,532702,2.52569e+06,-2.5263e+10,-1.48014e+11,-2.48789e+10,-1.47977e+11
2.29613e+07,532140,2.52635e+06,-2.5078e+10,-1.48045e+11,-2.46945e+10,-1.48002e+11
2.29676e+07,531578,2.52702e+06,-2.4893e+10,-1.48076e+11,-2.45102e+10,-1.48027e+11
2.29739e+07,531015,2.52768e+06,-2.47079e+10,-1.48107e+11,-2.4326e+10,-1.48052e+11
2.29802e+07,530453,2.52834e+06,-2.45229e+10,-1.48138e+11,-2.41419e+10,-1.48076e+11
2.29866e+07,529890,2.52901e+06,-2.43377e+10,-1.48168e+11,-2.39578e+10,-1.481e+11
2.29929e+07,529327,2.52967e+06,-2.41526e+10,-1.48198e+11,-2.37738e+10,-1.48124e+11
2.29992e+07,528764,2.53033e+06,-2.39673e+10,-1.48228e+11,-2.35898e+10,-1.48148e+11
2.30055e+07,528201,2.53099e+06,-2.37821e+10,-1.48258e+11,-2.34059e+10,-1.48172e+11
2.30118e+07,527638,2.53165e+06,-2.35968e+10,-1.48288e+11,-2.32221e+10,-1.48195e+11
2.30181e+07,527075,2.53231e+06,-2.34115e+10,-1.48317e+11,-2.30384e+10,-1.48218e+11
2.30244e+07,526512,2.53297e+06,-2.32261e+10,-1.48346e+11,-2.28547e+10,-1.48241e+11
2.30307e+07,525948,2.53363e+06,-2.30407e+10,-1.48375e+11,-2.26711e+10,-1.48264e+11
2.3037e+07,525385,2.53429e+06,-2.28553e+10,-1.48403e+11,-2.24875e+10,-1.48286e+11
2.30434e+07,524821,2.53494e+06,-2.26698e+10,-1.48432e+11,-2.2304e+10,-1.48309e+11
2.30497e+07,524257,2.5356e+06,-2.24843e+10,-1.4846e+11,-2.21206e+10,-1.48331e+11
2.3056e+07,523693,2.53625e+06,-2.22988e+10,-1.48488e+11,-2.19373e+10,-1.48353e+11
2.30623e+07,523129,2.53691e+06,-2.21132e+10,-1.48515e+11,-2.1754e+10,-1.48374e+11
2.30686e+07,522565,2.53756e+06,-2.19275e+10,-1.48543e+11,-2.15708e+10,-1.48396e+11
2.30749e+07,522001,2.53822e+06,-2.17419e+10,-1.4857e+11,-2.13876e+10,-1.48417e+11
2.30812e+07,521437,2.53887e+06,-2.15562e+10,-1.48597e+11,-2.12045e+10,-1.48439e+11
2.30875e+07,520872,2.53952e+06,-2.13705e+10,-1.48624e+11,-2.10215e+10,-1.48459e+11
2.30939e+07,520308,2.54017e+06,-2.11847e+10,-1.4865e+11,-2.08385e+10,-1.4848e+11
2.31002e+07,519743,2.54082e+06,-2.09989e+10,-1.48676e+11,-2.06556e+10,-1.48501e+11
2.31065e+07,519179,2.54147e+06,-2.08131e+10,-1.48702e+11,-2.04728e+10,-1.48521e+11
2.31128e+07,518614,2.54212e+06,-2.06272e+10,-1.48728e+11,-2.029e+10,-1.48541e+11
2.31191e+07,518049,2.54277e+06,-2.04413e+10,-1.48754e+11,-2.01073e+10,-1.48562e+11
2.31254e+07,517484,2.54342e+06,-2.02554e+10,-1.48779e+11,-1.99246e+10,-1.48581e+11
2.31317e+07,516919,2.54406e+06,-2.00695e+10,-1.48804e+11,-1.9742e+10,-1.48601e+11
2.3138e+07,516354,2.54471e+06,-1.98835e+10,-1.48829e+11,-1.95595e+10,-1.48621e+11
2.31443e+07,515788,2.54535e+06,-1.96974e+10,-1.48854e+11,-1.9377e+10,-1.4864e+11
2.31507e+07,515223,2.546e+06,-1.95114e+10,-1.48878e+11,-1.91946e+10,-1.48659e+11
2.3157e+07,514658,2.54664e+06,-1.93253e+10,-1.48902e+11,-1.90123e+10,-1.48678e+11
2.31633e+07,514092,2.54729e+06,-1.91392e+10,-1.48926e+11,-1.883e+10,-1.48697e+11
2.31696e+07,513526,2.54793e+06,-1.8953e+10,-1.4895e+11,-1.86477e+10,-1.48716e+11
2.31759e+07,512961,2.54857e+06,-1.87668e+10,-1.48973e+11,-1.84655e+10,-1.48734e+11
2.31822e+07,512395,2.54921e+06,-1.85806e+10,-1.48997e+11,-1.82834e+10,-1.48752e+11
2.31885e+07,511829,2.54985e+06,-1.83944e+10,-1.4902e+11,-1.81013e+10,-1.4877e+11
2.31948e+07,511263,2.55049e+06,-1.82081e+10,-1.49042e+11,-1.79193e+10,-1.48788e+11
2.32011e+07,510697,2.55113e+06,-1.80218e+10,-1.49065e+11,-1.77373e+10,-1.48806e+11
2.32075e+07,510131,2.55177e+06,-1.78355e+10,-1.49087e+11,-1.75554e+10,-1.48824e+11
2.32138e+07,509564,2.55241e+06,-1.76491e+10,-1.49109e+11,-1.73735e+10,-1.48841e+11
2.32201e+07,508998,2.55304e+06,-1.74627e+10,-1.49131e+11,-1.71917e+10,-1.48859e+11
2.32264e+07,508432,2.55368e+06,-1.72763e+10,-1.49153e+11,-1.701e+10,-1.48876e+11
2.32327e+07,507865,2.55432e+06,-1.70899e+10,-1.49174e+11,-1.68282e+10,-1.48893e+11
2.3239e+07,507298,2.55495e+06,-1.69034e+10,-1.49195e+11,-1.66466e+10,-1.4891e+11
2.32453e+07,506732,2.55558e+06,-1.67169e+10,-1.49216e+11,-1.64649e+10,-1.48927e+11
2.32516e+07,506165,2.55622e+06,-1.65304e+10,-1.49237e+11,-1.62833e+10,-1.48943e+11
2.3258e+07,505598,2.55685e+06,-1.63438e+10,-1.49257e+11,-1.61018e+10,-1.48959e+11
2.32643e+07,505031,2.55748e+06,-1.61573e+10,-1.49277e+11,-1.59203e+10,-1.48976e+11
2.32706e+07,504464,2.55811e+06,-1.59707e+10,-1.49297e+11,-1.57388e+10,-1.48992e+11
2.32769e+07,503897,2.55874e+06,-1.5784e+10,-1.49317e+11,-1.55574e+10,-1.49008e+11
2.32832e+07,503330,2.55937e+06,-1.55974e+10,-1.49336e+11,-1.5376e+10,-1.49024e+11
2.32895e+07,502763,2.56e+06,-1.54107e+10,-1.49356e+11,-1.51947e+10,-1.49039e+11
2.32958e+07,502196,2.56063e+06,-1.5224e+10,-1.49375e+11,-1.50134e+10,-1.49055e+11
2.33021e+07,501628,2.56126e+06,-1.50373e+10,-1.49393e+11,-1.48321e+10,-1.4907e+11
2.33084e+07,501061,2.56189e+06,-1.48505e+10,-1.49412e+11,-1.46509e+10,-1.49085e+11
2.33148e+07,500493,2.56251e+06,-1.46637e+10,-1.4943e+11,-1.44697e+10,-1.49101e+11
2.33211e+07,499926,2.56314e+06,-1.44769e+10,-1.49448e+11,-1.42885e+10,-1.49116e+11
2.33274e+07,499358,2.56376e+06,-1.42901e+10,-1.49466e+11,-1.41074e+10,-1.4913e+11
2.33337e+07,498790,2.56439e+06,-1.41033e+10,-1.49484e+11,-1.39263e+10,-1.49145e+11
2.334e+07,498223,2.56501e+06,-1.39164e+10,-1.49501e+11,-1.37452e+10,-1.4916e+11
2.33463e+07,497655,2.56563e+06,-1.37295e+10,-1.49518e+11,-1.35642e+10,-1.49174e+11
2.33526e+07,497087,2.56626e+06,-1.35426e+10,-1.49535e+11,-1.33832e+10,-1.49188e+11
2.33589e+07,496519,2.56688e+06,-1.33556e+10,-1.49552e+11,-1.32022e+10,-1.49202e+11
2.33652e+07,495951,2.5675e+06,-1.31687e+10,-1.49568e+11,-1.30212e+10,-1.49216e+11
2.33716e+07,495383,2.56812e+06,-1.29817e+10,-1.49585e+11,-1.28402e+10,-1.4923e+11
2.33779e+07,494815,2.56874e+06,-1.27947e+10,-1.49601e+11,-1.26593e+10,-1.49244e+11
2.33842e+07,494247,2.56935e+06,-1.26077e+10,-1.49616e+11,-1.24784e+10,-1.49258e+11
2.33905e+07,493678,2.56997e+06,-1.24206e+10,-1.49632e+11,-1.22975e+10,-1.49271e+11
2.33968e+07,493110,2.57059e+06,-1.22336e+10,-1.49647e+11,-1.21166e+10,-1.49284e+11
2.34031e+07,492542,2.57121e+06,-1.20465e+10,-1.49662e+11,-1.19357e+10,-1.49298e+11
2.34094e+07,491973,2.57182e+06,-1.18594e+10,-1.49677e+11,-1.17549e+10,-1.49311e+11
2.34157e+07,491405,2.57244e+06,-1.16723e+10,-1.49691e+11,-1.1574e+10,-1.49324e+11
2.34221e+07,490836,2.57305e+06,-1.14852e+10,-1.49706e+11,-1.13932e+10,-1.49336e+11
2.34284e+07,490267,2.57366e+06,-1.1298e+10,-1.4972e+11,-1.12124e+10,-1.49349e+11
2.34347e+07,489699,2.57428e+06,-1.11108e+10,-1.49734e+11,-1.10315e+10,-1.49362e+11
2.3441e+07,489130,2.57489e+06,-1.09236e+10,-1.49747e+11,-1.08507e+10,-1.49374e+11
2.34473e+07,488561,2.5755e+06,-1.07364e+10,-1.49761e+11,-1.06699e+10,-1.49386e+11
2.34536e+07,487992,2.57611e+06,-1.05492e+10,-1.49774e+11,-1.04891e+10,-1.49398e+11
2.34599e+07,487424,2.57672e+06,-1.0362e+10,-1.49787e+11,-1.03083e+10,-1.49411e+11
2.34662e+07,486855,2.57733e+06,-1.01747e+10,-1.49799e+11,-1.01275e+10,-1.49422e+11
2.34725e+07,486286,2.57794e+06,-9.98744e+09,-1.49812e+11,-9.9467e+09,-1.49434e+11
2.34789e+07,485717,2.57855e+06,-9.80015e+09,-1.49824e+11,-9.76589e+09,-1.49446e+11
2.34852e+07,485148,2.57915e+06,-9.61284e+09,-1.49836e+11,-9.58507e+09,-1.49457e+11
2.34915e+07,484579,2.57976e+06,-9.42552e+09,-1.49848e+11,-9.40425e+09,-1.49469e+11
2.34978e+07,484009,2.58037e+06,-9.23819e+09,-1.49859e+11,-9.22342e+09,-1.4948e+11
2.35041e+07,483440,2.58097e+06,-9.05084e+09,-1.49871e+11,-9.04257e+09,-1.49491e+11
2.35104e+07,482871,2.58158e+06,-8.86348e+09,-1.49882e+11,-8.86172e+09,-1.49502e+11
2.35167e+07,482302,2.58218e+06,-8.6761e+09,-1.49892e+11,-8.68085e+09,-1.49513e+11
2.3523e+07,481732,2.58278e+06,-8.48871e+09,-1.49903e+11,-8.49997e+09,-1.49524e+11
2.35293e+07,481163,2.58338e+06,-8.30131e+09,-1.49913e+11,-8.31907e+09,-1.49535e+11
2.35357e+07,480594,2.58399e+06,-8.11389e+09,-1.49923e+11,-8.13815e+09,-1.49545e+11
2.3542e+07,480024,2.58459e+06,-7.92646e+09,-1.49933e+11,-7.95721e+09,-1.49556e+11
2.35483e+07,479455,2.58519e+06,-7.73902e+09,-1.49943e+11,-7.77625e+09,-1.49566e+11
2.35546e+07,478885,2.58579e+06,-7.55157e+09,-1.49952e+11,-7.59527e+09,-1.49576e+11
2.35609e+07,478316,2.58638e+06,-7.3641e+09,-1.49961e+11,-7.41426e+09,-1.49586e+11
2.35672e+07,477746,2.58698e+06,-7.17663e+09,-1.4997e+11,-7.23323e+09,-1.49596e+11
2.35735e+07,477176,2.58758e+06,-6.98914e+09,-1.49979e+11,-7.05216e+09,-1.49606e+11
2.35798e+07,476607,2.58818e+06,-6.80164e+09,-1.49987e+11,-6.87107e+09,-1.49616e+11
2.35862e+07,476037,2.58877e+06,-6.61414e+09,-1.49996e+11,-6.68995e+09,-1.49625e+11
2.35925e+07,475467,2.58937e+06,-6.42662e+09,-1.50004e+11,-6.50879e+09,-1.49634e+11
2.35988e+07,474898,2.58996e+06,-6.23909e+09,-1.50011e+11,-6.3276e+09,-1.49644e+11
2.36051e+07,474328,2.59055e+06,-6.05155e+09,-1.50019e+11,-6.14638e+09,-1.49653e+11
2.36114e+07,473758,2.59115e+06,-5.86401e+09,-1.50026e+11,-5.96512e+09,-1.49662e+11
2.36177e+07,473188,2.59174e+06,-5.67645e+09,-1.50033e+11,-5.78381e+09,-1.49671e+11
2.3624e+07,472618,2.59233e+06,-5.48889e+09,-1.5004e+11,-5.60247e+09,-1.4968e+11
2.36303e+07,472048,2.59292e+06,-5.30131e+09,-1.50046e+11,-5.42108e+09,-1.49688e+11
2.36366e+07,471479,2.59351e+06,-5.11374e+09,-1.50053e+11,-5.23966e+09,-1.49697e+11
2.3643e+07,470909,2.5941e+06,-4.92615e+09,-1.50059e+11,-5.05818e+09,-1.49705e+11
2.36493e+07,470339,2.59469e+06,-4.73855e+09,-1.50065e+11,-4.87666e+09,-1.49713e+11
2.36556e+07,469769,2.59528e+06,-4.55095e+09,-1.5007e+11,-4.69509e+09,-1.49722e+11
2.36619e+07,469199,2.59586e+06,-4.36334e+09,-1.50076e+11,-4.51347e+09,-1.4973e+11
2.36682e+07,468629,2.59645e+06,-4.17573e+09,-1.50081e+11,-4.3318e+09,-1.49737e+11
2.36745e+07,468059,2.59704e+06,-3.98811e+09,-1.50086e+11,-4.15008e+09,-1.49745e+11
2.36808e+07,467489,2.59762e+06,-3.80048e+09,-1.5009e+11,-3.9683e+09,-1.49753e+11
2.36871e+07,466918,2.59821e+06,-3.61285e+09,-1.50095e+11,-3.78646e+09,-1.4976e+11
2.36934e+07,466348,2.59879e+06,-3.42522e+09,-1.50099e+11,-3.60457e+09,-1.49767e+11
2.36998e+07,465778,2.59937e+06,-3.23758e+09,-1.50103e+11,-3.42262e+09,-1.49775e+11
2.37061e+07,465208,2.59995e+06,-3.04993e+09,-1.50107e+11,-3.24061e+09,-1.49782e+11
2.37124e+07,464638,2.60054e+06,-2.86228e+09,-1.5011e+11,-3.05854e+09,-1.49789e+11
2.37187e+07,464068,2.60112e+06,-2.67463e+09,-1.50113e+11,-2.8764e+09,-1.49795e+11
2.3725e+07,463498,2.6017e+06,-2.48697e+09,-1.50117e+11,-2.6942e+09,-1.49802e+11
2.37313e+07,462927,2.60228e+06,-2.29931e+09,-1.50119e+11,-2.51194e+09,-1.49808e+11
2.37376e+07,462357,2.60286e+06,-2.11165e+09,-1.50122e+11,-2.3296e+09,-1.49815e+11
2.37439e+07,461787,2.60343e+06,-1.92399e+09,-1.50124e+11,-2.1472e+09,-1.49821e+11
2.37502e+07,461217,2.60401e+06,-1.73632e+09,-1.50126e+11,-1.96473e+09,-1.49827e+11
2.37566e+07,460647,2.60459e+06,-1.54865e+09,-1.50128e+11,-1.78219e+09,-1.49833e+11
2.37629e+07,460076,2.60516e+06,-1.36098e+09,-1.5013e+11,-1.59958e+09,-1.49839e+11
2.37692e+07,459506,2.60574e+06,-1.17331e+09,-1.50131e+11,-1.41689e+09,-1.49844e+11
2.37755e+07,458936,2.60631e+06,-9.85634e+08,-1.50132e+11,-1.23413e+09,-1.4985e+11
2.37818e+07,458366,2.60689e+06,-7.97961e+08,-1.50133e+11,-1.05129e+09,-1.49855e+11
2.37881e+07,457795,2.60746e+06,-6.10287e+08,-1.50134e+11,-8.68375e+08,-1.4986e+11
2.37944e+07,457225,2.60803e+06,-4.22613e+08,-1.50134e+11,-6.85381e+08,-1.49865e+11
2.38007e+07,456655,2.6086e+06,-2.3494e+08,-1.50134e+11,-5.02308e+08,-1.4987e+11
2.38071e+07,456085,2.60917e+06,-4.7267e+07,-1.50134e+11,-3.19155e+08,-1.49875e+11
2.38134e+07,455514,2.60974e+06,1.40405e+08,-1.50134e+11,-1.3592e+08,-1.49879e+11
2.38197e+07,454944,2.61031e+06,3.28076e+08,-1.50134e+11,4.7398e+07,-1.49883e+11
2.3826e+07,454374,2.61088e+06,5.15745e+08,-1.50133e+11,2.30799e+08,-1.49888e+11
2.38323e+07,453804,2.61145e+06,7.03412e+08,-1.50132e+11,4.14286e+08,-1.49892e+11
2.38386e+07,453233,2.61202e+06,8.91077e+08,-1.50131e+11,5.97858e+08,-1.49896e+11
2.38449e+07,452663,2.61258e+06,1.07874e+09,-1.50129e+11,7.81517e+08,-1.49899e+11
2.38512e+07,452093,2.61315e+06,1.2664e+09,-1.50128e+11,9.65263e+08,-1.49903e+11
2.38575e+07,451523,2.61371e+06,1.45406e+09,-1.50126e+11,1.1491e+09,-1.49906e+11
2.38639e+07,450952,2.61428e+06,1.64171e+09,-1.50123e+11,1.33302e+09,-1.49909e+11
2.38702e+07,450382,2.61484e+06,1.82936e+09,-1.50121e+11,1.51704e+09,-1.49913e+11
2.38765e+07,449812,2.61541e+06,2.017e+09,-1.50118e+11,1.70114e+09,-1.49915e+11
2.38828e+07,449242,2.61597e+06,2.20465e+09,-1.50116e+11,1.88534e+09,-1.49918e+11
2.38891e+07,448672,2.61653e+06,2.39228e+09,-1.50112e+11,2.06963e+09,-1.49921e+11
2.38954e+07,448101,2.61709e+06,2.57991e+09,-1.50109e+11,2.25402e+09,-1.49923e+11
2.39017e+07,447531,2.61765e+06,2.76754e+09,-1.50106e+11,2.4385e+09,-1.49925e+11
2.3908e+07,446961,2.61821e+06,2.95516e+09,-1.50102e+11,2.62307e+09,-1.49927e+11
2.39143e+07,446391,2.61877e+06,3.14278e+09,-1.50098e+11,2.80774e+09,-1.49929e+11
2.39207e+07,445821,2.61933e+06,3.33039e+09,-1.50093e+11,2.9925e+09,-1.4993e+11
2.3927e+07,445251,2.61988e+06,3.51799e+09,-1.50089e+11,3.17737e+09,-1.49932e+11
2.39333e+07,444681,2.62044e+06,3.70558e+09,-1.50084e+11,3.36233e+09,-1.49933e+11
2.39396e+07,444111,2.621e+06,3.89317e+09,-1.50079e+11,3.54738e+09,-1.49934e+11
2.39459e+07,443541,2.62155e+06,4.08075e+09,-1.50074e+11,3.73254e+09,-1.49935e+11
2.39522e+07,442971,2.62211e+06,4.26833e+09,-1.50069e+11,3.91779e+09,-1.49936e+11
2.39585e+07,442401,2.62266e+06,4.45589e+09,-1.50063e+11,4.10315e+09,-1.49936e+11
2.39648e+07,441831,2.62321e+06,4.64345e+09,-1.50057e+11,4.2886e+09,-1.49936e+11
2.39712e+07,441261,2.62376e+06,4.831e+09,-1.50051e+11,4.47416e+09,-1.49937e+11
2.39775e+07,440691,2.62432e+06,5.01854e+09,-1.50044e+11,4.65981e+09,-1.49936e+11
2.39838e+07,440121,2.62487e+06,5.20607e+09,-1.50038e+11,4.84557e+09,-1.49936e+11
2.39901e+07,439551,2.62542e+06,5.39359e+09,-1.50031e+11,5.03143e+09,-1.49936e+11
2.39964e+07,438981,2.62597e+06,5.5811e+09,-1.50024e+11,5.21739e+09,-1.49935e+11
2.40027e+07,438411,2.62651e+06,5.76861e+09,-1.50017e+11,5.40345e+09,-1.49934e+11
2.4009e+07,437841,2.62706e+06,5.9561e+09,-1.50009e+11,5.58961e+09,-1.49933e+11
2.40153e+07,437271,2.62761e+06,6.14358e+09,-1.50001e+11,5.77588e+09,-1.49931e+11
2.40216e+07,436702,2.62816e+06,6.33105e+09,-1.49993e+11,5.96224e+09,-1.4993e+11
2.4028e+07,436132,2.6287e+06,6.51851e+09,-1.49985e+11,6.14871e+09,-1.49928e+11
2.40343e+07,435562,2.62925e+06,6.70595e+09,-1.49976e+11,6.33528e+09,-1.49926e+11
2.40406e+07,434993,2.62979e+06,6.89339e+09,-1.49968e+11,6.52196e+09,-1.49924e+11
2.40469e+07,434423,2.63034e+06,7.08081e+09,-1.49959e+11,6.70874e+09,-1.49921e+11
2.40532e+07,433853,2.63088e+06,7.26822e+09,-1.49949e+11,6.89562e+09,-1.49919e+11
2.40595e+07,433284,2.63142e+06,7.45562e+09,-1.4994e+11,7.0826e+09,-1.49916e+11
2.40658e+07,432714,2.63196e+06,7.643e+09,-1.4993e+11,7.26968e+09,-1.49913e+11
2.40721e+07,432145,2.6325e+06,7.83037e+09,-1.4992e+11,7.45687e+09,-1.49909e+11
2.40784e+07,431575,2.63304e+06,8.01773e+09,-1.4991e+11,7.64415e+09,-1.49906e+11
2.40848e+07,431006,2.63358e+06,8.20508e+09,-1.499e+11,7.83154e+09,-1.49902e+11
2.40911e+07,430436,2.63412e+06,8.39241e+09,-1.49889e+11,8.01904e+09,-1.49898e+11
2.40974e+07,429867,2.63466e+06,8.57972e+09,-1.49879e+11,8.20663e+09,-1.49893e+11
2.41037e+07,429298,2.6352e+06,8.76702e+09,-1.49867e+11,8.39432e+09,-1.49889e+11
2.411e+07,428729,2.63573e+06,8.95431e+09,-1.49856e+11,8.58211e+09,-1.49884e+11
2.41163e+07,428159,2.63627e+06,9.14157e+09,-1.49845e+11,8.77001e+09,-1.49879e+11
2.41226e+07,427590,2.63681e+06,9.32883e+09,-1.49833e+11,8.958e+09,-1.49874e+11
2.41289e+07,427021,2.63734e+06,9.51607e+09,-1.49821e+11,9.1461e+09,-1.49868e+11
2.41353e+07,426452,2.63787e+06,9.70329e+09,-1.49809e+11,9.33429e+09,-1.49863e+11
2.41416e+07,425883,2.63841e+06,9.89049e+09,-1.49796e+11,9.52258e+09,-1.49857e+11
2.41479e+07,425314,2.63894e+06,1.00777e+10,-1.49783e+11,9.71097e+09,-1.4985e+11
2.41542e+07,424745,2.63947e+06,1.02649e+10,-1.4977e+11,9.89945e+09,-1.49844e+11
2.41605e+07,424176,2.64e+06,1.0452e+10,-1.49757e+11,1.0088e+10,-1.49837e+11
2.41668e+07,423607,2.64053e+06,1.06391e+10,-1.49744e+11,1.02767e+10,-1.4983e+11
2.41731e+07,423038,2.64106e+06,1.08263e+10,-1.4973e+11,1.04655e+10,-1.49823e+11
2.41794e+07,422470,2.64159e+06,1.10134e+10,-1.49716e+11,1.06543e+10,-1.49815e+11
2.41857e+07,421901,2.64212e+06,1.12004e+10,-1.49702e+11,1.08433e+10,-1.49807e+11
2.41921e+07,421332,2.64265e+06,1.13875e+10,-1.49688e+11,1.10324e+10,-1.49799e+11
2.41984e+07,420764,2.64317e+06,1.15745e+10,-1.49673e+11,1.12215e+10,-1.49791e+11
2.42047e+07,420195,2.6437e+06,1.17616e+10,-1.49658e+11,1.14107e+10,-1.49782e+11
2.4211e+07,419627,2.64422e+06,1.19486e+10,-1.49643e+11,1.16001e+10,-1.49773e+11
2.42173e+07,419058,2.64475e+06,1.21356e+10,-1.49628e+11,1.17895e+10,-1.49764e+11
2.42236e+07,418490,2.64527e+06,1.23225e+10,-1.49613e+11,1.1979e+10,-1.49755e+11
2.42299e+07,417922,2.64579e+06,1.25095e+10,-1.49597e+11,1.21686e+10,-1.49745e+11
2.42362e+07,417353,2.64632e+06,1.26964e+10,-1.49581e+11,1.23583e+10,-1.49735e+11
2.42425e+07,416785,2.64684e+06,1.28833e+10,-1.49565e+11,1.2548e+10,-1.49725e+11
2.42489e+07,416217,2.64736e+06,1.30702e+10,-1.49548e+11,1.27379e+10,-1.49714e+11
2.42552e+07,415649,2.64788e+06,1.3257e+10,-1.49532e+11,1.29278e+10,-1.49703e+11
2.42615e+07,415081,2.6484e+06,1.34439e+10,-1.49515e+11,1.31178e+10,-1.49692e+11
2.42678e+07,414513,2.64892e+06,1.36307e+10,-1.49497e+11,1.33079e+10,-1.49681e+11
2.42741e+07,413945,2.64944e+06,1.38175e+10,-1.4948e+11,1.34981e+10,-1.49669e+11
2.42804e+07,413377,2.64995e+06,1.40042e+10,-1.49463e+11,1.36883e+10,-1.49657e+11
2.42867e+07,412810,2.65047e+06,1.4191e+10,-1.49445e+11,1.38787e+10,-1.49645e+11
2.4293e+07,412242,2.65099e+06,1.43777e+10,-1.49427e+11,1.40691e+10,-1.49632e+11
2.42994e+07,411674,2.6515e+06,1.45644e+10,-1.49408e+11,1.42596e+10,-1.49619e+11
2.43057e+07,411107,2.65202e+06,1.47511e+10,-1.4939e+11,1.44501e+10,-1.49606e+11
2.4312e+07,410539,2.65253e+06,1.49377e+10,-1.49371e+11,1.46407e+10,-1.49593e+11
2.43183e+07,409972,2.65304e+06,1.51244e+10,-1.49352e+11,1.48314e+10,-1.49579e+11
2.43246e+07,409405,2.65356e+06,1.5311e+10,-1.49333e+11,1.50222e+10,-1.49565e+11
2.43309e+07,408838,2.65407e+06,1.54975e+10,-1.49313e+11,1.5213e+10,-1.49551e+11
2.43372e+07,408270,2.65458e+06,1.56841e+10,-1.49294e+11,1.54039e+10,-1.49536e+11
2.43435e+07,407703,2.65509e+06,1.58706e+10,-1.49274e+11,1.55948e+10,-1.49521e+11
2.43498e+07,407136,2.6556e+06,1.60571e+10,-1.49253e+11,1.57859e+10,-1.49506e+11
2.43562e+07,406569,2.65611e+06,1.62436e+10,-1.49233e+11,1.59769e+10,-1.4949e+11
2.43625e+07,406002,2.65662e+06,1.643e+10,-1.49212e+11,1.61681e+10,-1.49474e+11
2.43688e+07,405436,2.65712e+06,1.66165e+10,-1.49192e+11,1.63593e+10,-1.49458e+11
2.43751e+07,404869,2.65763e+06,1.68029e+10,-1.4917e+11,1.65505e+10,-1.49441e+11
2.43814e+07,404302,2.65814e+06,1.69892e+10,-1.49149e+11,1.67418e+10,-1.49424e+11
2.43877e+07,403736,2.65864e+06,1.71756e+10,-1.49128e+11,1.69332e+10,-1.49407e+11
2.4394e+07,403169,2.65915e+06,1.73619e+10,-1.49106e+11,1.71246e+10,-1.4939e+11
2.44003e+07,402603,2.65965e+06,1.75482e+10,-1.49084e+11,1.7316e+10,-1.49372e+11
2.44066e+07,402037,2.66015e+06,1.77344e+10,-1.49061e+11,1.75075e+10,-1.49353e+11
2.4413e+07,401470,2.66066e+06,1.79206e+10,-1.49039e+11,1.7699e+10,-1.49335e+11
2.44193e+07,400904,2.66116e+06,1.81068e+10,-1.49016e+11,1.78906e+10,-1.49316e+11
2.44256e+07,400338,2.66166e+06,1.8293e+10,-1.48993e+11,1.80822e+10,-1.49297e+11
2.44319e+07,399772,2.66216e+06,1.84791e+10,-1.4897e+11,1.82739e+10,-1.49278e+11
2.44382e+07,399206,2.66266e+06,1.86652e+10,-1.48947e+11,1.84656e+10,-1.49258e+11
2.44445e+07,398641,2.66316e+06,1.88513e+10,-1.48923e+11,1.86573e+10,-1.49238e+11
2.44508e+07,398075,2.66366e+06,1.90374e+10,-1.48899e+11,1.88491e+10,-1.49217e+11
2.44571e+07,397509,2.66415e+06,1.92234e+10,-1.48875e+11,1.90409e+10,-1.49196e+11
2.44635e+07,396944,2.66465e+06,1.94094e+10,-1.48851e+11,1.92327e+10,-1.49175e+11
2.44698e+07,396378,2.66515e+06,1.95953e+10,-1.48826e+11,1.94245e+10,-1.49154e+11
2.44761e+07,395813,2.66564e+06,1.97813e+10,-1.48801e+11,1.96164e+10,-1.49132e+11
2.44824e+07,395248,2.66614e+06,1.99672e+10,-1.48776e+11,1.98083e+10,-1.4911e+11
2.44887e+07,394683,2.66663e+06,2.0153e+10,-1.48751e+11,2.00002e+10,-1.49087e+11
2.4495e+07,394118,2.66712e+06,2.03388e+10,-1.48726e+11,2.01921e+10,-1.49065e+11
2.45013e+07,393553,2.66762e+06,2.05246e+10,-1.487e+11,2.03841e+10,-1.49041e+11
2.45076e+07,392988,2.66811e+06,2.07104e+10,-1.48674e+11,2.0576e+10,-1.49018e+11
2.45139e+07,392423,2.6686e+06,2.08961e+10,-1.48648e+11,2.0768e+10,-1.48994e+11
2.45203e+07,391858,2.66909e+06,2.10818e+10,-1.48621e+11,2.096e+10,-1.4897e+11
2.45266e+07,391294,2.66958e+06,2.12675e+10,-1.48595e+11,2.11519e+10,-1.48945e+11
2.45329e+07,390729,2.67007e+06,2.14531e+10,-1.48568e+11,2.13439e+10,-1.48921e+11
2.45392e+07,390165,2.67056e+06,2.16387e+10,-1.48541e+11,2.15359e+10,-1.48895e+11
2.45455e+07,389601,2.67105e+06,2.18243e+10,-1.48513e+11,2.17279e+10,-1.4887e+11
2.45518e+07,389037,2.67153e+06,2.20098e+10,-1.48486e+11,2.19199e+10,-1.48844e+11
2.45581e+07,388473,2.67202e+06,2.21953e+10,-1.48458e+11,2.21118e+10,-1.48818e+11
2.45644e+07,387909,2.67251e+06,2.23808e+10,-1.4843e+11,2.23038e+10,-1.48791e+11
2.45707e+07,387345,2.67299e+06,2.25662e+10,-1.48402e+11,2.24958e+10,-1.48764e+11
2.45771e+07,386781,2.67347e+06,2.27516e+10,-1.48373e+11,2.26877e+10,-1.48737e+11
2.45834e+07,386217,2.67396e+06,2.2937e+10,-1.48344e+11,2.28796e+10,-1.4871e+11
2.45897e+07,385654,2.67444e+06,2.31223e+10,-1.48315e+11,2.30715e+10,-1.48682e+11
2.4596e+07,385091,2.67492e+06,2.33076e+10,-1.48286e+11,2.32634e+10,-1.48653e+11
2.46023e+07,384527,2.6754e+06,2.34928e+10,-1.48257e+11,2.34553e+10,-1.48625e+11
2.46086e+07,383964,2.67588e+06,2.3678e+10,-1.48227e+11,2.36471e+10,-1.48596e+11
2.46149e+07,383401,2.67636e+06,2.38632e+10,-1.48197e+11,2.3839e+10,-1.48566e+11
2.46212e+07,382838,2.67684e+06,2.40483e+10,-1.48167e+11,2.40307e+10,-1.48537e+11
2.46276e+07,382275,2.67732e+06,2.42334e+10,-1.48137e+11,2.42225e+10,-1.48507e+11
2.46339e+07,381713,2.6778e+06,2.44185e+10,-1.48106e+11,2.44142e+10,-1.48476e+11
2.46402e+07,381150,2.67828e+06,2.46035e+10,-1.48076e+11,2.46059e+10,-1.48446e+11
2.46465e+07,380587,2.67875e+06,2.47885e+10,-1.48044e+11,2.47975e+10,-1.48415e+11
2.46528e+07,380025,2.67923e+06,2.49734e+10,-1.48013e+11,2.49891e+10,-1.48383e+11
2.46591e+07,379463,2.6797e+06,2.51583e+10,-1.47982e+11,2.51807e+10,-1.48351e+11
2.46654e+07,378901,2.68018e+06,2.53432e+10,-1.4795e+11,2.53722e+10,-1.48319e+11
2.46717e+07,378339,2.68065e+06,2.5528e+10,-1.47918e+11,2.55637e+10,-1.48287e+11
2.4678e+07,377777,2.68113e+06,2.57128e+10,-1.47886e+11,2.57551e+10,-1.48254e+11
2.46844e+07,377215,2.6816e+06,2.58975e+10,-1.47854e+11,2.59465e+10,-1.48221e+11
2.46907e+07,376653,2.68207e+06,2.60822e+10,-1.47821e+11,2.61378e+10,-1.48188e+11
2.4697e+07,376092,2.68254e+06,2.62669e+10,-1.47788e+11,2.6329e+10,-1.48154e+11
2.47033e+07,375531,2.68301e+06,2.64515e+10,-1.47755e+11,2.65202e+10,-1.4812e+11
2.47096e+07,374969,2.68348e+06,2.66361e+10,-1.47722e+11,2.67113e+10,-1.48085e+11
2.47159e+07,374408,2.68395e+06,2.68206e+10,-1.47688e+11,2.69024e+10,-1.4805e+11
2.47222e+07,373847,2.68442e+06,2.70051e+10,-1.47654e+11,2.70934e+10,-1.48015e+11
2.47285e+07,373286,2.68488e+06,2.71896e+10,-1.4762e+11,2.72843e+10,-1.47979e+11
2.47348e+07,372725,2.68535e+06,2.7374e+10,-1.47586e+11,2.74751e+10,-1.47944e+11
2.47412e+07,372165,2.68582e+06,2.75584e+10,-1.47552e+11,2.76659e+10,-1.47907e+11
2.47475e+07,371604,2.68628e+06,2.77427e+10,-1.47517e+11,2.78566e+10,-1.47871e+11
2.47538e+07,371044,2.68675e+06,2.7927e+10,-1.47482e+11,2.80473e+10,-1.47834e+11
2.47601e+07,370484,2.68721e+06,2.81112e+10,-1.47447e+11,2.82378e+10,-1.47797e+11
2.47664e+07,369924,2.68767e+06,2.82954e+10,-1.47411e+11,2.84283e+10,-1.47759e+11
2.47727e+07,369364,2.68814e+06,2.84796e+10,-1.47376e+11,2.86186e+10,-1.47721e+11
2.4779e+07,368804,2.6886e+06,2.86637e+10,-1.4734e+11,2.88089e+10,-1.47683e+11
2.47853e+07,368244,2.68906e+06,2.88478e+10,-1.47304e+11,2.89991e+10,-1.47644e+11
2.47917e+07,367685,2.68952e+06,2.90318e+10,-1.47267e+11,2.91892e+10,-1.47606e+11
2.4798e+07,367125,2.68998e+06,2.92158e+10,-1.47231e+11,2.93792e+10,-1.47566e+11
2.48043e+07,366566,2.69044e+06,2.93997e+10,-1.47194e+11,2.95692e+10,-1.47527e+11
2.48106e+07,366007,2.69089e+06,2.95836e+10,-1.47157e+11,2.9759e+10,-1.47487e+11
2.48169e+07,365448,2.69135e+06,2.97674e+10,-1.4712e+11,2.99487e+10,-1.47447e+11
2.48232e+07,364889,2.69181e+06,2.99512e+10,-1.47083e+11,3.01383e+10,-1.47406e+11
2.48295e+07,364330,2.69227e+06,3.0135e+10,-1.47045e+11,3.03278e+10,-1.47365e+11
2.48358e+07,363772,2.69272e+06,3.03187e+10,-1.47007e+11,3.05173e+10,-1.47324e+11
2.48421e+07,363213,2.69318e+06,3.05024e+10,-1.46969e+11,3.07066e+10,-1.47282e+11
2.48485e+07,362655,2.69363e+06,3.0686e+10,-1.4693e+11,3.08957e+10,-1.47241e+11
2.48548e+07,362097,2.69408e+06,3.08695e+10,-1.46892e+11,3.10848e+10,-1.47198e+11
2.48611e+07,361539,2.69454e+06,3.1053e+10,-1.46853e+11,3.12738e+10,-1.47156e+11
2.48674e+07,360981,2.69499e+06,3.12365e+10,-1.46814e+11,3.14627e+10,-1.47113e+11
2.48737e+07,360423,2.69544e+06,3.14199e+10,-1.46775e+11,3.16514e+10,-1.4707e+11
2.488e+07,359866,2.69589e+06,3.16033e+10,-1.46735e+11,3.184e+10,-1.47027e+11
2.48863e+07,359308,2.69634e+06,3.17866e+10,-1.46696e+11,3.20285e+10,-1.46983e+11
2.48926e+07,358751,2.69679e+06,3.19699e+10,-1.46656e+11,3.22169e+10,-1.46939e+11
2.48989e+07,358194,2.69724e+06,3.21531e+10,-1.46615e+11,3.24051e+10,-1.46894e+11
2.49053e+07,357637,2.69768e+06,3.23363e+10,-1.46575e+11,3.25933e+10,-1.4685e+11
2.49116e+07,357080,2.69813e+06,3.25194e+10,-1.46534e+11,3.27813e+10,-1.46805e+11
2.49179e+07,356524,2.69858e+06,3.27025e+10,-1.46493e+11,3.29691e+10,-1.46759e+11
2.49242e+07,355967,2.69902e+06,3.28855e+10,-1.46452e+11,3.31569e+10,-1.46714e+11
2.49305e+07,355411,2.69947e+06,3.30685e+10,-1.46411e+11,3.33445e+10,-1.46668e+11
2.49368e+07,354855,2.69991e+06,3.32514e+10,-1.46369e+11,3.3532e+10,-1.46621e+11
2.49431e+07,354299,2.70036e+06,3.34343e+10,-1.46328e+11,3.37193e+10,-1.46575e+11
2.49494e+07,353743,2.7008e+06,3.36171e+10,-1.46286e+11,3.39065e+10,-1.46528e+11
2.49558e+07,353187,2.70124e+06,3.37999e+10,-1.46243e+11,3.40936e+10,-1.46481e+11
2.49621e+07,352632,2.70168e+06,3.39826e+10,-1.46201e+11,3.42805e+10,-1.46433e+11
2.49684e+07,352076,2.70212e+06,3.41653e+10,-1.46158e+11,3.44673e+10,-1.46386e+11
2.49747e+07,351521,2.70256e+06,3.43479e+10,-1.46115e+11,3.46539e+10,-1.46338e+11
2.4981e+07,350966,2.703e+06,3.45305e+10,-1.46072e+11,3.48404e+10,-1.46289e+11
2.49873e+07,350411,2.70344e+06,3.4713e+10,-1.46029e+11,3.50268e+10,-1.46241e+11
2.49936e+07,349856,2.70388e+06,3.48955e+10,-1.45985e+11,3.5213e+10,-1.46192e+11
2.49999e+07,349302,2.70432e+06,3.50779e+10,-1.45941e+11,3.5399e+10,-1.46143e+11
2.50062e+07,348747,2.70475e+06,3.52602e+10,-1.45897e+11,3.55849e+10,-1.46093e+11
2.50126e+07,348193,2.70519e+06,3.54425e+10,-1.45853e+11,3.57707e+10,-1.46043e+11
2.50189e+07,347639,2.70562e+06,3.56248e+10,-1.45809e+11,3.59563e+10,-1.45993e+11
2.50252e+07,347085,2.70606e+06,3.58069e+10,-1.45764e+11,3.61418e+10,-1.45943e+11
2.50315e+07,346532,2.70649e+06,3.59891e+10,-1.45719e+11,3.63271e+10,-1.45892e+11
2.50378e+07,345978,2.70693e+06,3.61712e+10,-1.45674e+11,3.65122e+10,-1.45842e+11
2.50441e+07,345425,2.70736e+06,3.63532e+10,-1.45628e+11,3.66972e+10,-1.4579e+11
2.50504e+07,344872,2.70779e+06,3.65352e+10,-1.45583e+11,3.68821e+10,-1.45739e+11
2.50567e+07,344319,2.70822e+06,3.67171e+10,-1.45537e+11,3.70668e+10,-1.45687e+11
2.5063e+07,343766,2.70865e+06,3.68989e+10,-1.45491e+11,3.72513e+10,-1.45635e+11
2.50694e+07,343213,2.70908e+06,3.70807e+10,-1.45444e+11,3.74356e+10,-1.45583e+11
2.50757e+07,342661,2.70951e+06,3.72625e+10,-1.45398e+11,3.76199e+10,-1.45531e+11
2.5082e+07,342108,2.70994e+06,3.74441e+10,-1.45351e+11,3.78039e+10,-1.45478e+11
2.50883e+07,341556,2.71037e+06,3.76258e+10,-1.45304e+11,3.79878e+10,-1.45425e+11
2.50946e+07,341004,2.71079e+06,3.78073e+10,-1.45257e+11,3.81715e+10,-1.45372e+11
2.51009e+07,340452,2.71122e+06,3.79889e+10,-1.45209e+11,3.83551e+10,-1.45318e+11
2.51072e+07,339901,2.71165e+06,3.81703e+10,-1.45161e+11,3.85385e+10,-1.45264e+11
2.51135e+07,339349,2.71207e+06,3.83517e+10,-1.45114e+11,3.87217e+10,-1.4521e+11
2.51198e+07,338798,2.71249e+06,3.85331e+10,-1.45065e+11,3.89047e+10,-1.45156e+11
2.51262e+07,338247,2.71292e+06,3.87143e+10,-1.45017e+11,3.90876e+10,-1.45101e+11
2.51325e+07,337696,2.71334e+06,3.88955e+10,-1.44968e+11,3.92704e+10,-1.45046e+11
2.51388e+07,337146,2.71376e+06,3.90767e+10,-1.4492e+11,3.94529e+10,-1.44991e+11
2.51451e+07,336595,2.71418e+06,3.92578e+10,-1.44871e+11,3.96353e+10,-1.44936e+11
2.51514e+07,336045,2.71461e+06,3.94389e+10,-1.44821e+11,3.98176e+10,-1.4488e+11
2.51577e+07,335495,2.71503e+06,3.96198e+10,-1.44772e+11,3.99996e+10,-1.44825e+11
2.5164e+07,334945,2.71544e+06,3.98008e+10,-1.44722e+11,4.01815e+10,-1.44769e+11
2.51703e+07,334395,2.71586e+06,3.99816e+10,-1.44672e+11,4.03632e+10,-1.44712e+11
2.51767e+07,333845,2.71628e+06,4.01624e+10,-1.44622e+11,4.05448e+10,-1.44656e+11
2.5183e+07,333296,2.7167e+06,4.03431e+10,-1.44572e+11,4.07262e+10,-1.44599e+11
2.51893e+07,332747,2.71712e+06,4.05238e+10,-1.44521e+11,4.09074e+10,-1.44542e+11
2.51956e+07,332198,2.71753e+06,4.07044e+10,-1.4447e+11,4.10884e+10,-1.44485e+11
2.52019e+07,331649,2.71795e+06,4.0885e+10,-1.44419e+11,4.12693e+10,-1.44427e+11
2.52082e+07,331101,2.71836e+06,4.10655e+10,-1.44368e+11,4.145e+10,-1.4437e+11
2.52145e+07,330552,2.71878e+06,4.12459e+10,-1.44316e+11,4.16305e+10,-1.44312e+11
2.52208e+07,330004,2.71919e+06,4.14263e+10,-1.44264e+11,4.18108e+10,-1.44254e+11
2.52271e+07,329456,2.7196e+06,4.16066e+10,-1.44212e+11,4.1991e+10,-1.44195e+11
2.52335e+07,328908,2.72001e+06,4.17868e+10,-1.4416e+11,4.2171e+10,-1.44137e+11
2.52398e+07,328361,2.72042e+06,4.1967e+10,-1.44108e+11,4.23509e+10,-1.44078e+11
2.52461e+07,327813,2.72083e+06,4.21471e+10,-1.44055e+11,4.25305e+10,-1.44019e+11
2.52524e+07,327266,2.72124e+06,4.23271e+10,-1.44002e+11,4.271e+10,-1.4396e+11
2.52587e+07,326719,2.72165e+06,4.25071e+10,-1.43949e+11,4.28893e+10,-1.439e+11
2.5265e+07,326172,2.72206e+06,4.2687e+10,-1.43896e+11,4.30685e+10,-1.43841e+11
2.52713e+07,325625,2.72247e+06,4.28668e+10,-1.43842e+11,4.32474e+10,-1.43781e+11
2.52776e+07,325079,2.72288e+06,4.30466e+10,-1.43788e+11,4.34262e+10,-1.43721e+11
2.52839e+07,324533,2.72328e+06,4.32263e+10,-1.43734e+11,4.36049e+10,-1.43661e+11
2.52903e+07,323987,2.72369e+06,4.3406e+10,-1.4368e+11,4.37833e+10,-1.436e+11
2.52966e+07,323441,2.72409e+06,4.35856e+10,-1.43626e+11,4.39616e+10,-1.4354e+11
2.53029e+07,322896,2.7245e+06,4.37651e+10,-1.43571e+11,4.41397e+10,-1.43479e+11
2.53092e+07,322350,2.7249e+06,4.39445e+10,-1.43516e+11,4.43176e+10,-1.43418e+11
2.53155e+07,321805,2.7253e+06,4.41239e+10,-1.43461e+11,4.44954e+10,-1.43356e+11
2.53218e+07,321260,2.72571e+06,4.43032e+10,-1.43406e+11,4.4673e+10,-1.43295e+11
2.53281e+07,320715,2.72611e+06,4.44825e+10,-1.4335e+11,4.48504e+10,-1.43233e+11
2.53344e+07,320171,2.72651e+06,4.46616e+10,-1.43294e+11,4.50276e+10,-1.43171e+11
2.53408e+07,319627,2.72691e+06,4.48408e+10,-1.43238e+11,4.52047e+10,-1.43109e+11
2.53471e+07,319082,2.72731e+06,4.50198e+10,-1.43182e+11,4.53816e+10,-1.43047e+11
2.53534e+07,318539,2.72771e+06,4.51988e+10,-1.43125e+11,4.55583e+10,-1.42985e+11
2.53597e+07,317995,2.72811e+06,4.53777e+10,-1.43069e+11,4.57349e+10,-1.42922e+11
2.5366e+07,317451,2.7285e+06,4.55565e+10,-1.43012e+11,4.59113e+10,-1.42859e+11
2.53723e+07,316908,2.7289e+06,4.57353e+10,-1.42955e+11,4.60875e+10,-1.42796e+11
2.53786e+07,316365,2.7293e+06,4.59139e+10,-1.42897e+11,4.62636e+10,-1.42733e+11
2.53849e+07,315822,2.72969e+06,4.60926e+10,-1.4284e+11,4.64395e+10,-1.4267e+11
2.53912e+07,315280,2.73009e+06,4.62711e+10,-1.42782e+11,4.66152e+10,-1.42606e+11
2.53976e+07,314737,2.73048e+06,4.64496e+10,-1.42724e+11,4.67907e+10,-1.42543e+11
2.54039e+07,314195,2.73087e+06,4.6628e+10,-1.42666e+11,4.69661e+10,-1.42479e+11
2.54102e+07,313653,2.73127e+06,4.68063e+10,-1.42607e+11,4.71413e+10,-1.42415e+11
2.54165e+07,313112,2.73166e+06,4.69846e+10,-1.42548e+11,4.73164e+10,-1.42351e+11
2.54228e+07,312570,2.73205e+06,4.71628e+10,-1.42489e+11,4.74912e+10,-1.42286e+11
2.54291e+07,312029,2.73244e+06,4.73409e+10,-1.4243e+11,4.7666e+10,-1.42222e+11
2.54354e+07,311488,2.73283e+06,4.75189e+10,-1.42371e+11,4.78405e+10,-1.42157e+11
2.54417e+07,310947,2.73322e+06,4.76969e+10,-1.42311e+11,4.80149e+10,-1.42092e+11
2.5448e+07,310406,2.73361e+06,4.78748e+10,-1.42251e+11,4.81891e+10,-1.42027e+11
2.54544e+07,309866,2.734e+06,4.80526e+10,-1.42191e+11,4.83632e+10,-1.41962e+11
2.54607e+07,309326,2.73438e+06,4.82304e+10,-1.42131e+11,4.85371e+10,-1.41897e+11
2.5467e+07,308786,2.73477e+06,4.84081e+10,-1.4207e+11,4.87108e+10,-1.41831e+11
2.54733e+07,308246,2.73516e+06,4.85857e+10,-1.4201e+11,4.88844e+10,-1.41766e+11
2.54796e+07,307707,2.73554e+06,4.87632e+10,-1.41949e+11,4.90578e+10,-1.417e+11
2.54859e+07,307168,2.73593e+06,4.89406e+10,-1.41888e+11,4.92311e+10,-1.41634e+11
2.54922e+07,306629,2.73631e+06,4.9118e+10,-1.41826e+11,4.94042e+10,-1.41568e+11
2.54985e+07,306090,2.73669e+06,4.92953e+10,-1.41765e+11,4.95772e+10,-1.41502e+11
2.55049e+07,305552,2.73708e+06,4.94725e+10,-1.41703e+11,4.975e+10,-1.41435e+11
2.55112e+07,305013,2.73746e+06,4.96497e+10,-1.41641e+11,4.99226e+10,-1.41369e+11
2.55175e+07,304475,2.73784e+06,4.98268e+10,-1.41578e+11,5.00951e+10,-1.41302e+11
2.55238e+07,303938,2.73822e+06,5.00038e+10,-1.41516e+11,5.02674e+10,-1.41235e+11
2.55301e+07,303400,2.7386e+06,5.01807e+10,-1.41453e+11,5.04396e+10,-1.41168e+11
2.55364e+07,302863,2.73898e+06,5.03575e+10,-1.4139e+11,5.06116e+10,-1.41101e+11
2.55427e+07,302326,2.73936e+06,5.05343e+10,-1.41327e+11,5.07835e+10,-1.41034e+11
2.5549e+07,301789,2.73974e+06,5.0711e+10,-1.41264e+11,5.09552e+10,-1.40966e+11
2.55553e+07,301252,2.74011e+06,5.08876e+10,-1.412e+11,5.11268e+10,-1.40899e+11
2.55617e+07,300716,2.74049e+06,5.10641e+10,-1.41136e+11,5.12983e+10,-1.40831e+11
2.5568e+07,300180,2.74087e+06,5.12405e+10,-1.41072e+11,5.14695e+10,-1.40763e+11
2.55743e+07,299644,2.74124e+06,5.14169e+10,-1.41008e+11,5.16407e+10,-1.40695e+11
2.55806e+07,299108,2.74162e+06,5.15932e+10,-1.40943e+11,5.18117e+10,-1.40627e+11
2.55869e+07,298573,2.74199e+06,5.17694e+10,-1.40879e+11,5.19825e+10,-1.40559e+11
2.55932e+07,298038,2.74236e+06,5.19455e+10,-1.40814e+11,5.21533e+10,-1.40491e+11
2.55995e+07,297503,2.74274e+06,5.21216e+10,-1.40749e+11,5.23238e+10,-1.40422e+11
2.56058e+07,296968,2.74311e+06,5.22975e+10,-1.40683e+11,5.24943e+10,-1.40354e+11
2.56121e+07,296434,2.74348e+06,5.24734e+10,-1.40618e+11,5.26646e+10,-1.40285e+11
2.56185e+07,295900,2.74385e+06,5.26492e+10,-1.40552e+11,5.28347e+10,-1.40216e+11
2.56248e+07,295366,2.74422e+06,5.2825e+10,-1.40486e+11,5.30048e+10,-1.40147e+11
2.56311e+07,294832,2.74459e+06,5.30006e+10,-1.40419e+11,5.31747e+10,-1.40078e+11
2.56374e+07,294299,2.74496e+06,5.31762e+10,-1.40353e+11,5.33444e+10,-1.40009e+11
2.56437e+07,293766,2.74532e+06,5.33516e+10,-1.40286e+11,5.35141e+10,-1.39939e+11
2.565e+07,293233,2.74569e+06,5.3527e+10,-1.40219e+11,5.36836e+10,-1.3987e+11
2.56563e+07,292700,2.74606e+06,5.37023e+10,-1.40152e+11,5.38529e+10,-1.398e+11
2.56626e+07,292168,2.74642e+06,5.38776e+10,-1.40085e+11,5.40222e+10,-1.39731e+11
2.5669e+07,291636,2.74679e+06,5.40527e+10,-1.40017e+11,5.41913e+10,-1.39661e+11
2.56753e+07,291104,2.74715e+06,5.42278e+10,-1.39949e+11,5.43603e+10,-1.39591e+11
2.56816e+07,290572,2.74752e+06,5.44027e+10,-1.39881e+11,5.45292e+10,-1.39521e+11
2.56879e+07,290041,2.74788e+06,5.45776e+10,-1.39813e+11,5.46979e+10,-1.39451e+11
2.56942e+07,289510,2.74824e+06,5.47524e+10,-1.39745e+11,5.48665e+10,-1.3938e+11
2.57005e+07,288979,2.74861e+06,5.49272e+10,-1.39676e+11,5.50351e+10,-1.3931e+11
2.57068e+07,288448,2.74897e+06,5.51018e+10,-1.39607e+11,5.52035e+10,-1.39239e+11
2.57131e+07,287918,2.74933e+06,5.52763e+10,-1.39538e+11,5.53717e+10,-1.39169e+11
2.57194e+07,287388,2.74969e+06,5.54508e+10,-1.39468e+11,5.55399e+10,-1.39098e+11
2.57258e+07,286858,2.75005e+06,5.56252e+10,-1.39399e+11,5.57079e+10,-1.39027e+11
2.57321e+07,286329,2.7504e+06,5.57995e+10,-1.39329e+11,5.58759e+10,-1.38956e+11
2.57384e+07,285799,2.75076e+06,5.59737e+10,-1.39259e+11,5.60437e+10,-1.38885e+11
2.57447e+07,285270,2.75112e+06,5.61478e+10,-1.39189e+11,5.62114e+10,-1.38814e+11
2.5751e+07,284742,2.75148e+06,5.63218e+10,-1.39118e+11,5.6379e+10,-1.38742e+11
2.57573e+07,284213,2.75183e+06,5.64958e+10,-1.39048e+11,5.65466e+10,-1.38671e+11
2.57636e+07,283685,2.75219e+06,5.66696e+10,-1.38977e+11,5.6714e+10,-1.38599e+11
2.57699e+07,283157,2.75254e+06,5.68434e+10,-1.38906e+11,5.68813e+10,-1.38528e+11
2.57762e+07,282630,2.7529e+06,5.7017e+10,-1.38834e+11,5.70485e+10,-1.38456e+11
2.57826e+07,282102,2.75325e+06,5.71906e+10,-1.38763e+11,5.72156e+10,-1.38384e+11
2.57889e+07,281575,2.7536e+06,5.73641e+10,-1.38691e+11,5.73826e+10,-1.38312e+11
2.57952e+07,281048,2.75395e+06,5.75375e+10,-1.38619e+11,5.75495e+10,-1.3824e+11
2.58015e+07,280522,2.75431e+06,5.77109e+10,-1.38547e+11,5.77163e+10,-1.38168e+11
2.58078e+07,279995,2.75466e+06,5.78841e+10,-1.38474e+11,5.7883e+10,-1.38096e+11
2.58141e+07,279470,2.75501e+06,5.80572e+10,-1.38402e+11,5.80497e+10,-1.38023e+11
2.58204e+07,278944,2.75536e+06,5.82303e+10,-1.38329e+11,5.82162e+10,-1.37951e+11
2.58267e+07,278418,2.7557e+06,5.84032e+10,-1.38256e+11,5.83827e+10,-1.37878e+11
2.58331e+07,277893,2.75605e+06,5.85761e+10,-1.38183e+11,5.8549e+10,-1.37805e+11
2.58394e+07,277368,2.7564e+06,5.87489e+10,-1.38109e+11,5.87153e+10,-1.37732e+11
2.58457e+07,276844,2.75675e+06,5.89215e+10,-1.38035e+11,5.88815e+10,-1.37659e+11
2.5852e+07,276319,2.75709e+06,5.90941e+10,-1.37961e+11,5.90477e+10,-1.37586e+11
2.58583e+07,275795,2.75744e+06,5.92666e+10,-1.37887e+11,5.92137e+10,-1.37513e+11
2.58646e+07,275272,2.75778e+06,5.9439e+10,-1.37813e+11,5.93797e+10,-1.3744e+11
2.58709e+07,274748,2.75813e+06,5.96113e+10,-1.37738e+11,5.95456e+10,-1.37367e+11
2.58772e+07,274225,2.75847e+06,5.97835e+10,-1.37664e+11,5.97114e+10,-1.37293e+11
2.58835e+07,273702,2.75881e+06,5.99557e+10,-1.37589e+11,5.98771e+10,-1.3722e+11
2.58899e+07,273179,2.75915e+06,6.01277e+10,-1.37513e+11,6.00428e+10,-1.37146e+11
2.58962e+07,272657,2.7595e+06,6.02996e+10,-1.37438e+11,6.02084e+10,-1.37072e+11
2.59025e+07,272135,2.75984e+06,6.04715e+10,-1.37362e+11,6.03739e+10,-1.36998e+11
2.59088e+07,271613,2.76018e+06,6.06432e+10,-1.37286e+11,6.05394e+10,-1.36924e+11
2.59151e+07,271092,2.76052e+06,6.08149e+10,-1.3721e+11,6.07048e+10,-1.3685e+11
2.59214e+07,270570,2.76086e+06,6.09864e+10,-1.37134e+11,6.08701e+10,-1.36776e+11
2.59277e+07,270049,2.76119e+06,6.11579e+10,-1.37057e+11,6.10354e+10,-1.36702e+11
2.5934e+07,269529,2.76153e+06,6.13292e+10,-1.36981e+11,6.12006e+10,-1.36627e+11
2.59403e+07,269009,2.76187e+06,6.15005e+10,-1.36904e+11,6.13658e+10,-1.36553e+11
2.59467e+07,268489,2.7622e+06,6.16717e+10,-1.36826e+11,6.15309e+10,-1.36478e+11
2.5953e+07,267969,2.76254e+06,6.18427e+10,-1.36749e+11,6.1696e+10,-1.36403e+11
2.59593e+07,267449,2.76287e+06,6.20137e+10,-1.36671e+11,6.1861e+10,-1.36328e+11
2.59656e+07,266930,2.76321e+06,6.21846e+10,-1.36594e+11,6.20259e+10,-1.36253e+11
2.59719e+07,266411,2.76354e+06,6.23554e+10,-1.36516e+11,6.21908e+10,-1.36178e+11
2.59782e+07,265893,2.76388e+06,6.2526e+10,-1.36437e+11,6.23556e+10,-1.36103e+11
2.59845e+07,265374,2.76421e+06,6.26966e+10,-1.36359e+11,6.25204e+10,-1.36028e+11
2.59908e+07,264857,2.76454e+06,6.28671e+10,-1.3628e+11,6.26852e+10,-1.35952e+11
2.59972e+07,264339,2.76487e+06,6.30375e+10,-1.36201e+11,6.28499e+10,-1.35877e+11
2.60035e+07,263821,2.7652e+06,6.32078e+10,-1.36122e+11,6.30146e+10,-1.35801e+11
2.60098e+07,263304,2.76553e+06,6.3378e+10,-1.36043e+11,6.31792e+10,-1.35725e+11
2.60161e+07,262788,2.76586e+06,6.35481e+10,-1.35963e+11,6.33438e+10,-1.35649e+11
2.60224e+07,262271,2.76619e+06,6.3718e+10,-1.35884e+11,6.35083e+10,-1.35573e+11
2.60287e+07,261755,2.76652e+06,6.38879e+10,-1.35804e+11,6.36729e+10,-1.35497e+11
2.6035e+07,261239,2.76684e+06,6.40577e+10,-1.35723e+11,6.38373e+10,-1.35421e+11
2.60413e+07,260724,2.76717e+06,6.42274e+10,-1.35643e+11,6.40018e+10,-1.35344e+11
2.60476e+07,260208,2.7675e+06,6.4397e+10,-1.35562e+11,6.41662e+10,-1.35268e+11
2.6054e+07,259693,2.76782e+06,6.45665e+10,-1.35482e+11,6.43306e+10,-1.35191e+11
2.60603e+07,259179,2.76815e+06,6.47358e+10,-1.35401e+11,6.44949e+10,-1.35114e+11
2.60666e+07,258664,2.76847e+06,6.49051e+10,-1.35319e+11,6.46592e+10,-1.35037e+11
2.60729e+07,258150,2.76879e+06,6.50743e+10,-1.35238e+11,6.48235e+10,-1.3496e+11
2.60792e+07,257637,2.76912e+06,6.52434e+10,-1.35156e+11,6.49878e+10,-1.34883e+11
2.60855e+07,257123,2.76944e+06,6.54123e+10,-1.35074e+11,6.5152e+10,-1.34806e+11
2.60918e+07,256610,2.76976e+06,6.55812e+10,-1.34992e+11,6.53163e+10,-1.34729e+11
2.60981e+07,256097,2.77008e+06,6.575e+10,-1.3491e+11,6.54805e+10,-1.34651e+11
2.61044e+07,255585,2.7704e+06,6.59186e+10,-1.34827e+11,6.56446e+10,-1.34573e+11
2.61108e+07,255073,2.77072e+06,6.60872e+10,-1.34745e+11,6.58088e+10,-1.34496e+11
2.61171e+07,254561,2.77104e+06,6.62556e+10,-1.34662e+11,6.59729e+10,-1.34418e+11
2.61234e+07,254050,2.77136e+06,6.6424e+10,-1.34579e+11,6.61371e+10,-1.3434e+11
2.61297e+07,253538,2.77167e+06,6.65922e+10,-1.34495e+11,6.63012e+10,-1.34261e+11
2.6136e+07,253027,2.77199e+06,6.67604e+10,-1.34412e+11,6.64652e+10,-1.34183e+11
2.61423e+07,252517,2.77231e+06,6.69284e+10,-1.34328e+11,6.66293e+10,-1.34104e+11
2.61486e+07,252007,2.77262e+06,6.70963e+10,-1.34244e+11,6.67934e+10,-1.34026e+11
2.61549e+07,251497,2.77294e+06,6.72641e+10,-1.3416e+11,6.69574e+10,-1.33947e+11
2.61613e+07,250987,2.77325e+06,6.74318e+10,-1.34075e+11,6.71215e+10,-1.33868e+11
2.61676e+07,250478,2.77357e+06,6.75994e+10,-1.33991e+11,6.72855e+10,-1.33789e+11
2.61739e+07,249969,2.77388e+06,6.77669e+10,-1.33906e+11,6.74495e+10,-1.3371e+11
2.61802e+07,249460,2.77419e+06,6.79343e+10,-1.33821e+11,6.76135e+10,-1.3363e+11
2.61865e+07,248952,2.7745e+06,6.81016e+10,-1.33735e+11,6.77775e+10,-1.33551e+11
2.61928e+07,248444,2.77482e+06,6.82688e+10,-1.3365e+11,6.79415e+10,-1.33471e+11
2.61991e+07,247936,2.77513e+06,6.84359e+10,-1.33564e+11,6.81055e+10,-1.33391e+11
2.62054e+07,247429,2.77544e+06,6.86028e+10,-1.33478e+11,6.82694e+10,-1.33311e+11
2.62117e+07,246922,2.77574e+06,6.87697e+10,-1.33392e+11,6.84334e+10,-1.33231e+11
2.62181e+07,246415,2.77605e+06,6.89364e+10,-1.33306e+11,6.85974e+10,-1.33151e+11
2.62244e+07,245909,2.77636e+06,6.91031e+10,-1.33219e+11,6.87613e+10,-1.3307e+11
2.62307e+07,245403,2.77667e+06,6.92696e+10,-1.33133e+11,6.89253e+10,-1.3299e+11
2.6237e+07,244897,2.77698e+06,6.9436e+10,-1.33046e+11,6.90893e+10,-1.32909e+11
2.62433e+07,244391,2.77728e+06,6.96023e+10,-1.32959e+11,6.92532e+10,-1.32828e+11
2.62496e+07,243886,2.77759e+06,6.97685e+10,-1.32871e+11,6.94172e+10,-1.32747e+11
2.62559e+07,243382,2.77789e+06,6.99346e+10,-1.32784e+11,6.95811e+10,-1.32665e+11
2.62622e+07,242877,2.7782e+06,7.01006e+10,-1.32696e+11,6.97451e+10,-1.32584e+11
2.62685e+07,242373,2.7785e+06,7.02664e+10,-1.32608e+11,6.9909e+10,-1.32502e+11
2.62749e+07,241869,2.7788e+06,7.04322e+10,-1.3252e+11,7.0073e+10,-1.3242e+11
2.62812e+07,241366,2.77911e+06,7.05978e+10,-1.32431e+11,7.02369e+10,-1.32338e+11
2.62875e+07,240863,2.77941e+06,7.07633e+10,-1.32343e+11,7.04009e+10,-1.32256e+11
2.62938e+07,240360,2.77971e+06,7.09288e+10,-1.32254e+11,7.05648e+10,-1.32174e+11
2.63001e+07,239858,2.78001e+06,7.10941e+10,-1.32165e+11,7.07288e+10,-1.32091e+11
2.63064e+07,239356,2.78031e+06,7.12593e+10,-1.32076e+11,7.08927e+10,-1.32009e+11
2.63127e+07,238854,2.78061e+06,7.14243e+10,-1.31986e+11,7.10567e+10,-1.31926e+11
2.6319e+07,238353,2.78091e+06,7.15893e+10,-1.31897e+11,7.12206e+10,-1.31842e+11
2.63253e+07,237852,2.7812e+06,7.17542e+10,-1.31807e+11,7.13846e+10,-1.31759e+11
2.63317e+07,237351,2.7815e+06,7.19189e+10,-1.31717e+11,7.15485e+10,-1.31676e+11
2.6338e+07,236851,2.7818e+06,7.20835e+10,-1.31627e+11,7.17125e+10,-1.31592e+11
2.63443e+07,236351,2.78209e+06,7.2248e+10,-1.31536e+11,7.18764e+10,-1.31508e+11
2.63506e+07,235851,2.78239e+06,7.24124e+10,-1.31445e+11,7.20404e+10,-1.31424e+11
2.63569e+07,235352,2.78268e+06,7.25767e+10,-1.31355e+11,7.22044e+10,-1.3134e+11
2.63632e+07,234853,2.78298e+06,7.27409e+10,-1.31264e+11,7.23683e+10,-1.31255e+11
2.63695e+07,234354,2.78327e+06,7.29049e+10,-1.31172e+11,7.25323e+10,-1.3117e+11
2.63758e+07,233856,2.78356e+06,7.30689e+10,-1.31081e+11,7.26962e+10,-1.31086e+11
2.63822e+07,233358,2.78386e+06,7.32327e+10,-1.30989e+11,7.28602e+10,-1.31e+11
2.63885e+07,232860,2.78415e+06,7.33964e+10,-1.30897e+11,7.30242e+10,-1.30915e+11
2.63948e+07,232363,2.78444e+06,7.356e+10,-1.30805e+11,7.31881e+10,-1.3083e+11
2.64011e+07,231866,2.78473e+06,7.37235e+10,-1.30713e+11,7.33521e+10,-1.30744e+11
2.64074e+07,231370,2.78502e+06,7.38868e+10,-1.3062e+11,7.3516e+10,-1.30658e+11
2.64137e+07,230874,2.78531e+06,7.40501e+10,-1.30528e+11,7.368e+10,-1.30572e+11
2.642e+07,230378,2.7856e+06,7.42132e+10,-1.30435e+11,7.3844e+10,-1.30485e+11
2.64263e+07,229882,2.78589e+06,7.43762e+10,-1.30342e+11,7.40079e+10,-1.30399e+11
2.64326e+07,229387,2.78617e+06,7.45391e+10,-1.30248e+11,7.41719e+10,-1.30312e+11
2.6439e+07,228892,2.78646e+06,7.47018e+10,-1.30155e+11,7.43358e+10,-1.30225e+11
2.64453e+07,228398,2.78675e+06,7.48645e+10,-1.30061e+11,7.44997e+10,-1.30138e+11
2.64516e+07,227904,2.78703e+06,7.5027e+10,-1.29967e+11,7.46637e+10,-1.3005e+11
2.64579e+07,227410,2.78732e+06,7.51894e+10,-1.29873e+11,7.48276e+10,-1.29962e+11
2.64642e+07,226917,2.7876e+06,7.53517e+10,-1.29779e+11,7.49915e+10,-1.29874e+11
2.64705e+07,226424,2.78788e+06,7.55139e+10,-1.29684e+11,7.51555e+10,-1.29786e+11
2.64768e+07,225931,2.78817e+06,7.5676e+10,-1.29589e+11,7.53194e+10,-1.29698e+11
2.64831e+07,225439,2.78845e+06,7.58379e+10,-1.29494e+11,7.54833e+10,-1.29609e+11
2.64894e+07,224947,2.78873e+06,7.59997e+10,-1.29399e+11,7.56472e+10,-1.2952e+11
2.64958e+07,224455,2.78901e+06,7.61614e+10,-1.29304e+11,7.5811e+10,-1.29431e+11
2.65021e+07,223964,2.78929e+06,7.6323e+10,-1.29208e+11,7.59749e+10,-1.29342e+11
2.65084e+07,223473,2.78957e+06,7.64844e+10,-1.29113e+11,7.61388e+10,-1.29252e+11
2.65147e+07,222983,2.78985e+06,7.66458e+10,-1.29017e+11,7.63026e+10,-1.29162e+11
2.6521e+07,222493,2.79013e+06,7.6807e+10,-1.2892e+11,7.64664e+10,-1.29072e+11
2.65273e+07,222003,2.79041e+06,7.69681e+10,-1.28824e+11,7.66303e+10,-1.28982e+11
2.65336e+07,221514,2.79069e+06,7.7129e+10,-1.28727e+11,7.67941e+10,-1.28891e+11
2.65399e+07,221025,2.79096e+06,7.72899e+10,-1.28631e+11,7.69578e+10,-1.288e+11
2.65463e+07,220536,2.79124e+06,7.74506e+10,-1.28534e+11,7.71216e+10,-1.28709e+11
2.65526e+07,220048,2.79152e+06,7.76112e+10,-1.28437e+11,7.72853e+10,-1.28617e+11
2.65589e+07,219560,2.79179e+06,7.77717e+10,-1.28339e+11,7.74491e+10,-1.28526e+11
2.65652e+07,219073,2.79206e+06,7.79321e+10,-1.28242e+11,7.76128e+10,-1.28434e+11
2.65715e+07,218585,2.79234e+06,7.80923e+10,-1.28144e+11,7.77764e+10,-1.28342e+11
2.65778e+07,218099,2.79261e+06,7.82524e+10,-1.28046e+11,7.79401e+10,-1.28249e+11
2.65841e+07,217612,2.79288e+06,7.84124e+10,-1.27948e+11,7.81037e+10,-1.28157e+11
2.65904e+07,217126,2.79316e+06,7.85723e+10,-1.27849e+11,7.82673e+10,-1.28064e+11
2.65967e+07,216640,2.79343e+06,7.8732e+10,-1.27751e+11,7.84309e+10,-1.2797e+11
2.66031e+07,216155,2.7937e+06,7.88916e+10,-1.27652e+11,7.85944e+10,-1.27877e+11
2.66094e+07,215670,2.79397e+06,7.90511e+10,-1.27553e+11,7.87579e+10,-1.27783e+11
2.66157e+07,215186,2.79424e+06,7.92105e+10,-1.27454e+11,7.89214e+10,-1.27689e+11
2.6622e+07,214702,2.79451e+06,7.93697e+10,-1.27355e+11,7.90848e+10,-1.27595e+11
2.66283e+07,214218,2.79478e+06,7.95288e+10,-1.27255e+11,7.92482e+10,-1.275e+11
2.66346e+07,213734,2.79504e+06,7.96878e+10,-1.27155e+11,7.94116e+10,-1.27405e+11
2.66409e+07,213251,2.79531e+06,7.98467e+10,-1.27055e+11,7.95749e+10,-1.2731e+11
2.66472e+07,212769,2.79558e+06,8.00054e+10,-1.26955e+11,7.97382e+10,-1.27215e+11
2.66535e+07,212286,2.79584e+06,8.01641e+10,-1.26855e+11,7.99015e+10,-1.27119e+11
2.66599e+07,211805,2.79611e+06,8.03225e+10,-1.26754e+11,8.00646e+10,-1.27023e+11
2.66662e+07,211323,2.79637e+06,8.04809e+10,-1.26654e+11,8.02278e+10,-1.26927e+11
2.66725e+07,210842,2.79664e+06,8.06391e+10,-1.26553e+11,8.03909e+10,-1.26831e+11
2.66788e+07,210361,2.7969e+06,8.07972e+10,-1.26452e+11,8.0554e+10,-1.26734e+11
2.66851e+07,209881,2.79716e+06,8.09552e+10,-1.2635e+11,8.0717e+10,-1.26637e+11
2.66914e+07,209401,2.79743e+06,8.11131e+10,-1.26249e+11,8.08799e+10,-1.26539e+11
2.66977e+07,208921,2.79769e+06,8.12708e+10,-1.26147e+11,8.10428e+10,-1.26442e+11
2.6704e+07,208442,2.79795e+06,8.14284e+10,-1.26045e+11,8.12057e+10,-1.26344e+11
2.67104e+07,207963,2.79821e+06,8.15859e+10,-1.25943e+11,8.13684e+10,-1.26246e+11
2.67167e+07,207485,2.79847e+06,8.17432e+10,-1.25841e+11,8.15312e+10,-1.26147e+11
2.6723e+07,207007,2.79873e+06,8.19004e+10,-1.25738e+11,8.16938e+10,-1.26048e+11
2.67293e+07,206529,2.79899e+06,8.20575e+10,-1.25636e+11,8.18564e+10,-1.25949e+11
2.67356e+07,206052,2.79925e+06,8.22145e+10,-1.25533e+11,8.20189e+10,-1.2585e+11
2.67419e+07,205575,2.7995e+06,8.23713e+10,-1.2543e+11,8.21814e+10,-1.2575e+11
2.67482e+07,205099,2.79976e+06,8.2528e+10,-1.25326e+11,8.23438e+10,-1.2565e+11
2.67545e+07,204622,2.80002e+06,8.26845e+10,-1.25223e+11,8.25061e+10,-1.2555e+11
2.67608e+07,204147,2.80027e+06,8.2841e+10,-1.25119e+11,8.26684e+10,-1.25449e+11
2.67672e+07,203671,2.80053e+06,8.29973e+10,-1.25015e+11,8.28305e+10,-1.25348e+11
2.67735e+07,203197,2.80078e+06,8.31534e+10,-1.24911e+11,8.29926e+10,-1.25247e+11
2.67798e+07,202722,2.80104e+06,8.33095e+10,-1.24807e+11,8.31546e+10,-1.25146e+11
2.67861e+07,202248,2.80129e+06,8.34654e+10,-1.24703e+11,8.33166e+10,-1.25044e+11
2.67924e+07,201774,2.80154e+06,8.36212e+10,-1.24598e+11,8.34784e+10,-1.24942e+11
2.67987e+07,201301,2.80179e+06,8.37768e+10,-1.24493e+11,8.36402e+10,-1.24839e+11
2.6805e+07,200828,2.80205e+06,8.39324e+10,-1.24388e+11,8.38018e+10,-1.24737e+11
2.68113e+07,200355,2.8023e+06,8.40877e+10,-1.24283e+11,8.39634e+10,-1.24634e+11
2.68176e+07,199883,2.80255e+06,8.4243e+10,-1.24177e+11,8.41249e+10,-1.24531e+11
2.6824e+07,199412,2.8028e+06,8.43981e+10,-1.24072e+11,8.42863e+10,-1.24427e+11
2.68303e+07,198940,2.80305e+06,8.45531e+10,-1.23966e+11,8.44476e+10,-1.24323e+11
2.68366e+07,198469,2.8033e+06,8.4708e+10,-1.2386e+11,8.46088e+10,-1.24219e+11
2.68429e+07,197999,2.80354e+06,8.48627e+10,-1.23754e+11,8.47699e+10,-1.24114e+11
2.68492e+07,197529,2.80379e+06,8.50173e+10,-1.23647e+11,8.49309e+10,-1.2401e+11
2.68555e+07,197059,2.80404e+06,8.51717e+10,-1.23541e+11,8.50918e+10,-1.23905e+11
2.68618e+07,196590,2.80428e+06,8.53261e+10,-1.23434e+11,8.52526e+10,-1.23799e+11
2.68681e+07,196121,2.80453e+06,8.54803e+10,-1.23327e+11,8.54132e+10,-1.23693e+11
2.68745e+07,195652,2.80477e+06,8.56343e+10,-1.2322e+11,8.55738e+10,-1.23587e+11
2.68808e+07,195184,2.80502e+06,8.57882e+10,-1.23113e+11,8.57342e+10,-1.23481e+11
2.68871e+07,194717,2.80526e+06,8.5942e+10,-1.23005e+11,8.58946e+10,-1.23374e+11
2.68934e+07,194249,2.80551e+06,8.60957e+10,-1.22897e+11,8.60548e+10,-1.23268e+11
2.68997e+07,193783,2.80575e+06,8.62492e+10,-1.22789e+11,8.62149e+10,-1.2316e+11
2.6906e+07,193316,2.80599e+06,8.64026e+10,-1.22681e+11,8.63748e+10,-1.23053e+11
2.69123e+07,192850,2.80623e+06,8.65558e+10,-1.22573e+11,8.65347e+10,-1.22945e+11
2.69186e+07,192384,2.80647e+06,8.67089e+10,-1.22465e+11,8.66944e+10,-1.22837e+11
2.69249e+07,191919,2.80671e+06,8.68619e+10,-1.22356e+11,8.6854e+10,-1.22728e+11
2.69313e+07,191454,2.80695e+06,8.70148e+10,-1.22247e+11,8.70134e+10,-1.2262e+11
2.69376e+07,190990,2.80719e+06,8.71675e+10,-1.22138e+11,8.71727e+10,-1.22511e+11
2.69439e+07,190526,2.80743e+06,8.732e+10,-1.22029e+11,8.73319e+10,-1.22401e+11
2.69502e+07,190062,2.80767e+06,8.74725e+10,-1.21919e+11,8.74909e+10,-1.22291e+11
2.69565e+07,189599,2.80791e+06,8.76248e+10,-1.2181e+11,8.76498e+10,-1.22182e+11
2.69628e+07,189137,2.80815e+06,8.77769e+10,-1.217e+11,8.78086e+10,-1.22071e+11
2.69691e+07,188674,2.80838e+06,8.7929e+10,-1.2159e+11,8.79672e+10,-1.21961e+11
2.69754e+07,188212,2.80862e+06,8.80808e+10,-1.2148e+11,8.81256e+10,-1.2185e+11
2.69817e+07,187751,2.80885e+06,8.82326e+10,-1.21369e+11,8.82839e+10,-1.21739e+11
2.69881e+07,187290,2.80909e+06,8.83842e+10,-1.21259e+11,8.84421e+10,-1.21627e+11
2.69944e+07,186829,2.80932e+06,8.85357e+10,-1.21148e+11,8.86001e+10,-1.21515e+11
2.70007e+07,186369,2.80955e+06,8.8687e+10,-1.21037e+11,8.87579e+10,-1.21403e+11
2.7007e+07,185909,2.80979e+06,8.88382e+10,-1.20926e+11,8.89156e+10,-1.21291e+11
2.70133e+07,185450,2.81002e+06,8.89892e+10,-1.20815e+11,8.90731e+10,-1.21178e+11
2.70196e+07,184991,2.81025e+06,8.91402e+10,-1.20703e+11,8.92305e+10,-1.21065e+11
2.70259e+07,184532,2.81048e+06,8.92909e+10,-1.20591e+11,8.93877e+10,-1.20952e+11
2.70322e+07,184074,2.81071e+06,8.94416e+10,-1.2048e+11,8.95447e+10,-1.20838e+11
2.70386e+07,183617,2.81094e+06,8.95921e+10,-1.20368e+11,8.97015e+10,-1.20724e+11
2.70449e+07,183159,2.81117e+06,8.97424e+10,-1.20255e+11,8.98582e+10,-1.2061e+11
2.70512e+07,182703,2.8114e+06,8.98927e+10,-1.20143e+11,9.00147e+10,-1.20496e+11
2.70575e+07,182246,2.81163e+06,9.00427e+10,-1.2003e+11,9.0171e+10,-1.20381e+11
2.70638e+07,181790,2.81186e+06,9.01927e+10,-1.19917e+11,9.03272e+10,-1.20266e+11
2.70701e+07,181335,2.81209e+06,9.03425e+10,-1.19804e+11,9.04831e+10,-1.2015e+11
2.70764e+07,180880,2.81231e+06,9.04921e+10,-1.19691e+11,9.06389e+10,-1.20035e+11
2.70827e+07,180425,2.81254e+06,9.06416e+10,-1.19578e+11,9.07945e+10,-1.19919e+11
2.7089e+07,179971,2.81276e+06,9.0791e+10,-1.19464e+11,9.09499e+10,-1.19803e+11
2.70954e+07,179517,2.81299e+06,9.09403e+10,-1.19351e+11,9.11051e+10,-1.19686e+11
2.71017e+07,179064,2.81321e+06,9.10893e+10,-1.19237e+11,9.12602e+10,-1.19569e+11
2.7108e+07,178611,2.81344e+06,9.12383e+10,-1.19122e+11,9.1415e+10,-1.19452e+11
2.71143e+07,178158,2.81366e+06,9.13871e+10,-1.19008e+11,9.15696e+10,-1.19335e+11
2.71206e+07,177706,2.81388e+06,9.15358e+10,-1.18894e+11,9.17241e+10,-1.19217e+11
2.71269e+07,177254,2.8141e+06,9.16843e+10,-1.18779e+11,9.18783e+10,-1.19099e+11
2.71332e+07,176803,2.81433e+06,9.18327e+10,-1.18664e+11,9.20323e+10,-1.18981e+11
2.71395e+07,176352,2.81455e+06,9.19809e+10,-1.18549e+11,9.21862e+10,-1.18862e+11
2.71458e+07,175902,2.81477e+06,9.2129e+10,-1.18434e+11,9.23398e+10,-1.18744e+11
2.71522e+07,175452,2.81499e+06,9.2277e+10,-1.18319e+11,9.24932e+10,-1.18625e+11
2.71585e+07,175003,2.81521e+06,9.24248e+10,-1.18203e+11,9.26465e+10,-1.18505e+11
2.71648e+07,174554,2.81543e+06,9.25724e+10,-1.18087e+11,9.27995e+10,-1.18386e+11
2.71711e+07,174105,2.81564e+06,9.272e+10,-1.17971e+11,9.29522e+10,-1.18266e+11
2.71774e+07,173657,2.81586e+06,9.28673e+10,-1.17855e+11,9.31048e+10,-1.18146e+11
2.71837e+07,173209,2.81608e+06,9.30146e+10,-1.17739e+11,9.32572e+10,-1.18025e+11
2.719e+07,172762,2.81629e+06,9.31616e+10,-1.17622e+11,9.34093e+10,-1.17904e+11
2.71963e+07,172315,2.81651e+06,9.33086e+10,-1.17506e+11,9.35613e+10,-1.17783e+11
2.72027e+07,171869,2.81673e+06,9.34554e+10,-1.17389e+11,9.3713e+10,-1.17662e+11
2.7209e+07,171423,2.81694e+06,9.3602e+10,-1.17272e+11,9.38644e+10,-1.17541e+11
2.72153e+07,170978,2.81716e+06,9.37485e+10,-1.17154e+11,9.40157e+10,-1.17419e+11
2.72216e+07,170532,2.81737e+06,9.38949e+10,-1.17037e+11,9.41667e+10,-1.17297e+11
2.72279e+07,170088,2.81758e+06,9.40411e+10,-1.16919e+11,9.43175e+10,-1.17175e+11
2.72342e+07,169644,2.81779e+06,9.41872e+10,-1.16802e+11,9.44681e+10,-1.17052e+11
2.72405e+07,169200,2.81801e+06,9.43331e+10,-1.16684e+11,9.46185e+10,-1.16929e+11
2.72468e+07,168757,2.81822e+06,9.44789e+10,-1.16565e+11,9.47686e+10,-1.16806e+11
2.72531e+07,168314,2.81843e+06,9.46245e+10,-1.16447e+11,9.49185e+10,-1.16683e+11
2.72595e+07,167872,2.81864e+06,9.477e+10,-1.16329e+11,9.50681e+10,-1.16559e+11
2.72658e+07,167430,2.81885e+06,9.49153e+10,-1.1621e+11,9.52175e+10,-1.16436e+11
2.72721e+07,166988,2.81906e+06,9.50605e+10,-1.16091e+11,9.53667e+10,-1.16311e+11
2.72784e+07,166547,2.81927e+06,9.52056e+10,-1.15972e+11,9.55156e+10,-1.16187e+11
2.72847e+07,166107,2.81948e+06,9.53505e+10,-1.15853e+11,9.56643e+10,-1.16063e+11
2.7291e+07,165667,2.81968e+06,9.54952e+10,-1.15733e+11,9.58128e+10,-1.15938e+11
2.72973e+07,165227,2.81989e+06,9.56398e+10,-1.15614e+11,9.5961e+10,-1.15813e+11
2.73036e+07,164788,2.8201e+06,9.57842e+10,-1.15494e+11,9.61089e+10,-1.15688e+11
2.73099e+07,164349,2.8203e+06,9.59285e+10,-1.15374e+11,9.62567e+10,-1.15562e+11
2.73163e+07,163911,2.82051e+06,9.60727e+10,-1.15254e+11,9.64041e+10,-1.15436e+11
2.73226e+07,163473,2.82071e+06,9.62167e+10,-1.15134e+11,9.65514e+10,-1.1531e+11
2.73289e+07,163036,2.82092e+06,9.63605e+10,-1.15013e+11,9.66983e+10,-1.15184e+11
2.73352e+07,162599,2.82112e+06,9.65042e+10,-1.14892e+11,9.68451e+10,-1.15058e+11
2.73415e+07,162163,2.82132e+06,9.66478e+10,-1.14772e+11,9.69916e+10,-1.14931e+11
2.73478e+07,161727,2.82153e+06,9.67912e+10,-1.14651e+11,9.71378e+10,-1.14804e+11
2.73541e+07,161291,2.82173e+06,9.69345e+10,-1.14529e+11,9.72838e+10,-1.14677e+11
2.73604e+07,160856,2.82193e+06,9.70776e+10,-1.14408e+11,9.74295e+10,-1.1455e+11
2.73668e+07,160421,2.82213e+06,9.72205e+10,-1.14286e+11,9.7575e+10,-1.14422e+11
2.73731e+07,159987,2.82233e+06,9.73633e+10,-1.14165e+11,9.77202e+10,-1.14294e+11
2.73794e+07,159554,2.82253e+06,9.7506e+10,-1.14043e+11,9.78652e+10,-1.14166e+11
2.73857e+07,159120,2.82273e+06,9.76485e+10,-1.13921e+11,9.80099e+10,-1.14038e+11
2.7392e+07,158688,2.82293e+06,9.77908e+10,-1.13798e+11,9.81543e+10,-1.1391e+11
2.73983e+07,158255,2.82313e+06,9.7933e+10,-1.13676e+11,9.82985e+10,-1.13781e+11
2.74046e+07,157824,2.82333e+06,9.8075e+10,-1.13553e+11,9.84424e+10,-1.13652e+11
2.74109e+07,157392,2.82352e+06,9.82169e+10,-1.1343e+11,9.85861e+10,-1.13523e+11
2.74172e+07,156961,2.82372e+06,9.83587e+10,-1.13307e+11,9.87295e+10,-1.13394e+11
2.74236e+07,156531,2.82392e+06,9.85003e+10,-1.13184e+11,9.88727e+10,-1.13265e+11
2.74299e+07,156101,2.82411e+06,9.86417e+10,-1.13061e+11,9.90156e+10,-1.13135e+11
2.74362e+07,155672,2.82431e+06,9.8783e+10,-1.12937e+11,9.91582e+10,-1.13005e+11
2.74425e+07,155243,2.8245e+06,9.89241e+10,-1.12814e+11,9.93006e+10,-1.12875e+11
2.74488e+07,154814,2.8247e+06,9.90651e+10,-1.1269e+11,9.94427e+10,-1.12745e+11
2.74551e+07,154386,2.82489e+06,9.92059e+10,-1.12566e+11,9.95846e+10,-1.12615e+11
2.74614e+07,153959,2.82508e+06,9.93465e+10,-1.12442e+11,9.97261e+10,-1.12484e+11
2.74677e+07,153531,2.82527e+06,9.94871e+10,-1.12317e+11,9.98675e+10,-1.12353e+11
2.7474e+07,153105,2.82547e+06,9.96274e+10,-1.12193e+11,1.00009e+11,-1.12222e+11
2.74804e+07,152679,2.82566e+06,9.97676e+10,-1.12068e+11,1.00149e+11,-1.12091e+11
2.74867e+07,152253,2.82585e+06,9.99077e+10,-1.11943e+11,1.0029e+11,-1.1196e+11
2.7493e+07,151828,2.82604e+06,1.00048e+11,-1.11818e+11,1.0043e+11,-1.11828e+11
2.74993e+07,151403,2.82623e+06,1.00187e+11,-1.11693e+11,1.0057e+11,-1.11697e+11
2.75056e+07,150979,2.82642e+06,1.00327e+11,-1.11567e+11,1.0071e+11,-1.11565e+11
2.75119e+07,150555,2.82661e+06,1.00466e+11,-1.11441e+11,1.00849e+11,-1.11433e+11
2.75182e+07,150132,2.82679e+06,1.00606e+11,-1.11316e+11,1.00989e+11,-1.113e+11
2.75245e+07,149709,2.82698e+06,1.00745e+11,-1.1119e+11,1.01127e+11,-1.11168e+11
2.75309e+07,149286,2.82717e+06,1.00884e+11,-1.11064e+11,1.01266e+11,-1.11036e+11
2.75372e+07,148865,2.82736e+06,1.01022e+11,-1.10937e+11,1.01405e+11,-1.10903e+11
2.75435e+07,148443,2.82754e+06,1.01161e+11,-1.10811e+11,1.01543e+11,-1.1077e+11
2.75498e+07,148022,2.82773e+06,1.013e+11,-1.10684e+11,1.01681e+11,-1.10637e+11
2.75561e+07,147602,2.82791e+06,1.01438e+11,-1.10557e+11,1.01818e+11,-1.10504e+11
2.75624e+07,147182,2.8281e+06,1.01576e+11,-1.1043e+11,1.01956e+11,-1.1037e+11
2.75687e+07,146763,2.82828e+06,1.01714e+11,-1.10303e+11,1.02093e+11,-1.10237e+11
2.7575e+07,146344,2.82846e+06,1.01852e+11,-1.10176e+11,1.02229e+11,-1.10103e+11
2.75813e+07,145925,2.82865e+06,1.0199e+11,-1.10048e+11,1.02366e+11,-1.09969e+11
2.75877e+07,145507,2.82883e+06,1.02127e+11,-1.0992e+11,1.02502e+11,-1.09835e+11
2.7594e+07,145090,2.82901e+06,1.02265e+11,-1.09793e+11,1.02638e+11,-1.09701e+11
2.76003e+07,144672,2.82919e+06,1.02402e+11,-1.09665e+11,1.02774e+11,-1.09567e+11
2.76066e+07,144256,2.82937e+06,1.02539e+11,-1.09536e+11,1.0291e+11,-1.09433e+11
2.76129e+07,143840,2.82955e+06,1.02676e+11,-1.09408e+11,1.03045e+11,-1.09298e+11
2.76192e+07,143424,2.82973e+06,1.02813e+11,-1.09279e+11,1.0318e+11,-1.09164e+11
2.76255e+07,143009,2.82991e+06,1.02949e+11,-1.09151e+11,1.03315e+11,-1.09029e+11
2.76318e+07,142595,2.83009e+06,1.03086e+11,-1.09022e+11,1.03449e+11,-1.08894e+11
2.76381e+07,142181,2.83027e+06,1.03222e+11,-1.08893e+11,1.03583e+11,-1.08759e+11
2.76445e+07,141767,2.83045e+06,1.03358e+11,-1.08763e+11,1.03717e+11,-1.08623e+11
2.76508e+07,141354,2.83062e+06,1.03494e+11,-1.08634e+11,1.03851e+11,-1.08488e+11
2.76571e+07,140941,2.8308e+06,1.0363e+11,-1.08504e+11,1.03984e+11,-1.08353e+11
2.76634e+07,140529,2.83098e+06,1.03765e+11,-1.08375e+11,1.04117e+11,-1.08217e+11
2.76697e+07,140117,2.83115e+06,1.03901e+11,-1.08245e+11,1.0425e+11,-1.08081e+11
2.7676e+07,139706,2.83133e+06,1.04036e+11,-1.08115e+11,1.04383e+11,-1.07945e+11
2.76823e+07,139296,2.8315e+06,1.04171e+11,-1.07984e+11,1.04515e+11,-1.07809e+11
2.76886e+07,138885,2.83168e+06,1.04306e+11,-1.07854e+11,1.04647e+11,-1.07673e+11
2.76949e+07,138476,2.83185e+06,1.04441e+11,-1.07723e+11,1.04779e+11,-1.07537e+11
2.77013e+07,138067,2.83202e+06,1.04576e+11,-1.07592e+11,1.04911e+11,-1.07401e+11
2.77076e+07,137658,2.8322e+06,1.0471e+11,-1.07461e+11,1.05042e+11,-1.07264e+11
2.77139e+07,137250,2.83237e+06,1.04844e+11,-1.0733e+11,1.05173e+11,-1.07128e+11
2.77202e+07,136842,2.83254e+06,1.04979e+11,-1.07199e+11,1.05304e+11,-1.06991e+11
2.77265e+07,136435,2.83271e+06,1.05113e+11,-1.07068e+11,1.05435e+11,-1.06854e+11
2.77328e+07,136028,2.83288e+06,1.05246e+11,-1.06936e+11,1.05565e+11,-1.06717e+11
2.77391e+07,135622,2.83305e+06,1.0538e+11,-1.06804e+11,1.05695e+11,-1.0658e+11
2.77454e+07,135216,2.83322e+06,1.05514e+11,-1.06672e+11,1.05825e+11,-1.06443e+11
2.77518e+07,134811,2.83339e+06,1.05647e+11,-1.0654e+11,1.05954e+11,-1.06306e+11
2.77581e+07,134407,2.83356e+06,1.0578e+11,-1.06408e+11,1.06084e+11,-1.06169e+11
2.77644e+07,134002,2.83373e+06,1.05913e+11,-1.06275e+11,1.06213e+11,-1.06031e+11
2.77707e+07,133599,2.83389e+06,1.06046e+11,-1.06143e+11,1.06341e+11,-1.05894e+11
2.7777e+07,133196,2.83406e+06,1.06179e+11,-1.0601e+11,1.0647e+11,-1.05756e+11
2.77833e+07,132793,2.83423e+06,1.06311e+11,-1.05877e+11,1.06598e+11,-1.05619e+11
2.77896e+07,132391,2.83439e+06,1.06444e+11,-1.05744e+11,1.06726e+11,-1.05481e+11
2.77959e+07,131989,2.83456e+06,1.06576e+11,-1.05611e+11,1.06854e+11,-1.05343e+11
2.78022e+07,131588,2.83472e+06,1.06708e+11,-1.05477e+11,1.06982e+11,-1.05205e+11
2.78086e+07,131187,2.83489e+06,1.0684e+11,-1.05343e+11,1.07109e+11,-1.05067e+11
2.78149e+07,130787,2.83505e+06,1.06971e+11,-1.0521e+11,1.07236e+11,-1.04929e+11
2.78212e+07,130388,2.83521e+06,1.07103e+11,-1.05076e+11,1.07363e+11,-1.04791e+11
2.78275e+07,129989,2.83538e+06,1.07234e+11,-1.04942e+11,1.0749e+11,-1.04652e+11
2.78338e+07,129590,2.83554e+06,1.07366e+11,-1.04807e+11,1.07616e+11,-1.04514e+11
2.78401e+07,129192,2.8357e+06,1.07497e+11,-1.04673e+11,1.07742e+11,-1.04375e+11
2.78464e+07,128794,2.83586e+06,1.07627e+11,-1.04538e+11,1.07868e+11,-1.04237e+11
2.78527e+07,128397,2.83602e+06,1.07758e+11,-1.04403e+11,1.07994e+11,-1.04098e+11
2.7859e+07,128001,2.83618e+06,1.07889e+11,-1.04269e+11,1.08119e+11,-1.03959e+11
2.78654e+07,127605,2.83634e+06,1.08019e+11,-1.04133e+11,1.08244e+11,-1.03821e+11
2.78717e+07,127209,2.8365e+06,1.08149e+11,-1.03998e+11,1.08369e+11,-1.03682e+11
2.7878e+07,126814,2.83666e+06,1.08279e+11,-1.03863e+11,1.08494e+11,-1.03543e+11
2.78843e+07,126420,2.83682e+06,1.08409e+11,-1.03727e+11,1.08619e+11,-1.03404e+11
2.78906e+07,126026,2.83698e+06,1.08539e+11,-1.03591e+11,1.08743e+11,-1.03265e+11
2.78969e+07,125632,2.83714e+06,1.08668e+11,-1.03455e+11,1.08867e+11,-1.03126e+11
2.79032e+07,125239,2.83729e+06,1.08798e+11,-1.03319e+11,1.08991e+11,-1.02986e+11
2.79095e+07,124847,2.83745e+06,1.08927e+11,-1.03183e+11,1.09114e+11,-1.02847e+11
2.79159e+07,124455,2.83761e+06,1.09056e+11,-1.03047e+11,1.09238e+11,-1.02708e+11
2.79222e+07,124064,2.83776e+06,1.09185e+11,-1.0291e+11,1.09361e+11,-1.02568e+11
2.79285e+07,123673,2.83792e+06,1.09313e+11,-1.02773e+11,1.09484e+11,-1.02429e+11
2.79348e+07,123282,2.83807e+06,1.09442e+11,-1.02636e+11,1.09607e+11,-1.02289e+11
2.79411e+07,122893,2.83823e+06,1.0957e+11,-1.02499e+11,1.09729e+11,-1.02149e+11
2.79474e+07,122503,2.83838e+06,1.09698e+11,-1.02362e+11,1.09851e+11,-1.0201e+11
2.79537e+07,122115,2.83853e+06,1.09826e+11,-1.02225e+11,1.09974e+11,-1.0187e+11
2.796e+07,121726,2.83868e+06,1.09954e+11,-1.02087e+11,1.10095e+11,-1.0173e+11
2.79663e+07,121339,2.83884e+06,1.10082e+11,-1.01949e+11,1.10217e+11,-1.0159e+11
2.79727e+07,120951,2.83899e+06,1.10209e+11,-1.01812e+11,1.10338e+11,-1.0145e+11
2.7979e+07,120565,2.83914e+06,1.10337e+11,-1.01674e+11,1.1046e+11,-1.0131e+11
2.79853e+07,120178,2.83929e+06,1.10464e+11,-1.01535e+11,1.10581e+11,-1.0117e+11
2.79916e+07,119793,2.83944e+06,1.10591e+11,-1.01397e+11,1.10701e+11,-1.0103e+11
2.79979e+07,119408,2.83959e+06,1.10717e+11,-1.01259e+11,1.10822e+11,-1.0089e+11
2.80042e+07,119023,2.83974e+06,1.10844e+11,-1.0112e+11,1.10942e+11,-1.0075e+11
2.80105e+07,118639,2.83989e+06,1.1097e+11,-1.00981e+11,1.11063e+11,-1.00609e+11
2.80168e+07,118256,2.84004e+06,1.11097e+11,-1.00842e+11,1.11183e+11,-1.00469e+11
2.80231e+07,117873,2.84018e+06,1.11223e+11,-1.00703e+11,1.11302e+11,-1.00329e+11
2.80295e+07,117490,2.84033e+06,1.11349e+11,-1.00564e+11,1.11422e+11,-1.00188e+11
2.80358e+07,117108,2.84048e+06,1.11474e+11,-1.00424e+11,1.11541e+11,-1.00048e+11
2.80421e+07,116727,2.84062e+06,1.116e+11,-1.00284e+11,1.11661e+11,-9.99073e+10
2.80484e+07,116346,2.84077e+06,1.11725e+11,-1.00145e+11,1.1178e+11,-9.97667e+10
2.80547e+07,115965,2.84092e+06,1.11851e+11,-1.00005e+11,1.11899e+11,-9.96261e+10
2.8061e+07,115586,2.84106e+06,1.11976e+11,-9.98647e+10,1.12017e+11,-9.94854e+10
2.80673e+07,115206,2.8412e+06,1.121e+11,-9.97244e+10,1.12136e+11,-9.93447e+10
2.80736e+07,114828,2.84135e+06,1.12225e+11,-9.9584e+10,1.12254e+11,-9.92039e+10
2.808e+07,114449,2.84149e+06,1.1235e+11,-9.94434e+10,1.12372e+11,-9.90631e+10
2.80863e+07,114072,2.84164e+06,1.12474e+11,-9.93027e+10,1.1249e+11,-9.89222e+10
2.80926e+07,113695,2.84178e+06,1.12598e+11,-9.91618e+10,1.12608e+11,-9.87813e+10
2.80989e+07,113318,2.84192e+06,1.12722e+11,-9.90207e+10,1.12725e+11,-9.86403e+10
2.81052e+07,112942,2.84206e+06,1.12846e+11,-9.88795e+10,1.12842e+11,-9.84993e+10
2.81115e+07,112566,2.8422e+06,1.1297e+11,-9.87382e+10,1.1296e+11,-9.83583e+10
2.81178e+07,112191,2.84234e+06,1.13093e+11,-9.85967e+10,1.13077e+11,-9.82172e+10
2.81241e+07,111817,2.84248e+06,1.13216e+11,-9.8455e+10,1.13193e+11,-9.8076e+10
2.81304e+07,111443,2.84262e+06,1.13339e+11,-9.83132e+10,1.1331e+11,-9.79348e+10
2.81368e+07,111070,2.84276e+06,1.13462e+11,-9.81712e+10,1.13427e+11,-9.77936e+10
2.81431e+07,110697,2.8429e+06,1.13585e+11,-9.80291e+10,1.13543e+11,-9.76523e+10
2.81494e+07,110324,2.84304e+06,1.13708e+11,-9.78868e+10,1.13659e+11,-9.7511e+10
2.81557e+07,109953,2.84318e+06,1.1383e+11,-9.77444e+10,1.13775e+11,-9.73696e+10
2.8162e+07,109581,2.84331e+06,1.13952e+11,-9.76018e+10,1.13891e+11,-9.72282e+10
2.81683e+07,109211,2.84345e+06,1.14074e+11,-9.7459e+10,1.14007e+11,-9.70868e+10
2.81746e+07,108841,2.84359e+06,1.14196e+11,-9.73161e+10,1.14122e+11,-9.69453e+10
2.81809e+07,108471,2.84372e+06,1.14318e+11,-9.71731e+10,1.14237e+11,-9.68038e+10
2.81872e+07,108102,2.84386e+06,1.14439e+11,-9.70298e+10,1.14353e+11,-9.66622e+10
2.81936e+07,107733,2.84399e+06,1.14561e+11,-9.68865e+10,1.14468e+11,-9.65205e+10
2.81999e+07,107365,2.84413e+06,1.14682e+11,-9.6743e+10,1.14583e+11,-9.63789e+10
2.82062e+07,106998,2.84426e+06,1.14803e+11,-9.65993e+10,1.14697e+11,-9.62372e+10
2.82125e+07,106631,2.8444e+06,1.14924e+11,-9.64555e+10,1.14812e+11,-9.60954e+10
2.82188e+07,106265,2.84453e+06,1.15044e+11,-9.63115e+10,1.14926e+11,-9.59536e+10
2.82251e+07,105899,2.84466e+06,1.15165e+11,-9.61674e+10,1.15041e+11,-9.58118e+10
2.82314e+07,105534,2.8448e+06,1.15285e+11,-9.60231e+10,1.15155e+11,-9.56699e+10
2.82377e+07,105169,2.84493e+06,1.15405e+11,-9.58787e+10,1.15269e+11,-9.55279e+10
2.82441e+07,104805,2.84506e+06,1.15525e+11,-9.57341e+10,1.15383e+11,-9.53859e+10
2.82504e+07,104441,2.84519e+06,1.15644e+11,-9.55894e+10,1.15496e+11,-9.52439e+10
2.82567e+07,104078,2.84532e+06,1.15764e+11,-9.54445e+10,1.1561e+11,-9.51018e+10
2.8263e+07,103716,2.84545e+06,1.15883e+11,-9.52994e+10,1.15723e+11,-9.49597e+10
2.82693e+07,103354,2.84558e+06,1.16002e+11,-9.51543e+10,1.15837e+11,-9.48175e+10
2.82756e+07,102992,2.84571e+06,1.16121e+11,-9.50089e+10,1.1595e+11,-9.46753e+10
2.82819e+07,102632,2.84584e+06,1.1624e+11,-9.48634e+10,1.16063e+11,-9.4533e+10
2.82882e+07,102271,2.84597e+06,1.16359e+11,-9.47178e+10,1.16176e+11,-9.43907e+10
2.82945e+07,101912,2.84609e+06,1.16477e+11,-9.4572e+10,1.16289e+11,-9.42483e+10
2.83009e+07,101552,2.84622e+06,1.16596e+11,-9.44261e+10,1.16401e+11,-9.41059e+10
2.83072e+07,101194,2.84635e+06,1.16714e+11,-9.428e+10,1.16514e+11,-9.39635e+10
2.83135e+07,100836,2.84647e+06,1.16831e+11,-9.41338e+10,1.16626e+11,-9.38209e+10
2.83198e+07,100478,2.8466e+06,1.16949e+11,-9.39874e+10,1.16739e+11,-9.36784e+10
2.83261e+07,100121,2.84673e+06,1.17067e+11,-9.38409e+10,1.16851e+11,-9.35357e+10
2.83324e+07,99764.9,2.84685e+06,1.17184e+11,-9.36942e+10,1.16963e+11,-9.3393e+10
2.83387e+07,99409.1,2.84698e+06,1.17301e+11,-9.35474e+10,1.17075e+11,-9.32503e+10
2.8345e+07,99053.8,2.8471e+06,1.17418e+11,-9.34004e+10,1.17187e+11,-9.31075e+10
2.83513e+07,98699.1,2.84722e+06,1.17535e+11,-9.32533e+10,1.17298e+11,-9.29646e+10
2.83577e+07,98344.9,2.84735e+06,1.17651e+11,-9.3106e+10,1.1741e+11,-9.28217e+10
2.8364e+07,97991.3,2.84747e+06,1.17768e+11,-9.29586e+10,1.17521e+11,-9.26788e+10
2.83703e+07,97638.3,2.84759e+06,1.17884e+11,-9.28111e+10,1.17633e+11,-9.25357e+10
2.83766e+07,97285.8,2.84771e+06,1.18e+11,-9.26634e+10,1.17744e+11,-9.23926e+10
2.83829e+07,96933.9,2.84784e+06,1.18116e+11,-9.25155e+10,1.17855e+11,-9.22495e+10
2.83892e+07,96582.5,2.84796e+06,1.18232e+11,-9.23675e+10,1.17966e+11,-9.21062e+10
2.83955e+07,96231.7,2.84808e+06,1.18347e+11,-9.22194e+10,1.18077e+11,-9.1963e+10
2.84018e+07,95881.5,2.8482e+06,1.18462e+11,-9.20711e+10,1.18188e+11,-9.18196e+10
2.84082e+07,95531.8,2.84832e+06,1.18577e+11,-9.19227e+10,1.18299e+11,-9.16762e+10
2.84145e+07,95182.7,2.84844e+06,1.18692e+11,-9.17741e+10,1.1841e+11,-9.15327e+10
2.84208e+07,94834.2,2.84856e+06,1.18807e+11,-9.16254e+10,1.1852e+11,-9.13891e+10
2.84271e+07,94486.2,2.84867e+06,1.18922e+11,-9.14765e+10,1.18631e+11,-9.12455e+10
2.84334e+07,94138.8,2.84879e+06,1.19036e+11,-9.13275e+10,1.18741e+11,-9.11018e+10
2.84397e+07,93792,2.84891e+06,1.1915e+11,-9.11784e+10,1.18851e+11,-9.0958e+10
2.8446e+07,93445.7,2.84903e+06,1.19264e+11,-9.10291e+10,1.18961e+11,-9.08142e+10
2.84523e+07,93100,2.84914e+06,1.19378e+11,-9.08796e+10,1.19071e+11,-9.06703e+10
2.84586e+07,92754.8,2.84926e+06,1.19491e+11,-9.073e+10,1.19181e+11,-9.05263e+10
2.8465e+07,92410.3,2.84938e+06,1.19605e+11,-9.05803e+10,1.19291e+11,-9.03822e+10
2.84713e+07,92066.3,2.84949e+06,1.19718e+11,-9.04305e+10,1.19401e+11,-9.0238e+10
2.84776e+07,91722.8,2.84961e+06,1.19831e+11,-9.02804e+10,1.19511e+11,-9.00938e+10
2.84839e+07,91380,2.84972e+06,1.19944e+11,-9.01303e+10,1.1962e+11,-8.99494e+10
2.84902e+07,91037.7,2.84983e+06,1.20057e+11,-8.998e+10,1.1973e+11,-8.9805e+10
2.84965e+07,90695.9,2.84995e+06,1.20169e+11,-8.98296e+10,1.19839e+11,-8.96605e+10
2.85028e+07,90354.8,2.85006e+06,1.20281e+11,-8.9679e+10,1.19949e+11,-8.95159e+10
2.85091e+07,90014.2,2.85017e+06,1.20393e+11,-8.95283e+10,1.20058e+11,-8.93712e+10
2.85154e+07,89674.2,2.85029e+06,1.20505e+11,-8.93774e+10,1.20167e+11,-8.92265e+10
2.85218e+07,89334.8,2.8504e+06,1.20617e+11,-8.92264e+10,1.20276e+11,-8.90816e+10
2.85281e+07,88995.9,2.85051e+06,1.20729e+11,-8.90753e+10,1.20385e+11,-8.89366e+10
2.85344e+07,88657.6,2.85062e+06,1.2084e+11,-8.8924e+10,1.20494e+11,-8.87916e+10
2.85407e+07,88319.9,2.85073e+06,1.20951e+11,-8.87726e+10,1.20603e+11,-8.86464e+10
2.8547e+07,87982.8,2.85084e+06,1.21062e+11,-8.8621e+10,1.20712e+11,-8.85012e+10
2.85533e+07,87646.2,2.85095e+06,1.21173e+11,-8.84693e+10,1.20821e+11,-8.83558e+10
2.85596e+07,87310.2,2.85106e+06,1.21283e+11,-8.83175e+10,1.20929e+11,-8.82103e+10
2.85659e+07,86974.8,2.85117e+06,1.21394e+11,-8.81655e+10,1.21038e+11,-8.80648e+10
2.85723e+07,86640,2.85128e+06,1.21504e+11,-8.80134e+10,1.21146e+11,-8.79191e+10
2.85786e+07,86305.7,2.85139e+06,1.21614e+11,-8.78612e+10,1.21255e+11,-8.77733e+10
2.85849e+07,85972.1,2.8515e+06,1.21724e+11,-8.77088e+10,1.21363e+11,-8.76274e+10
2.85912e+07,85639,2.8516e+06,1.21833e+11,-8.75563e+10,1.21471e+11,-8.74814e+10
2.85975e+07,85306.4,2.85171e+06,1.21943e+11,-8.74036e+10,1.21579e+11,-8.73353e+10
2.86038e+07,84974.5,2.85182e+06,1.22052e+11,-8.72508e+10,1.21687e+11,-8.7189e+10
2.86101e+07,84643.1,2.85192e+06,1.22161e+11,-8.70979e+10,1.21795e+11,-8.70427e+10
2.86164e+07,84312.4,2.85203e+06,1.2227e+11,-8.69448e+10,1.21903e+11,-8.68962e+10
2.86227e+07,83982.2,2.85213e+06,1.22378e+11,-8.67916e+10,1.22011e+11,-8.67496e+10
2.86291e+07,83652.6,2.85224e+06,1.22487e+11,-8.66382e+10,1.22119e+11,-8.66029e+10
2.86354e+07,83323.5,2.85234e+06,1.22595e+11,-8.64848e+10,1.22226e+11,-8.6456e+10
2.86417e+07,82995.1,2.85245e+06,1.22703e+11,-8.63311e+10,1.22334e+11,-8.63091e+10
2.8648e+07,82667.2,2.85255e+06,1.22811e+11,-8.61774e+10,1.22442e+11,-8.6162e+10
2.86543e+07,82340,2.85265e+06,1.22919e+11,-8.60235e+10,1.22549e+11,-8.60147e+10
2.86606e+07,82013.3,2.85276e+06,1.23026e+11,-8.58695e+10,1.22656e+11,-8.58674e+10
2.86669e+07,81687.2,2.85286e+06,1.23133e+11,-8.57153e+10,1.22764e+11,-8.57199e+10
2.86732e+07,81361.6,2.85296e+06,1.23241e+11,-8.5561e+10,1.22871e+11,-8.55722e+10
2.86795e+07,81036.7,2.85306e+06,1.23347e+11,-8.54066e+10,1.22978e+11,-8.54245e+10
2.86859e+07,80712.4,2.85316e+06,1.23454e+11,-8.52521e+10,1.23085e+11,-8.52765e+10
2.86922e+07,80388.6,2.85327e+06,1.23561e+11,-8.50974e+10,1.23192e+11,-8.51285e+10
2.86985e+07,80065.4,2.85337e+06,1.23667e+11,-8.49425e+10,1.23299e+11,-8.49803e+10
2.87048e+07,79742.8,2.85347e+06,1.23773e+11,-8.47876e+10,1.23406e+11,-8.48319e+10
2.87111e+07,79420.8,2.85357e+06,1.23879e+11,-8.46325e+10,1.23513e+11,-8.46834e+10
2.87174e+07,79099.4,2.85366e+06,1.23985e+11,-8.44773e+10,1.23619e+11,-8.45348e+10
2.87237e+07,78778.6,2.85376e+06,1.2409e+11,-8.43219e+10,1.23726e+11,-8.4386e+10
2.873e+07,78458.4,2.85386e+06,1.24196e+11,-8.41664e+10,1.23832e+11,-8.42371e+10
2.87364e+07,78138.8,2.85396e+06,1.24301e+11,-8.40108e+10,1.23939e+11,-8.40879e+10
2.87427e+07,77819.7,2.85406e+06,1.24406e+11,-8.38551e+10,1.24045e+11,-8.39387e+10
2.8749e+07,77501.3,2.85415e+06,1.24511e+11,-8.36992e+10,1.24151e+11,-8.37893e+10
2.87553e+07,77183.4,2.85425e+06,1.24615e+11,-8.35432e+10,1.24258e+11,-8.36397e+10
2.87616e+07,76866.1,2.85435e+06,1.24719e+11,-8.3387e+10,1.24364e+11,-8.349e+10
2.87679e+07,76549.4,2.85444e+06,1.24824e+11,-8.32308e+10,1.2447e+11,-8.33401e+10
2.87742e+07,76233.4,2.85454e+06,1.24928e+11,-8.30744e+10,1.24576e+11,-8.319e+10
2.87805e+07,75917.9,2.85464e+06,1.25031e+11,-8.29179e+10,1.24681e+11,-8.30398e+10
2.87868e+07,75603,2.85473e+06,1.25135e+11,-8.27612e+10,1.24787e+11,-8.28894e+10
2.87932e+07,75288.7,2.85482e+06,1.25238e+11,-8.26044e+10,1.24893e+11,-8.27388e+10
2.87995e+07,74975,2.85492e+06,1.25342e+11,-8.24475e+10,1.24998e+11,-8.2588e+10
2.88058e+07,74661.9,2.85501e+06,1.25444e+11,-8.22904e+10,1.25104e+11,-8.24371e+10
2.88121e+07,74349.4,2.85511e+06,1.25547e+11,-8.21333e+10,1.25209e+11,-8.2286e+10
2.88184e+07,74037.5,2.8552e+06,1.2565e+11,-8.1976e+10,1.25315e+11,-8.21348e+10
2.88247e+07,73726.1,2.85529e+06,1.25752e+11,-8.18185e+10,1.2542e+11,-8.19833e+10
2.8831e+07,73415.4,2.85538e+06,1.25854e+11,-8.1661e+10,1.25525e+11,-8.18317e+10
2.88373e+07,73105.3,2.85547e+06,1.25956e+11,-8.15033e+10,1.2563e+11,-8.16799e+10
2.88436e+07,72795.8,2.85557e+06,1.26058e+11,-8.13455e+10,1.25735e+11,-8.15279e+10
2.885e+07,72486.9,2.85566e+06,1.2616e+11,-8.11876e+10,1.2584e+11,-8.13757e+10
2.88563e+07,72178.6,2.85575e+06,1.26261e+11,-8.10295e+10,1.25945e+11,-8.12233e+10
2.88626e+07,71870.8,2.85584e+06,1.26362e+11,-8.08713e+10,1.26049e+11,-8.10708e+10
2.88689e+07,71563.7,2.85593e+06,1.26463e+11,-8.0713e+10,1.26154e+11,-8.0918e+10
2.88752e+07,71257.2,2.85602e+06,1.26564e+11,-8.05546e+10,1.26258e+11,-8.07651e+10
2.88815e+07,70951.3,2.85611e+06,1.26665e+11,-8.0396e+10,1.26362e+11,-8.0612e+10
2.88878e+07,70646,2.85619e+06,1.26765e+11,-8.02373e+10,1.26467e+11,-8.04587e+10
2.88941e+07,70341.3,2.85628e+06,1.26865e+11,-8.00785e+10,1.26571e+11,-8.03052e+10
2.89005e+07,70037.2,2.85637e+06,1.26965e+11,-7.99195e+10,1.26675e+11,-8.01514e+10
2.89068e+07,69733.7,2.85646e+06,1.27065e+11,-7.97605e+10,1.26779e+11,-7.99975e+10
2.89131e+07,69430.8,2.85654e+06,1.27165e+11,-7.96013e+10,1.26883e+11,-7.98434e+10
2.89194e+07,69128.5,2.85663e+06,1.27264e+11,-7.9442e+10,1.26986e+11,-7.96891e+10
2.89257e+07,68826.8,2.85672e+06,1.27363e+11,-7.92826e+10,1.2709e+11,-7.95346e+10
2.8932e+07,68525.7,2.8568e+06,1.27462e+11,-7.9123e+10,1.27193e+11,-7.93799e+10
2.89383e+07,68225.3,2.85689e+06,1.27561e+11,-7.89633e+10,1.27297e+11,-7.9225e+10
2.89446e+07,67925.4,2.85697e+06,1.2766e+11,-7.88035e+10,1.274e+11,-7.90699e+10
2.89509e+07,67626.1,2.85706e+06,1.27758e+11,-7.86436e+10,1.27503e+11,-7.89146e+10
2.89573e+07,67327.5,2.85714e+06,1.27856e+11,-7.84835e+10,1.27606e+11,-7.87591e+10
2.89636e+07,67029.4,2.85723e+06,1.27954e+11,-7.83234e+10,1.27709e+11,-7.86033e+10
2.89699e+07,66732,2.85731e+06,1.28052e+11,-7.81631e+10,1.27811e+11,-7.84474e+10
2.89762e+07,66435.2,2.85739e+06,1.2815e+11,-7.80027e+10,1.27914e+11,-7.82912e+10
2.89825e+07,66139,2.85748e+06,1.28247e+11,-7.78421e+10,1.28017e+11,-7.81349e+10
2.89888e+07,65843.4,2.85756e+06,1.28344e+11,-7.76815e+10,1.28119e+11,-7.79783e+10
2.89951e+07,65548.4,2.85764e+06,1.28441e+11,-7.75207e+10,1.28221e+11,-7.78215e+10
2.90014e+07,65254,2.85772e+06,1.28538e+11,-7.73598e+10,1.28323e+11,-7.76645e+10
2.90077e+07,64960.2,2.85781e+06,1.28635e+11,-7.71988e+10,1.28425e+11,-7.75073e+10
2.90141e+07,64667,2.85789e+06,1.28731e+11,-7.70377e+10,1.28527e+11,-7.73498e+10
2.90204e+07,64374.5,2.85797e+06,1.28827e+11,-7.68764e+10,1.28629e+11,-7.71922e+10
2.90267e+07,64082.6,2.85805e+06,1.28923e+11,-7.6715e+10,1.2873e+11,-7.70343e+10
2.9033e+07,63791.2,2.85813e+06,1.29019e+11,-7.65535e+10,1.28831e+11,-7.68762e+10
2.90393e+07,63500.5,2.85821e+06,1.29115e+11,-7.63919e+10,1.28933e+11,-7.67179e+10
2.90456e+07,63210.4,2.85829e+06,1.2921e+11,-7.62302e+10,1.29034e+11,-7.65594e+10
2.90519e+07,62921,2.85837e+06,1.29305e+11,-7.60684e+10,1.29135e+11,-7.64006e+10
2.90582e+07,62632.1,2.85844e+06,1.294e+11,-7.59064e+10,1.29236e+11,-7.62417e+10
2.90645e+07,62343.8,2.85852e+06,1.29495e+11,-7.57443e+10,1.29336e+11,-7.60825e+10
2.90709e+07,62056.2,2.8586e+06,1.2959e+11,-7.55821e+10,1.29437e+11,-7.59231e+10
2.90772e+07,61769.2,2.85868e+06,1.29684e+11,-7.54198e+10,1.29537e+11,-7.57634e+10
2.90835e+07,61482.8,2.85876e+06,1.29778e+11,-7.52574e+10,1.29637e+11,-7.56036e+10
2.90898e+07,61197,2.85883e+06,1.29872e+11,-7.50948e+10,1.29737e+11,-7.54435e+10
2.90961e+07,60911.9,2.85891e+06,1.29966e+11,-7.49321e+10,1.29837e+11,-7.52832e+10
2.91024e+07,60627.3,2.85898e+06,1.30059e+11,-7.47694e+10,1.29937e+11,-7.51227e+10
2.91087e+07,60343.4,2.85906e+06,1.30153e+11,-7.46065e+10,1.30036e+11,-7.49619e+10
2.9115e+07,60060.1,2.85914e+06,1.30246e+11,-7.44435e+10,1.30136e+11,-7.48009e+10
2.91214e+07,59777.4,2.85921e+06,1.30339e+11,-7.42803e+10,1.30235e+11,-7.46397e+10
2.91277e+07,59495.3,2.85929e+06,1.30431e+11,-7.41171e+10,1.30334e+11,-7.44783e+10
2.9134e+07,59213.9,2.85936e+06,1.30524e+11,-7.39537e+10,1.30433e+11,-7.43167e+10
2.91403e+07,58933,2.85943e+06,1.30616e+11,-7.37903e+10,1.30531e+11,-7.41548e+10
2.91466e+07,58652.8,2.85951e+06,1.30708e+11,-7.36267e+10,1.3063e+11,-7.39927e+10
2.91529e+07,58373.3,2.85958e+06,1.308e+11,-7.3463e+10,1.30728e+11,-7.38303e+10
2.91592e+07,58094.3,2.85965e+06,1.30892e+11,-7.32992e+10,1.30826e+11,-7.36678e+10
2.91655e+07,57816,2.85973e+06,1.30984e+11,-7.31352e+10,1.30924e+11,-7.3505e+10
2.91718e+07,57538.2,2.8598e+06,1.31075e+11,-7.29712e+10,1.31022e+11,-7.3342e+10
2.91782e+07,57261.1,2.85987e+06,1.31166e+11,-7.2807e+10,1.31119e+11,-7.31788e+10
2.91845e+07,56984.7,2.85994e+06,1.31257e+11,-7.26428e+10,1.31217e+11,-7.30153e+10
2.91908e+07,56708.8,2.86001e+06,1.31347e+11,-7.24784e+10,1.31314e+11,-7.28516e+10
2.91971e+07,56433.6,2.86008e+06,1.31438e+11,-7.23139e+10,1.31411e+11,-7.26877e+10
2.92034e+07,56159,2.86015e+06,1.31528e+11,-7.21493e+10,1.31508e+11,-7.25235e+10
2.92097e+07,55885.1,2.86022e+06,1.31618e+11,-7.19846e+10,1.31604e+11,-7.23592e+10
2.9216e+07,55611.7,2.86029e+06,1.31708e+11,-7.18198e+10,1.31701e+11,-7.21946e+10
2.92223e+07,55339,2.86036e+06,1.31798e+11,-7.16548e+10,1.31797e+11,-7.20298e+10
2.92286e+07,55066.9,2.86043e+06,1.31887e+11,-7.14898e+10,1.31893e+11,-7.18647e+10
2.9235e+07,54795.5,2.8605e+06,1.31976e+11,-7.13246e+10,1.31989e+11,-7.16994e+10
2.92413e+07,54524.6,2.86057e+06,1.32065e+11,-7.11594e+10,1.32084e+11,-7.1534e+10
2.92476e+07,54254.4,2.86064e+06,1.32154e+11,-7.0994e+10,1.3218e+11,-7.13682e+10
2.92539e+07,53984.8,2.86071e+06,1.32243e+11,-7.08285e+10,1.32275e+11,-7.12023e+10
2.92602e+07,53715.9,2.86077e+06,1.32331e+11,-7.06629e+10,1.3237e+11,-7.10361e+10
2.92665e+07,53447.6,2.86084e+06,1.32419e+11,-7.04972e+10,1.32464e+11,-7.08697e+10
2.92728e+07,53179.9,2.86091e+06,1.32507e+11,-7.03314e+10,1.32559e+11,-7.07031e+10
2.92791e+07,52912.8,2.86097e+06,1.32595e+11,-7.01655e+10,1.32653e+11,-7.05363e+10
2.92855e+07,52646.4,2.86104e+06,1.32683e+11,-6.99994e+10,1.32747e+11,-7.03692e+10
2.92918e+07,52380.6,2.8611e+06,1.3277e+11,-6.98333e+10,1.32841e+11,-7.0202e+10
2.92981e+07,52115.5,2.86117e+06,1.32857e+11,-6.9667e+10,1.32935e+11,-7.00345e+10
2.93044e+07,51850.9,2.86124e+06,1.32944e+11,-6.95007e+10,1.33028e+11,-6.98668e+10
2.93107e+07,51587,2.8613e+06,1.33031e+11,-6.93342e+10,1.33121e+11,-6.96988e+10
2.9317e+07,51323.8,2.86136e+06,1.33118e+11,-6.91676e+10,1.33214e+11,-6.95307e+10
2.93233e+07,51061.1,2.86143e+06,1.33204e+11,-6.9001e+10,1.33307e+11,-6.93623e+10
2.93296e+07,50799.1,2.86149e+06,1.3329e+11,-6.88342e+10,1.33399e+11,-6.91937e+10
2.93359e+07,50537.8,2.86156e+06,1.33376e+11,-6.86673e+10,1.33491e+11,-6.90249e+10
2.93423e+07,50277,2.86162e+06,1.33462e+11,-6.85003e+10,1.33583e+11,-6.88559e+10
2.93486e+07,50016.9,2.86168e+06,1.33547e+11,-6.83332e+10,1.33675e+11,-6.86867e+10
2.93549e+07,49757.5,2.86174e+06,1.33632e+11,-6.8166e+10,1.33766e+11,-6.85173e+10
2.93612e+07,49498.7,2.86181e+06,1.33718e+11,-6.79987e+10,1.33857e+11,-6.83476e+10
2.93675e+07,49240.5,2.86187e+06,1.33802e+11,-6.78312e+10,1.33948e+11,-6.81777e+10
2.93738e+07,48982.9,2.86193e+06,1.33887e+11,-6.76637e+10,1.34039e+11,-6.80077e+10
2.93801e+07,48726,2.86199e+06,1.33972e+11,-6.74961e+10,1.34129e+11,-6.78374e+10
2.93864e+07,48469.7,2.86205e+06,1.34056e+11,-6.73284e+10,1.3422e+11,-6.76669e+10
2.93927e+07,48214.1,2.86211e+06,1.3414e+11,-6.71605e+10,1.3431e+11,-6.74962e+10
2.93991e+07,47959.1,2.86217e+06,1.34224e+11,-6.69926e+10,1.34399e+11,-6.73253e+10
2.94054e+07,47704.7,2.86223e+06,1.34307e+11,-6.68245e+10,1.34489e+11,-6.71542e+10
2.94117e+07,47451,2.86229e+06,1.34391e+11,-6.66564e+10,1.34578e+11,-6.69829e+10
2.9418e+07,47197.9,2.86235e+06,1.34474e+11,-6.64881e+10,1.34667e+11,-6.68114e+10
2.94243e+07,46945.5,2.86241e+06,1.34557e+11,-6.63198e+10,1.34755e+11,-6.66397e+10
2.94306e+07,46693.7,2.86247e+06,1.3464e+11,-6.61513e+10,1.34844e+11,-6.64678e+10
2.94369e+07,46442.5,2.86253e+06,1.34722e+11,-6.59828e+10,1.34932e+11,-6.62957e+10
2.94432e+07,46192,2.86258e+06,1.34805e+11,-6.58141e+10,1.35019e+11,-6.61234e+10
2.94496e+07,45942.1,2.86264e+06,1.34887e+11,-6.56453e+10,1.35107e+11,-6.59509e+10
2.94559e+07,45692.9,2.8627e+06,1.34969e+11,-6.54765e+10,1.35194e+11,-6.57782e+10
2.94622e+07,45444.3,2.86276e+06,1.3505e+11,-6.53075e+10,1.35281e+11,-6.56053e+10
2.94685e+07,45196.3,2.86281e+06,1.35132e+11,-6.51384e+10,1.35368e+11,-6.54323e+10
2.94748e+07,44949,2.86287e+06,1.35213e+11,-6.49693e+10,1.35454e+11,-6.5259e+10
2.94811e+07,44702.4,2.86293e+06,1.35294e+11,-6.48e+10,1.3554e+11,-6.50856e+10
2.94874e+07,44456.3,2.86298e+06,1.35375e+11,-6.46306e+10,1.35626e+11,-6.49119e+10
2.94937e+07,44211,2.86304e+06,1.35456e+11,-6.44612e+10,1.35712e+11,-6.47381e+10
2.95e+07,43966.2,2.86309e+06,1.35536e+11,-6.42916e+10,1.35797e+11,-6.45641e+10
2.95064e+07,43722.1,2.86315e+06,1.35617e+11,-6.41219e+10,1.35882e+11,-6.43899e+10
2.95127e+07,43478.7,2.8632e+06,1.35697e+11,-6.39522e+10,1.35967e+11,-6.42156e+10
2.9519e+07,43235.9,2.86326e+06,1.35776e+11,-6.37823e+10,1.36051e+11,-6.4041e+10
2.95253e+07,42993.7,2.86331e+06,1.35856e+11,-6.36123e+10,1.36135e+11,-6.38663e+10
2.95316e+07,42752.2,2.86336e+06,1.35935e+11,-6.34423e+10,1.36219e+11,-6.36915e+10
2.95379e+07,42511.4,2.86342e+06,1.36015e+11,-6.32721e+10,1.36303e+11,-6.35164e+10
2.95442e+07,42271.2,2.86347e+06,1.36094e+11,-6.31018e+10,1.36386e+11,-6.33412e+10
2.95505e+07,42031.6,2.86352e+06,1.36172e+11,-6.29315e+10,1.36469e+11,-6.31658e+10
2.95568e+07,41792.7,2.86358e+06,1.36251e+11,-6.2761e+10,1.36551e+11,-6.29902e+10
2.95632e+07,41554.4,2.86363e+06,1.36329e+11,-6.25905e+10,1.36634e+11,-6.28145e+10
2.95695e+07,41316.8,2.86368e+06,1.36407e+11,-6.24198e+10,1.36716e+11,-6.26386e+10
2.95758e+07,41079.8,2.86373e+06,1.36485e+11,-6.22491e+10,1.36797e+11,-6.24625e+10
2.95821e+07,40843.5,2.86378e+06,1.36563e+11,-6.20782e+10,1.36879e+11,-6.22863e+10
2.95884e+07,40607.8,2.86383e+06,1.36641e+11,-6.19073e+10,1.3696e+11,-6.21099e+10
2.95947e+07,40372.8,2.86388e+06,1.36718e+11,-6.17362e+10,1.37041e+11,-6.19334e+10
2.9601e+07,40138.4,2.86393e+06,1.36795e+11,-6.15651e+10,1.37121e+11,-6.17567e+10
2.96073e+07,39904.7,2.86398e+06,1.36872e+11,-6.13939e+10,1.37201e+11,-6.15799e+10
2.96137e+07,39671.6,2.86403e+06,1.36948e+11,-6.12226e+10,1.37281e+11,-6.14029e+10
2.962e+07,39439.2,2.86408e+06,1.37025e+11,-6.10511e+10,1.37361e+11,-6.12258e+10
2.96263e+07,39207.4,2.86413e+06,1.37101e+11,-6.08796e+10,1.3744e+11,-6.10485e+10
2.96326e+07,38976.3,2.86418e+06,1.37177e+11,-6.0708e+10,1.37519e+11,-6.08711e+10
2.96389e+07,38745.9,2.86423e+06,1.37253e+11,-6.05363e+10,1.37598e+11,-6.06935e+10
2.96452e+07,38516.1,2.86428e+06,1.37328e+11,-6.03645e+10,1.37676e+11,-6.05158e+10
2.96515e+07,38286.9,2.86433e+06,1.37404e+11,-6.01926e+10,1.37754e+11,-6.0338e+10
2.96578e+07,38058.4,2.86437e+06,1.37479e+11,-6.00206e+10,1.37832e+11,-6.016e+10
2.96641e+07,37830.6,2.86442e+06,1.37554e+11,-5.98485e+10,1.37909e+11,-5.99819e+10
2.96705e+07,37603.4,2.86447e+06,1.37629e+11,-5.96764e+10,1.37986e+11,-5.98036e+10
2.96768e+07,37376.8,2.86452e+06,1.37703e+11,-5.95041e+10,1.38063e+11,-5.96253e+10
2.96831e+07,37150.9,2.86456e+06,1.37777e+11,-5.93317e+10,1.38139e+11,-5.94467e+10
2.96894e+07,36925.7,2.86461e+06,1.37851e+11,-5.91593e+10,1.38215e+11,-5.92681e+10
2.96957e+07,36701.1,2.86466e+06,1.37925e+11,-5.89867e+10,1.38291e+11,-5.90894e+10
2.9702e+07,36477.2,2.8647e+06,1.37999e+11,-5.88141e+10,1.38367e+11,-5.89105e+10
2.97083e+07,36254,2.86475e+06,1.38072e+11,-5.86414e+10,1.38442e+11,-5.87315e+10
2.97146e+07,36031.4,2.86479e+06,1.38146e+11,-5.84686e+10,1.38517e+11,-5.85524e+10
2.97209e+07,35809.4,2.86484e+06,1.38219e+11,-5.82957e+10,1.38591e+11,-5.83732e+10
2.97273e+07,35588.1,2.86488e+06,1.38291e+11,-5.81227e+10,1.38665e+11,-5.81938e+10
2.97336e+07,35367.5,2.86493e+06,1.38364e+11,-5.79496e+10,1.38739e+11,-5.80144e+10
2.97399e+07,35147.5,2.86497e+06,1.38436e+11,-5.77764e+10,1.38813e+11,-5.78348e+10
2.97462e+07,34928.2,2.86501e+06,1.38508e+11,-5.76031e+10,1.38886e+11,-5.76552e+10
2.97525e+07,34709.6,2.86506e+06,1.3858e+11,-5.74297e+10,1.38959e+11,-5.74754e+10
2.97588e+07,34491.6,2.8651e+06,1.38652e+11,-5.72563e+10,1.39031e+11,-5.72955e+10
2.97651e+07,34274.3,2.86514e+06,1.38724e+11,-5.70828e+10,1.39103e+11,-5.71155e+10
2.97714e+07,34057.6,2.86519e+06,1.38795e+11,-5.69091e+10,1.39175e+11,-5.69355e+10
2.97778e+07,33841.6,2.86523e+06,1.38866e+11,-5.67354e+10,1.39247e+11,-5.67553e+10
2.97841e+07,33626.2,2.86527e+06,1.38937e+11,-5.65616e+10,1.39318e+11,-5.6575e+10
2.97904e+07,33411.5,2.86531e+06,1.39007e+11,-5.63877e+10,1.39389e+11,-5.63947e+10
2.97967e+07,33197.5,2.86536e+06,1.39078e+11,-5.62137e+10,1.3946e+11,-5.62143e+10
2.9803e+07,32984.1,2.8654e+06,1.39148e+11,-5.60396e+10,1.3953e+11,-5.60337e+10
2.98093e+07,32771.4,2.86544e+06,1.39218e+11,-5.58655e+10,1.396e+11,-5.58531e+10
2.98156e+07,32559.4,2.86548e+06,1.39288e+11,-5.56912e+10,1.39669e+11,-5.56724e+10
2.98219e+07,32348,2.86552e+06,1.39357e+11,-5.55169e+10,1.39739e+11,-5.54916e+10
2.98282e+07,32137.3,2.86556e+06,1.39427e+11,-5.53425e+10,1.39808e+11,-5.53108e+10
2.98346e+07,31927.2,2.8656e+06,1.39496e+11,-5.5168e+10,1.39876e+11,-5.51298e+10
2.98409e+07,31717.8,2.86564e+06,1.39565e+11,-5.49934e+10,1.39945e+11,-5.49488e+10
2.98472e+07,31509.1,2.86568e+06,1.39633e+11,-5.48187e+10,1.40013e+11,-5.47677e+10
2.98535e+07,31301.1,2.86572e+06,1.39702e+11,-5.46439e+10,1.4008e+11,-5.45866e+10
2.98598e+07,31093.7,2.86576e+06,1.3977e+11,-5.44691e+10,1.40148e+11,-5.44054e+10
2.98661e+07,30886.9,2.8658e+06,1.39838e+11,-5.42941e+10,1.40215e+11,-5.42241e+10
2.98724e+07,30680.9,2.86583e+06,1.39906e+11,-5.41191e+10,1.40281e+11,-5.40427e+10
2.98787e+07,30475.5,2.86587e+06,1.39973e+11,-5.3944e+10,1.40348e+11,-5.38613e+10
2.9885e+07,30270.7,2.86591e+06,1.40041e+11,-5.37688e+10,1.40414e+11,-5.36798e+10
2.98914e+07,30066.7,2.86595e+06,1.40108e+11,-5.35935e+10,1.4048e+11,-5.34983e+10
2.98977e+07,29863.3,2.86599e+06,1.40175e+11,-5.34181e+10,1.40545e+11,-5.33167e+10
2.9904e+07,29660.5,2.86602e+06,1.40242e+11,-5.32427e+10,1.4061e+11,-5.31351e+10
2.99103e+07,29458.5,2.86606e+06,1.40308e+11,-5.30672e+10,1.40675e+11,-5.29534e+10
2.99166e+07,29257.1,2.8661e+06,1.40374e+11,-5.28915e+10,1.40739e+11,-5.27716e+10
2.99229e+07,29056.3,2.86613e+06,1.40441e+11,-5.27158e+10,1.40803e+11,-5.25898e+10
2.99292e+07,28856.3,2.86617e+06,1.40506e+11,-5.25401e+10,1.40867e+11,-5.2408e+10
2.99355e+07,28656.9,2.86621e+06,1.40572e+11,-5.23642e+10,1.40931e+11,-5.22261e+10
2.99419e+07,28458.1,2.86624e+06,1.40637e+11,-5.21883e+10,1.40994e+11,-5.20442e+10
2.99482e+07,28260.1,2.86628e+06,1.40703e+11,-5.20122e+10,1.41057e+11,-5.18622e+10
2.99545e+07,28062.7,2.86631e+06,1.40768e+11,-5.18361e+10,1.41119e+11,-5.16802e+10
2.99608e+07,27866,2.86635e+06,1.40832e+11,-5.16599e+10,1.41181e+11,-5.14981e+10
2.99671e+07,27669.9,2.86638e+06,1.40897e+11,-5.14837e+10,1.41243e+11,-5.1316e+10
2.99734e+07,27474.6,2.86642e+06,1.40961e+11,-5.13073e+10,1.41305e+11,-5.11339e+10
2.99797e+07,27279.8,2.86645e+06,1.41025e+11,-5.11309e+10,1.41366e+11,-5.09518e+10
2.9986e+07,27085.8,2.86649e+06,1.41089e+11,-5.09543e+10,1.41427e+11,-5.07696e+10
2.99923e+07,26892.4,2.86652e+06,1.41153e+11,-5.07777e+10,1.41487e+11,-5.05874e+10
2.99987e+07,26699.8,2.86655e+06,1.41216e+11,-5.06011e+10,1.41548e+11,-5.04052e+10
3.0005e+07,26507.7,2.86659e+06,1.41279e+11,-5.04243e+10,1.41608e+11,-5.02229e+10
3.00113e+07,26316.4,2.86662e+06,1.41342e+11,-5.02475e+10,1.41667e+11,-5.00406e+10
3.00176e+07,26125.7,2.86665e+06,1.41405e+11,-5.00706e+10,1.41727e+11,-4.98583e+10
3.00239e+07,25935.7,2.86668e+06,1.41468e+11,-4.98936e+10,1.41786e+11,-4.9676e+10
3.00302e+07,25746.4,2.86672e+06,1.4153e+11,-4.97165e+10,1.41845e+11,-4.94937e+10
3.00365e+07,25557.7,2.86675e+06,1.41592e+11,-4.95393e+10,1.41903e+11,-4.93113e+10
3.00428e+07,25369.7,2.86678e+06,1.41654e+11,-4.93621e+10,1.41961e+11,-4.9129e+10
3.00491e+07,25182.4,2.86681e+06,1.41716e+11,-4.91848e+10,1.42019e+11,-4.89466e+10
3.00555e+07,24995.8,2.86684e+06,1.41777e+11,-4.90074e+10,1.42076e+11,-4.87642e+10
3.00618e+07,24809.8,2.86687e+06,1.41838e+11,-4.883e+10,1.42134e+11,-4.85818e+10
3.00681e+07,24624.6,2.86691e+06,1.41899e+11,-4.86524e+10,1.42191e+11,-4.83994e+10
3.00744e+07,24439.9,2.86694e+06,1.4196e+11,-4.84748e+10,1.42247e+11,-4.8217e+10
3.00807e+07,24256,2.86697e+06,1.42021e+11,-4.82971e+10,1.42304e+11,-4.80346e+10
3.0087e+07,24072.8,2.867e+06,1.42081e+11,-4.81193e+10,1.4236e+11,-4.78522e+10
3.00933e+07,23890.2,2.86703e+06,1.42141e+11,-4.79415e+10,1.42415e+11,-4.76698e+10
3.00996e+07,23708.3,2.86706e+06,1.42201e+11,-4.77636e+10,1.42471e+11,-4.74874e+10
3.0106e+07,23527,2.86709e+06,1.42261e+11,-4.75856e+10,1.42526e+11,-4.7305e+10
3.01123e+07,23346.5,2.86712e+06,1.4232e+11,-4.74075e+10,1.42581e+11,-4.71226e+10
3.01186e+07,23166.6,2.86714e+06,1.4238e+11,-4.72293e+10,1.42635e+11,-4.69402e+10
3.01249e+07,22987.4,2.86717e+06,1.42439e+11,-4.70511e+10,1.42689e+11,-4.67578e+10
3.01312e+07,22808.9,2.8672e+06,1.42497e+11,-4.68728e+10,1.42743e+11,-4.65754e+10
3.01375e+07,22631.1,2.86723e+06,1.42556e+11,-4.66944e+10,1.42797e+11,-4.6393e+10
3.01438e+07,22453.9,2.86726e+06,1.42614e+11,-4.6516e+10,1.4285e+11,-4.62106e+10
3.01501e+07,22277.4,2.86729e+06,1.42672e+11,-4.63375e+10,1.42903e+11,-4.60283e+10
3.01564e+07,22101.6,2.86731e+06,1.4273e+11,-4.61589e+10,1.42956e+11,-4.58459e+10
3.01628e+07,21926.5,2.86734e+06,1.42788e+11,-4.59802e+10,1.43009e+11,-4.56636e+10
3.01691e+07,21752,2.86737e+06,1.42845e+11,-4.58014e+10,1.43061e+11,-4.54813e+10
3.01754e+07,21578.3,2.8674e+06,1.42903e+11,-4.56226e+10,1.43113e+11,-4.5299e+10
3.01817e+07,21405.2,2.86742e+06,1.4296e+11,-4.54437e+10,1.43164e+11,-4.51167e+10
3.0188e+07,21232.8,2.86745e+06,1.43017e+11,-4.52648e+10,1.43216e+11,-4.49345e+10
3.01943e+07,21061,2.86748e+06,1.43073e+11,-4.50858e+10,1.43267e+11,-4.47522e+10
3.02006e+07,20890,2.8675e+06,1.43129e+11,-4.49067e+10,1.43318e+11,-4.457e+10
3.02069e+07,20719.6,2.86753e+06,1.43186e+11,-4.47275e+10,1.43368e+11,-4.43878e+10
3.02132e+07,20550,2.86756e+06,1.43241e+11,-4.45482e+10,1.43419e+11,-4.42057e+10
3.02196e+07,20381,2.86758e+06,1.43297e+11,-4.43689e+10,1.43469e+11,-4.40235e+10
3.02259e+07,20212.6,2.86761e+06,1.43353e+11,-4.41895e+10,1.43518e+11,-4.38414e+10
3.02322e+07,20045,2.86763e+06,1.43408e+11,-4.40101e+10,1.43568e+11,-4.36593e+10
3.02385e+07,19878,2.86766e+06,1.43463e+11,-4.38305e+10,1.43617e+11,-4.34773e+10
3.02448e+07,19711.8,2.86768e+06,1.43518e+11,-4.36509e+10,1.43666e+11,-4.32953e+10
3.02511e+07,19546.2,2.86771e+06,1.43572e+11,-4.34713e+10,1.43714e+11,-4.31133e+10
3.02574e+07,19381.3,2.86773e+06,1.43626e+11,-4.32915e+10,1.43763e+11,-4.29313e+10
3.02637e+07,19217.1,2.86775e+06,1.43681e+11,-4.31117e+10,1.43811e+11,-4.27494e+10
3.027e+07,19053.5,2.86778e+06,1.43734e+11,-4.29319e+10,1.43859e+11,-4.25675e+10
3.02764e+07,18890.7,2.8678e+06,1.43788e+11,-4.27519e+10,1.43906e+11,-4.23856e+10
3.02827e+07,18728.5,2.86783e+06,1.43841e+11,-4.25719e+10,1.43954e+11,-4.22038e+10
3.0289e+07,18567,2.86785e+06,1.43895e+11,-4.23918e+10,1.44001e+11,-4.2022e+10
3.02953e+07,18406.2,2.86787e+06,1.43948e+11,-4.22117e+10,1.44048e+11,-4.18403e+10
3.03016e+07,18246.1,2.86789e+06,1.44e+11,-4.20315e+10,1.44094e+11,-4.16586e+10
3.03079e+07,18086.7,2.86792e+06,1.44053e+11,-4.18512e+10,1.4414e+11,-4.14769e+10
3.03142e+07,17927.9,2.86794e+06,1.44105e+11,-4.16708e+10,1.44187e+11,-4.12952e+10
3.03205e+07,17769.8,2.86796e+06,1.44157e+11,-4.14904e+10,1.44232e+11,-4.11136e+10
3.03269e+07,17612.5,2.86798e+06,1.44209e+11,-4.13099e+10,1.44278e+11,-4.09321e+10
3.03332e+07,17455.8,2.86801e+06,1.44261e+11,-4.11294e+10,1.44323e+11,-4.07506e+10
3.03395e+07,17299.8,2.86803e+06,1.44312e+11,-4.09488e+10,1.44368e+11,-4.05691e+10
3.03458e+07,17144.5,2.86805e+06,1.44363e+11,-4.07681e+10,1.44413e+11,-4.03877e+10
3.03521e+07,16989.8,2.86807e+06,1.44414e+11,-4.05874e+10,1.44458e+11,-4.02063e+10
3.03584e+07,16835.9,2.86809e+06,1.44465e+11,-4.04065e+10,1.44502e+11,-4.0025e+10
3.03647e+07,16682.6,2.86811e+06,1.44516e+11,-4.02257e+10,1.44546e+11,-3.98437e+10
3.0371e+07,16530.1,2.86813e+06,1.44566e+11,-4.00447e+10,1.4459e+11,-3.96624e+10
3.03773e+07,16378.2,2.86815e+06,1.44616e+11,-3.98637e+10,1.44634e+11,-3.94812e+10
3.03837e+07,16227,2.86818e+06,1.44666e+11,-3.96827e+10,1.44677e+11,-3.93001e+10
3.039e+07,16076.5,2.8682e+06,1.44715e+11,-3.95015e+10,1.44721e+11,-3.9119e+10
3.03963e+07,15926.7,2.86822e+06,1.44765e+11,-3.93203e+10,1.44763e+11,-3.89379e+10
3.04026e+07,15777.6,2.86824e+06,1.44814e+11,-3.91391e+10,1.44806e+11,-3.87569e+10
3.04089e+07,15629.1,2.86825e+06,1.44863e+11,-3.89578e+10,1.44849e+11,-3.85759e+10
3.04152e+07,15481.4,2.86827e+06,1.44911e+11,-3.87764e+10,1.44891e+11,-3.8395e+10
3.04215e+07,15334.3,2.86829e+06,1.4496e+11,-3.8595e+10,1.44933e+11,-3.82141e+10
3.04278e+07,15188,2.86831e+06,1.45008e+11,-3.84135e+10,1.44975e+11,-3.80333e+10
3.04341e+07,15042.3,2.86833e+06,1.45056e+11,-3.82319e+10,1.45017e+11,-3.78525e+10
3.04405e+07,14897.3,2.86835e+06,1.45104e+11,-3.80503e+10,1.45058e+11,-3.76718e+10
3.04468e+07,14753,2.86837e+06,1.45151e+11,-3.78686e+10,1.45099e+11,-3.74911e+10
3.04531e+07,14609.4,2.86839e+06,1.45199e+11,-3.76868e+10,1.4514e+11,-3.73105e+10
3.04594e+07,14466.5,2.86841e+06,1.45246e+11,-3.7505e+10,1.45181e+11,-3.71299e+10
3.04657e+07,14324.3,2.86842e+06,1.45293e+11,-3.73232e+10,1.45222e+11,-3.69494e+10
3.0472e+07,14182.7,2.86844e+06,1.45339e+11,-3.71412e+10,1.45262e+11,-3.67689e+10
3.04783e+07,14041.9,2.86846e+06,1.45386e+11,-3.69592e+10,1.45302e+11,-3.65885e+10
3.04846e+07,13901.8,2.86848e+06,1.45432e+11,-3.67772e+10,1.45342e+11,-3.64081e+10
3.0491e+07,13762.3,2.86849e+06,1.45478e+11,-3.65951e+10,1.45382e+11,-3.62278e+10
3.04973e+07,13623.5,2.86851e+06,1.45524e+11,-3.64129e+10,1.45421e+11,-3.60475e+10
3.05036e+07,13485.5,2.86853e+06,1.45569e+11,-3.62307e+10,1.45461e+11,-3.58673e+10
3.05099e+07,13348.1,2.86854e+06,1.45614e+11,-3.60484e+10,1.455e+11,-3.56871e+10
3.05162e+07,13211.4,2.86856e+06,1.45659e+11,-3.58661e+10,1.45539e+11,-3.5507e+10
3.05225e+07,13075.4,2.86858e+06,1.45704e+11,-3.56837e+10,1.45578e+11,-3.53269e+10
3.05288e+07,12940.1,2.86859e+06,1.45749e+11,-3.55012e+10,1.45616e+11,-3.51469e+10
3.05351e+07,12805.5,2.86861e+06,1.45793e+11,-3.53187e+10,1.45655e+11,-3.49669e+10
3.05414e+07,12671.6,2.86863e+06,1.45837e+11,-3.51362e+10,1.45693e+11,-3.47869e+10
3.05478e+07,12538.4,2.86864e+06,1.45881e+11,-3.49535e+10,1.45731e+11,-3.4607e+10
3.05541e+07,12405.9,2.86866e+06,1.45925e+11,-3.47709e+10,1.45769e+11,-3.44272e+10
3.05604e+07,12274,2.86867e+06,1.45968e+11,-3.45881e+10,1.45806e+11,-3.42474e+10
3.05667e+07,12142.9,2.86869e+06,1.46012e+11,-3.44053e+10,1.45844e+11,-3.40677e+10
3.0573e+07,12012.5,2.8687e+06,1.46055e+11,-3.42225e+10,1.45881e+11,-3.3888e+10
3.05793e+07,11882.7,2.86872e+06,1.46097e+11,-3.40396e+10,1.45918e+11,-3.37083e+10
3.05856e+07,11753.7,2.86873e+06,1.4614e+11,-3.38566e+10,1.45955e+11,-3.35287e+10
3.05919e+07,11625.3,2.86875e+06,1.46182e+11,-3.36736e+10,1.45992e+11,-3.33491e+10
3.05982e+07,11497.7,2.86876e+06,1.46224e+11,-3.34906e+10,1.46028e+11,-3.31696e+10
3.06046e+07,11370.7,2.86878e+06,1.46266e+11,-3.33075e+10,1.46065e+11,-3.29901e+10
3.06109e+07,11244.4,2.86879e+06,1.46308e+11,-3.31243e+10,1.46101e+11,-3.28107e+10
3.06172e+07,11118.9,2.8688e+06,1.46349e+11,-3.29411e+10,1.46137e+11,-3.26313e+10
3.06235e+07,10994,2.86882e+06,1.4639e+11,-3.27578e+10,1.46173e+11,-3.2452e+10
3.06298e+07,10869.8,2.86883e+06,1.46431e+11,-3.25745e+10,1.46209e+11,-3.22726e+10
3.06361e+07,10746.3,2.86885e+06,1.46472e+11,-3.23911e+10,1.46244e+11,-3.20934e+10
3.06424e+07,10623.5,2.86886e+06,1.46512e+11,-3.22077e+10,1.4628e+11,-3.19141e+10
3.06487e+07,10501.5,2.86887e+06,1.46552e+11,-3.20242e+10,1.46315e+11,-3.1735e+10
3.06551e+07,10380.1,2.86889e+06,1.46592e+11,-3.18406e+10,1.4635e+11,-3.15558e+10
3.06614e+07,10259.4,2.8689e+06,1.46632e+11,-3.16571e+10,1.46385e+11,-3.13767e+10
3.06677e+07,10139.4,2.86891e+06,1.46672e+11,-3.14734e+10,1.4642e+11,-3.11976e+10
3.0674e+07,10020.1,2.86892e+06,1.46711e+11,-3.12897e+10,1.46454e+11,-3.10186e+10
3.06803e+07,9901.48,2.86894e+06,1.4675e+11,-3.1106e+10,1.46489e+11,-3.08395e+10
3.06866e+07,9783.59,2.86895e+06,1.46789e+11,-3.09222e+10,1.46523e+11,-3.06606e+10
3.06929e+07,9666.38,2.86896e+06,1.46828e+11,-3.07384e+10,1.46557e+11,-3.04816e+10
3.06992e+07,9549.88,2.86897e+06,1.46866e+11,-3.05545e+10,1.46591e+11,-3.03027e+10
3.07055e+07,9434.08,2.86898e+06,1.46904e+11,-3.03706e+10,1.46625e+11,-3.01238e+10
3.07119e+07,9318.98,2.869e+06,1.46942e+11,-3.01866e+10,1.46659e+11,-2.99449e+10
3.07182e+07,9204.57,2.86901e+06,1.4698e+11,-3.00026e+10,1.46693e+11,-2.97661e+10
3.07245e+07,9090.87,2.86902e+06,1.47017e+11,-2.98185e+10,1.46726e+11,-2.95873e+10
3.07308e+07,8977.86,2.86903e+06,1.47054e+11,-2.96344e+10,1.46759e+11,-2.94085e+10
3.07371e+07,8865.55,2.86904e+06,1.47091e+11,-2.94502e+10,1.46792e+11,-2.92298e+10
3.07434e+07,8753.95,2.86905e+06,1.47128e+11,-2.9266e+10,1.46825e+11,-2.9051e+10
3.07497e+07,8643.04,2.86906e+06,1.47165e+11,-2.90817e+10,1.46858e+11,-2.88723e+10
3.0756e+07,8532.84,2.86907e+06,1.47201e+11,-2.88974e+10,1.46891e+11,-2.86936e+10
3.07623e+07,8423.33,2.86909e+06,1.47237e+11,-2.8713e+10,1.46924e+11,-2.85149e+10
3.07687e+07,8314.53,2.8691e+06,1.47273e+11,-2.85286e+10,1.46956e+11,-2.83363e+10
3.0775e+07,8206.42,2.86911e+06,1.47309e+11,-2.83442e+10,1.46989e+11,-2.81576e+10
3.07813e+07,8099.02,2.86912e+06,1.47344e+11,-2.81597e+10,1.47021e+11,-2.7979e+10
3.07876e+07,7992.32,2.86913e+06,1.47379e+11,-2.79752e+10,1.47053e+11,-2.78004e+10
3.07939e+07,7886.32,2.86914e+06,1.47414e+11,-2.77906e+10,1.47085e+11,-2.76218e+10
3.08002e+07,7781.02,2.86915e+06,1.47449e+11,-2.76059e+10,1.47117e+11,-2.74432e+10
3.08065e+07,7676.42,2.86916e+06,1.47483e+11,-2.74213e+10,1.47148e+11,-2.72646e+10
3.08128e+07,7572.53,2.86917e+06,1.47517e+11,-2.72366e+10,1.4718e+11,-2.7086e+10
3.08192e+07,7469.33,2.86917e+06,1.47551e+11,-2.70518e+10,1.47211e+11,-2.69074e+10
3.08255e+07,7366.84,2.86918e+06,1.47585e+11,-2.6867e+10,1.47243e+11,-2.67288e+10
3.08318e+07,7265.05,2.86919e+06,1.47619e+11,-2.66822e+10,1.47274e+11,-2.65502e+10
3.08381e+07,7163.97,2.8692e+06,1.47652e+11,-2.64973e+10,1.47305e+11,-2.63717e+10
3.08444e+07,7063.58,2.86921e+06,1.47685e+11,-2.63123e+10,1.47336e+11,-2.61931e+10
3.08507e+07,6963.9,2.86922e+06,1.47718e+11,-2.61274e+10,1.47367e+11,-2.60145e+10
3.0857e+07,6864.92,2.86923e+06,1.4775e+11,-2.59424e+10,1.47397e+11,-2.58359e+10
3.08633e+07,6766.65,2.86924e+06,1.47783e+11,-2.57573e+10,1.47428e+11,-2.56573e+10
3.08696e+07,6669.08,2.86925e+06,1.47815e+11,-2.55722e+10,1.47459e+11,-2.54787e+10
3.0876e+07,6572.21,2.86925e+06,1.47847e+11,-2.53871e+10,1.47489e+11,-2.53001e+10
3.08823e+07,6476.04,2.86926e+06,1.47878e+11,-2.52019e+10,1.47519e+11,-2.51215e+10
3.08886e+07,6380.58,2.86927e+06,1.4791e+11,-2.50167e+10,1.47549e+11,-2.49428e+10
3.08949e+07,6285.82,2.86928e+06,1.47941e+11,-2.48315e+10,1.47579e+11,-2.47642e+10
3.09012e+07,6191.77,2.86929e+06,1.47972e+11,-2.46462e+10,1.47609e+11,-2.45855e+10
3.09075e+07,6098.42,2.86929e+06,1.48003e+11,-2.44608e+10,1.47639e+11,-2.44068e+10
3.09138e+07,6005.78,2.8693e+06,1.48033e+11,-2.42755e+10,1.47669e+11,-2.42281e+10
3.09201e+07,5913.84,2.86931e+06,1.48063e+11,-2.40901e+10,1.47698e+11,-2.40493e+10
3.09264e+07,5822.6,2.86932e+06,1.48093e+11,-2.39046e+10,1.47727e+11,-2.38706e+10
3.09328e+07,5732.07,2.86932e+06,1.48123e+11,-2.37191e+10,1.47757e+11,-2.36918e+10
3.09391e+07,5642.24,2.86933e+06,1.48153e+11,-2.35336e+10,1.47786e+11,-2.3513e+10
3.09454e+07,5553.12,2.86934e+06,1.48182e+11,-2.33481e+10,1.47815e+11,-2.33341e+10
3.09517e+07,5464.7,2.86934e+06,1.48211e+11,-2.31625e+10,1.47844e+11,-2.31552e+10
3.0958e+07,5376.99,2.86935e+06,1.4824e+11,-2.29768e+10,1.47873e+11,-2.29763e+10
3.09643e+07,5289.99,2.86936e+06,1.48269e+11,-2.27912e+10,1.47901e+11,-2.27974e+10
3.09706e+07,5203.69,2.86936e+06,1.48297e+11,-2.26055e+10,1.4793e+11,-2.26184e+10
3.09769e+07,5118.09,2.86937e+06,1.48325e+11,-2.24197e+10,1.47959e+11,-2.24393e+10
3.09833e+07,5033.21,2.86938e+06,1.48353e+11,-2.2234e+10,1.47987e+11,-2.22603e+10
3.09896e+07,4949.02,2.86938e+06,1.48381e+11,-2.20482e+10,1.48015e+11,-2.20812e+10
3.09959e+07,4865.55,2.86939e+06,1.48408e+11,-2.18623e+10,1.48043e+11,-2.1902e+10
3.10022e+07,4782.78,2.8694e+06,1.48436e+11,-2.16764e+10,1.48071e+11,-2.17228e+10
3.10085e+07,4700.71,2.8694e+06,1.48463e+11,-2.14905e+10,1.48099e+11,-2.15435e+10
3.10148e+07,4619.36,2.86941e+06,1.48489e+11,-2.13046e+10,1.48127e+11,-2.13642e+10
3.10211e+07,4538.7,2.86941e+06,1.48516e+11,-2.11186e+10,1.48155e+11,-2.11849e+10
3.10274e+07,4458.76,2.86942e+06,1.48542e+11,-2.09326e+10,1.48182e+11,-2.10055e+10
3.10337e+07,4379.52,2.86942e+06,1.48568e+11,-2.07466e+10,1.4821e+11,-2.0826e+10
3.10401e+07,4300.99,2.86943e+06,1.48594e+11,-2.05605e+10,1.48237e+11,-2.06465e+10
3.10464e+07,4223.17,2.86943e+06,1.4862e+11,-2.03744e+10,1.48264e+11,-2.04669e+10
3.10527e+07,4146.05,2.86944e+06,1.48645e+11,-2.01883e+10,1.48291e+11,-2.02872e+10
3.1059e+07,4069.65,2.86945e+06,1.4867e+11,-2.00021e+10,1.48318e+11,-2.01075e+10
3.10653e+07,3993.95,2.86945e+06,1.48695e+11,-1.98159e+10,1.48345e+11,-1.99277e+10
3.10716e+07,3918.95,2.86946e+06,1.4872e+11,-1.96297e+10,1.48372e+11,-1.97479e+10
3.10779e+07,3844.67,2.86946e+06,1.48744e+11,-1.94434e+10,1.48398e+11,-1.95679e+10
3.10842e+07,3771.09,2.86946e+06,1.48768e+11,-1.92571e+10,1.48425e+11,-1.9388e+10
3.10905e+07,3698.22,2.86947e+06,1.48792e+11,-1.90708e+10,1.48451e+11,-1.92079e+10
3.10969e+07,3626.06,2.86947e+06,1.48816e+11,-1.88845e+10,1.48477e+11,-1.90278e+10
3.11032e+07,3554.6,2.86948e+06,1.48839e+11,-1.86981e+10,1.48504e+11,-1.88476e+10
3.11095e+07,3483.86,2.86948e+06,1.48862e+11,-1.85117e+10,1.48529e+11,-1.86673e+10
3.11158e+07,3413.82,2.86949e+06,1.48886e+11,-1.83252e+10,1.48555e+11,-1.84869e+10
3.11221e+07,3344.49,2.86949e+06,1.48908e+11,-1.81388e+10,1.48581e+11,-1.83065e+10
3.11284e+07,3275.87,2.8695e+06,1.48931e+11,-1.79523e+10,1.48607e+11,-1.81259e+10
3.11347e+07,3207.96,2.8695e+06,1.48953e+11,-1.77658e+10,1.48632e+11,-1.79453e+10
3.1141e+07,3140.76,2.8695e+06,1.48975e+11,-1.75792e+10,1.48657e+11,-1.77646e+10
3.11474e+07,3074.27,2.86951e+06,1.48997e+11,-1.73927e+10,1.48683e+11,-1.75838e+10
3.11537e+07,3008.48,2.86951e+06,1.49019e+11,-1.72061e+10,1.48708e+11,-1.74029e+10
3.116e+07,2943.41,2.86952e+06,1.4904e+11,-1.70194e+10,1.48733e+11,-1.7222e+10
3.11663e+07,2879.04,2.86952e+06,1.49061e+11,-1.68328e+10,1.48757e+11,-1.70409e+10
3.11726e+07,2815.38,2.86952e+06,1.49082e+11,-1.66461e+10,1.48782e+11,-1.68598e+10
3.11789e+07,2752.44,2.86953e+06,1.49103e+11,-1.64594e+10,1.48806e+11,-1.66785e+10
3.11852e+07,2690.2,2.86953e+06,1.49123e+11,-1.62727e+10,1.48831e+11,-1.64972e+10
3.11915e+07,2628.67,2.86953e+06,1.49143e+11,-1.60859e+10,1.48855e+11,-1.63158e+10
3.11978e+07,2567.85,2.86954e+06,1.49163e+11,-1.58992e+10,1.48879e+11,-1.61342e+10
3.12042e+07,2507.74,2.86954e+06,1.49183e+11,-1.57124e+10,1.48903e+11,-1.59526e+10
3.12105e+07,2448.34,2.86954e+06,1.49202e+11,-1.55256e+10,1.48927e+11,-1.57709e+10
3.12168e+07,2389.66,2.86955e+06,1.49222e+11,-1.53387e+10,1.4895e+11,-1.5589e+10
3.12231e+07,2331.68,2.86955e+06,1.49241e+11,-1.51518e+10,1.48974e+11,-1.54071e+10
3.12294e+07,2274.41,2.86955e+06,1.4926e+11,-1.49649e+10,1.48997e+11,-1.5225e+10
3.12357e+07,2217.85,2.86955e+06,1.49278e+11,-1.4778e+10,1.4902e+11,-1.50429e+10
3.1242e+07,2162,2.86956e+06,1.49296e+11,-1.45911e+10,1.49044e+11,-1.48606e+10
3.12483e+07,2106.87,2.86956e+06,1.49315e+11,-1.44041e+10,1.49066e+11,-1.46782e+10
3.12546e+07,2052.44,2.86956e+06,1.49332e+11,-1.42172e+10,1.49089e+11,-1.44958e+10
3.1261e+07,1998.72,2.86956e+06,1.4935e+11,-1.40302e+10,1.49112e+11,-1.43132e+10
3.12673e+07,1945.72,2.86957e+06,1.49367e+11,-1.38431e+10,1.49134e+11,-1.41305e+10
3.12736e+07,1893.42,2.86957e+06,1.49384e+11,-1.36561e+10,1.49156e+11,-1.39477e+10
3.12799e+07,1841.84,2.86957e+06,1.49401e+11,-1.3469e+10,1.49178e+11,-1.37648e+10
3.12862e+07,1790.97,2.86957e+06,1.49418e+11,-1.3282e+10,1.492e+11,-1.35817e+10
3.12925e+07,1740.81,2.86958e+06,1.49435e+11,-1.30949e+10,1.49222e+11,-1.33986e+10
3.12988e+07,1691.36,2.86958e+06,1.49451e+11,-1.29077e+10,1.49244e+11,-1.32153e+10
3.13051e+07,1642.62,2.86958e+06,1.49467e+11,-1.27206e+10,1.49265e+11,-1.30319e+10
3.13115e+07,1594.59,2.86958e+06,1.49482e+11,-1.25334e+10,1.49286e+11,-1.28484e+10
3.13178e+07,1547.27,2.86958e+06,1.49498e+11,-1.23463e+10,1.49307e+11,-1.26648e+10
3.13241e+07,1500.67,2.86959e+06,1.49513e+11,-1.21591e+10,1.49328e+11,-1.2481e+10
3.13304e+07,1454.77,2.86959e+06,1.49528e+11,-1.19719e+10,1.49349e+11,-1.22972e+10
3.13367e+07,1409.59,2.86959e+06,1.49543e+11,-1.17846e+10,1.4937e+11,-1.21132e+10
3.1343e+07,1365.12,2.86959e+06,1.49558e+11,-1.15974e+10,1.4939e+11,-1.19291e+10
3.13493e+07,1321.36,2.86959e+06,1.49572e+11,-1.14101e+10,1.4941e+11,-1.17449e+10
3.13556e+07,1278.32,2.86959e+06,1.49586e+11,-1.12228e+10,1.4943e+11,-1.15606e+10
3.13619e+07,1235.98,2.8696e+06,1.496e+11,-1.10355e+10,1.4945e+11,-1.13761e+10
3.13683e+07,1194.36,2.8696e+06,1.49613e+11,-1.08482e+10,1.49469e+11,-1.11915e+10
3.13746e+07,1153.45,2.8696e+06,1.49627e+11,-1.06609e+10,1.49489e+11,-1.10068e+10
3.13809e+07,1113.25,2.8696e+06,1.4964e+11,-1.04736e+10,1.49508e+11,-1.0822e+10
3.13872e+07,1073.76,2.8696e+06,1.49653e+11,-1.02862e+10,1.49527e+11,-1.0637e+10
3.13935e+07,1034.99,2.8696e+06,1.49666e+11,-1.00988e+10,1.49546e+11,-1.04519e+10
3.13998e+07,996.925,2.8696e+06,1.49678e+11,-9.91144e+09,1.49565e+11,-1.02667e+10
3.14061e+07,959.575,2.86961e+06,1.4969e+11,-9.72404e+09,1.49583e+11,-1.00814e+10
3.14124e+07,922.937,2.86961e+06,1.49702e+11,-9.53662e+09,1.49601e+11,-9.89593e+09
3.14187e+07,887.011,2.86961e+06,1.49714e+11,-9.34919e+09,1.49619e+11,-9.71034e+09
3.14251e+07,851.798,2.86961e+06,1.49725e+11,-9.16175e+09,1.49637e+11,-9.52464e+09
3.14314e+07,817.298,2.86961e+06,1.49737e+11,-8.97429e+09,1.49655e+11,-9.33881e+09
3.14377e+07,783.51,2.86961e+06,1.49748e+11,-8.78682e+09,1.49672e+11,-9.15285e+09
3.1444e+07,750.435,2.86961e+06,1.49759e+11,-8.59934e+09,1.49689e+11,-8.96676e+09
3.14503e+07,718.072,2.86961e+06,1.49769e+11,-8.41185e+09,1.49706e+11,-8.78056e+09
3.14566e+07,686.422,2.86961e+06,1.4978e+11,-8.22434e+09,1.49723e+11,-8.59422e+09
3.14629e+07,655.485,2.86961e+06,1.4979e+11,-8.03683e+09,1.4974e+11,-8.40776e+09
3.14692e+07,625.261,2.86962e+06,1.49799e+11,-7.8493e+09,1.49756e+11,-8.22118e+09
3.14756e+07,595.75,2.86962e+06,1.49809e+11,-7.66176e+09,1.49772e+11,-8.03446e+09
3.14819e+07,566.951,2.86962e+06,1.49819e+11,-7.47421e+09,1.49788e+11,-7.84763e+09
3.14882e+07,538.866,2.86962e+06,1.49828e+11,-7.28665e+09,1.49804e+11,-7.66067e+09
3.14945e+07,511.494,2.86962e+06,1.49837e+11,-7.09908e+09,1.49819e+11,-7.47358e+09
3.15008e+07,484.834,2.86962e+06,1.49845e+11,-6.9115e+09,1.49834e+11,-7.28637e+09
3.15071e+07,458.888,2.86962e+06,1.49854e+11,-6.72391e+09,1.49849e+11,-7.09904e+09
3.15134e+07,433.655,2.86962e+06,1.49862e+11,-6.53632e+09,1.49864e+11,-6.91158e+09
3.15197e+07,409.135,2.86962e+06,1.4987e+11,-6.34871e+09,1.49879e+11,-6.724e+09
3.1526e+07,385.328,2.86962e+06,1.49878e+11,-6.16109e+09,1.49893e+11,-6.53629e+09
3.15324e+07,362.235,2.86962e+06,1.49885e+11,-5.97347e+09,1.49907e+11,-6.34846e+09
3.15387e+07,339.854,2.86962e+06,1.49893e+11,-5.78584e+09,1.49921e+11,-6.16052e+09
3.1545e+07,318.188,2.86962e+06,1.499e+11,-5.5982e+09,1.49934e+11,-5.97244e+09
3.15513e+07,297.234,2.86962e+06,1.49906e+11,-5.41055e+09,1.49948e+11,-5.78425e+09
3.15576e+07,276.994,2.86962e+06,1.49913e+11,-5.2229e+09,1.49961e+11,-5.59594e+09
3.15639e+07,257.467,2.86962e+06,1.49919e+11,-5.03524e+09,1.49973e+11,-5.4075e+09
3.15702e+07,238.654,2.86962e+06,1.49925e+11,-4.84757e+09,1.49986e+11,-5.21895e+09
3.15765e+07,220.554,2.86962e+06,1.49931e+11,-4.6599e+09,1.49998e+11,-5.03028e+09
3.15828e+07,203.168,2.86962e+06,1.49937e+11,-4.47222e+09,1.5001e+11,-4.84149e+09
3.15892e+07,186.495,2.86962e+06,1.49942e+11,-4.28453e+09,1.50022e+11,-4.65258e+09
3.15955e+07,170.536,2.86963e+06,1.49948e+11,-4.09684e+09,1.50034e+11,-4.46356e+09
3.16018e+07,155.291,2.86963e+06,1.49952e+11,-3.90915e+09,1.50045e+11,-4.27442e+09
3.16081e+07,140.759,2.86963e+06,1.49957e+11,-3.72145e+09,1.50056e+11,-4.08517e+09
3.16144e+07,126.941,2.86963e+06,1.49962e+11,-3.53374e+09,1.50067e+11,-3.8958e+09
3.16207e+07,113.836,2.86963e+06,1.49966e+11,-3.34603e+09,1.50077e+11,-3.70632e+09
3.1627e+07,101.445,2.86963e+06,1.4997e+11,-3.15832e+09,1.50087e+11,-3.51672e+09
3.16333e+07,89.7679,2.86963e+06,1.49974e+11,-2.9706e+09,1.50097e+11,-3.32702e+09
3.16396e+07,78.8044,2.86963e+06,1.49977e+11,-2.78288e+09,1.50107e+11,-3.1372e+09
3.1646e+07,68.5546,2.86963e+06,1.4998e+11,-2.59516e+09,1.50116e+11,-2.94727e+09
3.16523e+07,59.0186,2.86963e+06,1.49984e+11,-2.40744e+09,1.50126e+11,-2.75724e+09
3.16586e+07,50.1964,2.86963e+06,1.49986e+11,-2.21971e+09,1.50134e+11,-2.5671e+09
3.16649e+07,42.0879,2.86963e+06,1.49989e+11,-2.03198e+09,1.50143e+11,-2.37685e+09
3.16712e+07,34.6933,2.86963e+06,1.49991e+11,-1.84424e+09,1.50151e+11,-2.1865e+09
3.16775e+07,28.0124,2.86963e+06,1.49993e+11,-1.65651e+09,1.50159e+11,-1.99604e+09
3.16838e+07,22.0454,2.86963e+06,1.49995e+11,-1.46878e+09,1.50167e+11,-1.80548e+09
3.16901e+07,16.7921,2.86963e+06,1.49997e+11,-1.28104e+09,1.50175e+11,-1.61482e+09
3.16965e+07,12.2528,2.86963e+06,1.49998e+11,-1.0933e+09,1.50182e+11,-1.42406e+09
3.17028e+07,8.42722,2.86963e+06,1.5e+11,-9.05564e+08,1.50189e+11,-1.23319e+09
3.17091e+07,5.31553,2.86963e+06,1.50001e+11,-7.17826e+08,1.50195e+11,-1.04223e+09
3.17154e+07,2.91769,2.86963e+06,1.50001e+11,-5.30088e+08,1.50201e+11,-8.51178e+08
3.17217e+07,1.2337,2.86963e+06,1.50002e+11,-3.4235e+08,1.50207e+11,-6.60026e+08
3.1728e+07,0.263571,2.86963e+06,1.50002e+11,-1.54613e+08,1.50213e+11,-4.6878e+08
3.17343e+07,0.00730286,2.86963e+06,1.50002e+11,3.31235e+07,1.50219e+11,-2.77441e+08
3.17406e+07,0.464895,2.86963e+06,1.50002e+11,2.20859e+08,1.50224e+11,-8.60112e+07
3.17469e+07,1.63635,2.86963e+06,1.50001e+11,4.08592e+08,1.50228e+11,1.05509e+08
3.17533e+07,3.52166,2.86963e+06,1.50001e+11,5.96324e+08,1.50233e+11,2.97117e+08
3.17596e+07,6.12082,2.86963e+06,1.5e+11,7.84054e+08,1.50237e+11,4.88812e+08
3.17659e+07,9.43384,2.86963e+06,1.49999e+11,9.71782e+08,1.50241e+11,6.80592e+08
3.17722e+07,13.4607,2.86963e+06,1.49997e+11,1.15951e+09,1.50245e+11,8.72456e+08
3.17785e+07,18.2014,2.86963e+06,1.49996e+11,1.34723e+09,1.50248e+11,1.0644e+09
3.17848e+07,23.6559,2.86963e+06,1.49994e+11,1.53495e+09,1.50251e+11,1.25643e+09
3.17911e+07,29.8243,2.86963e+06,1.49992e+11,1.72266e+09,1.50254e+11,1.44854e+09
3.17974e+07,36.7065,2.86963e+06,1.49989e+11,1.91038e+09,1.50256e+11,1.64072e+09
3.18037e+07,44.3024,2.86963e+06,1.49987e+11,2.09808e+09,1.50258e+11,1.83298e+09
3.18101e+07,52.6122,2.86963e+06,1.49984e+11,2.28579e+09,1.5026e+11,2.02531e+09
3.18164e+07,61.6357,2.86963e+06,1.49981e+11,2.47349e+09,1.50261e+11,2.21772e+09
3.18227e+07,71.373,2.86963e+06,1.49978e+11,2.66118e+09,1.50262e+11,2.4102e+09
3.1829e+07,81.8241,2.86963e+06,1.49974e+11,2.84887e+09,1.50263e+11,2.60274e+09
3.18353e+07,92.9889,2.86963e+06,1.49971e+11,3.03656e+09,1.50264e+11,2.79536e+09
3.18416e+07,104.867,2.86963e+06,1.49967e+11,3.22423e+09,1.50264e+11,2.98804e+09
3.18479e+07,117.46,2.86963e+06,1.49962e+11,3.41191e+09,1.50264e+11,3.18078e+09
3.18542e+07,130.765,2.86963e+06,1.49958e+11,3.59957e+09,1.50263e+11,3.37359e+09
3.18606e+07,144.785,2.86963e+06,1.49953e+11,3.78723e+09,1.50262e+11,3.56645e+09
3.18669e+07,159.518,2.86963e+06,1.49948e+11,3.97489e+09,1.50261e+11,3.75938e+09
3.18732e+07,174.965,2.86963e+06,1.49943e+11,4.16253e+09,1.5026e+11,3.95236e+09
3.18795e+07,191.125,2.86963e+06,1.49938e+11,4.35017e+09,1.50258e+11,4.14539e+09
3.18858e+07,207.999,2.86963e+06,1.49932e+11,4.5378e+09,1.50256e+11,4.33848e+09
3.18921e+07,225.587,2.86963e+06,1.49926e+11,4.72543e+09,1.50253e+11,4.53162e+09
3.18984e+07,243.888,2.86963e+06,1.4992e+11,4.91304e+09,1.50251e+11,4.72481e+09
3.19047e+07,262.902,2.86963e+06,1.49914e+11,5.10065e+09,1.50248e+11,4.91804e+09
3.1911e+07,282.63,2.86963e+06,1.49908e+11,5.28825e+09,1.50244e+11,5.11132e+09
3.19174e+07,303.071,2.86963e+06,1.49901e+11,5.47584e+09,1.5024e+11,5.30464e+09
3.19237e+07,324.226,2.86963e+06,1.49894e+11,5.66342e+09,1.50236e+11,5.49801e+09
3.193e+07,346.094,2.86963e+06,1.49887e+11,5.85099e+09,1.50232e+11,5.69141e+09
3.19363e+07,368.675,2.86963e+06,1.49879e+11,6.03855e+09,1.50227e+11,5.88485e+09
3.19426e+07,391.97,2.86963e+06,1.49871e+11,6.2261e+09,1.50222e+11,6.07833e+09
3.19489e+07,415.978,2.86963e+06,1.49864e+11,6.41364e+09,1.50217e+11,6.27184e+09
3.19552e+07,440.699,2.86963e+06,1.49855e+11,6.60118e+09,1.50211e+11,6.46538e+09
3.19615e+07,466.133,2.86963e+06,1.49847e+11,6.7887e+09,1.50205e+11,6.65894e+09
3.19678e+07,492.281,2.86963e+06,1.49838e+11,6.9762e+09,1.50198e+11,6.85254e+09
3.19742e+07,519.141,2.86963e+06,1.49829e+11,7.1637e+09,1.50192e+11,7.04616e+09
3.19805e+07,546.715,2.86964e+06,1.4982e+11,7.35119e+09,1.50185e+11,7.2398e+09
3.19868e+07,575.001,2.86964e+06,1.49811e+11,7.53866e+09,1.50177e+11,7.43347e+09
3.19931e+07,604.001,2.86964e+06,1.49801e+11,7.72612e+09,1.50169e+11,7.62715e+09
3.19994e+07,633.713,2.86964e+06,1.49792e+11,7.91357e+09,1.50161e+11,7.82085e+09
3.20057e+07,664.138,2.86964e+06,1.49782e+11,8.10101e+09,1.50153e+11,8.01456e+09
3.2012e+07,695.276,2.86964e+06,1.49771e+11,8.28843e+09,1.50144e+11,8.20829e+09
3.20183e+07,727.127,2.86964e+06,1.49761e+11,8.47584e+09,1.50135e+11,8.40203e+09
3.20247e+07,759.691,2.86964e+06,1.4975e+11,8.66324e+09,1.50125e+11,8.59577e+09
3.2031e+07,792.967,2.86964e+06,1.49739e+11,8.85062e+09,1.50116e+11,8.78952e+09
3.20373e+07,826.956,2.86964e+06,1.49728e+11,9.03799e+09,1.50105e+11,8.98327e+09
3.20436e+07,861.657,2.86964e+06,1.49717e+11,9.22535e+09,1.50095e+11,9.17703e+09
3.20499e+07,897.071,2.86965e+06,1.49705e+11,9.41269e+09,1.50084e+11,9.37078e+09
3.20562e+07,933.197,2.86965e+06,1.49693e+11,9.60001e+09,1.50073e+11,9.56454e+09
3.20625e+07,970.036,2.86965e+06,1.49681e+11,9.78732e+09,1.50061e+11,9.75828e+09
3.20688e+07,1007.59,2.86965e+06,1.49669e+11,9.97461e+09,1.5005e+11,9.95203e+09
3.20751e+07,1045.85,2.86965e+06,1.49656e+11,1.01619e+10,1.50037e+11,1.01458e+10
3.20815e+07,1084.83,2.86965e+06,1.49643e+11,1.03492e+10,1.50025e+11,1.03395e+10
3.20878e+07,1124.51,2.86965e+06,1.4963e+11,1.05364e+10,1.50012e+11,1.05332e+10
3.20941e+07,1164.91,2.86965e+06,1.49617e+11,1.07236e+10,1.49999e+11,1.07269e+10
3.21004e+07,1206.03,2.86966e+06,1.49603e+11,1.09108e+10,1.49985e+11,1.09206e+10
3.21067e+07,1247.85,2.86966e+06,1.49589e+11,1.1098e+10,1.49971e+11,1.11142e+10
3.2113e+07,1290.39,2.86966e+06,1.49575e+11,1.12852e+10,1.49957e+11,1.13078e+10
3.21193e+07,1333.63,2.86966e+06,1.49561e+11,1.14724e+10,1.49942e+11,1.15014e+10
3.21256e+07,1377.59,2.86966e+06,1.49547e+11,1.16595e+10,1.49927e+11,1.1695e+10
3.21319e+07,1422.26,2.86966e+06,1.49532e+11,1.18467e+10,1.49912e+11,1.18886e+10
3.21383e+07,1467.65,2.86967e+06,1.49517e+11,1.20338e+10,1.49897e+11,1.20821e+10
3.21446e+07,1513.74,2.86967e+06,1.49502e+11,1.22208e+10,1.49881e+11,1.22756e+10
3.21509e+07,1560.55,2.86967e+06,1.49487e+11,1.24079e+10,1.49864e+11,1.24691e+10
3.21572e+07,1608.06,2.86967e+06,1.49471e+11,1.2595e+10,1.49848e+11,1.26625e+10
3.21635e+07,1656.29,2.86967e+06,1.49455e+11,1.2782e+10,1.49831e+11,1.28559e+10
3.21698e+07,1705.23,2.86968e+06,1.49439e+11,1.2969e+10,1.49813e+11,1.30492e+10
3.21761e+07,1754.88,2.86968e+06,1.49423e+11,1.3156e+10,1.49796e+11,1.32425e+10
3.21824e+07,1805.24,2.86968e+06,1.49406e+11,1.3343e+10,1.49778e+11,1.34358e+10
3.21888e+07,1856.32,2.86968e+06,1.49389e+11,1.35299e+10,1.49759e+11,1.3629e+10
3.21951e+07,1908.1,2.86968e+06,1.49372e+11,1.37168e+10,1.49741e+11,1.38221e+10
3.22014e+07,1960.6,2.86969e+06,1.49355e+11,1.39038e+10,1.49722e+11,1.40152e+10
3.22077e+07,2013.8,2.86969e+06,1.49338e+11,1.40906e+10,1.49702e+11,1.42083e+10
3.2214e+07,2067.72,2.86969e+06,1.4932e+11,1.42775e+10,1.49683e+11,1.44013e+10
3.22203e+07,2122.35,2.86969e+06,1.49302e+11,1.44644e+10,1.49663e+11,1.45942e+10
3.22266e+07,2177.68,2.8697e+06,1.49284e+11,1.46512e+10,1.49642e+11,1.47871e+10
3.22329e+07,2233.73,2.8697e+06,1.49265e+11,1.4838e+10,1.49622e+11,1.49799e+10
3.22392e+07,2290.49,2.8697e+06,1.49247e+11,1.50247e+10,1.49601e+11,1.51727e+10
3.22456e+07,2347.96,2.86971e+06,1.49228e+11,1.52115e+10,1.49579e+11,1.53654e+10
3.22519e+07,2406.14,2.86971e+06,1.49209e+11,1.53982e+10,1.49558e+11,1.5558e+10
3.22582e+07,2465.02,2.86971e+06,1.49189e+11,1.55849e+10,1.49536e+11,1.57505e+10
3.22645e+07,2524.62,2.86972e+06,1.4917e+11,1.57716e+10,1.49513e+11,1.5943e+10
3.22708e+07,2584.93,2.86972e+06,1.4915e+11,1.59583e+10,1.49491e+11,1.61354e+10
3.22771e+07,2645.95,2.86972e+06,1.4913e+11,1.61449e+10,1.49468e+11,1.63278e+10
3.22834e+07,2707.68,2.86973e+06,1.4911e+11,1.63315e+10,1.49444e+11,1.652e+10
3.22897e+07,2770.12,2.86973e+06,1.49089e+11,1.65181e+10,1.49421e+11,1.67122e+10
3.2296e+07,2833.26,2.86973e+06,1.49069e+11,1.67047e+10,1.49397e+11,1.69043e+10
3.23024e+07,2897.12,2.86974e+06,1.49048e+11,1.68912e+10,1.49372e+11,1.70963e+10
3.23087e+07,2961.69,2.86974e+06,1.49026e+11,1.70777e+10,1.49348e+11,1.72883e+10
3.2315e+07,3026.96,2.86974e+06,1.49005e+11,1.72642e+10,1.49323e+11,1.74801e+10
3.23213e+07,3092.95,2.86975e+06,1.48983e+11,1.74506e+10,1.49298e+11,1.76719e+10
3.23276e+07,3159.64,2.86975e+06,1.48961e+11,1.76371e+10,1.49272e+11,1.78635e+10
3.23339e+07,3227.04,2.86975e+06,1.48939e+11,1.78235e+10,1.49246e+11,1.80551e+10
3.23402e+07,3295.15,2.86976e+06,1.48917e+11,1.80098e+10,1.4922e+11,1.82466e+10
3.23465e+07,3363.97,2.86976e+06,1.48894e+11,1.81962e+10,1.49193e+11,1.8438e+10
3.23529e+07,3433.5,2.86977e+06,1.48871e+11,1.83825e+10,1.49166e+11,1.86293e+10
3.23592e+07,3503.74,2.86977e+06,1.48848e+11,1.85688e+10,1.49139e+11,1.88205e+10
3.23655e+07,3574.68,2.86978e+06,1.48825e+11,1.87551e+10,1.49112e+11,1.90116e+10
3.23718e+07,3646.34,2.86978e+06,1.48802e+11,1.89413e+10,1.49084e+11,1.92026e+10
3.23781e+07,3718.7,2.86979e+06,1.48778e+11,1.91275e+10,1.49056e+11,1.93935e+10
3.23844e+07,3791.77,2.86979e+06,1.48754e+11,1.93137e+10,1.49028e+11,1.95843e+10
3.23907e+07,3865.55,2.86979e+06,1.4873e+11,1.94998e+10,1.48999e+11,1.9775e+10
3.2397e+07,3940.03,2.8698e+06,1.48705e+11,1.9686e+10,1.4897e+11,1.99655e+10
3.24033e+07,4015.22,2.8698e+06,1.4868e+11,1.9872e+10,1.4894e+11,2.0156e+10
3.24097e+07,4091.12,2.86981e+06,1.48656e+11,2.00581e+10,1.48911e+11,2.03464e+10
3.2416e+07,4167.73,2.86981e+06,1.4863e+11,2.02441e+10,1.48881e+11,2.05366e+10
3.24223e+07,4245.05,2.86982e+06,1.48605e+11,2.04301e+10,1.48851e+11,2.07268e+10
3.24286e+07,4323.07,2.86983e+06,1.48579e+11,2.06161e+10,1.4882e+11,2.09168e+10
3.24349e+07,4401.8,2.86983e+06,1.48554e+11,2.0802e+10,1.48789e+11,2.11067e+10
3.24412e+07,4481.24,2.86984e+06,1.48528e+11,2.09879e+10,1.48758e+11,2.12965e+10
3.24475e+07,4561.38,2.86984e+06,1.48501e+11,2.11738e+10,1.48727e+11,2.14861e+10
3.24538e+07,4642.23,2.86985e+06,1.48475e+11,2.13596e+10,1.48695e+11,2.16757e+10
3.24601e+07,4723.79,2.86985e+06,1.48448e+11,2.15454e+10,1.48663e+11,2.18651e+10
3.24665e+07,4806.05,2.86986e+06,1.48421e+11,2.17312e+10,1.48631e+11,2.20544e+10
3.24728e+07,4889.02,2.86987e+06,1.48394e+11,2.1917e+10,1.48598e+11,2.22436e+10
3.24791e+07,4972.69,2.86987e+06,1.48366e+11,2.21027e+10,1.48565e+11,2.24326e+10
3.24854e+07,5057.08,2.86988e+06,1.48338e+11,2.22883e+10,1.48532e+11,2.26216e+10
3.24917e+07,5142.16,2.86988e+06,1.48311e+11,2.2474e+10,1.48499e+11,2.28104e+10
3.2498e+07,5227.96,2.86989e+06,1.48282e+11,2.26596e+10,1.48465e+11,2.2999e+10
3.25043e+07,5314.46,2.8699e+06,1.48254e+11,2.28452e+10,1.48431e+11,2.31876e+10
3.25106e+07,5401.66,2.8699e+06,1.48225e+11,2.30307e+10,1.48396e+11,2.3376e+10
3.2517e+07,5489.57,2.86991e+06,1.48197e+11,2.32162e+10,1.48362e+11,2.35643e+10
3.25233e+07,5578.18,2.86992e+06,1.48167e+11,2.34017e+10,1.48327e+11,2.37524e+10
3.25296e+07,5667.51,2.86993e+06,1.48138e+11,2.35871e+10,1.48292e+11,2.39404e+10
3.25359e+07,5757.53,2.86993e+06,1.48109e+11,2.37725e+10,1.48256e+11,2.41283e+10
3.25422e+07,5848.26,2.86994e+06,1.48079e+11,2.39579e+10,1.48221e+11,2.4316e+10
3.25485e+07,5939.69,2.86995e+06,1.48049e+11,2.41432e+10,1.48185e+11,2.45036e+10
3.25548e+07,6031.83,2.86995e+06,1.48019e+11,2.43285e+10,1.48149e+11,2.46911e+10
3.25611e+07,6124.68,2.86996e+06,1.47988e+11,2.45137e+10,1.48112e+11,2.48784e+10
3.25674e+07,6218.23,2.86997e+06,1.47957e+11,2.4699e+10,1.48075e+11,2.50656e+10
3.25738e+07,6312.48,2.86998e+06,1.47926e+11,2.48841e+10,1.48038e+11,2.52527e+10
3.25801e+07,6407.43,2.86999e+06,1.47895e+11,2.50693e+10,1.48001e+11,2.54396e+10
3.25864e+07,6503.09,2.86999e+06,1.47864e+11,2.52544e+10,1.47964e+11,2.56263e+10
3.25927e+07,6599.46,2.87e+06,1.47832e+11,2.54394e+10,1.47926e+11,2.58129e+10
3.2599e+07,6696.52,2.87001e+06,1.478e+11,2.56245e+10,1.47888e+11,2.59994e+10
3.26053e+07,6794.29,2.87002e+06,1.47768e+11,2.58094e+10,1.47849e+11,2.61857e+10
3.26116e+07,6892.77,2.87003e+06,1.47736e+11,2.59944e+10,1.47811e+11,2.63719e+10
3.26179e+07,6991.94,2.87004e+06,1.47703e+11,2.61793e+10,1.47772e+11,2.65579e+10
3.26242e+07,7091.82,2.87004e+06,1.47671e+11,2.63642e+10,1.47733e+11,2.67438e+10
3.26306e+07,7192.4,2.87005e+06,1.47638e+11,2.6549e+10,1.47694e+11,2.69296e+10
3.26369e+07,7293.69,2.87006e+06,1.47604e+11,2.67338e+10,1.47654e+11,2.71152e+10
3.26432e+07,7395.68,2.87007e+06,1.47571e+11,2.69185e+10,1.47614e+11,2.73006e+10
3.26495e+07,7498.37,2.87008e+06,1.47537e+11,2.71032e+10,1.47574e+11,2.74859e+10
3.26558e+07,7601.76,2.87009e+06,1.47503e+11,2.72879e+10,1.47534e+11,2.76711e+10
3.26621e+07,7705.85,2.8701e+06,1.47469e+11,2.74725e+10,1.47493e+11,2.7856e+10
3.26684e+07,7810.65,2.87011e+06,1.47435e+11,2.76571e+10,1.47453e+11,2.80409e+10
3.26747e+07,7916.14,2.87012e+06,1.474e+11,2.78416e+10,1.47412e+11,2.82256e+10
3.26811e+07,8022.34,2.87013e+06,1.47365e+11,2.80261e+10,1.4737e+11,2.84101e+10
3.26874e+07,8129.24,2.87014e+06,1.4733e+11,2.82106e+10,1.47329e+11,2.85945e+10
3.26937e+07,8236.84,2.87015e+06,1.47295e+11,2.8395e+10,1.47287e+11,2.87787e+10
3.27e+07,8345.14,2.87016e+06,1.47259e+11,2.85794e+10,1.47245e+11,2.89628e+10
3.27063e+07,8454.14,2.87017e+06,1.47223e+11,2.87637e+10,1.47203e+11,2.91468e+10
3.27126e+07,8563.85,2.87018e+06,1.47187e+11,2.8948e+10,1.47161e+11,2.93305e+10
3.27189e+07,8674.25,2.87019e+06,1.47151e+11,2.91322e+10,1.47118e+11,2.95142e+10
3.27252e+07,8785.35,2.8702e+06,1.47115e+11,2.93164e+10,1.47075e+11,2.96976e+10
3.27315e+07,8897.16,2.87021e+06,1.47078e+11,2.95006e+10,1.47032e+11,2.98809e+10
3.27379e+07,9009.66,2.87023e+06,1.47041e+11,2.96847e+10,1.46989e+11,3.00641e+10
3.27442e+07,9122.86,2.87024e+06,1.47004e+11,2.98687e+10,1.46946e+11,3.02471e+10
3.27505e+07,9236.77,2.87025e+06,1.46966e+11,3.00527e+10,1.46902e+11,3.043e+10
3.27568e+07,9351.37,2.87026e+06,1.46929e+11,3.02367e+10,1.46858e+11,3.06127e+10
3.27631e+07,9466.67,2.87027e+06,1.46891e+11,3.04206e+10,1.46814e+11,3.07952e+10
3.27694e+07,9582.67,2.87028e+06,1.46853e+11,3.06045e+10,1.4677e+11,3.09776e+10
3.27757e+07,9699.37,2.8703e+06,1.46815e+11,3.07883e+10,1.46725e+11,3.11598e+10
3.2782e+07,9816.77,2.87031e+06,1.46776e+11,3.09721e+10,1.4668e+11,3.13419e+10
3.27883e+07,9934.86,2.87032e+06,1.46737e+11,3.11558e+10,1.46635e+11,3.15238e+10
3.27947e+07,10053.7,2.87033e+06,1.46698e+11,3.13395e+10,1.4659e+11,3.17056e+10
3.2801e+07,10173.1,2.87035e+06,1.46659e+11,3.15232e+10,1.46545e+11,3.18872e+10
3.28073e+07,10293.3,2.87036e+06,1.4662e+11,3.17068e+10,1.46499e+11,3.20687e+10
3.28136e+07,10414.2,2.87037e+06,1.4658e+11,3.18903e+10,1.46454e+11,3.225e+10
3.28199e+07,10535.8,2.87038e+06,1.4654e+11,3.20738e+10,1.46408e+11,3.24312e+10
3.28262e+07,10658.1,2.8704e+06,1.465e+11,3.22572e+10,1.46362e+11,3.26122e+10
3.28325e+07,10781.1,2.87041e+06,1.46459e+11,3.24406e+10,1.46315e+11,3.2793e+10
3.28388e+07,10904.8,2.87042e+06,1.46419e+11,3.2624e+10,1.46269e+11,3.29737e+10
3.28452e+07,11029.1,2.87044e+06,1.46378e+11,3.28073e+10,1.46222e+11,3.31543e+10
3.28515e+07,11154.2,2.87045e+06,1.46337e+11,3.29905e+10,1.46175e+11,3.33347e+10
3.28578e+07,11280,2.87047e+06,1.46296e+11,3.31737e+10,1.46128e+11,3.35149e+10
3.28641e+07,11406.4,2.87048e+06,1.46254e+11,3.33569e+10,1.46081e+11,3.3695e+10
3.28704e+07,11533.6,2.8705e+06,1.46212e+11,3.354e+10,1.46034e+11,3.38749e+10
3.28767e+07,11661.4,2.87051e+06,1.4617e+11,3.3723e+10,1.45986e+11,3.40547e+10
3.2883e+07,11790,2.87052e+06,1.46128e+11,3.3906e+10,1.45938e+11,3.42343e+10
3.28893e+07,11919.2,2.87054e+06,1.46086e+11,3.40889e+10,1.45891e+11,3.44138e+10
3.28956e+07,12049.2,2.87055e+06,1.46043e+11,3.42718e+10,1.45842e+11,3.45932e+10
3.2902e+07,12179.8,2.87057e+06,1.46e+11,3.44547e+10,1.45794e+11,3.47724e+10
3.29083e+07,12311.1,2.87058e+06,1.45957e+11,3.46374e+10,1.45746e+11,3.49514e+10
3.29146e+07,12443.2,2.8706e+06,1.45913e+11,3.48202e+10,1.45697e+11,3.51303e+10
3.29209e+07,12575.9,2.87062e+06,1.4587e+11,3.50029e+10,1.45648e+11,3.53091e+10
3.29272e+07,12709.3,2.87063e+06,1.45826e+11,3.51855e+10,1.45599e+11,3.54877e+10
3.29335e+07,12843.4,2.87065e+06,1.45782e+11,3.5368e+10,1.4555e+11,3.56661e+10
3.29398e+07,12978.2,2.87066e+06,1.45738e+11,3.55506e+10,1.45501e+11,3.58445e+10
3.29461e+07,13113.7,2.87068e+06,1.45693e+11,3.5733e+10,1.45452e+11,3.60226e+10
3.29524e+07,13249.9,2.8707e+06,1.45648e+11,3.59154e+10,1.45402e+11,3.62007e+10
3.29588e+07,13386.8,2.87071e+06,1.45603e+11,3.60978e+10,1.45352e+11,3.63786e+10
3.29651e+07,13524.3,2.87073e+06,1.45558e+11,3.62801e+10,1.45303e+11,3.65563e+10
3.29714e+07,13662.6,2.87075e+06,1.45513e+11,3.64623e+10,1.45253e+11,3.67339e+10
3.29777e+07,13801.6,2.87076e+06,1.45467e+11,3.66445e+10,1.45202e+11,3.69114e+10
3.2984e+07,13941.2,2.87078e+06,1.45421e+11,3.68266e+10,1.45152e+11,3.70887e+10
3.29903e+07,14081.6,2.8708e+06,1.45375e+11,3.70087e+10,1.45102e+11,3.72659e+10
3.29966e+07,14222.6,2.87082e+06,1.45329e+11,3.71907e+10,1.45051e+11,3.7443e+10
3.30029e+07,14364.3,2.87083e+06,1.45282e+11,3.73726e+10,1.45e+11,3.76199e+10
3.30092e+07,14506.7,2.87085e+06,1.45235e+11,3.75545e+10,1.44949e+11,3.77967e+10
3.30156e+07,14649.8,2.87087e+06,1.45188e+11,3.77364e+10,1.44898e+11,3.79734e+10
3.30219e+07,14793.6,2.87089e+06,1.45141e+11,3.79182e+10,1.44847e+11,3.81499e+10
3.30282e+07,14938.1,2.87091e+06,1.45094e+11,3.80999e+10,1.44796e+11,3.83263e+10
3.30345e+07,15083.3,2.87093e+06,1.45046e+11,3.82815e+10,1.44744e+11,3.85026e+10
3.30408e+07,15229.2,2.87095e+06,1.44998e+11,3.84631e+10,1.44693e+11,3.86787e+10
3.30471e+07,15375.7,2.87097e+06,1.4495e+11,3.86447e+10,1.44641e+11,3.88547e+10
3.30534e+07,15523,2.87098e+06,1.44901e+11,3.88262e+10,1.44589e+11,3.90306e+10
3.30597e+07,15670.9,2.871e+06,1.44853e+11,3.90076e+10,1.44537e+11,3.92064e+10
3.30661e+07,15819.6,2.87102e+06,1.44804e+11,3.9189e+10,1.44485e+11,3.9382e+10
3.30724e+07,15968.9,2.87104e+06,1.44755e+11,3.93703e+10,1.44433e+11,3.95575e+10
3.30787e+07,16118.9,2.87106e+06,1.44705e+11,3.95515e+10,1.4438e+11,3.9733e+10
3.3085e+07,16269.6,2.87108e+06,1.44656e+11,3.97327e+10,1.44328e+11,3.99082e+10
3.30913e+07,16421,2.8711e+06,1.44606e+11,3.99138e+10,1.44275e+11,4.00834e+10
3.30976e+07,16573,2.87112e+06,1.44556e+11,4.00949e+10,1.44222e+11,4.02585e+10
3.31039e+07,16725.8,2.87115e+06,1.44506e+11,4.02759e+10,1.44169e+11,4.04334e+10
3.31102e+07,16879.2,2.87117e+06,1.44455e+11,4.04568e+10,1.44116e+11,4.06082e+10
3.31165e+07,17033.4,2.87119e+06,1.44405e+11,4.06377e+10,1.44063e+11,4.07829e+10
3.31229e+07,17188.2,2.87121e+06,1.44354e+11,4.08185e+10,1.4401e+11,4.09576e+10
3.31292e+07,17343.7,2.87123e+06,1.44303e+11,4.09992e+10,1.43957e+11,4.1132e+10
3.31355e+07,17499.9,2.87125e+06,1.44251e+11,4.11799e+10,1.43903e+11,4.13064e+10
3.31418e+07,17656.8,2.87127e+06,1.442e+11,4.13605e+10,1.4385e+11,4.14807e+10
3.31481e+07,17814.4,2.8713e+06,1.44148e+11,4.15411e+10,1.43796e+11,4.16549e+10
3.31544e+07,17972.6,2.87132e+06,1.44096e+11,4.17216e+10,1.43742e+11,4.1829e+10
3.31607e+07,18131.5,2.87134e+06,1.44044e+11,4.1902e+10,1.43688e+11,4.2003e+10
3.3167e+07,18291.2,2.87136e+06,1.43991e+11,4.20824e+10,1.43634e+11,4.21769e+10
3.31733e+07,18451.5,2.87139e+06,1.43938e+11,4.22626e+10,1.4358e+11,4.23507e+10
3.31797e+07,18612.5,2.87141e+06,1.43885e+11,4.24429e+10,1.43525e+11,4.25244e+10
3.3186e+07,18774.2,2.87143e+06,1.43832e+11,4.2623e+10,1.43471e+11,4.2698e+10
3.31923e+07,18936.5,2.87146e+06,1.43779e+11,4.28031e+10,1.43416e+11,4.28715e+10
3.31986e+07,19099.6,2.87148e+06,1.43725e+11,4.29832e+10,1.43362e+11,4.30449e+10
3.32049e+07,19263.3,2.87151e+06,1.43671e+11,4.31631e+10,1.43307e+11,4.32182e+10
3.32112e+07,19427.7,2.87153e+06,1.43617e+11,4.3343e+10,1.43252e+11,4.33915e+10
3.32175e+07,19592.8,2.87155e+06,1.43563e+11,4.35228e+10,1.43197e+11,4.35647e+10
3.32238e+07,19758.6,2.87158e+06,1.43508e+11,4.37026e+10,1.43142e+11,4.37377e+10
3.32302e+07,19925.1,2.8716e+06,1.43454e+11,4.38823e+10,1.43087e+11,4.39107e+10
3.32365e+07,20092.2,2.87163e+06,1.43399e+11,4.40619e+10,1.43032e+11,4.40837e+10
3.32428e+07,20260,2.87165e+06,1.43343e+11,4.42415e+10,1.42976e+11,4.42565e+10
3.32491e+07,20428.6,2.87168e+06,1.43288e+11,4.44209e+10,1.42921e+11,4.44293e+10
3.32554e+07,20597.7,2.87171e+06,1.43232e+11,4.46004e+10,1.42865e+11,4.4602e+10
3.32617e+07,20767.6,2.87173e+06,1.43176e+11,4.47797e+10,1.42809e+11,4.47746e+10
3.3268e+07,20938.2,2.87176e+06,1.4312e+11,4.4959e+10,1.42754e+11,4.49472e+10
3.32743e+07,21109.4,2.87178e+06,1.43064e+11,4.51382e+10,1.42698e+11,4.51197e+10
3.32806e+07,21281.3,2.87181e+06,1.43007e+11,4.53173e+10,1.42642e+11,4.52921e+10
3.3287e+07,21453.9,2.87184e+06,1.42951e+11,4.54964e+10,1.42585e+11,4.54645e+10
3.32933e+07,21627.2,2.87186e+06,1.42894e+11,4.56754e+10,1.42529e+11,4.56368e+10
3.32996e+07,21801.2,2.87189e+06,1.42836e+11,4.58543e+10,1.42473e+11,4.5809e+10
3.33059e+07,21975.8,2.87192e+06,1.42779e+11,4.60331e+10,1.42416e+11,4.59812e+10
3.33122e+07,22151.1,2.87195e+06,1.42721e+11,4.62119e+10,1.4236e+11,4.61534e+10
3.33185e+07,22327.1,2.87197e+06,1.42663e+11,4.63906e+10,1.42303e+11,4.63254e+10
3.33248e+07,22503.8,2.872e+06,1.42605e+11,4.65692e+10,1.42246e+11,4.64975e+10
3.33311e+07,22681.1,2.87203e+06,1.42547e+11,4.67478e+10,1.42189e+11,4.66694e+10
3.33374e+07,22859.2,2.87206e+06,1.42488e+11,4.69263e+10,1.42132e+11,4.68414e+10
3.33438e+07,23037.9,2.87209e+06,1.42429e+11,4.71047e+10,1.42075e+11,4.70133e+10
3.33501e+07,23217.3,2.87212e+06,1.4237e+11,4.7283e+10,1.42018e+11,4.71851e+10
3.33564e+07,23397.3,2.87215e+06,1.42311e+11,4.74613e+10,1.41961e+11,4.73569e+10
3.33627e+07,23578.1,2.87218e+06,1.42252e+11,4.76395e+10,1.41903e+11,4.75286e+10
3.3369e+07,23759.5,2.8722e+06,1.42192e+11,4.78176e+10,1.41846e+11,4.77004e+10
3.33753e+07,23941.6,2.87223e+06,1.42132e+11,4.79956e+10,1.41788e+11,4.7872e+10
3.33816e+07,24124.4,2.87226e+06,1.42072e+11,4.81736e+10,1.4173e+11,4.80437e+10
3.33879e+07,24307.8,2.8723e+06,1.42011e+11,4.83514e+10,1.41672e+11,4.82153e+10
3.33943e+07,24491.9,2.87233e+06,1.41951e+11,4.85292e+10,1.41614e+11,4.83869e+10
3.34006e+07,24676.7,2.87236e+06,1.4189e+11,4.8707e+10,1.41556e+11,4.85584e+10
3.34069e+07,24862.2,2.87239e+06,1.41829e+11,4.88846e+10,1.41498e+11,4.87299e+10
3.34132e+07,25048.4,2.87242e+06,1.41768e+11,4.90622e+10,1.41439e+11,4.89014e+10
3.34195e+07,25235.2,2.87245e+06,1.41706e+11,4.92397e+10,1.41381e+11,4.90729e+10
3.34258e+07,25422.7,2.87248e+06,1.41644e+11,4.94171e+10,1.41322e+11,4.92443e+10
3.34321e+07,25610.9,2.87251e+06,1.41582e+11,4.95945e+10,1.41264e+11,4.94158e+10
3.34384e+07,25799.7,2.87255e+06,1.4152e+11,4.97717e+10,1.41205e+11,4.95872e+10
3.34447e+07,25989.2,2.87258e+06,1.41458e+11,4.99489e+10,1.41146e+11,4.97586e+10
3.34511e+07,26179.4,2.87261e+06,1.41395e+11,5.0126e+10,1.41087e+11,4.99299e+10
3.34574e+07,26370.3,2.87264e+06,1.41332e+11,5.03031e+10,1.41028e+11,5.01013e+10
3.34637e+07,26561.8,2.87268e+06,1.41269e+11,5.048e+10,1.40968e+11,5.02726e+10
3.347e+07,26754,2.87271e+06,1.41206e+11,5.06569e+10,1.40909e+11,5.0444e+10
3.34763e+07,26946.9,2.87274e+06,1.41142e+11,5.08337e+10,1.40849e+11,5.06153e+10
3.34826e+07,27140.5,2.87278e+06,1.41079e+11,5.10104e+10,1.4079e+11,5.07866e+10
3.34889e+07,27334.7,2.87281e+06,1.41015e+11,5.1187e+10,1.4073e+11,5.09579e+10
3.34952e+07,27529.6,2.87285e+06,1.40951e+11,5.13635e+10,1.4067e+11,5.11292e+10
3.35015e+07,27725.2,2.87288e+06,1.40886e+11,5.154e+10,1.4061e+11,5.13005e+10
3.35079e+07,27921.4,2.87292e+06,1.40822e+11,5.17164e+10,1.4055e+11,5.14718e+10
3.35142e+07,28118.3,2.87295e+06,1.40757e+11,5.18927e+10,1.40489e+11,5.1643e+10
3.35205e+07,28315.9,2.87299e+06,1.40692e+11,5.20689e+10,1.40429e+11,5.18143e+10
3.35268e+07,28514.1,2.87302e+06,1.40626e+11,5.2245e+10,1.40368e+11,5.19856e+10
3.35331e+07,28713,2.87306e+06,1.40561e+11,5.24211e+10,1.40307e+11,5.21569e+10
3.35394e+07,28912.6,2.87309e+06,1.40495e+11,5.25971e+10,1.40246e+11,5.23282e+10
3.35457e+07,29112.9,2.87313e+06,1.40429e+11,5.2773e+10,1.40185e+11,5.24995e+10
3.3552e+07,29313.8,2.87317e+06,1.40363e+11,5.29488e+10,1.40124e+11,5.26708e+10
3.35584e+07,29515.4,2.8732e+06,1.40297e+11,5.31245e+10,1.40063e+11,5.28421e+10
3.35647e+07,29717.6,2.87324e+06,1.4023e+11,5.33001e+10,1.40001e+11,5.30134e+10
3.3571e+07,29920.6,2.87328e+06,1.40163e+11,5.34757e+10,1.3994e+11,5.31847e+10
3.35773e+07,30124.1,2.87332e+06,1.40096e+11,5.36511e+10,1.39878e+11,5.33561e+10
3.35836e+07,30328.4,2.87335e+06,1.40029e+11,5.38265e+10,1.39816e+11,5.35274e+10
3.35899e+07,30533.3,2.87339e+06,1.39961e+11,5.40018e+10,1.39754e+11,5.36988e+10
3.35962e+07,30738.9,2.87343e+06,1.39894e+11,5.4177e+10,1.39692e+11,5.38702e+10
3.36025e+07,30945.2,2.87347e+06,1.39826e+11,5.43521e+10,1.39629e+11,5.40415e+10
3.36088e+07,31152.1,2.87351e+06,1.39758e+11,5.45272e+10,1.39567e+11,5.42129e+10
3.36152e+07,31359.7,2.87355e+06,1.39689e+11,5.47021e+10,1.39504e+11,5.43843e+10
3.36215e+07,31567.9,2.87359e+06,1.39621e+11,5.4877e+10,1.39441e+11,5.45558e+10
3.36278e+07,31776.8,2.87363e+06,1.39552e+11,5.50518e+10,1.39378e+11,5.47272e+10
3.36341e+07,31986.4,2.87367e+06,1.39483e+11,5.52265e+10,1.39315e+11,5.48987e+10
3.36404e+07,32196.6,2.87371e+06,1.39414e+11,5.54011e+10,1.39252e+11,5.50702e+10
3.36467e+07,32407.6,2.87375e+06,1.39344e+11,5.55756e+10,1.39188e+11,5.52417e+10
3.3653e+07,32619.1,2.87379e+06,1.39275e+11,5.575e+10,1.39125e+11,5.54132e+10
3.36593e+07,32831.3,2.87383e+06,1.39205e+11,5.59243e+10,1.39061e+11,5.55847e+10
3.36656e+07,33044.2,2.87387e+06,1.39135e+11,5.60986e+10,1.38997e+11,5.57563e+10
3.3672e+07,33257.8,2.87391e+06,1.39064e+11,5.62727e+10,1.38933e+11,5.59278e+10
3.36783e+07,33472,2.87395e+06,1.38994e+11,5.64468e+10,1.38868e+11,5.60994e+10
3.36846e+07,33686.9,2.87399e+06,1.38923e+11,5.66208e+10,1.38804e+11,5.62711e+10
3.36909e+07,33902.4,2.87404e+06,1.38852e+11,5.67947e+10,1.38739e+11,5.64427e+10
3.36972e+07,34118.6,2.87408e+06,1.38781e+11,5.69685e+10,1.38674e+11,5.66144e+10
3.37035e+07,34335.5,2.87412e+06,1.38709e+11,5.71422e+10,1.38609e+11,5.6786e+10
3.37098e+07,34553,2.87416e+06,1.38638e+11,5.73158e+10,1.38544e+11,5.69577e+10
3.37161e+07,34771.2,2.87421e+06,1.38566e+11,5.74893e+10,1.38478e+11,5.71295e+10
3.37225e+07,34990,2.87425e+06,1.38494e+11,5.76628e+10,1.38412e+11,5.73012e+10
3.37288e+07,35209.5,2.8743e+06,1.38421e+11,5.78361e+10,1.38347e+11,5.7473e+10
3.37351e+07,35429.7,2.87434e+06,1.38349e+11,5.80094e+10,1.38281e+11,5.76448e+10
3.37414e+07,35650.5,2.87438e+06,1.38276e+11,5.81825e+10,1.38214e+11,5.78166e+10
3.37477e+07,35872,2.87443e+06,1.38203e+11,5.83556e+10,1.38148e+11,5.79885e+10
3.3754e+07,36094.1,2.87447e+06,1.3813e+11,5.85286e+10,1.38081e+11,5.81603e+10
3.37603e+07,36316.9,2.87452e+06,1.38057e+11,5.87015e+10,1.38014e+11,5.83322e+10
3.37666e+07,36540.3,2.87457e+06,1.37983e+11,5.88742e+10,1.37947e+11,5.85041e+10
3.37729e+07,36764.4,2.87461e+06,1.37909e+11,5.90469e+10,1.3788e+11,5.86761e+10
3.37793e+07,36989.2,2.87466e+06,1.37835e+11,5.92195e+10,1.37813e+11,5.8848e+10
3.37856e+07,37214.6,2.8747e+06,1.37761e+11,5.9392e+10,1.37745e+11,5.902e+10
3.37919e+07,37440.6,2.87475e+06,1.37687e+11,5.95645e+10,1.37677e+11,5.9192e+10
3.37982e+07,37667.4,2.8748e+06,1.37612e+11,5.97368e+10,1.37609e+11,5.9364e+10
3.38045e+07,37894.7,2.87484e+06,1.37537e+11,5.9909e+10,1.37541e+11,5.9536e+10
3.38108e+07,38122.8,2.87489e+06,1.37462e+11,6.00811e+10,1.37472e+11,5.97081e+10
3.38171e+07,38351.5,2.87494e+06,1.37387e+11,6.02532e+10,1.37403e+11,5.98802e+10
3.38234e+07,38580.8,2.87499e+06,1.37311e+11,6.04251e+10,1.37334e+11,6.00523e+10
3.38297e+07,38810.8,2.87504e+06,1.37235e+11,6.05969e+10,1.37265e+11,6.02244e+10
3.38361e+07,39041.4,2.87509e+06,1.37159e+11,6.07687e+10,1.37196e+11,6.03965e+10
3.38424e+07,39272.7,2.87513e+06,1.37083e+11,6.09403e+10,1.37126e+11,6.05687e+10
3.38487e+07,39504.7,2.87518e+06,1.37007e+11,6.11119e+10,1.37056e+11,6.07409e+10
3.3855e+07,39737.3,2.87523e+06,1.3693e+11,6.12833e+10,1.36986e+11,6.09131e+10
3.38613e+07,39970.5,2.87528e+06,1.36853e+11,6.14547e+10,1.36916e+11,6.10853e+10
3.38676e+07,40204.5,2.87533e+06,1.36776e+11,6.16259e+10,1.36845e+11,6.12575e+10
3.38739e+07,40439,2.87538e+06,1.36699e+11,6.17971e+10,1.36774e+11,6.14297e+10
3.38802e+07,40674.2,2.87543e+06,1.36622e+11,6.19682e+10,1.36703e+11,6.1602e+10
3.38866e+07,40910.1,2.87549e+06,1.36544e+11,6.21391e+10,1.36632e+11,6.17742e+10
3.38929e+07,41146.6,2.87554e+06,1.36466e+11,6.231e+10,1.3656e+11,6.19465e+10
3.38992e+07,41383.7,2.87559e+06,1.36388e+11,6.24808e+10,1.36489e+11,6.21188e+10
3.39055e+07,41621.5,2.87564e+06,1.3631e+11,6.26514e+10,1.36417e+11,6.22911e+10
3.39118e+07,41860,2.87569e+06,1.36231e+11,6.2822e+10,1.36344e+11,6.24634e+10
3.39181e+07,42099.1,2.87575e+06,1.36152e+11,6.29925e+10,1.36272e+11,6.26357e+10
3.39244e+07,42338.8,2.8758e+06,1.36073e+11,6.31628e+10,1.36199e+11,6.28081e+10
3.39307e+07,42579.2,2.87585e+06,1.35994e+11,6.33331e+10,1.36126e+11,6.29804e+10
3.3937e+07,42820.3,2.8759e+06,1.35915e+11,6.35033e+10,1.36053e+11,6.31528e+10
3.39434e+07,43062,2.87596e+06,1.35835e+11,6.36734e+10,1.35979e+11,6.33251e+10
3.39497e+07,43304.3,2.87601e+06,1.35755e+11,6.38433e+10,1.35906e+11,6.34975e+10
3.3956e+07,43547.3,2.87607e+06,1.35675e+11,6.40132e+10,1.35832e+11,6.36698e+10
3.39623e+07,43790.9,2.87612e+06,1.35595e+11,6.41829e+10,1.35757e+11,6.38422e+10
3.39686e+07,44035.2,2.87618e+06,1.35515e+11,6.43526e+10,1.35683e+11,6.40145e+10
3.39749e+07,44280.1,2.87623e+06,1.35434e+11,6.45222e+10,1.35608e+11,6.41869e+10
3.39812e+07,44525.7,2.87629e+06,1.35353e+11,6.46916e+10,1.35533e+11,6.43592e+10
3.39875e+07,44771.9,2.87634e+06,1.35272e+11,6.4861e+10,1.35458e+11,6.45316e+10
3.39938e+07,45018.7,2.8764e+06,1.35191e+11,6.50302e+10,1.35382e+11,6.47039e+10
3.40002e+07,45266.2,2.87646e+06,1.35109e+11,6.51994e+10,1.35306e+11,6.48763e+10
3.40065e+07,45514.3,2.87651e+06,1.35028e+11,6.53684e+10,1.3523e+11,6.50486e+10
3.40128e+07,45763.1,2.87657e+06,1.34946e+11,6.55374e+10,1.35154e+11,6.52209e+10
3.40191e+07,46012.5,2.87663e+06,1.34864e+11,6.57062e+10,1.35077e+11,6.53932e+10
3.40254e+07,46262.6,2.87669e+06,1.34781e+11,6.5875e+10,1.35e+11,6.55656e+10
3.40317e+07,46513.3,2.87674e+06,1.34699e+11,6.60436e+10,1.34923e+11,6.57378e+10
3.4038e+07,46764.6,2.8768e+06,1.34616e+11,6.62121e+10,1.34845e+11,6.59101e+10
3.40443e+07,47016.6,2.87686e+06,1.34533e+11,6.63805e+10,1.34767e+11,6.60824e+10
3.40507e+07,47269.2,2.87692e+06,1.3445e+11,6.65489e+10,1.34689e+11,6.62546e+10
3.4057e+07,47522.5,2.87698e+06,1.34366e+11,6.67171e+10,1.34611e+11,6.64269e+10
3.40633e+07,47776.4,2.87704e+06,1.34283e+11,6.68852e+10,1.34532e+11,6.65991e+10
3.40696e+07,48031,2.8771e+06,1.34199e+11,6.70532e+10,1.34454e+11,6.67713e+10
3.40759e+07,48286.1,2.87716e+06,1.34115e+11,6.72211e+10,1.34374e+11,6.69434e+10
3.40822e+07,48542,2.87722e+06,1.34031e+11,6.73889e+10,1.34295e+11,6.71156e+10
3.40885e+07,48798.4,2.87728e+06,1.33946e+11,6.75565e+10,1.34215e+11,6.72877e+10
3.40948e+07,49055.5,2.87734e+06,1.33862e+11,6.77241e+10,1.34135e+11,6.74598e+10
3.41011e+07,49313.2,2.8774e+06,1.33777e+11,6.78916e+10,1.34055e+11,6.76319e+10
3.41075e+07,49571.6,2.87746e+06,1.33692e+11,6.8059e+10,1.33974e+11,6.78039e+10
3.41138e+07,49830.6,2.87753e+06,1.33607e+11,6.82262e+10,1.33893e+11,6.79759e+10
3.41201e+07,50090.2,2.87759e+06,1.33521e+11,6.83934e+10,1.33812e+11,6.81478e+10
3.41264e+07,50350.5,2.87765e+06,1.33435e+11,6.85604e+10,1.3373e+11,6.83198e+10
3.41327e+07,50611.4,2.87772e+06,1.33349e+11,6.87273e+10,1.33649e+11,6.84917e+10
3.4139e+07,50873,2.87778e+06,1.33263e+11,6.88941e+10,1.33567e+11,6.86635e+10
3.41453e+07,51135.1,2.87784e+06,1.33177e+11,6.90609e+10,1.33484e+11,6.88353e+10
3.41516e+07,51397.9,2.87791e+06,1.33091e+11,6.92275e+10,1.33402e+11,6.90071e+10
3.41579e+07,51661.4,2.87797e+06,1.33004e+11,6.9394e+10,1.33319e+11,6.91788e+10
3.41643e+07,51925.5,2.87804e+06,1.32917e+11,6.95603e+10,1.33235e+11,6.93505e+10
3.41706e+07,52190.2,2.8781e+06,1.3283e+11,6.97266e+10,1.33152e+11,6.95221e+10
3.41769e+07,52455.5,2.87817e+06,1.32742e+11,6.98928e+10,1.33068e+11,6.96937e+10
3.41832e+07,52721.5,2.87823e+06,1.32655e+11,7.00588e+10,1.32984e+11,6.98652e+10
3.41895e+07,52988.1,2.8783e+06,1.32567e+11,7.02248e+10,1.32899e+11,7.00367e+10
3.41958e+07,53255.3,2.87837e+06,1.32479e+11,7.03906e+10,1.32814e+11,7.02081e+10
3.42021e+07,53523.2,2.87843e+06,1.32391e+11,7.05564e+10,1.32729e+11,7.03795e+10
3.42084e+07,53791.7,2.8785e+06,1.32303e+11,7.0722e+10,1.32644e+11,7.05508e+10
3.42147e+07,54060.8,2.87857e+06,1.32214e+11,7.08875e+10,1.32558e+11,7.0722e+10
3.42211e+07,54330.6,2.87863e+06,1.32125e+11,7.10529e+10,1.32472e+11,7.08932e+10
3.42274e+07,54600.9,2.8787e+06,1.32036e+11,7.12181e+10,1.32386e+11,7.10643e+10
3.42337e+07,54872,2.87877e+06,1.31947e+11,7.13833e+10,1.32299e+11,7.12354e+10
3.424e+07,55143.6,2.87884e+06,1.31858e+11,7.15484e+10,1.32212e+11,7.14063e+10
3.42463e+07,55415.9,2.87891e+06,1.31768e+11,7.17133e+10,1.32125e+11,7.15773e+10
3.42526e+07,55688.7,2.87898e+06,1.31678e+11,7.18781e+10,1.32038e+11,7.17481e+10
3.42589e+07,55962.3,2.87905e+06,1.31588e+11,7.20429e+10,1.3195e+11,7.19188e+10
3.42652e+07,56236.4,2.87912e+06,1.31498e+11,7.22075e+10,1.31862e+11,7.20895e+10
3.42716e+07,56511.2,2.87919e+06,1.31408e+11,7.23719e+10,1.31773e+11,7.22601e+10
3.42779e+07,56786.6,2.87926e+06,1.31317e+11,7.25363e+10,1.31685e+11,7.24306e+10
3.42842e+07,57062.6,2.87933e+06,1.31226e+11,7.27006e+10,1.31596e+11,7.26011e+10
3.42905e+07,57339.2,2.8794e+06,1.31135e+11,7.28647e+10,1.31506e+11,7.27714e+10
3.42968e+07,57616.5,2.87948e+06,1.31044e+11,7.30288e+10,1.31416e+11,7.29417e+10
3.43031e+07,57894.4,2.87955e+06,1.30952e+11,7.31927e+10,1.31326e+11,7.31119e+10
3.43094e+07,58172.9,2.87962e+06,1.30861e+11,7.33565e+10,1.31236e+11,7.3282e+10
3.43157e+07,58452,2.87969e+06,1.30769e+11,7.35202e+10,1.31146e+11,7.3452e+10
3.4322e+07,58731.8,2.87977e+06,1.30677e+11,7.36838e+10,1.31055e+11,7.36219e+10
3.43284e+07,59012.2,2.87984e+06,1.30585e+11,7.38472e+10,1.30963e+11,7.37917e+10
3.43347e+07,59293.2,2.87991e+06,1.30492e+11,7.40106e+10,1.30872e+11,7.39614e+10
3.4341e+07,59574.8,2.87999e+06,1.30399e+11,7.41738e+10,1.3078e+11,7.4131e+10
3.43473e+07,59857.1,2.88006e+06,1.30307e+11,7.43369e+10,1.30688e+11,7.43005e+10
3.43536e+07,60139.9,2.88014e+06,1.30214e+11,7.44999e+10,1.30595e+11,7.44699e+10
3.43599e+07,60423.4,2.88021e+06,1.3012e+11,7.46628e+10,1.30503e+11,7.46392e+10
3.43662e+07,60707.5,2.88029e+06,1.30027e+11,7.48255e+10,1.30409e+11,7.48083e+10
3.43725e+07,60992.2,2.88037e+06,1.29933e+11,7.49882e+10,1.30316e+11,7.49774e+10
3.43788e+07,61277.6,2.88044e+06,1.29839e+11,7.51507e+10,1.30222e+11,7.51464e+10
3.43852e+07,61563.5,2.88052e+06,1.29745e+11,7.53131e+10,1.30128e+11,7.53152e+10
3.43915e+07,61850.1,2.8806e+06,1.29651e+11,7.54754e+10,1.30034e+11,7.54839e+10
3.43978e+07,62137.3,2.88067e+06,1.29556e+11,7.56376e+10,1.29939e+11,7.56525e+10
3.44041e+07,62425.1,2.88075e+06,1.29462e+11,7.57996e+10,1.29844e+11,7.5821e+10
3.44104e+07,62713.5,2.88083e+06,1.29367e+11,7.59616e+10,1.29749e+11,7.59893e+10
3.44167e+07,63002.5,2.88091e+06,1.29272e+11,7.61234e+10,1.29653e+11,7.61576e+10
3.4423e+07,63292.2,2.88099e+06,1.29176e+11,7.62851e+10,1.29558e+11,7.63257e+10
3.44293e+07,63582.5,2.88107e+06,1.29081e+11,7.64466e+10,1.29461e+11,7.64936e+10
3.44357e+07,63873.3,2.88115e+06,1.28985e+11,7.66081e+10,1.29365e+11,7.66615e+10
3.4442e+07,64164.8,2.88123e+06,1.28889e+11,7.67694e+10,1.29268e+11,7.68292e+10
3.44483e+07,64456.9,2.88131e+06,1.28793e+11,7.69307e+10,1.29171e+11,7.69967e+10
3.44546e+07,64749.7,2.88139e+06,1.28697e+11,7.70918e+10,1.29073e+11,7.71642e+10
3.44609e+07,65043,2.88147e+06,1.286e+11,7.72527e+10,1.28976e+11,7.73315e+10
3.44672e+07,65336.9,2.88155e+06,1.28504e+11,7.74136e+10,1.28878e+11,7.74986e+10
3.44735e+07,65631.5,2.88163e+06,1.28407e+11,7.75743e+10,1.28779e+11,7.76656e+10
3.44798e+07,65926.7,2.88172e+06,1.2831e+11,7.77349e+10,1.28681e+11,7.78325e+10
3.44861e+07,66222.4,2.8818e+06,1.28213e+11,7.78954e+10,1.28582e+11,7.79992e+10
3.44925e+07,66518.8,2.88188e+06,1.28115e+11,7.80558e+10,1.28482e+11,7.81657e+10
3.44988e+07,66815.8,2.88197e+06,1.28017e+11,7.82161e+10,1.28383e+11,7.83321e+10
3.45051e+07,67113.4,2.88205e+06,1.27919e+11,7.83762e+10,1.28283e+11,7.84984e+10
3.45114e+07,67411.6,2.88213e+06,1.27821e+11,7.85362e+10,1.28183e+11,7.86645e+10
3.45177e+07,67710.5,2.88222e+06,1.27723e+11,7.86961e+10,1.28082e+11,7.88304e+10
3.4524e+07,68009.9,2.8823e+06,1.27625e+11,7.88558e+10,1.27982e+11,7.89962e+10
3.45303e+07,68309.9,2.88239e+06,1.27526e+11,7.90155e+10,1.27881e+11,7.91618e+10
3.45366e+07,68610.6,2.88247e+06,1.27427e+11,7.9175e+10,1.27779e+11,7.93272e+10
3.45429e+07,68911.8,2.88256e+06,1.27328e+11,7.93344e+10,1.27678e+11,7.94925e+10
3.45493e+07,69213.7,2.88265e+06,1.27229e+11,7.94937e+10,1.27576e+11,7.96576e+10
3.45556e+07,69516.1,2.88273e+06,1.27129e+11,7.96528e+10,1.27473e+11,7.98226e+10
3.45619e+07,69819.2,2.88282e+06,1.27029e+11,7.98118e+10,1.27371e+11,7.99874e+10
3.45682e+07,70122.9,2.88291e+06,1.2693e+11,7.99707e+10,1.27268e+11,8.0152e+10
3.45745e+07,70427.2,2.883e+06,1.2683e+11,8.01295e+10,1.27165e+11,8.03164e+10
3.45808e+07,70732,2.88308e+06,1.26729e+11,8.02881e+10,1.27061e+11,8.04806e+10
3.45871e+07,71037.5,2.88317e+06,1.26629e+11,8.04467e+10,1.26958e+11,8.06447e+10
3.45934e+07,71343.6,2.88326e+06,1.26528e+11,8.06051e+10,1.26854e+11,8.08086e+10
3.45998e+07,71650.3,2.88335e+06,1.26427e+11,8.07633e+10,1.26749e+11,8.09723e+10
3.46061e+07,71957.6,2.88344e+06,1.26326e+11,8.09215e+10,1.26645e+11,8.11358e+10
3.46124e+07,72265.5,2.88353e+06,1.26225e+11,8.10795e+10,1.2654e+11,8.12992e+10
3.46187e+07,72573.9,2.88362e+06,1.26124e+11,8.12374e+10,1.26435e+11,8.14623e+10
3.4625e+07,72883,2.88371e+06,1.26022e+11,8.13952e+10,1.26329e+11,8.16253e+10
3.46313e+07,73192.7,2.8838e+06,1.2592e+11,8.15528e+10,1.26224e+11,8.1788e+10
3.46376e+07,73503,2.8839e+06,1.25818e+11,8.17103e+10,1.26118e+11,8.19506e+10
3.46439e+07,73813.9,2.88399e+06,1.25716e+11,8.18677e+10,1.26011e+11,8.2113e+10
3.46502e+07,74125.4,2.88408e+06,1.25613e+11,8.2025e+10,1.25905e+11,8.22752e+10
3.46566e+07,74437.4,2.88417e+06,1.25511e+11,8.21821e+10,1.25798e+11,8.24371e+10
3.46629e+07,74750.1,2.88427e+06,1.25408e+11,8.23391e+10,1.25691e+11,8.25989e+10
3.46692e+07,75063.4,2.88436e+06,1.25305e+11,8.2496e+10,1.25583e+11,8.27605e+10
3.46755e+07,75377.3,2.88446e+06,1.25202e+11,8.26527e+10,1.25476e+11,8.29219e+10
3.46818e+07,75691.7,2.88455e+06,1.25098e+11,8.28093e+10,1.25368e+11,8.30831e+10
3.46881e+07,76006.8,2.88465e+06,1.24995e+11,8.29658e+10,1.2526e+11,8.3244e+10
3.46944e+07,76322.5,2.88474e+06,1.24891e+11,8.31222e+10,1.25151e+11,8.34048e+10
3.47007e+07,76638.7,2.88484e+06,1.24787e+11,8.32784e+10,1.25042e+11,8.35654e+10
3.4707e+07,76955.5,2.88493e+06,1.24683e+11,8.34345e+10,1.24933e+11,8.37257e+10
3.47134e+07,77273,2.88503e+06,1.24578e+11,8.35905e+10,1.24824e+11,8.38858e+10
3.47197e+07,77591,2.88513e+06,1.24474e+11,8.37463e+10,1.24714e+11,8.40458e+10
3.4726e+07,77909.6,2.88522e+06,1.24369e+11,8.39021e+10,1.24605e+11,8.42055e+10
3.47323e+07,78228.8,2.88532e+06,1.24264e+11,8.40576e+10,1.24495e+11,8.43649e+10
3.47386e+07,78548.6,2.88542e+06,1.24159e+11,8.42131e+10,1.24384e+11,8.45242e+10
3.47449e+07,78869,2.88552e+06,1.24053e+11,8.43684e+10,1.24274e+11,8.46833e+10
3.47512e+07,79190,2.88562e+06,1.23948e+11,8.45236e+10,1.24163e+11,8.48421e+10
3.47575e+07,79511.6,2.88572e+06,1.23842e+11,8.46787e+10,1.24052e+11,8.50007e+10
3.47639e+07,79833.8,2.88582e+06,1.23736e+11,8.48336e+10,1.23941e+11,8.51591e+10
3.47702e+07,80156.5,2.88592e+06,1.2363e+11,8.49884e+10,1.23829e+11,8.53173e+10
3.47765e+07,80479.8,2.88602e+06,1.23524e+11,8.51431e+10,1.23717e+11,8.54752e+10
3.47828e+07,80803.8,2.88612e+06,1.23417e+11,8.52976e+10,1.23605e+11,8.56329e+10
3.47891e+07,81128.3,2.88622e+06,1.23311e+11,8.5452e+10,1.23493e+11,8.57904e+10
3.47954e+07,81453.4,2.88632e+06,1.23204e+11,8.56063e+10,1.2338e+11,8.59477e+10
3.48017e+07,81779.1,2.88642e+06,1.23097e+11,8.57604e+10,1.23267e+11,8.61047e+10
3.4808e+07,82105.3,2.88652e+06,1.22989e+11,8.59144e+10,1.23154e+11,8.62615e+10
3.48143e+07,82432.2,2.88663e+06,1.22882e+11,8.60683e+10,1.23041e+11,8.64181e+10
3.48207e+07,82759.6,2.88673e+06,1.22774e+11,8.6222e+10,1.22928e+11,8.65745e+10
3.4827e+07,83087.7,2.88683e+06,1.22666e+11,8.63756e+10,1.22814e+11,8.67306e+10
3.48333e+07,83416.3,2.88694e+06,1.22558e+11,8.65291e+10,1.227e+11,8.68864e+10
3.48396e+07,83745.5,2.88704e+06,1.2245e+11,8.66824e+10,1.22586e+11,8.70421e+10
3.48459e+07,84075.2,2.88715e+06,1.22342e+11,8.68356e+10,1.22471e+11,8.71975e+10
3.48522e+07,84405.6,2.88725e+06,1.22233e+11,8.69887e+10,1.22357e+11,8.73526e+10
3.48585e+07,84736.5,2.88736e+06,1.22124e+11,8.71416e+10,1.22242e+11,8.75076e+10
3.48648e+07,85068.1,2.88747e+06,1.22015e+11,8.72944e+10,1.22127e+11,8.76623e+10
3.48711e+07,85400.2,2.88757e+06,1.21906e+11,8.74471e+10,1.22011e+11,8.78167e+10
3.48775e+07,85732.8,2.88768e+06,1.21797e+11,8.75996e+10,1.21896e+11,8.79709e+10
3.48838e+07,86066.1,2.88779e+06,1.21687e+11,8.7752e+10,1.2178e+11,8.81249e+10
3.48901e+07,86399.9,2.8879e+06,1.21577e+11,8.79042e+10,1.21664e+11,8.82786e+10
3.48964e+07,86734.4,2.888e+06,1.21467e+11,8.80563e+10,1.21548e+11,8.84321e+10
3.49027e+07,87069.3,2.88811e+06,1.21357e+11,8.82083e+10,1.21431e+11,8.85854e+10
3.4909e+07,87404.9,2.88822e+06,1.21247e+11,8.83602e+10,1.21315e+11,8.87384e+10
3.49153e+07,87741.1,2.88833e+06,1.21136e+11,8.85119e+10,1.21198e+11,8.88911e+10
3.49216e+07,88077.8,2.88844e+06,1.21026e+11,8.86634e+10,1.21081e+11,8.90436e+10
3.4928e+07,88415.1,2.88855e+06,1.20915e+11,8.88149e+10,1.20964e+11,8.91959e+10
3.49343e+07,88753,2.88866e+06,1.20804e+11,8.89662e+10,1.20846e+11,8.93479e+10
3.49406e+07,89091.4,2.88877e+06,1.20692e+11,8.91173e+10,1.20728e+11,8.94997e+10
3.49469e+07,89430.4,2.88889e+06,1.20581e+11,8.92683e+10,1.20611e+11,8.96512e+10
3.49532e+07,89770,2.889e+06,1.20469e+11,8.94192e+10,1.20493e+11,8.98025e+10
3.49595e+07,90110.2,2.88911e+06,1.20358e+11,8.95699e+10,1.20374e+11,8.99535e+10
3.49658e+07,90450.9,2.88922e+06,1.20246e+11,8.97205e+10,1.20256e+11,9.01043e+10
3.49721e+07,90792.3,2.88934e+06,1.20133e+11,8.9871e+10,1.20137e+11,9.02549e+10
3.49784e+07,91134.1,2.88945e+06,1.20021e+11,9.00213e+10,1.20019e+11,9.04052e+10
3.49848e+07,91476.6,2.88957e+06,1.19908e+11,9.01715e+10,1.199e+11,9.05552e+10
3.49911e+07,91819.6,2.88968e+06,1.19796e+11,9.03216e+10,1.1978e+11,9.0705e+10
3.49974e+07,92163.2,2.88979e+06,1.19683e+11,9.04715e+10,1.19661e+11,9.08545e+10
3.50037e+07,92507.4,2.88991e+06,1.19569e+11,9.06212e+10,1.19541e+11,9.10038e+10
3.501e+07,92852.1,2.89003e+06,1.19456e+11,9.07708e+10,1.19422e+11,9.11529e+10
3.50163e+07,93197.4,2.89014e+06,1.19343e+11,9.09203e+10,1.19302e+11,9.13017e+10
3.50226e+07,93543.3,2.89026e+06,1.19229e+11,9.10697e+10,1.19182e+11,9.14502e+10
3.50289e+07,93889.7,2.89038e+06,1.19115e+11,9.12189e+10,1.19062e+11,9.15985e+10
3.50352e+07,94236.7,2.89049e+06,1.19001e+11,9.13679e+10,1.18941e+11,9.17466e+10
3.50416e+07,94584.3,2.89061e+06,1.18887e+11,9.15168e+10,1.18821e+11,9.18944e+10
3.50479e+07,94932.4,2.89073e+06,1.18772e+11,9.16656e+10,1.187e+11,9.20419e+10
3.50542e+07,95281.1,2.89085e+06,1.18657e+11,9.18143e+10,1.18579e+11,9.21892e+10
3.50605e+07,95630.4,2.89097e+06,1.18543e+11,9.19627e+10,1.18458e+11,9.23363e+10
3.50668e+07,95980.2,2.89109e+06,1.18428e+11,9.21111e+10,1.18337e+11,9.24831e+10
3.50731e+07,96330.6,2.89121e+06,1.18312e+11,9.22593e+10,1.18215e+11,9.26296e+10
3.50794e+07,96681.6,2.89133e+06,1.18197e+11,9.24074e+10,1.18094e+11,9.27759e+10
3.50857e+07,97033.1,2.89145e+06,1.18081e+11,9.25553e+10,1.17972e+11,9.2922e+10
3.50921e+07,97385.2,2.89157e+06,1.17966e+11,9.27031e+10,1.1785e+11,9.30678e+10
3.50984e+07,97737.8,2.8917e+06,1.1785e+11,9.28507e+10,1.17728e+11,9.32133e+10
3.51047e+07,98091,2.89182e+06,1.17734e+11,9.29982e+10,1.17606e+11,9.33586e+10
3.5111e+07,98444.8,2.89194e+06,1.17617e+11,9.31455e+10,1.17484e+11,9.35037e+10
3.51173e+07,98799.1,2.89207e+06,1.17501e+11,9.32927e+10,1.17361e+11,9.36485e+10
3.51236e+07,99154,2.89219e+06,1.17384e+11,9.34398e+10,1.17239e+11,9.37931e+10
3.51299e+07,99509.4,2.89231e+06,1.17267e+11,9.35867e+10,1.17116e+11,9.39374e+10
3.51362e+07,99865.4,2.89244e+06,1.1715e+11,9.37334e+10,1.16993e+11,9.40815e+10
3.51425e+07,100222,2.89256e+06,1.17033e+11,9.38801e+10,1.1687e+11,9.42253e+10
3.51489e+07,100579,2.89269e+06,1.16915e+11,9.40265e+10,1.16747e+11,9.43689e+10
3.51552e+07,100937,2.89281e+06,1.16798e+11,9.41729e+10,1.16624e+11,9.45122e+10
3.51615e+07,101295,2.89294e+06,1.1668e+11,9.4319e+10,1.165e+11,9.46553e+10
3.51678e+07,101654,2.89307e+06,1.16562e+11,9.44651e+10,1.16377e+11,9.47981e+10
3.51741e+07,102013,2.8932e+06,1.16444e+11,9.4611e+10,1.16253e+11,9.49407e+10
3.51804e+07,102373,2.89332e+06,1.16326e+11,9.47567e+10,1.16129e+11,9.50831e+10
3.51867e+07,102733,2.89345e+06,1.16207e+11,9.49023e+10,1.16005e+11,9.52252e+10
3.5193e+07,103094,2.89358e+06,1.16088e+11,9.50477e+10,1.15881e+11,9.53671e+10
3.51993e+07,103456,2.89371e+06,1.15969e+11,9.5193e+10,1.15757e+11,9.55087e+10
3.52057e+07,103818,2.89384e+06,1.1585e+11,9.53382e+10,1.15633e+11,9.56501e+10
3.5212e+07,104181,2.89397e+06,1.15731e+11,9.54832e+10,1.15508e+11,9.57913e+10
3.52183e+07,104544,2.8941e+06,1.15612e+11,9.5628e+10,1.15384e+11,9.59322e+10
3.52246e+07,104908,2.89423e+06,1.15492e+11,9.57727e+10,1.15259e+11,9.60728e+10
3.52309e+07,105272,2.89436e+06,1.15372e+11,9.59173e+10,1.15134e+11,9.62133e+10
3.52372e+07,105637,2.8945e+06,1.15252e+11,9.60617e+10,1.1501e+11,9.63535e+10
3.52435e+07,106002,2.89463e+06,1.15132e+11,9.6206e+10,1.14885e+11,9.64935e+10
3.52498e+07,106368,2.89476e+06,1.15012e+11,9.63501e+10,1.1476e+11,9.66332e+10
3.52562e+07,106735,2.89489e+06,1.14891e+11,9.6494e+10,1.14634e+11,9.67727e+10
3.52625e+07,107102,2.89503e+06,1.14771e+11,9.66378e+10,1.14509e+11,9.69119e+10
3.52688e+07,107469,2.89516e+06,1.1465e+11,9.67815e+10,1.14384e+11,9.7051e+10
3.52751e+07,107837,2.8953e+06,1.14529e+11,9.6925e+10,1.14258e+11,9.71898e+10
3.52814e+07,108206,2.89543e+06,1.14407e+11,9.70684e+10,1.14133e+11,9.73284e+10
3.52877e+07,108575,2.89557e+06,1.14286e+11,9.72116e+10,1.14007e+11,9.74667e+10
3.5294e+07,108945,2.8957e+06,1.14164e+11,9.73546e+10,1.13881e+11,9.76048e+10
3.53003e+07,109315,2.89584e+06,1.14043e+11,9.74975e+10,1.13755e+11,9.77427e+10
3.53066e+07,109686,2.89598e+06,1.13921e+11,9.76403e+10,1.13629e+11,9.78804e+10
3.5313e+07,110057,2.89612e+06,1.13799e+11,9.77829e+10,1.13503e+11,9.80178e+10
3.53193e+07,110429,2.89625e+06,1.13676e+11,9.79253e+10,1.13377e+11,9.8155e+10
3.53256e+07,110802,2.89639e+06,1.13554e+11,9.80676e+10,1.13251e+11,9.8292e+10
3.53319e+07,111175,2.89653e+06,1.13431e+11,9.82098e+10,1.13124e+11,9.84288e+10
3.53382e+07,111548,2.89667e+06,1.13308e+11,9.83518e+10,1.12998e+11,9.85654e+10
3.53445e+07,111922,2.89681e+06,1.13185e+11,9.84936e+10,1.12872e+11,9.87017e+10
3.53508e+07,112297,2.89695e+06,1.13062e+11,9.86353e+10,1.12745e+11,9.88378e+10
3.53571e+07,112672,2.89709e+06,1.12939e+11,9.87768e+10,1.12618e+11,9.89737e+10
3.53634e+07,113048,2.89723e+06,1.12815e+11,9.89182e+10,1.12492e+11,9.91094e+10
3.53698e+07,113424,2.89737e+06,1.12691e+11,9.90594e+10,1.12365e+11,9.92449e+10
3.53761e+07,113801,2.89752e+06,1.12567e+11,9.92005e+10,1.12238e+11,9.93802e+10
3.53824e+07,114178,2.89766e+06,1.12443e+11,9.93414e+10,1.12111e+11,9.95153e+10
3.53887e+07,114556,2.8978e+06,1.12319e+11,9.94821e+10,1.11984e+11,9.96501e+10
3.5395e+07,114934,2.89795e+06,1.12195e+11,9.96227e+10,1.11857e+11,9.97847e+10
3.54013e+07,115313,2.89809e+06,1.1207e+11,9.97632e+10,1.11729e+11,9.99192e+10
3.54076e+07,115693,2.89823e+06,1.11945e+11,9.99035e+10,1.11602e+11,1.00053e+11
3.54139e+07,116073,2.89838e+06,1.1182e+11,1.00044e+11,1.11475e+11,1.00187e+11
3.54203e+07,116453,2.89852e+06,1.11695e+11,1.00184e+11,1.11347e+11,1.00321e+11
3.54266e+07,116834,2.89867e+06,1.1157e+11,1.00323e+11,1.1122e+11,1.00455e+11
3.54329e+07,117216,2.89882e+06,1.11444e+11,1.00463e+11,1.11092e+11,1.00588e+11
3.54392e+07,117598,2.89896e+06,1.11318e+11,1.00603e+11,1.10965e+11,1.00722e+11
3.54455e+07,117981,2.89911e+06,1.11193e+11,1.00742e+11,1.10837e+11,1.00855e+11
3.54518e+07,118364,2.89926e+06,1.11066e+11,1.00881e+11,1.10709e+11,1.00987e+11
3.54581e+07,118747,2.89941e+06,1.1094e+11,1.0102e+11,1.10581e+11,1.0112e+11
3.54644e+07,119132,2.89956e+06,1.10814e+11,1.01159e+11,1.10453e+11,1.01253e+11
3.54707e+07,119516,2.89971e+06,1.10687e+11,1.01298e+11,1.10325e+11,1.01385e+11
3.54771e+07,119902,2.89986e+06,1.10561e+11,1.01436e+11,1.10197e+11,1.01517e+11
3.54834e+07,120287,2.90001e+06,1.10434e+11,1.01575e+11,1.10069e+11,1.01649e+11
3.54897e+07,120674,2.90016e+06,1.10307e+11,1.01713e+11,1.09941e+11,1.01781e+11
3.5496e+07,121060,2.90031e+06,1.10179e+11,1.01851e+11,1.09813e+11,1.01912e+11
3.55023e+07,121448,2.90046e+06,1.10052e+11,1.01989e+11,1.09685e+11,1.02044e+11
3.55086e+07,121836,2.90061e+06,1.09924e+11,1.02127e+11,1.09556e+11,1.02175e+11
3.55149e+07,122224,2.90076e+06,1.09796e+11,1.02264e+11,1.09428e+11,1.02306e+11
3.55212e+07,122613,2.90092e+06,1.09669e+11,1.02402e+11,1.093e+11,1.02437e+11
3.55275e+07,123003,2.90107e+06,1.0954e+11,1.02539e+11,1.09171e+11,1.02567e+11
3.55339e+07,123392,2.90123e+06,1.09412e+11,1.02676e+11,1.09043e+11,1.02698e+11
3.55402e+07,123783,2.90138e+06,1.09284e+11,1.02813e+11,1.08914e+11,1.02828e+11
3.55465e+07,124174,2.90154e+06,1.09155e+11,1.0295e+11,1.08785e+11,1.02958e+11
3.55528e+07,124566,2.90169e+06,1.09026e+11,1.03087e+11,1.08657e+11,1.03088e+11
3.55591e+07,124958,2.90185e+06,1.08897e+11,1.03223e+11,1.08528e+11,1.03218e+11
3.55654e+07,125350,2.902e+06,1.08768e+11,1.0336e+11,1.08399e+11,1.03348e+11
3.55717e+07,125743,2.90216e+06,1.08639e+11,1.03496e+11,1.0827e+11,1.03477e+11
3.5578e+07,126137,2.90232e+06,1.08509e+11,1.03632e+11,1.08141e+11,1.03607e+11
3.55843e+07,126531,2.90248e+06,1.0838e+11,1.03768e+11,1.08012e+11,1.03736e+11
3.55907e+07,126926,2.90264e+06,1.0825e+11,1.03903e+11,1.07883e+11,1.03865e+11
3.5597e+07,127321,2.90279e+06,1.0812e+11,1.04039e+11,1.07754e+11,1.03994e+11
3.56033e+07,127716,2.90295e+06,1.07989e+11,1.04174e+11,1.07625e+11,1.04123e+11
3.56096e+07,128113,2.90311e+06,1.07859e+11,1.04309e+11,1.07496e+11,1.04251e+11
3.56159e+07,128509,2.90327e+06,1.07729e+11,1.04444e+11,1.07366e+11,1.0438e+11
3.56222e+07,128906,2.90344e+06,1.07598e+11,1.04579e+11,1.07237e+11,1.04508e+11
3.56285e+07,129304,2.9036e+06,1.07467e+11,1.04714e+11,1.07108e+11,1.04636e+11
3.56348e+07,129702,2.90376e+06,1.07336e+11,1.04848e+11,1.06978e+11,1.04764e+11
3.56412e+07,130101,2.90392e+06,1.07205e+11,1.04983e+11,1.06849e+11,1.04892e+11
3.56475e+07,130500,2.90409e+06,1.07073e+11,1.05117e+11,1.06719e+11,1.0502e+11
3.56538e+07,130900,2.90425e+06,1.06942e+11,1.05251e+11,1.0659e+11,1.05148e+11
3.56601e+07,131300,2.90441e+06,1.0681e+11,1.05385e+11,1.0646e+11,1.05275e+11
3.56664e+07,131701,2.90458e+06,1.06678e+11,1.05519e+11,1.06331e+11,1.05402e+11
3.56727e+07,132102,2.90474e+06,1.06546e+11,1.05652e+11,1.06201e+11,1.0553e+11
3.5679e+07,132504,2.90491e+06,1.06414e+11,1.05786e+11,1.06071e+11,1.05657e+11
3.56853e+07,132906,2.90507e+06,1.06282e+11,1.05919e+11,1.05941e+11,1.05784e+11
3.56916e+07,133309,2.90524e+06,1.06149e+11,1.06052e+11,1.05811e+11,1.05911e+11
3.5698e+07,133713,2.90541e+06,1.06016e+11,1.06185e+11,1.05681e+11,1.06037e+11
3.57043e+07,134116,2.90558e+06,1.05883e+11,1.06317e+11,1.05551e+11,1.06164e+11
3.57106e+07,134521,2.90574e+06,1.0575e+11,1.0645e+11,1.05421e+11,1.0629e+11
3.57169e+07,134925,2.90591e+06,1.05617e+11,1.06582e+11,1.05291e+11,1.06417e+11
3.57232e+07,135331,2.90608e+06,1.05484e+11,1.06715e+11,1.05161e+11,1.06543e+11
3.57295e+07,135737,2.90625e+06,1.0535e+11,1.06847e+11,1.05031e+11,1.06669e+11
3.57358e+07,136143,2.90642e+06,1.05216e+11,1.06978e+11,1.049e+11,1.06795e+11
3.57421e+07,136550,2.90659e+06,1.05083e+11,1.0711e+11,1.0477e+11,1.06921e+11
3.57484e+07,136957,2.90676e+06,1.04949e+11,1.07242e+11,1.04639e+11,1.07047e+11
3.57548e+07,137365,2.90693e+06,1.04814e+11,1.07373e+11,1.04509e+11,1.07173e+11
3.57611e+07,137773,2.90711e+06,1.0468e+11,1.07504e+11,1.04378e+11,1.07298e+11
3.57674e+07,138182,2.90728e+06,1.04545e+11,1.07635e+11,1.04248e+11,1.07424e+11
3.57737e+07,138591,2.90745e+06,1.04411e+11,1.07766e+11,1.04117e+11,1.07549e+11
3.578e+07,139001,2.90763e+06,1.04276e+11,1.07897e+11,1.03986e+11,1.07675e+11
3.57863e+07,139411,2.9078e+06,1.04141e+11,1.08027e+11,1.03855e+11,1.078e+11
3.57926e+07,139822,2.90798e+06,1.04006e+11,1.08158e+11,1.03724e+11,1.07925e+11
3.57989e+07,140233,2.90815e+06,1.0387e+11,1.08288e+11,1.03593e+11,1.0805e+11
3.58053e+07,140645,2.90833e+06,1.03735e+11,1.08418e+11,1.03462e+11,1.08175e+11
3.58116e+07,141057,2.9085e+06,1.03599e+11,1.08548e+11,1.03331e+11,1.083e+11
3.58179e+07,141470,2.90868e+06,1.03463e+11,1.08678e+11,1.032e+11,1.08425e+11
3.58242e+07,141884,2.90886e+06,1.03327e+11,1.08807e+11,1.03069e+11,1.08549e+11
3.58305e+07,142297,2.90903e+06,1.03191e+11,1.08936e+11,1.02937e+11,1.08674e+11
3.58368e+07,142712,2.90921e+06,1.03055e+11,1.09066e+11,1.02806e+11,1.08798e+11
3.58431e+07,143126,2.90939e+06,1.02918e+11,1.09194e+11,1.02674e+11,1.08923e+11
3.58494e+07,143541,2.90957e+06,1.02781e+11,1.09323e+11,1.02543e+11,1.09047e+11
3.58557e+07,143957,2.90975e+06,1.02645e+11,1.09452e+11,1.02411e+11,1.09172e+11
3.58621e+07,144373,2.90993e+06,1.02508e+11,1.0958e+11,1.02279e+11,1.09296e+11
3.58684e+07,144790,2.91011e+06,1.0237e+11,1.09709e+11,1.02147e+11,1.0942e+11
3.58747e+07,145207,2.91029e+06,1.02233e+11,1.09837e+11,1.02015e+11,1.09544e+11
3.5881e+07,145625,2.91048e+06,1.02096e+11,1.09965e+11,1.01883e+11,1.09668e+11
3.58873e+07,146043,2.91066e+06,1.01958e+11,1.10093e+11,1.01751e+11,1.09792e+11
3.58936e+07,146462,2.91084e+06,1.0182e+11,1.1022e+11,1.01619e+11,1.09915e+11
3.58999e+07,146881,2.91102e+06,1.01682e+11,1.10348e+11,1.01487e+11,1.10039e+11
3.59062e+07,147300,2.91121e+06,1.01544e+11,1.10475e+11,1.01354e+11,1.10163e+11
3.59125e+07,147720,2.91139e+06,1.01406e+11,1.10602e+11,1.01222e+11,1.10286e+11
3.59189e+07,148141,2.91158e+06,1.01267e+11,1.10729e+11,1.01089e+11,1.1041e+11
3.59252e+07,148562,2.91176e+06,1.01129e+11,1.10856e+11,1.00956e+11,1.10533e+11
3.59315e+07,148984,2.91195e+06,1.0099e+11,1.10982e+11,1.00824e+11,1.10657e+11
3.59378e+07,149406,2.91214e+06,1.00851e+11,1.11109e+11,1.00691e+11,1.1078e+11
3.59441e+07,149828,2.91232e+06,1.00712e+11,1.11235e+11,1.00558e+11,1.10903e+11
3.59504e+07,150251,2.91251e+06,1.00573e+11,1.11361e+11,1.00424e+11,1.11026e+11
3.59567e+07,150674,2.9127e+06,1.00433e+11,1.11487e+11,1.00291e+11,1.11149e+11
3.5963e+07,151098,2.91289e+06,1.00294e+11,1.11612e+11,1.00158e+11,1.11272e+11
3.59694e+07,151523,2.91308e+06,1.00154e+11,1.11738e+11,1.00024e+11,1.11395e+11
3.59757e+07,151948,2.91327e+06,1.00014e+11,1.11863e+11,9.98907e+10,1.11518e+11
3.5982e+07,152373,2.91346e+06,9.98743e+10,1.11988e+11,9.9757e+10,1.11641e+11
3.59883e+07,152799,2.91365e+06,9.97341e+10,1.12113e+11,9.96232e+10,1.11764e+11
3.59946e+07,153225,2.91384e+06,9.95937e+10,1.12238e+11,9.94892e+10,1.11887e+11
3.60009e+07,153652,2.91403e+06,9.94533e+10,1.12363e+11,9.93552e+10,1.12009e+11
3.60072e+07,154079,2.91423e+06,9.93126e+10,1.12487e+11,9.9221e+10,1.12132e+11
3.60135e+07,154507,2.91442e+06,9.91718e+10,1.12612e+11,9.90866e+10,1.12254e+11
3.60198e+07,154935,2.91461e+06,9.90309e+10,1.12736e+11,9.89522e+10,1.12377e+11
3.60262e+07,155364,2.91481e+06,9.88898e+10,1.1286e+11,9.88176e+10,1.12499e+11
3.60325e+07,155793,2.915e+06,9.87485e+10,1.12983e+11,9.86829e+10,1.12621e+11
3.60388e+07,156222,2.9152e+06,9.86071e+10,1.13107e+11,9.8548e+10,1.12744e+11
3.60451e+07,156652,2.91539e+06,9.84655e+10,1.1323e+11,9.8413e+10,1.12866e+11
3.60514e+07,157083,2.91559e+06,9.83238e+10,1.13353e+11,9.82779e+10,1.12988e+11
3.60577e+07,157514,2.91579e+06,9.81819e+10,1.13476e+11,9.81426e+10,1.1311e+11
3.6064e+07,157945,2.91598e+06,9.80398e+10,1.13599e+11,9.80072e+10,1.13232e+11
3.60703e+07,158377,2.91618e+06,9.78977e+10,1.13722e+11,9.78717e+10,1.13354e+11
3.60766e+07,158810,2.91638e+06,9.77553e+10,1.13844e+11,9.7736e+10,1.13476e+11
3.6083e+07,159243,2.91658e+06,9.76128e+10,1.13967e+11,9.76001e+10,1.13598e+11
3.60893e+07,159676,2.91678e+06,9.74702e+10,1.14089e+11,9.74641e+10,1.1372e+11
3.60956e+07,160110,2.91698e+06,9.73274e+10,1.14211e+11,9.7328e+10,1.13841e+11
3.61019e+07,160544,2.91718e+06,9.71844e+10,1.14333e+11,9.71917e+10,1.13963e+11
3.61082e+07,160979,2.91738e+06,9.70413e+10,1.14454e+11,9.70552e+10,1.14085e+11
3.61145e+07,161414,2.91758e+06,9.68981e+10,1.14576e+11,9.69186e+10,1.14206e+11
3.61208e+07,161850,2.91778e+06,9.67546e+10,1.14697e+11,9.67818e+10,1.14328e+11
3.61271e+07,162286,2.91799e+06,9.66111e+10,1.14818e+11,9.66449e+10,1.14449e+11
3.61335e+07,162722,2.91819e+06,9.64674e+10,1.14939e+11,9.65078e+10,1.1457e+11
3.61398e+07,163159,2.91839e+06,9.63235e+10,1.15059e+11,9.63705e+10,1.14692e+11
3.61461e+07,163597,2.9186e+06,9.61795e+10,1.1518e+11,9.62331e+10,1.14813e+11
3.61524e+07,164035,2.9188e+06,9.60353e+10,1.153e+11,9.60955e+10,1.14934e+11
3.61587e+07,164473,2.91901e+06,9.5891e+10,1.1542e+11,9.59577e+10,1.15055e+11
3.6165e+07,164912,2.91922e+06,9.57466e+10,1.1554e+11,9.58198e+10,1.15176e+11
3.61713e+07,165351,2.91942e+06,9.56019e+10,1.1566e+11,9.56817e+10,1.15297e+11
3.61776e+07,165791,2.91963e+06,9.54572e+10,1.1578e+11,9.55434e+10,1.15418e+11
3.61839e+07,166231,2.91984e+06,9.53123e+10,1.15899e+11,9.5405e+10,1.15538e+11
3.61903e+07,166672,2.92005e+06,9.51672e+10,1.16018e+11,9.52663e+10,1.15659e+11
3.61966e+07,167113,2.92025e+06,9.5022e+10,1.16137e+11,9.51275e+10,1.1578e+11
3.62029e+07,167554,2.92046e+06,9.48767e+10,1.16256e+11,9.49885e+10,1.159e+11
3.62092e+07,167996,2.92067e+06,9.47312e+10,1.16375e+11,9.48493e+10,1.16021e+11
3.62155e+07,168439,2.92088e+06,9.45855e+10,1.16493e+11,9.47099e+10,1.16141e+11
3.62218e+07,168882,2.92109e+06,9.44397e+10,1.16612e+11,9.45704e+10,1.16262e+11
3.62281e+07,169325,2.92131e+06,9.42938e+10,1.1673e+11,9.44306e+10,1.16382e+11
3.62344e+07,169769,2.92152e+06,9.41477e+10,1.16848e+11,9.42907e+10,1.16502e+11
3.62407e+07,170213,2.92173e+06,9.40014e+10,1.16966e+11,9.41506e+10,1.16622e+11
3.62471e+07,170658,2.92194e+06,9.3855e+10,1.17083e+11,9.40103e+10,1.16742e+11
3.62534e+07,171103,2.92216e+06,9.37085e+10,1.17201e+11,9.38697e+10,1.16862e+11
3.62597e+07,171549,2.92237e+06,9.35618e+10,1.17318e+11,9.3729e+10,1.16982e+11
3.6266e+07,171995,2.92259e+06,9.3415e+10,1.17435e+11,9.35881e+10,1.17102e+11
3.62723e+07,172441,2.9228e+06,9.3268e+10,1.17552e+11,9.3447e+10,1.17222e+11
3.62786e+07,172888,2.92302e+06,9.31209e+10,1.17668e+11,9.33057e+10,1.17341e+11
3.62849e+07,173336,2.92324e+06,9.29737e+10,1.17785e+11,9.31642e+10,1.17461e+11
3.62912e+07,173783,2.92345e+06,9.28263e+10,1.17901e+11,9.30225e+10,1.1758e+11
3.62976e+07,174232,2.92367e+06,9.26787e+10,1.18017e+11,9.28806e+10,1.177e+11
3.63039e+07,174680,2.92389e+06,9.2531e+10,1.18133e+11,9.27385e+10,1.17819e+11
3.63102e+07,175129,2.92411e+06,9.23832e+10,1.18249e+11,9.25961e+10,1.17938e+11
3.63165e+07,175579,2.92433e+06,9.22352e+10,1.18364e+11,9.24536e+10,1.18057e+11
3.63228e+07,176029,2.92455e+06,9.20871e+10,1.1848e+11,9.23109e+10,1.18176e+11
3.63291e+07,176480,2.92477e+06,9.19388e+10,1.18595e+11,9.21679e+10,1.18295e+11
3.63354e+07,176930,2.92499e+06,9.17904e+10,1.1871e+11,9.20247e+10,1.18414e+11
3.63417e+07,177382,2.92521e+06,9.16419e+10,1.18825e+11,9.18814e+10,1.18533e+11
3.6348e+07,177833,2.92543e+06,9.14932e+10,1.18939e+11,9.17378e+10,1.18651e+11
3.63544e+07,178286,2.92566e+06,9.13443e+10,1.19054e+11,9.1594e+10,1.1877e+11
3.63607e+07,178738,2.92588e+06,9.11953e+10,1.19168e+11,9.14499e+10,1.18888e+11
3.6367e+07,179191,2.9261e+06,9.10462e+10,1.19282e+11,9.13057e+10,1.19006e+11
3.63733e+07,179645,2.92633e+06,9.0897e+10,1.19396e+11,9.11612e+10,1.19125e+11
3.63796e+07,180099,2.92655e+06,9.07475e+10,1.19509e+11,9.10165e+10,1.19243e+11
3.63859e+07,180553,2.92678e+06,9.0598e+10,1.19623e+11,9.08716e+10,1.19361e+11
3.63922e+07,181008,2.92701e+06,9.04483e+10,1.19736e+11,9.07265e+10,1.19478e+11
3.63985e+07,181463,2.92723e+06,9.02985e+10,1.19849e+11,9.05811e+10,1.19596e+11
3.64048e+07,181919,2.92746e+06,9.01485e+10,1.19962e+11,9.04356e+10,1.19714e+11
3.64112e+07,182375,2.92769e+06,8.99984e+10,1.20075e+11,9.02898e+10,1.19831e+11
3.64175e+07,182831,2.92792e+06,8.98482e+10,1.20187e+11,9.01437e+10,1.19949e+11
3.64238e+07,183288,2.92814e+06,8.96978e+10,1.203e+11,8.99975e+10,1.20066e+11
3.64301e+07,183746,2.92837e+06,8.95473e+10,1.20412e+11,8.9851e+10,1.20183e+11
3.64364e+07,184204,2.9286e+06,8.93966e+10,1.20524e+11,8.97043e+10,1.203e+11
3.64427e+07,184662,2.92884e+06,8.92458e+10,1.20636e+11,8.95574e+10,1.20417e+11
3.6449e+07,185120,2.92907e+06,8.90949e+10,1.20747e+11,8.94102e+10,1.20534e+11
3.64553e+07,185579,2.9293e+06,8.89438e+10,1.20859e+11,8.92628e+10,1.20651e+11
3.64617e+07,186039,2.92953e+06,8.87926e+10,1.2097e+11,8.91152e+10,1.20767e+11
3.6468e+07,186499,2.92976e+06,8.86412e+10,1.21081e+11,8.89673e+10,1.20884e+11
3.64743e+07,186959,2.93e+06,8.84897e+10,1.21192e+11,8.88192e+10,1.21e+11
3.64806e+07,187420,2.93023e+06,8.83381e+10,1.21302e+11,8.86709e+10,1.21116e+11
3.64869e+07,187881,2.93047e+06,8.81863e+10,1.21413e+11,8.85223e+10,1.21232e+11
3.64932e+07,188343,2.9307e+06,8.80344e+10,1.21523e+11,8.83735e+10,1.21348e+11
3.64995e+07,188805,2.93094e+06,8.78824e+10,1.21633e+11,8.82245e+10,1.21464e+11
3.65058e+07,189267,2.93118e+06,8.77302e+10,1.21743e+11,8.80752e+10,1.21579e+11
3.65121e+07,189730,2.93141e+06,8.75779e+10,1.21853e+11,8.79257e+10,1.21695e+11
3.65185e+07,190193,2.93165e+06,8.74254e+10,1.21962e+11,8.7776e+10,1.2181e+11
3.65248e+07,190657,2.93189e+06,8.72729e+10,1.22072e+11,8.7626e+10,1.21925e+11
3.65311e+07,191121,2.93213e+06,8.71201e+10,1.22181e+11,8.74758e+10,1.2204e+11
3.65374e+07,191585,2.93237e+06,8.69673e+10,1.2229e+11,8.73254e+10,1.22155e+11
3.65437e+07,192050,2.93261e+06,8.68143e+10,1.22398e+11,8.71747e+10,1.2227e+11
3.655e+07,192516,2.93285e+06,8.66612e+10,1.22507e+11,8.70238e+10,1.22384e+11
3.65563e+07,192981,2.93309e+06,8.65079e+10,1.22615e+11,8.68726e+10,1.22499e+11
3.65626e+07,193448,2.93333e+06,8.63545e+10,1.22723e+11,8.67212e+10,1.22613e+11
3.65689e+07,193914,2.93357e+06,8.6201e+10,1.22831e+11,8.65696e+10,1.22727e+11
3.65753e+07,194381,2.93382e+06,8.60473e+10,1.22939e+11,8.64177e+10,1.22841e+11
3.65816e+07,194848,2.93406e+06,8.58935e+10,1.23047e+11,8.62656e+10,1.22955e+11
3.65879e+07,195316,2.9343e+06,8.57396e+10,1.23154e+11,8.61132e+10,1.23068e+11
3.65942e+07,195784,2.93455e+06,8.55856e+10,1.23261e+11,8.59606e+10,1.23182e+11
3.66005e+07,196253,2.93479e+06,8.54314e+10,1.23368e+11,8.58078e+10,1.23295e+11
3.66068e+07,196722,2.93504e+06,8.52771e+10,1.23475e+11,8.56547e+10,1.23408e+11
3.66131e+07,197191,2.93529e+06,8.51226e+10,1.23582e+11,8.55014e+10,1.23521e+11
3.66194e+07,197661,2.93553e+06,8.4968e+10,1.23688e+11,8.53478e+10,1.23634e+11
3.66258e+07,198132,2.93578e+06,8.48133e+10,1.23794e+11,8.51941e+10,1.23746e+11
3.66321e+07,198602,2.93603e+06,8.46584e+10,1.239e+11,8.504e+10,1.23859e+11
3.66384e+07,199073,2.93628e+06,8.45035e+10,1.24006e+11,8.48857e+10,1.23971e+11
3.66447e+07,199545,2.93653e+06,8.43484e+10,1.24112e+11,8.47312e+10,1.24083e+11
3.6651e+07,200016,2.93678e+06,8.41931e+10,1.24217e+11,8.45765e+10,1.24195e+11
3.66573e+07,200489,2.93703e+06,8.40377e+10,1.24323e+11,8.44215e+10,1.24306e+11
3.66636e+07,200961,2.93728e+06,8.38822e+10,1.24428e+11,8.42663e+10,1.24418e+11
3.66699e+07,201434,2.93753e+06,8.37266e+10,1.24533e+11,8.41108e+10,1.24529e+11
3.66762e+07,201908,2.93778e+06,8.35708e+10,1.24637e+11,8.39551e+10,1.2464e+11
3.66826e+07,202382,2.93804e+06,8.34149e+10,1.24742e+11,8.37991e+10,1.24751e+11
3.66889e+07,202856,2.93829e+06,8.32589e+10,1.24846e+11,8.36429e+10,1.24861e+11
3.66952e+07,203330,2.93854e+06,8.31028e+10,1.2495e+11,8.34865e+10,1.24972e+11
3.67015e+07,203805,2.9388e+06,8.29465e+10,1.25054e+11,8.33299e+10,1.25082e+11
3.67078e+07,204281,2.93905e+06,8.27901e+10,1.25158e+11,8.3173e+10,1.25192e+11
3.67141e+07,204757,2.93931e+06,8.26336e+10,1.25261e+11,8.30158e+10,1.25302e+11
3.67204e+07,205233,2.93957e+06,8.24769e+10,1.25365e+11,8.28585e+10,1.25412e+11
3.67267e+07,205709,2.93982e+06,8.23201e+10,1.25468e+11,8.27009e+10,1.25521e+11
3.6733e+07,206186,2.94008e+06,8.21632e+10,1.25571e+11,8.2543e+10,1.2563e+11
3.67394e+07,206664,2.94034e+06,8.20061e+10,1.25673e+11,8.2385e+10,1.25739e+11
3.67457e+07,207142,2.9406e+06,8.1849e+10,1.25776e+11,8.22266e+10,1.25848e+11
3.6752e+07,207620,2.94086e+06,8.16917e+10,1.25878e+11,8.20681e+10,1.25957e+11
3.67583e+07,208098,2.94112e+06,8.15342e+10,1.2598e+11,8.19093e+10,1.26065e+11
3.67646e+07,208577,2.94138e+06,8.13767e+10,1.26082e+11,8.17503e+10,1.26173e+11
3.67709e+07,209056,2.94164e+06,8.1219e+10,1.26184e+11,8.15911e+10,1.26281e+11
3.67772e+07,209536,2.9419e+06,8.10612e+10,1.26285e+11,8.14316e+10,1.26389e+11
3.67835e+07,210016,2.94216e+06,8.09033e+10,1.26387e+11,8.12719e+10,1.26497e+11
3.67899e+07,210497,2.94243e+06,8.07452e+10,1.26488e+11,8.1112e+10,1.26604e+11
3.67962e+07,210978,2.94269e+06,8.05871e+10,1.26589e+11,8.09519e+10,1.26711e+11
3.68025e+07,211459,2.94295e+06,8.04288e+10,1.2669e+11,8.07915e+10,1.26818e+11
3.68088e+07,211940,2.94322e+06,8.02703e+10,1.2679e+11,8.06309e+10,1.26924e+11
3.68151e+07,212422,2.94349e+06,8.01118e+10,1.26891e+11,8.047e+10,1.2703e+11
3.68214e+07,212905,2.94375e+06,7.99531e+10,1.26991e+11,8.0309e+10,1.27137e+11
3.68277e+07,213388,2.94402e+06,7.97943e+10,1.27091e+11,8.01477e+10,1.27242e+11
3.6834e+07,213871,2.94429e+06,7.96354e+10,1.2719e+11,7.99862e+10,1.27348e+11
3.68403e+07,214354,2.94455e+06,7.94763e+10,1.2729e+11,7.98244e+10,1.27453e+11
3.68467e+07,214838,2.94482e+06,7.93172e+10,1.27389e+11,7.96625e+10,1.27559e+11
3.6853e+07,215322,2.94509e+06,7.91579e+10,1.27488e+11,7.95003e+10,1.27663e+11
3.68593e+07,215807,2.94536e+06,7.89984e+10,1.27587e+11,7.93379e+10,1.27768e+11
3.68656e+07,216292,2.94563e+06,7.88389e+10,1.27686e+11,7.91753e+10,1.27872e+11
3.68719e+07,216777,2.9459e+06,7.86792e+10,1.27785e+11,7.90125e+10,1.27977e+11
3.68782e+07,217263,2.94617e+06,7.85195e+10,1.27883e+11,7.88495e+10,1.2808e+11
3.68845e+07,217749,2.94645e+06,7.83596e+10,1.27981e+11,7.86862e+10,1.28184e+11
3.68908e+07,218236,2.94672e+06,7.81995e+10,1.28079e+11,7.85227e+10,1.28287e+11
3.68971e+07,218723,2.94699e+06,7.80394e+10,1.28177e+11,7.83591e+10,1.28391e+11
3.69035e+07,219210,2.94727e+06,7.78791e+10,1.28275e+11,7.81952e+10,1.28493e+11
3.69098e+07,219698,2.94754e+06,7.77187e+10,1.28372e+11,7.80311e+10,1.28596e+11
3.69161e+07,220186,2.94782e+06,7.75582e+10,1.28469e+11,7.78668e+10,1.28698e+11
3.69224e+07,220674,2.94809e+06,7.73976e+10,1.28566e+11,7.77022e+10,1.288e+11
3.69287e+07,221163,2.94837e+06,7.72368e+10,1.28663e+11,7.75375e+10,1.28902e+11
3.6935e+07,221652,2.94864e+06,7.7076e+10,1.28759e+11,7.73726e+10,1.29004e+11
3.69413e+07,222141,2.94892e+06,7.6915e+10,1.28856e+11,7.72075e+10,1.29105e+11
3.69476e+07,222631,2.9492e+06,7.67539e+10,1.28952e+11,7.70421e+10,1.29206e+11
3.69539e+07,223121,2.94948e+06,7.65927e+10,1.29048e+11,7.68766e+10,1.29307e+11
3.69603e+07,223612,2.94976e+06,7.64313e+10,1.29144e+11,7.67109e+10,1.29407e+11
3.69666e+07,224103,2.95004e+06,7.62698e+10,1.29239e+11,7.6545e+10,1.29507e+11
3.69729e+07,224594,2.95032e+06,7.61083e+10,1.29335e+11,7.63788e+10,1.29607e+11
3.69792e+07,225086,2.9506e+06,7.59466e+10,1.2943e+11,7.62125e+10,1.29707e+11
3.69855e+07,225578,2.95088e+06,7.57847e+10,1.29525e+11,7.6046e+10,1.29806e+11
3.69918e+07,226070,2.95117e+06,7.56228e+10,1.2962e+11,7.58793e+10,1.29905e+11
3.69981e+07,226563,2.95145e+06,7.54608e+10,1.29714e+11,7.57124e+10,1.30004e+11
3.70044e+07,227056,2.95173e+06,7.52986e+10,1.29808e+11,7.55453e+10,1.30103e+11
3.70108e+07,227549,2.95202e+06,7.51363e+10,1.29903e+11,7.53781e+10,1.30201e+11
3.70171e+07,228043,2.9523e+06,7.49739e+10,1.29997e+11,7.52106e+10,1.30299e+11
3.70234e+07,228537,2.95259e+06,7.48114e+10,1.3009e+11,7.5043e+10,1.30396e+11
3.70297e+07,229032,2.95287e+06,7.46487e+10,1.30184e+11,7.48752e+10,1.30494e+11
3.7036e+07,229527,2.95316e+06,7.4486e+10,1.30277e+11,7.47072e+10,1.30591e+11
3.70423e+07,230022,2.95345e+06,7.43231e+10,1.3037e+11,7.4539e+10,1.30688e+11
3.70486e+07,230518,2.95374e+06,7.41601e+10,1.30463e+11,7.43706e+10,1.30784e+11
3.70549e+07,231013,2.95403e+06,7.3997e+10,1.30556e+11,7.42021e+10,1.3088e+11
3.70612e+07,231510,2.95432e+06,7.38338e+10,1.30649e+11,7.40334e+10,1.30976e+11
3.70676e+07,232006,2.95461e+06,7.36705e+10,1.30741e+11,7.38646e+10,1.31072e+11
3.70739e+07,232503,2.9549e+06,7.3507e+10,1.30833e+11,7.36955e+10,1.31167e+11
3.70802e+07,233001,2.95519e+06,7.33435e+10,1.30925e+11,7.35263e+10,1.31262e+11
3.70865e+07,233498,2.95548e+06,7.31798e+10,1.31017e+11,7.33569e+10,1.31357e+11
3.70928e+07,233996,2.95577e+06,7.3016e+10,1.31108e+11,7.31874e+10,1.31451e+11
3.70991e+07,234495,2.95606e+06,7.28521e+10,1.312e+11,7.30177e+10,1.31545e+11
3.71054e+07,234993,2.95636e+06,7.26881e+10,1.31291e+11,7.28479e+10,1.31639e+11
3.71117e+07,235493,2.95665e+06,7.2524e+10,1.31382e+11,7.26779e+10,1.31733e+11
3.7118e+07,235992,2.95695e+06,7.23598e+10,1.31472e+11,7.25077e+10,1.31826e+11
3.71244e+07,236492,2.95724e+06,7.21954e+10,1.31563e+11,7.23374e+10,1.31919e+11
3.71307e+07,236992,2.95754e+06,7.20309e+10,1.31653e+11,7.21669e+10,1.32011e+11
3.7137e+07,237492,2.95784e+06,7.18664e+10,1.31743e+11,7.19963e+10,1.32104e+11
3.71433e+07,237993,2.95813e+06,7.17017e+10,1.31833e+11,7.18255e+10,1.32196e+11
3.71496e+07,238494,2.95843e+06,7.15369e+10,1.31923e+11,7.16546e+10,1.32287e+11
3.71559e+07,238996,2.95873e+06,7.1372e+10,1.32012e+11,7.14835e+10,1.32379e+11
3.71622e+07,239497,2.95903e+06,7.1207e+10,1.32101e+11,7.13123e+10,1.3247e+11
3.71685e+07,240000,2.95933e+06,7.10418e+10,1.3219e+11,7.11409e+10,1.32561e+11
3.71749e+07,240502,2.95963e+06,7.08766e+10,1.32279e+11,7.09695e+10,1.32651e+11
3.71812e+07,241005,2.95993e+06,7.07112e+10,1.32368e+11,7.07978e+10,1.32741e+11
3.71875e+07,241508,2.96023e+06,7.05458e+10,1.32456e+11,7.06261e+10,1.32831e+11
3.71938e+07,242012,2.96054e+06,7.03802e+10,1.32545e+11,7.04542e+10,1.3292e+11
3.72001e+07,242515,2.96084e+06,7.02145e+10,1.32633e+11,7.02822e+10,1.3301e+11
3.72064e+07,243019,2.96114e+06,7.00487e+10,1.3272e+11,7.011e+10,1.33099e+11
3.72127e+07,243524,2.96145e+06,6.98828e+10,1.32808e+11,6.99378e+10,1.33187e+11
3.7219e+07,244029,2.96175e+06,6.97168e+10,1.32896e+11,6.97654e+10,1.33275e+11
3.72253e+07,244534,2.96206e+06,6.95507e+10,1.32983e+11,6.95928e+10,1.33363e+11
3.72317e+07,245039,2.96236e+06,6.93844e+10,1.3307e+11,6.94202e+10,1.33451e+11
3.7238e+07,245545,2.96267e+06,6.92181e+10,1.33157e+11,6.92474e+10,1.33538e+11
3.72443e+07,246051,2.96298e+06,6.90517e+10,1.33243e+11,6.90746e+10,1.33625e+11
3.72506e+07,246558,2.96329e+06,6.88851e+10,1.3333e+11,6.89016e+10,1.33712e+11
3.72569e+07,247065,2.9636e+06,6.87184e+10,1.33416e+11,6.87285e+10,1.33798e+11
3.72632e+07,247572,2.96391e+06,6.85517e+10,1.33502e+11,6.85553e+10,1.33884e+11
3.72695e+07,248079,2.96422e+06,6.83848e+10,1.33587e+11,6.8382e+10,1.3397e+11
3.72758e+07,248587,2.96453e+06,6.82178e+10,1.33673e+11,6.82085e+10,1.34055e+11
3.72821e+07,249095,2.96484e+06,6.80507e+10,1.33758e+11,6.8035e+10,1.34141e+11
3.72885e+07,249604,2.96515e+06,6.78835e+10,1.33843e+11,6.78614e+10,1.34225e+11
3.72948e+07,250112,2.96546e+06,6.77162e+10,1.33928e+11,6.76877e+10,1.3431e+11
3.73011e+07,250621,2.96578e+06,6.75488e+10,1.34013e+11,6.75138e+10,1.34394e+11
3.73074e+07,251131,2.96609e+06,6.73813e+10,1.34098e+11,6.73399e+10,1.34478e+11
3.73137e+07,251640,2.9664e+06,6.72137e+10,1.34182e+11,6.71659e+10,1.34561e+11
3.732e+07,252150,2.96672e+06,6.7046e+10,1.34266e+11,6.69918e+10,1.34644e+11
3.73263e+07,252661,2.96703e+06,6.68781e+10,1.3435e+11,6.68176e+10,1.34727e+11
3.73326e+07,253171,2.96735e+06,6.67102e+10,1.34434e+11,6.66434e+10,1.3481e+11
3.7339e+07,253682,2.96767e+06,6.65421e+10,1.34517e+11,6.6469e+10,1.34892e+11
3.73453e+07,254194,2.96799e+06,6.6374e+10,1.346e+11,6.62945e+10,1.34974e+11
3.73516e+07,254705,2.9683e+06,6.62058e+10,1.34683e+11,6.612e+10,1.35056e+11
3.73579e+07,255217,2.96862e+06,6.60374e+10,1.34766e+11,6.59454e+10,1.35137e+11
3.73642e+07,255730,2.96894e+06,6.5869e+10,1.34849e+11,6.57707e+10,1.35218e+11
3.73705e+07,256242,2.96926e+06,6.57004e+10,1.34931e+11,6.5596e+10,1.35299e+11
3.73768e+07,256755,2.96958e+06,6.55317e+10,1.35013e+11,6.54212e+10,1.35379e+11
3.73831e+07,257268,2.96991e+06,6.5363e+10,1.35095e+11,6.52463e+10,1.35459e+11
3.73894e+07,257782,2.97023e+06,6.51941e+10,1.35177e+11,6.50713e+10,1.35539e+11
3.73958e+07,258295,2.97055e+06,6.50251e+10,1.35259e+11,6.48963e+10,1.35618e+11
3.74021e+07,258810,2.97087e+06,6.48561e+10,1.3534e+11,6.47212e+10,1.35697e+11
3.74084e+07,259324,2.9712e+06,6.46869e+10,1.35421e+11,6.4546e+10,1.35776e+11
3.74147e+07,259839,2.97152e+06,6.45176e+10,1.35502e+11,6.43708e+10,1.35854e+11
3.7421e+07,260354,2.97185e+06,6.43482e+10,1.35583e+11,6.41955e+10,1.35933e+11
3.74273e+07,260869,2.97217e+06,6.41788e+10,1.35664e+11,6.40202e+10,1.3601e+11
3.74336e+07,261385,2.9725e+06,6.40092e+10,1.35744e+11,6.38448e+10,1.36088e+11
3.74399e+07,261901,2.97283e+06,6.38395e+10,1.35824e+11,6.36694e+10,1.36165e+11
3.74462e+07,262417,2.97316e+06,6.36697e+10,1.35904e+11,6.34939e+10,1.36242e+11
3.74526e+07,262933,2.97349e+06,6.34998e+10,1.35984e+11,6.33184e+10,1.36319e+11
3.74589e+07,263450,2.97381e+06,6.33299e+10,1.36063e+11,6.31428e+10,1.36395e+11
3.74652e+07,263967,2.97414e+06,6.31598e+10,1.36142e+11,6.29672e+10,1.36471e+11
3.74715e+07,264485,2.97448e+06,6.29896e+10,1.36221e+11,6.27915e+10,1.36547e+11
3.74778e+07,265003,2.97481e+06,6.28193e+10,1.363e+11,6.26158e+10,1.36622e+11
3.74841e+07,265521,2.97514e+06,6.26489e+10,1.36379e+11,6.244e+10,1.36697e+11
3.74904e+07,266039,2.97547e+06,6.24785e+10,1.36457e+11,6.22642e+10,1.36772e+11
3.74967e+07,266558,2.9758e+06,6.23079e+10,1.36535e+11,6.20884e+10,1.36846e+11
3.75031e+07,267077,2.97614e+06,6.21372e+10,1.36613e+11,6.19126e+10,1.36921e+11
3.75094e+07,267596,2.97647e+06,6.19665e+10,1.36691e+11,6.17367e+10,1.36994e+11
3.75157e+07,268115,2.97681e+06,6.17956e+10,1.36769e+11,6.15608e+10,1.37068e+11
3.7522e+07,268635,2.97714e+06,6.16246e+10,1.36846e+11,6.13848e+10,1.37141e+11
3.75283e+07,269155,2.97748e+06,6.14536e+10,1.36923e+11,6.12088e+10,1.37214e+11
3.75346e+07,269676,2.97782e+06,6.12824e+10,1.37e+11,6.10329e+10,1.37287e+11
3.75409e+07,270196,2.97815e+06,6.11111e+10,1.37077e+11,6.08568e+10,1.37359e+11
3.75472e+07,270717,2.97849e+06,6.09398e+10,1.37153e+11,6.06808e+10,1.37431e+11
3.75535e+07,271239,2.97883e+06,6.07683e+10,1.3723e+11,6.05047e+10,1.37503e+11
3.75599e+07,271760,2.97917e+06,6.05968e+10,1.37306e+11,6.03287e+10,1.37575e+11
3.75662e+07,272282,2.97951e+06,6.04252e+10,1.37382e+11,6.01526e+10,1.37646e+11
3.75725e+07,272804,2.97985e+06,6.02534e+10,1.37457e+11,5.99764e+10,1.37717e+11
3.75788e+07,273327,2.9802e+06,6.00816e+10,1.37533e+11,5.98003e+10,1.37787e+11
3.75851e+07,273849,2.98054e+06,5.99097e+10,1.37608e+11,5.96242e+10,1.37858e+11
3.75914e+07,274372,2.98088e+06,5.97376e+10,1.37683e+11,5.9448e+10,1.37928e+11
3.75977e+07,274896,2.98122e+06,5.95655e+10,1.37758e+11,5.92719e+10,1.37997e+11
3.7604e+07,275419,2.98157e+06,5.93933e+10,1.37832e+11,5.90957e+10,1.38067e+11
3.76103e+07,275943,2.98191e+06,5.9221e+10,1.37907e+11,5.89196e+10,1.38136e+11
3.76167e+07,276467,2.98226e+06,5.90486e+10,1.37981e+11,5.87434e+10,1.38205e+11
3.7623e+07,276992,2.9826e+06,5.88761e+10,1.38055e+11,5.85672e+10,1.38274e+11
3.76293e+07,277516,2.98295e+06,5.87035e+10,1.38128e+11,5.83911e+10,1.38342e+11
3.76356e+07,278041,2.9833e+06,5.85309e+10,1.38202e+11,5.82149e+10,1.3841e+11
3.76419e+07,278566,2.98365e+06,5.83581e+10,1.38275e+11,5.80387e+10,1.38478e+11
3.76482e+07,279092,2.984e+06,5.81852e+10,1.38348e+11,5.78625e+10,1.38545e+11
3.76545e+07,279618,2.98435e+06,5.80123e+10,1.38421e+11,5.76864e+10,1.38612e+11
3.76608e+07,280144,2.9847e+06,5.78392e+10,1.38494e+11,5.75102e+10,1.38679e+11
3.76672e+07,280670,2.98505e+06,5.76661e+10,1.38566e+11,5.73341e+10,1.38746e+11
3.76735e+07,281197,2.9854e+06,5.74929e+10,1.38638e+11,5.71579e+10,1.38812e+11
3.76798e+07,281724,2.98575e+06,5.73196e+10,1.3871e+11,5.69818e+10,1.38879e+11
3.76861e+07,282251,2.9861e+06,5.71461e+10,1.38782e+11,5.68057e+10,1.38945e+11
3.76924e+07,282778,2.98646e+06,5.69726e+10,1.38854e+11,5.66296e+10,1.3901e+11
3.76987e+07,283306,2.98681e+06,5.67991e+10,1.38925e+11,5.64535e+10,1.39075e+11
3.7705e+07,283834,2.98717e+06,5.66254e+10,1.38996e+11,5.62774e+10,1.39141e+11
3.77113e+07,284362,2.98752e+06,5.64516e+10,1.39067e+11,5.61013e+10,1.39205e+11
3.77176e+07,284891,2.98788e+06,5.62777e+10,1.39138e+11,5.59253e+10,1.3927e+11
3.7724e+07,285420,2.98823e+06,5.61038e+10,1.39208e+11,5.57492e+10,1.39334e+11
3.77303e+07,285949,2.98859e+06,5.59298e+10,1.39279e+11,5.55732e+10,1.39398e+11
3.77366e+07,286478,2.98895e+06,5.57556e+10,1.39349e+11,5.53972e+10,1.39462e+11
3.77429e+07,287008,2.98931e+06,5.55814e+10,1.39418e+11,5.52213e+10,1.39526e+11
3.77492e+07,287537,2.98967e+06,5.54071e+10,1.39488e+11,5.50453e+10,1.39589e+11
3.77555e+07,288068,2.99003e+06,5.52327e+10,1.39557e+11,5.48694e+10,1.39652e+11
3.77618e+07,288598,2.99039e+06,5.50582e+10,1.39627e+11,5.46935e+10,1.39715e+11
3.77681e+07,289129,2.99075e+06,5.48837e+10,1.39696e+11,5.45176e+10,1.39777e+11
3.77744e+07,289659,2.99111e+06,5.4709e+10,1.39764e+11,5.43417e+10,1.3984e+11
3.77808e+07,290191,2.99147e+06,5.45343e+10,1.39833e+11,5.41659e+10,1.39902e+11
3.77871e+07,290722,2.99184e+06,5.43594e+10,1.39901e+11,5.39901e+10,1.39964e+11
3.77934e+07,291254,2.9922e+06,5.41845e+10,1.39969e+11,5.38143e+10,1.40025e+11
3.77997e+07,291786,2.99257e+06,5.40095e+10,1.40037e+11,5.36385e+10,1.40087e+11
3.7806e+07,292318,2.99293e+06,5.38344e+10,1.40105e+11,5.34628e+10,1.40148e+11
3.78123e+07,292850,2.9933e+06,5.36593e+10,1.40172e+11,5.32871e+10,1.40209e+11
3.78186e+07,293383,2.99367e+06,5.3484e+10,1.40239e+11,5.31115e+10,1.40269e+11
3.78249e+07,293916,2.99403e+06,5.33087e+10,1.40306e+11,5.29358e+10,1.4033e+11
3.78313e+07,294449,2.9944e+06,5.31333e+10,1.40373e+11,5.27602e+10,1.4039e+11
3.78376e+07,294983,2.99477e+06,5.29577e+10,1.4044e+11,5.25846e+10,1.4045e+11
3.78439e+07,295516,2.99514e+06,5.27821e+10,1.40506e+11,5.24091e+10,1.4051e+11
3.78502e+07,296050,2.99551e+06,5.26065e+10,1.40572e+11,5.22336e+10,1.40569e+11
3.78565e+07,296584,2.99588e+06,5.24307e+10,1.40638e+11,5.20581e+10,1.40629e+11
3.78628e+07,297119,2.99625e+06,5.22549e+10,1.40704e+11,5.18827e+10,1.40688e+11
3.78691e+07,297654,2.99662e+06,5.20789e+10,1.40769e+11,5.17072e+10,1.40747e+11
3.78754e+07,298189,2.997e+06,5.19029e+10,1.40834e+11,5.15319e+10,1.40805e+11
3.78817e+07,298724,2.99737e+06,5.17268e+10,1.40899e+11,5.13565e+10,1.40864e+11
3.78881e+07,299259,2.99774e+06,5.15506e+10,1.40964e+11,5.11812e+10,1.40922e+11
3.78944e+07,299795,2.99812e+06,5.13744e+10,1.41029e+11,5.10059e+10,1.4098e+11
3.79007e+07,300331,2.99849e+06,5.1198e+10,1.41093e+11,5.08307e+10,1.41038e+11
3.7907e+07,300867,2.99887e+06,5.10216e+10,1.41157e+11,5.06555e+10,1.41095e+11
3.79133e+07,301403,2.99925e+06,5.08451e+10,1.41221e+11,5.04803e+10,1.41153e+11
3.79196e+07,301940,2.99962e+06,5.06685e+10,1.41285e+11,5.03051e+10,1.4121e+11
3.79259e+07,302477,3e+06,5.04919e+10,1.41348e+11,5.013e+10,1.41267e+11
3.79322e+07,303014,3.00038e+06,5.03151e+10,1.41411e+11,4.9955e+10,1.41324e+11
3.79385e+07,303552,3.00076e+06,5.01383e+10,1.41474e+11,4.97799e+10,1.41381e+11
3.79449e+07,304089,3.00114e+06,4.99614e+10,1.41537e+11,4.96049e+10,1.41437e+11
3.79512e+07,304627,3.00152e+06,4.97844e+10,1.416e+11,4.94299e+10,1.41493e+11
3.79575e+07,305165,3.0019e+06,4.96074e+10,1.41662e+11,4.9255e+10,1.41549e+11
3.79638e+07,305703,3.00228e+06,4.94302e+10,1.41724e+11,4.90801e+10,1.41605e+11
3.79701e+07,306242,3.00267e+06,4.9253e+10,1.41786e+11,4.89052e+10,1.41661e+11
3.79764e+07,306781,3.00305e+06,4.90757e+10,1.41848e+11,4.87304e+10,1.41716e+11
3.79827e+07,307320,3.00344e+06,4.88983e+10,1.41909e+11,4.85555e+10,1.41772e+11
3.7989e+07,307859,3.00382e+06,4.87209e+10,1.41971e+11,4.83808e+10,1.41827e+11
3.79954e+07,308399,3.00421e+06,4.85433e+10,1.42032e+11,4.8206e+10,1.41882e+11
3.80017e+07,308938,3.00459e+06,4.83657e+10,1.42092e+11,4.80313e+10,1.41937e+11
3.8008e+07,309478,3.00498e+06,4.8188e+10,1.42153e+11,4.78566e+10,1.41991e+11
3.80143e+07,310018,3.00537e+06,4.80103e+10,1.42213e+11,4.7682e+10,1.42046e+11
3.80206e+07,310559,3.00575e+06,4.78324e+10,1.42273e+11,4.75073e+10,1.421e+11
3.80269e+07,311100,3.00614e+06,4.76545e+10,1.42333e+11,4.73327e+10,1.42154e+11
3.80332e+07,311640,3.00653e+06,4.74765e+10,1.42393e+11,4.71582e+10,1.42208e+11
3.80395e+07,312181,3.00692e+06,4.72985e+10,1.42452e+11,4.69836e+10,1.42262e+11
3.80458e+07,312723,3.00731e+06,4.71203e+10,1.42512e+11,4.68091e+10,1.42316e+11
3.80522e+07,313264,3.00771e+06,4.69421e+10,1.42571e+11,4.66346e+10,1.42369e+11
3.80585e+07,313806,3.0081e+06,4.67638e+10,1.42629e+11,4.64601e+10,1.42422e+11
3.80648e+07,314348,3.00849e+06,4.65854e+10,1.42688e+11,4.62857e+10,1.42476e+11
3.80711e+07,314890,3.00888e+06,4.6407e+10,1.42746e+11,4.61113e+10,1.42528e+11
3.80774e+07,315433,3.00928e+06,4.62285e+10,1.42805e+11,4.59369e+10,1.42581e+11
3.80837e+07,315975,3.00967e+06,4.60499e+10,1.42862e+11,4.57625e+10,1.42634e+11
3.809e+07,316518,3.01007e+06,4.58713e+10,1.4292e+11,4.55881e+10,1.42687e+11
3.80963e+07,317061,3.01047e+06,4.56925e+10,1.42978e+11,4.54138e+10,1.42739e+11
3.81026e+07,317605,3.01086e+06,4.55137e+10,1.43035e+11,4.52395e+10,1.42791e+11
3.8109e+07,318148,3.01126e+06,4.53348e+10,1.43092e+11,4.50652e+10,1.42843e+11
3.81153e+07,318692,3.01166e+06,4.51559e+10,1.43149e+11,4.48909e+10,1.42895e+11
3.81216e+07,319236,3.01206e+06,4.49769e+10,1.43205e+11,4.47166e+10,1.42947e+11
3.81279e+07,319780,3.01246e+06,4.47978e+10,1.43261e+11,4.45424e+10,1.42999e+11
3.81342e+07,320324,3.01286e+06,4.46186e+10,1.43317e+11,4.43681e+10,1.4305e+11
3.81405e+07,320869,3.01326e+06,4.44394e+10,1.43373e+11,4.41939e+10,1.43102e+11
3.81468e+07,321414,3.01366e+06,4.42601e+10,1.43429e+11,4.40197e+10,1.43153e+11
3.81531e+07,321959,3.01406e+06,4.40807e+10,1.43484e+11,4.38454e+10,1.43204e+11
3.81594e+07,322504,3.01447e+06,4.39013e+10,1.4354e+11,4.36712e+10,1.43255e+11
3.81658e+07,323049,3.01487e+06,4.37217e+10,1.43595e+11,4.3497e+10,1.43306e+11
3.81721e+07,323595,3.01527e+06,4.35422e+10,1.43649e+11,4.33228e+10,1.43356e+11
3.81784e+07,324141,3.01568e+06,4.33625e+10,1.43704e+11,4.31486e+10,1.43407e+11
3.81847e+07,324687,3.01609e+06,4.31828e+10,1.43758e+11,4.29744e+10,1.43457e+11
3.8191e+07,325233,3.01649e+06,4.3003e+10,1.43812e+11,4.28002e+10,1.43508e+11
3.81973e+07,325780,3.0169e+06,4.28231e+10,1.43866e+11,4.2626e+10,1.43558e+11
3.82036e+07,326326,3.01731e+06,4.26432e+10,1.4392e+11,4.24518e+10,1.43608e+11
3.82099e+07,326873,3.01772e+06,4.24632e+10,1.43973e+11,4.22776e+10,1.43658e+11
3.82163e+07,327420,3.01812e+06,4.22832e+10,1.44026e+11,4.21034e+10,1.43708e+11
3.82226e+07,327967,3.01853e+06,4.2103e+10,1.44079e+11,4.19292e+10,1.43757e+11
3.82289e+07,328515,3.01895e+06,4.19229e+10,1.44132e+11,4.1755e+10,1.43807e+11
3.82352e+07,329063,3.01936e+06,4.17426e+10,1.44184e+11,4.15807e+10,1.43856e+11
3.82415e+07,329610,3.01977e+06,4.15623e+10,1.44237e+11,4.14065e+10,1.43906e+11
3.82478e+07,330159,3.02018e+06,4.13819e+10,1.44289e+11,4.12322e+10,1.43955e+11
3.82541e+07,330707,3.02059e+06,4.12014e+10,1.4434e+11,4.10579e+10,1.44004e+11
3.82604e+07,331255,3.02101e+06,4.10209e+10,1.44392e+11,4.08836e+10,1.44053e+11
3.82667e+07,331804,3.02142e+06,4.08403e+10,1.44443e+11,4.07093e+10,1.44102e+11
3.82731e+07,332353,3.02184e+06,4.06597e+10,1.44495e+11,4.0535e+10,1.44151e+11
3.82794e+07,332902,3.02226e+06,4.0479e+10,1.44545e+11,4.03606e+10,1.44199e+11
3.82857e+07,333451,3.02267e+06,4.02982e+10,1.44596e+11,4.01862e+10,1.44248e+11
3.8292e+07,334000,3.02309e+06,4.01173e+10,1.44647e+11,4.00118e+10,1.44296e+11
3.82983e+07,334550,3.02351e+06,3.99364e+10,1.44697e+11,3.98373e+10,1.44344e+11
3.83046e+07,335100,3.02393e+06,3.97555e+10,1.44747e+11,3.96629e+10,1.44393e+11
3.83109e+07,335650,3.02435e+06,3.95745e+10,1.44797e+11,3.94883e+10,1.44441e+11
3.83172e+07,336200,3.02477e+06,3.93934e+10,1.44846e+11,3.93138e+10,1.44489e+11
3.83235e+07,336750,3.02519e+06,3.92122e+10,1.44895e+11,3.91392e+10,1.44536e+11
3.83299e+07,337301,3.02561e+06,3.9031e+10,1.44944e+11,3.89646e+10,1.44584e+11
3.83362e+07,337852,3.02603e+06,3.88497e+10,1.44993e+11,3.87899e+10,1.44632e+11
3.83425e+07,338402,3.02645e+06,3.86684e+10,1.45042e+11,3.86152e+10,1.44679e+11
3.83488e+07,338954,3.02688e+06,3.8487e+10,1.4509e+11,3.84405e+10,1.44727e+11
3.83551e+07,339505,3.0273e+06,3.83055e+10,1.45138e+11,3.82657e+10,1.44774e+11
3.83614e+07,340056,3.02773e+06,3.8124e+10,1.45186e+11,3.80909e+10,1.44821e+11
3.83677e+07,340608,3.02815e+06,3.79424e+10,1.45234e+11,3.7916e+10,1.44868e+11
3.8374e+07,341160,3.02858e+06,3.77608e+10,1.45282e+11,3.7741e+10,1.44915e+11
3.83804e+07,341712,3.02901e+06,3.75791e+10,1.45329e+11,3.7566e+10,1.44962e+11
3.83867e+07,342264,3.02943e+06,3.73974e+10,1.45376e+11,3.7391e+10,1.45009e+11
3.8393e+07,342816,3.02986e+06,3.72155e+10,1.45423e+11,3.72159e+10,1.45055e+11
3.83993e+07,343369,3.03029e+06,3.70337e+10,1.45469e+11,3.70407e+10,1.45102e+11
3.84056e+07,343922,3.03072e+06,3.68517e+10,1.45516e+11,3.68655e+10,1.45148e+11
3.84119e+07,344474,3.03115e+06,3.66698e+10,1.45562e+11,3.66902e+10,1.45194e+11
3.84182e+07,345028,3.03158e+06,3.64877e+10,1.45608e+11,3.65149e+10,1.45241e+11
3.84245e+07,345581,3.03202e+06,3.63056e+10,1.45653e+11,3.63395e+10,1.45287e+11
3.84308e+07,346134,3.03245e+06,3.61235e+10,1.45699e+11,3.6164e+10,1.45333e+11
3.84372e+07,346688,3.03288e+06,3.59412e+10,1.45744e+11,3.59884e+10,1.45378e+11
3.84435e+07,347242,3.03332e+06,3.5759e+10,1.45789e+11,3.58128e+10,1.45424e+11
3.84498e+07,347795,3.03375e+06,3.55766e+10,1.45834e+11,3.56371e+10,1.4547e+11
3.84561e+07,348350,3.03419e+06,3.53943e+10,1.45878e+11,3.54613e+10,1.45515e+11
3.84624e+07,348904,3.03462e+06,3.52118e+10,1.45922e+11,3.52855e+10,1.45561e+11
3.84687e+07,349458,3.03506e+06,3.50293e+10,1.45966e+11,3.51096e+10,1.45606e+11
3.8475e+07,350013,3.0355e+06,3.48468e+10,1.4601e+11,3.49335e+10,1.45651e+11
3.84813e+07,350568,3.03594e+06,3.46642e+10,1.46054e+11,3.47575e+10,1.45696e+11
3.84876e+07,351122,3.03637e+06,3.44816e+10,1.46097e+11,3.45813e+10,1.45741e+11
3.8494e+07,351678,3.03681e+06,3.42988e+10,1.4614e+11,3.4405e+10,1.45786e+11
3.85003e+07,352233,3.03725e+06,3.41161e+10,1.46183e+11,3.42287e+10,1.45831e+11
3.85066e+07,352788,3.0377e+06,3.39333e+10,1.46226e+11,3.40522e+10,1.45875e+11
3.85129e+07,353344,3.03814e+06,3.37504e+10,1.46268e+11,3.38757e+10,1.4592e+11
3.85192e+07,353900,3.03858e+06,3.35675e+10,1.4631e+11,3.36991e+10,1.45964e+11
3.85255e+07,354455,3.03902e+06,3.33845e+10,1.46352e+11,3.35224e+10,1.46008e+11
3.85318e+07,355011,3.03947e+06,3.32015e+10,1.46394e+11,3.33456e+10,1.46052e+11
3.85381e+07,355568,3.03991e+06,3.30184e+10,1.46436e+11,3.31686e+10,1.46096e+11
3.85445e+07,356124,3.04036e+06,3.28353e+10,1.46477e+11,3.29916e+10,1.4614e+11
3.85508e+07,356681,3.0408e+06,3.26521e+10,1.46518e+11,3.28145e+10,1.46184e+11
3.85571e+07,357237,3.04125e+06,3.24689e+10,1.46559e+11,3.26373e+10,1.46227e+11
3.85634e+07,357794,3.0417e+06,3.22856e+10,1.46599e+11,3.246e+10,1.46271e+11
3.85697e+07,358351,3.04214e+06,3.21023e+10,1.4664e+11,3.22826e+10,1.46314e+11
3.8576e+07,358908,3.04259e+06,3.19189e+10,1.4668e+11,3.21051e+10,1.46357e+11
3.85823e+07,359465,3.04304e+06,3.17355e+10,1.4672e+11,3.19274e+10,1.464e+11
3.85886e+07,360023,3.04349e+06,3.15521e+10,1.4676e+11,3.17497e+10,1.46443e+11
3.85949e+07,360580,3.04394e+06,3.13685e+10,1.46799e+11,3.15719e+10,1.46486e+11
3.86013e+07,361138,3.04439e+06,3.1185e+10,1.46838e+11,3.13939e+10,1.46529e+11
3.86076e+07,361696,3.04485e+06,3.10014e+10,1.46877e+11,3.12158e+10,1.46571e+11
3.86139e+07,362254,3.0453e+06,3.08177e+10,1.46916e+11,3.10376e+10,1.46614e+11
3.86202e+07,362812,3.04575e+06,3.0634e+10,1.46954e+11,3.08593e+10,1.46656e+11
3.86265e+07,363371,3.04621e+06,3.04502e+10,1.46993e+11,3.06809e+10,1.46698e+11
3.86328e+07,363929,3.04666e+06,3.02664e+10,1.47031e+11,3.05024e+10,1.4674e+11
3.86391e+07,364488,3.04712e+06,3.00826e+10,1.47069e+11,3.03237e+10,1.46782e+11
3.86454e+07,365046,3.04757e+06,2.98987e+10,1.47106e+11,3.01449e+10,1.46823e+11
3.86517e+07,365605,3.04803e+06,2.97147e+10,1.47144e+11,2.9966e+10,1.46865e+11
3.86581e+07,366164,3.04849e+06,2.95307e+10,1.47181e+11,2.9787e+10,1.46906e+11
3.86644e+07,366724,3.04895e+06,2.93467e+10,1.47218e+11,2.96079e+10,1.46948e+11
3.86707e+07,367283,3.04941e+06,2.91626e+10,1.47254e+11,2.94286e+10,1.46989e+11
3.8677e+07,367842,3.04986e+06,2.89785e+10,1.47291e+11,2.92492e+10,1.4703e+11
3.86833e+07,368402,3.05033e+06,2.87943e+10,1.47327e+11,2.90697e+10,1.4707e+11
3.86896e+07,368962,3.05079e+06,2.86101e+10,1.47363e+11,2.889e+10,1.47111e+11
3.86959e+07,369522,3.05125e+06,2.84259e+10,1.47399e+11,2.87103e+10,1.47151e+11
3.87022e+07,370082,3.05171e+06,2.82416e+10,1.47434e+11,2.85304e+10,1.47192e+11
3.87086e+07,370642,3.05217e+06,2.80572e+10,1.4747e+11,2.83503e+10,1.47232e+11
3.87149e+07,371202,3.05264e+06,2.78728e+10,1.47505e+11,2.81702e+10,1.47272e+11
3.87212e+07,371762,3.0531e+06,2.76884e+10,1.47539e+11,2.79899e+10,1.47312e+11
3.87275e+07,372323,3.05357e+06,2.7504e+10,1.47574e+11,2.78094e+10,1.47351e+11
3.87338e+07,372884,3.05403e+06,2.73194e+10,1.47608e+11,2.76289e+10,1.47391e+11
3.87401e+07,373444,3.0545e+06,2.71349e+10,1.47643e+11,2.74482e+10,1.4743e+11
3.87464e+07,374005,3.05497e+06,2.69503e+10,1.47676e+11,2.72673e+10,1.4747e+11
3.87527e+07,374566,3.05544e+06,2.67657e+10,1.4771e+11,2.70864e+10,1.47509e+11
3.8759e+07,375128,3.05591e+06,2.6581e+10,1.47744e+11,2.69052e+10,1.47547e+11
3.87654e+07,375689,3.05638e+06,2.63963e+10,1.47777e+11,2.6724e+10,1.47586e+11
3.87717e+07,376250,3.05685e+06,2.62115e+10,1.4781e+11,2.65426e+10,1.47624e+11
3.8778e+07,376812,3.05732e+06,2.60267e+10,1.47842e+11,2.63611e+10,1.47663e+11
3.87843e+07,377373,3.05779e+06,2.58419e+10,1.47875e+11,2.61795e+10,1.47701e+11
3.87906e+07,377935,3.05826e+06,2.5657e+10,1.47907e+11,2.59977e+10,1.47739e+11
3.87969e+07,378497,3.05873e+06,2.54721e+10,1.47939e+11,2.58157e+10,1.47777e+11
3.88032e+07,379059,3.05921e+06,2.52872e+10,1.47971e+11,2.56336e+10,1.47814e+11
3.88095e+07,379621,3.05968e+06,2.51022e+10,1.48003e+11,2.54514e+10,1.47852e+11
3.88158e+07,380184,3.06016e+06,2.49171e+10,1.48034e+11,2.52691e+10,1.47889e+11
3.88222e+07,380746,3.06063e+06,2.47321e+10,1.48065e+11,2.50866e+10,1.47926e+11
3.88285e+07,381309,3.06111e+06,2.4547e+10,1.48096e+11,2.4904e+10,1.47963e+11
3.88348e+07,381871,3.06159e+06,2.43618e+10,1.48127e+11,2.47212e+10,1.47999e+11
3.88411e+07,382434,3.06207e+06,2.41767e+10,1.48157e+11,2.45383e+10,1.48036e+11
3.88474e+07,382997,3.06254e+06,2.39914e+10,1.48187e+11,2.43552e+10,1.48072e+11
3.88537e+07,383560,3.06302e+06,2.38062e+10,1.48217e+11,2.4172e+10,1.48108e+11
3.886e+07,384123,3.0635e+06,2.36209e+10,1.48247e+11,2.39886e+10,1.48144e+11
3.88663e+07,384686,3.06399e+06,2.34356e+10,1.48277e+11,2.38052e+10,1.48179e+11
3.88727e+07,385249,3.06447e+06,2.32502e+10,1.48306e+11,2.36215e+10,1.48215e+11
3.8879e+07,385813,3.06495e+06,2.30648e+10,1.48335e+11,2.34378e+10,1.4825e+11
3.88853e+07,386376,3.06543e+06,2.28794e+10,1.48364e+11,2.32538e+10,1.48285e+11
3.88916e+07,386940,3.06592e+06,2.2694e+10,1.48392e+11,2.30698e+10,1.4832e+11
3.88979e+07,387504,3.0664e+06,2.25085e+10,1.48421e+11,2.28856e+10,1.48354e+11
3.89042e+07,388068,3.06689e+06,2.23229e+10,1.48449e+11,2.27013e+10,1.48389e+11
3.89105e+07,388632,3.06737e+06,2.21374e+10,1.48477e+11,2.25168e+10,1.48423e+11
3.89168e+07,389196,3.06786e+06,2.19518e+10,1.48504e+11,2.23321e+10,1.48457e+11
3.89231e+07,389760,3.06834e+06,2.17661e+10,1.48532e+11,2.21474e+10,1.48491e+11
3.89295e+07,390324,3.06883e+06,2.15805e+10,1.48559e+11,2.19625e+10,1.48524e+11
3.89358e+07,390889,3.06932e+06,2.13948e+10,1.48586e+11,2.17774e+10,1.48558e+11
3.89421e+07,391453,3.06981e+06,2.12091e+10,1.48612e+11,2.15922e+10,1.48591e+11
3.89484e+07,392018,3.0703e+06,2.10233e+10,1.48639e+11,2.14069e+10,1.48623e+11
3.89547e+07,392582,3.07079e+06,2.08375e+10,1.48665e+11,2.12214e+10,1.48656e+11
3.8961e+07,393147,3.07128e+06,2.06517e+10,1.48691e+11,2.10358e+10,1.48688e+11
3.89673e+07,393712,3.07177e+06,2.04659e+10,1.48717e+11,2.085e+10,1.48721e+11
3.89736e+07,394277,3.07227e+06,2.028e+10,1.48743e+11,2.06641e+10,1.48753e+11
3.89799e+07,394842,3.07276e+06,2.00941e+10,1.48768e+11,2.04781e+10,1.48784e+11
3.89863e+07,395407,3.07326e+06,1.99081e+10,1.48793e+11,2.02919e+10,1.48816e+11
3.89926e+07,395972,3.07375e+06,1.97221e+10,1.48818e+11,2.01056e+10,1.48847e+11
3.89989e+07,396538,3.07425e+06,1.95361e+10,1.48842e+11,1.99192e+10,1.48878e+11
3.90052e+07,397103,3.07474e+06,1.93501e+10,1.48867e+11,1.97326e+10,1.48909e+11
3.90115e+07,397669,3.07524e+06,1.91641e+10,1.48891e+11,1.95459e+10,1.48939e+11
3.90178e+07,398234,3.07574e+06,1.8978e+10,1.48915e+11,1.9359e+10,1.48969e+11
3.90241e+07,398800,3.07624e+06,1.87919e+10,1.48939e+11,1.9172e+10,1.48999e+11
3.90304e+07,399366,3.07673e+06,1.86057e+10,1.48962e+11,1.89849e+10,1.49029e+11
3.90368e+07,399932,3.07723e+06,1.84195e+10,1.48985e+11,1.87976e+10,1.49058e+11
3.90431e+07,400498,3.07774e+06,1.82333e+10,1.49008e+11,1.86102e+10,1.49088e+11
3.90494e+07,401064,3.07824e+06,1.80471e+10,1.49031e+11,1.84226e+10,1.49117e+11
3.90557e+07,401630,3.07874e+06,1.78609e+10,1.49054e+11,1.8235e+10,1.49145e+11
3.9062e+07,402196,3.07924e+06,1.76746e+10,1.49076e+11,1.80472e+10,1.49174e+11
3.90683e+07,402763,3.07975e+06,1.74883e+10,1.49098e+11,1.78592e+10,1.49202e+11
3.90746e+07,403329,3.08025e+06,1.73019e+10,1.4912e+11,1.76712e+10,1.4923e+11
3.90809e+07,403896,3.08075e+06,1.71156e+10,1.49141e+11,1.7483e+10,1.49258e+11
3.90872e+07,404462,3.08126e+06,1.69292e+10,1.49163e+11,1.72946e+10,1.49285e+11
3.90936e+07,405029,3.08177e+06,1.67428e+10,1.49184e+11,1.71062e+10,1.49312e+11
3.90999e+07,405595,3.08227e+06,1.65564e+10,1.49205e+11,1.69176e+10,1.49339e+11
3.91062e+07,406162,3.08278e+06,1.63699e+10,1.49225e+11,1.67289e+10,1.49366e+11
3.91125e+07,406729,3.08329e+06,1.61834e+10,1.49246e+11,1.65401e+10,1.49392e+11
3.91188e+07,407296,3.0838e+06,1.59969e+10,1.49266e+11,1.63511e+10,1.49418e+11
3.91251e+07,407863,3.08431e+06,1.58104e+10,1.49286e+11,1.6162e+10,1.49444e+11
3.91314e+07,408430,3.08482e+06,1.56238e+10,1.49306e+11,1.59728e+10,1.4947e+11
3.91377e+07,408998,3.08533e+06,1.54372e+10,1.49325e+11,1.57835e+10,1.49495e+11
3.9144e+07,409565,3.08584e+06,1.52506e+10,1.49345e+11,1.55941e+10,1.4952e+11
3.91504e+07,410132,3.08635e+06,1.5064e+10,1.49364e+11,1.54045e+10,1.49544e+11
3.91567e+07,410700,3.08687e+06,1.48774e+10,1.49382e+11,1.52148e+10,1.49569e+11
3.9163e+07,411267,3.08738e+06,1.46907e+10,1.49401e+11,1.5025e+10,1.49593e+11
3.91693e+07,411835,3.0879e+06,1.4504e+10,1.49419e+11,1.48351e+10,1.49617e+11
3.91756e+07,412402,3.08841e+06,1.43173e+10,1.49437e+11,1.46451e+10,1.4964e+11
3.91819e+07,412970,3.08893e+06,1.41306e+10,1.49455e+11,1.44549e+10,1.49664e+11
3.91882e+07,413538,3.08945e+06,1.39438e+10,1.49473e+11,1.42647e+10,1.49687e+11
3.91945e+07,414105,3.08996e+06,1.3757e+10,1.4949e+11,1.40743e+10,1.49709e+11
3.92009e+07,414673,3.09048e+06,1.35703e+10,1.49508e+11,1.38838e+10,1.49732e+11
3.92072e+07,415241,3.091e+06,1.33834e+10,1.49525e+11,1.36932e+10,1.49754e+11
3.92135e+07,415809,3.09152e+06,1.31966e+10,1.49541e+11,1.35025e+10,1.49775e+11
3.92198e+07,416377,3.09204e+06,1.30098e+10,1.49558e+11,1.33117e+10,1.49797e+11
3.92261e+07,416946,3.09256e+06,1.28229e+10,1.49574e+11,1.31208e+10,1.49818e+11
3.92324e+07,417514,3.09308e+06,1.2636e+10,1.4959e+11,1.29298e+10,1.49839e+11
3.92387e+07,418082,3.09361e+06,1.24491e+10,1.49606e+11,1.27387e+10,1.4986e+11
3.9245e+07,418650,3.09413e+06,1.22621e+10,1.49621e+11,1.25475e+10,1.4988e+11
3.92513e+07,419219,3.09465e+06,1.20752e+10,1.49637e+11,1.23562e+10,1.499e+11
3.92577e+07,419787,3.09518e+06,1.18882e+10,1.49652e+11,1.21648e+10,1.4992e+11
3.9264e+07,420356,3.0957e+06,1.17013e+10,1.49667e+11,1.19733e+10,1.49939e+11
3.92703e+07,420924,3.09623e+06,1.15143e+10,1.49681e+11,1.17817e+10,1.49958e+11
3.92766e+07,421493,3.09676e+06,1.13272e+10,1.49696e+11,1.159e+10,1.49977e+11
3.92829e+07,422061,3.09728e+06,1.11402e+10,1.4971e+11,1.13982e+10,1.49995e+11
3.92892e+07,422630,3.09781e+06,1.09532e+10,1.49724e+11,1.12064e+10,1.50013e+11
3.92955e+07,423199,3.09834e+06,1.07661e+10,1.49737e+11,1.10144e+10,1.50031e+11
3.93018e+07,423768,3.09887e+06,1.0579e+10,1.49751e+11,1.08224e+10,1.50049e+11
3.93081e+07,424337,3.0994e+06,1.03919e+10,1.49764e+11,1.06302e+10,1.50066e+11
3.93145e+07,424905,3.09993e+06,1.02048e+10,1.49777e+11,1.0438e+10,1.50083e+11
3.93208e+07,425474,3.10046e+06,1.00177e+10,1.4979e+11,1.02457e+10,1.50099e+11
3.93271e+07,426043,3.101e+06,9.83052e+09,1.49802e+11,1.00534e+10,1.50115e+11
3.93334e+07,426612,3.10153e+06,9.64336e+09,1.49815e+11,9.86092e+09,1.50131e+11
3.93397e+07,427182,3.10206e+06,9.45618e+09,1.49827e+11,9.66839e+09,1.50147e+11
3.9346e+07,427751,3.1026e+06,9.269e+09,1.49838e+11,9.47579e+09,1.50162e+11
3.93523e+07,428320,3.10313e+06,9.0818e+09,1.4985e+11,9.28312e+09,1.50177e+11
3.93586e+07,428889,3.10367e+06,8.89458e+09,1.49861e+11,9.09038e+09,1.50192e+11
3.9365e+07,429458,3.10421e+06,8.70736e+09,1.49873e+11,8.89757e+09,1.50206e+11
3.93713e+07,430028,3.10474e+06,8.52012e+09,1.49883e+11,8.70469e+09,1.5022e+11
3.93776e+07,430597,3.10528e+06,8.33286e+09,1.49894e+11,8.51175e+09,1.50234e+11
3.93839e+07,431166,3.10582e+06,8.1456e+09,1.49904e+11,8.31874e+09,1.50247e+11
3.93902e+07,431736,3.10636e+06,7.95832e+09,1.49915e+11,8.12567e+09,1.5026e+11
3.93965e+07,432305,3.1069e+06,7.77103e+09,1.49925e+11,7.93254e+09,1.50273e+11
3.94028e+07,432875,3.10744e+06,7.58373e+09,1.49934e+11,7.73935e+09,1.50285e+11
3.94091e+07,433444,3.10799e+06,7.39642e+09,1.49944e+11,7.54611e+09,1.50297e+11
3.94154e+07,434014,3.10853e+06,7.20909e+09,1.49953e+11,7.35282e+09,1.50308e+11
3.94218e+07,434584,3.10907e+06,7.02176e+09,1.49962e+11,7.15947e+09,1.5032e+11
3.94281e+07,435153,3.10961e+06,6.83442e+09,1.49971e+11,6.96607e+09,1.50331e+11
3.94344e+07,435723,3.11016e+06,6.64706e+09,1.4998e+11,6.77262e+09,1.50341e+11
3.94407e+07,436293,3.1107e+06,6.4597e+09,1.49988e+11,6.57913e+09,1.50352e+11
3.9447e+07,436862,3.11125e+06,6.27232e+09,1.49996e+11,6.3856e+09,1.50362e+11
3.94533e+07,437432,3.1118e+06,6.08494e+09,1.50004e+11,6.19202e+09,1.50371e+11
3.94596e+07,438002,3.11235e+06,5.89755e+09,1.50011e+11,5.9984e+09,1.50381e+11
3.94659e+07,438572,3.11289e+06,5.71014e+09,1.50019e+11,5.80475e+09,1.5039e+11
3.94722e+07,439142,3.11344e+06,5.52273e+09,1.50026e+11,5.61105e+09,1.50398e+11
3.94786e+07,439712,3.11399e+06,5.33532e+09,1.50033e+11,5.41733e+09,1.50407e+11
3.94849e+07,440281,3.11454e+06,5.14789e+09,1.5004e+11,5.22357e+09,1.50414e+11
3.94912e+07,440851,3.11509e+06,4.96045e+09,1.50046e+11,5.02979e+09,1.50422e+11
3.94975e+07,441421,3.11564e+06,4.77301e+09,1.50052e+11,4.83597e+09,1.50429e+11
3.95038e+07,441991,3.1162e+06,4.58556e+09,1.50058e+11,4.64213e+09,1.50436e+11
3.95101e+07,442561,3.11675e+06,4.39811e+09,1.50064e+11,4.44827e+09,1.50443e+11
3.95164e+07,443131,3.1173e+06,4.21065e+09,1.5007e+11,4.25439e+09,1.50449e+11
3.95227e+07,443701,3.11786e+06,4.02318e+09,1.50075e+11,4.06049e+09,1.50455e+11
3.9529e+07,444271,3.11841e+06,3.8357e+09,1.5008e+11,3.86657e+09,1.50461e+11
3.95354e+07,444841,3.11897e+06,3.64822e+09,1.50085e+11,3.67263e+09,1.50466e+11
3.95417e+07,445412,3.11953e+06,3.46073e+09,1.50089e+11,3.47869e+09,1.50471e+11
3.9548e+07,445982,3.12008e+06,3.27324e+09,1.50094e+11,3.28473e+09,1.50475e+11
3.95543e+07,446552,3.12064e+06,3.08574e+09,1.50098e+11,3.09076e+09,1.50479e+11
3.95606e+07,447122,3.1212e+06,2.89824e+09,1.50102e+11,2.89679e+09,1.50483e+11
3.95669e+07,447692,3.12176e+06,2.71073e+09,1.50105e+11,2.70281e+09,1.50487e+11
3.95732e+07,448262,3.12232e+06,2.52322e+09,1.50109e+11,2.50884e+09,1.5049e+11
3.95795e+07,448832,3.12288e+06,2.33571e+09,1.50112e+11,2.31486e+09,1.50493e+11
3.95859e+07,449403,3.12344e+06,2.14819e+09,1.50115e+11,2.12088e+09,1.50495e+11
3.95922e+07,449973,3.12401e+06,1.96067e+09,1.50118e+11,1.92691e+09,1.50497e+11
3.95985e+07,450543,3.12457e+06,1.77314e+09,1.5012e+11,1.73295e+09,1.50499e+11
3.96048e+07,451113,3.12513e+06,1.58561e+09,1.50123e+11,1.53899e+09,1.50501e+11
3.96111e+07,451684,3.1257e+06,1.39808e+09,1.50125e+11,1.34505e+09,1.50502e+11
3.96174e+07,452254,3.12626e+06,1.21055e+09,1.50126e+11,1.15112e+09,1.50503e+11
3.96237e+07,452824,3.12683e+06,1.02302e+09,1.50128e+11,9.57202e+08,1.50503e+11
3.963e+07,453394,3.1274e+06,8.35478e+08,1.50129e+11,7.63303e+08,1.50503e+11
3.96363e+07,453964,3.12796e+06,6.4794e+08,1.5013e+11,5.69425e+08,1.50503e+11
3.96427e+07,454535,3.12853e+06,4.604e+08,1.50131e+11,3.75567e+08,1.50502e+11
3.9649e+07,455105,3.1291e+06,2.72859e+08,1.50132e+11,1.81734e+08,1.50501e+11
3.96553e+07,455675,3.12967e+06,8.5317e+07,1.50132e+11,-1.20732e+07,1.505e+11
3.96616e+07,456245,3.13024e+06,-1.02225e+08,1.50133e+11,-2.05852e+08,1.50499e+11
3.96679e+07,456816,3.13081e+06,-2.89768e+08,1.50132e+11,-3.99601e+08,1.50497e+11
3.96742e+07,457386,3.13138e+06,-4.7731e+08,1.50132e+11,-5.93318e+08,1.50494e+11
3.96805e+07,457956,3.13196e+06,-6.64852e+08,1.50132e+11,-7.87e+08,1.50492e+11
3.96868e+07,458526,3.13253e+06,-8.52393e+08,1.50131e+11,-9.80646e+08,1.50489e+11
3.96931e+07,459097,3.1331e+06,-1.03993e+09,1.5013e+11,-1.17425e+09,1.50485e+11
3.96995e+07,459667,3.13368e+06,-1.22747e+09,1.50129e+11,-1.36782e+09,1.50482e+11
3.97058e+07,460237,3.13425e+06,-1.41501e+09,1.50127e+11,-1.56134e+09,1.50478e+11
3.97121e+07,460807,3.13483e+06,-1.60255e+09,1.50126e+11,-1.75482e+09,1.50473e+11
3.97184e+07,461378,3.13541e+06,-1.79008e+09,1.50124e+11,-1.94826e+09,1.50469e+11
3.97247e+07,461948,3.13598e+06,-1.97761e+09,1.50121e+11,-2.14164e+09,1.50464e+11
3.9731e+07,462518,3.13656e+06,-2.16514e+09,1.50119e+11,-2.33497e+09,1.50459e+11
3.97373e+07,463088,3.13714e+06,-2.35267e+09,1.50116e+11,-2.52825e+09,1.50453e+11
3.97436e+07,463658,3.13772e+06,-2.54019e+09,1.50114e+11,-2.72148e+09,1.50447e+11
3.975e+07,464229,3.1383e+06,-2.72771e+09,1.5011e+11,-2.91464e+09,1.50441e+11
3.97563e+07,464799,3.13888e+06,-2.91523e+09,1.50107e+11,-3.10775e+09,1.50434e+11
3.97626e+07,465369,3.13946e+06,-3.10274e+09,1.50104e+11,-3.3008e+09,1.50427e+11
3.97689e+07,465939,3.14004e+06,-3.29025e+09,1.501e+11,-3.49379e+09,1.5042e+11
3.97752e+07,466509,3.14063e+06,-3.47776e+09,1.50096e+11,-3.68671e+09,1.50412e+11
3.97815e+07,467079,3.14121e+06,-3.66526e+09,1.50091e+11,-3.87956e+09,1.50404e+11
3.97878e+07,467649,3.1418e+06,-3.85275e+09,1.50087e+11,-4.07235e+09,1.50396e+11
3.97941e+07,468219,3.14238e+06,-4.04024e+09,1.50082e+11,-4.26507e+09,1.50387e+11
3.98004e+07,468789,3.14297e+06,-4.22772e+09,1.50077e+11,-4.45771e+09,1.50379e+11
3.98068e+07,469359,3.14355e+06,-4.4152e+09,1.50072e+11,-4.65028e+09,1.50369e+11
3.98131e+07,469929,3.14414e+06,-4.60268e+09,1.50067e+11,-4.84277e+09,1.5036e+11
3.98194e+07,470499,3.14473e+06,-4.79014e+09,1.50061e+11,-5.03519e+09,1.5035e+11
3.98257e+07,471069,3.14532e+06,-4.9776e+09,1.50055e+11,-5.22753e+09,1.5034e+11
3.9832e+07,471639,3.14591e+06,-5.16505e+09,1.50049e+11,-5.41978e+09,1.50329e+11
3.98383e+07,472209,3.1465e+06,-5.3525e+09,1.50043e+11,-5.61196e+09,1.50318e+11
3.98446e+07,472779,3.14709e+06,-5.53994e+09,1.50036e+11,-5.80405e+09,1.50307e+11
3.98509e+07,473349,3.14768e+06,-5.72737e+09,1.50029e+11,-5.99605e+09,1.50296e+11
3.98572e+07,473919,3.14827e+06,-5.91479e+09,1.50022e+11,-6.18796e+09,1.50284e+11
3.98636e+07,474489,3.14887e+06,-6.1022e+09,1.50015e+11,-6.37979e+09,1.50272e+11
3.98699e+07,475058,3.14946e+06,-6.28961e+09,1.50007e+11,-6.57152e+09,1.5026e+11
3.98762e+07,475628,3.15005e+06,-6.477e+09,1.5e+11,-6.76316e+09,1.50247e+11
3.98825e+07,476198,3.15065e+06,-6.66439e+09,1.49992e+11,-6.95471e+09,1.50234e+11
3.98888e+07,476767,3.15125e+06,-6.85177e+09,1.49983e+11,-7.14616e+09,1.50221e+11
3.98951e+07,477337,3.15184e+06,-7.03914e+09,1.49975e+11,-7.33751e+09,1.50207e+11
3.99014e+07,477907,3.15244e+06,-7.2265e+09,1.49966e+11,-7.52877e+09,1.50193e+11
3.99077e+07,478476,3.15304e+06,-7.41384e+09,1.49957e+11,-7.71992e+09,1.50179e+11
3.99141e+07,479046,3.15364e+06,-7.60118e+09,1.49948e+11,-7.91098e+09,1.50165e+11
3.99204e+07,479615,3.15424e+06,-7.78851e+09,1.49939e+11,-8.10192e+09,1.5015e+11
3.99267e+07,480185,3.15484e+06,-7.97583e+09,1.49929e+11,-8.29277e+09,1.50135e+11
3.9933e+07,480754,3.15544e+06,-8.16313e+09,1.49919e+11,-8.48351e+09,1.50119e+11
3.99393e+07,481324,3.15604e+06,-8.35042e+09,1.49909e+11,-8.67414e+09,1.50104e+11
3.99456e+07,481893,3.15664e+06,-8.5377e+09,1.49899e+11,-8.86466e+09,1.50088e+11
3.99519e+07,482462,3.15724e+06,-8.72497e+09,1.49888e+11,-9.05507e+09,1.50071e+11
3.99582e+07,483031,3.15785e+06,-8.91223e+09,1.49877e+11,-9.24537e+09,1.50055e+11
3.99645e+07,483601,3.15845e+06,-9.09947e+09,1.49866e+11,-9.43556e+09,1.50038e+11
3.99709e+07,484170,3.15906e+06,-9.28671e+09,1.49855e+11,-9.62563e+09,1.50021e+11
3.99772e+07,484739,3.15966e+06,-9.47392e+09,1.49844e+11,-9.81559e+09,1.50004e+11
3.99835e+07,485308,3.16027e+06,-9.66113e+09,1.49832e+11,-1.00054e+10,1.49986e+11
3.99898e+07,485877,3.16088e+06,-9.84832e+09,1.4982e+11,-1.01952e+10,1.49968e+11
3.99961e+07,486446,3.16149e+06,-1.00355e+10,1.49808e+11,-1.03848e+10,1.4995e+11
4.00024e+07,487015,3.16209e+06,-1.02227e+10,1.49795e+11,-1.05742e+10,1.49931e+11
4.00087e+07,487584,3.1627e+06,-1.04098e+10,1.49783e+11,-1.07636e+10,1.49913e+11
4.0015e+07,488153,3.16331e+06,-1.05969e+10,1.4977e+11,-1.09529e+10,1.49893e+11
4.00213e+07,488722,3.16393e+06,-1.07841e+10,1.49757e+11,-1.1142e+10,1.49874e+11
4.00277e+07,489290,3.16454e+06,-1.09712e+10,1.49743e+11,-1.1331e+10,1.49855e+11
4.0034e+07,489859,3.16515e+06,-1.11582e+10,1.4973e+11,-1.15199e+10,1.49835e+11
4.00403e+07,490428,3.16576e+06,-1.13453e+10,1.49716e+11,-1.17086e+10,1.49815e+11
4.00466e+07,490996,3.16638e+06,-1.15324e+10,1.49702e+11,-1.18972e+10,1.49794e+11
4.00529e+07,491565,3.16699e+06,-1.17194e+10,1.49688e+11,-1.20857e+10,1.49774e+11
4.00592e+07,492133,3.16761e+06,-1.19064e+10,1.49673e+11,-1.22741e+10,1.49753e+11
4.00655e+07,492702,3.16822e+06,-1.20934e+10,1.49658e+11,-1.24623e+10,1.49732e+11
4.00718e+07,493270,3.16884e+06,-1.22804e+10,1.49643e+11,-1.26504e+10,1.4971e+11
4.00782e+07,493839,3.16945e+06,-1.24674e+10,1.49628e+11,-1.28384e+10,1.49688e+11
4.00845e+07,494407,3.17007e+06,-1.26543e+10,1.49613e+11,-1.30263e+10,1.49667e+11
4.00908e+07,494975,3.17069e+06,-1.28413e+10,1.49597e+11,-1.3214e+10,1.49644e+11
4.00971e+07,495543,3.17131e+06,-1.30282e+10,1.49581e+11,-1.34016e+10,1.49622e+11
4.01034e+07,496111,3.17193e+06,-1.32151e+10,1.49565e+11,-1.3589e+10,1.49599e+11
4.01097e+07,496679,3.17255e+06,-1.34019e+10,1.49548e+11,-1.37763e+10,1.49576e+11
4.0116e+07,497247,3.17317e+06,-1.35888e+10,1.49532e+11,-1.39635e+10,1.49553e+11
4.01223e+07,497815,3.1738e+06,-1.37756e+10,1.49515e+11,-1.41506e+10,1.4953e+11
4.01286e+07,498383,3.17442e+06,-1.39624e+10,1.49498e+11,-1.43375e+10,1.49506e+11
4.0135e+07,498951,3.17504e+06,-1.41492e+10,1.4948e+11,-1.45243e+10,1.49482e+11
4.01413e+07,499518,3.17567e+06,-1.4336e+10,1.49463e+11,-1.47109e+10,1.49458e+11
4.01476e+07,500086,3.17629e+06,-1.45227e+10,1.49445e+11,-1.48974e+10,1.49434e+11
4.01539e+07,500653,3.17692e+06,-1.47095e+10,1.49427e+11,-1.50838e+10,1.49409e+11
4.01602e+07,501221,3.17754e+06,-1.48962e+10,1.49409e+11,-1.527e+10,1.49385e+11
4.01665e+07,501788,3.17817e+06,-1.50829e+10,1.4939e+11,-1.54561e+10,1.4936e+11
4.01728e+07,502356,3.1788e+06,-1.52695e+10,1.49372e+11,-1.56421e+10,1.49334e+11
4.01791e+07,502923,3.17943e+06,-1.54562e+10,1.49353e+11,-1.58279e+10,1.49309e+11
4.01854e+07,503490,3.18006e+06,-1.56428e+10,1.49333e+11,-1.60136e+10,1.49283e+11
4.01918e+07,504057,3.18069e+06,-1.58294e+10,1.49314e+11,-1.61991e+10,1.49257e+11
4.01981e+07,504624,3.18132e+06,-1.6016e+10,1.49294e+11,-1.63846e+10,1.49231e+11
4.02044e+07,505191,3.18195e+06,-1.62025e+10,1.49274e+11,-1.65698e+10,1.49205e+11
4.02107e+07,505758,3.18258e+06,-1.6389e+10,1.49254e+11,-1.6755e+10,1.49179e+11
4.0217e+07,506325,3.18321e+06,-1.65756e+10,1.49234e+11,-1.694e+10,1.49152e+11
4.02233e+07,506892,3.18385e+06,-1.6762e+10,1.49213e+11,-1.71248e+10,1.49125e+11
4.02296e+07,507458,3.18448e+06,-1.69485e+10,1.49193e+11,-1.73096e+10,1.49098e+11
4.02359e+07,508025,3.18512e+06,-1.71349e+10,1.49171e+11,-1.74942e+10,1.4907e+11
4.02423e+07,508591,3.18575e+06,-1.73213e+10,1.4915e+11,-1.76786e+10,1.49043e+11
4.02486e+07,509158,3.18639e+06,-1.75077e+10,1.49129e+11,-1.78629e+10,1.49015e+11
4.02549e+07,509724,3.18703e+06,-1.7694e+10,1.49107e+11,-1.80471e+10,1.48987e+11
4.02612e+07,510290,3.18766e+06,-1.78804e+10,1.49085e+11,-1.82312e+10,1.48959e+11
4.02675e+07,510856,3.1883e+06,-1.80667e+10,1.49063e+11,-1.84151e+10,1.48931e+11
4.02738e+07,511422,3.18894e+06,-1.82529e+10,1.4904e+11,-1.85988e+10,1.48902e+11
4.02801e+07,511988,3.18958e+06,-1.84392e+10,1.49018e+11,-1.87825e+10,1.48873e+11
4.02864e+07,512554,3.19022e+06,-1.86254e+10,1.48995e+11,-1.8966e+10,1.48844e+11
4.02927e+07,513120,3.19086e+06,-1.88116e+10,1.48971e+11,-1.91493e+10,1.48815e+11
4.02991e+07,513686,3.19151e+06,-1.89977e+10,1.48948e+11,-1.93326e+10,1.48786e+11
4.03054e+07,514252,3.19215e+06,-1.91839e+10,1.48924e+11,-1.95157e+10,1.48756e+11
4.03117e+07,514817,3.19279e+06,-1.937e+10,1.48901e+11,-1.96986e+10,1.48727e+11
4.0318e+07,515382,3.19344e+06,-1.9556e+10,1.48876e+11,-1.98815e+10,1.48697e+11
4.03243e+07,515948,3.19408e+06,-1.97421e+10,1.48852e+11,-2.00642e+10,1.48667e+11
4.03306e+07,516513,3.19473e+06,-1.99281e+10,1.48828e+11,-2.02467e+10,1.48637e+11
4.03369e+07,517078,3.19537e+06,-2.01141e+10,1.48803e+11,-2.04292e+10,1.48606e+11
4.03432e+07,517643,3.19602e+06,-2.03e+10,1.48778e+11,-2.06115e+10,1.48576e+11
4.03495e+07,518208,3.19667e+06,-2.0486e+10,1.48752e+11,-2.07937e+10,1.48545e+11
4.03559e+07,518773,3.19732e+06,-2.06719e+10,1.48727e+11,-2.09757e+10,1.48514e+11
4.03622e+07,519338,3.19797e+06,-2.08577e+10,1.48701e+11,-2.11577e+10,1.48483e+11
4.03685e+07,519903,3.19862e+06,-2.10436e+10,1.48675e+11,-2.13395e+10,1.48452e+11
4.03748e+07,520467,3.19927e+06,-2.12294e+10,1.48649e+11,-2.15211e+10,1.48421e+11
4.03811e+07,521032,3.19992e+06,-2.14151e+10,1.48623e+11,-2.17027e+10,1.48389e+11
4.03874e+07,521596,3.20057e+06,-2.16009e+10,1.48596e+11,-2.18841e+10,1.48357e+11
4.03937e+07,522160,3.20122e+06,-2.17866e+10,1.48569e+11,-2.20654e+10,1.48326e+11
4.04e+07,522724,3.20188e+06,-2.19722e+10,1.48542e+11,-2.22466e+10,1.48294e+11
4.04064e+07,523289,3.20253e+06,-2.21579e+10,1.48515e+11,-2.24277e+10,1.48261e+11
4.04127e+07,523852,3.20318e+06,-2.23435e+10,1.48487e+11,-2.26086e+10,1.48229e+11
4.0419e+07,524416,3.20384e+06,-2.2529e+10,1.48459e+11,-2.27894e+10,1.48197e+11
4.04253e+07,524980,3.2045e+06,-2.27146e+10,1.48431e+11,-2.29701e+10,1.48164e+11
4.04316e+07,525544,3.20515e+06,-2.29001e+10,1.48403e+11,-2.31507e+10,1.48131e+11
4.04379e+07,526107,3.20581e+06,-2.30855e+10,1.48374e+11,-2.33312e+10,1.48098e+11
4.04442e+07,526671,3.20647e+06,-2.3271e+10,1.48346e+11,-2.35116e+10,1.48065e+11
4.04505e+07,527234,3.20713e+06,-2.34564e+10,1.48317e+11,-2.36918e+10,1.48032e+11
4.04568e+07,527797,3.20779e+06,-2.36417e+10,1.48287e+11,-2.38719e+10,1.47999e+11
4.04632e+07,528360,3.20845e+06,-2.3827e+10,1.48258e+11,-2.4052e+10,1.47965e+11
4.04695e+07,528923,3.20911e+06,-2.40123e+10,1.48228e+11,-2.42319e+10,1.47932e+11
4.04758e+07,529486,3.20977e+06,-2.41976e+10,1.48198e+11,-2.44117e+10,1.47898e+11
4.04821e+07,530049,3.21043e+06,-2.43828e+10,1.48168e+11,-2.45914e+10,1.47864e+11
4.04884e+07,530611,3.2111e+06,-2.4568e+10,1.48138e+11,-2.4771e+10,1.4783e+11
4.04947e+07,531174,3.21176e+06,-2.47531e+10,1.48107e+11,-2.49505e+10,1.47796e+11
4.0501e+07,531736,3.21242e+06,-2.49382e+10,1.48076e+11,-2.51299e+10,1.47762e+11
4.05073e+07,532299,3.21309e+06,-2.51233e+10,1.48045e+11,-2.53092e+10,1.47727e+11
4.05136e+07,532861,3.21376e+06,-2.53083e+10,1.48014e+11,-2.54884e+10,1.47693e+11
4.052e+07,533423,3.21442e+06,-2.54933e+10,1.47983e+11,-2.56675e+10,1.47658e+11
4.05263e+07,533985,3.21509e+06,-2.56782e+10,1.47951e+11,-2.58465e+10,1.47623e+11
4.05326e+07,534546,3.21576e+06,-2.58631e+10,1.47919e+11,-2.60254e+10,1.47588e+11
4.05389e+07,535108,3.21643e+06,-2.6048e+10,1.47886e+11,-2.62042e+10,1.47553e+11
4.05452e+07,535670,3.2171e+06,-2.62328e+10,1.47854e+11,-2.63829e+10,1.47518e+11
4.05515e+07,536231,3.21777e+06,-2.64176e+10,1.47821e+11,-2.65616e+10,1.47483e+11
4.05578e+07,536792,3.21844e+06,-2.66024e+10,1.47788e+11,-2.67401e+10,1.47447e+11
4.05641e+07,537354,3.21911e+06,-2.67871e+10,1.47755e+11,-2.69186e+10,1.47412e+11
4.05705e+07,537915,3.21978e+06,-2.69717e+10,1.47722e+11,-2.7097e+10,1.47376e+11
4.05768e+07,538476,3.22046e+06,-2.71563e+10,1.47688e+11,-2.72753e+10,1.4734e+11
4.05831e+07,539036,3.22113e+06,-2.73409e+10,1.47654e+11,-2.74535e+10,1.47304e+11
4.05894e+07,539597,3.2218e+06,-2.75255e+10,1.4762e+11,-2.76316e+10,1.47268e+11
4.05957e+07,540158,3.22248e+06,-2.771e+10,1.47586e+11,-2.78097e+10,1.47232e+11
4.0602e+07,540718,3.22315e+06,-2.78944e+10,1.47551e+11,-2.79877e+10,1.47196e+11
4.06083e+07,541278,3.22383e+06,-2.80788e+10,1.47517e+11,-2.81656e+10,1.47159e+11
4.06146e+07,541838,3.22451e+06,-2.82632e+10,1.47482e+11,-2.83434e+10,1.47123e+11
4.06209e+07,542398,3.22519e+06,-2.84475e+10,1.47446e+11,-2.85212e+10,1.47086e+11
4.06273e+07,542958,3.22586e+06,-2.86318e+10,1.47411e+11,-2.86989e+10,1.47049e+11
4.06336e+07,543518,3.22654e+06,-2.8816e+10,1.47375e+11,-2.88765e+10,1.47012e+11
4.06399e+07,544077,3.22722e+06,-2.90002e+10,1.47339e+11,-2.90541e+10,1.46975e+11
4.06462e+07,544637,3.2279e+06,-2.91843e+10,1.47303e+11,-2.92316e+10,1.46938e+11
4.06525e+07,545196,3.22859e+06,-2.93684e+10,1.47267e+11,-2.9409e+10,1.46901e+11
4.06588e+07,545755,3.22927e+06,-2.95525e+10,1.4723e+11,-2.95864e+10,1.46864e+11
4.06651e+07,546314,3.22995e+06,-2.97365e+10,1.47193e+11,-2.97637e+10,1.46826e+11
4.06714e+07,546873,3.23063e+06,-2.99205e+10,1.47156e+11,-2.9941e+10,1.46789e+11
4.06777e+07,547432,3.23132e+06,-3.01044e+10,1.47119e+11,-3.01182e+10,1.46751e+11
4.06841e+07,547991,3.232e+06,-3.02882e+10,1.47081e+11,-3.02954e+10,1.46713e+11
4.06904e+07,548549,3.23269e+06,-3.04721e+10,1.47043e+11,-3.04725e+10,1.46675e+11
4.06967e+07,549107,3.23338e+06,-3.06558e+10,1.47005e+11,-3.06496e+10,1.46637e+11
4.0703e+07,549666,3.23406e+06,-3.08396e+10,1.46967e+11,-3.08266e+10,1.46599e+11
4.07093e+07,550224,3.23475e+06,-3.10232e+10,1.46928e+11,-3.10036e+10,1.46561e+11
4.07156e+07,550782,3.23544e+06,-3.12069e+10,1.4689e+11,-3.11805e+10,1.46523e+11
4.07219e+07,551339,3.23613e+06,-3.13904e+10,1.46851e+11,-3.13574e+10,1.46484e+11
4.07282e+07,551897,3.23682e+06,-3.1574e+10,1.46812e+11,-3.15343e+10,1.46446e+11
4.07346e+07,552454,3.23751e+06,-3.17574e+10,1.46772e+11,-3.17111e+10,1.46407e+11
4.07409e+07,553012,3.2382e+06,-3.19409e+10,1.46733e+11,-3.18879e+10,1.46368e+11
4.07472e+07,553569,3.23889e+06,-3.21243e+10,1.46693e+11,-3.20646e+10,1.46329e+11
4.07535e+07,554126,3.23958e+06,-3.23076e+10,1.46653e+11,-3.22414e+10,1.4629e+11
4.07598e+07,554682,3.24028e+06,-3.24909e+10,1.46612e+11,-3.2418e+10,1.46251e+11
4.07661e+07,555239,3.24097e+06,-3.26741e+10,1.46572e+11,-3.25947e+10,1.46212e+11
4.07724e+07,555796,3.24167e+06,-3.28573e+10,1.46531e+11,-3.27713e+10,1.46172e+11
4.07787e+07,556352,3.24236e+06,-3.30404e+10,1.4649e+11,-3.2948e+10,1.46133e+11
4.0785e+07,556908,3.24306e+06,-3.32235e+10,1.46449e+11,-3.31245e+10,1.46093e+11
4.07914e+07,557464,3.24375e+06,-3.34065e+10,1.46407e+11,-3.33011e+10,1.46053e+11
4.07977e+07,558020,3.24445e+06,-3.35895e+10,1.46365e+11,-3.34777e+10,1.46014e+11
4.0804e+07,558576,3.24515e+06,-3.37724e+10,1.46324e+11,-3.36542e+10,1.45974e+11
4.08103e+07,559131,3.24585e+06,-3.39552e+10,1.46281e+11,-3.38307e+10,1.45934e+11
4.08166e+07,559687,3.24655e+06,-3.4138e+10,1.46239e+11,-3.40072e+10,1.45893e+11
4.08229e+07,560242,3.24725e+06,-3.43208e+10,1.46196e+11,-3.41837e+10,1.45853e+11
4.08292e+07,560797,3.24795e+06,-3.45035e+10,1.46153e+11,-3.43602e+10,1.45813e+11
4.08355e+07,561352,3.24865e+06,-3.46861e+10,1.4611e+11,-3.45367e+10,1.45772e+11
4.08418e+07,561907,3.24935e+06,-3.48687e+10,1.46067e+11,-3.47131e+10,1.45731e+11
4.08482e+07,562461,3.25006e+06,-3.50513e+10,1.46023e+11,-3.48896e+10,1.4569e+11
4.08545e+07,563016,3.25076e+06,-3.52338e+10,1.4598e+11,-3.5066e+10,1.45649e+11
4.08608e+07,563570,3.25146e+06,-3.54162e+10,1.45936e+11,-3.52425e+10,1.45608e+11
4.08671e+07,564124,3.25217e+06,-3.55985e+10,1.45891e+11,-3.54189e+10,1.45567e+11
4.08734e+07,564678,3.25288e+06,-3.57809e+10,1.45847e+11,-3.55954e+10,1.45526e+11
4.08797e+07,565232,3.25358e+06,-3.59631e+10,1.45802e+11,-3.57718e+10,1.45484e+11
4.0886e+07,565785,3.25429e+06,-3.61453e+10,1.45757e+11,-3.59483e+10,1.45443e+11
4.08923e+07,566339,3.255e+06,-3.63275e+10,1.45712e+11,-3.61247e+10,1.45401e+11
4.08986e+07,566892,3.25571e+06,-3.65095e+10,1.45667e+11,-3.63012e+10,1.45359e+11
4.0905e+07,567445,3.25641e+06,-3.66916e+10,1.45621e+11,-3.64777e+10,1.45317e+11
4.09113e+07,567998,3.25712e+06,-3.68735e+10,1.45575e+11,-3.66542e+10,1.45275e+11
4.09176e+07,568551,3.25784e+06,-3.70555e+10,1.45529e+11,-3.68306e+10,1.45233e+11
4.09239e+07,569103,3.25855e+06,-3.72373e+10,1.45483e+11,-3.70072e+10,1.45191e+11
4.09302e+07,569656,3.25926e+06,-3.74191e+10,1.45437e+11,-3.71837e+10,1.45148e+11
4.09365e+07,570208,3.25997e+06,-3.76008e+10,1.4539e+11,-3.73602e+10,1.45105e+11
4.09428e+07,570760,3.26068e+06,-3.77825e+10,1.45343e+11,-3.75367e+10,1.45063e+11
4.09491e+07,571312,3.2614e+06,-3.79641e+10,1.45296e+11,-3.77133e+10,1.4502e+11
4.09555e+07,571863,3.26211e+06,-3.81457e+10,1.45248e+11,-3.78899e+10,1.44976e+11
4.09618e+07,572415,3.26283e+06,-3.83272e+10,1.452e+11,-3.80665e+10,1.44933e+11
4.09681e+07,572966,3.26355e+06,-3.85086e+10,1.45153e+11,-3.82431e+10,1.4489e+11
4.09744e+07,573517,3.26426e+06,-3.869e+10,1.45104e+11,-3.84197e+10,1.44846e+11
4.09807e+07,574068,3.26498e+06,-3.88713e+10,1.45056e+11,-3.85964e+10,1.44803e+11
4.0987e+07,574619,3.2657e+06,-3.90525e+10,1.45008e+11,-3.87731e+10,1.44759e+11
4.09933e+07,575169,3.26642e+06,-3.92337e+10,1.44959e+11,-3.89498e+10,1.44715e+11
4.09996e+07,575720,3.26714e+06,-3.94149e+10,1.4491e+11,-3.91265e+10,1.44671e+11
4.10059e+07,576270,3.26786e+06,-3.95959e+10,1.4486e+11,-3.93033e+10,1.44626e+11
4.10123e+07,576820,3.26858e+06,-3.97769e+10,1.44811e+11,-3.948e+10,1.44582e+11
4.10186e+07,577370,3.2693e+06,-3.99579e+10,1.44761e+11,-3.96569e+10,1.44537e+11
4.10249e+07,577919,3.27002e+06,-4.01387e+10,1.44711e+11,-3.98337e+10,1.44493e+11
4.10312e+07,578469,3.27074e+06,-4.03195e+10,1.44661e+11,-4.00106e+10,1.44448e+11
4.10375e+07,579018,3.27147e+06,-4.05003e+10,1.44611e+11,-4.01875e+10,1.44403e+11
4.10438e+07,579567,3.27219e+06,-4.0681e+10,1.4456e+11,-4.03644e+10,1.44357e+11
4.10501e+07,580116,3.27292e+06,-4.08616e+10,1.44509e+11,-4.05413e+10,1.44312e+11
4.10564e+07,580664,3.27364e+06,-4.10421e+10,1.44458e+11,-4.07183e+10,1.44266e+11
4.10627e+07,581213,3.27437e+06,-4.12226e+10,1.44407e+11,-4.08954e+10,1.4422e+11
4.10691e+07,581761,3.2751e+06,-4.1403e+10,1.44356e+11,-4.10724e+10,1.44175e+11
4.10754e+07,582309,3.27582e+06,-4.15834e+10,1.44304e+11,-4.12495e+10,1.44128e+11
4.10817e+07,582857,3.27655e+06,-4.17637e+10,1.44252e+11,-4.14266e+10,1.44082e+11
4.1088e+07,583405,3.27728e+06,-4.19439e+10,1.442e+11,-4.16038e+10,1.44036e+11
4.10943e+07,583952,3.27801e+06,-4.21241e+10,1.44147e+11,-4.1781e+10,1.43989e+11
4.11006e+07,584499,3.27874e+06,-4.23041e+10,1.44095e+11,-4.19582e+10,1.43942e+11
4.11069e+07,585046,3.27947e+06,-4.24842e+10,1.44042e+11,-4.21355e+10,1.43895e+11
4.11132e+07,585593,3.28021e+06,-4.26641e+10,1.43989e+11,-4.23128e+10,1.43848e+11
4.11196e+07,586140,3.28094e+06,-4.2844e+10,1.43935e+11,-4.24901e+10,1.43801e+11
4.11259e+07,586686,3.28167e+06,-4.30238e+10,1.43882e+11,-4.26675e+10,1.43753e+11
4.11322e+07,587233,3.28241e+06,-4.32036e+10,1.43828e+11,-4.28449e+10,1.43706e+11
4.11385e+07,587779,3.28314e+06,-4.33833e+10,1.43774e+11,-4.30223e+10,1.43658e+11
4.11448e+07,588324,3.28388e+06,-4.35629e+10,1.4372e+11,-4.31998e+10,1.43609e+11
4.11511e+07,588870,3.28461e+06,-4.37424e+10,1.43665e+11,-4.33773e+10,1.43561e+11
4.11574e+07,589416,3.28535e+06,-4.39219e+10,1.43611e+11,-4.35549e+10,1.43513e+11
4.11637e+07,589961,3.28609e+06,-4.41013e+10,1.43556e+11,-4.37325e+10,1.43464e+11
4.117e+07,590506,3.28682e+06,-4.42806e+10,1.43501e+11,-4.39101e+10,1.43415e+11
4.11764e+07,591051,3.28756e+06,-4.44599e+10,1.43445e+11,-4.40878e+10,1.43366e+11
4.11827e+07,591595,3.2883e+06,-4.46391e+10,1.4339e+11,-4.42655e+10,1.43317e+11
4.1189e+07,592140,3.28904e+06,-4.48182e+10,1.43334e+11,-4.44433e+10,1.43267e+11
4.11953e+07,592684,3.28978e+06,-4.49972e+10,1.43278e+11,-4.46211e+10,1.43217e+11
4.12016e+07,593228,3.29052e+06,-4.51762e+10,1.43222e+11,-4.47989e+10,1.43168e+11
4.12079e+07,593771,3.29127e+06,-4.53551e+10,1.43165e+11,-4.49768e+10,1.43117e+11
4.12142e+07,594315,3.29201e+06,-4.5534e+10,1.43108e+11,-4.51547e+10,1.43067e+11
4.12205e+07,594858,3.29275e+06,-4.57127e+10,1.43052e+11,-4.53326e+10,1.43017e+11
4.12268e+07,595401,3.2935e+06,-4.58914e+10,1.42994e+11,-4.55106e+10,1.42966e+11
4.12332e+07,595944,3.29424e+06,-4.607e+10,1.42937e+11,-4.56886e+10,1.42915e+11
4.12395e+07,596487,3.29499e+06,-4.62486e+10,1.4288e+11,-4.58667e+10,1.42864e+11
4.12458e+07,597029,3.29573e+06,-4.6427e+10,1.42822e+11,-4.60448e+10,1.42812e+11
4.12521e+07,597571,3.29648e+06,-4.66054e+10,1.42764e+11,-4.62229e+10,1.42761e+11
4.12584e+07,598113,3.29723e+06,-4.67838e+10,1.42705e+11,-4.6401e+10,1.42709e+11
4.12647e+07,598655,3.29798e+06,-4.6962e+10,1.42647e+11,-4.65792e+10,1.42657e+11
4.1271e+07,599197,3.29872e+06,-4.71402e+10,1.42588e+11,-4.67575e+10,1.42604e+11
4.12773e+07,599738,3.29947e+06,-4.73183e+10,1.42529e+11,-4.69357e+10,1.42552e+11
4.12837e+07,600279,3.30022e+06,-4.74963e+10,1.4247e+11,-4.7114e+10,1.42499e+11
4.129e+07,600820,3.30098e+06,-4.76742e+10,1.42411e+11,-4.72924e+10,1.42446e+11
4.12963e+07,601361,3.30173e+06,-4.78521e+10,1.42351e+11,-4.74708e+10,1.42393e+11
4.13026e+07,601901,3.30248e+06,-4.80299e+10,1.42291e+11,-4.76492e+10,1.42339e+11
4.13089e+07,602441,3.30323e+06,-4.82076e+10,1.42231e+11,-4.78276e+10,1.42286e+11
4.13152e+07,602981,3.30399e+06,-4.83853e+10,1.42171e+11,-4.80061e+10,1.42232e+11
4.13215e+07,603521,3.30474e+06,-4.85628e+10,1.42111e+11,-4.81846e+10,1.42178e+11
4.13278e+07,604061,3.3055e+06,-4.87403e+10,1.4205e+11,-4.83631e+10,1.42123e+11
4.13341e+07,604600,3.30625e+06,-4.89177e+10,1.41989e+11,-4.85417e+10,1.42069e+11
4.13405e+07,605139,3.30701e+06,-4.90951e+10,1.41928e+11,-4.87202e+10,1.42014e+11
4.13468e+07,605678,3.30776e+06,-4.92723e+10,1.41867e+11,-4.88989e+10,1.41959e+11
4.13531e+07,606216,3.30852e+06,-4.94495e+10,1.41805e+11,-4.90775e+10,1.41903e+11
4.13594e+07,606755,3.30928e+06,-4.96266e+10,1.41743e+11,-4.92562e+10,1.41848e+11
4.13657e+07,607293,3.31004e+06,-4.98036e+10,1.41681e+11,-4.94349e+10,1.41792e+11
4.1372e+07,607831,3.3108e+06,-4.99806e+10,1.41619e+11,-4.96136e+10,1.41736e+11
4.13783e+07,608368,3.31156e+06,-5.01574e+10,1.41557e+11,-4.97924e+10,1.41679e+11
4.13846e+07,608906,3.31232e+06,-5.03342e+10,1.41494e+11,-4.99711e+10,1.41622e+11
4.13909e+07,609443,3.31308e+06,-5.05109e+10,1.41431e+11,-5.01499e+10,1.41566e+11
4.13973e+07,609980,3.31384e+06,-5.06875e+10,1.41368e+11,-5.03287e+10,1.41508e+11
4.14036e+07,610516,3.31461e+06,-5.08641e+10,1.41305e+11,-5.05076e+10,1.41451e+11
4.14099e+07,611053,3.31537e+06,-5.10405e+10,1.41241e+11,-5.06864e+10,1.41393e+11
4.14162e+07,611589,3.31614e+06,-5.12169e+10,1.41177e+11,-5.08653e+10,1.41335e+11
4.14225e+07,612125,3.3169e+06,-5.13932e+10,1.41113e+11,-5.10442e+10,1.41277e+11
4.14288e+07,612661,3.31767e+06,-5.15694e+10,1.41049e+11,-5.12231e+10,1.41219e+11
4.14351e+07,613196,3.31843e+06,-5.17456e+10,1.40985e+11,-5.14021e+10,1.4116e+11
4.14414e+07,613731,3.3192e+06,-5.19216e+10,1.4092e+11,-5.1581e+10,1.41101e+11
4.14478e+07,614266,3.31997e+06,-5.20976e+10,1.40855e+11,-5.176e+10,1.41042e+11
4.14541e+07,614801,3.32074e+06,-5.22735e+10,1.4079e+11,-5.19389e+10,1.40982e+11
4.14604e+07,615335,3.32151e+06,-5.24493e+10,1.40725e+11,-5.21179e+10,1.40922e+11
4.14667e+07,615870,3.32227e+06,-5.2625e+10,1.40659e+11,-5.22969e+10,1.40862e+11
4.1473e+07,616404,3.32305e+06,-5.28007e+10,1.40593e+11,-5.24759e+10,1.40802e+11
4.14793e+07,616937,3.32382e+06,-5.29762e+10,1.40527e+11,-5.26549e+10,1.40741e+11
4.14856e+07,617471,3.32459e+06,-5.31517e+10,1.40461e+11,-5.28339e+10,1.4068e+11
4.14919e+07,618004,3.32536e+06,-5.33271e+10,1.40395e+11,-5.30129e+10,1.40619e+11
4.14982e+07,618537,3.32613e+06,-5.35024e+10,1.40328e+11,-5.3192e+10,1.40557e+11
4.15046e+07,619070,3.32691e+06,-5.36776e+10,1.40261e+11,-5.3371e+10,1.40496e+11
4.15109e+07,619602,3.32768e+06,-5.38528e+10,1.40194e+11,-5.355e+10,1.40434e+11
4.15172e+07,620134,3.32846e+06,-5.40278e+10,1.40127e+11,-5.37291e+10,1.40371e+11
4.15235e+07,620666,3.32923e+06,-5.42028e+10,1.40059e+11,-5.39081e+10,1.40309e+11
4.15298e+07,621198,3.33001e+06,-5.43777e+10,1.39992e+11,-5.40871e+10,1.40246e+11
4.15361e+07,621730,3.33079e+06,-5.45525e+10,1.39924e+11,-5.42661e+10,1.40183e+11
4.15424e+07,622261,3.33156e+06,-5.47272e+10,1.39856e+11,-5.44451e+10,1.40119e+11
4.15487e+07,622792,3.33234e+06,-5.49018e+10,1.39787e+11,-5.46242e+10,1.40055e+11
4.1555e+07,623322,3.33312e+06,-5.50763e+10,1.39719e+11,-5.48032e+10,1.39991e+11
4.15614e+07,623853,3.3339e+06,-5.52508e+10,1.3965e+11,-5.49821e+10,1.39927e+11
4.15677e+07,624383,3.33468e+06,-5.54251e+10,1.39581e+11,-5.51611e+10,1.39862e+11
4.1574e+07,624913,3.33546e+06,-5.55994e+10,1.39512e+11,-5.53401e+10,1.39797e+11
4.15803e+07,625442,3.33624e+06,-5.57736e+10,1.39442e+11,-5.5519e+10,1.39732e+11
4.15866e+07,625972,3.33703e+06,-5.59477e+10,1.39372e+11,-5.5698e+10,1.39666e+11
4.15929e+07,626501,3.33781e+06,-5.61217e+10,1.39303e+11,-5.58769e+10,1.39601e+11
4.15992e+07,627030,3.33859e+06,-5.62956e+10,1.39232e+11,-5.60558e+10,1.39534e+11
4.16055e+07,627558,3.33938e+06,-5.64695e+10,1.39162e+11,-5.62347e+10,1.39468e+11
4.16119e+07,628086,3.34016e+06,-5.66432e+10,1.39092e+11,-5.64135e+10,1.39401e+11
4.16182e+07,628614,3.34095e+06,-5.68169e+10,1.39021e+11,-5.65924e+10,1.39334e+11
4.16245e+07,629142,3.34173e+06,-5.69904e+10,1.3895e+11,-5.67712e+10,1.39267e+11
4.16308e+07,629670,3.34252e+06,-5.71639e+10,1.38879e+11,-5.695e+10,1.39199e+11
4.16371e+07,630197,3.34331e+06,-5.73373e+10,1.38807e+11,-5.71287e+10,1.39131e+11
4.16434e+07,630724,3.3441e+06,-5.75106e+10,1.38736e+11,-5.73074e+10,1.39063e+11
4.16497e+07,631250,3.34489e+06,-5.76838e+10,1.38664e+11,-5.74861e+10,1.38994e+11
4.1656e+07,631777,3.34568e+06,-5.78569e+10,1.38592e+11,-5.76648e+10,1.38925e+11
4.16623e+07,632303,3.34647e+06,-5.80299e+10,1.3852e+11,-5.78434e+10,1.38856e+11
4.16687e+07,632829,3.34726e+06,-5.82029e+10,1.38447e+11,-5.8022e+10,1.38787e+11
4.1675e+07,633354,3.34805e+06,-5.83757e+10,1.38374e+11,-5.82005e+10,1.38717e+11
4.16813e+07,633880,3.34884e+06,-5.85485e+10,1.38301e+11,-5.8379e+10,1.38647e+11
4.16876e+07,634405,3.34963e+06,-5.87211e+10,1.38228e+11,-5.85574e+10,1.38576e+11
4.16939e+07,634929,3.35043e+06,-5.88937e+10,1.38155e+11,-5.87359e+10,1.38506e+11
4.17002e+07,635454,3.35122e+06,-5.90662e+10,1.38082e+11,-5.89142e+10,1.38435e+11
4.17065e+07,635978,3.35202e+06,-5.92385e+10,1.38008e+11,-5.90925e+10,1.38363e+11
4.17128e+07,636502,3.35281e+06,-5.94108e+10,1.37934e+11,-5.92708e+10,1.38291e+11
4.17191e+07,637025,3.35361e+06,-5.9583e+10,1.3786e+11,-5.9449e+10,1.38219e+11
4.17255e+07,637549,3.3544e+06,-5.97551e+10,1.37785e+11,-5.96272e+10,1.38147e+11
4.17318e+07,638072,3.3552e+06,-5.99271e+10,1.37711e+11,-5.98053e+10,1.38075e+11
4.17381e+07,638594,3.356e+06,-6.0099e+10,1.37636e+11,-5.99833e+10,1.38002e+11
4.17444e+07,639117,3.3568e+06,-6.02709e+10,1.37561e+11,-6.01613e+10,1.37928e+11
4.17507e+07,639639,3.3576e+06,-6.04426e+10,1.37485e+11,-6.03392e+10,1.37855e+11
4.1757e+07,640161,3.3584e+06,-6.06142e+10,1.3741e+11,-6.0517e+10,1.37781e+11
4.17633e+07,640683,3.3592e+06,-6.07858e+10,1.37334e+11,-6.06948e+10,1.37707e+11
4.17696e+07,641204,3.36e+06,-6.09572e+10,1.37258e+11,-6.08725e+10,1.37632e+11
4.1776e+07,641725,3.3608e+06,-6.11285e+10,1.37182e+11,-6.10502e+10,1.37557e+11
4.17823e+07,642246,3.36161e+06,-6.12998e+10,1.37106e+11,-6.12278e+10,1.37482e+11
4.17886e+07,642766,3.36241e+06,-6.14709e+10,1.37029e+11,-6.14053e+10,1.37407e+11
4.17949e+07,643286,3.36321e+06,-6.1642e+10,1.36953e+11,-6.15827e+10,1.37331e+11
4.18012e+07,643806,3.36402e+06,-6.1813e+10,1.36876e+11,-6.176e+10,1.37255e+11
4.18075e+07,644326,3.36482e+06,-6.19838e+10,1.36799e+11,-6.19373e+10,1.37178e+11
4.18138e+07,644845,3.36563e+06,-6.21546e+10,1.36721e+11,-6.21145e+10,1.37101e+11
4.18201e+07,645364,3.36643e+06,-6.23253e+10,1.36644e+11,-6.22916e+10,1.37024e+11
4.18264e+07,645883,3.36724e+06,-6.24958e+10,1.36566e+11,-6.24686e+10,1.36947e+11
4.18328e+07,646401,3.36805e+06,-6.26663e+10,1.36488e+11,-6.26455e+10,1.36869e+11
4.18391e+07,646919,3.36886e+06,-6.28367e+10,1.36409e+11,-6.28223e+10,1.36791e+11
4.18454e+07,647437,3.36967e+06,-6.3007e+10,1.36331e+11,-6.29991e+10,1.36713e+11
4.18517e+07,647954,3.37048e+06,-6.31772e+10,1.36252e+11,-6.31757e+10,1.36634e+11
4.1858e+07,648472,3.37129e+06,-6.33472e+10,1.36174e+11,-6.33522e+10,1.36555e+11
4.18643e+07,648988,3.3721e+06,-6.35172e+10,1.36094e+11,-6.35287e+10,1.36476e+11
4.18706e+07,649505,3.37291e+06,-6.36871e+10,1.36015e+11,-6.3705e+10,1.36396e+11
4.18769e+07,650021,3.37372e+06,-6.38569e+10,1.35936e+11,-6.38813e+10,1.36316e+11
4.18832e+07,650537,3.37454e+06,-6.40266e+10,1.35856e+11,-6.40574e+10,1.36236e+11
4.18896e+07,651053,3.37535e+06,-6.41962e+10,1.35776e+11,-6.42334e+10,1.36155e+11
4.18959e+07,651568,3.37616e+06,-6.43657e+10,1.35696e+11,-6.44093e+10,1.36074e+11
4.19022e+07,652084,3.37698e+06,-6.4535e+10,1.35616e+11,-6.45851e+10,1.35993e+11
4.19085e+07,652598,3.37779e+06,-6.47043e+10,1.35535e+11,-6.47608e+10,1.35911e+11
4.19148e+07,653113,3.37861e+06,-6.48735e+10,1.35454e+11,-6.49364e+10,1.35829e+11
4.19211e+07,653627,3.37943e+06,-6.50426e+10,1.35373e+11,-6.51118e+10,1.35747e+11
4.19274e+07,654141,3.38025e+06,-6.52116e+10,1.35292e+11,-6.52872e+10,1.35665e+11
4.19337e+07,654654,3.38106e+06,-6.53805e+10,1.35211e+11,-6.54624e+10,1.35582e+11
4.19401e+07,655168,3.38188e+06,-6.55492e+10,1.35129e+11,-6.56375e+10,1.35498e+11
4.19464e+07,655680,3.3827e+06,-6.57179e+10,1.35047e+11,-6.58124e+10,1.35415e+11
4.19527e+07,656193,3.38352e+06,-6.58865e+10,1.34965e+11,-6.59872e+10,1.35331e+11
4.1959e+07,656705,3.38434e+06,-6.6055e+10,1.34883e+11,-6.61619e+10,1.35247e+11
4.19653e+07,657217,3.38516e+06,-6.62233e+10,1.34801e+11,-6.63365e+10,1.35163e+11
4.19716e+07,657729,3.38599e+06,-6.63916e+10,1.34718e+11,-6.65109e+10,1.35078e+11
4.19779e+07,658240,3.38681e+06,-6.65598e+10,1.34635e+11,-6.66852e+10,1.34993e+11
4.19842e+07,658751,3.38763e+06,-6.67278e+10,1.34552e+11,-6.68593e+10,1.34907e+11
4.19905e+07,659262,3.38846e+06,-6.68958e+10,1.34469e+11,-6.70334e+10,1.34822e+11
4.19969e+07,659772,3.38928e+06,-6.70636e+10,1.34385e+11,-6.72072e+10,1.34736e+11
4.20032e+07,660283,3.39011e+06,-6.72314e+10,1.34302e+11,-6.73809e+10,1.34649e+11
4.20095e+07,660792,3.39093e+06,-6.7399e+10,1.34218e+11,-6.75545e+10,1.34563e+11
4.20158e+07,661302,3.39176e+06,-6.75666e+10,1.34134e+11,-6.77279e+10,1.34476e+11
4.20221e+07,661811,3.39259e+06,-6.7734e+10,1.34049e+11,-6.79012e+10,1.34389e+11
4.20284e+07,662320,3.39341e+06,-6.79013e+10,1.33965e+11,-6.80743e+10,1.34301e+11
4.20347e+07,662828,3.39424e+06,-6.80686e+10,1.3388e+11,-6.82472e+10,1.34213e+11
4.2041e+07,663336,3.39507e+06,-6.82357e+10,1.33795e+11,-6.842e+10,1.34125e+11
4.20473e+07,663844,3.3959e+06,-6.84027e+10,1.3371e+11,-6.85927e+10,1.34037e+11
4.20537e+07,664352,3.39673e+06,-6.85696e+10,1.33625e+11,-6.87651e+10,1.33948e+11
4.206e+07,664859,3.39756e+06,-6.87364e+10,1.33539e+11,-6.89375e+10,1.33859e+11
4.20663e+07,665366,3.39839e+06,-6.89031e+10,1.33453e+11,-6.91096e+10,1.33769e+11
4.20726e+07,665872,3.39923e+06,-6.90697e+10,1.33367e+11,-6.92816e+10,1.3368e+11
4.20789e+07,666378,3.40006e+06,-6.92362e+10,1.33281e+11,-6.94534e+10,1.3359e+11
4.20852e+07,666884,3.40089e+06,-6.94025e+10,1.33195e+11,-6.9625e+10,1.33499e+11
4.20915e+07,667390,3.40173e+06,-6.95688e+10,1.33108e+11,-6.97965e+10,1.33409e+11
4.20978e+07,667895,3.40256e+06,-6.9735e+10,1.33021e+11,-6.99678e+10,1.33318e+11
4.21041e+07,668400,3.4034e+06,-6.9901e+10,1.32934e+11,-7.01389e+10,1.33227e+11
4.21105e+07,668905,3.40423e+06,-7.0067e+10,1.32847e+11,-7.03098e+10,1.33135e+11
4.21168e+07,669409,3.40507e+06,-7.02328e+10,1.3276e+11,-7.04806e+10,1.33044e+11
4.21231e+07,669913,3.40591e+06,-7.03985e+10,1.32672e+11,-7.06511e+10,1.32952e+11
4.21294e+07,670416,3.40674e+06,-7.05641e+10,1.32584e+11,-7.08215e+10,1.32859e+11
4.21357e+07,670919,3.40758e+06,-7.07296e+10,1.32496e+11,-7.09917e+10,1.32767e+11
4.2142e+07,671422,3.40842e+06,-7.0895e+10,1.32408e+11,-7.11617e+10,1.32674e+11
4.21483e+07,671925,3.40926e+06,-7.10603e+10,1.3232e+11,-7.13315e+10,1.32581e+11
4.21546e+07,672427,3.4101e+06,-7.12255e+10,1.32231e+11,-7.15012e+10,1.32487e+11
4.2161e+07,672929,3.41094e+06,-7.13906e+10,1.32142e+11,-7.16706e+10,1.32393e+11
4.21673e+07,673431,3.41178e+06,-7.15555e+10,1.32053e+11,-7.18398e+10,1.32299e+11
4.21736e+07,673932,3.41263e+06,-7.17204e+10,1.31964e+11,-7.20089e+10,1.32205e+11
4.21799e+07,674433,3.41347e+06,-7.18851e+10,1.31874e+11,-7.21777e+10,1.3211e+11
4.21862e+07,674933,3.41431e+06,-7.20497e+10,1.31785e+11,-7.23464e+10,1.32016e+11
4.21925e+07,675433,3.41516e+06,-7.22143e+10,1.31695e+11,-7.25148e+10,1.3192e+11
4.21988e+07,675933,3.416e+06,-7.23787e+10,1.31605e+11,-7.26831e+10,1.31825e+11
4.22051e+07,676433,3.41685e+06,-7.2543e+10,1.31514e+11,-7.28511e+10,1.31729e+11
4.22114e+07,676932,3.41769e+06,-7.27071e+10,1.31424e+11,-7.30189e+10,1.31633e+11
4.22178e+07,677431,3.41854e+06,-7.28712e+10,1.31333e+11,-7.31866e+10,1.31537e+11
4.22241e+07,677929,3.41939e+06,-7.30352e+10,1.31242e+11,-7.3354e+10,1.31441e+11
4.22304e+07,678427,3.42023e+06,-7.3199e+10,1.31151e+11,-7.35212e+10,1.31344e+11
4.22367e+07,678925,3.42108e+06,-7.33627e+10,1.3106e+11,-7.36882e+10,1.31247e+11
4.2243e+07,679422,3.42193e+06,-7.35263e+10,1.30968e+11,-7.3855e+10,1.3115e+11
4.22493e+07,679919,3.42278e+06,-7.36898e+10,1.30877e+11,-7.40216e+10,1.31052e+11
4.22556e+07,680416,3.42363e+06,-7.38532e+10,1.30785e+11,-7.41879e+10,1.30955e+11
4.22619e+07,680913,3.42448e+06,-7.40165e+10,1.30692e+11,-7.43541e+10,1.30857e+11
4.22682e+07,681409,3.42533e+06,-7.41797e+10,1.306e+11,-7.452e+10,1.30758e+11
4.22746e+07,681904,3.42619e+06,-7.43427e+10,1.30508e+11,-7.46857e+10,1.3066e+11
4.22809e+07,682400,3.42704e+06,-7.45056e+10,1.30415e+11,-7.48512e+10,1.30561e+11
4.22872e+07,682894,3.42789e+06,-7.46685e+10,1.30322e+11,-7.50165e+10,1.30462e+11
4.22935e+07,683389,3.42875e+06,-7.48312e+10,1.30229e+11,-7.51815e+10,1.30363e+11
4.22998e+07,683883,3.4296e+06,-7.49937e+10,1.30135e+11,-7.53464e+10,1.30263e+11
4.23061e+07,684377,3.43046e+06,-7.51562e+10,1.30042e+11,-7.5511e+10,1.30163e+11
4.23124e+07,684871,3.43131e+06,-7.53186e+10,1.29948e+11,-7.56754e+10,1.30063e+11
4.23187e+07,685364,3.43217e+06,-7.54808e+10,1.29854e+11,-7.58395e+10,1.29963e+11
4.23251e+07,685857,3.43303e+06,-7.56429e+10,1.2976e+11,-7.60035e+10,1.29863e+11
4.23314e+07,686349,3.43388e+06,-7.58049e+10,1.29666e+11,-7.61672e+10,1.29762e+11
4.23377e+07,686841,3.43474e+06,-7.59668e+10,1.29571e+11,-7.63307e+10,1.29661e+11
4.2344e+07,687333,3.4356e+06,-7.61286e+10,1.29476e+11,-7.64939e+10,1.2956e+11
4.23503e+07,687825,3.43646e+06,-7.62902e+10,1.29381e+11,-7.66569e+10,1.29459e+11
4.23566e+07,688316,3.43732e+06,-7.64518e+10,1.29286e+11,-7.68197e+10,1.29357e+11
4.23629e+07,688806,3.43818e+06,-7.66132e+10,1.29191e+11,-7.69823e+10,1.29255e+11
4.23692e+07,689296,3.43904e+06,-7.67745e+10,1.29095e+11,-7.71446e+10,1.29153e+11
4.23755e+07,689786,3.43991e+06,-7.69357e+10,1.29e+11,-7.73067e+10,1.29051e+11
4.23819e+07,690276,3.44077e+06,-7.70967e+10,1.28904e+11,-7.74686e+10,1.28948e+11
4.23882e+07,690765,3.44163e+06,-7.72577e+10,1.28807e+11,-7.76302e+10,1.28846e+11
4.23945e+07,691254,3.4425e+06,-7.74185e+10,1.28711e+11,-7.77916e+10,1.28743e+11
4.24008e+07,691743,3.44336e+06,-7.75792e+10,1.28614e+11,-7.79528e+10,1.2864e+11
4.24071e+07,692231,3.44423e+06,-7.77398e+10,1.28518e+11,-7.81138e+10,1.28536e+11
4.24134e+07,692718,3.44509e+06,-7.79003e+10,1.28421e+11,-7.82745e+10,1.28433e+11
4.24197e+07,693206,3.44596e+06,-7.80606e+10,1.28324e+11,-7.84349e+10,1.28329e+11
4.2426e+07,693693,3.44682e+06,-7.82208e+10,1.28226e+11,-7.85952e+10,1.28225e+11
4.24323e+07,694179,3.44769e+06,-7.83809e+10,1.28129e+11,-7.87552e+10,1.28121e+11
4.24387e+07,694666,3.44856e+06,-7.85409e+10,1.28031e+11,-7.89149e+10,1.28017e+11
4.2445e+07,695151,3.44943e+06,-7.87008e+10,1.27933e+11,-7.90744e+10,1.27912e+11
4.24513e+07,695637,3.4503e+06,-7.88605e+10,1.27835e+11,-7.92337e+10,1.27808e+11
4.24576e+07,696122,3.45117e+06,-7.90202e+10,1.27736e+11,-7.93928e+10,1.27703e+11
4.24639e+07,696607,3.45204e+06,-7.91796e+10,1.27638e+11,-7.95516e+10,1.27598e+11
4.24702e+07,697091,3.45291e+06,-7.9339e+10,1.27539e+11,-7.97102e+10,1.27492e+11
4.24765e+07,697575,3.45378e+06,-7.94983e+10,1.2744e+11,-7.98685e+10,1.27387e+11
4.24828e+07,698059,3.45465e+06,-7.96574e+10,1.27341e+11,-8.00266e+10,1.27281e+11
4.24892e+07,698542,3.45553e+06,-7.98164e+10,1.27241e+11,-8.01845e+10,1.27175e+11
4.24955e+07,699025,3.4564e+06,-7.99753e+10,1.27142e+11,-8.03421e+10,1.27069e+11
4.25018e+07,699508,3.45728e+06,-8.01341e+10,1.27042e+11,-8.04995e+10,1.26963e+11
4.25081e+07,699990,3.45815e+06,-8.02927e+10,1.26942e+11,-8.06567e+10,1.26857e+11
4.25144e+07,700471,3.45903e+06,-8.04512e+10,1.26842e+11,-8.08136e+10,1.2675e+11
4.25207e+07,700953,3.4599e+06,-8.06096e+10,1.26742e+11,-8.09703e+10,1.26644e+11
4.2527e+07,701434,3.46078e+06,-8.07679e+10,1.26641e+11,-8.11268e+10,1.26537e+11
4.25333e+07,701914,3.46166e+06,-8.0926e+10,1.2654e+11,-8.1283e+10,1.2643e+11
4.25396e+07,702395,3.46253e+06,-8.1084e+10,1.26439e+11,-8.1439e+10,1.26323e+11
4.2546e+07,702874,3.46341e+06,-8.12419e+10,1.26338e+11,-8.15947e+10,1.26215e+11
4.25523e+07,703354,3.46429e+06,-8.13997e+10,1.26237e+11,-8.17502e+10,1.26108e+11
4.25586e+07,703833,3.46517e+06,-8.15573e+10,1.26135e+11,-8.19055e+10,1.26e+11
4.25649e+07,704311,3.46605e+06,-8.17148e+10,1.26034e+11,-8.20606e+10,1.25892e+11
4.25712e+07,704790,3.46693e+06,-8.18722e+10,1.25932e+11,-8.22154e+10,1.25784e+11
4.25775e+07,705268,3.46781e+06,-8.20295e+10,1.2583e+11,-8.237e+10,1.25676e+11
4.25838e+07,705745,3.46869e+06,-8.21866e+10,1.25727e+11,-8.25243e+10,1.25568e+11
4.25901e+07,706222,3.46958e+06,-8.23436e+10,1.25625e+11,-8.26784e+10,1.2546e+11
4.25964e+07,706699,3.47046e+06,-8.25005e+10,1.25522e+11,-8.28323e+10,1.25351e+11
4.26028e+07,707175,3.47134e+06,-8.26573e+10,1.25419e+11,-8.2986e+10,1.25242e+11
4.26091e+07,707651,3.47223e+06,-8.28139e+10,1.25316e+11,-8.31394e+10,1.25133e+11
4.26154e+07,708127,3.47311e+06,-8.29704e+10,1.25213e+11,-8.32926e+10,1.25024e+11
4.26217e+07,708602,3.474e+06,-8.31268e+10,1.25109e+11,-8.34456e+10,1.24915e+11
4.2628e+07,709077,3.47489e+06,-8.3283e+10,1.25005e+11,-8.35983e+10,1.24806e+11
4.26343e+07,709551,3.47577e+06,-8.34391e+10,1.24902e+11,-8.37509e+10,1.24697e+11
4.26406e+07,710025,3.47666e+06,-8.35951e+10,1.24797e+11,-8.39031e+10,1.24587e+11
4.26469e+07,710499,3.47755e+06,-8.37509e+10,1.24693e+11,-8.40552e+10,1.24478e+11
4.26533e+07,710972,3.47844e+06,-8.39067e+10,1.24589e+11,-8.42071e+10,1.24368e+11
4.26596e+07,711445,3.47933e+06,-8.40623e+10,1.24484e+11,-8.43587e+10,1.24258e+11
4.26659e+07,711917,3.48021e+06,-8.42177e+10,1.24379e+11,-8.45101e+10,1.24148e+11
4.26722e+07,712389,3.48111e+06,-8.43731e+10,1.24274e+11,-8.46612e+10,1.24038e+11
4.26785e+07,712860,3.482e+06,-8.45283e+10,1.24169e+11,-8.48122e+10,1.23927e+11
4.26848e+07,713332,3.48289e+06,-8.46833e+10,1.24063e+11,-8.49629e+10,1.23817e+11
4.26911e+07,713802,3.48378e+06,-8.48383e+10,1.23958e+11,-8.51134e+10,1.23706e+11
4.26974e+07,714273,3.48467e+06,-8.49931e+10,1.23852e+11,-8.52637e+10,1.23596e+11
4.27037e+07,714743,3.48557e+06,-8.51478e+10,1.23746e+11,-8.54138e+10,1.23485e+11
4.27101e+07,715212,3.48646e+06,-8.53023e+10,1.23639e+11,-8.55637e+10,1.23374e+11
4.27164e+07,715682,3.48735e+06,-8.54567e+10,1.23533e+11,-8.57133e+10,1.23263e+11
4.27227e+07,716150,3.48825e+06,-8.5611e+10,1.23426e+11,-8.58628e+10,1.23152e+11
4.2729e+07,716619,3.48914e+06,-8.57652e+10,1.2332e+11,-8.6012e+10,1.23041e+11
4.27353e+07,717087,3.49004e+06,-8.59192e+10,1.23213e+11,-8.6161e+10,1.2293e+11
4.27416e+07,717554,3.49094e+06,-8.60731e+10,1.23105e+11,-8.63098e+10,1.22818e+11
4.27479e+07,718021,3.49183e+06,-8.62268e+10,1.22998e+11,-8.64585e+10,1.22707e+11
4.27542e+07,718488,3.49273e+06,-8.63805e+10,1.2289e+11,-8.66068e+10,1.22595e+11
4.27605e+07,718954,3.49363e+06,-8.65339e+10,1.22783e+11,-8.6755e+10,1.22484e+11
4.27669e+07,719420,3.49453e+06,-8.66873e+10,1.22675e+11,-8.6903e+10,1.22372e+11
4.27732e+07,719886,3.49543e+06,-8.68405e+10,1.22566e+11,-8.70508e+10,1.2226e+11
4.27795e+07,720351,3.49633e+06,-8.69936e+10,1.22458e+11,-8.71984e+10,1.22148e+11
4.27858e+07,720815,3.49723e+06,-8.71465e+10,1.2235e+11,-8.73458e+10,1.22036e+11
4.27921e+07,721280,3.49813e+06,-8.72993e+10,1.22241e+11,-8.7493e+10,1.21924e+11
4.27984e+07,721744,3.49903e+06,-8.7452e+10,1.22132e+11,-8.764e+10,1.21811e+11
4.28047e+07,722207,3.49994e+06,-8.76046e+10,1.22023e+11,-8.77867e+10,1.21699e+11
4.2811e+07,722670,3.50084e+06,-8.7757e+10,1.21913e+11,-8.79333e+10,1.21586e+11
4.28174e+07,723133,3.50174e+06,-8.79092e+10,1.21804e+11,-8.80798e+10,1.21474e+11
4.28237e+07,723595,3.50265e+06,-8.80614e+10,1.21694e+11,-8.8226e+10,1.21361e+11
4.283e+07,724056,3.50355e+06,-8.82134e+10,1.21584e+11,-8.8372e+10,1.21249e+11
4.28363e+07,724518,3.50446e+06,-8.83652e+10,1.21474e+11,-8.85178e+10,1.21136e+11
4.28426e+07,724979,3.50536e+06,-8.85169e+10,1.21364e+11,-8.86635e+10,1.21023e+11
4.28489e+07,725439,3.50627e+06,-8.86685e+10,1.21253e+11,-8.8809e+10,1.2091e+11
4.28552e+07,725899,3.50718e+06,-8.882e+10,1.21143e+11,-8.89543e+10,1.20797e+11
4.28615e+07,726359,3.50809e+06,-8.89713e+10,1.21032e+11,-8.90994e+10,1.20684e+11
4.28678e+07,726818,3.50899e+06,-8.91225e+10,1.20921e+11,-8.92443e+10,1.2057e+11
4.28742e+07,727277,3.5099e+06,-8.92735e+10,1.2081e+11,-8.9389e+10,1.20457e+11
4.28805e+07,727735,3.51081e+06,-8.94244e+10,1.20698e+11,-8.95336e+10,1.20344e+11
4.28868e+07,728193,3.51172e+06,-8.95751e+10,1.20587e+11,-8.9678e+10,1.2023e+11
4.28931e+07,728651,3.51263e+06,-8.97257e+10,1.20475e+11,-8.98223e+10,1.20117e+11
4.28994e+07,729108,3.51354e+06,-8.98762e+10,1.20363e+11,-8.99663e+10,1.20003e+11
4.29057e+07,729565,3.51446e+06,-9.00266e+10,1.20251e+11,-9.01102e+10,1.19889e+11
4.2912e+07,730021,3.51537e+06,-9.01768e+10,1.20138e+11,-9.02539e+10,1.19776e+11
4.29183e+07,730477,3.51628e+06,-9.03268e+10,1.20026e+11,-9.03975e+10,1.19662e+11
4.29246e+07,730932,3.51719e+06,-9.04767e+10,1.19913e+11,-9.05409e+10,1.19548e+11
4.2931e+07,731387,3.51811e+06,-9.06265e+10,1.198e+11,-9.06841e+10,1.19434e+11
4.29373e+07,731842,3.51902e+06,-9.07761e+10,1.19687e+11,-9.08272e+10,1.1932e+11
4.29436e+07,732296,3.51994e+06,-9.09256e+10,1.19574e+11,-9.09701e+10,1.19206e+11
4.29499e+07,732750,3.52085e+06,-9.1075e+10,1.1946e+11,-9.11128e+10,1.19092e+11
4.29562e+07,733203,3.52177e+06,-9.12242e+10,1.19347e+11,-9.12554e+10,1.18977e+11
4.29625e+07,733656,3.52269e+06,-9.13732e+10,1.19233e+11,-9.13979e+10,1.18863e+11
4.29688e+07,734108,3.5236e+06,-9.15222e+10,1.19119e+11,-9.15402e+10,1.18749e+11
4.29751e+07,734560,3.52452e+06,-9.16709e+10,1.19004e+11,-9.16823e+10,1.18634e+11
4.29815e+07,735012,3.52544e+06,-9.18196e+10,1.1889e+11,-9.18243e+10,1.18519e+11
4.29878e+07,735463,3.52636e+06,-9.19681e+10,1.18775e+11,-9.19662e+10,1.18405e+11
4.29941e+07,735913,3.52728e+06,-9.21164e+10,1.18661e+11,-9.21079e+10,1.1829e+11
4.30004e+07,736364,3.5282e+06,-9.22646e+10,1.18546e+11,-9.22495e+10,1.18175e+11
4.30067e+07,736813,3.52912e+06,-9.24127e+10,1.1843e+11,-9.23909e+10,1.18061e+11
4.3013e+07,737263,3.53004e+06,-9.25606e+10,1.18315e+11,-9.25322e+10,1.17946e+11
4.30193e+07,737712,3.53096e+06,-9.27084e+10,1.18199e+11,-9.26733e+10,1.17831e+11
4.30256e+07,738160,3.53189e+06,-9.2856e+10,1.18084e+11,-9.28144e+10,1.17716e+11
4.30319e+07,738608,3.53281e+06,-9.30035e+10,1.17968e+11,-9.29553e+10,1.176e+11
4.30383e+07,739056,3.53373e+06,-9.31508e+10,1.17852e+11,-9.3096e+10,1.17485e+11
4.30446e+07,739503,3.53466e+06,-9.3298e+10,1.17735e+11,-9.32366e+10,1.1737e+11
4.30509e+07,739950,3.53558e+06,-9.34451e+10,1.17619e+11,-9.33771e+10,1.17255e+11
4.30572e+07,740396,3.53651e+06,-9.3592e+10,1.17502e+11,-9.35175e+10,1.17139e+11
4.30635e+07,740842,3.53743e+06,-9.37387e+10,1.17385e+11,-9.36578e+10,1.17024e+11
4.30698e+07,741287,3.53836e+06,-9.38854e+10,1.17268e+11,-9.37979e+10,1.16908e+11
4.30761e+07,741732,3.53929e+06,-9.40318e+10,1.17151e+11,-9.39379e+10,1.16793e+11
4.30824e+07,742177,3.54021e+06,-9.41781e+10,1.17034e+11,-9.40778e+10,1.16677e+11
4.30887e+07,742621,3.54114e+06,-9.43243e+10,1.16916e+11,-9.42176e+10,1.16561e+11
4.30951e+07,743064,3.54207e+06,-9.44703e+10,1.16798e+11,-9.43572e+10,1.16445e+11
4.31014e+07,743507,3.543e+06,-9.46162e+10,1.16681e+11,-9.44968e+10,1.1633e+11
4.31077e+07,743950,3.54393e+06,-9.47619e+10,1.16562e+11,-9.46362e+10,1.16214e+11
4.3114e+07,744392,3.54486e+06,-9.49075e+10,1.16444e+11,-9.47756e+10,1.16098e+11
4.31203e+07,744834,3.54579e+06,-9.50529e+10,1.16326e+11,-9.49148e+10,1.15981e+11
4.31266e+07,745275,3.54672e+06,-9.51982e+10,1.16207e+11,-9.50539e+10,1.15865e+11
4.31329e+07,745716,3.54765e+06,-9.53433e+10,1.16088e+11,-9.51929e+10,1.15749e+11
4.31392e+07,746157,3.54859e+06,-9.54883e+10,1.15969e+11,-9.53318e+10,1.15633e+11
4.31456e+07,746597,3.54952e+06,-9.56332e+10,1.1585e+11,-9.54706e+10,1.15516e+11
4.31519e+07,747036,3.55045e+06,-9.57778e+10,1.1573e+11,-9.56093e+10,1.154e+11
4.31582e+07,747475,3.55139e+06,-9.59224e+10,1.15611e+11,-9.57479e+10,1.15283e+11
4.31645e+07,747914,3.55232e+06,-9.60668e+10,1.15491e+11,-9.58864e+10,1.15166e+11
4.31708e+07,748352,3.55326e+06,-9.6211e+10,1.15371e+11,-9.60249e+10,1.1505e+11
4.31771e+07,748790,3.55419e+06,-9.63551e+10,1.15251e+11,-9.61632e+10,1.14933e+11
4.31834e+07,749227,3.55513e+06,-9.6499e+10,1.15131e+11,-9.63014e+10,1.14816e+11
4.31897e+07,749664,3.55607e+06,-9.66428e+10,1.1501e+11,-9.64396e+10,1.14699e+11
4.3196e+07,750100,3.557e+06,-9.67864e+10,1.14889e+11,-9.65776e+10,1.14582e+11
4.32024e+07,750536,3.55794e+06,-9.69299e+10,1.14769e+11,-9.67156e+10,1.14465e+11
4.32087e+07,750972,3.55888e+06,-9.70732e+10,1.14648e+11,-9.68535e+10,1.14347e+11
4.3215e+07,751407,3.55982e+06,-9.72164e+10,1.14526e+11,-9.69913e+10,1.1423e+11
4.32213e+07,751841,3.56076e+06,-9.73594e+10,1.14405e+11,-9.7129e+10,1.14113e+11
4.32276e+07,752275,3.5617e+06,-9.75023e+10,1.14283e+11,-9.72666e+10,1.13995e+11
4.32339e+07,752709,3.56264e+06,-9.7645e+10,1.14162e+11,-9.74042e+10,1.13878e+11
4.32402e+07,753142,3.56358e+06,-9.77876e+10,1.1404e+11,-9.75416e+10,1.1376e+11
4.32465e+07,753574,3.56452e+06,-9.793e+10,1.13918e+11,-9.7679e+10,1.13642e+11
4.32528e+07,754007,3.56546e+06,-9.80722e+10,1.13795e+11,-9.78163e+10,1.13524e+11
4.32592e+07,754438,3.56641e+06,-9.82143e+10,1.13673e+11,-9.79536e+10,1.13406e+11
4.32655e+07,754870,3.56735e+06,-9.83563e+10,1.1355e+11,-9.80908e+10,1.13288e+11
4.32718e+07,755300,3.56829e+06,-9.84981e+10,1.13427e+11,-9.82279e+10,1.1317e+11
4.32781e+07,755731,3.56924e+06,-9.86397e+10,1.13304e+11,-9.83649e+10,1.13052e+11
4.32844e+07,756161,3.57018e+06,-9.87812e+10,1.13181e+11,-9.85018e+10,1.12933e+11
4.32907e+07,756590,3.57113e+06,-9.89225e+10,1.13058e+11,-9.86387e+10,1.12815e+11
4.3297e+07,757019,3.57208e+06,-9.90637e+10,1.12934e+11,-9.87755e+10,1.12696e+11
4.33033e+07,757447,3.57302e+06,-9.92047e+10,1.12811e+11,-9.89123e+10,1.12578e+11
4.33097e+07,757875,3.57397e+06,-9.93456e+10,1.12687e+11,-9.9049e+10,1.12459e+11
4.3316e+07,758303,3.57492e+06,-9.94863e+10,1.12563e+11,-9.91856e+10,1.1234e+11
4.33223e+07,758730,3.57586e+06,-9.96268e+10,1.12438e+11,-9.93221e+10,1.12221e+11
4.33286e+07,759157,3.57681e+06,-9.97672e+10,1.12314e+11,-9.94586e+10,1.12102e+11
4.33349e+07,759583,3.57776e+06,-9.99074e+10,1.12189e+11,-9.9595e+10,1.11983e+11
4.33412e+07,760008,3.57871e+06,-1.00048e+11,1.12065e+11,-9.97314e+10,1.11863e+11
4.33475e+07,760433,3.57966e+06,-1.00187e+11,1.1194e+11,-9.98677e+10,1.11744e+11
4.33538e+07,760858,3.58061e+06,-1.00327e+11,1.11815e+11,-1.00004e+11,1.11624e+11
4.33601e+07,761282,3.58157e+06,-1.00467e+11,1.11689e+11,-1.0014e+11,1.11505e+11
4.33665e+07,761706,3.58252e+06,-1.00606e+11,1.11564e+11,-1.00276e+11,1.11385e+11
4.33728e+07,762129,3.58347e+06,-1.00746e+11,1.11438e+11,-1.00412e+11,1.11265e+11
4.33791e+07,762552,3.58442e+06,-1.00885e+11,1.11312e+11,-1.00548e+11,1.11145e+11
4.33854e+07,762974,3.58538e+06,-1.01024e+11,1.11186e+11,-1.00684e+11,1.11025e+11
4.33917e+07,763396,3.58633e+06,-1.01162e+11,1.1106e+11,-1.0082e+11,1.10904e+11
4.3398e+07,763817,3.58728e+06,-1.01301e+11,1.10934e+11,-1.00956e+11,1.10784e+11
4.34043e+07,764238,3.58824e+06,-1.0144e+11,1.10807e+11,-1.01092e+11,1.10663e+11
4.34106e+07,764659,3.5892e+06,-1.01578e+11,1.10681e+11,-1.01228e+11,1.10543e+11
4.34169e+07,765079,3.59015e+06,-1.01716e+11,1.10554e+11,-1.01363e+11,1.10422e+11
4.34233e+07,765498,3.59111e+06,-1.01854e+11,1.10427e+11,-1.01499e+11,1.10301e+11
4.34296e+07,765917,3.59206e+06,-1.01992e+11,1.103e+11,-1.01634e+11,1.1018e+11
4.34359e+07,766335,3.59302e+06,-1.0213e+11,1.10172e+11,-1.0177e+11,1.10059e+11
4.34422e+07,766753,3.59398e+06,-1.02267e+11,1.10045e+11,-1.01905e+11,1.09937e+11
4.34485e+07,767171,3.59494e+06,-1.02405e+11,1.09917e+11,-1.02041e+11,1.09816e+11
4.34548e+07,767588,3.5959e+06,-1.02542e+11,1.09789e+11,-1.02176e+11,1.09694e+11
4.34611e+07,768004,3.59686e+06,-1.02679e+11,1.09661e+11,-1.02311e+11,1.09572e+11
4.34674e+07,768420,3.59782e+06,-1.02816e+11,1.09533e+11,-1.02447e+11,1.0945e+11
4.34737e+07,768836,3.59878e+06,-1.02953e+11,1.09404e+11,-1.02582e+11,1.09328e+11
4.34801e+07,769251,3.59974e+06,-1.03089e+11,1.09276e+11,-1.02717e+11,1.09206e+11
4.34864e+07,769665,3.6007e+06,-1.03226e+11,1.09147e+11,-1.02852e+11,1.09084e+11
4.34927e+07,770080,3.60167e+06,-1.03362e+11,1.09018e+11,-1.02987e+11,1.08961e+11
4.3499e+07,770493,3.60263e+06,-1.03498e+11,1.08889e+11,-1.03122e+11,1.08838e+11
4.35053e+07,770906,3.60359e+06,-1.03634e+11,1.0876e+11,-1.03257e+11,1.08716e+11
4.35116e+07,771319,3.60456e+06,-1.0377e+11,1.0863e+11,-1.03392e+11,1.08593e+11
4.35179e+07,771731,3.60552e+06,-1.03905e+11,1.08501e+11,-1.03527e+11,1.08469e+11
4.35242e+07,772143,3.60648e+06,-1.04041e+11,1.08371e+11,-1.03661e+11,1.08346e+11
4.35306e+07,772554,3.60745e+06,-1.04176e+11,1.08241e+11,-1.03796e+11,1.08223e+11
4.35369e+07,772964,3.60842e+06,-1.04311e+11,1.08111e+11,-1.03931e+11,1.08099e+11
4.35432e+07,773374,3.60938e+06,-1.04446e+11,1.07981e+11,-1.04065e+11,1.07975e+11
4.35495e+07,773784,3.61035e+06,-1.04581e+11,1.0785e+11,-1.042e+11,1.07851e+11
4.35558e+07,774193,3.61132e+06,-1.04715e+11,1.0772e+11,-1.04334e+11,1.07727e+11
4.35621e+07,774602,3.61228e+06,-1.0485e+11,1.07589e+11,-1.04469e+11,1.07603e+11
4.35684e+07,775010,3.61325e+06,-1.04984e+11,1.07458e+11,-1.04603e+11,1.07478e+11
4.35747e+07,775418,3.61422e+06,-1.05118e+11,1.07327e+11,-1.04738e+11,1.07353e+11
4.3581e+07,775825,3.61519e+06,-1.05252e+11,1.07195e+11,-1.04872e+11,1.07229e+11
4.35874e+07,776231,3.61616e+06,-1.05386e+11,1.07064e+11,-1.05006e+11,1.07104e+11
4.35937e+07,776638,3.61713e+06,-1.05519e+11,1.06932e+11,-1.0514e+11,1.06978e+11
4.36e+07,777043,3.6181e+06,-1.05653e+11,1.06801e+11,-1.05274e+11,1.06853e+11
4.36063e+07,777448,3.61908e+06,-1.05786e+11,1.06669e+11,-1.05409e+11,1.06727e+11
4.36126e+07,777853,3.62005e+06,-1.05919e+11,1.06537e+11,-1.05543e+11,1.06602e+11
4.36189e+07,778257,3.62102e+06,-1.06052e+11,1.06404e+11,-1.05676e+11,1.06476e+11
4.36252e+07,778661,3.62199e+06,-1.06185e+11,1.06272e+11,-1.0581e+11,1.0635e+11
4.36315e+07,779064,3.62297e+06,-1.06318e+11,1.06139e+11,-1.05944e+11,1.06223e+11
4.36378e+07,779467,3.62394e+06,-1.0645e+11,1.06006e+11,-1.06078e+11,1.06097e+11
4.36442e+07,779869,3.62492e+06,-1.06582e+11,1.05874e+11,-1.06212e+11,1.0597e+11
4.36505e+07,780270,3.62589e+06,-1.06715e+11,1.0574e+11,-1.06345e+11,1.05843e+11
4.36568e+07,780672,3.62687e+06,-1.06847e+11,1.05607e+11,-1.06479e+11,1.05716e+11
4.36631e+07,781072,3.62784e+06,-1.06978e+11,1.05474e+11,-1.06612e+11,1.05589e+11
4.36694e+07,781472,3.62882e+06,-1.0711e+11,1.0534e+11,-1.06746e+11,1.05461e+11
4.36757e+07,781872,3.6298e+06,-1.07241e+11,1.05206e+11,-1.06879e+11,1.05334e+11
4.3682e+07,782271,3.63077e+06,-1.07373e+11,1.05072e+11,-1.07013e+11,1.05206e+11
4.36883e+07,782670,3.63175e+06,-1.07504e+11,1.04938e+11,-1.07146e+11,1.05078e+11
4.36947e+07,783068,3.63273e+06,-1.07635e+11,1.04804e+11,-1.07279e+11,1.04949e+11
4.3701e+07,783465,3.63371e+06,-1.07765e+11,1.0467e+11,-1.07412e+11,1.04821e+11
4.37073e+07,783862,3.63469e+06,-1.07896e+11,1.04535e+11,-1.07545e+11,1.04692e+11
4.37136e+07,784259,3.63567e+06,-1.08027e+11,1.044e+11,-1.07678e+11,1.04563e+11
4.37199e+07,784655,3.63665e+06,-1.08157e+11,1.04266e+11,-1.07811e+11,1.04434e+11
4.37262e+07,785050,3.63763e+06,-1.08287e+11,1.0413e+11,-1.07944e+11,1.04305e+11
4.37325e+07,785445,3.63861e+06,-1.08417e+11,1.03995e+11,-1.08077e+11,1.04175e+11
4.37388e+07,785840,3.63959e+06,-1.08547e+11,1.0386e+11,-1.08209e+11,1.04046e+11
4.37451e+07,786234,3.64058e+06,-1.08676e+11,1.03724e+11,-1.08342e+11,1.03916e+11
4.37515e+07,786627,3.64156e+06,-1.08806e+11,1.03589e+11,-1.08475e+11,1.03786e+11
4.37578e+07,787020,3.64254e+06,-1.08935e+11,1.03453e+11,-1.08607e+11,1.03655e+11
4.37641e+07,787413,3.64353e+06,-1.09064e+11,1.03317e+11,-1.08739e+11,1.03525e+11
4.37704e+07,787805,3.64451e+06,-1.09193e+11,1.03181e+11,-1.08872e+11,1.03394e+11
4.37767e+07,788196,3.6455e+06,-1.09322e+11,1.03044e+11,-1.09004e+11,1.03263e+11
4.3783e+07,788587,3.64648e+06,-1.0945e+11,1.02908e+11,-1.09136e+11,1.03131e+11
4.37893e+07,788977,3.64747e+06,-1.09578e+11,1.02771e+11,-1.09268e+11,1.03e+11
4.37956e+07,789367,3.64845e+06,-1.09707e+11,1.02634e+11,-1.094e+11,1.02868e+11
4.38019e+07,789756,3.64944e+06,-1.09835e+11,1.02497e+11,-1.09532e+11,1.02736e+11
4.38083e+07,790145,3.65043e+06,-1.09963e+11,1.0236e+11,-1.09664e+11,1.02604e+11
4.38146e+07,790534,3.65142e+06,-1.1009e+11,1.02223e+11,-1.09796e+11,1.02472e+11
4.38209e+07,790921,3.6524e+06,-1.10218e+11,1.02085e+11,-1.09927e+11,1.02339e+11
4.38272e+07,791309,3.65339e+06,-1.10345e+11,1.01948e+11,-1.10059e+11,1.02206e+11
4.38335e+07,791695,3.65438e+06,-1.10472e+11,1.0181e+11,-1.1019e+11,1.02073e+11
4.38398e+07,792082,3.65537e+06,-1.10599e+11,1.01672e+11,-1.10321e+11,1.0194e+11
4.38461e+07,792467,3.65636e+06,-1.10726e+11,1.01534e+11,-1.10453e+11,1.01806e+11
4.38524e+07,792852,3.65735e+06,-1.10853e+11,1.01396e+11,-1.10584e+11,1.01673e+11
4.38588e+07,793237,3.65834e+06,-1.10979e+11,1.01257e+11,-1.10715e+11,1.01538e+11
4.38651e+07,793621,3.65934e+06,-1.11106e+11,1.01119e+11,-1.10846e+11,1.01404e+11
4.38714e+07,794005,3.66033e+06,-1.11232e+11,1.0098e+11,-1.10977e+11,1.0127e+11
4.38777e+07,794388,3.66132e+06,-1.11358e+11,1.00841e+11,-1.11107e+11,1.01135e+11
4.3884e+07,794770,3.66231e+06,-1.11484e+11,1.00702e+11,-1.11238e+11,1.01e+11
4.38903e+07,795152,3.66331e+06,-1.11609e+11,1.00563e+11,-1.11369e+11,1.00865e+11
4.38966e+07,795534,3.6643e+06,-1.11735e+11,1.00423e+11,-1.11499e+11,1.00729e+11
4.39029e+07,795915,3.6653e+06,-1.1186e+11,1.00284e+11,-1.11629e+11,1.00594e+11
4.39092e+07,796295,3.66629e+06,-1.11985e+11,1.00144e+11,-1.1176e+11,1.00458e+11
4.39156e+07,796675,3.66729e+06,-1.1211e+11,1.00004e+11,-1.1189e+11,1.00322e+11
4.39219e+07,797054,3.66828e+06,-1.12235e+11,9.98645e+10,-1.1202e+11,1.00185e+11
4.39282e+07,797433,3.66928e+06,-1.12359e+11,9.97244e+10,-1.1215e+11,1.00049e+11
4.39345e+07,797811,3.67028e+06,-1.12484e+11,9.95841e+10,-1.12279e+11,9.99116e+10
4.39408e+07,798189,3.67127e+06,-1.12608e+11,9.94437e+10,-1.12409e+11,9.97745e+10
4.39471e+07,798566,3.67227e+06,-1.12732e+11,9.93031e+10,-1.12538e+11,9.96371e+10
4.39534e+07,798943,3.67327e+06,-1.12856e+11,9.91623e+10,-1.12668e+11,9.94994e+10
4.39597e+07,799319,3.67427e+06,-1.12979e+11,9.90214e+10,-1.12797e+11,9.93615e+10
4.3966e+07,799695,3.67527e+06,-1.13103e+11,9.88804e+10,-1.12926e+11,9.92234e+10
4.39724e+07,800070,3.67627e+06,-1.13226e+11,9.87392e+10,-1.13055e+11,9.9085e+10
4.39787e+07,800444,3.67727e+06,-1.13349e+11,9.85979e+10,-1.13184e+11,9.89464e+10
4.3985e+07,800818,3.67827e+06,-1.13472e+11,9.84564e+10,-1.13313e+11,9.88075e+10
4.39913e+07,801192,3.67927e+06,-1.13595e+11,9.83147e+10,-1.13442e+11,9.86683e+10
4.39976e+07,801565,3.68027e+06,-1.13718e+11,9.81729e+10,-1.1357e+11,9.85289e+10
4.40039e+07,801937,3.68128e+06,-1.1384e+11,9.80309e+10,-1.13698e+11,9.83893e+10
4.40102e+07,802309,3.68228e+06,-1.13963e+11,9.78888e+10,-1.13827e+11,9.82494e+10
4.40165e+07,802680,3.68328e+06,-1.14085e+11,9.77466e+10,-1.13955e+11,9.81092e+10
4.40229e+07,803051,3.68428e+06,-1.14207e+11,9.76041e+10,-1.14083e+11,9.79688e+10
4.40292e+07,803421,3.68529e+06,-1.14328e+11,9.74616e+10,-1.1421e+11,9.78282e+10
4.40355e+07,803791,3.68629e+06,-1.1445e+11,9.73189e+10,-1.14338e+11,9.76873e+10
4.40418e+07,804160,3.6873e+06,-1.14571e+11,9.7176e+10,-1.14466e+11,9.75461e+10
4.40481e+07,804529,3.6883e+06,-1.14692e+11,9.7033e+10,-1.14593e+11,9.74047e+10
4.40544e+07,804897,3.68931e+06,-1.14813e+11,9.68898e+10,-1.1472e+11,9.7263e+10
4.40607e+07,805264,3.69032e+06,-1.14934e+11,9.67465e+10,-1.14847e+11,9.71211e+10
4.4067e+07,805631,3.69132e+06,-1.15055e+11,9.6603e+10,-1.14974e+11,9.69789e+10
4.40733e+07,805997,3.69233e+06,-1.15175e+11,9.64594e+10,-1.15101e+11,9.68365e+10
4.40797e+07,806363,3.69334e+06,-1.15296e+11,9.63157e+10,-1.15228e+11,9.66938e+10
4.4086e+07,806729,3.69434e+06,-1.15416e+11,9.61718e+10,-1.15354e+11,9.65508e+10
4.40923e+07,807093,3.69535e+06,-1.15536e+11,9.60277e+10,-1.1548e+11,9.64076e+10
4.40986e+07,807458,3.69636e+06,-1.15655e+11,9.58835e+10,-1.15606e+11,9.62641e+10
4.41049e+07,807821,3.69737e+06,-1.15775e+11,9.57391e+10,-1.15732e+11,9.61204e+10
4.41112e+07,808184,3.69838e+06,-1.15894e+11,9.55946e+10,-1.15858e+11,9.59764e+10
4.41175e+07,808547,3.69939e+06,-1.16014e+11,9.545e+10,-1.15984e+11,9.58322e+10
4.41238e+07,808909,3.7004e+06,-1.16133e+11,9.53052e+10,-1.16109e+11,9.56877e+10
4.41301e+07,809271,3.70141e+06,-1.16252e+11,9.51602e+10,-1.16234e+11,9.5543e+10
4.41365e+07,809632,3.70243e+06,-1.1637e+11,9.50151e+10,-1.16359e+11,9.5398e+10
4.41428e+07,809992,3.70344e+06,-1.16489e+11,9.48699e+10,-1.16484e+11,9.52527e+10
4.41491e+07,810352,3.70445e+06,-1.16607e+11,9.47245e+10,-1.16609e+11,9.51072e+10
4.41554e+07,810711,3.70546e+06,-1.16725e+11,9.4579e+10,-1.16734e+11,9.49614e+10
4.41617e+07,811070,3.70648e+06,-1.16843e+11,9.44333e+10,-1.16858e+11,9.48154e+10
4.4168e+07,811428,3.70749e+06,-1.16961e+11,9.42875e+10,-1.16982e+11,9.46691e+10
4.41743e+07,811786,3.70851e+06,-1.17078e+11,9.41415e+10,-1.17106e+11,9.45226e+10
4.41806e+07,812143,3.70952e+06,-1.17196e+11,9.39954e+10,-1.1723e+11,9.43758e+10
4.4187e+07,812499,3.71054e+06,-1.17313e+11,9.38491e+10,-1.17353e+11,9.42287e+10
4.41933e+07,812855,3.71155e+06,-1.1743e+11,9.37027e+10,-1.17477e+11,9.40814e+10
4.41996e+07,813210,3.71257e+06,-1.17547e+11,9.35562e+10,-1.176e+11,9.39339e+10
4.42059e+07,813565,3.71359e+06,-1.17664e+11,9.34095e+10,-1.17723e+11,9.37861e+10
4.42122e+07,813920,3.7146e+06,-1.1778e+11,9.32626e+10,-1.17846e+11,9.3638e+10
4.42185e+07,814273,3.71562e+06,-1.17896e+11,9.31157e+10,-1.17969e+11,9.34897e+10
4.42248e+07,814626,3.71664e+06,-1.18013e+11,9.29685e+10,-1.18091e+11,9.33411e+10
4.42311e+07,814979,3.71766e+06,-1.18128e+11,9.28213e+10,-1.18213e+11,9.31923e+10
4.42374e+07,815331,3.71867e+06,-1.18244e+11,9.26738e+10,-1.18335e+11,9.30433e+10
4.42438e+07,815683,3.71969e+06,-1.1836e+11,9.25263e+10,-1.18457e+11,9.28939e+10
4.42501e+07,816034,3.72071e+06,-1.18475e+11,9.23786e+10,-1.18579e+11,9.27444e+10
4.42564e+07,816384,3.72173e+06,-1.1859e+11,9.22307e+10,-1.187e+11,9.25945e+10
4.42627e+07,816734,3.72275e+06,-1.18705e+11,9.20828e+10,-1.18821e+11,9.24445e+10
4.4269e+07,817083,3.72378e+06,-1.1882e+11,9.19346e+10,-1.18942e+11,9.22942e+10
4.42753e+07,817432,3.7248e+06,-1.18935e+11,9.17864e+10,-1.19063e+11,9.21436e+10
4.42816e+07,817780,3.72582e+06,-1.19049e+11,9.16379e+10,-1.19183e+11,9.19928e+10
4.42879e+07,818127,3.72684e+06,-1.19164e+11,9.14894e+10,-1.19303e+11,9.18417e+10
4.42942e+07,818474,3.72786e+06,-1.19278e+11,9.13407e+10,-1.19423e+11,9.16904e+10
4.43006e+07,818821,3.72889e+06,-1.19392e+11,9.11919e+10,-1.19543e+11,9.15389e+10
4.43069e+07,819167,3.72991e+06,-1.19505e+11,9.10429e+10,-1.19663e+11,9.13871e+10
4.43132e+07,819512,3.73094e+06,-1.19619e+11,9.08938e+10,-1.19782e+11,9.12351e+10
4.43195e+07,819857,3.73196e+06,-1.19732e+11,9.07445e+10,-1.19901e+11,9.10828e+10
4.43258e+07,820201,3.73298e+06,-1.19845e+11,9.05951e+10,-1.2002e+11,9.09303e+10
4.43321e+07,820544,3.73401e+06,-1.19958e+11,9.04456e+10,-1.20139e+11,9.07775e+10
4.43384e+07,820887,3.73504e+06,-1.20071e+11,9.02959e+10,-1.20257e+11,9.06246e+10
4.43447e+07,821230,3.73606e+06,-1.20184e+11,9.01461e+10,-1.20375e+11,9.04713e+10
4.43511e+07,821572,3.73709e+06,-1.20296e+11,8.99961e+10,-1.20493e+11,9.03179e+10
4.43574e+07,821913,3.73812e+06,-1.20408e+11,8.9846e+10,-1.20611e+11,9.01642e+10
4.43637e+07,822254,3.73914e+06,-1.2052e+11,8.96958e+10,-1.20729e+11,9.00102e+10
4.437e+07,822594,3.74017e+06,-1.20632e+11,8.95454e+10,-1.20846e+11,8.98561e+10
4.43763e+07,822934,3.7412e+06,-1.20744e+11,8.93949e+10,-1.20963e+11,8.97017e+10
4.43826e+07,823273,3.74223e+06,-1.20855e+11,8.92443e+10,-1.21079e+11,8.95471e+10
4.43889e+07,823611,3.74326e+06,-1.20967e+11,8.90935e+10,-1.21196e+11,8.93922e+10
4.43952e+07,823949,3.74429e+06,-1.21078e+11,8.89426e+10,-1.21312e+11,8.92371e+10
4.44015e+07,824286,3.74532e+06,-1.21189e+11,8.87915e+10,-1.21428e+11,8.90818e+10
4.44079e+07,824623,3.74635e+06,-1.21299e+11,8.86403e+10,-1.21543e+11,8.89263e+10
4.44142e+07,824959,3.74738e+06,-1.2141e+11,8.8489e+10,-1.21659e+11,8.87705e+10
4.44205e+07,825295,3.74841e+06,-1.2152e+11,8.83375e+10,-1.21774e+11,8.86146e+10
4.44268e+07,825630,3.74944e+06,-1.2163e+11,8.81859e+10,-1.21889e+11,8.84584e+10
4.44331e+07,825964,3.75047e+06,-1.2174e+11,8.80341e+10,-1.22003e+11,8.8302e+10
4.44394e+07,826298,3.75151e+06,-1.2185e+11,8.78822e+10,-1.22118e+11,8.81453e+10
4.44457e+07,826631,3.75254e+06,-1.2196e+11,8.77302e+10,-1.22232e+11,8.79885e+10
4.4452e+07,826964,3.75357e+06,-1.22069e+11,8.75781e+10,-1.22346e+11,8.78314e+10
4.44583e+07,827296,3.75461e+06,-1.22178e+11,8.74258e+10,-1.22459e+11,8.76742e+10
4.44647e+07,827628,3.75564e+06,-1.22288e+11,8.72733e+10,-1.22572e+11,8.75167e+10
4.4471e+07,827959,3.75668e+06,-1.22396e+11,8.71208e+10,-1.22685e+11,8.7359e+10
4.44773e+07,828289,3.75771e+06,-1.22505e+11,8.69681e+10,-1.22798e+11,8.72011e+10
4.44836e+07,828619,3.75875e+06,-1.22613e+11,8.68153e+10,-1.22911e+11,8.7043e+10
4.44899e+07,828948,3.75978e+06,-1.22722e+11,8.66623e+10,-1.23023e+11,8.68847e+10
4.44962e+07,829277,3.76082e+06,-1.2283e+11,8.65092e+10,-1.23135e+11,8.67262e+10
4.45025e+07,829605,3.76186e+06,-1.22938e+11,8.6356e+10,-1.23246e+11,8.65675e+10
4.45088e+07,829932,3.76289e+06,-1.23045e+11,8.62026e+10,-1.23357e+11,8.64086e+10
4.45152e+07,830259,3.76393e+06,-1.23153e+11,8.60491e+10,-1.23468e+11,8.62495e+10
4.45215e+07,830585,3.76497e+06,-1.2326e+11,8.58955e+10,-1.23579e+11,8.60902e+10
4.45278e+07,830911,3.76601e+06,-1.23367e+11,8.57417e+10,-1.2369e+11,8.59307e+10
4.45341e+07,831236,3.76704e+06,-1.23474e+11,8.55878e+10,-1.238e+11,8.5771e+10
4.45404e+07,831561,3.76808e+06,-1.23581e+11,8.54338e+10,-1.2391e+11,8.56112e+10
4.45467e+07,831885,3.76912e+06,-1.23688e+11,8.52796e+10,-1.24019e+11,8.54511e+10
4.4553e+07,832208,3.77016e+06,-1.23794e+11,8.51253e+10,-1.24128e+11,8.52909e+10
4.45593e+07,832531,3.7712e+06,-1.239e+11,8.49709e+10,-1.24237e+11,8.51304e+10
4.45656e+07,832853,3.77224e+06,-1.24006e+11,8.48163e+10,-1.24346e+11,8.49698e+10
4.4572e+07,833175,3.77329e+06,-1.24112e+11,8.46616e+10,-1.24454e+11,8.48091e+10
4.45783e+07,833496,3.77433e+06,-1.24217e+11,8.45068e+10,-1.24562e+11,8.46481e+10
4.45846e+07,833816,3.77537e+06,-1.24323e+11,8.43518e+10,-1.2467e+11,8.4487e+10
4.45909e+07,834136,3.77641e+06,-1.24428e+11,8.41967e+10,-1.24778e+11,8.43257e+10
4.45972e+07,834455,3.77745e+06,-1.24533e+11,8.40415e+10,-1.24885e+11,8.41642e+10
4.46035e+07,834774,3.7785e+06,-1.24638e+11,8.38862e+10,-1.24992e+11,8.40026e+10
4.46098e+07,835092,3.77954e+06,-1.24743e+11,8.37307e+10,-1.25098e+11,8.38408e+10
4.46161e+07,835410,3.78058e+06,-1.24847e+11,8.35751e+10,-1.25205e+11,8.36788e+10
4.46224e+07,835727,3.78163e+06,-1.24951e+11,8.34194e+10,-1.25311e+11,8.35167e+10
4.46288e+07,836043,3.78267e+06,-1.25055e+11,8.32635e+10,-1.25416e+11,8.33544e+10
4.46351e+07,836359,3.78372e+06,-1.25159e+11,8.31075e+10,-1.25522e+11,8.31919e+10
4.46414e+07,836674,3.78476e+06,-1.25263e+11,8.29514e+10,-1.25627e+11,8.30293e+10
4.46477e+07,836988,3.78581e+06,-1.25366e+11,8.27951e+10,-1.25731e+11,8.28666e+10
4.4654e+07,837302,3.78686e+06,-1.2547e+11,8.26387e+10,-1.25836e+11,8.27037e+10
4.46603e+07,837616,3.7879e+06,-1.25573e+11,8.24822e+10,-1.2594e+11,8.25406e+10
4.46666e+07,837928,3.78895e+06,-1.25676e+11,8.23256e+10,-1.26044e+11,8.23774e+10
4.46729e+07,838241,3.79e+06,-1.25778e+11,8.21688e+10,-1.26147e+11,8.22141e+10
4.46793e+07,838552,3.79105e+06,-1.25881e+11,8.20119e+10,-1.26251e+11,8.20506e+10
4.46856e+07,838863,3.79209e+06,-1.25983e+11,8.18549e+10,-1.26354e+11,8.1887e+10
4.46919e+07,839174,3.79314e+06,-1.26085e+11,8.16977e+10,-1.26456e+11,8.17232e+10
4.46982e+07,839483,3.79419e+06,-1.26187e+11,8.15405e+10,-1.26558e+11,8.15593e+10
4.47045e+07,839792,3.79524e+06,-1.26289e+11,8.1383e+10,-1.2666e+11,8.13953e+10
4.47108e+07,840101,3.79629e+06,-1.2639e+11,8.12255e+10,-1.26762e+11,8.12311e+10
4.47171e+07,840409,3.79734e+06,-1.26492e+11,8.10679e+10,-1.26863e+11,8.10669e+10
4.47234e+07,840716,3.79839e+06,-1.26593e+11,8.09101e+10,-1.26964e+11,8.09025e+10
4.47297e+07,841023,3.79944e+06,-1.26694e+11,8.07522e+10,-1.27065e+11,8.07379e+10
4.47361e+07,841329,3.80049e+06,-1.26794e+11,8.05941e+10,-1.27166e+11,8.05733e+10
4.47424e+07,841635,3.80155e+06,-1.26895e+11,8.0436e+10,-1.27266e+11,8.04085e+10
4.47487e+07,841940,3.8026e+06,-1.26995e+11,8.02777e+10,-1.27365e+11,8.02436e+10
4.4755e+07,842244,3.80365e+06,-1.27095e+11,8.01193e+10,-1.27465e+11,8.00786e+10
4.47613e+07,842548,3.8047e+06,-1.27195e+11,7.99607e+10,-1.27564e+11,7.99135e+10
4.47676e+07,842851,3.80576e+06,-1.27295e+11,7.98021e+10,-1.27663e+11,7.97483e+10
4.47739e+07,843154,3.80681e+06,-1.27395e+11,7.96433e+10,-1.27761e+11,7.9583e+10
4.47802e+07,843456,3.80786e+06,-1.27494e+11,7.94843e+10,-1.2786e+11,7.94175e+10
4.47865e+07,843757,3.80892e+06,-1.27593e+11,7.93253e+10,-1.27958e+11,7.9252e+10
4.47929e+07,844058,3.80997e+06,-1.27692e+11,7.91662e+10,-1.28055e+11,7.90864e+10
4.47992e+07,844358,3.81103e+06,-1.27791e+11,7.90069e+10,-1.28153e+11,7.89206e+10
4.48055e+07,844658,3.81208e+06,-1.2789e+11,7.88475e+10,-1.2825e+11,7.87548e+10
4.48118e+07,844957,3.81314e+06,-1.27988e+11,7.86879e+10,-1.28346e+11,7.85889e+10
4.48181e+07,845255,3.8142e+06,-1.28086e+11,7.85283e+10,-1.28443e+11,7.84229e+10
4.48244e+07,845553,3.81525e+06,-1.28184e+11,7.83685e+10,-1.28539e+11,7.82568e+10
4.48307e+07,845850,3.81631e+06,-1.28282e+11,7.82086e+10,-1.28634e+11,7.80906e+10
4.4837e+07,846146,3.81737e+06,-1.2838e+11,7.80486e+10,-1.2873e+11,7.79243e+10
4.48433e+07,846442,3.81842e+06,-1.28477e+11,7.78884e+10,-1.28825e+11,7.7758e+10
4.48497e+07,846738,3.81948e+06,-1.28574e+11,7.77282e+10,-1.2892e+11,7.75915e+10
4.4856e+07,847032,3.82054e+06,-1.28671e+11,7.75678e+10,-1.29014e+11,7.7425e+10
4.48623e+07,847326,3.8216e+06,-1.28768e+11,7.74073e+10,-1.29109e+11,7.72584e+10
4.48686e+07,847620,3.82266e+06,-1.28864e+11,7.72466e+10,-1.29202e+11,7.70918e+10
4.48749e+07,847913,3.82372e+06,-1.28961e+11,7.70859e+10,-1.29296e+11,7.6925e+10
4.48812e+07,848205,3.82478e+06,-1.29057e+11,7.6925e+10,-1.29389e+11,7.67582e+10
4.48875e+07,848497,3.82584e+06,-1.29153e+11,7.6764e+10,-1.29482e+11,7.65914e+10
4.48938e+07,848788,3.8269e+06,-1.29249e+11,7.66029e+10,-1.29575e+11,7.64244e+10
4.49002e+07,849078,3.82796e+06,-1.29344e+11,7.64417e+10,-1.29667e+11,7.62574e+10
4.49065e+07,849368,3.82902e+06,-1.2944e+11,7.62803e+10,-1.29759e+11,7.60903e+10
4.49128e+07,849657,3.83008e+06,-1.29535e+11,7.61189e+10,-1.29851e+11,7.59232e+10
4.49191e+07,849946,3.83115e+06,-1.2963e+11,7.59573e+10,-1.29943e+11,7.5756e+10
4.49254e+07,850234,3.83221e+06,-1.29725e+11,7.57956e+10,-1.30034e+11,7.55888e+10
4.49317e+07,850521,3.83327e+06,-1.29819e+11,7.56337e+10,-1.30125e+11,7.54215e+10
4.4938e+07,850808,3.83433e+06,-1.29914e+11,7.54718e+10,-1.30215e+11,7.52542e+10
4.49443e+07,851094,3.8354e+06,-1.30008e+11,7.53097e+10,-1.30306e+11,7.50868e+10
4.49506e+07,851379,3.83646e+06,-1.30102e+11,7.51475e+10,-1.30396e+11,7.49193e+10
4.4957e+07,851664,3.83753e+06,-1.30196e+11,7.49852e+10,-1.30486e+11,7.47519e+10
4.49633e+07,851948,3.83859e+06,-1.30289e+11,7.48228e+10,-1.30575e+11,7.45843e+10
4.49696e+07,852232,3.83966e+06,-1.30383e+11,7.46603e+10,-1.30664e+11,7.44168e+10
4.49759e+07,852515,3.84072e+06,-1.30476e+11,7.44976e+10,-1.30753e+11,7.42491e+10
4.49822e+07,852798,3.84179e+06,-1.30569e+11,7.43348e+10,-1.30841e+11,7.40815e+10
4.49885e+07,853079,3.84285e+06,-1.30662e+11,7.4172e+10,-1.3093e+11,7.39138e+10
4.49948e+07,853360,3.84392e+06,-1.30754e+11,7.40089e+10,-1.31018e+11,7.37461e+10
4.50011e+07,853641,3.84499e+06,-1.30846e+11,7.38458e+10,-1.31105e+11,7.35783e+10
4.50074e+07,853921,3.84605e+06,-1.30939e+11,7.36826e+10,-1.31193e+11,7.34105e+10
4.50138e+07,854200,3.84712e+06,-1.31031e+11,7.35192e+10,-1.3128e+11,7.32427e+10
4.50201e+07,854479,3.84819e+06,-1.31122e+11,7.33558e+10,-1.31367e+11,7.30749e+10
4.50264e+07,854757,3.84926e+06,-1.31214e+11,7.31922e+10,-1.31453e+11,7.2907e+10
4.50327e+07,855035,3.85032e+06,-1.31305e+11,7.30285e+10,-1.3154e+11,7.27391e+10
4.5039e+07,855311,3.85139e+06,-1.31396e+11,7.28647e+10,-1.31626e+11,7.25712e+10
4.50453e+07,855588,3.85246e+06,-1.31487e+11,7.27007e+10,-1.31711e+11,7.24032e+10
4.50516e+07,855863,3.85353e+06,-1.31578e+11,7.25367e+10,-1.31797e+11,7.22352e+10
4.50579e+07,856138,3.8546e+06,-1.31669e+11,7.23725e+10,-1.31882e+11,7.20672e+10
4.50643e+07,856413,3.85567e+06,-1.31759e+11,7.22083e+10,-1.31967e+11,7.18992e+10
4.50706e+07,856686,3.85674e+06,-1.31849e+11,7.20439e+10,-1.32052e+11,7.17312e+10
4.50769e+07,856959,3.85781e+06,-1.31939e+11,7.18794e+10,-1.32136e+11,7.15632e+10
4.50832e+07,857232,3.85888e+06,-1.32029e+11,7.17148e+10,-1.3222e+11,7.13951e+10
4.50895e+07,857504,3.85996e+06,-1.32118e+11,7.155e+10,-1.32304e+11,7.1227e+10
4.50958e+07,857775,3.86103e+06,-1.32207e+11,7.13852e+10,-1.32388e+11,7.10589e+10
4.51021e+07,858045,3.8621e+06,-1.32297e+11,7.12203e+10,-1.32471e+11,7.08909e+10
4.51084e+07,858315,3.86317e+06,-1.32385e+11,7.10552e+10,-1.32554e+11,7.07228e+10
4.51147e+07,858585,3.86425e+06,-1.32474e+11,7.089e+10,-1.32637e+11,7.05546e+10
4.51211e+07,858853,3.86532e+06,-1.32563e+11,7.07247e+10,-1.32719e+11,7.03865e+10
4.51274e+07,859122,3.86639e+06,-1.32651e+11,7.05593e+10,-1.32802e+11,7.02184e+10
4.51337e+07,859389,3.86747e+06,-1.32739e+11,7.03938e+10,-1.32884e+11,7.00503e+10
4.514e+07,859656,3.86854e+06,-1.32827e+11,7.02282e+10,-1.32966e+11,6.98821e+10
4.51463e+07,859922,3.86962e+06,-1.32914e+11,7.00625e+10,-1.33047e+11,6.9714e+10
4.51526e+07,860188,3.87069e+06,-1.33002e+11,6.98966e+10,-1.33128e+11,6.95459e+10
4.51589e+07,860453,3.87177e+06,-1.33089e+11,6.97307e+10,-1.33209e+11,6.93777e+10
4.51652e+07,860717,3.87284e+06,-1.33176e+11,6.95646e+10,-1.3329e+11,6.92096e+10
4.51715e+07,860981,3.87392e+06,-1.33263e+11,6.93985e+10,-1.33371e+11,6.90414e+10
4.51779e+07,861244,3.87499e+06,-1.3335e+11,6.92322e+10,-1.33451e+11,6.88733e+10
4.51842e+07,861506,3.87607e+06,-1.33436e+11,6.90658e+10,-1.33531e+11,6.87052e+10
4.51905e+07,861768,3.87715e+06,-1.33522e+11,6.88993e+10,-1.33611e+11,6.8537e+10
4.51968e+07,862029,3.87822e+06,-1.33608e+11,6.87327e+10,-1.33691e+11,6.83689e+10
4.52031e+07,862289,3.8793e+06,-1.33694e+11,6.8566e+10,-1.3377e+11,6.82008e+10
4.52094e+07,862549,3.88038e+06,-1.3378e+11,6.83991e+10,-1.33849e+11,6.80327e+10
4.52157e+07,862809,3.88146e+06,-1.33865e+11,6.82322e+10,-1.33928e+11,6.78645e+10
4.5222e+07,863067,3.88254e+06,-1.3395e+11,6.80652e+10,-1.34007e+11,6.76964e+10
4.52284e+07,863325,3.88361e+06,-1.34035e+11,6.7898e+10,-1.34085e+11,6.75283e+10
4.52347e+07,863583,3.88469e+06,-1.3412e+11,6.77308e+10,-1.34164e+11,6.73602e+10
4.5241e+07,863839,3.88577e+06,-1.34204e+11,6.75634e+10,-1.34242e+11,6.71922e+10
4.52473e+07,864095,3.88685e+06,-1.34289e+11,6.73959e+10,-1.34319e+11,6.70241e+10
4.52536e+07,864351,3.88793e+06,-1.34373e+11,6.72284e+10,-1.34397e+11,6.6856e+10
4.52599e+07,864606,3.88901e+06,-1.34457e+11,6.70607e+10,-1.34474e+11,6.6688e+10
4.52662e+07,864860,3.89009e+06,-1.3454e+11,6.68929e+10,-1.34551e+11,6.65199e+10
4.52725e+07,865113,3.89117e+06,-1.34624e+11,6.6725e+10,-1.34628e+11,6.63519e+10
4.52788e+07,865366,3.89226e+06,-1.34707e+11,6.6557e+10,-1.34705e+11,6.61838e+10
4.52852e+07,865618,3.89334e+06,-1.3479e+11,6.63889e+10,-1.34782e+11,6.60158e+10
4.52915e+07,865870,3.89442e+06,-1.34873e+11,6.62207e+10,-1.34858e+11,6.58478e+10
4.52978e+07,866121,3.8955e+06,-1.34956e+11,6.60524e+10,-1.34934e+11,6.56798e+10
4.53041e+07,866371,3.89658e+06,-1.35038e+11,6.5884e+10,-1.3501e+11,6.55118e+10
4.53104e+07,866621,3.89767e+06,-1.35121e+11,6.57155e+10,-1.35086e+11,6.53439e+10
4.53167e+07,866870,3.89875e+06,-1.35203e+11,6.55468e+10,-1.35161e+11,6.51759e+10
4.5323e+07,867119,3.89983e+06,-1.35284e+11,6.53781e+10,-1.35236e+11,6.5008e+10
4.53293e+07,867366,3.90092e+06,-1.35366e+11,6.52093e+10,-1.35311e+11,6.484e+10
4.53356e+07,867614,3.902e+06,-1.35447e+11,6.50404e+10,-1.35386e+11,6.46721e+10
4.5342e+07,867860,3.90309e+06,-1.35529e+11,6.48713e+10,-1.35461e+11,6.45042e+10
4.53483e+07,868106,3.90417e+06,-1.3561e+11,6.47022e+10,-1.35535e+11,6.43363e+10
4.53546e+07,868351,3.90526e+06,-1.3569e+11,6.45329e+10,-1.3561e+11,6.41684e+10
4.53609e+07,868596,3.90634e+06,-1.35771e+11,6.43636e+10,-1.35684e+11,6.40005e+10
4.53672e+07,868840,3.90743e+06,-1.35851e+11,6.41942e+10,-1.35758e+11,6.38326e+10
4.53735e+07,869083,3.90851e+06,-1.35931e+11,6.40246e+10,-1.35832e+11,6.36647e+10
4.53798e+07,869326,3.9096e+06,-1.36011e+11,6.3855e+10,-1.35905e+11,6.34969e+10
4.53861e+07,869568,3.91069e+06,-1.36091e+11,6.36852e+10,-1.35979e+11,6.3329e+10
4.53925e+07,869809,3.91177e+06,-1.3617e+11,6.35154e+10,-1.36052e+11,6.31612e+10
4.53988e+07,870050,3.91286e+06,-1.3625e+11,6.33454e+10,-1.36125e+11,6.29934e+10
4.54051e+07,870290,3.91395e+06,-1.36329e+11,6.31754e+10,-1.36198e+11,6.28256e+10
4.54114e+07,870529,3.91504e+06,-1.36408e+11,6.30052e+10,-1.3627e+11,6.26578e+10
4.54177e+07,870768,3.91612e+06,-1.36486e+11,6.2835e+10,-1.36343e+11,6.24899e+10
4.5424e+07,871006,3.91721e+06,-1.36565e+11,6.26646e+10,-1.36415e+11,6.23222e+10
4.54303e+07,871243,3.9183e+06,-1.36643e+11,6.24942e+10,-1.36487e+11,6.21544e+10
4.54366e+07,871480,3.91939e+06,-1.36721e+11,6.23236e+10,-1.36559e+11,6.19866e+10
4.54429e+07,871716,3.92048e+06,-1.36799e+11,6.2153e+10,-1.36631e+11,6.18188e+10
4.54493e+07,871952,3.92157e+06,-1.36876e+11,6.19823e+10,-1.36703e+11,6.1651e+10
4.54556e+07,872187,3.92266e+06,-1.36953e+11,6.18114e+10,-1.36775e+11,6.14833e+10
4.54619e+07,872421,3.92375e+06,-1.37031e+11,6.16405e+10,-1.36846e+11,6.13155e+10
4.54682e+07,872655,3.92484e+06,-1.37108e+11,6.14695e+10,-1.36917e+11,6.11477e+10
4.54745e+07,872888,3.92593e+06,-1.37184e+11,6.12983e+10,-1.36988e+11,6.098e+10
4.54808e+07,873120,3.92702e+06,-1.37261e+11,6.11271e+10,-1.37059e+11,6.08122e+10
4.54871e+07,873352,3.92811e+06,-1.37337e+11,6.09558e+10,-1.3713e+11,6.06445e+10
4.54934e+07,873583,3.9292e+06,-1.37413e+11,6.07844e+10,-1.372e+11,6.04767e+10
4.54997e+07,873813,3.9303e+06,-1.37489e+11,6.06128e+10,-1.37271e+11,6.03089e+10
4.55061e+07,874043,3.93139e+06,-1.37565e+11,6.04412e+10,-1.37341e+11,6.01412e+10
4.55124e+07,874272,3.93248e+06,-1.3764e+11,6.02695e+10,-1.37411e+11,5.99734e+10
4.55187e+07,874500,3.93357e+06,-1.37715e+11,6.00977e+10,-1.37481e+11,5.98056e+10
4.5525e+07,874728,3.93467e+06,-1.3779e+11,5.99258e+10,-1.37551e+11,5.96379e+10
4.55313e+07,874955,3.93576e+06,-1.37865e+11,5.97538e+10,-1.37621e+11,5.94701e+10
4.55376e+07,875181,3.93685e+06,-1.3794e+11,5.95818e+10,-1.3769e+11,5.93023e+10
4.55439e+07,875407,3.93795e+06,-1.38014e+11,5.94096e+10,-1.3776e+11,5.91345e+10
4.55502e+07,875632,3.93904e+06,-1.38088e+11,5.92373e+10,-1.37829e+11,5.89667e+10
4.55566e+07,875857,3.94014e+06,-1.38162e+11,5.90649e+10,-1.37898e+11,5.87989e+10
4.55629e+07,876081,3.94123e+06,-1.38236e+11,5.88925e+10,-1.37967e+11,5.8631e+10
4.55692e+07,876304,3.94233e+06,-1.38309e+11,5.87199e+10,-1.38036e+11,5.84632e+10
4.55755e+07,876526,3.94342e+06,-1.38382e+11,5.85473e+10,-1.38105e+11,5.82953e+10
4.55818e+07,876748,3.94452e+06,-1.38455e+11,5.83746e+10,-1.38174e+11,5.81275e+10
4.55881e+07,876969,3.94561e+06,-1.38528e+11,5.82017e+10,-1.38242e+11,5.79596e+10
4.55944e+07,877190,3.94671e+06,-1.38601e+11,5.80288e+10,-1.3831e+11,5.77917e+10
4.56007e+07,877410,3.94781e+06,-1.38673e+11,5.78558e+10,-1.38379e+11,5.76237e+10
4.5607e+07,877629,3.9489e+06,-1.38745e+11,5.76827e+10,-1.38447e+11,5.74558e+10
4.56134e+07,877847,3.95e+06,-1.38817e+11,5.75095e+10,-1.38515e+11,5.72878e+10
4.56197e+07,878065,3.9511e+06,-1.38889e+11,5.73362e+10,-1.38582e+11,5.71198e+10
4.5626e+07,878283,3.95219e+06,-1.38961e+11,5.71629e+10,-1.3865e+11,5.69518e+10
4.56323e+07,878499,3.95329e+06,-1.39032e+11,5.69894e+10,-1.38718e+11,5.67838e+10
4.56386e+07,878715,3.95439e+06,-1.39103e+11,5.68158e+10,-1.38785e+11,5.66157e+10
4.56449e+07,878930,3.95549e+06,-1.39174e+11,5.66422e+10,-1.38853e+11,5.64476e+10
4.56512e+07,879145,3.95659e+06,-1.39245e+11,5.64685e+10,-1.3892e+11,5.62795e+10
4.56575e+07,879359,3.95769e+06,-1.39315e+11,5.62947e+10,-1.38987e+11,5.61113e+10
4.56638e+07,879572,3.95879e+06,-1.39385e+11,5.61208e+10,-1.39054e+11,5.59431e+10
4.56702e+07,879785,3.95988e+06,-1.39455e+11,5.59468e+10,-1.39121e+11,5.57749e+10
4.56765e+07,879997,3.96098e+06,-1.39525e+11,5.57727e+10,-1.39187e+11,5.56066e+10
4.56828e+07,880208,3.96208e+06,-1.39595e+11,5.55985e+10,-1.39254e+11,5.54383e+10
4.56891e+07,880419,3.96318e+06,-1.39664e+11,5.54242e+10,-1.39321e+11,5.527e+10
4.56954e+07,880629,3.96428e+06,-1.39733e+11,5.52499e+10,-1.39387e+11,5.51016e+10
4.57017e+07,880838,3.96539e+06,-1.39802e+11,5.50755e+10,-1.39453e+11,5.49331e+10
4.5708e+07,881047,3.96649e+06,-1.39871e+11,5.4901e+10,-1.39519e+11,5.47647e+10
4.57143e+07,881255,3.96759e+06,-1.39939e+11,5.47264e+10,-1.39585e+11,5.45962e+10
4.57207e+07,881462,3.96869e+06,-1.40007e+11,5.45517e+10,-1.39651e+11,5.44276e+10
4.5727e+07,881669,3.96979e+06,-1.40075e+11,5.43769e+10,-1.39717e+11,5.4259e+10
4.57333e+07,881875,3.97089e+06,-1.40143e+11,5.4202e+10,-1.39783e+11,5.40903e+10
4.57396e+07,882080,3.97199e+06,-1.40211e+11,5.40271e+10,-1.39848e+11,5.39216e+10
4.57459e+07,882285,3.9731e+06,-1.40278e+11,5.38521e+10,-1.39914e+11,5.37528e+10
4.57522e+07,882489,3.9742e+06,-1.40345e+11,5.3677e+10,-1.39979e+11,5.3584e+10
4.57585e+07,882692,3.9753e+06,-1.40412e+11,5.35018e+10,-1.40045e+11,5.34151e+10
4.57648e+07,882895,3.97641e+06,-1.40479e+11,5.33265e+10,-1.4011e+11,5.32462e+10
4.57711e+07,883097,3.97751e+06,-1.40545e+11,5.31511e+10,-1.40175e+11,5.30772e+10
4.57775e+07,883299,3.97861e+06,-1.40612e+11,5.29757e+10,-1.4024e+11,5.29081e+10
4.57838e+07,883499,3.97972e+06,-1.40678e+11,5.28001e+10,-1.40304e+11,5.2739e+10
4.57901e+07,883699,3.98082e+06,-1.40743e+11,5.26245e+10,-1.40369e+11,5.25698e+10
4.57964e+07,883899,3.98193e+06,-1.40809e+11,5.24488e+10,-1.40434e+11,5.24006e+10
4.58027e+07,884097,3.98303e+06,-1.40874e+11,5.22731e+10,-1.40498e+11,5.22313e+10
4.5809e+07,884295,3.98414e+06,-1.4094e+11,5.20972e+10,-1.40563e+11,5.20619e+10
4.58153e+07,884493,3.98524e+06,-1.41005e+11,5.19213e+10,-1.40627e+11,5.18924e+10
4.58216e+07,884689,3.98635e+06,-1.41069e+11,5.17452e+10,-1.40691e+11,5.17229e+10
4.58279e+07,884885,3.98745e+06,-1.41134e+11,5.15691e+10,-1.40755e+11,5.15533e+10
4.58343e+07,885081,3.98856e+06,-1.41198e+11,5.1393e+10,-1.40819e+11,5.13836e+10
4.58406e+07,885276,3.98967e+06,-1.41262e+11,5.12167e+10,-1.40883e+11,5.12138e+10
4.58469e+07,885470,3.99077e+06,-1.41326e+11,5.10404e+10,-1.40946e+11,5.1044e+10
4.58532e+07,885663,3.99188e+06,-1.4139e+11,5.08639e+10,-1.4101e+11,5.0874e+10
4.58595e+07,885856,3.99299e+06,-1.41453e+11,5.06874e+10,-1.41074e+11,5.0704e+10
4.58658e+07,886048,3.99409e+06,-1.41516e+11,5.05109e+10,-1.41137e+11,5.05339e+10
4.58721e+07,886239,3.9952e+06,-1.41579e+11,5.03342e+10,-1.412e+11,5.03638e+10
4.58784e+07,886430,3.99631e+06,-1.41642e+11,5.01575e+10,-1.41263e+11,5.01935e+10
4.58848e+07,886620,3.99742e+06,-1.41704e+11,4.99807e+10,-1.41326e+11,5.00231e+10
4.58911e+07,886809,3.99852e+06,-1.41767e+11,4.98038e+10,-1.41389e+11,4.98527e+10
4.58974e+07,886998,3.99963e+06,-1.41829e+11,4.96268e+10,-1.41452e+11,4.96822e+10
4.59037e+07,887186,4.00074e+06,-1.41891e+11,4.94498e+10,-1.41515e+11,4.95115e+10
4.591e+07,887373,4.00185e+06,-1.41952e+11,4.92726e+10,-1.41577e+11,4.93408e+10
4.59163e+07,887560,4.00296e+06,-1.42014e+11,4.90954e+10,-1.4164e+11,4.917e+10
4.59226e+07,887746,4.00407e+06,-1.42075e+11,4.89182e+10,-1.41702e+11,4.89991e+10
4.59289e+07,887931,4.00518e+06,-1.42136e+11,4.87408e+10,-1.41764e+11,4.8828e+10
4.59352e+07,888116,4.00629e+06,-1.42196e+11,4.85634e+10,-1.41827e+11,4.86569e+10
4.59416e+07,888300,4.0074e+06,-1.42257e+11,4.83859e+10,-1.41889e+11,4.84857e+10
4.59479e+07,888483,4.00851e+06,-1.42317e+11,4.82083e+10,-1.4195e+11,4.83144e+10
4.59542e+07,888665,4.00962e+06,-1.42377e+11,4.80306e+10,-1.42012e+11,4.81429e+10
4.59605e+07,888847,4.01073e+06,-1.42437e+11,4.78529e+10,-1.42074e+11,4.79714e+10
4.59668e+07,889029,4.01184e+06,-1.42497e+11,4.76751e+10,-1.42135e+11,4.77997e+10
4.59731e+07,889209,4.01295e+06,-1.42556e+11,4.74972e+10,-1.42197e+11,4.7628e+10
4.59794e+07,889389,4.01406e+06,-1.42615e+11,4.73193e+10,-1.42258e+11,4.74561e+10
4.59857e+07,889568,4.01517e+06,-1.42674e+11,4.71413e+10,-1.42319e+11,4.72841e+10
4.5992e+07,889747,4.01629e+06,-1.42733e+11,4.69632e+10,-1.4238e+11,4.7112e+10
4.59984e+07,889925,4.0174e+06,-1.42791e+11,4.6785e+10,-1.42441e+11,4.69398e+10
4.60047e+07,890102,4.01851e+06,-1.4285e+11,4.66068e+10,-1.42502e+11,4.67674e+10
4.6011e+07,890279,4.01962e+06,-1.42908e+11,4.64285e+10,-1.42563e+11,4.6595e+10
4.60173e+07,890454,4.02074e+06,-1.42966e+11,4.62501e+10,-1.42623e+11,4.64224e+10
4.60236e+07,890630,4.02185e+06,-1.43023e+11,4.60716e+10,-1.42684e+11,4.62497e+10
4.60299e+07,890804,4.02296e+06,-1.43081e+11,4.58931e+10,-1.42744e+11,4.60769e+10
4.60362e+07,890978,4.02407e+06,-1.43138e+11,4.57145e+10,-1.42804e+11,4.5904e+10
4.60425e+07,891151,4.02519e+06,-1.43195e+11,4.55359e+10,-1.42864e+11,4.57309e+10
4.60488e+07,891324,4.0263e+06,-1.43251e+11,4.53571e+10,-1.42924e+11,4.55577e+10
4.60552e+07,891495,4.02742e+06,-1.43308e+11,4.51783e+10,-1.42984e+11,4.53844e+10
4.60615e+07,891667,4.02853e+06,-1.43364e+11,4.49994e+10,-1.43043e+11,4.52109e+10
4.60678e+07,891837,4.02964e+06,-1.4342e+11,4.48205e+10,-1.43103e+11,4.50373e+10
4.60741e+07,892007,4.03076e+06,-1.43476e+11,4.46415e+10,-1.43162e+11,4.48636e+10
4.60804e+07,892176,4.03187e+06,-1.43532e+11,4.44624e+10,-1.43221e+11,4.46898e+10
4.60867e+07,892344,4.03299e+06,-1.43587e+11,4.42832e+10,-1.43281e+11,4.45158e+10
4.6093e+07,892512,4.0341e+06,-1.43642e+11,4.4104e+10,-1.4334e+11,4.43417e+10
4.60993e+07,892679,4.03522e+06,-1.43697e+11,4.39247e+10,-1.43398e+11,4.41674e+10
4.61057e+07,892845,4.03634e+06,-1.43752e+11,4.37454e+10,-1.43457e+11,4.39931e+10
4.6112e+07,893011,4.03745e+06,-1.43806e+11,4.3566e+10,-1.43516e+11,4.38185e+10
4.61183e+07,893176,4.03857e+06,-1.4386e+11,4.33865e+10,-1.43574e+11,4.36439e+10
4.61246e+07,893340,4.03968e+06,-1.43914e+11,4.32069e+10,-1.43632e+11,4.34691e+10
4.61309e+07,893504,4.0408e+06,-1.43968e+11,4.30273e+10,-1.4369e+11,4.32941e+10
4.61372e+07,893667,4.04192e+06,-1.44022e+11,4.28476e+10,-1.43748e+11,4.31191e+10
4.61435e+07,893829,4.04303e+06,-1.44075e+11,4.26678e+10,-1.43806e+11,4.29438e+10
4.61498e+07,893991,4.04415e+06,-1.44128e+11,4.2488e+10,-1.43864e+11,4.27685e+10
4.61561e+07,894152,4.04527e+06,-1.44181e+11,4.23081e+10,-1.43921e+11,4.2593e+10
4.61625e+07,894312,4.04639e+06,-1.44234e+11,4.21282e+10,-1.43978e+11,4.24173e+10
4.61688e+07,894471,4.0475e+06,-1.44286e+11,4.19482e+10,-1.44036e+11,4.22415e+10
4.61751e+07,894630,4.04862e+06,-1.44338e+11,4.17681e+10,-1.44093e+11,4.20655e+10
4.61814e+07,894788,4.04974e+06,-1.4439e+11,4.15879e+10,-1.4415e+11,4.18894e+10
4.61877e+07,894946,4.05086e+06,-1.44442e+11,4.14077e+10,-1.44206e+11,4.17132e+10
4.6194e+07,895103,4.05198e+06,-1.44494e+11,4.12275e+10,-1.44263e+11,4.15368e+10
4.62003e+07,895259,4.0531e+06,-1.44545e+11,4.10471e+10,-1.44319e+11,4.13602e+10
4.62066e+07,895414,4.05421e+06,-1.44596e+11,4.08667e+10,-1.44375e+11,4.11835e+10
4.62129e+07,895569,4.05533e+06,-1.44647e+11,4.06863e+10,-1.44432e+11,4.10067e+10
4.62193e+07,895723,4.05645e+06,-1.44697e+11,4.05058e+10,-1.44487e+11,4.08297e+10
4.62256e+07,895876,4.05757e+06,-1.44748e+11,4.03252e+10,-1.44543e+11,4.06525e+10
4.62319e+07,896029,4.05869e+06,-1.44798e+11,4.01445e+10,-1.44599e+11,4.04752e+10
4.62382e+07,896181,4.05981e+06,-1.44848e+11,3.99638e+10,-1.44654e+11,4.02978e+10
4.62445e+07,896333,4.06093e+06,-1.44898e+11,3.97831e+10,-1.44709e+11,4.01201e+10
4.62508e+07,896483,4.06205e+06,-1.44947e+11,3.96022e+10,-1.44764e+11,3.99424e+10
4.62571e+07,896633,4.06317e+06,-1.44996e+11,3.94213e+10,-1.44819e+11,3.97644e+10
4.62634e+07,896782,4.06429e+06,-1.45045e+11,3.92404e+10,-1.44874e+11,3.95864e+10
4.62698e+07,896931,4.06541e+06,-1.45094e+11,3.90594e+10,-1.44928e+11,3.94081e+10
4.62761e+07,897079,4.06654e+06,-1.45143e+11,3.88783e+10,-1.44983e+11,3.92297e+10
4.62824e+07,897226,4.06766e+06,-1.45191e+11,3.86972e+10,-1.45037e+11,3.90511e+10
4.62887e+07,897373,4.06878e+06,-1.45239e+11,3.8516e+10,-1.45091e+11,3.88724e+10
4.6295e+07,897518,4.0699e+06,-1.45287e+11,3.83348e+10,-1.45145e+11,3.86935e+10
4.63013e+07,897664,4.07102e+06,-1.45335e+11,3.81534e+10,-1.45198e+11,3.85145e+10
4.63076e+07,897808,4.07214e+06,-1.45382e+11,3.79721e+10,-1.45252e+11,3.83353e+10
4.63139e+07,897952,4.07327e+06,-1.4543e+11,3.77907e+10,-1.45305e+11,3.8156e+10
4.63202e+07,898095,4.07439e+06,-1.45477e+11,3.76092e+10,-1.45358e+11,3.79764e+10
4.63266e+07,898237,4.07551e+06,-1.45523e+11,3.74277e+10,-1.45411e+11,3.77968e+10
4.63329e+07,898379,4.07663e+06,-1.4557e+11,3.72461e+10,-1.45463e+11,3.76169e+10
4.63392e+07,898520,4.07776e+06,-1.45616e+11,3.70644e+10,-1.45516e+11,3.74369e+10
4.63455e+07,898660,4.07888e+06,-1.45662e+11,3.68827e+10,-1.45568e+11,3.72568e+10
4.63518e+07,898800,4.08e+06,-1.45708e+11,3.67009e+10,-1.4562e+11,3.70764e+10
4.63581e+07,898939,4.08112e+06,-1.45754e+11,3.65191e+10,-1.45672e+11,3.6896e+10
4.63644e+07,899077,4.08225e+06,-1.45799e+11,3.63372e+10,-1.45724e+11,3.67153e+10
4.63707e+07,899215,4.08337e+06,-1.45844e+11,3.61553e+10,-1.45775e+11,3.65345e+10
4.6377e+07,899352,4.0845e+06,-1.45889e+11,3.59733e+10,-1.45826e+11,3.63535e+10
4.63834e+07,899488,4.08562e+06,-1.45934e+11,3.57913e+10,-1.45877e+11,3.61724e+10
4.63897e+07,899623,4.08674e+06,-1.45979e+11,3.56092e+10,-1.45928e+11,3.59911e+10
4.6396e+07,899758,4.08787e+06,-1.46023e+11,3.54271e+10,-1.45979e+11,3.58097e+10
4.64023e+07,899892,4.08899e+06,-1.46067e+11,3.52449e+10,-1.46029e+11,3.5628e+10
4.64086e+07,900026,4.09012e+06,-1.46111e+11,3.50626e+10,-1.46079e+11,3.54463e+10
4.64149e+07,900158,4.09124e+06,-1.46154e+11,3.48803e+10,-1.46129e+11,3.52643e+10
4.64212e+07,900290,4.09237e+06,-1.46198e+11,3.46979e+10,-1.46179e+11,3.50822e+10
4.64275e+07,900422,4.09349e+06,-1.46241e+11,3.45155e+10,-1.46228e+11,3.49e+10
4.64339e+07,900552,4.09462e+06,-1.46284e+11,3.43331e+10,-1.46278e+11,3.47175e+10
4.64402e+07,900682,4.09574e+06,-1.46326e+11,3.41505e+10,-1.46327e+11,3.45349e+10
4.64465e+07,900811,4.09687e+06,-1.46369e+11,3.3968e+10,-1.46375e+11,3.43522e+10
4.64528e+07,900940,4.09799e+06,-1.46411e+11,3.37853e+10,-1.46424e+11,3.41693e+10
4.64591e+07,901068,4.09912e+06,-1.46453e+11,3.36027e+10,-1.46472e+11,3.39862e+10
4.64654e+07,901195,4.10025e+06,-1.46495e+11,3.34199e+10,-1.46521e+11,3.3803e+10
4.64717e+07,901322,4.10137e+06,-1.46536e+11,3.32372e+10,-1.46568e+11,3.36196e+10
4.6478e+07,901447,4.1025e+06,-1.46578e+11,3.30543e+10,-1.46616e+11,3.34361e+10
4.64843e+07,901572,4.10363e+06,-1.46619e+11,3.28715e+10,-1.46663e+11,3.32523e+10
4.64907e+07,901697,4.10475e+06,-1.4666e+11,3.26885e+10,-1.46711e+11,3.30685e+10
4.6497e+07,901821,4.10588e+06,-1.467e+11,3.25056e+10,-1.46758e+11,3.28845e+10
4.65033e+07,901944,4.10701e+06,-1.46741e+11,3.23225e+10,-1.46804e+11,3.27003e+10
4.65096e+07,902066,4.10813e+06,-1.46781e+11,3.21395e+10,-1.46851e+11,3.25159e+10
4.65159e+07,902188,4.10926e+06,-1.46821e+11,3.19564e+10,-1.46897e+11,3.23314e+10
4.65222e+07,902309,4.11039e+06,-1.46861e+11,3.17732e+10,-1.46943e+11,3.21468e+10
4.65285e+07,902429,4.11152e+06,-1.469e+11,3.159e+10,-1.46988e+11,3.1962e+10
4.65348e+07,902548,4.11264e+06,-1.46939e+11,3.14067e+10,-1.47034e+11,3.1777e+10
4.65411e+07,902667,4.11377e+06,-1.46978e+11,3.12234e+10,-1.47079e+11,3.15919e+10
4.65475e+07,902785,4.1149e+06,-1.47017e+11,3.104e+10,-1.47124e+11,3.14066e+10
4.65538e+07,902903,4.11603e+06,-1.47056e+11,3.08566e+10,-1.47169e+11,3.12212e+10
4.65601e+07,903019,4.11716e+06,-1.47094e+11,3.06732e+10,-1.47213e+11,3.10356e+10
4.65664e+07,903136,4.11829e+06,-1.47132e+11,3.04897e+10,-1.47257e+11,3.08499e+10
4.65727e+07,903251,4.11942e+06,-1.4717e+11,3.03061e+10,-1.47301e+11,3.0664e+10
4.6579e+07,903366,4.12054e+06,-1.47208e+11,3.01225e+10,-1.47345e+11,3.0478e+10
4.65853e+07,903480,4.12167e+06,-1.47245e+11,2.99389e+10,-1.47388e+11,3.02918e+10
4.65916e+07,903593,4.1228e+06,-1.47282e+11,2.97552e+10,-1.47431e+11,3.01054e+10
4.6598e+07,903705,4.12393e+06,-1.47319e+11,2.95715e+10,-1.47474e+11,2.9919e+10
4.66043e+07,903817,4.12506e+06,-1.47356e+11,2.93877e+10,-1.47516e+11,2.97323e+10
4.66106e+07,903928,4.12619e+06,-1.47392e+11,2.92039e+10,-1.47559e+11,2.95456e+10
4.66169e+07,904039,4.12732e+06,-1.47429e+11,2.902e+10,-1.47601e+11,2.93587e+10
4.66232e+07,904149,4.12845e+06,-1.47465e+11,2.88361e+10,-1.47642e+11,2.91716e+10
4.66295e+07,904258,4.12958e+06,-1.47501e+11,2.86521e+10,-1.47684e+11,2.89844e+10
4.66358e+07,904366,4.13071e+06,-1.47536e+11,2.84681e+10,-1.47725e+11,2.87971e+10
4.66421e+07,904474,4.13184e+06,-1.47572e+11,2.82841e+10,-1.47766e+11,2.86096e+10
4.66484e+07,904581,4.13297e+06,-1.47607e+11,2.81e+10,-1.47806e+11,2.8422e+10
4.66548e+07,904687,4.1341e+06,-1.47642e+11,2.79159e+10,-1.47847e+11,2.82342e+10
4.66611e+07,904793,4.13523e+06,-1.47676e+11,2.77317e+10,-1.47887e+11,2.80463e+10
4.66674e+07,904898,4.13636e+06,-1.47711e+11,2.75475e+10,-1.47926e+11,2.78583e+10
4.66737e+07,905002,4.13749e+06,-1.47745e+11,2.73633e+10,-1.47966e+11,2.76701e+10
4.668e+07,905105,4.13862e+06,-1.47779e+11,2.7179e+10,-1.48005e+11,2.74818e+10
4.66863e+07,905208,4.13976e+06,-1.47813e+11,2.69947e+10,-1.48044e+11,2.72934e+10
4.66926e+07,905310,4.14089e+06,-1.47846e+11,2.68103e+10,-1.48082e+11,2.71048e+10
4.66989e+07,905412,4.14202e+06,-1.4788e+11,2.66259e+10,-1.4812e+11,2.69161e+10
4.67052e+07,905512,4.14315e+06,-1.47913e+11,2.64414e+10,-1.48158e+11,2.67273e+10
4.67116e+07,905612,4.14428e+06,-1.47945e+11,2.62569e+10,-1.48196e+11,2.65384e+10
4.67179e+07,905712,4.14541e+06,-1.47978e+11,2.60724e+10,-1.48233e+11,2.63493e+10
4.67242e+07,905810,4.14655e+06,-1.4801e+11,2.58878e+10,-1.4827e+11,2.61601e+10
4.67305e+07,905908,4.14768e+06,-1.48043e+11,2.57032e+10,-1.48307e+11,2.59708e+10
4.67368e+07,906005,4.14881e+06,-1.48075e+11,2.55185e+10,-1.48343e+11,2.57814e+10
4.67431e+07,906102,4.14994e+06,-1.48106e+11,2.53338e+10,-1.48379e+11,2.55918e+10
4.67494e+07,906198,4.15107e+06,-1.48138e+11,2.51491e+10,-1.48415e+11,2.54021e+10
4.67557e+07,906293,4.15221e+06,-1.48169e+11,2.49643e+10,-1.48451e+11,2.52124e+10
4.67621e+07,906387,4.15334e+06,-1.482e+11,2.47795e+10,-1.48486e+11,2.50225e+10
4.67684e+07,906481,4.15447e+06,-1.48231e+11,2.45947e+10,-1.48521e+11,2.48325e+10
4.67747e+07,906574,4.15561e+06,-1.48261e+11,2.44098e+10,-1.48555e+11,2.46423e+10
4.6781e+07,906666,4.15674e+06,-1.48292e+11,2.42249e+10,-1.48589e+11,2.44521e+10
4.67873e+07,906758,4.15787e+06,-1.48322e+11,2.40399e+10,-1.48623e+11,2.42618e+10
4.67936e+07,906848,4.159e+06,-1.48351e+11,2.3855e+10,-1.48657e+11,2.40713e+10
4.67999e+07,906939,4.16014e+06,-1.48381e+11,2.36699e+10,-1.4869e+11,2.38808e+10
4.68062e+07,907028,4.16127e+06,-1.48411e+11,2.34849e+10,-1.48723e+11,2.36902e+10
4.68125e+07,907117,4.1624e+06,-1.4844e+11,2.32998e+10,-1.48756e+11,2.34994e+10
4.68189e+07,907205,4.16354e+06,-1.48469e+11,2.31146e+10,-1.48788e+11,2.33086e+10
4.68252e+07,907292,4.16467e+06,-1.48497e+11,2.29295e+10,-1.4882e+11,2.31177e+10
4.68315e+07,907379,4.16581e+06,-1.48526e+11,2.27442e+10,-1.48851e+11,2.29266e+10
4.68378e+07,907465,4.16694e+06,-1.48554e+11,2.2559e+10,-1.48883e+11,2.27355e+10
4.68441e+07,907550,4.16807e+06,-1.48582e+11,2.23737e+10,-1.48913e+11,2.25443e+10
4.68504e+07,907635,4.16921e+06,-1.4861e+11,2.21884e+10,-1.48944e+11,2.2353e+10
4.68567e+07,907719,4.17034e+06,-1.48637e+11,2.20031e+10,-1.48974e+11,2.21616e+10
4.6863e+07,907802,4.17148e+06,-1.48665e+11,2.18177e+10,-1.49004e+11,2.19702e+10
4.68693e+07,907884,4.17261e+06,-1.48692e+11,2.16323e+10,-1.49034e+11,2.17786e+10
4.68757e+07,907966,4.17375e+06,-1.48719e+11,2.14468e+10,-1.49063e+11,2.1587e+10
4.6882e+07,908047,4.17488e+06,-1.48745e+11,2.12614e+10,-1.49092e+11,2.13953e+10
4.68883e+07,908127,4.17602e+06,-1.48772e+11,2.10759e+10,-1.49121e+11,2.12035e+10
4.68946e+07,908207,4.17715e+06,-1.48798e+11,2.08903e+10,-1.49149e+11,2.10117e+10
4.69009e+07,908286,4.17829e+06,-1.48824e+11,2.07047e+10,-1.49177e+11,2.08198e+10
4.69072e+07,908364,4.17942e+06,-1.4885e+11,2.05191e+10,-1.49204e+11,2.06278e+10
4.69135e+07,908442,4.18056e+06,-1.48875e+11,2.03335e+10,-1.49232e+11,2.04358e+10
4.69198e+07,908518,4.18169e+06,-1.489e+11,2.01478e+10,-1.49259e+11,2.02437e+10
4.69262e+07,908594,4.18283e+06,-1.48925e+11,1.99621e+10,-1.49285e+11,2.00515e+10
4.69325e+07,908670,4.18396e+06,-1.4895e+11,1.97764e+10,-1.49311e+11,1.98593e+10
4.69388e+07,908744,4.1851e+06,-1.48975e+11,1.95906e+10,-1.49337e+11,1.9667e+10
4.69451e+07,908818,4.18623e+06,-1.48999e+11,1.94049e+10,-1.49363e+11,1.94746e+10
4.69514e+07,908892,4.18737e+06,-1.49023e+11,1.9219e+10,-1.49388e+11,1.92822e+10
4.69577e+07,908964,4.18851e+06,-1.49047e+11,1.90332e+10,-1.49413e+11,1.90898e+10
4.6964e+07,909036,4.18964e+06,-1.49071e+11,1.88473e+10,-1.49437e+11,1.88973e+10
4.69703e+07,909107,4.19078e+06,-1.49094e+11,1.86614e+10,-1.49461e+11,1.87048e+10
4.69766e+07,909178,4.19191e+06,-1.49117e+11,1.84755e+10,-1.49485e+11,1.85122e+10
4.6983e+07,909248,4.19305e+06,-1.4914e+11,1.82895e+10,-1.49509e+11,1.83196e+10
4.69893e+07,909317,4.19419e+06,-1.49163e+11,1.81035e+10,-1.49532e+11,1.81269e+10
4.69956e+07,909385,4.19532e+06,-1.49185e+11,1.79175e+10,-1.49554e+11,1.79342e+10
4.70019e+07,909453,4.19646e+06,-1.49207e+11,1.77314e+10,-1.49577e+11,1.77415e+10
4.70082e+07,909519,4.1976e+06,-1.4923e+11,1.75453e+10,-1.49599e+11,1.75487e+10
4.70145e+07,909586,4.19873e+06,-1.49251e+11,1.73592e+10,-1.49621e+11,1.7356e+10
4.70208e+07,909651,4.19987e+06,-1.49273e+11,1.71731e+10,-1.49642e+11,1.71632e+10
4.70271e+07,909716,4.20101e+06,-1.49294e+11,1.69869e+10,-1.49663e+11,1.69703e+10
4.70334e+07,909780,4.20214e+06,-1.49315e+11,1.68008e+10,-1.49684e+11,1.67775e+10
4.70398e+07,909843,4.20328e+06,-1.49336e+11,1.66145e+10,-1.49704e+11,1.65846e+10
4.70461e+07,909906,4.20442e+06,-1.49357e+11,1.64283e+10,-1.49724e+11,1.63917e+10
4.70524e+07,909968,4.20555e+06,-1.49377e+11,1.6242e+10,-1.49744e+11,1.61988e+10
4.70587e+07,910029,4.20669e+06,-1.49397e+11,1.60558e+10,-1.49763e+11,1.60059e+10
4.7065e+07,910090,4.20783e+06,-1.49417e+11,1.58694e+10,-1.49782e+11,1.5813e+10
4.70713e+07,910150,4.20897e+06,-1.49437e+11,1.56831e+10,-1.498e+11,1.56201e+10
4.70776e+07,910209,4.2101e+06,-1.49456e+11,1.54967e+10,-1.49819e+11,1.54271e+10
4.70839e+07,910267,4.21124e+06,-1.49476e+11,1.53104e+10,-1.49837e+11,1.52342e+10
4.70903e+07,910325,4.21238e+06,-1.49495e+11,1.51239e+10,-1.49854e+11,1.50413e+10
4.70966e+07,910382,4.21352e+06,-1.49513e+11,1.49375e+10,-1.49871e+11,1.48483e+10
4.71029e+07,910438,4.21465e+06,-1.49532e+11,1.4751e+10,-1.49888e+11,1.46554e+10
4.71092e+07,910494,4.21579e+06,-1.4955e+11,1.45646e+10,-1.49905e+11,1.44625e+10
4.71155e+07,910549,4.21693e+06,-1.49568e+11,1.43781e+10,-1.49921e+11,1.42696e+10
4.71218e+07,910603,4.21807e+06,-1.49586e+11,1.41915e+10,-1.49937e+11,1.40767e+10
4.71281e+07,910657,4.2192e+06,-1.49604e+11,1.4005e+10,-1.49952e+11,1.38838e+10
4.71344e+07,910709,4.22034e+06,-1.49621e+11,1.38184e+10,-1.49967e+11,1.36909e+10
4.71407e+07,910762,4.22148e+06,-1.49638e+11,1.36318e+10,-1.49982e+11,1.34981e+10
4.71471e+07,910813,4.22262e+06,-1.49655e+11,1.34452e+10,-1.49996e+11,1.33053e+10
4.71534e+07,910864,4.22376e+06,-1.49672e+11,1.32585e+10,-1.50011e+11,1.31125e+10
4.71597e+07,910913,4.2249e+06,-1.49689e+11,1.30719e+10,-1.50024e+11,1.29197e+10
4.7166e+07,910963,4.22603e+06,-1.49705e+11,1.28852e+10,-1.50038e+11,1.27269e+10
4.71723e+07,911011,4.22717e+06,-1.49721e+11,1.26985e+10,-1.50051e+11,1.25342e+10
4.71786e+07,911059,4.22831e+06,-1.49737e+11,1.25118e+10,-1.50064e+11,1.23415e+10
4.71849e+07,911106,4.22945e+06,-1.49752e+11,1.2325e+10,-1.50076e+11,1.21489e+10
4.71912e+07,911153,4.23059e+06,-1.49767e+11,1.21383e+10,-1.50088e+11,1.19563e+10
4.71975e+07,911198,4.23173e+06,-1.49782e+11,1.19515e+10,-1.501e+11,1.17637e+10
4.72039e+07,911243,4.23287e+06,-1.49797e+11,1.17647e+10,-1.50111e+11,1.15712e+10
4.72102e+07,911287,4.234e+06,-1.49812e+11,1.15779e+10,-1.50122e+11,1.13787e+10
4.72165e+07,911331,4.23514e+06,-1.49826e+11,1.1391e+10,-1.50133e+11,1.11863e+10
4.72228e+07,911374,4.23628e+06,-1.4984e+11,1.12042e+10,-1.50144e+11,1.09939e+10
4.72291e+07,911416,4.23742e+06,-1.49854e+11,1.10173e+10,-1.50154e+11,1.08015e+10
4.72354e+07,911457,4.23856e+06,-1.49868e+11,1.08304e+10,-1.50164e+11,1.06092e+10
4.72417e+07,911498,4.2397e+06,-1.49881e+11,1.06435e+10,-1.50173e+11,1.0417e+10
4.7248e+07,911538,4.24084e+06,-1.49895e+11,1.04566e+10,-1.50182e+11,1.02248e+10
4.72544e+07,911577,4.24198e+06,-1.49908e+11,1.02696e+10,-1.50191e+11,1.00327e+10
4.72607e+07,911616,4.24312e+06,-1.4992e+11,1.00826e+10,-1.50199e+11,9.8406e+09
4.7267e+07,911654,4.24426e+06,-1.49933e+11,9.89566e+09,-1.50208e+11,9.64859e+09
4.72733e+07,911691,4.2454e+06,-1.49945e+11,9.70866e+09,-1.50215e+11,9.45665e+09
4.72796e+07,911728,4.24653e+06,-1.49957e+11,9.52165e+09,-1.50223e+11,9.26477e+09
4.72859e+07,911763,4.24767e+06,-1.49969e+11,9.33462e+09,-1.5023e+11,9.07295e+09
4.72922e+07,911798,4.24881e+06,-1.49981e+11,9.14758e+09,-1.50237e+11,8.88121e+09
4.72985e+07,911833,4.24995e+06,-1.49992e+11,8.96052e+09,-1.50244e+11,8.68953e+09
4.73048e+07,911866,4.25109e+06,-1.50003e+11,8.77344e+09,-1.5025e+11,8.49793e+09
4.73112e+07,911899,4.25223e+06,-1.50014e+11,8.58636e+09,-1.50256e+11,8.3064e+09
4.73175e+07,911931,4.25337e+06,-1.50025e+11,8.39925e+09,-1.50261e+11,8.11494e+09
4.73238e+07,911963,4.25451e+06,-1.50035e+11,8.21213e+09,-1.50267e+11,7.92356e+09
4.73301e+07,911994,4.25565e+06,-1.50045e+11,8.025e+09,-1.50272e+11,7.73226e+09
4.73364e+07,912024,4.25679e+06,-1.50055e+11,7.83786e+09,-1.50277e+11,7.54104e+09
4.73427e+07,912053,4.25793e+06,-1.50065e+11,7.6507e+09,-1.50281e+11,7.34989e+09
4.7349e+07,912082,4.25907e+06,-1.50074e+11,7.46353e+09,-1.50285e+11,7.15884e+09
4.73553e+07,912110,4.26021e+06,-1.50084e+11,7.27634e+09,-1.50289e+11,6.96786e+09
4.73616e+07,912137,4.26135e+06,-1.50093e+11,7.08915e+09,-1.50292e+11,6.77697e+09
4.7368e+07,912163,4.26249e+06,-1.50102e+11,6.90194e+09,-1.50296e+11,6.58617e+09
4.73743e+07,912189,4.26363e+06,-1.5011e+11,6.71471e+09,-1.50299e+11,6.39546e+09
4.73806e+07,912214,4.26477e+06,-1.50118e+11,6.52748e+09,-1.50301e+11,6.20483e+09
4.73869e+07,912239,4.26591e+06,-1.50127e+11,6.34024e+09,-1.50304e+11,6.0143e+09
4.73932e+07,912262,4.26705e+06,-1.50134e+11,6.15298e+09,-1.50306e+11,5.82386e+09
4.73995e+07,912285,4.26819e+06,-1.50142e+11,5.96572e+09,-1.50308e+11,5.63351e+09
4.74058e+07,912308,4.26933e+06,-1.50149e+11,5.77844e+09,-1.50309e+11,5.44325e+09
4.74121e+07,912329,4.27047e+06,-1.50157e+11,5.59115e+09,-1.5031e+11,5.25309e+09
4.74184e+07,912350,4.27161e+06,-1.50163e+11,5.40385e+09,-1.50311e+11,5.06303e+09
4.74248e+07,912370,4.27275e+06,-1.5017e+11,5.21655e+09,-1.50312e+11,4.87307e+09
4.74311e+07,912390,4.27389e+06,-1.50177e+11,5.02923e+09,-1.50312e+11,4.6832e+09
4.74374e+07,912408,4.27503e+06,-1.50183e+11,4.84191e+09,-1.50312e+11,4.49344e+09
4.74437e+07,912426,4.27617e+06,-1.50189e+11,4.65457e+09,-1.50312e+11,4.30377e+09
4.745e+07,912444,4.27731e+06,-1.50195e+11,4.46723e+09,-1.50312e+11,4.11421e+09
4.74563e+07,912460,4.27845e+06,-1.502e+11,4.27988e+09,-1.50311e+11,3.92474e+09
4.74626e+07,912476,4.27959e+06,-1.50205e+11,4.09252e+09,-1.5031e+11,3.73539e+09
4.74689e+07,912491,4.28073e+06,-1.5021e+11,3.90515e+09,-1.50309e+11,3.54613e+09
4.74753e+07,912506,4.28187e+06,-1.50215e+11,3.71778e+09,-1.50307e+11,3.35698e+09
4.74816e+07,912519,4.28301e+06,-1.5022e+11,3.5304e+09,-1.50305e+11,3.16794e+09
4.74879e+07,912532,4.28415e+06,-1.50224e+11,3.34301e+09,-1.50303e+11,2.979e+09
4.74942e+07,912545,4.28529e+06,-1.50228e+11,3.15561e+09,-1.50301e+11,2.79017e+09
4.75005e+07,912556,4.28643e+06,-1.50232e+11,2.96821e+09,-1.50299e+11,2.60145e+09
4.75068e+07,912567,4.28757e+06,-1.50236e+11,2.78081e+09,-1.50296e+11,2.41284e+09
4.75131e+07,912577,4.28871e+06,-1.50239e+11,2.59339e+09,-1.50293e+11,2.22433e+09
4.75194e+07,912587,4.28985e+06,-1.50243e+11,2.40598e+09,-1.50289e+11,2.03594e+09
4.75257e+07,912595,4.291e+06,-1.50245e+11,2.21855e+09,-1.50286e+11,1.84765e+09
4.75321e+07,912603,4.29214e+06,-1.50248e+11,2.03112e+09,-1.50282e+11,1.65948e+09
4.75384e+07,912611,4.29328e+06,-1.50251e+11,1.84369e+09,-1.50278e+11,1.47141e+09
4.75447e+07,912617,4.29442e+06,-1.50253e+11,1.65625e+09,-1.50274e+11,1.28346e+09
4.7551e+07,912623,4.29556e+06,-1.50255e+11,1.46881e+09,-1.50269e+11,1.09562e+09
4.75573e+07,912628,4.2967e+06,-1.50257e+11,1.28137e+09,-1.50265e+11,9.07889e+08
4.75636e+07,912633,4.29784e+06,-1.50258e+11,1.09392e+09,-1.5026e+11,7.20272e+08
4.75699e+07,912637,4.29898e+06,-1.5026e+11,9.06469e+08,-1.50254e+11,5.32768e+08
4.75762e+07,912640,4.30012e+06,-1.50261e+11,7.19015e+08,-1.50249e+11,3.45376e+08
4.75825e+07,912642,4.30126e+06,-1.50262e+11,5.31559e+08,-1.50243e+11,1.58097e+08
4.75889e+07,912644,4.3024e+06,-1.50262e+11,3.441e+08,-1.50237e+11,-2.90682e+07
4.75952e+07,912645,4.30354e+06,-1.50263e+11,1.56639e+08,-1.50231e+11,-2.1612e+08
4.76015e+07,912645,4.30468e+06,-1.50263e+11,-3.08228e+07,-1.50225e+11,-4.03059e+08
4.76078e+07,912644,4.30582e+06,-1.50263e+11,-2.18286e+08,-1.50218e+11,-5.89885e+08
4.76141e+07,912643,4.30696e+06,-1.50262e+11,-4.05751e+08,-1.50211e+11,-7.76597e+08
4.76204e+07,912641,4.3081e+06,-1.50262e+11,-5.93216e+08,-1.50204e+11,-9.63196e+08
4.76267e+07,912638,4.30924e+06,-1.50261e+11,-7.80682e+08,-1.50197e+11,-1.14968e+09
4.7633e+07,912635,4.31038e+06,-1.5026e+11,-9.68148e+08,-1.5019e+11,-1.33605e+09
4.76394e+07,912631,4.31152e+06,-1.50259e+11,-1.15561e+09,-1.50182e+11,-1.52231e+09
4.76457e+07,912626,4.31266e+06,-1.50257e+11,-1.34308e+09,-1.50174e+11,-1.70846e+09
4.7652e+07,912621,4.31381e+06,-1.50255e+11,-1.53054e+09,-1.50166e+11,-1.89449e+09
4.76583e+07,912615,4.31495e+06,-1.50253e+11,-1.71801e+09,-1.50158e+11,-2.08041e+09
4.76646e+07,912608,4.31609e+06,-1.50251e+11,-1.90547e+09,-1.50149e+11,-2.26622e+09
4.76709e+07,912600,4.31723e+06,-1.50249e+11,-2.09293e+09,-1.5014e+11,-2.45192e+09
4.76772e+07,912592,4.31837e+06,-1.50246e+11,-2.28039e+09,-1.50131e+11,-2.6375e+09
4.76835e+07,912583,4.31951e+06,-1.50243e+11,-2.46784e+09,-1.50122e+11,-2.82297e+09
4.76898e+07,912573,4.32065e+06,-1.5024e+11,-2.6553e+09,-1.50113e+11,-3.00833e+09
4.76962e+07,912562,4.32179e+06,-1.50237e+11,-2.84275e+09,-1.50103e+11,-3.19358e+09
4.77025e+07,912551,4.32293e+06,-1.50233e+11,-3.0302e+09,-1.50094e+11,-3.37873e+09
4.77088e+07,912539,4.32407e+06,-1.50229e+11,-3.21764e+09,-1.50084e+11,-3.56376e+09
4.77151e+07,912527,4.32521e+06,-1.50225e+11,-3.40508e+09,-1.50074e+11,-3.74868e+09
4.77214e+07,912514,4.32635e+06,-1.50221e+11,-3.59252e+09,-1.50063e+11,-3.93349e+09
4.77277e+07,912499,4.32749e+06,-1.50216e+11,-3.77995e+09,-1.50053e+11,-4.11819e+09
4.7734e+07,912485,4.32863e+06,-1.50212e+11,-3.96738e+09,-1.50042e+11,-4.30279e+09
4.77403e+07,912469,4.32977e+06,-1.50207e+11,-4.1548e+09,-1.50031e+11,-4.48728e+09
4.77466e+07,912453,4.33091e+06,-1.50201e+11,-4.34222e+09,-1.5002e+11,-4.67166e+09
4.7753e+07,912436,4.33205e+06,-1.50196e+11,-4.52963e+09,-1.50009e+11,-4.85594e+09
4.77593e+07,912419,4.33319e+06,-1.5019e+11,-4.71704e+09,-1.49998e+11,-5.04011e+09
4.77656e+07,912400,4.33433e+06,-1.50184e+11,-4.90444e+09,-1.49986e+11,-5.22418e+09
4.77719e+07,912381,4.33547e+06,-1.50178e+11,-5.09183e+09,-1.49975e+11,-5.40815e+09
4.77782e+07,912362,4.33661e+06,-1.50172e+11,-5.27922e+09,-1.49963e+11,-5.59201e+09
4.77845e+07,912341,4.33775e+06,-1.50165e+11,-5.4666e+09,-1.49951e+11,-5.77577e+09
4.77908e+07,912320,4.33889e+06,-1.50158e+11,-5.65397e+09,-1.49938e+11,-5.95943e+09
4.77971e+07,912298,4.34003e+06,-1.50151e+11,-5.84133e+09,-1.49926e+11,-6.14298e+09
4.78035e+07,912276,4.34117e+06,-1.50144e+11,-6.02869e+09,-1.49913e+11,-6.32644e+09
4.78098e+07,912252,4.34231e+06,-1.50136e+11,-6.21604e+09,-1.49901e+11,-6.5098e+09
4.78161e+07,912229,4.34345e+06,-1.50128e+11,-6.40338e+09,-1.49888e+11,-6.69307e+09
4.78224e+07,912204,4.34459e+06,-1.5012e+11,-6.59071e+09,-1.49875e+11,-6.87623e+09
4.78287e+07,912178,4.34573e+06,-1.50112e+11,-6.77803e+09,-1.49861e+11,-7.0593e+09
4.7835e+07,912152,4.34687e+06,-1.50103e+11,-6.96534e+09,-1.49848e+11,-7.24228e+09
4.78413e+07,912126,4.34801e+06,-1.50095e+11,-7.15264e+09,-1.49834e+11,-7.42516e+09
4.78476e+07,912098,4.34915e+06,-1.50086e+11,-7.33993e+09,-1.49821e+11,-7.60795e+09
4.78539e+07,912070,4.35029e+06,-1.50076e+11,-7.52722e+09,-1.49807e+11,-7.79065e+09
4.78603e+07,912041,4.35143e+06,-1.50067e+11,-7.71449e+09,-1.49793e+11,-7.97326e+09
4.78666e+07,912011,4.35257e+06,-1.50057e+11,-7.90175e+09,-1.49779e+11,-8.15578e+09
4.78729e+07,911981,4.35371e+06,-1.50047e+11,-8.08899e+09,-1.49764e+11,-8.33821e+09
4.78792e+07,911950,4.35485e+06,-1.50037e+11,-8.27623e+09,-1.4975e+11,-8.52055e+09
4.78855e+07,911918,4.35599e+06,-1.50027e+11,-8.46346e+09,-1.49735e+11,-8.70281e+09
4.78918e+07,911885,4.35713e+06,-1.50016e+11,-8.65067e+09,-1.4972e+11,-8.88498e+09
4.78981e+07,911852,4.35827e+06,-1.50005e+11,-8.83787e+09,-1.49705e+11,-9.06708e+09
4.79044e+07,911818,4.35941e+06,-1.49994e+11,-9.02505e+09,-1.4969e+11,-9.24908e+09
4.79107e+07,911784,4.36055e+06,-1.49983e+11,-9.21223e+09,-1.49675e+11,-9.43101e+09
4.79171e+07,911748,4.36169e+06,-1.49971e+11,-9.39939e+09,-1.4966e+11,-9.61286e+09
4.79234e+07,911712,4.36283e+06,-1.49959e+11,-9.58653e+09,-1.49644e+11,-9.79463e+09
4.79297e+07,911675,4.36397e+06,-1.49947e+11,-9.77366e+09,-1.49629e+11,-9.97633e+09
4.7936e+07,911638,4.36511e+06,-1.49935e+11,-9.96078e+09,-1.49613e+11,-1.01579e+10
4.79423e+07,911600,4.36625e+06,-1.49922e+11,-1.01479e+10,-1.49597e+11,-1.03395e+10
4.79486e+07,911561,4.36738e+06,-1.4991e+11,-1.0335e+10,-1.49581e+11,-1.0521e+10
4.79549e+07,911521,4.36852e+06,-1.49897e+11,-1.0522e+10,-1.49565e+11,-1.07024e+10
4.79612e+07,911481,4.36966e+06,-1.49883e+11,-1.07091e+10,-1.49548e+11,-1.08837e+10
4.79676e+07,911440,4.3708e+06,-1.4987e+11,-1.08961e+10,-1.49532e+11,-1.1065e+10
4.79739e+07,911398,4.37194e+06,-1.49856e+11,-1.10832e+10,-1.49515e+11,-1.12462e+10
4.79802e+07,911356,4.37308e+06,-1.49842e+11,-1.12702e+10,-1.49499e+11,-1.14273e+10
4.79865e+07,911313,4.37422e+06,-1.49828e+11,-1.14572e+10,-1.49482e+11,-1.16083e+10
4.79928e+07,911269,4.37536e+06,-1.49814e+11,-1.16441e+10,-1.49465e+11,-1.17894e+10
4.79991e+07,911224,4.3765e+06,-1.49799e+11,-1.18311e+10,-1.49447e+11,-1.19703e+10
4.80054e+07,911179,4.37763e+06,-1.49784e+11,-1.2018e+10,-1.4943e+11,-1.21512e+10
4.80117e+07,911133,4.37877e+06,-1.49769e+11,-1.22049e+10,-1.49413e+11,-1.2332e+10
4.8018e+07,911086,4.37991e+06,-1.49754e+11,-1.23918e+10,-1.49395e+11,-1.25128e+10
4.80244e+07,911039,4.38105e+06,-1.49738e+11,-1.25787e+10,-1.49378e+11,-1.26935e+10
4.80307e+07,910991,4.38219e+06,-1.49722e+11,-1.27656e+10,-1.4936e+11,-1.28741e+10
4.8037e+07,910942,4.38333e+06,-1.49706e+11,-1.29524e+10,-1.49342e+11,-1.30547e+10
4.80433e+07,910892,4.38447e+06,-1.4969e+11,-1.31393e+10,-1.49324e+11,-1.32353e+10
4.80496e+07,910842,4.3856e+06,-1.49674e+11,-1.33261e+10,-1.49306e+11,-1.34158e+10
4.80559e+07,910791,4.38674e+06,-1.49657e+11,-1.35128e+10,-1.49287e+11,-1.35963e+10
4.80622e+07,910740,4.38788e+06,-1.4964e+11,-1.36996e+10,-1.49269e+11,-1.37767e+10
4.80685e+07,910687,4.38902e+06,-1.49623e+11,-1.38863e+10,-1.4925e+11,-1.39571e+10
4.80748e+07,910634,4.39016e+06,-1.49605e+11,-1.40731e+10,-1.49232e+11,-1.41374e+10
4.80812e+07,910580,4.39129e+06,-1.49588e+11,-1.42598e+10,-1.49213e+11,-1.43177e+10
4.80875e+07,910526,4.39243e+06,-1.4957e+11,-1.44464e+10,-1.49194e+11,-1.44979e+10
4.80938e+07,910471,4.39357e+06,-1.49552e+11,-1.46331e+10,-1.49175e+11,-1.46781e+10
4.81001e+07,910415,4.39471e+06,-1.49533e+11,-1.48197e+10,-1.49156e+11,-1.48583e+10
4.81064e+07,910358,4.39585e+06,-1.49515e+11,-1.50063e+10,-1.49136e+11,-1.50384e+10
4.81127e+07,910301,4.39698e+06,-1.49496e+11,-1.51929e+10,-1.49117e+11,-1.52186e+10
4.8119e+07,910243,4.39812e+06,-1.49477e+11,-1.53795e+10,-1.49097e+11,-1.53986e+10
4.81253e+07,910184,4.39926e+06,-1.49457e+11,-1.5566e+10,-1.49078e+11,-1.55787e+10
4.81317e+07,910125,4.4004e+06,-1.49438e+11,-1.57525e+10,-1.49058e+11,-1.57587e+10
4.8138e+07,910064,4.40153e+06,-1.49418e+11,-1.5939e+10,-1.49038e+11,-1.59387e+10
4.81443e+07,910004,4.40267e+06,-1.49398e+11,-1.61255e+10,-1.49018e+11,-1.61187e+10
4.81506e+07,909942,4.40381e+06,-1.49378e+11,-1.63119e+10,-1.48998e+11,-1.62986e+10
4.81569e+07,909880,4.40494e+06,-1.49357e+11,-1.64983e+10,-1.48978e+11,-1.64785e+10
4.81632e+07,909817,4.40608e+06,-1.49336e+11,-1.66847e+10,-1.48957e+11,-1.66584e+10
4.81695e+07,909753,4.40722e+06,-1.49315e+11,-1.68711e+10,-1.48937e+11,-1.68383e+10
4.81758e+07,909689,4.40836e+06,-1.49294e+11,-1.70574e+10,-1.48916e+11,-1.70182e+10
4.81821e+07,909624,4.40949e+06,-1.49273e+11,-1.72437e+10,-1.48895e+11,-1.7198e+10
4.81885e+07,909558,4.41063e+06,-1.49251e+11,-1.743e+10,-1.48874e+11,-1.73779e+10
4.81948e+07,909491,4.41177e+06,-1.49229e+11,-1.76162e+10,-1.48853e+11,-1.75577e+10
4.82011e+07,909424,4.4129e+06,-1.49207e+11,-1.78025e+10,-1.48832e+11,-1.77375e+10
4.82074e+07,909356,4.41404e+06,-1.49185e+11,-1.79887e+10,-1.48811e+11,-1.79173e+10
4.82137e+07,909287,4.41517e+06,-1.49162e+11,-1.81748e+10,-1.48789e+11,-1.80971e+10
4.822e+07,909218,4.41631e+06,-1.49139e+11,-1.8361e+10,-1.48768e+11,-1.82769e+10
4.82263e+07,909148,4.41745e+06,-1.49116e+11,-1.85471e+10,-1.48746e+11,-1.84567e+10
4.82326e+07,909077,4.41858e+06,-1.49093e+11,-1.87332e+10,-1.48724e+11,-1.86364e+10
4.82389e+07,909006,4.41972e+06,-1.49069e+11,-1.89192e+10,-1.48702e+11,-1.88162e+10
4.82453e+07,908934,4.42086e+06,-1.49046e+11,-1.91052e+10,-1.4868e+11,-1.8996e+10
4.82516e+07,908861,4.42199e+06,-1.49022e+11,-1.92912e+10,-1.48658e+11,-1.91758e+10
4.82579e+07,908787,4.42313e+06,-1.48997e+11,-1.94772e+10,-1.48636e+11,-1.93556e+10
4.82642e+07,908713,4.42426e+06,-1.48973e+11,-1.96631e+10,-1.48613e+11,-1.95354e+10
4.82705e+07,908638,4.4254e+06,-1.48948e+11,-1.9849e+10,-1.48591e+11,-1.97152e+10
4.82768e+07,908562,4.42653e+06,-1.48923e+11,-2.00349e+10,-1.48568e+11,-1.9895e+10
4.82831e+07,908486,4.42767e+06,-1.48898e+11,-2.02207e+10,-1.48545e+11,-2.00748e+10
4.82894e+07,908409,4.4288e+06,-1.48873e+11,-2.04066e+10,-1.48522e+11,-2.02546e+10
4.82958e+07,908331,4.42994e+06,-1.48847e+11,-2.05923e+10,-1.48499e+11,-2.04344e+10
4.83021e+07,908252,4.43107e+06,-1.48821e+11,-2.07781e+10,-1.48476e+11,-2.06143e+10
4.83084e+07,908173,4.43221e+06,-1.48795e+11,-2.09638e+10,-1.48452e+11,-2.07941e+10
4.83147e+07,908093,4.43334e+06,-1.48769e+11,-2.11494e+10,-1.48429e+11,-2.0974e+10
4.8321e+07,908013,4.43448e+06,-1.48742e+11,-2.13351e+10,-1.48405e+11,-2.11539e+10
4.83273e+07,907931,4.43561e+06,-1.48716e+11,-2.15207e+10,-1.48382e+11,-2.13338e+10
4.83336e+07,907849,4.43675e+06,-1.48689e+11,-2.17063e+10,-1.48358e+11,-2.15137e+10
4.83399e+07,907767,4.43788e+06,-1.48661e+11,-2.18918e+10,-1.48334e+11,-2.16937e+10
4.83462e+07,907683,4.43902e+06,-1.48634e+11,-2.20773e+10,-1.48309e+11,-2.18737e+10
4.83526e+07,907599,4.44015e+06,-1.48606e+11,-2.22628e+10,-1.48285e+11,-2.20537e+10
4.83589e+07,907514,4.44129e+06,-1.48578e+11,-2.24482e+10,-1.48261e+11,-2.22337e+10
4.83652e+07,907429,4.44242e+06,-1.4855e+11,-2.26336e+10,-1.48236e+11,-2.24137e+10
4.83715e+07,907342,4.44355e+06,-1.48521e+11,-2.2819e+10,-1.48211e+11,-2.25938e+10
4.83778e+07,907255,4.44469e+06,-1.48493e+11,-2.30043e+10,-1.48186e+11,-2.27739e+10
4.83841e+07,907168,4.44582e+06,-1.48464e+11,-2.31896e+10,-1.48161e+11,-2.2954e+10
4.83904e+07,907079,4.44695e+06,-1.48435e+11,-2.33748e+10,-1.48136e+11,-2.31342e+10
4.83967e+07,906990,4.44809e+06,-1.48405e+11,-2.35601e+10,-1.48111e+11,-2.33144e+10
4.8403e+07,906901,4.44922e+06,-1.48376e+11,-2.37452e+10,-1.48085e+11,-2.34946e+10
4.84094e+07,906810,4.45036e+06,-1.48346e+11,-2.39304e+10,-1.48059e+11,-2.36749e+10
4.84157e+07,906719,4.45149e+06,-1.48316e+11,-2.41155e+10,-1.48034e+11,-2.38552e+10
4.8422e+07,906627,4.45262e+06,-1.48286e+11,-2.43005e+10,-1.48008e+11,-2.40355e+10
4.84283e+07,906534,4.45375e+06,-1.48255e+11,-2.44856e+10,-1.47982e+11,-2.42158e+10
4.84346e+07,906441,4.45489e+06,-1.48224e+11,-2.46705e+10,-1.47955e+11,-2.43962e+10
4.84409e+07,906347,4.45602e+06,-1.48194e+11,-2.48555e+10,-1.47929e+11,-2.45767e+10
4.84472e+07,906253,4.45715e+06,-1.48162e+11,-2.50404e+10,-1.47902e+11,-2.47572e+10
4.84535e+07,906157,4.45828e+06,-1.48131e+11,-2.52253e+10,-1.47876e+11,-2.49377e+10
4.84599e+07,906061,4.45942e+06,-1.48099e+11,-2.54101e+10,-1.47849e+11,-2.51182e+10
4.84662e+07,905964,4.46055e+06,-1.48067e+11,-2.55949e+10,-1.47822e+11,-2.52988e+10
4.84725e+07,905867,4.46168e+06,-1.48035e+11,-2.57796e+10,-1.47794e+11,-2.54795e+10
4.84788e+07,905769,4.46281e+06,-1.48003e+11,-2.59643e+10,-1.47767e+11,-2.56602e+10
4.84851e+07,905670,4.46395e+06,-1.4797e+11,-2.6149e+10,-1.47739e+11,-2.58409e+10
4.84914e+07,905570,4.46508e+06,-1.47937e+11,-2.63336e+10,-1.47712e+11,-2.60217e+10
4.84977e+07,905470,4.46621e+06,-1.47904e+11,-2.65182e+10,-1.47684e+11,-2.62025e+10
4.8504e+07,905369,4.46734e+06,-1.47871e+11,-2.67027e+10,-1.47656e+11,-2.63834e+10
4.85103e+07,905267,4.46847e+06,-1.47837e+11,-2.68872e+10,-1.47627e+11,-2.65643e+10
4.85167e+07,905165,4.4696e+06,-1.47804e+11,-2.70716e+10,-1.47599e+11,-2.67453e+10
4.8523e+07,905062,4.47073e+06,-1.4777e+11,-2.7256e+10,-1.4757e+11,-2.69263e+10
4.85293e+07,904958,4.47186e+06,-1.47736e+11,-2.74404e+10,-1.47542e+11,-2.71073e+10
4.85356e+07,904853,4.473e+06,-1.47701e+11,-2.76247e+10,-1.47513e+11,-2.72885e+10
4.85419e+07,904748,4.47413e+06,-1.47666e+11,-2.7809e+10,-1.47484e+11,-2.74696e+10
4.85482e+07,904642,4.47526e+06,-1.47632e+11,-2.79932e+10,-1.47454e+11,-2.76508e+10
4.85545e+07,904536,4.47639e+06,-1.47596e+11,-2.81774e+10,-1.47425e+11,-2.78321e+10
4.85608e+07,904428,4.47752e+06,-1.47561e+11,-2.83616e+10,-1.47395e+11,-2.80134e+10
4.85671e+07,904320,4.47865e+06,-1.47525e+11,-2.85457e+10,-1.47365e+11,-2.81948e+10
4.85735e+07,904212,4.47978e+06,-1.4749e+11,-2.87297e+10,-1.47335e+11,-2.83762e+10
4.85798e+07,904102,4.48091e+06,-1.47454e+11,-2.89137e+10,-1.47305e+11,-2.85577e+10
4.85861e+07,903992,4.48204e+06,-1.47417e+11,-2.90977e+10,-1.47275e+11,-2.87392e+10
4.85924e+07,903882,4.48317e+06,-1.47381e+11,-2.92816e+10,-1.47244e+11,-2.89208e+10
4.85987e+07,903770,4.4843e+06,-1.47344e+11,-2.94654e+10,-1.47213e+11,-2.91025e+10
4.8605e+07,903658,4.48543e+06,-1.47307e+11,-2.96492e+10,-1.47182e+11,-2.92841e+10
4.86113e+07,903545,4.48656e+06,-1.4727e+11,-2.9833e+10,-1.47151e+11,-2.94659e+10
4.86176e+07,903431,4.48768e+06,-1.47232e+11,-3.00167e+10,-1.4712e+11,-2.96477e+10
4.8624e+07,903317,4.48881e+06,-1.47195e+11,-3.02004e+10,-1.47088e+11,-2.98296e+10
4.86303e+07,903202,4.48994e+06,-1.47157e+11,-3.0384e+10,-1.47056e+11,-3.00115e+10
4.86366e+07,903087,4.49107e+06,-1.47119e+11,-3.05676e+10,-1.47024e+11,-3.01935e+10
4.86429e+07,902970,4.4922e+06,-1.4708e+11,-3.07511e+10,-1.46992e+11,-3.03755e+10
4.86492e+07,902853,4.49333e+06,-1.47042e+11,-3.09346e+10,-1.4696e+11,-3.05576e+10
4.86555e+07,902735,4.49446e+06,-1.47003e+11,-3.1118e+10,-1.46927e+11,-3.07397e+10
4.86618e+07,902617,4.49558e+06,-1.46964e+11,-3.13014e+10,-1.46894e+11,-3.09219e+10
4.86681e+07,902498,4.49671e+06,-1.46925e+11,-3.14848e+10,-1.46861e+11,-3.11042e+10
4.86744e+07,902378,4.49784e+06,-1.46885e+11,-3.1668e+10,-1.46828e+11,-3.12865e+10
4.86808e+07,902257,4.49897e+06,-1.46845e+11,-3.18513e+10,-1.46795e+11,-3.14688e+10
4.86871e+07,902136,4.5001e+06,-1.46805e+11,-3.20344e+10,-1.46761e+11,-3.16513e+10
4.86934e+07,902014,4.50122e+06,-1.46765e+11,-3.22176e+10,-1.46727e+11,-3.18337e+10
4.86997e+07,901892,4.50235e+06,-1.46725e+11,-3.24006e+10,-1.46693e+11,-3.20163e+10
4.8706e+07,901768,4.50348e+06,-1.46684e+11,-3.25837e+10,-1.46659e+11,-3.21989e+10
4.87123e+07,901644,4.5046e+06,-1.46643e+11,-3.27666e+10,-1.46624e+11,-3.23815e+10
4.87186e+07,901520,4.50573e+06,-1.46602e+11,-3.29495e+10,-1.46589e+11,-3.25642e+10
4.87249e+07,901394,4.50686e+06,-1.46561e+11,-3.31324e+10,-1.46554e+11,-3.2747e+10
4.87312e+07,901268,4.50798e+06,-1.46519e+11,-3.33152e+10,-1.46519e+11,-3.29298e+10
4.87376e+07,901141,4.50911e+06,-1.46477e+11,-3.3498e+10,-1.46484e+11,-3.31127e+10
4.87439e+07,901014,4.51024e+06,-1.46435e+11,-3.36807e+10,-1.46448e+11,-3.32956e+10
4.87502e+07,900886,4.51136e+06,-1.46393e+11,-3.38633e+10,-1.46412e+11,-3.34786e+10
4.87565e+07,900757,4.51249e+06,-1.46351e+11,-3.40459e+10,-1.46376e+11,-3.36616e+10
4.87628e+07,900627,4.51361e+06,-1.46308e+11,-3.42285e+10,-1.4634e+11,-3.38447e+10
4.87691e+07,900497,4.51474e+06,-1.46265e+11,-3.4411e+10,-1.46303e+11,-3.40279e+10
4.87754e+07,900366,4.51586e+06,-1.46222e+11,-3.45934e+10,-1.46266e+11,-3.42111e+10
4.87817e+07,900235,4.51699e+06,-1.46179e+11,-3.47758e+10,-1.46229e+11,-3.43943e+10
4.8788e+07,900102,4.51811e+06,-1.46135e+11,-3.49581e+10,-1.46192e+11,-3.45776e+10
4.87944e+07,899969,4.51924e+06,-1.46091e+11,-3.51404e+10,-1.46154e+11,-3.4761e+10
4.88007e+07,899835,4.52036e+06,-1.46047e+11,-3.53226e+10,-1.46116e+11,-3.49444e+10
4.8807e+07,899701,4.52149e+06,-1.46003e+11,-3.55047e+10,-1.46078e+11,-3.51278e+10
4.88133e+07,899566,4.52261e+06,-1.45958e+11,-3.56868e+10,-1.4604e+11,-3.53114e+10
4.88196e+07,899430,4.52374e+06,-1.45913e+11,-3.58689e+10,-1.46001e+11,-3.54949e+10
4.88259e+07,899294,4.52486e+06,-1.45868e+11,-3.60509e+10,-1.45963e+11,-3.56785e+10
4.88322e+07,899157,4.52598e+06,-1.45823e+11,-3.62328e+10,-1.45924e+11,-3.58622e+10
4.88385e+07,899019,4.52711e+06,-1.45778e+11,-3.64147e+10,-1.45884e+11,-3.60459e+10
4.88449e+07,898880,4.52823e+06,-1.45732e+11,-3.65965e+10,-1.45845e+11,-3.62296e+10
4.88512e+07,898741,4.52935e+06,-1.45686e+11,-3.67782e+10,-1.45805e+11,-3.64134e+10
4.88575e+07,898601,4.53048e+06,-1.4564e+11,-3.69599e+10,-1.45765e+11,-3.65973e+10
4.88638e+07,898460,4.5316e+06,-1.45594e+11,-3.71415e+10,-1.45724e+11,-3.67812e+10
4.88701e+07,898319,4.53272e+06,-1.45547e+11,-3.73231e+10,-1.45684e+11,-3.69651e+10
4.88764e+07,898177,4.53384e+06,-1.45501e+11,-3.75046e+10,-1.45643e+11,-3.71491e+10
4.88827e+07,898034,4.53497e+06,-1.45454e+11,-3.76861e+10,-1.45602e+11,-3.73331e+10
4.8889e+07,897891,4.53609e+06,-1.45406e+11,-3.78675e+10,-1.4556e+11,-3.75172e+10
4.88953e+07,897747,4.53721e+06,-1.45359e+11,-3.80488e+10,-1.45519e+11,-3.77013e+10
4.89017e+07,897602,4.53833e+06,-1.45311e+11,-3.82301e+10,-1.45477e+11,-3.78854e+10
4.8908e+07,897457,4.53945e+06,-1.45263e+11,-3.84113e+10,-1.45434e+11,-3.80696e+10
4.89143e+07,897311,4.54058e+06,-1.45215e+11,-3.85925e+10,-1.45392e+11,-3.82538e+10
4.89206e+07,897164,4.5417e+06,-1.45167e+11,-3.87736e+10,-1.45349e+11,-3.84381e+10
4.89269e+07,897016,4.54282e+06,-1.45118e+11,-3.89546e+10,-1.45306e+11,-3.86224e+10
4.89332e+07,896868,4.54394e+06,-1.45069e+11,-3.91356e+10,-1.45263e+11,-3.88067e+10
4.89395e+07,896719,4.54506e+06,-1.4502e+11,-3.93165e+10,-1.45219e+11,-3.89911e+10
4.89458e+07,896570,4.54618e+06,-1.44971e+11,-3.94973e+10,-1.45175e+11,-3.91755e+10
4.89521e+07,896420,4.5473e+06,-1.44921e+11,-3.96781e+10,-1.45131e+11,-3.93599e+10
4.89585e+07,896269,4.54842e+06,-1.44872e+11,-3.98588e+10,-1.45086e+11,-3.95443e+10
4.89648e+07,896117,4.54954e+06,-1.44822e+11,-4.00395e+10,-1.45042e+11,-3.97288e+10
4.89711e+07,895965,4.55066e+06,-1.44772e+11,-4.02201e+10,-1.44997e+11,-3.99133e+10
4.89774e+07,895812,4.55178e+06,-1.44721e+11,-4.04006e+10,-1.44951e+11,-4.00979e+10
4.89837e+07,895658,4.5529e+06,-1.44671e+11,-4.05811e+10,-1.44906e+11,-4.02824e+10
4.899e+07,895504,4.55402e+06,-1.4462e+11,-4.07615e+10,-1.4486e+11,-4.0467e+10
4.89963e+07,895349,4.55514e+06,-1.44569e+11,-4.09418e+10,-1.44813e+11,-4.06516e+10
4.90026e+07,895193,4.55626e+06,-1.44517e+11,-4.11221e+10,-1.44767e+11,-4.08363e+10
4.9009e+07,895036,4.55738e+06,-1.44466e+11,-4.13023e+10,-1.4472e+11,-4.10209e+10
4.90153e+07,894879,4.55849e+06,-1.44414e+11,-4.14824e+10,-1.44673e+11,-4.12056e+10
4.90216e+07,894722,4.55961e+06,-1.44362e+11,-4.16625e+10,-1.44625e+11,-4.13903e+10
4.90279e+07,894563,4.56073e+06,-1.4431e+11,-4.18425e+10,-1.44578e+11,-4.1575e+10
4.90342e+07,894404,4.56185e+06,-1.44258e+11,-4.20225e+10,-1.4453e+11,-4.17597e+10
4.90405e+07,894244,4.56297e+06,-1.44205e+11,-4.22023e+10,-1.44481e+11,-4.19444e+10
4.90468e+07,894084,4.56408e+06,-1.44152e+11,-4.23821e+10,-1.44433e+11,-4.21292e+10
4.90531e+07,893922,4.5652e+06,-1.44099e+11,-4.25619e+10,-1.44384e+11,-4.23139e+10
4.90594e+07,893761,4.56632e+06,-1.44046e+11,-4.27416e+10,-1.44335e+11,-4.24987e+10
4.90658e+07,893598,4.56743e+06,-1.43992e+11,-4.29212e+10,-1.44285e+11,-4.26834e+10
4.90721e+07,893435,4.56855e+06,-1.43938e+11,-4.31007e+10,-1.44235e+11,-4.28682e+10
4.90784e+07,893271,4.56967e+06,-1.43884e+11,-4.32802e+10,-1.44185e+11,-4.3053e+10
4.90847e+07,893106,4.57078e+06,-1.4383e+11,-4.34596e+10,-1.44134e+11,-4.32377e+10
4.9091e+07,892941,4.5719e+06,-1.43776e+11,-4.36389e+10,-1.44084e+11,-4.34225e+10
4.90973e+07,892775,4.57302e+06,-1.43721e+11,-4.38182e+10,-1.44032e+11,-4.36072e+10
4.91036e+07,892608,4.57413e+06,-1.43666e+11,-4.39974e+10,-1.43981e+11,-4.3792e+10
4.91099e+07,892441,4.57525e+06,-1.43611e+11,-4.41765e+10,-1.43929e+11,-4.39768e+10
4.91162e+07,892273,4.57636e+06,-1.43556e+11,-4.43556e+10,-1.43877e+11,-4.41615e+10
4.91226e+07,892104,4.57748e+06,-1.435e+11,-4.45346e+10,-1.43825e+11,-4.43462e+10
4.91289e+07,891935,4.57859e+06,-1.43445e+11,-4.47135e+10,-1.43772e+11,-4.4531e+10
4.91352e+07,891765,4.57971e+06,-1.43389e+11,-4.48923e+10,-1.43719e+11,-4.47157e+10
4.91415e+07,891594,4.58082e+06,-1.43332e+11,-4.50711e+10,-1.43666e+11,-4.49004e+10
4.91478e+07,891423,4.58194e+06,-1.43276e+11,-4.52498e+10,-1.43612e+11,-4.5085e+10
4.91541e+07,891251,4.58305e+06,-1.43219e+11,-4.54285e+10,-1.43558e+11,-4.52697e+10
4.91604e+07,891078,4.58416e+06,-1.43162e+11,-4.5607e+10,-1.43504e+11,-4.54543e+10
4.91667e+07,890905,4.58528e+06,-1.43105e+11,-4.57855e+10,-1.43449e+11,-4.56389e+10
4.91731e+07,890730,4.58639e+06,-1.43048e+11,-4.59639e+10,-1.43394e+11,-4.58235e+10
4.91794e+07,890556,4.5875e+06,-1.42991e+11,-4.61423e+10,-1.43339e+11,-4.60081e+10
4.91857e+07,890380,4.58862e+06,-1.42933e+11,-4.63206e+10,-1.43283e+11,-4.61926e+10
4.9192e+07,890204,4.58973e+06,-1.42875e+11,-4.64988e+10,-1.43227e+11,-4.63771e+10
4.91983e+07,890027,4.59084e+06,-1.42817e+11,-4.66769e+10,-1.43171e+11,-4.65615e+10
4.92046e+07,889850,4.59195e+06,-1.42758e+11,-4.6855e+10,-1.43114e+11,-4.67459e+10
4.92109e+07,889672,4.59306e+06,-1.427e+11,-4.7033e+10,-1.43057e+11,-4.69303e+10
4.92172e+07,889493,4.59418e+06,-1.42641e+11,-4.72109e+10,-1.43e+11,-4.71147e+10
4.92235e+07,889313,4.59529e+06,-1.42582e+11,-4.73887e+10,-1.42942e+11,-4.7299e+10
4.92299e+07,889133,4.5964e+06,-1.42522e+11,-4.75665e+10,-1.42884e+11,-4.74832e+10
4.92362e+07,888952,4.59751e+06,-1.42463e+11,-4.77442e+10,-1.42826e+11,-4.76674e+10
4.92425e+07,888771,4.59862e+06,-1.42403e+11,-4.79218e+10,-1.42767e+11,-4.78516e+10
4.92488e+07,888588,4.59973e+06,-1.42343e+11,-4.80993e+10,-1.42708e+11,-4.80357e+10
4.92551e+07,888405,4.60084e+06,-1.42283e+11,-4.82768e+10,-1.42649e+11,-4.82197e+10
4.92614e+07,888222,4.60195e+06,-1.42222e+11,-4.84542e+10,-1.4259e+11,-4.84037e+10
4.92677e+07,888038,4.60306e+06,-1.42162e+11,-4.86315e+10,-1.4253e+11,-4.85876e+10
4.9274e+07,887853,4.60417e+06,-1.42101e+11,-4.88087e+10,-1.42469e+11,-4.87715e+10
4.92803e+07,887667,4.60528e+06,-1.4204e+11,-4.89859e+10,-1.42409e+11,-4.89553e+10
4.92867e+07,887481,4.60639e+06,-1.41979e+11,-4.9163e+10,-1.42348e+11,-4.9139e+10
4.9293e+07,887294,4.6075e+06,-1.41917e+11,-4.934e+10,-1.42286e+11,-4.93227e+10
4.92993e+07,887106,4.60861e+06,-1.41855e+11,-4.95169e+10,-1.42225e+11,-4.95063e+10
4.93056e+07,886918,4.60972e+06,-1.41793e+11,-4.96937e+10,-1.42163e+11,-4.96898e+10
4.93119e+07,886729,4.61083e+06,-1.41731e+11,-4.98705e+10,-1.421e+11,-4.98733e+10
4.93182e+07,886539,4.61193e+06,-1.41669e+11,-5.00472e+10,-1.42038e+11,-5.00566e+10
4.93245e+07,886349,4.61304e+06,-1.41606e+11,-5.02238e+10,-1.41975e+11,-5.02399e+10
4.93308e+07,886158,4.61415e+06,-1.41543e+11,-5.04004e+10,-1.41911e+11,-5.04231e+10
4.93372e+07,885966,4.61526e+06,-1.4148e+11,-5.05768e+10,-1.41848e+11,-5.06063e+10
4.93435e+07,885774,4.61636e+06,-1.41417e+11,-5.07532e+10,-1.41784e+11,-5.07893e+10
4.93498e+07,885581,4.61747e+06,-1.41354e+11,-5.09295e+10,-1.41719e+11,-5.09722e+10
4.93561e+07,885388,4.61858e+06,-1.4129e+11,-5.11058e+10,-1.41655e+11,-5.11551e+10
4.93624e+07,885193,4.61968e+06,-1.41226e+11,-5.12819e+10,-1.4159e+11,-5.13379e+10
4.93687e+07,884998,4.62079e+06,-1.41162e+11,-5.1458e+10,-1.41524e+11,-5.15205e+10
4.9375e+07,884803,4.62189e+06,-1.41098e+11,-5.1634e+10,-1.41459e+11,-5.17031e+10
4.93813e+07,884606,4.623e+06,-1.41033e+11,-5.18099e+10,-1.41393e+11,-5.18855e+10
4.93876e+07,884409,4.62411e+06,-1.40968e+11,-5.19857e+10,-1.41326e+11,-5.20679e+10
4.9394e+07,884212,4.62521e+06,-1.40903e+11,-5.21615e+10,-1.4126e+11,-5.22501e+10
4.94003e+07,884013,4.62632e+06,-1.40838e+11,-5.23371e+10,-1.41193e+11,-5.24323e+10
4.94066e+07,883814,4.62742e+06,-1.40773e+11,-5.25127e+10,-1.41125e+11,-5.26143e+10
4.94129e+07,883615,4.62853e+06,-1.40707e+11,-5.26882e+10,-1.41058e+11,-5.27962e+10
4.94192e+07,883414,4.62963e+06,-1.40641e+11,-5.28636e+10,-1.4099e+11,-5.2978e+10
4.94255e+07,883213,4.63073e+06,-1.40575e+11,-5.3039e+10,-1.40921e+11,-5.31597e+10
4.94318e+07,883012,4.63184e+06,-1.40509e+11,-5.32142e+10,-1.40853e+11,-5.33413e+10
4.94381e+07,882809,4.63294e+06,-1.40442e+11,-5.33894e+10,-1.40784e+11,-5.35227e+10
4.94444e+07,882606,4.63404e+06,-1.40375e+11,-5.35645e+10,-1.40714e+11,-5.3704e+10
4.94508e+07,882403,4.63515e+06,-1.40308e+11,-5.37395e+10,-1.40645e+11,-5.38852e+10
4.94571e+07,882198,4.63625e+06,-1.40241e+11,-5.39144e+10,-1.40575e+11,-5.40662e+10
4.94634e+07,881994,4.63735e+06,-1.40174e+11,-5.40893e+10,-1.40505e+11,-5.42471e+10
4.94697e+07,881788,4.63845e+06,-1.40106e+11,-5.4264e+10,-1.40434e+11,-5.44279e+10
4.9476e+07,881582,4.63956e+06,-1.40038e+11,-5.44387e+10,-1.40363e+11,-5.46086e+10
4.94823e+07,881375,4.64066e+06,-1.3997e+11,-5.46133e+10,-1.40292e+11,-5.47891e+10
4.94886e+07,881167,4.64176e+06,-1.39902e+11,-5.47878e+10,-1.4022e+11,-5.49694e+10
4.94949e+07,880959,4.64286e+06,-1.39833e+11,-5.49622e+10,-1.40148e+11,-5.51497e+10
4.95013e+07,880750,4.64396e+06,-1.39765e+11,-5.51366e+10,-1.40076e+11,-5.53297e+10
4.95076e+07,880540,4.64506e+06,-1.39696e+11,-5.53108e+10,-1.40003e+11,-5.55097e+10
4.95139e+07,880330,4.64616e+06,-1.39627e+11,-5.5485e+10,-1.39931e+11,-5.56894e+10
4.95202e+07,880119,4.64726e+06,-1.39557e+11,-5.56591e+10,-1.39857e+11,-5.58691e+10
4.95265e+07,879907,4.64836e+06,-1.39488e+11,-5.58331e+10,-1.39784e+11,-5.60485e+10
4.95328e+07,879695,4.64946e+06,-1.39418e+11,-5.6007e+10,-1.3971e+11,-5.62279e+10
4.95391e+07,879482,4.65056e+06,-1.39348e+11,-5.61808e+10,-1.39636e+11,-5.6407e+10
4.95454e+07,879269,4.65166e+06,-1.39278e+11,-5.63545e+10,-1.39562e+11,-5.6586e+10
4.95517e+07,879054,4.65276e+06,-1.39207e+11,-5.65282e+10,-1.39487e+11,-5.67648e+10
4.95581e+07,878839,4.65386e+06,-1.39137e+11,-5.67017e+10,-1.39412e+11,-5.69435e+10
4.95644e+07,878624,4.65495e+06,-1.39066e+11,-5.68752e+10,-1.39337e+11,-5.7122e+10
4.95707e+07,878408,4.65605e+06,-1.38995e+11,-5.70486e+10,-1.39261e+11,-5.73003e+10
4.9577e+07,878191,4.65715e+06,-1.38923e+11,-5.72219e+10,-1.39185e+11,-5.74785e+10
4.95833e+07,877973,4.65825e+06,-1.38852e+11,-5.73951e+10,-1.39109e+11,-5.76565e+10
4.95896e+07,877755,4.65934e+06,-1.3878e+11,-5.75682e+10,-1.39032e+11,-5.78343e+10
4.95959e+07,877536,4.66044e+06,-1.38708e+11,-5.77413e+10,-1.38955e+11,-5.8012e+10
4.96022e+07,877317,4.66154e+06,-1.38636e+11,-5.79142e+10,-1.38878e+11,-5.81894e+10
4.96085e+07,877097,4.66263e+06,-1.38564e+11,-5.80871e+10,-1.38801e+11,-5.83667e+10
4.96149e+07,876876,4.66373e+06,-1.38491e+11,-5.82598e+10,-1.38723e+11,-5.85438e+10
4.96212e+07,876654,4.66483e+06,-1.38418e+11,-5.84325e+10,-1.38645e+11,-5.87208e+10
4.96275e+07,876432,4.66592e+06,-1.38345e+11,-5.86051e+10,-1.38567e+11,-5.88975e+10
4.96338e+07,876209,4.66702e+06,-1.38272e+11,-5.87776e+10,-1.38488e+11,-5.90741e+10
4.96401e+07,875986,4.66811e+06,-1.38199e+11,-5.895e+10,-1.38409e+11,-5.92504e+10
4.96464e+07,875762,4.66921e+06,-1.38125e+11,-5.91223e+10,-1.3833e+11,-5.94266e+10
4.96527e+07,875537,4.6703e+06,-1.38051e+11,-5.92945e+10,-1.38251e+11,-5.96026e+10
4.9659e+07,875312,4.67139e+06,-1.37977e+11,-5.94667e+10,-1.38171e+11,-5.97784e+10
4.96654e+07,875086,4.67249e+06,-1.37903e+11,-5.96387e+10,-1.38091e+11,-5.9954e+10
4.96717e+07,874859,4.67358e+06,-1.37828e+11,-5.98107e+10,-1.38011e+11,-6.01294e+10
4.9678e+07,874632,4.67468e+06,-1.37753e+11,-5.99825e+10,-1.3793e+11,-6.03047e+10
4.96843e+07,874404,4.67577e+06,-1.37679e+11,-6.01543e+10,-1.3785e+11,-6.04797e+10
4.96906e+07,874175,4.67686e+06,-1.37603e+11,-6.0326e+10,-1.37769e+11,-6.06545e+10
4.96969e+07,873946,4.67795e+06,-1.37528e+11,-6.04975e+10,-1.37687e+11,-6.08291e+10
4.97032e+07,873716,4.67905e+06,-1.37452e+11,-6.0669e+10,-1.37606e+11,-6.10036e+10
4.97095e+07,873485,4.68014e+06,-1.37377e+11,-6.08404e+10,-1.37524e+11,-6.11778e+10
4.97158e+07,873254,4.68123e+06,-1.37301e+11,-6.10117e+10,-1.37442e+11,-6.13518e+10
4.97222e+07,873022,4.68232e+06,-1.37224e+11,-6.11829e+10,-1.37359e+11,-6.15256e+10
4.97285e+07,872789,4.68341e+06,-1.37148e+11,-6.1354e+10,-1.37277e+11,-6.16993e+10
4.97348e+07,872556,4.6845e+06,-1.37071e+11,-6.15251e+10,-1.37194e+11,-6.18727e+10
4.97411e+07,872322,4.68559e+06,-1.36994e+11,-6.1696e+10,-1.37111e+11,-6.20459e+10
4.97474e+07,872088,4.68668e+06,-1.36917e+11,-6.18668e+10,-1.37027e+11,-6.22189e+10
4.97537e+07,871852,4.68777e+06,-1.3684e+11,-6.20375e+10,-1.36944e+11,-6.23917e+10
4.976e+07,871617,4.68886e+06,-1.36762e+11,-6.22082e+10,-1.3686e+11,-6.25643e+10
4.97663e+07,871380,4.68995e+06,-1.36685e+11,-6.23787e+10,-1.36776e+11,-6.27366e+10
4.97726e+07,871143,4.69104e+06,-1.36607e+11,-6.25492e+10,-1.36691e+11,-6.29088e+10
4.9779e+07,870905,4.69213e+06,-1.36529e+11,-6.27195e+10,-1.36607e+11,-6.30807e+10
4.97853e+07,870667,4.69322e+06,-1.3645e+11,-6.28898e+10,-1.36522e+11,-6.32525e+10
4.97916e+07,870428,4.6943e+06,-1.36372e+11,-6.30599e+10,-1.36437e+11,-6.3424e+10
4.97979e+07,870188,4.69539e+06,-1.36293e+11,-6.323e+10,-1.36352e+11,-6.35953e+10
4.98042e+07,869948,4.69648e+06,-1.36214e+11,-6.34e+10,-1.36266e+11,-6.37664e+10
4.98105e+07,869707,4.69757e+06,-1.36135e+11,-6.35698e+10,-1.3618e+11,-6.39373e+10
4.98168e+07,869465,4.69865e+06,-1.36055e+11,-6.37396e+10,-1.36094e+11,-6.4108e+10
4.98231e+07,869223,4.69974e+06,-1.35976e+11,-6.39093e+10,-1.36008e+11,-6.42785e+10
4.98295e+07,868980,4.70083e+06,-1.35896e+11,-6.40789e+10,-1.35922e+11,-6.44487e+10
4.98358e+07,868737,4.70191e+06,-1.35816e+11,-6.42483e+10,-1.35835e+11,-6.46187e+10
4.98421e+07,868492,4.703e+06,-1.35736e+11,-6.44177e+10,-1.35748e+11,-6.47886e+10
4.98484e+07,868247,4.70408e+06,-1.35655e+11,-6.4587e+10,-1.35661e+11,-6.49582e+10
4.98547e+07,868002,4.70517e+06,-1.35574e+11,-6.47562e+10,-1.35574e+11,-6.51276e+10
4.9861e+07,867756,4.70625e+06,-1.35494e+11,-6.49252e+10,-1.35486e+11,-6.52967e+10
4.98673e+07,867509,4.70734e+06,-1.35412e+11,-6.50942e+10,-1.35399e+11,-6.54657e+10
4.98736e+07,867262,4.70842e+06,-1.35331e+11,-6.52631e+10,-1.35311e+11,-6.56344e+10
4.98799e+07,867014,4.7095e+06,-1.3525e+11,-6.54319e+10,-1.35223e+11,-6.58029e+10
4.98863e+07,866765,4.71059e+06,-1.35168e+11,-6.56006e+10,-1.35134e+11,-6.59712e+10
4.98926e+07,866516,4.71167e+06,-1.35086e+11,-6.57691e+10,-1.35046e+11,-6.61393e+10
4.98989e+07,866266,4.71275e+06,-1.35004e+11,-6.59376e+10,-1.34957e+11,-6.63072e+10
4.99052e+07,866015,4.71384e+06,-1.34921e+11,-6.6106e+10,-1.34868e+11,-6.64748e+10
4.99115e+07,865764,4.71492e+06,-1.34839e+11,-6.62743e+10,-1.34779e+11,-6.66423e+10
4.99178e+07,865512,4.716e+06,-1.34756e+11,-6.64424e+10,-1.3469e+11,-6.68095e+10
4.99241e+07,865259,4.71708e+06,-1.34673e+11,-6.66105e+10,-1.346e+11,-6.69765e+10
4.99304e+07,865006,4.71816e+06,-1.3459e+11,-6.67785e+10,-1.34511e+11,-6.71433e+10
4.99367e+07,864752,4.71924e+06,-1.34506e+11,-6.69463e+10,-1.34421e+11,-6.73099e+10
4.99431e+07,864498,4.72032e+06,-1.34423e+11,-6.71141e+10,-1.34331e+11,-6.74762e+10
4.99494e+07,864243,4.7214e+06,-1.34339e+11,-6.72818e+10,-1.34241e+11,-6.76423e+10
4.99557e+07,863987,4.72248e+06,-1.34255e+11,-6.74493e+10,-1.3415e+11,-6.78083e+10
4.9962e+07,863731,4.72356e+06,-1.34171e+11,-6.76168e+10,-1.3406e+11,-6.7974e+10
4.99683e+07,863474,4.72464e+06,-1.34086e+11,-6.77841e+10,-1.33969e+11,-6.81395e+10
4.99746e+07,863216,4.72572e+06,-1.34001e+11,-6.79514e+10,-1.33878e+11,-6.83048e+10
4.99809e+07,862958,4.7268e+06,-1.33916e+11,-6.81185e+10,-1.33787e+11,-6.84698e+10
4.99872e+07,862699,4.72788e+06,-1.33831e+11,-6.82855e+10,-1.33696e+11,-6.86347e+10
4.99935e+07,862440,4.72896e+06,-1.33746e+11,-6.84525e+10,-1.33604e+11,-6.87993e+10
4.99999e+07,862179,4.73003e+06,-1.33661e+11,-6.86193e+10,-1.33513e+11,-6.89638e+10
5.00062e+07,861919,4.73111e+06,-1.33575e+11,-6.8786e+10,-1.33421e+11,-6.9128e+10
5.00125e+07,861657,4.73219e+06,-1.33489e+11,-6.89526e+10,-1.33329e+11,-6.9292e+10
5.00188e+07,861395,4.73327e+06,-1.33403e+11,-6.91191e+10,-1.33237e+11,-6.94558e+10
5.00251e+07,861132,4.73434e+06,-1.33316e+11,-6.92855e+10,-1.33145e+11,-6.96194e+10
5.00314e+07,860869,4.73542e+06,-1.3323e+11,-6.94518e+10,-1.33052e+11,-6.97828e+10
5.00377e+07,860605,4.73649e+06,-1.33143e+11,-6.9618e+10,-1.3296e+11,-6.9946e+10
5.0044e+07,860341,4.73757e+06,-1.33056e+11,-6.97841e+10,-1.32867e+11,-7.01089e+10
5.00504e+07,860075,4.73864e+06,-1.32969e+11,-6.995e+10,-1.32774e+11,-7.02717e+10
5.00567e+07,859810,4.73972e+06,-1.32881e+11,-7.01159e+10,-1.32681e+11,-7.04343e+10
5.0063e+07,859543,4.74079e+06,-1.32794e+11,-7.02817e+10,-1.32588e+11,-7.05966e+10
5.00693e+07,859276,4.74187e+06,-1.32706e+11,-7.04473e+10,-1.32495e+11,-7.07588e+10
5.00756e+07,859008,4.74294e+06,-1.32618e+11,-7.06128e+10,-1.32401e+11,-7.09207e+10
5.00819e+07,858740,4.74402e+06,-1.3253e+11,-7.07783e+10,-1.32308e+11,-7.10825e+10
5.00882e+07,858471,4.74509e+06,-1.32441e+11,-7.09436e+10,-1.32214e+11,-7.1244e+10
5.00945e+07,858201,4.74616e+06,-1.32353e+11,-7.11088e+10,-1.3212e+11,-7.14053e+10
5.01008e+07,857931,4.74723e+06,-1.32264e+11,-7.12739e+10,-1.32026e+11,-7.15665e+10
5.01072e+07,857660,4.74831e+06,-1.32175e+11,-7.14389e+10,-1.31932e+11,-7.17274e+10
5.01135e+07,857389,4.74938e+06,-1.32086e+11,-7.16038e+10,-1.31838e+11,-7.18882e+10
5.01198e+07,857117,4.75045e+06,-1.31996e+11,-7.17685e+10,-1.31743e+11,-7.20487e+10
5.01261e+07,856844,4.75152e+06,-1.31906e+11,-7.19332e+10,-1.31649e+11,-7.22091e+10
5.01324e+07,856571,4.75259e+06,-1.31817e+11,-7.20977e+10,-1.31554e+11,-7.23693e+10
5.01387e+07,856297,4.75366e+06,-1.31726e+11,-7.22622e+10,-1.31459e+11,-7.25292e+10
5.0145e+07,856022,4.75473e+06,-1.31636e+11,-7.24265e+10,-1.31364e+11,-7.2689e+10
5.01513e+07,855747,4.7558e+06,-1.31546e+11,-7.25907e+10,-1.31269e+11,-7.28486e+10
5.01576e+07,855471,4.75687e+06,-1.31455e+11,-7.27548e+10,-1.31174e+11,-7.3008e+10
5.0164e+07,855194,4.75794e+06,-1.31364e+11,-7.29188e+10,-1.31079e+11,-7.31672e+10
5.01703e+07,854917,4.75901e+06,-1.31273e+11,-7.30827e+10,-1.30983e+11,-7.33262e+10
5.01766e+07,854640,4.76008e+06,-1.31182e+11,-7.32464e+10,-1.30888e+11,-7.34851e+10
5.01829e+07,854361,4.76114e+06,-1.3109e+11,-7.34101e+10,-1.30792e+11,-7.36437e+10
5.01892e+07,854082,4.76221e+06,-1.30998e+11,-7.35736e+10,-1.30697e+11,-7.38022e+10
5.01955e+07,853803,4.76328e+06,-1.30906e+11,-7.37371e+10,-1.30601e+11,-7.39605e+10
5.02018e+07,853522,4.76435e+06,-1.30814e+11,-7.39004e+10,-1.30505e+11,-7.41186e+10
5.02081e+07,853242,4.76541e+06,-1.30722e+11,-7.40636e+10,-1.30409e+11,-7.42765e+10
5.02145e+07,852960,4.76648e+06,-1.30629e+11,-7.42266e+10,-1.30312e+11,-7.44343e+10
5.02208e+07,852678,4.76754e+06,-1.30537e+11,-7.43896e+10,-1.30216e+11,-7.45918e+10
5.02271e+07,852395,4.76861e+06,-1.30444e+11,-7.45524e+10,-1.3012e+11,-7.47492e+10
5.02334e+07,852112,4.76968e+06,-1.30351e+11,-7.47152e+10,-1.30023e+11,-7.49064e+10
5.02397e+07,851828,4.77074e+06,-1.30257e+11,-7.48778e+10,-1.29926e+11,-7.50635e+10
5.0246e+07,851544,4.7718e+06,-1.30164e+11,-7.50403e+10,-1.2983e+11,-7.52204e+10
5.02523e+07,851259,4.77287e+06,-1.3007e+11,-7.52027e+10,-1.29733e+11,-7.53771e+10
5.02586e+07,850973,4.77393e+06,-1.29976e+11,-7.53649e+10,-1.29636e+11,-7.55336e+10
5.02649e+07,850686,4.775e+06,-1.29882e+11,-7.55271e+10,-1.29539e+11,-7.569e+10
5.02713e+07,850399,4.77606e+06,-1.29787e+11,-7.56891e+10,-1.29441e+11,-7.58462e+10
5.02776e+07,850112,4.77712e+06,-1.29693e+11,-7.5851e+10,-1.29344e+11,-7.60022e+10
5.02839e+07,849824,4.77818e+06,-1.29598e+11,-7.60128e+10,-1.29247e+11,-7.61581e+10
5.02902e+07,849535,4.77925e+06,-1.29503e+11,-7.61745e+10,-1.29149e+11,-7.63138e+10
5.02965e+07,849245,4.78031e+06,-1.29408e+11,-7.63361e+10,-1.29052e+11,-7.64694e+10
5.03028e+07,848955,4.78137e+06,-1.29312e+11,-7.64975e+10,-1.28954e+11,-7.66248e+10
5.03091e+07,848665,4.78243e+06,-1.29217e+11,-7.66589e+10,-1.28856e+11,-7.678e+10
5.03154e+07,848373,4.78349e+06,-1.29121e+11,-7.68201e+10,-1.28758e+11,-7.69351e+10
5.03217e+07,848081,4.78455e+06,-1.29025e+11,-7.69812e+10,-1.2866e+11,-7.70901e+10
5.03281e+07,847789,4.78561e+06,-1.28929e+11,-7.71421e+10,-1.28562e+11,-7.72448e+10
5.03344e+07,847496,4.78667e+06,-1.28832e+11,-7.7303e+10,-1.28464e+11,-7.73995e+10
5.03407e+07,847202,4.78773e+06,-1.28736e+11,-7.74637e+10,-1.28366e+11,-7.7554e+10
5.0347e+07,846908,4.78879e+06,-1.28639e+11,-7.76243e+10,-1.28268e+11,-7.77083e+10
5.03533e+07,846613,4.78984e+06,-1.28542e+11,-7.77848e+10,-1.28169e+11,-7.78625e+10
5.03596e+07,846317,4.7909e+06,-1.28444e+11,-7.79452e+10,-1.28071e+11,-7.80165e+10
5.03659e+07,846021,4.79196e+06,-1.28347e+11,-7.81054e+10,-1.27972e+11,-7.81704e+10
5.03722e+07,845724,4.79302e+06,-1.28249e+11,-7.82655e+10,-1.27873e+11,-7.83242e+10
5.03786e+07,845427,4.79407e+06,-1.28152e+11,-7.84255e+10,-1.27774e+11,-7.84778e+10
5.03849e+07,845129,4.79513e+06,-1.28054e+11,-7.85854e+10,-1.27675e+11,-7.86313e+10
5.03912e+07,844830,4.79619e+06,-1.27955e+11,-7.87452e+10,-1.27576e+11,-7.87846e+10
5.03975e+07,844531,4.79724e+06,-1.27857e+11,-7.89048e+10,-1.27477e+11,-7.89378e+10
5.04038e+07,844231,4.7983e+06,-1.27758e+11,-7.90643e+10,-1.27378e+11,-7.90909e+10
5.04101e+07,843931,4.79935e+06,-1.27659e+11,-7.92237e+10,-1.27279e+11,-7.92439e+10
5.04164e+07,843630,4.80041e+06,-1.2756e+11,-7.9383e+10,-1.27179e+11,-7.93967e+10
5.04227e+07,843328,4.80146e+06,-1.27461e+11,-7.95421e+10,-1.2708e+11,-7.95494e+10
5.0429e+07,843026,4.80252e+06,-1.27362e+11,-7.97011e+10,-1.2698e+11,-7.97019e+10
5.04354e+07,842723,4.80357e+06,-1.27262e+11,-7.986e+10,-1.26881e+11,-7.98544e+10
5.04417e+07,842420,4.80462e+06,-1.27162e+11,-8.00188e+10,-1.26781e+11,-8.00067e+10
5.0448e+07,842116,4.80567e+06,-1.27062e+11,-8.01774e+10,-1.26681e+11,-8.01589e+10
5.04543e+07,841811,4.80673e+06,-1.26962e+11,-8.0336e+10,-1.26581e+11,-8.03109e+10
5.04606e+07,841506,4.80778e+06,-1.26862e+11,-8.04944e+10,-1.26481e+11,-8.04629e+10
5.04669e+07,841200,4.80883e+06,-1.26761e+11,-8.06526e+10,-1.26381e+11,-8.06147e+10
5.04732e+07,840894,4.80988e+06,-1.2666e+11,-8.08108e+10,-1.26281e+11,-8.07665e+10
5.04795e+07,840586,4.81093e+06,-1.26559e+11,-8.09688e+10,-1.26181e+11,-8.09181e+10
5.04858e+07,840279,4.81198e+06,-1.26458e+11,-8.11267e+10,-1.2608e+11,-8.10695e+10
5.04922e+07,839971,4.81303e+06,-1.26356e+11,-8.12844e+10,-1.2598e+11,-8.12209e+10
5.04985e+07,839662,4.81408e+06,-1.26255e+11,-8.14421e+10,-1.25879e+11,-8.13722e+10
5.05048e+07,839352,4.81513e+06,-1.26153e+11,-8.15996e+10,-1.25779e+11,-8.15234e+10
5.05111e+07,839042,4.81618e+06,-1.26051e+11,-8.1757e+10,-1.25678e+11,-8.16744e+10
5.05174e+07,838732,4.81723e+06,-1.25949e+11,-8.19142e+10,-1.25577e+11,-8.18254e+10
5.05237e+07,838420,4.81828e+06,-1.25846e+11,-8.20713e+10,-1.25476e+11,-8.19762e+10
5.053e+07,838109,4.81933e+06,-1.25744e+11,-8.22283e+10,-1.25375e+11,-8.2127e+10
5.05363e+07,837796,4.82037e+06,-1.25641e+11,-8.23852e+10,-1.25274e+11,-8.22776e+10
5.05427e+07,837483,4.82142e+06,-1.25538e+11,-8.2542e+10,-1.25173e+11,-8.24282e+10
5.0549e+07,837170,4.82247e+06,-1.25435e+11,-8.26986e+10,-1.25072e+11,-8.25786e+10
5.05553e+07,836855,4.82351e+06,-1.25331e+11,-8.28551e+10,-1.2497e+11,-8.2729e+10
5.05616e+07,836541,4.82456e+06,-1.25228e+11,-8.30114e+10,-1.24869e+11,-8.28792e+10
5.05679e+07,836225,4.8256e+06,-1.25124e+11,-8.31676e+10,-1.24767e+11,-8.30294e+10
5.05742e+07,835909,4.82665e+06,-1.2502e+11,-8.33237e+10,-1.24666e+11,-8.31795e+10
5.05805e+07,835593,4.82769e+06,-1.24916e+11,-8.34797e+10,-1.24564e+11,-8.33295e+10
5.05868e+07,835276,4.82874e+06,-1.24811e+11,-8.36355e+10,-1.24462e+11,-8.34794e+10
5.05931e+07,834958,4.82978e+06,-1.24707e+11,-8.37912e+10,-1.2436e+11,-8.36292e+10
5.05995e+07,834639,4.83082e+06,-1.24602e+11,-8.39468e+10,-1.24258e+11,-8.37789e+10
5.06058e+07,834320,4.83187e+06,-1.24497e+11,-8.41022e+10,-1.24156e+11,-8.39286e+10
5.06121e+07,834001,4.83291e+06,-1.24392e+11,-8.42575e+10,-1.24054e+11,-8.40781e+10
5.06184e+07,833681,4.83395e+06,-1.24287e+11,-8.44127e+10,-1.23951e+11,-8.42276e+10
5.06247e+07,833360,4.83499e+06,-1.24181e+11,-8.45678e+10,-1.23849e+11,-8.4377e+10
5.0631e+07,833039,4.83604e+06,-1.24075e+11,-8.47227e+10,-1.23747e+11,-8.45263e+10
5.06373e+07,832717,4.83708e+06,-1.23969e+11,-8.48774e+10,-1.23644e+11,-8.46756e+10
5.06436e+07,832395,4.83812e+06,-1.23863e+11,-8.50321e+10,-1.23541e+11,-8.48248e+10
5.06499e+07,832071,4.83916e+06,-1.23757e+11,-8.51866e+10,-1.23438e+11,-8.49739e+10
5.06563e+07,831748,4.8402e+06,-1.2365e+11,-8.5341e+10,-1.23335e+11,-8.51229e+10
5.06626e+07,831424,4.84124e+06,-1.23544e+11,-8.54952e+10,-1.23232e+11,-8.52718e+10
5.06689e+07,831099,4.84227e+06,-1.23437e+11,-8.56493e+10,-1.23129e+11,-8.54207e+10
5.06752e+07,830773,4.84331e+06,-1.2333e+11,-8.58033e+10,-1.23026e+11,-8.55695e+10
5.06815e+07,830447,4.84435e+06,-1.23222e+11,-8.59572e+10,-1.22923e+11,-8.57182e+10
5.06878e+07,830121,4.84539e+06,-1.23115e+11,-8.61109e+10,-1.22819e+11,-8.58669e+10
5.06941e+07,829794,4.84643e+06,-1.23007e+11,-8.62644e+10,-1.22715e+11,-8.60155e+10
5.07004e+07,829466,4.84746e+06,-1.22899e+11,-8.64179e+10,-1.22612e+11,-8.61641e+10
5.07068e+07,829138,4.8485e+06,-1.22791e+11,-8.65712e+10,-1.22508e+11,-8.63125e+10
5.07131e+07,828809,4.84954e+06,-1.22683e+11,-8.67243e+10,-1.22404e+11,-8.6461e+10
5.07194e+07,828479,4.85057e+06,-1.22575e+11,-8.68774e+10,-1.223e+11,-8.66093e+10
5.07257e+07,828149,4.85161e+06,-1.22466e+11,-8.70303e+10,-1.22196e+11,-8.67576e+10
5.0732e+07,827819,4.85264e+06,-1.22357e+11,-8.7183e+10,-1.22092e+11,-8.69058e+10
5.07383e+07,827487,4.85368e+06,-1.22248e+11,-8.73356e+10,-1.21987e+11,-8.7054e+10
5.07446e+07,827156,4.85471e+06,-1.22139e+11,-8.74881e+10,-1.21883e+11,-8.72021e+10
5.07509e+07,826823,4.85574e+06,-1.22029e+11,-8.76405e+10,-1.21778e+11,-8.73502e+10
5.07572e+07,826490,4.85678e+06,-1.2192e+11,-8.77927e+10,-1.21673e+11,-8.74982e+10
5.07636e+07,826157,4.85781e+06,-1.2181e+11,-8.79447e+10,-1.21568e+11,-8.76461e+10
5.07699e+07,825823,4.85884e+06,-1.217e+11,-8.80967e+10,-1.21464e+11,-8.7794e+10
5.07762e+07,825488,4.85987e+06,-1.2159e+11,-8.82485e+10,-1.21358e+11,-8.79419e+10
5.07825e+07,825153,4.86091e+06,-1.21479e+11,-8.84001e+10,-1.21253e+11,-8.80897e+10
5.07888e+07,824817,4.86194e+06,-1.21369e+11,-8.85516e+10,-1.21148e+11,-8.82374e+10
5.07951e+07,824481,4.86297e+06,-1.21258e+11,-8.8703e+10,-1.21042e+11,-8.83851e+10
5.08014e+07,824144,4.864e+06,-1.21147e+11,-8.88543e+10,-1.20937e+11,-8.85327e+10
5.08077e+07,823806,4.86503e+06,-1.21036e+11,-8.90054e+10,-1.20831e+11,-8.86803e+10
5.0814e+07,823468,4.86606e+06,-1.20925e+11,-8.91563e+10,-1.20725e+11,-8.88279e+10
5.08204e+07,823129,4.86709e+06,-1.20813e+11,-8.93071e+10,-1.20619e+11,-8.89754e+10
5.08267e+07,822790,4.86812e+06,-1.20702e+11,-8.94578e+10,-1.20513e+11,-8.91228e+10
5.0833e+07,822450,4.86914e+06,-1.2059e+11,-8.96083e+10,-1.20407e+11,-8.92702e+10
5.08393e+07,822110,4.87017e+06,-1.20478e+11,-8.97587e+10,-1.203e+11,-8.94176e+10
5.08456e+07,821769,4.8712e+06,-1.20365e+11,-8.9909e+10,-1.20194e+11,-8.95649e+10
5.08519e+07,821427,4.87223e+06,-1.20253e+11,-9.00591e+10,-1.20087e+11,-8.97121e+10
5.08582e+07,821085,4.87325e+06,-1.2014e+11,-9.02091e+10,-1.1998e+11,-8.98594e+10
5.08645e+07,820742,4.87428e+06,-1.20028e+11,-9.03589e+10,-1.19873e+11,-9.00065e+10
5.08709e+07,820399,4.8753e+06,-1.19915e+11,-9.05086e+10,-1.19766e+11,-9.01537e+10
5.08772e+07,820055,4.87633e+06,-1.19801e+11,-9.06582e+10,-1.19659e+11,-9.03008e+10
5.08835e+07,819711,4.87735e+06,-1.19688e+11,-9.08076e+10,-1.19551e+11,-9.04478e+10
5.08898e+07,819366,4.87838e+06,-1.19574e+11,-9.09568e+10,-1.19444e+11,-9.05948e+10
5.08961e+07,819020,4.8794e+06,-1.19461e+11,-9.11059e+10,-1.19336e+11,-9.07418e+10
5.09024e+07,818674,4.88043e+06,-1.19347e+11,-9.12549e+10,-1.19228e+11,-9.08887e+10
5.09087e+07,818328,4.88145e+06,-1.19233e+11,-9.14037e+10,-1.1912e+11,-9.10356e+10
5.0915e+07,817980,4.88247e+06,-1.19118e+11,-9.15524e+10,-1.19012e+11,-9.11824e+10
5.09213e+07,817633,4.88349e+06,-1.19004e+11,-9.1701e+10,-1.18903e+11,-9.13292e+10
5.09277e+07,817284,4.88451e+06,-1.18889e+11,-9.18494e+10,-1.18795e+11,-9.1476e+10
5.0934e+07,816935,4.88554e+06,-1.18774e+11,-9.19976e+10,-1.18686e+11,-9.16227e+10
5.09403e+07,816586,4.88656e+06,-1.18659e+11,-9.21457e+10,-1.18577e+11,-9.17694e+10
5.09466e+07,816236,4.88758e+06,-1.18544e+11,-9.22937e+10,-1.18468e+11,-9.1916e+10
5.09529e+07,815885,4.8886e+06,-1.18428e+11,-9.24415e+10,-1.18359e+11,-9.20627e+10
5.09592e+07,815534,4.88962e+06,-1.18313e+11,-9.25892e+10,-1.1825e+11,-9.22092e+10
5.09655e+07,815182,4.89064e+06,-1.18197e+11,-9.27367e+10,-1.1814e+11,-9.23557e+10
5.09718e+07,814830,4.89165e+06,-1.18081e+11,-9.28841e+10,-1.18031e+11,-9.25022e+10
5.09781e+07,814477,4.89267e+06,-1.17965e+11,-9.30314e+10,-1.17921e+11,-9.26487e+10
5.09845e+07,814124,4.89369e+06,-1.17849e+11,-9.31785e+10,-1.17811e+11,-9.27951e+10
5.09908e+07,813770,4.89471e+06,-1.17732e+11,-9.33254e+10,-1.17701e+11,-9.29415e+10
5.09971e+07,813415,4.89573e+06,-1.17615e+11,-9.34722e+10,-1.1759e+11,-9.30878e+10
5.10034e+07,813060,4.89674e+06,-1.17498e+11,-9.36188e+10,-1.1748e+11,-9.32341e+10
5.10097e+07,812705,4.89776e+06,-1.17381e+11,-9.37654e+10,-1.17369e+11,-9.33804e+10
5.1016e+07,812348,4.89877e+06,-1.17264e+11,-9.39117e+10,-1.17258e+11,-9.35266e+10
5.10223e+07,811992,4.89979e+06,-1.17147e+11,-9.40579e+10,-1.17147e+11,-9.36727e+10
5.10286e+07,811634,4.9008e+06,-1.17029e+11,-9.4204e+10,-1.17036e+11,-9.38189e+10
5.1035e+07,811276,4.90182e+06,-1.16911e+11,-9.43499e+10,-1.16924e+11,-9.3965e+10
5.10413e+07,810918,4.90283e+06,-1.16793e+11,-9.44957e+10,-1.16813e+11,-9.4111e+10
5.10476e+07,810559,4.90384e+06,-1.16675e+11,-9.46413e+10,-1.16701e+11,-9.4257e+10
5.10539e+07,810200,4.90486e+06,-1.16557e+11,-9.47867e+10,-1.16589e+11,-9.4403e+10
5.10602e+07,809839,4.90587e+06,-1.16438e+11,-9.49321e+10,-1.16477e+11,-9.4549e+10
5.10665e+07,809479,4.90688e+06,-1.16319e+11,-9.50772e+10,-1.16364e+11,-9.46948e+10
5.10728e+07,809118,4.90789e+06,-1.162e+11,-9.52222e+10,-1.16252e+11,-9.48407e+10
5.10791e+07,808756,4.9089e+06,-1.16081e+11,-9.53671e+10,-1.16139e+11,-9.49865e+10
5.10854e+07,808394,4.90992e+06,-1.15962e+11,-9.55118e+10,-1.16026e+11,-9.51323e+10
5.10918e+07,808031,4.91093e+06,-1.15843e+11,-9.56564e+10,-1.15913e+11,-9.5278e+10
5.10981e+07,807668,4.91194e+06,-1.15723e+11,-9.58008e+10,-1.15799e+11,-9.54237e+10
5.11044e+07,807304,4.91294e+06,-1.15603e+11,-9.59451e+10,-1.15686e+11,-9.55693e+10
5.11107e+07,806939,4.91395e+06,-1.15483e+11,-9.60892e+10,-1.15572e+11,-9.57149e+10
5.1117e+07,806574,4.91496e+06,-1.15363e+11,-9.62332e+10,-1.15458e+11,-9.58604e+10
5.11233e+07,806209,4.91597e+06,-1.15243e+11,-9.6377e+10,-1.15344e+11,-9.60059e+10
5.11296e+07,805842,4.91698e+06,-1.15122e+11,-9.65207e+10,-1.15229e+11,-9.61514e+10
5.11359e+07,805476,4.91798e+06,-1.15001e+11,-9.66642e+10,-1.15115e+11,-9.62968e+10
5.11422e+07,805109,4.91899e+06,-1.14881e+11,-9.68075e+10,-1.15e+11,-9.64421e+10
5.11486e+07,804741,4.92e+06,-1.1476e+11,-9.69507e+10,-1.14885e+11,-9.65874e+10
5.11549e+07,804373,4.921e+06,-1.14638e+11,-9.70938e+10,-1.1477e+11,-9.67327e+10
5.11612e+07,804004,4.92201e+06,-1.14517e+11,-9.72367e+10,-1.14654e+11,-9.68779e+10
5.11675e+07,803634,4.92301e+06,-1.14395e+11,-9.73794e+10,-1.14539e+11,-9.70231e+10
5.11738e+07,803265,4.92402e+06,-1.14274e+11,-9.7522e+10,-1.14423e+11,-9.71682e+10
5.11801e+07,802894,4.92502e+06,-1.14152e+11,-9.76645e+10,-1.14307e+11,-9.73132e+10
5.11864e+07,802523,4.92602e+06,-1.14029e+11,-9.78068e+10,-1.1419e+11,-9.74582e+10
5.11927e+07,802152,4.92703e+06,-1.13907e+11,-9.79489e+10,-1.14074e+11,-9.76032e+10
5.11991e+07,801780,4.92803e+06,-1.13785e+11,-9.80909e+10,-1.13957e+11,-9.77481e+10
5.12054e+07,801407,4.92903e+06,-1.13662e+11,-9.82327e+10,-1.1384e+11,-9.78929e+10
5.12117e+07,801034,4.93003e+06,-1.13539e+11,-9.83744e+10,-1.13722e+11,-9.80377e+10
5.1218e+07,800660,4.93103e+06,-1.13416e+11,-9.85159e+10,-1.13605e+11,-9.81824e+10
5.12243e+07,800286,4.93203e+06,-1.13293e+11,-9.86573e+10,-1.13487e+11,-9.8327e+10
5.12306e+07,799911,4.93303e+06,-1.1317e+11,-9.87985e+10,-1.13369e+11,-9.84716e+10
5.12369e+07,799536,4.93403e+06,-1.13046e+11,-9.89396e+10,-1.13251e+11,-9.86162e+10
5.12432e+07,799160,4.93503e+06,-1.12922e+11,-9.90805e+10,-1.13133e+11,-9.87606e+10
5.12495e+07,798784,4.93603e+06,-1.12798e+11,-9.92212e+10,-1.13014e+11,-9.89051e+10
5.12559e+07,798407,4.93703e+06,-1.12674e+11,-9.93618e+10,-1.12895e+11,-9.90494e+10
5.12622e+07,798029,4.93803e+06,-1.1255e+11,-9.95022e+10,-1.12776e+11,-9.91937e+10
5.12685e+07,797651,4.93902e+06,-1.12426e+11,-9.96425e+10,-1.12657e+11,-9.93379e+10
5.12748e+07,797273,4.94002e+06,-1.12301e+11,-9.97826e+10,-1.12537e+11,-9.9482e+10
5.12811e+07,796894,4.94102e+06,-1.12176e+11,-9.99226e+10,-1.12417e+11,-9.96261e+10
5.12874e+07,796514,4.94201e+06,-1.12051e+11,-1.00062e+11,-1.12297e+11,-9.97701e+10
5.12937e+07,796134,4.94301e+06,-1.11926e+11,-1.00202e+11,-1.12177e+11,-9.9914e+10
5.13e+07,795753,4.944e+06,-1.11801e+11,-1.00342e+11,-1.12056e+11,-1.00058e+11
5.13063e+07,795372,4.945e+06,-1.11676e+11,-1.00481e+11,-1.11935e+11,-1.00202e+11
5.13127e+07,794991,4.94599e+06,-1.1155e+11,-1.0062e+11,-1.11814e+11,-1.00345e+11
5.1319e+07,794608,4.94699e+06,-1.11424e+11,-1.00759e+11,-1.11693e+11,-1.00489e+11
5.13253e+07,794226,4.94798e+06,-1.11298e+11,-1.00898e+11,-1.11571e+11,-1.00633e+11
5.13316e+07,793842,4.94897e+06,-1.11172e+11,-1.01037e+11,-1.1145e+11,-1.00776e+11
5.13379e+07,793459,4.94996e+06,-1.11046e+11,-1.01175e+11,-1.11327e+11,-1.00919e+11
5.13442e+07,793074,4.95095e+06,-1.10919e+11,-1.01314e+11,-1.11205e+11,-1.01063e+11
5.13505e+07,792689,4.95195e+06,-1.10793e+11,-1.01452e+11,-1.11082e+11,-1.01206e+11
5.13568e+07,792304,4.95294e+06,-1.10666e+11,-1.0159e+11,-1.1096e+11,-1.01349e+11
5.13631e+07,791918,4.95393e+06,-1.10539e+11,-1.01728e+11,-1.10837e+11,-1.01492e+11
5.13695e+07,791532,4.95492e+06,-1.10411e+11,-1.01866e+11,-1.10713e+11,-1.01635e+11
5.13758e+07,791145,4.95591e+06,-1.10284e+11,-1.02003e+11,-1.10589e+11,-1.01778e+11
5.13821e+07,790757,4.95689e+06,-1.10157e+11,-1.02141e+11,-1.10466e+11,-1.01921e+11
5.13884e+07,790369,4.95788e+06,-1.10029e+11,-1.02278e+11,-1.10341e+11,-1.02063e+11
5.13947e+07,789981,4.95887e+06,-1.09901e+11,-1.02415e+11,-1.10217e+11,-1.02206e+11
5.1401e+07,789592,4.95986e+06,-1.09773e+11,-1.02552e+11,-1.10092e+11,-1.02348e+11
5.14073e+07,789202,4.96084e+06,-1.09645e+11,-1.02689e+11,-1.09967e+11,-1.02491e+11
5.14136e+07,788812,4.96183e+06,-1.09516e+11,-1.02825e+11,-1.09842e+11,-1.02633e+11
5.142e+07,788422,4.96282e+06,-1.09388e+11,-1.02962e+11,-1.09717e+11,-1.02775e+11
5.14263e+07,788031,4.9638e+06,-1.09259e+11,-1.03098e+11,-1.09591e+11,-1.02917e+11
5.14326e+07,787639,4.96479e+06,-1.0913e+11,-1.03234e+11,-1.09465e+11,-1.03059e+11
5.14389e+07,787247,4.96577e+06,-1.09001e+11,-1.0337e+11,-1.09339e+11,-1.03201e+11
5.14452e+07,786854,4.96675e+06,-1.08872e+11,-1.03506e+11,-1.09212e+11,-1.03343e+11
5.14515e+07,786461,4.96774e+06,-1.08743e+11,-1.03642e+11,-1.09085e+11,-1.03485e+11
5.14578e+07,786067,4.96872e+06,-1.08613e+11,-1.03777e+11,-1.08958e+11,-1.03626e+11
5.14641e+07,785673,4.9697e+06,-1.08483e+11,-1.03913e+11,-1.08831e+11,-1.03767e+11
5.14704e+07,785278,4.97068e+06,-1.08353e+11,-1.04048e+11,-1.08703e+11,-1.03909e+11
5.14768e+07,784883,4.97167e+06,-1.08223e+11,-1.04183e+11,-1.08575e+11,-1.0405e+11
5.14831e+07,784487,4.97265e+06,-1.08093e+11,-1.04318e+11,-1.08447e+11,-1.04191e+11
5.14894e+07,784091,4.97363e+06,-1.07963e+11,-1.04452e+11,-1.08319e+11,-1.04332e+11
5.14957e+07,783694,4.97461e+06,-1.07832e+11,-1.04587e+11,-1.0819e+11,-1.04473e+11
5.1502e+07,783297,4.97559e+06,-1.07702e+11,-1.04721e+11,-1.08061e+11,-1.04613e+11
5.15083e+07,782899,4.97656e+06,-1.07571e+11,-1.04855e+11,-1.07932e+11,-1.04754e+11
5.15146e+07,782501,4.97754e+06,-1.0744e+11,-1.04989e+11,-1.07802e+11,-1.04894e+11
5.15209e+07,782102,4.97852e+06,-1.07308e+11,-1.05123e+11,-1.07672e+11,-1.05034e+11
5.15272e+07,781703,4.9795e+06,-1.07177e+11,-1.05257e+11,-1.07542e+11,-1.05175e+11
5.15336e+07,781303,4.98047e+06,-1.07045e+11,-1.0539e+11,-1.07412e+11,-1.05315e+11
5.15399e+07,780903,4.98145e+06,-1.06914e+11,-1.05524e+11,-1.07281e+11,-1.05454e+11
5.15462e+07,780502,4.98243e+06,-1.06782e+11,-1.05657e+11,-1.0715e+11,-1.05594e+11
5.15525e+07,780101,4.9834e+06,-1.0665e+11,-1.0579e+11,-1.07019e+11,-1.05734e+11
5.15588e+07,779699,4.98438e+06,-1.06517e+11,-1.05923e+11,-1.06887e+11,-1.05873e+11
5.15651e+07,779296,4.98535e+06,-1.06385e+11,-1.06056e+11,-1.06756e+11,-1.06012e+11
5.15714e+07,778893,4.98633e+06,-1.06253e+11,-1.06188e+11,-1.06623e+11,-1.06152e+11
5.15777e+07,778490,4.9873e+06,-1.0612e+11,-1.06321e+11,-1.06491e+11,-1.06291e+11
5.15841e+07,778086,4.98827e+06,-1.05987e+11,-1.06453e+11,-1.06358e+11,-1.06429e+11
5.15904e+07,777682,4.98924e+06,-1.05854e+11,-1.06585e+11,-1.06226e+11,-1.06568e+11
5.15967e+07,777277,4.99022e+06,-1.05721e+11,-1.06717e+11,-1.06092e+11,-1.06706e+11
5.1603e+07,776872,4.99119e+06,-1.05587e+11,-1.06848e+11,-1.05959e+11,-1.06845e+11
5.16093e+07,776466,4.99216e+06,-1.05454e+11,-1.0698e+11,-1.05825e+11,-1.06983e+11
5.16156e+07,776059,4.99313e+06,-1.0532e+11,-1.07111e+11,-1.05691e+11,-1.07121e+11
5.16219e+07,775653,4.9941e+06,-1.05186e+11,-1.07243e+11,-1.05557e+11,-1.07259e+11
5.16282e+07,775245,4.99507e+06,-1.05052e+11,-1.07374e+11,-1.05422e+11,-1.07396e+11
5.16345e+07,774837,4.99604e+06,-1.04918e+11,-1.07505e+11,-1.05287e+11,-1.07534e+11
5.16409e+07,774429,4.997e+06,-1.04784e+11,-1.07635e+11,-1.05152e+11,-1.07671e+11
5.16472e+07,774020,4.99797e+06,-1.04649e+11,-1.07766e+11,-1.05017e+11,-1.07808e+11
5.16535e+07,773611,4.99894e+06,-1.04515e+11,-1.07896e+11,-1.04881e+11,-1.07945e+11
5.16598e+07,773201,4.99991e+06,-1.0438e+11,-1.08026e+11,-1.04745e+11,-1.08082e+11
5.16661e+07,772791,5.00087e+06,-1.04245e+11,-1.08156e+11,-1.04609e+11,-1.08219e+11
5.16724e+07,772380,5.00184e+06,-1.0411e+11,-1.08286e+11,-1.04472e+11,-1.08355e+11
5.16787e+07,771968,5.0028e+06,-1.03974e+11,-1.08416e+11,-1.04336e+11,-1.08491e+11
5.1685e+07,771557,5.00377e+06,-1.03839e+11,-1.08546e+11,-1.04199e+11,-1.08627e+11
5.16913e+07,771144,5.00473e+06,-1.03703e+11,-1.08675e+11,-1.04061e+11,-1.08763e+11
5.16977e+07,770732,5.0057e+06,-1.03567e+11,-1.08804e+11,-1.03924e+11,-1.08899e+11
5.1704e+07,770318,5.00666e+06,-1.03431e+11,-1.08933e+11,-1.03786e+11,-1.09034e+11
5.17103e+07,769904,5.00762e+06,-1.03295e+11,-1.09062e+11,-1.03648e+11,-1.09169e+11
5.17166e+07,769490,5.00858e+06,-1.03159e+11,-1.09191e+11,-1.03509e+11,-1.09304e+11
5.17229e+07,769075,5.00955e+06,-1.03023e+11,-1.09319e+11,-1.0337e+11,-1.09439e+11
5.17292e+07,768660,5.01051e+06,-1.02886e+11,-1.09448e+11,-1.03231e+11,-1.09574e+11
5.17355e+07,768244,5.01147e+06,-1.02749e+11,-1.09576e+11,-1.03092e+11,-1.09708e+11
5.17418e+07,767828,5.01243e+06,-1.02612e+11,-1.09704e+11,-1.02953e+11,-1.09842e+11
5.17482e+07,767411,5.01339e+06,-1.02475e+11,-1.09832e+11,-1.02813e+11,-1.09976e+11
5.17545e+07,766994,5.01435e+06,-1.02338e+11,-1.09959e+11,-1.02673e+11,-1.1011e+11
5.17608e+07,766577,5.0153e+06,-1.02201e+11,-1.10087e+11,-1.02532e+11,-1.10244e+11
5.17671e+07,766158,5.01626e+06,-1.02063e+11,-1.10214e+11,-1.02392e+11,-1.10377e+11
5.17734e+07,765740,5.01722e+06,-1.01925e+11,-1.10341e+11,-1.02251e+11,-1.1051e+11
5.17797e+07,765321,5.01818e+06,-1.01788e+11,-1.10468e+11,-1.0211e+11,-1.10643e+11
5.1786e+07,764901,5.01913e+06,-1.0165e+11,-1.10595e+11,-1.01968e+11,-1.10775e+11
5.17923e+07,764481,5.02009e+06,-1.01511e+11,-1.10722e+11,-1.01827e+11,-1.10908e+11
5.17986e+07,764060,5.02104e+06,-1.01373e+11,-1.10848e+11,-1.01685e+11,-1.1104e+11
5.1805e+07,763639,5.022e+06,-1.01235e+11,-1.10974e+11,-1.01543e+11,-1.11172e+11
5.18113e+07,763218,5.02295e+06,-1.01096e+11,-1.11101e+11,-1.014e+11,-1.11304e+11
5.18176e+07,762796,5.02391e+06,-1.00957e+11,-1.11227e+11,-1.01258e+11,-1.11435e+11
5.18239e+07,762373,5.02486e+06,-1.00818e+11,-1.11352e+11,-1.01115e+11,-1.11566e+11
5.18302e+07,761950,5.02581e+06,-1.00679e+11,-1.11478e+11,-1.00972e+11,-1.11697e+11
5.18365e+07,761527,5.02677e+06,-1.0054e+11,-1.11603e+11,-1.00828e+11,-1.11828e+11
5.18428e+07,761103,5.02772e+06,-1.004e+11,-1.11729e+11,-1.00684e+11,-1.11959e+11
5.18491e+07,760678,5.02867e+06,-1.00261e+11,-1.11854e+11,-1.00541e+11,-1.12089e+11
5.18554e+07,760254,5.02962e+06,-1.00121e+11,-1.11979e+11,-1.00396e+11,-1.12219e+11
5.18618e+07,759828,5.03057e+06,-9.99812e+10,-1.12103e+11,-1.00252e+11,-1.12349e+11
5.18681e+07,759402,5.03152e+06,-9.98411e+10,-1.12228e+11,-1.00107e+11,-1.12478e+11
5.18744e+07,758976,5.03247e+06,-9.97009e+10,-1.12352e+11,-9.99624e+10,-1.12607e+11
5.18807e+07,758549,5.03342e+06,-9.95606e+10,-1.12477e+11,-9.98172e+10,-1.12736e+11
5.1887e+07,758122,5.03436e+06,-9.94201e+10,-1.12601e+11,-9.96718e+10,-1.12865e+11
5.18933e+07,757694,5.03531e+06,-9.92794e+10,-1.12724e+11,-9.95262e+10,-1.12993e+11
5.18996e+07,757266,5.03626e+06,-9.91386e+10,-1.12848e+11,-9.93803e+10,-1.13122e+11
5.19059e+07,756838,5.0372e+06,-9.89976e+10,-1.12972e+11,-9.92343e+10,-1.1325e+11
5.19123e+07,756408,5.03815e+06,-9.88565e+10,-1.13095e+11,-9.90879e+10,-1.13377e+11
5.19186e+07,755979,5.0391e+06,-9.87152e+10,-1.13218e+11,-9.89414e+10,-1.13505e+11
5.19249e+07,755549,5.04004e+06,-9.85738e+10,-1.13341e+11,-9.87946e+10,-1.13632e+11
5.19312e+07,755118,5.04098e+06,-9.84322e+10,-1.13464e+11,-9.86476e+10,-1.13759e+11
5.19375e+07,754687,5.04193e+06,-9.82905e+10,-1.13587e+11,-9.85004e+10,-1.13885e+11
5.19438e+07,754256,5.04287e+06,-9.81486e+10,-1.13709e+11,-9.8353e+10,-1.14011e+11
5.19501e+07,753824,5.04381e+06,-9.80066e+10,-1.13831e+11,-9.82053e+10,-1.14138e+11
5.19564e+07,753391,5.04476e+06,-9.78644e+10,-1.13954e+11,-9.80574e+10,-1.14263e+11
5.19627e+07,752959,5.0457e+06,-9.7722e+10,-1.14075e+11,-9.79093e+10,-1.14389e+11
5.19691e+07,752525,5.04664e+06,-9.75795e+10,-1.14197e+11,-9.7761e+10,-1.14514e+11
5.19754e+07,752092,5.04758e+06,-9.74369e+10,-1.14319e+11,-9.76125e+10,-1.14639e+11
5.19817e+07,751657,5.04852e+06,-9.72941e+10,-1.1444e+11,-9.74638e+10,-1.14764e+11
5.1988e+07,751223,5.04946e+06,-9.71511e+10,-1.14561e+11,-9.73148e+10,-1.14888e+11
5.19943e+07,750787,5.0504e+06,-9.7008e+10,-1.14683e+11,-9.71657e+10,-1.15012e+11
5.20006e+07,750352,5.05134e+06,-9.68648e+10,-1.14803e+11,-9.70164e+10,-1.15136e+11
5.20069e+07,749916,5.05227e+06,-9.67214e+10,-1.14924e+11,-9.68668e+10,-1.15259e+11
5.20132e+07,749479,5.05321e+06,-9.65779e+10,-1.15045e+11,-9.67171e+10,-1.15382e+11
5.20195e+07,749042,5.05415e+06,-9.64342e+10,-1.15165e+11,-9.65672e+10,-1.15505e+11
5.20259e+07,748605,5.05508e+06,-9.62903e+10,-1.15285e+11,-9.6417e+10,-1.15628e+11
5.20322e+07,748167,5.05602e+06,-9.61463e+10,-1.15405e+11,-9.62667e+10,-1.1575e+11
5.20385e+07,747728,5.05695e+06,-9.60022e+10,-1.15525e+11,-9.61162e+10,-1.15872e+11
5.20448e+07,747290,5.05789e+06,-9.58579e+10,-1.15645e+11,-9.59655e+10,-1.15994e+11
5.20511e+07,746850,5.05882e+06,-9.57134e+10,-1.15764e+11,-9.58147e+10,-1.16116e+11
5.20574e+07,746411,5.05976e+06,-9.55688e+10,-1.15883e+11,-9.56636e+10,-1.16237e+11
5.20637e+07,745970,5.06069e+06,-9.54241e+10,-1.16002e+11,-9.55124e+10,-1.16358e+11
5.207e+07,745530,5.06162e+06,-9.52792e+10,-1.16121e+11,-9.5361e+10,-1.16478e+11
5.20764e+07,745089,5.06255e+06,-9.51341e+10,-1.1624e+11,-9.52094e+10,-1.16599e+11
5.20827e+07,744647,5.06348e+06,-9.49889e+10,-1.16359e+11,-9.50576e+10,-1.16718e+11
5.2089e+07,744205,5.06441e+06,-9.48436e+10,-1.16477e+11,-9.49057e+10,-1.16838e+11
5.20953e+07,743763,5.06534e+06,-9.46981e+10,-1.16595e+11,-9.47536e+10,-1.16958e+11
5.21016e+07,743320,5.06627e+06,-9.45525e+10,-1.16713e+11,-9.46014e+10,-1.17077e+11
5.21079e+07,742877,5.0672e+06,-9.44067e+10,-1.16831e+11,-9.44489e+10,-1.17195e+11
5.21142e+07,742433,5.06813e+06,-9.42608e+10,-1.16949e+11,-9.42964e+10,-1.17314e+11
5.21205e+07,741989,5.06906e+06,-9.41147e+10,-1.17066e+11,-9.41436e+10,-1.17432e+11
5.21268e+07,741544,5.06999e+06,-9.39685e+10,-1.17183e+11,-9.39907e+10,-1.1755e+11
5.21332e+07,741099,5.07091e+06,-9.38221e+10,-1.17301e+11,-9.38377e+10,-1.17668e+11
5.21395e+07,740653,5.07184e+06,-9.36756e+10,-1.17417e+11,-9.36845e+10,-1.17785e+11
5.21458e+07,740207,5.07276e+06,-9.3529e+10,-1.17534e+11,-9.35312e+10,-1.17902e+11
5.21521e+07,739761,5.07369e+06,-9.33822e+10,-1.17651e+11,-9.33777e+10,-1.18019e+11
5.21584e+07,739314,5.07461e+06,-9.32352e+10,-1.17767e+11,-9.3224e+10,-1.18135e+11
5.21647e+07,738867,5.07554e+06,-9.30881e+10,-1.17883e+11,-9.30703e+10,-1.18251e+11
5.2171e+07,738419,5.07646e+06,-9.29409e+10,-1.17999e+11,-9.29164e+10,-1.18367e+11
5.21773e+07,737971,5.07738e+06,-9.27935e+10,-1.18115e+11,-9.27623e+10,-1.18483e+11
5.21836e+07,737522,5.07831e+06,-9.2646e+10,-1.18231e+11,-9.26081e+10,-1.18598e+11
5.219e+07,737073,5.07923e+06,-9.24983e+10,-1.18346e+11,-9.24538e+10,-1.18713e+11
5.21963e+07,736623,5.08015e+06,-9.23505e+10,-1.18462e+11,-9.22994e+10,-1.18827e+11
5.22026e+07,736173,5.08107e+06,-9.22025e+10,-1.18577e+11,-9.21448e+10,-1.18942e+11
5.22089e+07,735723,5.08199e+06,-9.20544e+10,-1.18692e+11,-9.19901e+10,-1.19056e+11
5.22152e+07,735272,5.08291e+06,-9.19061e+10,-1.18806e+11,-9.18353e+10,-1.19169e+11
5.22215e+07,734821,5.08383e+06,-9.17577e+10,-1.18921e+11,-9.16804e+10,-1.19283e+11
5.22278e+07,734369,5.08475e+06,-9.16092e+10,-1.19035e+11,-9.15253e+10,-1.19396e+11
5.22341e+07,733917,5.08566e+06,-9.14605e+10,-1.19149e+11,-9.13702e+10,-1.19509e+11
5.22405e+07,733464,5.08658e+06,-9.13117e+10,-1.19263e+11,-9.12149e+10,-1.19621e+11
5.22468e+07,733011,5.0875e+06,-9.11627e+10,-1.19377e+11,-9.10595e+10,-1.19733e+11
5.22531e+07,732558,5.08841e+06,-9.10136e+10,-1.19491e+11,-9.0904e+10,-1.19845e+11
5.22594e+07,732104,5.08933e+06,-9.08644e+10,-1.19604e+11,-9.07484e+10,-1.19957e+11
5.22657e+07,731650,5.09024e+06,-9.0715e+10,-1.19718e+11,-9.05926e+10,-1.20068e+11
5.2272e+07,731195,5.09116e+06,-9.05654e+10,-1.19831e+11,-9.04368e+10,-1.20179e+11
5.22783e+07,730740,5.09207e+06,-9.04158e+10,-1.19944e+11,-9.02809e+10,-1.2029e+11
5.22846e+07,730284,5.09299e+06,-9.02659e+10,-1.20056e+11,-9.01249e+10,-1.204e+11
5.22909e+07,729828,5.0939e+06,-9.0116e+10,-1.20169e+11,-8.99688e+10,-1.2051e+11
5.22973e+07,729372,5.09481e+06,-8.99659e+10,-1.20281e+11,-8.98126e+10,-1.2062e+11
5.23036e+07,728915,5.09572e+06,-8.98156e+10,-1.20393e+11,-8.96563e+10,-1.2073e+11
5.23099e+07,728457,5.09663e+06,-8.96653e+10,-1.20505e+11,-8.94999e+10,-1.20839e+11
5.23162e+07,728000,5.09754e+06,-8.95147e+10,-1.20617e+11,-8.93434e+10,-1.20948e+11
5.23225e+07,727542,5.09845e+06,-8.93641e+10,-1.20729e+11,-8.91868e+10,-1.21057e+11
5.23288e+07,727083,5.09936e+06,-8.92133e+10,-1.2084e+11,-8.90302e+10,-1.21165e+11
5.23351e+07,726624,5.10027e+06,-8.90623e+10,-1.20951e+11,-8.88734e+10,-1.21273e+11
5.23414e+07,726165,5.10118e+06,-8.89112e+10,-1.21062e+11,-8.87166e+10,-1.21381e+11
5.23477e+07,725705,5.10209e+06,-8.876e+10,-1.21173e+11,-8.85597e+10,-1.21489e+11
5.23541e+07,725245,5.10299e+06,-8.86087e+10,-1.21284e+11,-8.84028e+10,-1.21596e+11
5.23604e+07,724784,5.1039e+06,-8.84572e+10,-1.21394e+11,-8.82457e+10,-1.21703e+11
5.23667e+07,724323,5.10481e+06,-8.83055e+10,-1.21504e+11,-8.80886e+10,-1.2181e+11
5.2373e+07,723861,5.10571e+06,-8.81537e+10,-1.21614e+11,-8.79314e+10,-1.21916e+11
5.23793e+07,723399,5.10661e+06,-8.80018e+10,-1.21724e+11,-8.77742e+10,-1.22022e+11
5.23856e+07,722937,5.10752e+06,-8.78498e+10,-1.21834e+11,-8.76168e+10,-1.22128e+11
5.23919e+07,722474,5.10842e+06,-8.76976e+10,-1.21944e+11,-8.74594e+10,-1.22234e+11
5.23982e+07,722011,5.10933e+06,-8.75452e+10,-1.22053e+11,-8.7302e+10,-1.22339e+11
5.24046e+07,721547,5.11023e+06,-8.73928e+10,-1.22162e+11,-8.71445e+10,-1.22444e+11
5.24109e+07,721083,5.11113e+06,-8.72402e+10,-1.22271e+11,-8.69869e+10,-1.22549e+11
5.24172e+07,720619,5.11203e+06,-8.70874e+10,-1.2238e+11,-8.68292e+10,-1.22653e+11
5.24235e+07,720154,5.11293e+06,-8.69346e+10,-1.22488e+11,-8.66715e+10,-1.22757e+11
5.24298e+07,719689,5.11383e+06,-8.67815e+10,-1.22597e+11,-8.65138e+10,-1.22861e+11
5.24361e+07,719223,5.11473e+06,-8.66284e+10,-1.22705e+11,-8.6356e+10,-1.22965e+11
5.24424e+07,718757,5.11563e+06,-8.64751e+10,-1.22813e+11,-8.61981e+10,-1.23068e+11
5.24487e+07,718291,5.11653e+06,-8.63217e+10,-1.22921e+11,-8.60402e+10,-1.23171e+11
5.2455e+07,717824,5.11743e+06,-8.61681e+10,-1.23028e+11,-8.58822e+10,-1.23274e+11
5.24614e+07,717356,5.11832e+06,-8.60144e+10,-1.23136e+11,-8.57242e+10,-1.23377e+11
5.24677e+07,716889,5.11922e+06,-8.58606e+10,-1.23243e+11,-8.55661e+10,-1.23479e+11
5.2474e+07,716421,5.12011e+06,-8.57066e+10,-1.2335e+11,-8.5408e+10,-1.23581e+11
5.24803e+07,715952,5.12101e+06,-8.55525e+10,-1.23457e+11,-8.52499e+10,-1.23683e+11
5.24866e+07,715483,5.1219e+06,-8.53983e+10,-1.23564e+11,-8.50917e+10,-1.23785e+11
5.24929e+07,715014,5.1228e+06,-8.52439e+10,-1.2367e+11,-8.49334e+10,-1.23886e+11
5.24992e+07,714544,5.12369e+06,-8.50894e+10,-1.23776e+11,-8.47751e+10,-1.23987e+11
5.25055e+07,714074,5.12459e+06,-8.49348e+10,-1.23882e+11,-8.46168e+10,-1.24088e+11
5.25118e+07,713603,5.12548e+06,-8.478e+10,-1.23988e+11,-8.44584e+10,-1.24188e+11
5.25182e+07,713132,5.12637e+06,-8.46251e+10,-1.24094e+11,-8.43e+10,-1.24288e+11
5.25245e+07,712661,5.12726e+06,-8.44701e+10,-1.24199e+11,-8.41416e+10,-1.24388e+11
5.25308e+07,712189,5.12815e+06,-8.43149e+10,-1.24305e+11,-8.39831e+10,-1.24488e+11
5.25371e+07,711717,5.12904e+06,-8.41596e+10,-1.2441e+11,-8.38246e+10,-1.24588e+11
5.25434e+07,711245,5.12993e+06,-8.40042e+10,-1.24515e+11,-8.36661e+10,-1.24687e+11
5.25497e+07,710772,5.13082e+06,-8.38486e+10,-1.2462e+11,-8.35075e+10,-1.24786e+11
5.2556e+07,710298,5.13171e+06,-8.36929e+10,-1.24724e+11,-8.33489e+10,-1.24885e+11
5.25623e+07,709825,5.1326e+06,-8.35371e+10,-1.24828e+11,-8.31903e+10,-1.24983e+11
5.25687e+07,709350,5.13348e+06,-8.33811e+10,-1.24933e+11,-8.30316e+10,-1.25082e+11
5.2575e+07,708876,5.13437e+06,-8.3225e+10,-1.25037e+11,-8.28729e+10,-1.2518e+11
5.25813e+07,708401,5.13526e+06,-8.30688e+10,-1.2514e+11,-8.27142e+10,-1.25278e+11
5.25876e+07,707926,5.13614e+06,-8.29125e+10,-1.25244e+11,-8.25554e+10,-1.25375e+11
5.25939e+07,707450,5.13703e+06,-8.2756e+10,-1.25347e+11,-8.23967e+10,-1.25473e+11
5.26002e+07,706974,5.13791e+06,-8.25994e+10,-1.2545e+11,-8.22379e+10,-1.2557e+11
5.26065e+07,706497,5.13879e+06,-8.24426e+10,-1.25553e+11,-8.2079e+10,-1.25667e+11
5.26128e+07,706020,5.13968e+06,-8.22858e+10,-1.25656e+11,-8.19202e+10,-1.25763e+11
5.26191e+07,705543,5.14056e+06,-8.21287e+10,-1.25759e+11,-8.17613e+10,-1.2586e+11
5.26255e+07,705066,5.14144e+06,-8.19716e+10,-1.25861e+11,-8.16024e+10,-1.25956e+11
5.26318e+07,704587,5.14232e+06,-8.18143e+10,-1.25963e+11,-8.14435e+10,-1.26052e+11
5.26381e+07,704109,5.1432e+06,-8.1657e+10,-1.26065e+11,-8.12846e+10,-1.26148e+11
5.26444e+07,703630,5.14408e+06,-8.14994e+10,-1.26167e+11,-8.11256e+10,-1.26243e+11
5.26507e+07,703151,5.14496e+06,-8.13418e+10,-1.26269e+11,-8.09666e+10,-1.26339e+11
5.2657e+07,702671,5.14584e+06,-8.1184e+10,-1.2637e+11,-8.08076e+10,-1.26434e+11
5.26633e+07,702191,5.14672e+06,-8.10261e+10,-1.26471e+11,-8.06486e+10,-1.26529e+11
5.26696e+07,701711,5.1476e+06,-8.08681e+10,-1.26572e+11,-8.04896e+10,-1.26623e+11
5.26759e+07,701230,5.14847e+06,-8.07099e+10,-1.26673e+11,-8.03305e+10,-1.26718e+11
5.26823e+07,700749,5.14935e+06,-8.05516e+10,-1.26774e+11,-8.01715e+10,-1.26812e+11
5.26886e+07,700268,5.15022e+06,-8.03932e+10,-1.26874e+11,-8.00124e+10,-1.26906e+11
5.26949e+07,699786,5.1511e+06,-8.02347e+10,-1.26975e+11,-7.98533e+10,-1.27e+11
5.27012e+07,699303,5.15197e+06,-8.0076e+10,-1.27075e+11,-7.96942e+10,-1.27094e+11
5.27075e+07,698821,5.15285e+06,-7.99172e+10,-1.27174e+11,-7.9535e+10,-1.27187e+11
5.27138e+07,698338,5.15372e+06,-7.97583e+10,-1.27274e+11,-7.93759e+10,-1.2728e+11
5.27201e+07,697854,5.15459e+06,-7.95992e+10,-1.27374e+11,-7.92167e+10,-1.27373e+11
5.27264e+07,697371,5.15547e+06,-7.94401e+10,-1.27473e+11,-7.90575e+10,-1.27466e+11
5.27327e+07,696886,5.15634e+06,-7.92808e+10,-1.27572e+11,-7.88983e+10,-1.27559e+11
5.27391e+07,696402,5.15721e+06,-7.91214e+10,-1.27671e+11,-7.87391e+10,-1.27651e+11
5.27454e+07,695917,5.15808e+06,-7.89618e+10,-1.27769e+11,-7.85799e+10,-1.27743e+11
5.27517e+07,695432,5.15895e+06,-7.88021e+10,-1.27868e+11,-7.84206e+10,-1.27835e+11
5.2758e+07,694946,5.15982e+06,-7.86423e+10,-1.27966e+11,-7.82614e+10,-1.27927e+11
5.27643e+07,694460,5.16069e+06,-7.84824e+10,-1.28064e+11,-7.81021e+10,-1.28019e+11
5.27706e+07,693974,5.16155e+06,-7.83224e+10,-1.28162e+11,-7.79428e+10,-1.2811e+11
5.27769e+07,693487,5.16242e+06,-7.81622e+10,-1.28259e+11,-7.77835e+10,-1.28202e+11
5.27832e+07,693000,5.16329e+06,-7.80019e+10,-1.28357e+11,-7.76242e+10,-1.28293e+11
5.27896e+07,692512,5.16415e+06,-7.78415e+10,-1.28454e+11,-7.74648e+10,-1.28384e+11
5.27959e+07,692024,5.16502e+06,-7.7681e+10,-1.28551e+11,-7.73055e+10,-1.28474e+11
5.28022e+07,691536,5.16588e+06,-7.75203e+10,-1.28648e+11,-7.71461e+10,-1.28565e+11
5.28085e+07,691047,5.16675e+06,-7.73596e+10,-1.28745e+11,-7.69867e+10,-1.28655e+11
5.28148e+07,690558,5.16761e+06,-7.71986e+10,-1.28841e+11,-7.68273e+10,-1.28746e+11
5.28211e+07,690069,5.16848e+06,-7.70376e+10,-1.28937e+11,-7.66679e+10,-1.28836e+11
5.28274e+07,689579,5.16934e+06,-7.68765e+10,-1.29033e+11,-7.65085e+10,-1.28925e+11
5.28337e+07,689089,5.1702e+06,-7.67152e+10,-1.29129e+11,-7.6349e+10,-1.29015e+11
5.284e+07,688599,5.17106e+06,-7.65538e+10,-1.29225e+11,-7.61896e+10,-1.29105e+11
5.28464e+07,688108,5.17192e+06,-7.63923e+10,-1.2932e+11,-7.60301e+10,-1.29194e+11
5.28527e+07,687617,5.17278e+06,-7.62307e+10,-1.29416e+11,-7.58706e+10,-1.29283e+11
5.2859e+07,687125,5.17364e+06,-7.6069e+10,-1.29511e+11,-7.57111e+10,-1.29372e+11
5.28653e+07,686633,5.1745e+06,-7.59071e+10,-1.29605e+11,-7.55516e+10,-1.29461e+11
5.28716e+07,686141,5.17536e+06,-7.57451e+10,-1.297e+11,-7.5392e+10,-1.2955e+11
5.28779e+07,685648,5.17622e+06,-7.5583e+10,-1.29794e+11,-7.52324e+10,-1.29638e+11
5.28842e+07,685155,5.17707e+06,-7.54208e+10,-1.29889e+11,-7.50728e+10,-1.29727e+11
5.28905e+07,684662,5.17793e+06,-7.52584e+10,-1.29983e+11,-7.49132e+10,-1.29815e+11
5.28968e+07,684168,5.17878e+06,-7.5096e+10,-1.30076e+11,-7.47536e+10,-1.29903e+11
5.29032e+07,683674,5.17964e+06,-7.49334e+10,-1.3017e+11,-7.45939e+10,-1.29991e+11
5.29095e+07,683180,5.18049e+06,-7.47707e+10,-1.30263e+11,-7.44343e+10,-1.30079e+11
5.29158e+07,682685,5.18135e+06,-7.46079e+10,-1.30357e+11,-7.42746e+10,-1.30166e+11
5.29221e+07,682190,5.1822e+06,-7.44449e+10,-1.3045e+11,-7.41149e+10,-1.30254e+11
5.29284e+07,681695,5.18305e+06,-7.42819e+10,-1.30542e+11,-7.39551e+10,-1.30341e+11
5.29347e+07,681199,5.18391e+06,-7.41187e+10,-1.30635e+11,-7.37953e+10,-1.30428e+11
5.2941e+07,680703,5.18476e+06,-7.39554e+10,-1.30727e+11,-7.36355e+10,-1.30515e+11
5.29473e+07,680206,5.18561e+06,-7.3792e+10,-1.3082e+11,-7.34757e+10,-1.30602e+11
5.29537e+07,679709,5.18646e+06,-7.36285e+10,-1.30912e+11,-7.33159e+10,-1.30689e+11
5.296e+07,679212,5.18731e+06,-7.34649e+10,-1.31003e+11,-7.3156e+10,-1.30775e+11
5.29663e+07,678714,5.18816e+06,-7.33011e+10,-1.31095e+11,-7.29961e+10,-1.30862e+11
5.29726e+07,678217,5.189e+06,-7.31373e+10,-1.31186e+11,-7.28362e+10,-1.30948e+11
5.29789e+07,677718,5.18985e+06,-7.29733e+10,-1.31277e+11,-7.26762e+10,-1.31034e+11
5.29852e+07,677220,5.1907e+06,-7.28092e+10,-1.31368e+11,-7.25162e+10,-1.3112e+11
5.29915e+07,676721,5.19155e+06,-7.2645e+10,-1.31459e+11,-7.23562e+10,-1.31206e+11
5.29978e+07,676221,5.19239e+06,-7.24806e+10,-1.3155e+11,-7.21961e+10,-1.31292e+11
5.30041e+07,675722,5.19324e+06,-7.23162e+10,-1.3164e+11,-7.2036e+10,-1.31377e+11
5.30105e+07,675222,5.19408e+06,-7.21517e+10,-1.3173e+11,-7.18759e+10,-1.31463e+11
5.30168e+07,674721,5.19492e+06,-7.1987e+10,-1.3182e+11,-7.17158e+10,-1.31548e+11
5.30231e+07,674221,5.19577e+06,-7.18222e+10,-1.3191e+11,-7.15556e+10,-1.31633e+11
5.30294e+07,673720,5.19661e+06,-7.16573e+10,-1.31999e+11,-7.13953e+10,-1.31718e+11
5.30357e+07,673218,5.19745e+06,-7.14923e+10,-1.32089e+11,-7.1235e+10,-1.31803e+11
5.3042e+07,672717,5.19829e+06,-7.13272e+10,-1.32178e+11,-7.10747e+10,-1.31888e+11
5.30483e+07,672215,5.19913e+06,-7.1162e+10,-1.32267e+11,-7.09144e+10,-1.31973e+11
5.30546e+07,671712,5.19997e+06,-7.09966e+10,-1.32355e+11,-7.0754e+10,-1.32057e+11
5.30609e+07,671210,5.20081e+06,-7.08312e+10,-1.32444e+11,-7.05935e+10,-1.32142e+11
5.30673e+07,670707,5.20165e+06,-7.06656e+10,-1.32532e+11,-7.04331e+10,-1.32226e+11
5.30736e+07,670203,5.20249e+06,-7.05e+10,-1.3262e+11,-7.02725e+10,-1.3231e+11
5.30799e+07,669700,5.20333e+06,-7.03342e+10,-1.32708e+11,-7.01119e+10,-1.32394e+11
5.30862e+07,669196,5.20417e+06,-7.01683e+10,-1.32795e+11,-6.99513e+10,-1.32478e+11
5.30925e+07,668691,5.205e+06,-7.00023e+10,-1.32883e+11,-6.97906e+10,-1.32562e+11
5.30988e+07,668186,5.20584e+06,-6.98362e+10,-1.3297e+11,-6.96299e+10,-1.32646e+11
5.31051e+07,667681,5.20667e+06,-6.96699e+10,-1.33057e+11,-6.94691e+10,-1.3273e+11
5.31114e+07,667176,5.20751e+06,-6.95036e+10,-1.33144e+11,-6.93083e+10,-1.32813e+11
5.31178e+07,666670,5.20834e+06,-6.93372e+10,-1.3323e+11,-6.91474e+10,-1.32896e+11
5.31241e+07,666164,5.20917e+06,-6.91706e+10,-1.33317e+11,-6.89865e+10,-1.3298e+11
5.31304e+07,665658,5.21001e+06,-6.90039e+10,-1.33403e+11,-6.88255e+10,-1.33063e+11
5.31367e+07,665151,5.21084e+06,-6.88372e+10,-1.33489e+11,-6.86644e+10,-1.33146e+11
5.3143e+07,664644,5.21167e+06,-6.86703e+10,-1.33575e+11,-6.85033e+10,-1.33229e+11
5.31493e+07,664137,5.2125e+06,-6.85033e+10,-1.3366e+11,-6.83421e+10,-1.33312e+11
5.31556e+07,663629,5.21333e+06,-6.83362e+10,-1.33746e+11,-6.81809e+10,-1.33394e+11
5.31619e+07,663121,5.21416e+06,-6.8169e+10,-1.33831e+11,-6.80196e+10,-1.33477e+11
5.31682e+07,662613,5.21499e+06,-6.80017e+10,-1.33916e+11,-6.78582e+10,-1.33559e+11
5.31746e+07,662105,5.21582e+06,-6.78343e+10,-1.34e+11,-6.76968e+10,-1.33642e+11
5.31809e+07,661596,5.21664e+06,-6.76668e+10,-1.34085e+11,-6.75353e+10,-1.33724e+11
5.31872e+07,661086,5.21747e+06,-6.74992e+10,-1.34169e+11,-6.73737e+10,-1.33806e+11
5.31935e+07,660577,5.2183e+06,-6.73314e+10,-1.34253e+11,-6.72121e+10,-1.33888e+11
5.31998e+07,660067,5.21912e+06,-6.71636e+10,-1.34337e+11,-6.70504e+10,-1.3397e+11
5.32061e+07,659557,5.21995e+06,-6.69957e+10,-1.34421e+11,-6.68886e+10,-1.34052e+11
5.32124e+07,659046,5.22077e+06,-6.68276e+10,-1.34504e+11,-6.67267e+10,-1.34133e+11
5.32187e+07,658535,5.2216e+06,-6.66595e+10,-1.34587e+11,-6.65648e+10,-1.34215e+11
5.3225e+07,658024,5.22242e+06,-6.64912e+10,-1.3467e+11,-6.64028e+10,-1.34297e+11
5.32314e+07,657513,5.22324e+06,-6.63228e+10,-1.34753e+11,-6.62407e+10,-1.34378e+11
5.32377e+07,657001,5.22406e+06,-6.61544e+10,-1.34836e+11,-6.60785e+10,-1.34459e+11
5.3244e+07,656489,5.22488e+06,-6.59858e+10,-1.34918e+11,-6.59162e+10,-1.3454e+11
5.32503e+07,655976,5.2257e+06,-6.58171e+10,-1.35e+11,-6.57539e+10,-1.34621e+11
5.32566e+07,655463,5.22652e+06,-6.56484e+10,-1.35082e+11,-6.55915e+10,-1.34702e+11
5.32629e+07,654950,5.22734e+06,-6.54795e+10,-1.35164e+11,-6.54289e+10,-1.34783e+11
5.32692e+07,654437,5.22816e+06,-6.53105e+10,-1.35246e+11,-6.52663e+10,-1.34864e+11
5.32755e+07,653923,5.22898e+06,-6.51414e+10,-1.35327e+11,-6.51036e+10,-1.34945e+11
5.32819e+07,653409,5.2298e+06,-6.49723e+10,-1.35408e+11,-6.49408e+10,-1.35025e+11
5.32882e+07,652895,5.23061e+06,-6.4803e+10,-1.35489e+11,-6.4778e+10,-1.35106e+11
5.32945e+07,652381,5.23143e+06,-6.46336e+10,-1.3557e+11,-6.4615e+10,-1.35186e+11
5.33008e+07,651866,5.23225e+06,-6.44641e+10,-1.3565e+11,-6.44519e+10,-1.35266e+11
5.33071e+07,651350,5.23306e+06,-6.42945e+10,-1.3573e+11,-6.42887e+10,-1.35346e+11
5.33134e+07,650835,5.23387e+06,-6.41248e+10,-1.35811e+11,-6.41255e+10,-1.35426e+11
5.33197e+07,650319,5.23469e+06,-6.39551e+10,-1.3589e+11,-6.39621e+10,-1.35506e+11
5.3326e+07,649803,5.2355e+06,-6.37852e+10,-1.3597e+11,-6.37986e+10,-1.35586e+11
5.33323e+07,649287,5.23631e+06,-6.36152e+10,-1.36049e+11,-6.36351e+10,-1.35666e+11
5.33387e+07,648770,5.23712e+06,-6.34451e+10,-1.36129e+11,-6.34714e+10,-1.35745e+11
5.3345e+07,648253,5.23793e+06,-6.32749e+10,-1.36208e+11,-6.33076e+10,-1.35825e+11
5.33513e+07,647736,5.23875e+06,-6.31046e+10,-1.36286e+11,-6.31437e+10,-1.35904e+11
5.33576e+07,647218,5.23955e+06,-6.29343e+10,-1.36365e+11,-6.29797e+10,-1.35984e+11
5.33639e+07,646700,5.24036e+06,-6.27638e+10,-1.36443e+11,-6.28156e+10,-1.36063e+11
5.33702e+07,646182,5.24117e+06,-6.25932e+10,-1.36521e+11,-6.26513e+10,-1.36142e+11
5.33765e+07,645663,5.24198e+06,-6.24225e+10,-1.36599e+11,-6.2487e+10,-1.36221e+11
5.33828e+07,645144,5.24279e+06,-6.22518e+10,-1.36677e+11,-6.23225e+10,-1.363e+11
5.33891e+07,644625,5.24359e+06,-6.20809e+10,-1.36754e+11,-6.21579e+10,-1.36378e+11
5.33955e+07,644106,5.2444e+06,-6.19099e+10,-1.36832e+11,-6.19932e+10,-1.36457e+11
5.34018e+07,643586,5.2452e+06,-6.17389e+10,-1.36909e+11,-6.18284e+10,-1.36535e+11
5.34081e+07,643066,5.24601e+06,-6.15677e+10,-1.36986e+11,-6.16635e+10,-1.36614e+11
5.34144e+07,642546,5.24681e+06,-6.13965e+10,-1.37062e+11,-6.14984e+10,-1.36692e+11
5.34207e+07,642025,5.24761e+06,-6.12251e+10,-1.37139e+11,-6.13332e+10,-1.3677e+11
5.3427e+07,641505,5.24842e+06,-6.10537e+10,-1.37215e+11,-6.11679e+10,-1.36848e+11
5.34333e+07,640983,5.24922e+06,-6.08822e+10,-1.37291e+11,-6.10024e+10,-1.36926e+11
5.34396e+07,640462,5.25002e+06,-6.07105e+10,-1.37367e+11,-6.08369e+10,-1.37004e+11
5.3446e+07,639940,5.25082e+06,-6.05388e+10,-1.37442e+11,-6.06712e+10,-1.37082e+11
5.34523e+07,639418,5.25162e+06,-6.0367e+10,-1.37518e+11,-6.05053e+10,-1.3716e+11
5.34586e+07,638896,5.25242e+06,-6.01951e+10,-1.37593e+11,-6.03394e+10,-1.37237e+11
5.34649e+07,638373,5.25322e+06,-6.00231e+10,-1.37668e+11,-6.01732e+10,-1.37315e+11
5.34712e+07,637850,5.25402e+06,-5.9851e+10,-1.37742e+11,-6.0007e+10,-1.37392e+11
5.34775e+07,637327,5.25481e+06,-5.96788e+10,-1.37817e+11,-5.98406e+10,-1.37469e+11
5.34838e+07,636804,5.25561e+06,-5.95065e+10,-1.37891e+11,-5.96741e+10,-1.37546e+11
5.34901e+07,636280,5.25641e+06,-5.93341e+10,-1.37965e+11,-5.95074e+10,-1.37623e+11
5.34964e+07,635756,5.2572e+06,-5.91616e+10,-1.38039e+11,-5.93406e+10,-1.377e+11
5.35028e+07,635232,5.25799e+06,-5.89891e+10,-1.38112e+11,-5.91737e+10,-1.37776e+11
5.35091e+07,634707,5.25879e+06,-5.88164e+10,-1.38186e+11,-5.90066e+10,-1.37853e+11
5.35154e+07,634182,5.25958e+06,-5.86437e+10,-1.38259e+11,-5.88393e+10,-1.37929e+11
5.35217e+07,633657,5.26037e+06,-5.84709e+10,-1.38332e+11,-5.8672e+10,-1.38006e+11
5.3528e+07,633132,5.26117e+06,-5.82979e+10,-1.38405e+11,-5.85044e+10,-1.38082e+11
5.35343e+07,632606,5.26196e+06,-5.81249e+10,-1.38477e+11,-5.83367e+10,-1.38158e+11
5.35406e+07,632080,5.26275e+06,-5.79518e+10,-1.38549e+11,-5.81689e+10,-1.38234e+11
5.35469e+07,631554,5.26354e+06,-5.77786e+10,-1.38622e+11,-5.80009e+10,-1.3831e+11
5.35532e+07,631028,5.26433e+06,-5.76053e+10,-1.38693e+11,-5.78328e+10,-1.38385e+11
5.35596e+07,630501,5.26512e+06,-5.7432e+10,-1.38765e+11,-5.76645e+10,-1.38461e+11
5.35659e+07,629974,5.2659e+06,-5.72585e+10,-1.38836e+11,-5.7496e+10,-1.38536e+11
5.35722e+07,629446,5.26669e+06,-5.7085e+10,-1.38908e+11,-5.73274e+10,-1.38612e+11
5.35785e+07,628919,5.26748e+06,-5.69113e+10,-1.38979e+11,-5.71586e+10,-1.38687e+11
5.35848e+07,628391,5.26826e+06,-5.67376e+10,-1.39049e+11,-5.69897e+10,-1.38762e+11
5.35911e+07,627863,5.26905e+06,-5.65638e+10,-1.3912e+11,-5.68206e+10,-1.38837e+11
5.35974e+07,627335,5.26983e+06,-5.63899e+10,-1.3919e+11,-5.66514e+10,-1.38912e+11
5.36037e+07,626806,5.27062e+06,-5.62159e+10,-1.39261e+11,-5.6482e+10,-1.38986e+11
5.36101e+07,626277,5.2714e+06,-5.60418e+10,-1.3933e+11,-5.63124e+10,-1.39061e+11
5.36164e+07,625748,5.27218e+06,-5.58676e+10,-1.394e+11,-5.61426e+10,-1.39135e+11
5.36227e+07,625218,5.27297e+06,-5.56934e+10,-1.3947e+11,-5.59727e+10,-1.39209e+11
5.3629e+07,624689,5.27375e+06,-5.55191e+10,-1.39539e+11,-5.58026e+10,-1.39283e+11
5.36353e+07,624159,5.27453e+06,-5.53446e+10,-1.39608e+11,-5.56324e+10,-1.39357e+11
5.36416e+07,623628,5.27531e+06,-5.51701e+10,-1.39677e+11,-5.5462e+10,-1.39431e+11
5.36479e+07,623098,5.27609e+06,-5.49956e+10,-1.39745e+11,-5.52914e+10,-1.39505e+11
5.36542e+07,622567,5.27687e+06,-5.48209e+10,-1.39814e+11,-5.51207e+10,-1.39578e+11
5.36605e+07,622036,5.27765e+06,-5.46461e+10,-1.39882e+11,-5.49497e+10,-1.39651e+11
5.36669e+07,621505,5.27842e+06,-5.44713e+10,-1.3995e+11,-5.47786e+10,-1.39725e+11
5.36732e+07,620973,5.2792e+06,-5.42964e+10,-1.40017e+11,-5.46073e+10,-1.39798e+11
5.36795e+07,620441,5.27998e+06,-5.41213e+10,-1.40085e+11,-5.44359e+10,-1.3987e+11
5.36858e+07,619909,5.28075e+06,-5.39462e+10,-1.40152e+11,-5.42643e+10,-1.39943e+11
5.36921e+07,619377,5.28153e+06,-5.37711e+10,-1.40219e+11,-5.40925e+10,-1.40016e+11
5.36984e+07,618844,5.2823e+06,-5.35958e+10,-1.40286e+11,-5.39205e+10,-1.40088e+11
5.37047e+07,618312,5.28307e+06,-5.34205e+10,-1.40353e+11,-5.37483e+10,-1.4016e+11
5.3711e+07,617779,5.28385e+06,-5.3245e+10,-1.40419e+11,-5.3576e+10,-1.40232e+11
5.37173e+07,617245,5.28462e+06,-5.30695e+10,-1.40485e+11,-5.34035e+10,-1.40304e+11
5.37237e+07,616712,5.28539e+06,-5.2894e+10,-1.40551e+11,-5.32308e+10,-1.40376e+11
5.373e+07,616178,5.28616e+06,-5.27183e+10,-1.40617e+11,-5.30579e+10,-1.40447e+11
5.37363e+07,615644,5.28693e+06,-5.25425e+10,-1.40683e+11,-5.28849e+10,-1.40519e+11
5.37426e+07,615109,5.2877e+06,-5.23667e+10,-1.40748e+11,-5.27116e+10,-1.4059e+11
5.37489e+07,614575,5.28847e+06,-5.21908e+10,-1.40813e+11,-5.25382e+10,-1.40661e+11
5.37552e+07,614040,5.28924e+06,-5.20148e+10,-1.40878e+11,-5.23646e+10,-1.40732e+11
5.37615e+07,613505,5.29e+06,-5.18387e+10,-1.40942e+11,-5.21908e+10,-1.40803e+11
5.37678e+07,612970,5.29077e+06,-5.16626e+10,-1.41007e+11,-5.20169e+10,-1.40873e+11
5.37742e+07,612434,5.29154e+06,-5.14864e+10,-1.41071e+11,-5.18427e+10,-1.40943e+11
5.37805e+07,611898,5.2923e+06,-5.131e+10,-1.41135e+11,-5.16684e+10,-1.41014e+11
5.37868e+07,611362,5.29307e+06,-5.11337e+10,-1.41199e+11,-5.14938e+10,-1.41083e+11
5.37931e+07,610826,5.29383e+06,-5.09572e+10,-1.41262e+11,-5.13191e+10,-1.41153e+11
5.37994e+07,610289,5.2946e+06,-5.07806e+10,-1.41326e+11,-5.11442e+10,-1.41223e+11
5.38057e+07,609753,5.29536e+06,-5.0604e+10,-1.41389e+11,-5.09691e+10,-1.41292e+11
5.3812e+07,609216,5.29612e+06,-5.04273e+10,-1.41452e+11,-5.07939e+10,-1.41361e+11
5.38183e+07,608678,5.29688e+06,-5.02505e+10,-1.41514e+11,-5.06184e+10,-1.4143e+11
5.38246e+07,608141,5.29764e+06,-5.00737e+10,-1.41577e+11,-5.04428e+10,-1.41499e+11
5.3831e+07,607603,5.2984e+06,-4.98968e+10,-1.41639e+11,-5.02669e+10,-1.41568e+11
5.38373e+07,607065,5.29916e+06,-4.97197e+10,-1.41701e+11,-5.00909e+10,-1.41636e+11
5.38436e+07,606527,5.29992e+06,-4.95427e+10,-1.41763e+11,-4.99147e+10,-1.41704e+11
5.38499e+07,605988,5.30068e+06,-4.93655e+10,-1.41824e+11,-4.97383e+10,-1.41772e+11
5.38562e+07,605450,5.30144e+06,-4.91883e+10,-1.41886e+11,-4.95617e+10,-1.4184e+11
5.38625e+07,604911,5.30219e+06,-4.9011e+10,-1.41947e+11,-4.93849e+10,-1.41908e+11
5.38688e+07,604372,5.30295e+06,-4.88336e+10,-1.42008e+11,-4.9208e+10,-1.41975e+11
5.38751e+07,603832,5.3037e+06,-4.86561e+10,-1.42068e+11,-4.90308e+10,-1.42042e+11
5.38814e+07,603293,5.30446e+06,-4.84786e+10,-1.42129e+11,-4.88535e+10,-1.42109e+11
5.38878e+07,602753,5.30521e+06,-4.8301e+10,-1.42189e+11,-4.86759e+10,-1.42176e+11
5.38941e+07,602213,5.30597e+06,-4.81233e+10,-1.42249e+11,-4.84982e+10,-1.42243e+11
5.39004e+07,601673,5.30672e+06,-4.79455e+10,-1.42309e+11,-4.83203e+10,-1.42309e+11
5.39067e+07,601132,5.30747e+06,-4.77677e+10,-1.42368e+11,-4.81422e+10,-1.42375e+11
5.3913e+07,600591,5.30822e+06,-4.75898e+10,-1.42428e+11,-4.79639e+10,-1.42441e+11
5.39193e+07,600050,5.30897e+06,-4.74118e+10,-1.42487e+11,-4.77855e+10,-1.42507e+11
5.39256e+07,599509,5.30972e+06,-4.72338e+10,-1.42546e+11,-4.76068e+10,-1.42572e+11
5.39319e+07,598968,5.31047e+06,-4.70556e+10,-1.42604e+11,-4.7428e+10,-1.42637e+11
5.39382e+07,598426,5.31122e+06,-4.68774e+10,-1.42663e+11,-4.72489e+10,-1.42702e+11
5.39446e+07,597884,5.31197e+06,-4.66992e+10,-1.42721e+11,-4.70697e+10,-1.42767e+11
5.39509e+07,597342,5.31272e+06,-4.65208e+10,-1.42779e+11,-4.68903e+10,-1.42831e+11
5.39572e+07,596800,5.31346e+06,-4.63424e+10,-1.42837e+11,-4.67107e+10,-1.42896e+11
5.39635e+07,596257,5.31421e+06,-4.6164e+10,-1.42894e+11,-4.65309e+10,-1.4296e+11
5.39698e+07,595715,5.31495e+06,-4.59854e+10,-1.42952e+11,-4.6351e+10,-1.43023e+11
5.39761e+07,595172,5.3157e+06,-4.58068e+10,-1.43009e+11,-4.61708e+10,-1.43087e+11
5.39824e+07,594628,5.31644e+06,-4.56281e+10,-1.43066e+11,-4.59905e+10,-1.4315e+11
5.39887e+07,594085,5.31719e+06,-4.54493e+10,-1.43122e+11,-4.581e+10,-1.43213e+11
5.39951e+07,593541,5.31793e+06,-4.52705e+10,-1.43179e+11,-4.56293e+10,-1.43276e+11
5.40014e+07,592998,5.31867e+06,-4.50916e+10,-1.43235e+11,-4.54484e+10,-1.43338e+11
5.40077e+07,592454,5.31941e+06,-4.49126e+10,-1.43291e+11,-4.52673e+10,-1.43401e+11
5.4014e+07,591909,5.32015e+06,-4.47336e+10,-1.43347e+11,-4.50861e+10,-1.43463e+11
5.40203e+07,591365,5.32089e+06,-4.45545e+10,-1.43402e+11,-4.49047e+10,-1.43524e+11
5.40266e+07,590820,5.32163e+06,-4.43753e+10,-1.43458e+11,-4.47231e+10,-1.43586e+11
5.40329e+07,590275,5.32237e+06,-4.41961e+10,-1.43513e+11,-4.45413e+10,-1.43647e+11
5.40392e+07,589730,5.32311e+06,-4.40168e+10,-1.43567e+11,-4.43594e+10,-1.43708e+11
5.40455e+07,589185,5.32384e+06,-4.38374e+10,-1.43622e+11,-4.41772e+10,-1.43769e+11
5.40519e+07,588639,5.32458e+06,-4.36579e+10,-1.43677e+11,-4.39949e+10,-1.43829e+11
5.40582e+07,588094,5.32532e+06,-4.34784e+10,-1.43731e+11,-4.38125e+10,-1.43889e+11
5.40645e+07,587548,5.32605e+06,-4.32989e+10,-1.43785e+11,-4.36298e+10,-1.43949e+11
5.40708e+07,587002,5.32679e+06,-4.31192e+10,-1.43839e+11,-4.3447e+10,-1.44009e+11
5.40771e+07,586455,5.32752e+06,-4.29395e+10,-1.43892e+11,-4.3264e+10,-1.44068e+11
5.40834e+07,585909,5.32825e+06,-4.27597e+10,-1.43945e+11,-4.30808e+10,-1.44127e+11
5.40897e+07,585362,5.32898e+06,-4.25799e+10,-1.43998e+11,-4.28975e+10,-1.44186e+11
5.4096e+07,584815,5.32972e+06,-4.24e+10,-1.44051e+11,-4.2714e+10,-1.44244e+11
5.41023e+07,584268,5.33045e+06,-4.222e+10,-1.44104e+11,-4.25304e+10,-1.44303e+11
5.41087e+07,583720,5.33118e+06,-4.204e+10,-1.44156e+11,-4.23465e+10,-1.4436e+11
5.4115e+07,583173,5.33191e+06,-4.18599e+10,-1.44209e+11,-4.21625e+10,-1.44418e+11
5.41213e+07,582625,5.33264e+06,-4.16797e+10,-1.44261e+11,-4.19784e+10,-1.44475e+11
5.41276e+07,582077,5.33336e+06,-4.14995e+10,-1.44312e+11,-4.17941e+10,-1.44532e+11
5.41339e+07,581529,5.33409e+06,-4.13192e+10,-1.44364e+11,-4.16096e+10,-1.44589e+11
5.41402e+07,580981,5.33482e+06,-4.11388e+10,-1.44415e+11,-4.1425e+10,-1.44646e+11
5.41465e+07,580432,5.33554e+06,-4.09584e+10,-1.44466e+11,-4.12402e+10,-1.44702e+11
5.41528e+07,579883,5.33627e+06,-4.07779e+10,-1.44517e+11,-4.10553e+10,-1.44758e+11
5.41592e+07,579335,5.33699e+06,-4.05974e+10,-1.44568e+11,-4.08702e+10,-1.44813e+11
5.41655e+07,578785,5.33772e+06,-4.04168e+10,-1.44618e+11,-4.06849e+10,-1.44868e+11
5.41718e+07,578236,5.33844e+06,-4.02361e+10,-1.44668e+11,-4.04995e+10,-1.44923e+11
5.41781e+07,577687,5.33916e+06,-4.00554e+10,-1.44718e+11,-4.0314e+10,-1.44978e+11
5.41844e+07,577137,5.33989e+06,-3.98746e+10,-1.44768e+11,-4.01283e+10,-1.45032e+11
5.41907e+07,576587,5.34061e+06,-3.96937e+10,-1.44817e+11,-3.99425e+10,-1.45086e+11
5.4197e+07,576037,5.34133e+06,-3.95128e+10,-1.44867e+11,-3.97565e+10,-1.4514e+11
5.42033e+07,575487,5.34205e+06,-3.93319e+10,-1.44916e+11,-3.95704e+10,-1.45193e+11
5.42096e+07,574936,5.34277e+06,-3.91508e+10,-1.44964e+11,-3.93842e+10,-1.45246e+11
5.4216e+07,574386,5.34349e+06,-3.89697e+10,-1.45013e+11,-3.91978e+10,-1.45299e+11
5.42223e+07,573835,5.3442e+06,-3.87886e+10,-1.45061e+11,-3.90112e+10,-1.45352e+11
5.42286e+07,573284,5.34492e+06,-3.86074e+10,-1.4511e+11,-3.88246e+10,-1.45404e+11
5.42349e+07,572733,5.34564e+06,-3.84261e+10,-1.45157e+11,-3.86378e+10,-1.45456e+11
5.42412e+07,572181,5.34635e+06,-3.82448e+10,-1.45205e+11,-3.84509e+10,-1.45507e+11
5.42475e+07,571630,5.34707e+06,-3.80634e+10,-1.45253e+11,-3.82639e+10,-1.45558e+11
5.42538e+07,571078,5.34778e+06,-3.78819e+10,-1.453e+11,-3.80767e+10,-1.45609e+11
5.42601e+07,570526,5.3485e+06,-3.77004e+10,-1.45347e+11,-3.78894e+10,-1.45659e+11
5.42664e+07,569974,5.34921e+06,-3.75188e+10,-1.45394e+11,-3.7702e+10,-1.4571e+11
5.42728e+07,569422,5.34992e+06,-3.73372e+10,-1.4544e+11,-3.75145e+10,-1.45759e+11
5.42791e+07,568869,5.35063e+06,-3.71555e+10,-1.45487e+11,-3.73268e+10,-1.45809e+11
5.42854e+07,568317,5.35135e+06,-3.69738e+10,-1.45533e+11,-3.71391e+10,-1.45858e+11
5.42917e+07,567764,5.35206e+06,-3.6792e+10,-1.45579e+11,-3.69512e+10,-1.45907e+11
5.4298e+07,567211,5.35277e+06,-3.66101e+10,-1.45624e+11,-3.67632e+10,-1.45955e+11
5.43043e+07,566658,5.35347e+06,-3.64282e+10,-1.4567e+11,-3.65752e+10,-1.46004e+11
5.43106e+07,566105,5.35418e+06,-3.62463e+10,-1.45715e+11,-3.6387e+10,-1.46052e+11
5.43169e+07,565551,5.35489e+06,-3.60643e+10,-1.4576e+11,-3.61987e+10,-1.46099e+11
5.43233e+07,564998,5.3556e+06,-3.58822e+10,-1.45805e+11,-3.60103e+10,-1.46146e+11
5.43296e+07,564444,5.3563e+06,-3.57e+10,-1.45849e+11,-3.58218e+10,-1.46193e+11
5.43359e+07,563890,5.35701e+06,-3.55179e+10,-1.45893e+11,-3.56332e+10,-1.4624e+11
5.43422e+07,563336,5.35771e+06,-3.53356e+10,-1.45938e+11,-3.54446e+10,-1.46286e+11
5.43485e+07,562781,5.35842e+06,-3.51533e+10,-1.45981e+11,-3.52558e+10,-1.46331e+11
5.43548e+07,562227,5.35912e+06,-3.4971e+10,-1.46025e+11,-3.50669e+10,-1.46377e+11
5.43611e+07,561672,5.35982e+06,-3.47886e+10,-1.46068e+11,-3.4878e+10,-1.46422e+11
5.43674e+07,561117,5.36053e+06,-3.46061e+10,-1.46112e+11,-3.4689e+10,-1.46467e+11
5.43737e+07,560562,5.36123e+06,-3.44236e+10,-1.46154e+11,-3.44999e+10,-1.46511e+11
5.43801e+07,560007,5.36193e+06,-3.4241e+10,-1.46197e+11,-3.43107e+10,-1.46555e+11
5.43864e+07,559452,5.36263e+06,-3.40584e+10,-1.4624e+11,-3.41214e+10,-1.46599e+11
5.43927e+07,558896,5.36333e+06,-3.38757e+10,-1.46282e+11,-3.39321e+10,-1.46643e+11
5.4399e+07,558341,5.36403e+06,-3.3693e+10,-1.46324e+11,-3.37427e+10,-1.46686e+11
5.44053e+07,557785,5.36472e+06,-3.35102e+10,-1.46366e+11,-3.35532e+10,-1.46728e+11
5.44116e+07,557229,5.36542e+06,-3.33274e+10,-1.46407e+11,-3.33637e+10,-1.46771e+11
5.44179e+07,556673,5.36612e+06,-3.31445e+10,-1.46449e+11,-3.31741e+10,-1.46813e+11
5.44242e+07,556117,5.36681e+06,-3.29616e+10,-1.4649e+11,-3.29844e+10,-1.46854e+11
5.44305e+07,555560,5.36751e+06,-3.27786e+10,-1.46531e+11,-3.27947e+10,-1.46896e+11
5.44369e+07,555004,5.3682e+06,-3.25955e+10,-1.46571e+11,-3.26049e+10,-1.46937e+11
5.44432e+07,554447,5.3689e+06,-3.24125e+10,-1.46612e+11,-3.24151e+10,-1.46977e+11
5.44495e+07,553890,5.36959e+06,-3.22293e+10,-1.46652e+11,-3.22252e+10,-1.47018e+11
5.44558e+07,553333,5.37028e+06,-3.20461e+10,-1.46692e+11,-3.20353e+10,-1.47058e+11
5.44621e+07,552776,5.37097e+06,-3.18629e+10,-1.46732e+11,-3.18453e+10,-1.47097e+11
5.44684e+07,552218,5.37166e+06,-3.16796e+10,-1.46771e+11,-3.16553e+10,-1.47137e+11
5.44747e+07,551661,5.37235e+06,-3.14963e+10,-1.46811e+11,-3.14653e+10,-1.47175e+11
5.4481e+07,551103,5.37304e+06,-3.13129e+10,-1.4685e+11,-3.12752e+10,-1.47214e+11
5.44874e+07,550546,5.37373e+06,-3.11294e+10,-1.46889e+11,-3.1085e+10,-1.47252e+11
5.44937e+07,549988,5.37442e+06,-3.0946e+10,-1.46927e+11,-3.08949e+10,-1.4729e+11
5.45e+07,549429,5.37511e+06,-3.07624e+10,-1.46966e+11,-3.07047e+10,-1.47328e+11
5.45063e+07,548871,5.37579e+06,-3.05788e+10,-1.47004e+11,-3.05144e+10,-1.47365e+11
5.45126e+07,548313,5.37648e+06,-3.03952e+10,-1.47042e+11,-3.03242e+10,-1.47402e+11
5.45189e+07,547754,5.37717e+06,-3.02115e+10,-1.4708e+11,-3.01339e+10,-1.47438e+11
5.45252e+07,547196,5.37785e+06,-3.00278e+10,-1.47117e+11,-2.99436e+10,-1.47474e+11
5.45315e+07,546637,5.37853e+06,-2.9844e+10,-1.47154e+11,-2.97533e+10,-1.4751e+11
5.45378e+07,546078,5.37922e+06,-2.96602e+10,-1.47191e+11,-2.95629e+10,-1.47546e+11
5.45442e+07,545519,5.3799e+06,-2.94763e+10,-1.47228e+11,-2.93726e+10,-1.47581e+11
5.45505e+07,544960,5.38058e+06,-2.92924e+10,-1.47265e+11,-2.91822e+10,-1.47616e+11
5.45568e+07,544400,5.38126e+06,-2.91085e+10,-1.47301e+11,-2.89918e+10,-1.4765e+11
5.45631e+07,543841,5.38194e+06,-2.89245e+10,-1.47337e+11,-2.88015e+10,-1.47684e+11
5.45694e+07,543281,5.38262e+06,-2.87404e+10,-1.47373e+11,-2.86111e+10,-1.47718e+11
5.45757e+07,542721,5.3833e+06,-2.85563e+10,-1.47409e+11,-2.84207e+10,-1.47751e+11
5.4582e+07,542161,5.38398e+06,-2.83722e+10,-1.47444e+11,-2.82303e+10,-1.47784e+11
5.45883e+07,541601,5.38466e+06,-2.8188e+10,-1.47479e+11,-2.80399e+10,-1.47817e+11
5.45946e+07,541041,5.38534e+06,-2.80038e+10,-1.47514e+11,-2.78495e+10,-1.4785e+11
5.4601e+07,540481,5.38601e+06,-2.78195e+10,-1.47549e+11,-2.76591e+10,-1.47882e+11
5.46073e+07,539920,5.38669e+06,-2.76352e+10,-1.47584e+11,-2.74687e+10,-1.47913e+11
5.46136e+07,539360,5.38736e+06,-2.74508e+10,-1.47618e+11,-2.72784e+10,-1.47945e+11
5.46199e+07,538799,5.38804e+06,-2.72664e+10,-1.47652e+11,-2.7088e+10,-1.47976e+11
5.46262e+07,538238,5.38871e+06,-2.7082e+10,-1.47686e+11,-2.68977e+10,-1.48007e+11
5.46325e+07,537677,5.38938e+06,-2.68975e+10,-1.47719e+11,-2.67074e+10,-1.48037e+11
5.46388e+07,537116,5.39005e+06,-2.67129e+10,-1.47753e+11,-2.65171e+10,-1.48067e+11
5.46451e+07,536555,5.39073e+06,-2.65284e+10,-1.47786e+11,-2.63268e+10,-1.48097e+11
5.46515e+07,535994,5.3914e+06,-2.63437e+10,-1.47819e+11,-2.61365e+10,-1.48126e+11
5.46578e+07,535432,5.39207e+06,-2.61591e+10,-1.47851e+11,-2.59463e+10,-1.48155e+11
5.46641e+07,534871,5.39274e+06,-2.59744e+10,-1.47884e+11,-2.57561e+10,-1.48184e+11
5.46704e+07,534309,5.3934e+06,-2.57896e+10,-1.47916e+11,-2.55659e+10,-1.48213e+11
5.46767e+07,533747,5.39407e+06,-2.56048e+10,-1.47948e+11,-2.53757e+10,-1.48241e+11
5.4683e+07,533185,5.39474e+06,-2.542e+10,-1.4798e+11,-2.51856e+10,-1.48269e+11
5.46893e+07,532623,5.39541e+06,-2.52351e+10,-1.48011e+11,-2.49955e+10,-1.48296e+11
5.46956e+07,532061,5.39607e+06,-2.50502e+10,-1.48043e+11,-2.48054e+10,-1.48323e+11
5.47019e+07,531498,5.39674e+06,-2.48653e+10,-1.48074e+11,-2.46154e+10,-1.4835e+11
5.47083e+07,530936,5.3974e+06,-2.46803e+10,-1.48105e+11,-2.44254e+10,-1.48377e+11
5.47146e+07,530373,5.39806e+06,-2.44953e+10,-1.48135e+11,-2.42355e+10,-1.48403e+11
5.47209e+07,529811,5.39873e+06,-2.43102e+10,-1.48166e+11,-2.40456e+10,-1.48429e+11
5.47272e+07,529248,5.39939e+06,-2.41251e+10,-1.48196e+11,-2.38557e+10,-1.48454e+11
5.47335e+07,528685,5.40005e+06,-2.394e+10,-1.48226e+11,-2.36659e+10,-1.4848e+11
5.47398e+07,528122,5.40071e+06,-2.37548e+10,-1.48255e+11,-2.34762e+10,-1.48505e+11
5.47461e+07,527559,5.40137e+06,-2.35696e+10,-1.48285e+11,-2.32864e+10,-1.48529e+11
5.47524e+07,526996,5.40203e+06,-2.33843e+10,-1.48314e+11,-2.30968e+10,-1.48554e+11
5.47587e+07,526432,5.40269e+06,-2.3199e+10,-1.48343e+11,-2.29072e+10,-1.48578e+11
5.47651e+07,525869,5.40335e+06,-2.30137e+10,-1.48372e+11,-2.27176e+10,-1.48602e+11
5.47714e+07,525305,5.40401e+06,-2.28283e+10,-1.484e+11,-2.25281e+10,-1.48625e+11
5.47777e+07,524742,5.40466e+06,-2.26429e+10,-1.48429e+11,-2.23386e+10,-1.48648e+11
5.4784e+07,524178,5.40532e+06,-2.24575e+10,-1.48457e+11,-2.21492e+10,-1.48671e+11
5.47903e+07,523614,5.40597e+06,-2.2272e+10,-1.48485e+11,-2.19599e+10,-1.48694e+11
5.47966e+07,523050,5.40663e+06,-2.20865e+10,-1.48512e+11,-2.17706e+10,-1.48716e+11
5.48029e+07,522486,5.40728e+06,-2.19009e+10,-1.4854e+11,-2.15814e+10,-1.48738e+11
5.48092e+07,521922,5.40793e+06,-2.17153e+10,-1.48567e+11,-2.13922e+10,-1.4876e+11
5.48156e+07,521357,5.40859e+06,-2.15297e+10,-1.48594e+11,-2.12031e+10,-1.48781e+11
5.48219e+07,520793,5.40924e+06,-2.13441e+10,-1.4862e+11,-2.10141e+10,-1.48802e+11
5.48282e+07,520228,5.40989e+06,-2.11584e+10,-1.48647e+11,-2.08251e+10,-1.48823e+11
5.48345e+07,519664,5.41054e+06,-2.09726e+10,-1.48673e+11,-2.06362e+10,-1.48844e+11
5.48408e+07,519099,5.41119e+06,-2.07869e+10,-1.48699e+11,-2.04474e+10,-1.48864e+11
5.48471e+07,518534,5.41184e+06,-2.06011e+10,-1.48725e+11,-2.02586e+10,-1.48884e+11
5.48534e+07,517969,5.41249e+06,-2.04153e+10,-1.4875e+11,-2.00699e+10,-1.48904e+11
5.48597e+07,517404,5.41313e+06,-2.02294e+10,-1.48776e+11,-1.98813e+10,-1.48923e+11
5.4866e+07,516839,5.41378e+06,-2.00435e+10,-1.48801e+11,-1.96928e+10,-1.48942e+11
5.48724e+07,516274,5.41443e+06,-1.98576e+10,-1.48825e+11,-1.95043e+10,-1.48961e+11
5.48787e+07,515709,5.41507e+06,-1.96716e+10,-1.4885e+11,-1.93159e+10,-1.4898e+11
5.4885e+07,515143,5.41572e+06,-1.94857e+10,-1.48874e+11,-1.91275e+10,-1.48998e+11
5.48913e+07,514578,5.41636e+06,-1.92996e+10,-1.48899e+11,-1.89393e+10,-1.49016e+11
5.48976e+07,514012,5.417e+06,-1.91136e+10,-1.48922e+11,-1.87511e+10,-1.49034e+11
5.49039e+07,513447,5.41765e+06,-1.89275e+10,-1.48946e+11,-1.8563e+10,-1.49051e+11
5.49102e+07,512881,5.41829e+06,-1.87414e+10,-1.4897e+11,-1.8375e+10,-1.49069e+11
5.49165e+07,512315,5.41893e+06,-1.85552e+10,-1.48993e+11,-1.8187e+10,-1.49086e+11
5.49228e+07,511749,5.41957e+06,-1.83691e+10,-1.49016e+11,-1.79991e+10,-1.49103e+11
5.49292e+07,511183,5.42021e+06,-1.81829e+10,-1.49039e+11,-1.78113e+10,-1.49119e+11
5.49355e+07,510617,5.42085e+06,-1.79966e+10,-1.49061e+11,-1.76236e+10,-1.49135e+11
5.49418e+07,510051,5.42149e+06,-1.78104e+10,-1.49083e+11,-1.7436e+10,-1.49151e+11
5.49481e+07,509484,5.42212e+06,-1.76241e+10,-1.49105e+11,-1.72484e+10,-1.49167e+11
5.49544e+07,508918,5.42276e+06,-1.74377e+10,-1.49127e+11,-1.70609e+10,-1.49183e+11
5.49607e+07,508352,5.4234e+06,-1.72514e+10,-1.49149e+11,-1.68735e+10,-1.49198e+11
5.4967e+07,507785,5.42403e+06,-1.7065e+10,-1.4917e+11,-1.66862e+10,-1.49213e+11
5.49733e+07,507219,5.42467e+06,-1.68786e+10,-1.49191e+11,-1.6499e+10,-1.49228e+11
5.49797e+07,506652,5.4253e+06,-1.66922e+10,-1.49212e+11,-1.63119e+10,-1.49242e+11
5.4986e+07,506085,5.42593e+06,-1.65057e+10,-1.49233e+11,-1.61248e+10,-1.49256e+11
5.49923e+07,505518,5.42657e+06,-1.63192e+10,-1.49253e+11,-1.59378e+10,-1.4927e+11
5.49986e+07,504951,5.4272e+06,-1.61327e+10,-1.49273e+11,-1.57509e+10,-1.49284e+11
5.50049e+07,504384,5.42783e+06,-1.59462e+10,-1.49293e+11,-1.55641e+10,-1.49298e+11
5.50112e+07,503817,5.42846e+06,-1.57596e+10,-1.49313e+11,-1.53774e+10,-1.49311e+11
5.50175e+07,503250,5.42909e+06,-1.5573e+10,-1.49333e+11,-1.51907e+10,-1.49324e+11
5.50238e+07,502683,5.42972e+06,-1.53864e+10,-1.49352e+11,-1.50042e+10,-1.49337e+11
5.50301e+07,502116,5.43035e+06,-1.51997e+10,-1.49371e+11,-1.48177e+10,-1.4935e+11
5.50365e+07,501548,5.43097e+06,-1.50131e+10,-1.4939e+11,-1.46313e+10,-1.49362e+11
5.50428e+07,500981,5.4316e+06,-1.48264e+10,-1.49408e+11,-1.4445e+10,-1.49374e+11
5.50491e+07,500413,5.43223e+06,-1.46397e+10,-1.49426e+11,-1.42588e+10,-1.49386e+11
5.50554e+07,499846,5.43285e+06,-1.44529e+10,-1.49445e+11,-1.40727e+10,-1.49398e+11
5.50617e+07,499278,5.43348e+06,-1.42662e+10,-1.49462e+11,-1.38866e+10,-1.49409e+11
5.5068e+07,498710,5.4341e+06,-1.40794e+10,-1.4948e+11,-1.37007e+10,-1.49421e+11
5.50743e+07,498143,5.43472e+06,-1.38926e+10,-1.49497e+11,-1.35148e+10,-1.49432e+11
5.50806e+07,497575,5.43535e+06,-1.37057e+10,-1.49515e+11,-1.3329e+10,-1.49443e+11
5.50869e+07,497007,5.43597e+06,-1.35189e+10,-1.49531e+11,-1.31433e+10,-1.49453e+11
5.50933e+07,496439,5.43659e+06,-1.3332e+10,-1.49548e+11,-1.29577e+10,-1.49464e+11
5.50996e+07,495871,5.43721e+06,-1.31451e+10,-1.49565e+11,-1.27721e+10,-1.49474e+11
5.51059e+07,495303,5.43783e+06,-1.29581e+10,-1.49581e+11,-1.25867e+10,-1.49484e+11
5.51122e+07,494735,5.43845e+06,-1.27712e+10,-1.49597e+11,-1.24013e+10,-1.49494e+11
5.51185e+07,494166,5.43907e+06,-1.25842e+10,-1.49613e+11,-1.2216e+10,-1.49503e+11
5.51248e+07,493598,5.43969e+06,-1.23972e+10,-1.49628e+11,-1.20308e+10,-1.49513e+11
5.51311e+07,493030,5.4403e+06,-1.22102e+10,-1.49643e+11,-1.18457e+10,-1.49522e+11
5.51374e+07,492461,5.44092e+06,-1.20232e+10,-1.49658e+11,-1.16607e+10,-1.49531e+11
5.51438e+07,491893,5.44154e+06,-1.18361e+10,-1.49673e+11,-1.14757e+10,-1.4954e+11
5.51501e+07,491324,5.44215e+06,-1.16491e+10,-1.49688e+11,-1.12909e+10,-1.49548e+11
5.51564e+07,490756,5.44276e+06,-1.1462e+10,-1.49702e+11,-1.11061e+10,-1.49557e+11
5.51627e+07,490187,5.44338e+06,-1.12749e+10,-1.49716e+11,-1.09214e+10,-1.49565e+11
5.5169e+07,489619,5.44399e+06,-1.10877e+10,-1.4973e+11,-1.07368e+10,-1.49573e+11
5.51753e+07,489050,5.4446e+06,-1.09006e+10,-1.49744e+11,-1.05522e+10,-1.49581e+11
5.51816e+07,488481,5.44521e+06,-1.07134e+10,-1.49757e+11,-1.03678e+10,-1.49588e+11
5.51879e+07,487912,5.44582e+06,-1.05263e+10,-1.4977e+11,-1.01834e+10,-1.49596e+11
5.51942e+07,487343,5.44643e+06,-1.03391e+10,-1.49783e+11,-9.99908e+09,-1.49603e+11
5.52006e+07,486774,5.44704e+06,-1.01518e+10,-1.49796e+11,-9.81486e+09,-1.4961e+11
5.52069e+07,486205,5.44765e+06,-9.9646e+09,-1.49808e+11,-9.63072e+09,-1.49617e+11
5.52132e+07,485636,5.44826e+06,-9.77735e+09,-1.49821e+11,-9.44665e+09,-1.49624e+11
5.52195e+07,485067,5.44887e+06,-9.59008e+09,-1.49833e+11,-9.26266e+09,-1.4963e+11
5.52258e+07,484498,5.44947e+06,-9.4028e+09,-1.49844e+11,-9.07875e+09,-1.49637e+11
5.52321e+07,483929,5.45008e+06,-9.2155e+09,-1.49856e+11,-8.89492e+09,-1.49643e+11
5.52384e+07,483360,5.45068e+06,-9.02818e+09,-1.49867e+11,-8.71116e+09,-1.49649e+11
5.52447e+07,482791,5.45129e+06,-8.84085e+09,-1.49878e+11,-8.52748e+09,-1.49655e+11
5.5251e+07,482221,5.45189e+06,-8.65351e+09,-1.49889e+11,-8.34387e+09,-1.4966e+11
5.52574e+07,481652,5.45249e+06,-8.46615e+09,-1.499e+11,-8.16033e+09,-1.49666e+11
5.52637e+07,481083,5.4531e+06,-8.27878e+09,-1.4991e+11,-7.97686e+09,-1.49671e+11
5.527e+07,480513,5.4537e+06,-8.09139e+09,-1.4992e+11,-7.79347e+09,-1.49676e+11
5.52763e+07,479944,5.4543e+06,-7.90399e+09,-1.4993e+11,-7.61015e+09,-1.49681e+11
5.52826e+07,479374,5.4549e+06,-7.71657e+09,-1.4994e+11,-7.42689e+09,-1.49686e+11
5.52889e+07,478805,5.4555e+06,-7.52914e+09,-1.49949e+11,-7.24371e+09,-1.49691e+11
5.52952e+07,478235,5.45609e+06,-7.3417e+09,-1.49958e+11,-7.06059e+09,-1.49695e+11
5.53015e+07,477666,5.45669e+06,-7.15425e+09,-1.49967e+11,-6.87754e+09,-1.497e+11
5.53078e+07,477096,5.45729e+06,-6.96679e+09,-1.49976e+11,-6.69456e+09,-1.49704e+11
5.53142e+07,476526,5.45789e+06,-6.77931e+09,-1.49985e+11,-6.51164e+09,-1.49708e+11
5.53205e+07,475957,5.45848e+06,-6.59182e+09,-1.49993e+11,-6.32878e+09,-1.49712e+11
5.53268e+07,475387,5.45908e+06,-6.40432e+09,-1.50001e+11,-6.14599e+09,-1.49715e+11
5.53331e+07,474817,5.45967e+06,-6.21681e+09,-1.50009e+11,-5.96326e+09,-1.49719e+11
5.53394e+07,474247,5.46026e+06,-6.02929e+09,-1.50016e+11,-5.78059e+09,-1.49722e+11
5.53457e+07,473678,5.46086e+06,-5.84176e+09,-1.50023e+11,-5.59798e+09,-1.49725e+11
5.5352e+07,473108,5.46145e+06,-5.65422e+09,-1.5003e+11,-5.41544e+09,-1.49728e+11
5.53583e+07,472538,5.46204e+06,-5.46667e+09,-1.50037e+11,-5.23294e+09,-1.49731e+11
5.53647e+07,471968,5.46263e+06,-5.27911e+09,-1.50044e+11,-5.05051e+09,-1.49734e+11
5.5371e+07,471398,5.46322e+06,-5.09154e+09,-1.5005e+11,-4.86813e+09,-1.49737e+11
5.53773e+07,470828,5.46381e+06,-4.90396e+09,-1.50056e+11,-4.68581e+09,-1.49739e+11
5.53836e+07,470258,5.4644e+06,-4.71637e+09,-1.50062e+11,-4.50353e+09,-1.49742e+11
5.53899e+07,469688,5.46499e+06,-4.52878e+09,-1.50068e+11,-4.32132e+09,-1.49744e+11
5.53962e+07,469118,5.46557e+06,-4.34118e+09,-1.50073e+11,-4.13915e+09,-1.49746e+11
5.54025e+07,468548,5.46616e+06,-4.15357e+09,-1.50079e+11,-3.95703e+09,-1.49748e+11
5.54088e+07,467978,5.46675e+06,-3.96595e+09,-1.50083e+11,-3.77496e+09,-1.49749e+11
5.54151e+07,467408,5.46733e+06,-3.77833e+09,-1.50088e+11,-3.59294e+09,-1.49751e+11
5.54215e+07,466838,5.46792e+06,-3.5907e+09,-1.50093e+11,-3.41096e+09,-1.49753e+11
5.54278e+07,466268,5.4685e+06,-3.40306e+09,-1.50097e+11,-3.22903e+09,-1.49754e+11
5.54341e+07,465698,5.46908e+06,-3.21542e+09,-1.50101e+11,-3.04714e+09,-1.49755e+11
5.54404e+07,465128,5.46966e+06,-3.02777e+09,-1.50105e+11,-2.8653e+09,-1.49756e+11
5.54467e+07,464558,5.47024e+06,-2.84012e+09,-1.50108e+11,-2.68349e+09,-1.49757e+11
5.5453e+07,463987,5.47083e+06,-2.65246e+09,-1.50111e+11,-2.50173e+09,-1.49758e+11
5.54593e+07,463417,5.47141e+06,-2.4648e+09,-1.50115e+11,-2.32e+09,-1.49758e+11
5.54656e+07,462847,5.47198e+06,-2.27713e+09,-1.50117e+11,-2.13831e+09,-1.49759e+11
5.54719e+07,462277,5.47256e+06,-2.08946e+09,-1.5012e+11,-1.95665e+09,-1.49759e+11
5.54783e+07,461707,5.47314e+06,-1.90178e+09,-1.50122e+11,-1.77503e+09,-1.4976e+11
5.54846e+07,461136,5.47372e+06,-1.7141e+09,-1.50124e+11,-1.59344e+09,-1.4976e+11
5.54909e+07,460566,5.47429e+06,-1.52642e+09,-1.50126e+11,-1.41188e+09,-1.4976e+11
5.54972e+07,459996,5.47487e+06,-1.33874e+09,-1.50128e+11,-1.23036e+09,-1.49759e+11
5.55035e+07,459426,5.47545e+06,-1.15105e+09,-1.50129e+11,-1.04886e+09,-1.49759e+11
5.55098e+07,458855,5.47602e+06,-9.63363e+08,-1.50131e+11,-8.67386e+08,-1.49759e+11
5.55161e+07,458285,5.47659e+06,-7.75672e+08,-1.50132e+11,-6.85939e+08,-1.49758e+11
5.55224e+07,457715,5.47717e+06,-5.8798e+08,-1.50132e+11,-5.04516e+08,-1.49757e+11
5.55288e+07,457145,5.47774e+06,-4.00287e+08,-1.50133e+11,-3.23116e+08,-1.49757e+11
5.55351e+07,456574,5.47831e+06,-2.12593e+08,-1.50133e+11,-1.41737e+08,-1.49756e+11
5.55414e+07,456004,5.47888e+06,-2.48976e+07,-1.50133e+11,3.96222e+07,-1.49755e+11
5.55477e+07,455434,5.47945e+06,1.62798e+08,-1.50133e+11,2.20963e+08,-1.49753e+11
5.5554e+07,454864,5.48002e+06,3.50493e+08,-1.50132e+11,4.02288e+08,-1.49752e+11
5.55603e+07,454293,5.48059e+06,5.38187e+08,-1.50132e+11,5.83597e+08,-1.4975e+11
5.55666e+07,453723,5.48116e+06,7.25881e+08,-1.50131e+11,7.64893e+08,-1.49749e+11
5.55729e+07,453153,5.48172e+06,9.13574e+08,-1.50129e+11,9.46176e+08,-1.49747e+11
5.55792e+07,452583,5.48229e+06,1.10127e+09,-1.50128e+11,1.12745e+09,-1.49745e+11
5.55856e+07,452013,5.48286e+06,1.28896e+09,-1.50126e+11,1.30871e+09,-1.49743e+11
5.55919e+07,451442,5.48342e+06,1.47664e+09,-1.50124e+11,1.48997e+09,-1.49741e+11
5.55982e+07,450872,5.48398e+06,1.66433e+09,-1.50122e+11,1.67122e+09,-1.49739e+11
5.56045e+07,450302,5.48455e+06,1.85201e+09,-1.5012e+11,1.85246e+09,-1.49737e+11
5.56108e+07,449732,5.48511e+06,2.03969e+09,-1.50117e+11,2.03371e+09,-1.49734e+11
5.56171e+07,449161,5.48567e+06,2.22737e+09,-1.50115e+11,2.21495e+09,-1.49731e+11
5.56234e+07,448591,5.48623e+06,2.41504e+09,-1.50111e+11,2.39619e+09,-1.49729e+11
5.56297e+07,448021,5.4868e+06,2.60271e+09,-1.50108e+11,2.57743e+09,-1.49726e+11
5.5636e+07,447451,5.48736e+06,2.79038e+09,-1.50105e+11,2.75868e+09,-1.49723e+11
5.56424e+07,446881,5.48791e+06,2.97804e+09,-1.50101e+11,2.93993e+09,-1.4972e+11
5.56487e+07,446311,5.48847e+06,3.1657e+09,-1.50097e+11,3.12118e+09,-1.49716e+11
5.5655e+07,445741,5.48903e+06,3.35335e+09,-1.50093e+11,3.30245e+09,-1.49713e+11
5.56613e+07,445170,5.48959e+06,3.541e+09,-1.50088e+11,3.48372e+09,-1.49709e+11
5.56676e+07,444600,5.49014e+06,3.72864e+09,-1.50083e+11,3.665e+09,-1.49706e+11
5.56739e+07,444030,5.4907e+06,3.91627e+09,-1.50078e+11,3.8463e+09,-1.49702e+11
5.56802e+07,443460,5.49126e+06,4.1039e+09,-1.50073e+11,4.02761e+09,-1.49698e+11
5.56865e+07,442890,5.49181e+06,4.29152e+09,-1.50068e+11,4.20893e+09,-1.49694e+11
5.56929e+07,442320,5.49236e+06,4.47913e+09,-1.50062e+11,4.39028e+09,-1.4969e+11
5.56992e+07,441750,5.49292e+06,4.66674e+09,-1.50056e+11,4.57164e+09,-1.49686e+11
5.57055e+07,441180,5.49347e+06,4.85434e+09,-1.5005e+11,4.75302e+09,-1.49681e+11
5.57118e+07,440610,5.49402e+06,5.04193e+09,-1.50044e+11,4.93442e+09,-1.49677e+11
5.57181e+07,440040,5.49457e+06,5.22951e+09,-1.50037e+11,5.11584e+09,-1.49672e+11
5.57244e+07,439470,5.49512e+06,5.41709e+09,-1.5003e+11,5.29729e+09,-1.49667e+11
5.57307e+07,438901,5.49567e+06,5.60465e+09,-1.50023e+11,5.47876e+09,-1.49662e+11
5.5737e+07,438331,5.49622e+06,5.79221e+09,-1.50016e+11,5.66026e+09,-1.49657e+11
5.57433e+07,437761,5.49677e+06,5.97976e+09,-1.50008e+11,5.84179e+09,-1.49652e+11
5.57497e+07,437191,5.49731e+06,6.16729e+09,-1.50001e+11,6.02335e+09,-1.49646e+11
5.5756e+07,436621,5.49786e+06,6.35482e+09,-1.49993e+11,6.20494e+09,-1.49641e+11
5.57623e+07,436052,5.49841e+06,6.54234e+09,-1.49984e+11,6.38656e+09,-1.49635e+11
5.57686e+07,435482,5.49895e+06,6.72984e+09,-1.49976e+11,6.56822e+09,-1.4963e+11
5.57749e+07,434912,5.4995e+06,6.91734e+09,-1.49967e+11,6.74991e+09,-1.49624e+11
5.57812e+07,434343,5.50004e+06,7.10482e+09,-1.49958e+11,6.93164e+09,-1.49618e+11
5.57875e+07,433773,5.50058e+06,7.29229e+09,-1.49949e+11,7.11341e+09,-1.49611e+11
5.57938e+07,433203,5.50112e+06,7.47975e+09,-1.4994e+11,7.29522e+09,-1.49605e+11
5.58001e+07,432634,5.50167e+06,7.6672e+09,-1.4993e+11,7.47707e+09,-1.49599e+11
5.58065e+07,432064,5.50221e+06,7.85463e+09,-1.4992e+11,7.65896e+09,-1.49592e+11
5.58128e+07,431495,5.50275e+06,8.04206e+09,-1.4991e+11,7.84089e+09,-1.49585e+11
5.58191e+07,430926,5.50329e+06,8.22946e+09,-1.499e+11,8.02287e+09,-1.49578e+11
5.58254e+07,430356,5.50382e+06,8.41686e+09,-1.49889e+11,8.2049e+09,-1.49571e+11
5.58317e+07,429787,5.50436e+06,8.60424e+09,-1.49878e+11,8.38697e+09,-1.49564e+11
5.5838e+07,429218,5.5049e+06,8.79161e+09,-1.49867e+11,8.5691e+09,-1.49557e+11
5.58443e+07,428648,5.50544e+06,8.97896e+09,-1.49856e+11,8.75127e+09,-1.49549e+11
5.58506e+07,428079,5.50597e+06,9.1663e+09,-1.49844e+11,8.93349e+09,-1.49542e+11
5.5857e+07,427510,5.50651e+06,9.35362e+09,-1.49832e+11,9.11577e+09,-1.49534e+11
5.58633e+07,426941,5.50704e+06,9.54093e+09,-1.4982e+11,9.2981e+09,-1.49526e+11
5.58696e+07,426372,5.50758e+06,9.72822e+09,-1.49808e+11,9.48048e+09,-1.49518e+11
5.58759e+07,425803,5.50811e+06,9.91549e+09,-1.49796e+11,9.66292e+09,-1.4951e+11
5.58822e+07,425234,5.50864e+06,1.01028e+10,-1.49783e+11,9.84542e+09,-1.49501e+11
5.58885e+07,424665,5.50917e+06,1.029e+10,-1.4977e+11,1.0028e+10,-1.49493e+11
5.58948e+07,424096,5.5097e+06,1.04772e+10,-1.49757e+11,1.02106e+10,-1.49484e+11
5.59011e+07,423527,5.51023e+06,1.06644e+10,-1.49743e+11,1.03933e+10,-1.49475e+11
5.59074e+07,422958,5.51076e+06,1.08516e+10,-1.4973e+11,1.0576e+10,-1.49466e+11
5.59138e+07,422390,5.51129e+06,1.10388e+10,-1.49716e+11,1.07588e+10,-1.49457e+11
5.59201e+07,421821,5.51182e+06,1.12259e+10,-1.49702e+11,1.09417e+10,-1.49448e+11
5.59264e+07,421252,5.51235e+06,1.14131e+10,-1.49687e+11,1.11246e+10,-1.49439e+11
5.59327e+07,420684,5.51287e+06,1.16002e+10,-1.49673e+11,1.13076e+10,-1.49429e+11
5.5939e+07,420115,5.5134e+06,1.17873e+10,-1.49658e+11,1.14906e+10,-1.49419e+11
5.59453e+07,419547,5.51392e+06,1.19744e+10,-1.49643e+11,1.16738e+10,-1.49409e+11
5.59516e+07,418978,5.51445e+06,1.21614e+10,-1.49628e+11,1.1857e+10,-1.49399e+11
5.59579e+07,418410,5.51497e+06,1.23485e+10,-1.49612e+11,1.20402e+10,-1.49389e+11
5.59642e+07,417842,5.51549e+06,1.25355e+10,-1.49596e+11,1.22236e+10,-1.49378e+11
5.59706e+07,417273,5.51602e+06,1.27225e+10,-1.4958e+11,1.2407e+10,-1.49368e+11
5.59769e+07,416705,5.51654e+06,1.29095e+10,-1.49564e+11,1.25904e+10,-1.49357e+11
5.59832e+07,416137,5.51706e+06,1.30964e+10,-1.49547e+11,1.2774e+10,-1.49346e+11
5.59895e+07,415569,5.51758e+06,1.32833e+10,-1.49531e+11,1.29576e+10,-1.49335e+11
5.59958e+07,415001,5.5181e+06,1.34703e+10,-1.49514e+11,1.31413e+10,-1.49323e+11
5.60021e+07,414433,5.51862e+06,1.36571e+10,-1.49497e+11,1.33251e+10,-1.49312e+11
5.60084e+07,413865,5.51914e+06,1.3844e+10,-1.49479e+11,1.35089e+10,-1.493e+11
5.60147e+07,413297,5.51965e+06,1.40309e+10,-1.49462e+11,1.36928e+10,-1.49288e+11
5.60211e+07,412730,5.52017e+06,1.42177e+10,-1.49444e+11,1.38768e+10,-1.49276e+11
5.60274e+07,412162,5.52069e+06,1.44045e+10,-1.49426e+11,1.40609e+10,-1.49264e+11
5.60337e+07,411594,5.5212e+06,1.45912e+10,-1.49407e+11,1.4245e+10,-1.49251e+11
5.604e+07,411027,5.52172e+06,1.4778e+10,-1.49389e+11,1.44293e+10,-1.49239e+11
5.60463e+07,410459,5.52223e+06,1.49647e+10,-1.4937e+11,1.46136e+10,-1.49226e+11
5.60526e+07,409892,5.52274e+06,1.51514e+10,-1.49351e+11,1.4798e+10,-1.49213e+11
5.60589e+07,409325,5.52325e+06,1.53381e+10,-1.49332e+11,1.49824e+10,-1.492e+11
5.60652e+07,408758,5.52377e+06,1.55247e+10,-1.49312e+11,1.5167e+10,-1.49186e+11
5.60715e+07,408190,5.52428e+06,1.57114e+10,-1.49292e+11,1.53516e+10,-1.49173e+11
5.60779e+07,407623,5.52479e+06,1.5898e+10,-1.49272e+11,1.55363e+10,-1.49159e+11
5.60842e+07,407056,5.5253e+06,1.60845e+10,-1.49252e+11,1.57211e+10,-1.49145e+11
5.60905e+07,406489,5.52581e+06,1.62711e+10,-1.49232e+11,1.59059e+10,-1.49131e+11
5.60968e+07,405922,5.52631e+06,1.64576e+10,-1.49211e+11,1.60909e+10,-1.49116e+11
5.61031e+07,405356,5.52682e+06,1.66441e+10,-1.4919e+11,1.62759e+10,-1.49102e+11
5.61094e+07,404789,5.52733e+06,1.68306e+10,-1.49169e+11,1.6461e+10,-1.49087e+11
5.61157e+07,404222,5.52783e+06,1.7017e+10,-1.49147e+11,1.66462e+10,-1.49072e+11
5.6122e+07,403656,5.52834e+06,1.72034e+10,-1.49126e+11,1.68315e+10,-1.49056e+11
5.61283e+07,403089,5.52884e+06,1.73898e+10,-1.49104e+11,1.70169e+10,-1.49041e+11
5.61347e+07,402523,5.52935e+06,1.75761e+10,-1.49082e+11,1.72023e+10,-1.49025e+11
5.6141e+07,401957,5.52985e+06,1.77625e+10,-1.4906e+11,1.73878e+10,-1.49009e+11
5.61473e+07,401391,5.53035e+06,1.79488e+10,-1.49037e+11,1.75734e+10,-1.48993e+11
5.61536e+07,400824,5.53086e+06,1.8135e+10,-1.49014e+11,1.77591e+10,-1.48977e+11
5.61599e+07,400258,5.53136e+06,1.83213e+10,-1.48991e+11,1.79449e+10,-1.4896e+11
5.61662e+07,399692,5.53186e+06,1.85075e+10,-1.48968e+11,1.81308e+10,-1.48944e+11
5.61725e+07,399127,5.53236e+06,1.86937e+10,-1.48945e+11,1.83167e+10,-1.48927e+11
5.61788e+07,398561,5.53286e+06,1.88798e+10,-1.48921e+11,1.85027e+10,-1.48909e+11
5.61852e+07,397995,5.53335e+06,1.90659e+10,-1.48897e+11,1.86888e+10,-1.48892e+11
5.61915e+07,397429,5.53385e+06,1.9252e+10,-1.48873e+11,1.8875e+10,-1.48874e+11
5.61978e+07,396864,5.53435e+06,1.9438e+10,-1.48848e+11,1.90613e+10,-1.48856e+11
5.62041e+07,396299,5.53484e+06,1.96241e+10,-1.48824e+11,1.92476e+10,-1.48838e+11
5.62104e+07,395733,5.53534e+06,1.98101e+10,-1.48799e+11,1.94341e+10,-1.4882e+11
5.62167e+07,395168,5.53583e+06,1.9996e+10,-1.48774e+11,1.96206e+10,-1.48801e+11
5.6223e+07,394603,5.53633e+06,2.01819e+10,-1.48748e+11,1.98072e+10,-1.48782e+11
5.62293e+07,394038,5.53682e+06,2.03678e+10,-1.48723e+11,1.99939e+10,-1.48763e+11
5.62356e+07,393473,5.53731e+06,2.05537e+10,-1.48697e+11,2.01806e+10,-1.48744e+11
5.6242e+07,392908,5.53781e+06,2.07395e+10,-1.48671e+11,2.03675e+10,-1.48724e+11
5.62483e+07,392343,5.5383e+06,2.09253e+10,-1.48645e+11,2.05544e+10,-1.48704e+11
5.62546e+07,391779,5.53879e+06,2.1111e+10,-1.48618e+11,2.07414e+10,-1.48684e+11
5.62609e+07,391214,5.53928e+06,2.12968e+10,-1.48591e+11,2.09284e+10,-1.48664e+11
5.62672e+07,390650,5.53977e+06,2.14825e+10,-1.48564e+11,2.11156e+10,-1.48643e+11
5.62735e+07,390085,5.54025e+06,2.16681e+10,-1.48537e+11,2.13028e+10,-1.48622e+11
5.62798e+07,389521,5.54074e+06,2.18537e+10,-1.4851e+11,2.14901e+10,-1.48601e+11
5.62861e+07,388957,5.54123e+06,2.20393e+10,-1.48482e+11,2.16775e+10,-1.4858e+11
5.62924e+07,388393,5.54171e+06,2.22249e+10,-1.48454e+11,2.1865e+10,-1.48558e+11
5.62988e+07,387829,5.5422e+06,2.24104e+10,-1.48426e+11,2.20525e+10,-1.48536e+11
5.63051e+07,387265,5.54269e+06,2.25958e+10,-1.48398e+11,2.22401e+10,-1.48514e+11
5.63114e+07,386702,5.54317e+06,2.27813e+10,-1.48369e+11,2.24278e+10,-1.48492e+11
5.63177e+07,386138,5.54365e+06,2.29667e+10,-1.4834e+11,2.26155e+10,-1.48469e+11
5.6324e+07,385574,5.54414e+06,2.3152e+10,-1.48311e+11,2.28033e+10,-1.48446e+11
5.63303e+07,385011,5.54462e+06,2.33374e+10,-1.48282e+11,2.29912e+10,-1.48423e+11
5.63366e+07,384448,5.5451e+06,2.35226e+10,-1.48253e+11,2.31792e+10,-1.48399e+11
5.63429e+07,383885,5.54558e+06,2.37079e+10,-1.48223e+11,2.33672e+10,-1.48376e+11
5.63493e+07,383322,5.54606e+06,2.38931e+10,-1.48193e+11,2.35553e+10,-1.48351e+11
5.63556e+07,382759,5.54654e+06,2.40783e+10,-1.48163e+11,2.37435e+10,-1.48327e+11
5.63619e+07,382196,5.54702e+06,2.42634e+10,-1.48132e+11,2.39317e+10,-1.48302e+11
5.63682e+07,381633,5.54749e+06,2.44485e+10,-1.48101e+11,2.412e+10,-1.48277e+11
5.63745e+07,381071,5.54797e+06,2.46336e+10,-1.48071e+11,2.43084e+10,-1.48252e+11
5.63808e+07,380508,5.54845e+06,2.48186e+10,-1.48039e+11,2.44968e+10,-1.48227e+11
5.63871e+07,379946,5.54892e+06,2.50035e+10,-1.48008e+11,2.46852e+10,-1.48201e+11
5.63934e+07,379384,5.5494e+06,2.51885e+10,-1.47976e+11,2.48738e+10,-1.48175e+11
5.63997e+07,378821,5.54987e+06,2.53734e+10,-1.47945e+11,2.50624e+10,-1.48149e+11
5.64061e+07,378259,5.55035e+06,2.55582e+10,-1.47913e+11,2.5251e+10,-1.48122e+11
5.64124e+07,377698,5.55082e+06,2.5743e+10,-1.4788e+11,2.54397e+10,-1.48095e+11
5.64187e+07,377136,5.55129e+06,2.59278e+10,-1.47848e+11,2.56285e+10,-1.48068e+11
5.6425e+07,376574,5.55176e+06,2.61125e+10,-1.47815e+11,2.58173e+10,-1.4804e+11
5.64313e+07,376013,5.55223e+06,2.62972e+10,-1.47782e+11,2.60062e+10,-1.48012e+11
5.64376e+07,375451,5.5527e+06,2.64819e+10,-1.47749e+11,2.61951e+10,-1.47984e+11
5.64439e+07,374890,5.55317e+06,2.66665e+10,-1.47715e+11,2.63841e+10,-1.47956e+11
5.64502e+07,374329,5.55364e+06,2.6851e+10,-1.47682e+11,2.65731e+10,-1.47927e+11
5.64565e+07,373768,5.55411e+06,2.70355e+10,-1.47648e+11,2.67621e+10,-1.47898e+11
5.64629e+07,373207,5.55458e+06,2.722e+10,-1.47614e+11,2.69512e+10,-1.47868e+11
5.64692e+07,372646,5.55504e+06,2.74045e+10,-1.47579e+11,2.71404e+10,-1.47839e+11
5.64755e+07,372086,5.55551e+06,2.75888e+10,-1.47545e+11,2.73296e+10,-1.47809e+11
5.64818e+07,371525,5.55597e+06,2.77732e+10,-1.4751e+11,2.75188e+10,-1.47778e+11
5.64881e+07,370965,5.55644e+06,2.79575e+10,-1.47475e+11,2.7708e+10,-1.47748e+11
5.64944e+07,370405,5.5569e+06,2.81417e+10,-1.4744e+11,2.78973e+10,-1.47717e+11
5.65007e+07,369845,5.55736e+06,2.83259e+10,-1.47404e+11,2.80867e+10,-1.47686e+11
5.6507e+07,369285,5.55783e+06,2.85101e+10,-1.47369e+11,2.8276e+10,-1.47654e+11
5.65134e+07,368725,5.55829e+06,2.86942e+10,-1.47333e+11,2.84654e+10,-1.47622e+11
5.65197e+07,368165,5.55875e+06,2.88783e+10,-1.47296e+11,2.86548e+10,-1.4759e+11
5.6526e+07,367606,5.55921e+06,2.90623e+10,-1.4726e+11,2.88443e+10,-1.47557e+11
5.65323e+07,367046,5.55967e+06,2.92463e+10,-1.47223e+11,2.90337e+10,-1.47524e+11
5.65386e+07,366487,5.56013e+06,2.94302e+10,-1.47186e+11,2.92232e+10,-1.47491e+11
5.65449e+07,365928,5.56059e+06,2.96141e+10,-1.47149e+11,2.94127e+10,-1.47458e+11
5.65512e+07,365369,5.56104e+06,2.9798e+10,-1.47112e+11,2.96023e+10,-1.47424e+11
5.65575e+07,364810,5.5615e+06,2.99817e+10,-1.47074e+11,2.97918e+10,-1.4739e+11
5.65638e+07,364251,5.56196e+06,3.01655e+10,-1.47037e+11,2.99814e+10,-1.47355e+11
5.65702e+07,363693,5.56241e+06,3.03492e+10,-1.46999e+11,3.01709e+10,-1.4732e+11
5.65765e+07,363134,5.56287e+06,3.05328e+10,-1.4696e+11,3.03605e+10,-1.47285e+11
5.65828e+07,362576,5.56332e+06,3.07164e+10,-1.46922e+11,3.05501e+10,-1.4725e+11
5.65891e+07,362018,5.56377e+06,3.09e+10,-1.46883e+11,3.07397e+10,-1.47214e+11
5.65954e+07,361460,5.56423e+06,3.10835e+10,-1.46844e+11,3.09293e+10,-1.47178e+11
5.66017e+07,360902,5.56468e+06,3.12669e+10,-1.46805e+11,3.11189e+10,-1.47141e+11
5.6608e+07,360345,5.56513e+06,3.14503e+10,-1.46766e+11,3.13085e+10,-1.47104e+11
5.66143e+07,359787,5.56558e+06,3.16337e+10,-1.46726e+11,3.14981e+10,-1.47067e+11
5.66206e+07,359230,5.56603e+06,3.1817e+10,-1.46686e+11,3.16877e+10,-1.4703e+11
5.6627e+07,358672,5.56648e+06,3.20003e+10,-1.46646e+11,3.18773e+10,-1.46992e+11
5.66333e+07,358115,5.56693e+06,3.21835e+10,-1.46606e+11,3.20668e+10,-1.46954e+11
5.66396e+07,357558,5.56737e+06,3.23666e+10,-1.46565e+11,3.22564e+10,-1.46915e+11
5.66459e+07,357002,5.56782e+06,3.25497e+10,-1.46525e+11,3.24459e+10,-1.46876e+11
5.66522e+07,356445,5.56827e+06,3.27328e+10,-1.46484e+11,3.26355e+10,-1.46837e+11
5.66585e+07,355889,5.56871e+06,3.29158e+10,-1.46442e+11,3.2825e+10,-1.46798e+11
5.66648e+07,355332,5.56916e+06,3.30987e+10,-1.46401e+11,3.30145e+10,-1.46758e+11
5.66711e+07,354776,5.5696e+06,3.32816e+10,-1.46359e+11,3.32039e+10,-1.46717e+11
5.66774e+07,354220,5.57005e+06,3.34644e+10,-1.46318e+11,3.33933e+10,-1.46677e+11
5.66838e+07,353664,5.57049e+06,3.36472e+10,-1.46275e+11,3.35828e+10,-1.46636e+11
5.66901e+07,353109,5.57093e+06,3.383e+10,-1.46233e+11,3.37721e+10,-1.46595e+11
5.66964e+07,352553,5.57137e+06,3.40127e+10,-1.4619e+11,3.39615e+10,-1.46553e+11
5.67027e+07,351998,5.57181e+06,3.41953e+10,-1.46148e+11,3.41508e+10,-1.46511e+11
5.6709e+07,351443,5.57225e+06,3.43779e+10,-1.46105e+11,3.434e+10,-1.46469e+11
5.67153e+07,350888,5.57269e+06,3.45604e+10,-1.46061e+11,3.45293e+10,-1.46426e+11
5.67216e+07,350333,5.57313e+06,3.47429e+10,-1.46018e+11,3.47185e+10,-1.46383e+11
5.67279e+07,349778,5.57357e+06,3.49253e+10,-1.45974e+11,3.49076e+10,-1.4634e+11
5.67343e+07,349224,5.57401e+06,3.51076e+10,-1.4593e+11,3.50967e+10,-1.46296e+11
5.67406e+07,348669,5.57444e+06,3.52899e+10,-1.45886e+11,3.52857e+10,-1.46252e+11
5.67469e+07,348115,5.57488e+06,3.54722e+10,-1.45842e+11,3.54747e+10,-1.46208e+11
5.67532e+07,347561,5.57531e+06,3.56544e+10,-1.45797e+11,3.56636e+10,-1.46163e+11
5.67595e+07,347007,5.57575e+06,3.58365e+10,-1.45752e+11,3.58525e+10,-1.46118e+11
5.67658e+07,346454,5.57618e+06,3.60186e+10,-1.45707e+11,3.60413e+10,-1.46073e+11
5.67721e+07,345900,5.57661e+06,3.62006e+10,-1.45662e+11,3.62301e+10,-1.46027e+11
5.67784e+07,345347,5.57705e+06,3.63826e+10,-1.45616e+11,3.64187e+10,-1.45981e+11
5.67847e+07,344794,5.57748e+06,3.65645e+10,-1.45571e+11,3.66073e+10,-1.45934e+11
5.67911e+07,344241,5.57791e+06,3.67464e+10,-1.45525e+11,3.67959e+10,-1.45887e+11
5.67974e+07,343688,5.57834e+06,3.69282e+10,-1.45479e+11,3.69844e+10,-1.4584e+11
5.68037e+07,343135,5.57877e+06,3.71099e+10,-1.45432e+11,3.71727e+10,-1.45793e+11
5.681e+07,342583,5.5792e+06,3.72916e+10,-1.45385e+11,3.73611e+10,-1.45745e+11
5.68163e+07,342030,5.57963e+06,3.74732e+10,-1.45339e+11,3.75493e+10,-1.45697e+11
5.68226e+07,341478,5.58005e+06,3.76548e+10,-1.45291e+11,3.77374e+10,-1.45648e+11
5.68289e+07,340926,5.58048e+06,3.78363e+10,-1.45244e+11,3.79255e+10,-1.456e+11
5.68352e+07,340375,5.58091e+06,3.80177e+10,-1.45197e+11,3.81135e+10,-1.4555e+11
5.68415e+07,339823,5.58133e+06,3.81991e+10,-1.45149e+11,3.83014e+10,-1.45501e+11
5.68479e+07,339272,5.58176e+06,3.83805e+10,-1.45101e+11,3.84892e+10,-1.45451e+11
5.68542e+07,338720,5.58218e+06,3.85617e+10,-1.45053e+11,3.86769e+10,-1.45401e+11
5.68605e+07,338169,5.5826e+06,3.87429e+10,-1.45004e+11,3.88645e+10,-1.4535e+11
5.68668e+07,337619,5.58303e+06,3.89241e+10,-1.44955e+11,3.9052e+10,-1.45299e+11
5.68731e+07,337068,5.58345e+06,3.91052e+10,-1.44907e+11,3.92394e+10,-1.45248e+11
5.68794e+07,336517,5.58387e+06,3.92862e+10,-1.44857e+11,3.94267e+10,-1.45197e+11
5.68857e+07,335967,5.58429e+06,3.94672e+10,-1.44808e+11,3.96139e+10,-1.45145e+11
5.6892e+07,335417,5.58471e+06,3.96481e+10,-1.44759e+11,3.9801e+10,-1.45093e+11
5.68984e+07,334867,5.58513e+06,3.9829e+10,-1.44709e+11,3.99879e+10,-1.4504e+11
5.69047e+07,334317,5.58555e+06,4.00097e+10,-1.44659e+11,4.01748e+10,-1.44987e+11
5.6911e+07,333768,5.58597e+06,4.01905e+10,-1.44608e+11,4.03615e+10,-1.44934e+11
5.69173e+07,333219,5.58638e+06,4.03711e+10,-1.44558e+11,4.05482e+10,-1.4488e+11
5.69236e+07,332669,5.5868e+06,4.05517e+10,-1.44507e+11,4.07347e+10,-1.44827e+11
5.69299e+07,332120,5.58722e+06,4.07323e+10,-1.44456e+11,4.09211e+10,-1.44772e+11
5.69362e+07,331572,5.58763e+06,4.09127e+10,-1.44405e+11,4.11073e+10,-1.44718e+11
5.69425e+07,331023,5.58805e+06,4.10932e+10,-1.44354e+11,4.12935e+10,-1.44663e+11
5.69488e+07,330475,5.58846e+06,4.12735e+10,-1.44302e+11,4.14795e+10,-1.44608e+11
5.69552e+07,329927,5.58887e+06,4.14538e+10,-1.4425e+11,4.16654e+10,-1.44552e+11
5.69615e+07,329379,5.58929e+06,4.1634e+10,-1.44198e+11,4.18511e+10,-1.44497e+11
5.69678e+07,328831,5.5897e+06,4.18142e+10,-1.44146e+11,4.20367e+10,-1.4444e+11
5.69741e+07,328283,5.59011e+06,4.19943e+10,-1.44094e+11,4.22222e+10,-1.44384e+11
5.69804e+07,327736,5.59052e+06,4.21743e+10,-1.44041e+11,4.24076e+10,-1.44327e+11
5.69867e+07,327189,5.59093e+06,4.23542e+10,-1.43988e+11,4.25928e+10,-1.4427e+11
5.6993e+07,326642,5.59134e+06,4.25341e+10,-1.43935e+11,4.27778e+10,-1.44213e+11
5.69993e+07,326095,5.59175e+06,4.2714e+10,-1.43881e+11,4.29627e+10,-1.44155e+11
5.70056e+07,325548,5.59215e+06,4.28937e+10,-1.43828e+11,4.31475e+10,-1.44097e+11
5.7012e+07,325002,5.59256e+06,4.30734e+10,-1.43774e+11,4.33321e+10,-1.44039e+11
5.70183e+07,324456,5.59297e+06,4.32531e+10,-1.4372e+11,4.35166e+10,-1.4398e+11
5.70246e+07,323910,5.59337e+06,4.34326e+10,-1.43666e+11,4.3701e+10,-1.43921e+11
5.70309e+07,323364,5.59378e+06,4.36121e+10,-1.43611e+11,4.38851e+10,-1.43862e+11
5.70372e+07,322819,5.59418e+06,4.37916e+10,-1.43556e+11,4.40692e+10,-1.43803e+11
5.70435e+07,322273,5.59458e+06,4.39709e+10,-1.43501e+11,4.4253e+10,-1.43743e+11
5.70498e+07,321728,5.59499e+06,4.41502e+10,-1.43446e+11,4.44367e+10,-1.43683e+11
5.70561e+07,321183,5.59539e+06,4.43295e+10,-1.43391e+11,4.46203e+10,-1.43622e+11
5.70625e+07,320639,5.59579e+06,4.45086e+10,-1.43335e+11,4.48037e+10,-1.43561e+11
5.70688e+07,320094,5.59619e+06,4.46877e+10,-1.43279e+11,4.49869e+10,-1.435e+11
5.70751e+07,319550,5.59659e+06,4.48667e+10,-1.43223e+11,4.517e+10,-1.43439e+11
5.70814e+07,319006,5.59699e+06,4.50457e+10,-1.43167e+11,4.53529e+10,-1.43378e+11
5.70877e+07,318462,5.59739e+06,4.52246e+10,-1.4311e+11,4.55357e+10,-1.43316e+11
5.7094e+07,317918,5.59779e+06,4.54034e+10,-1.43054e+11,4.57183e+10,-1.43254e+11
5.71003e+07,317375,5.59819e+06,4.55821e+10,-1.42997e+11,4.59007e+10,-1.43191e+11
5.71066e+07,316832,5.59858e+06,4.57608e+10,-1.42939e+11,4.60829e+10,-1.43128e+11
5.71129e+07,316289,5.59898e+06,4.59394e+10,-1.42882e+11,4.6265e+10,-1.43065e+11
5.71193e+07,315746,5.59937e+06,4.6118e+10,-1.42824e+11,4.64469e+10,-1.43002e+11
5.71256e+07,315203,5.59977e+06,4.62964e+10,-1.42767e+11,4.66286e+10,-1.42939e+11
5.71319e+07,314661,5.60016e+06,4.64748e+10,-1.42708e+11,4.68102e+10,-1.42875e+11
5.71382e+07,314119,5.60056e+06,4.66531e+10,-1.4265e+11,4.69916e+10,-1.42811e+11
5.71445e+07,313577,5.60095e+06,4.68314e+10,-1.42592e+11,4.71728e+10,-1.42746e+11
5.71508e+07,313035,5.60134e+06,4.70096e+10,-1.42533e+11,4.73538e+10,-1.42682e+11
5.71571e+07,312494,5.60173e+06,4.71877e+10,-1.42474e+11,4.75347e+10,-1.42617e+11
5.71634e+07,311953,5.60212e+06,4.73657e+10,-1.42415e+11,4.77154e+10,-1.42551e+11
5.71697e+07,311412,5.60251e+06,4.75437e+10,-1.42355e+11,4.78959e+10,-1.42486e+11
5.71761e+07,310871,5.6029e+06,4.77216e+10,-1.42296e+11,4.80762e+10,-1.4242e+11
5.71824e+07,310330,5.60329e+06,4.78994e+10,-1.42236e+11,4.82563e+10,-1.42354e+11
5.71887e+07,309790,5.60368e+06,4.80771e+10,-1.42176e+11,4.84363e+10,-1.42288e+11
5.7195e+07,309250,5.60407e+06,4.82548e+10,-1.42115e+11,4.8616e+10,-1.42222e+11
5.72013e+07,308710,5.60445e+06,4.84324e+10,-1.42055e+11,4.87956e+10,-1.42155e+11
5.72076e+07,308170,5.60484e+06,4.86099e+10,-1.41994e+11,4.8975e+10,-1.42088e+11
5.72139e+07,307631,5.60522e+06,4.87873e+10,-1.41933e+11,4.91543e+10,-1.42021e+11
5.72202e+07,307092,5.60561e+06,4.89647e+10,-1.41872e+11,4.93333e+10,-1.41953e+11
5.72266e+07,306553,5.60599e+06,4.9142e+10,-1.41811e+11,4.95122e+10,-1.41886e+11
5.72329e+07,306014,5.60637e+06,4.93192e+10,-1.41749e+11,4.96908e+10,-1.41818e+11
5.72392e+07,305476,5.60676e+06,4.94964e+10,-1.41687e+11,4.98693e+10,-1.41749e+11
5.72455e+07,304937,5.60714e+06,4.96734e+10,-1.41625e+11,5.00476e+10,-1.41681e+11
5.72518e+07,304399,5.60752e+06,4.98504e+10,-1.41563e+11,5.02257e+10,-1.41612e+11
5.72581e+07,303862,5.6079e+06,5.00273e+10,-1.415e+11,5.04036e+10,-1.41543e+11
5.72644e+07,303324,5.60828e+06,5.02042e+10,-1.41438e+11,5.05813e+10,-1.41474e+11
5.72707e+07,302787,5.60866e+06,5.03809e+10,-1.41375e+11,5.07589e+10,-1.41405e+11
5.7277e+07,302250,5.60904e+06,5.05576e+10,-1.41311e+11,5.09362e+10,-1.41335e+11
5.72834e+07,301713,5.60942e+06,5.07342e+10,-1.41248e+11,5.11134e+10,-1.41265e+11
5.72897e+07,301177,5.60979e+06,5.09107e+10,-1.41184e+11,5.12904e+10,-1.41195e+11
5.7296e+07,300640,5.61017e+06,5.10872e+10,-1.41121e+11,5.14672e+10,-1.41125e+11
5.73023e+07,300104,5.61055e+06,5.12636e+10,-1.41056e+11,5.16437e+10,-1.41055e+11
5.73086e+07,299568,5.61092e+06,5.14399e+10,-1.40992e+11,5.18201e+10,-1.40984e+11
5.73149e+07,299033,5.61129e+06,5.16161e+10,-1.40928e+11,5.19964e+10,-1.40913e+11
5.73212e+07,298497,5.61167e+06,5.17922e+10,-1.40863e+11,5.21724e+10,-1.40842e+11
5.73275e+07,297962,5.61204e+06,5.19683e+10,-1.40798e+11,5.23482e+10,-1.4077e+11
5.73338e+07,297427,5.61241e+06,5.21442e+10,-1.40733e+11,5.25238e+10,-1.40699e+11
5.73402e+07,296893,5.61279e+06,5.23201e+10,-1.40668e+11,5.26993e+10,-1.40627e+11
5.73465e+07,296358,5.61316e+06,5.24959e+10,-1.40602e+11,5.28746e+10,-1.40555e+11
5.73528e+07,295824,5.61353e+06,5.26717e+10,-1.40536e+11,5.30496e+10,-1.40483e+11
5.73591e+07,295290,5.6139e+06,5.28473e+10,-1.4047e+11,5.32245e+10,-1.4041e+11
5.73654e+07,294757,5.61427e+06,5.30229e+10,-1.40404e+11,5.33992e+10,-1.40338e+11
5.73717e+07,294224,5.61463e+06,5.31984e+10,-1.40337e+11,5.35737e+10,-1.40265e+11
5.7378e+07,293690,5.615e+06,5.33738e+10,-1.40271e+11,5.3748e+10,-1.40192e+11
5.73843e+07,293158,5.61537e+06,5.35491e+10,-1.40204e+11,5.39221e+10,-1.40119e+11
5.73907e+07,292625,5.61574e+06,5.37244e+10,-1.40137e+11,5.4096e+10,-1.40045e+11
5.7397e+07,292093,5.6161e+06,5.38995e+10,-1.40069e+11,5.42698e+10,-1.39972e+11
5.74033e+07,291561,5.61647e+06,5.40746e+10,-1.40002e+11,5.44433e+10,-1.39898e+11
5.74096e+07,291029,5.61683e+06,5.42496e+10,-1.39934e+11,5.46167e+10,-1.39824e+11
5.74159e+07,290497,5.6172e+06,5.44245e+10,-1.39866e+11,5.47898e+10,-1.3975e+11
5.74222e+07,289966,5.61756e+06,5.45993e+10,-1.39798e+11,5.49628e+10,-1.39676e+11
5.74285e+07,289435,5.61792e+06,5.47741e+10,-1.39729e+11,5.51356e+10,-1.39601e+11
5.74348e+07,288904,5.61828e+06,5.49487e+10,-1.3966e+11,5.53082e+10,-1.39526e+11
5.74411e+07,288374,5.61864e+06,5.51233e+10,-1.39592e+11,5.54806e+10,-1.39451e+11
5.74475e+07,287843,5.619e+06,5.52978e+10,-1.39522e+11,5.56528e+10,-1.39376e+11
5.74538e+07,287313,5.61936e+06,5.54722e+10,-1.39453e+11,5.58249e+10,-1.39301e+11
5.74601e+07,286784,5.61972e+06,5.56465e+10,-1.39384e+11,5.59967e+10,-1.39226e+11
5.74664e+07,286254,5.62008e+06,5.58207e+10,-1.39314e+11,5.61684e+10,-1.3915e+11
5.74727e+07,285725,5.62044e+06,5.59949e+10,-1.39244e+11,5.63399e+10,-1.39074e+11
5.7479e+07,285196,5.6208e+06,5.61689e+10,-1.39174e+11,5.65112e+10,-1.38998e+11
5.74853e+07,284667,5.62115e+06,5.63429e+10,-1.39103e+11,5.66823e+10,-1.38922e+11
5.74916e+07,284139,5.62151e+06,5.65168e+10,-1.39033e+11,5.68533e+10,-1.38846e+11
5.74979e+07,283611,5.62186e+06,5.66906e+10,-1.38962e+11,5.7024e+10,-1.3877e+11
5.75043e+07,283083,5.62222e+06,5.68643e+10,-1.38891e+11,5.71946e+10,-1.38693e+11
5.75106e+07,282555,5.62257e+06,5.70379e+10,-1.38819e+11,5.7365e+10,-1.38616e+11
5.75169e+07,282028,5.62293e+06,5.72115e+10,-1.38748e+11,5.75352e+10,-1.38539e+11
5.75232e+07,281501,5.62328e+06,5.73849e+10,-1.38676e+11,5.77052e+10,-1.38462e+11
5.75295e+07,280974,5.62363e+06,5.75583e+10,-1.38604e+11,5.7875e+10,-1.38385e+11
5.75358e+07,280448,5.62398e+06,5.77315e+10,-1.38532e+11,5.80447e+10,-1.38308e+11
5.75421e+07,279921,5.62433e+06,5.79047e+10,-1.3846e+11,5.82142e+10,-1.3823e+11
5.75484e+07,279395,5.62468e+06,5.80778e+10,-1.38387e+11,5.83835e+10,-1.38152e+11
5.75548e+07,278870,5.62503e+06,5.82508e+10,-1.38314e+11,5.85527e+10,-1.38074e+11
5.75611e+07,278344,5.62538e+06,5.84237e+10,-1.38241e+11,5.87216e+10,-1.37996e+11
5.75674e+07,277819,5.62573e+06,5.85965e+10,-1.38168e+11,5.88904e+10,-1.37918e+11
5.75737e+07,277294,5.62607e+06,5.87693e+10,-1.38094e+11,5.9059e+10,-1.3784e+11
5.758e+07,276770,5.62642e+06,5.89419e+10,-1.38021e+11,5.92275e+10,-1.37762e+11
5.75863e+07,276245,5.62677e+06,5.91145e+10,-1.37947e+11,5.93957e+10,-1.37683e+11
5.75926e+07,275721,5.62711e+06,5.92869e+10,-1.37873e+11,5.95638e+10,-1.37604e+11
5.75989e+07,275198,5.62746e+06,5.94593e+10,-1.37798e+11,5.97318e+10,-1.37525e+11
5.76052e+07,274674,5.6278e+06,5.96316e+10,-1.37724e+11,5.98995e+10,-1.37446e+11
5.76116e+07,274151,5.62814e+06,5.98037e+10,-1.37649e+11,6.00671e+10,-1.37367e+11
5.76179e+07,273628,5.62849e+06,5.99758e+10,-1.37574e+11,6.02345e+10,-1.37288e+11
5.76242e+07,273106,5.62883e+06,6.01478e+10,-1.37499e+11,6.04018e+10,-1.37208e+11
5.76305e+07,272583,5.62917e+06,6.03197e+10,-1.37423e+11,6.05689e+10,-1.37129e+11
5.76368e+07,272061,5.62951e+06,6.04915e+10,-1.37348e+11,6.07358e+10,-1.37049e+11
5.76431e+07,271540,5.62985e+06,6.06632e+10,-1.37272e+11,6.09026e+10,-1.36969e+11
5.76494e+07,271018,5.63019e+06,6.08349e+10,-1.37196e+11,6.10692e+10,-1.36889e+11
5.76557e+07,270497,5.63053e+06,6.10064e+10,-1.3712e+11,6.12356e+10,-1.36809e+11
5.7662e+07,269976,5.63087e+06,6.11778e+10,-1.37043e+11,6.14019e+10,-1.36729e+11
5.76684e+07,269455,5.63121e+06,6.13492e+10,-1.36966e+11,6.1568e+10,-1.36649e+11
5.76747e+07,268935,5.63154e+06,6.15204e+10,-1.3689e+11,6.1734e+10,-1.36568e+11
5.7681e+07,268415,5.63188e+06,6.16915e+10,-1.36812e+11,6.18998e+10,-1.36488e+11
5.76873e+07,267896,5.63221e+06,6.18626e+10,-1.36735e+11,6.20655e+10,-1.36407e+11
5.76936e+07,267376,5.63255e+06,6.20335e+10,-1.36657e+11,6.2231e+10,-1.36326e+11
5.76999e+07,266857,5.63288e+06,6.22044e+10,-1.3658e+11,6.23963e+10,-1.36245e+11
5.77062e+07,266338,5.63322e+06,6.23752e+10,-1.36502e+11,6.25615e+10,-1.36164e+11
5.77125e+07,265820,5.63355e+06,6.25458e+10,-1.36423e+11,6.27266e+10,-1.36083e+11
5.77189e+07,265301,5.63388e+06,6.27164e+10,-1.36345e+11,6.28915e+10,-1.36002e+11
5.77252e+07,264784,5.63421e+06,6.28869e+10,-1.36266e+11,6.30563e+10,-1.3592e+11
5.77315e+07,264266,5.63454e+06,6.30572e+10,-1.36188e+11,6.32209e+10,-1.35839e+11
5.77378e+07,263749,5.63487e+06,6.32275e+10,-1.36108e+11,6.33853e+10,-1.35757e+11
5.77441e+07,263232,5.6352e+06,6.33977e+10,-1.36029e+11,6.35497e+10,-1.35675e+11
5.77504e+07,262715,5.63553e+06,6.35678e+10,-1.3595e+11,6.37138e+10,-1.35593e+11
5.77567e+07,262198,5.63586e+06,6.37377e+10,-1.3587e+11,6.38779e+10,-1.35511e+11
5.7763e+07,261682,5.63619e+06,6.39076e+10,-1.3579e+11,6.40418e+10,-1.35429e+11
5.77693e+07,261166,5.63652e+06,6.40774e+10,-1.3571e+11,6.42055e+10,-1.35347e+11
5.77757e+07,260651,5.63684e+06,6.42471e+10,-1.3563e+11,6.43692e+10,-1.35264e+11
5.7782e+07,260136,5.63717e+06,6.44167e+10,-1.35549e+11,6.45327e+10,-1.35182e+11
5.77883e+07,259621,5.63749e+06,6.45861e+10,-1.35468e+11,6.4696e+10,-1.35099e+11
5.77946e+07,259106,5.63782e+06,6.47555e+10,-1.35387e+11,6.48592e+10,-1.35017e+11
5.78009e+07,258592,5.63814e+06,6.49248e+10,-1.35306e+11,6.50223e+10,-1.34934e+11
5.78072e+07,258078,5.63847e+06,6.5094e+10,-1.35225e+11,6.51853e+10,-1.34851e+11
5.78135e+07,257564,5.63879e+06,6.52631e+10,-1.35143e+11,6.53481e+10,-1.34768e+11
5.78198e+07,257051,5.63911e+06,6.5432e+10,-1.35061e+11,6.55109e+10,-1.34685e+11
5.78261e+07,256538,5.63943e+06,6.56009e+10,-1.34979e+11,6.56734e+10,-1.34601e+11
5.78325e+07,256025,5.63975e+06,6.57697e+10,-1.34897e+11,6.58359e+10,-1.34518e+11
5.78388e+07,255513,5.64007e+06,6.59383e+10,-1.34814e+11,6.59982e+10,-1.34435e+11
5.78451e+07,255001,5.64039e+06,6.61069e+10,-1.34732e+11,6.61605e+10,-1.34351e+11
5.78514e+07,254489,5.64071e+06,6.62754e+10,-1.34649e+11,6.63226e+10,-1.34267e+11
5.78577e+07,253977,5.64103e+06,6.64437e+10,-1.34566e+11,6.64845e+10,-1.34184e+11
5.7864e+07,253466,5.64135e+06,6.6612e+10,-1.34482e+11,6.66464e+10,-1.341e+11
5.78703e+07,252955,5.64166e+06,6.67801e+10,-1.34399e+11,6.68082e+10,-1.34016e+11
5.78766e+07,252445,5.64198e+06,6.69482e+10,-1.34315e+11,6.69698e+10,-1.33932e+11
5.78829e+07,251935,5.64229e+06,6.71161e+10,-1.34231e+11,6.71313e+10,-1.33848e+11
5.78893e+07,251425,5.64261e+06,6.72839e+10,-1.34147e+11,6.72927e+10,-1.33763e+11
5.78956e+07,250915,5.64292e+06,6.74517e+10,-1.34063e+11,6.74541e+10,-1.33679e+11
5.79019e+07,250406,5.64324e+06,6.76193e+10,-1.33978e+11,6.76153e+10,-1.33594e+11
5.79082e+07,249897,5.64355e+06,6.77868e+10,-1.33893e+11,6.77764e+10,-1.3351e+11
5.79145e+07,249388,5.64386e+06,6.79542e+10,-1.33808e+11,6.79374e+10,-1.33425e+11
5.79208e+07,248880,5.64417e+06,6.81215e+10,-1.33723e+11,6.80982e+10,-1.3334e+11
5.79271e+07,248372,5.64449e+06,6.82887e+10,-1.33637e+11,6.8259e+10,-1.33255e+11
5.79334e+07,247865,5.6448e+06,6.84558e+10,-1.33552e+11,6.84197e+10,-1.3317e+11
5.79398e+07,247357,5.64511e+06,6.86228e+10,-1.33466e+11,6.85803e+10,-1.33085e+11
5.79461e+07,246850,5.64541e+06,6.87897e+10,-1.3338e+11,6.87408e+10,-1.33e+11
5.79524e+07,246344,5.64572e+06,6.89565e+10,-1.33294e+11,6.89012e+10,-1.32915e+11
5.79587e+07,245837,5.64603e+06,6.91231e+10,-1.33207e+11,6.90615e+10,-1.32829e+11
5.7965e+07,245331,5.64634e+06,6.92897e+10,-1.3312e+11,6.92218e+10,-1.32744e+11
5.79713e+07,244826,5.64665e+06,6.94561e+10,-1.33034e+11,6.93819e+10,-1.32658e+11
5.79776e+07,244320,5.64695e+06,6.96225e+10,-1.32946e+11,6.95419e+10,-1.32573e+11
5.79839e+07,243815,5.64726e+06,6.97887e+10,-1.32859e+11,6.97019e+10,-1.32487e+11
5.79902e+07,243311,5.64756e+06,6.99548e+10,-1.32772e+11,6.98618e+10,-1.32401e+11
5.79966e+07,242806,5.64787e+06,7.01208e+10,-1.32684e+11,7.00215e+10,-1.32315e+11
5.80029e+07,242302,5.64817e+06,7.02867e+10,-1.32596e+11,7.01812e+10,-1.32229e+11
5.80092e+07,241798,5.64847e+06,7.04525e+10,-1.32508e+11,7.03409e+10,-1.32142e+11
5.80155e+07,241295,5.64877e+06,7.06182e+10,-1.32419e+11,7.05004e+10,-1.32056e+11
5.80218e+07,240792,5.64908e+06,7.07838e+10,-1.32331e+11,7.06599e+10,-1.3197e+11
5.80281e+07,240289,5.64938e+06,7.09492e+10,-1.32242e+11,7.08193e+10,-1.31883e+11
5.80344e+07,239787,5.64968e+06,7.11146e+10,-1.32153e+11,7.09786e+10,-1.31796e+11
5.80407e+07,239285,5.64998e+06,7.12798e+10,-1.32064e+11,7.11378e+10,-1.3171e+11
5.8047e+07,238783,5.65028e+06,7.14449e+10,-1.31974e+11,7.1297e+10,-1.31623e+11
5.80534e+07,238282,5.65057e+06,7.16099e+10,-1.31885e+11,7.14561e+10,-1.31536e+11
5.80597e+07,237781,5.65087e+06,7.17748e+10,-1.31795e+11,7.16151e+10,-1.31449e+11
5.8066e+07,237281,5.65117e+06,7.19396e+10,-1.31705e+11,7.17741e+10,-1.31362e+11
5.80723e+07,236780,5.65147e+06,7.21043e+10,-1.31615e+11,7.1933e+10,-1.31274e+11
5.80786e+07,236280,5.65176e+06,7.22689e+10,-1.31524e+11,7.20918e+10,-1.31187e+11
5.80849e+07,235781,5.65206e+06,7.24333e+10,-1.31434e+11,7.22506e+10,-1.31099e+11
5.80912e+07,235281,5.65235e+06,7.25976e+10,-1.31343e+11,7.24093e+10,-1.31012e+11
5.80975e+07,234782,5.65265e+06,7.27618e+10,-1.31252e+11,7.2568e+10,-1.30924e+11
5.81039e+07,234284,5.65294e+06,7.2926e+10,-1.3116e+11,7.27266e+10,-1.30836e+11
5.81102e+07,233786,5.65323e+06,7.30899e+10,-1.31069e+11,7.28851e+10,-1.30748e+11
5.81165e+07,233288,5.65352e+06,7.32538e+10,-1.30977e+11,7.30436e+10,-1.3066e+11
5.81228e+07,232790,5.65382e+06,7.34176e+10,-1.30885e+11,7.3202e+10,-1.30572e+11
5.81291e+07,232293,5.65411e+06,7.35812e+10,-1.30793e+11,7.33604e+10,-1.30484e+11
5.81354e+07,231796,5.6544e+06,7.37447e+10,-1.30701e+11,7.35187e+10,-1.30395e+11
5.81417e+07,231300,5.65469e+06,7.39081e+10,-1.30608e+11,7.3677e+10,-1.30307e+11
5.8148e+07,230804,5.65498e+06,7.40714e+10,-1.30516e+11,7.38352e+10,-1.30218e+11
5.81543e+07,230308,5.65527e+06,7.42346e+10,-1.30423e+11,7.39934e+10,-1.30129e+11
5.81607e+07,229812,5.65555e+06,7.43977e+10,-1.3033e+11,7.41515e+10,-1.3004e+11
5.8167e+07,229317,5.65584e+06,7.45606e+10,-1.30236e+11,7.43096e+10,-1.29951e+11
5.81733e+07,228823,5.65613e+06,7.47234e+10,-1.30143e+11,7.44676e+10,-1.29862e+11
5.81796e+07,228328,5.65641e+06,7.48861e+10,-1.30049e+11,7.46256e+10,-1.29773e+11
5.81859e+07,227834,5.6567e+06,7.50487e+10,-1.29955e+11,7.47836e+10,-1.29684e+11
5.81922e+07,227341,5.65698e+06,7.52112e+10,-1.29861e+11,7.49415e+10,-1.29594e+11
5.81985e+07,226847,5.65727e+06,7.53736e+10,-1.29767e+11,7.50994e+10,-1.29504e+11
5.82048e+07,226354,5.65755e+06,7.55358e+10,-1.29672e+11,7.52572e+10,-1.29415e+11
5.82111e+07,225862,5.65783e+06,7.56979e+10,-1.29577e+11,7.5415e+10,-1.29325e+11
5.82175e+07,225370,5.65812e+06,7.58599e+10,-1.29482e+11,7.55727e+10,-1.29235e+11
5.82238e+07,224878,5.6584e+06,7.60218e+10,-1.29387e+11,7.57305e+10,-1.29145e+11
5.82301e+07,224386,5.65868e+06,7.61835e+10,-1.29292e+11,7.58882e+10,-1.29054e+11
5.82364e+07,223895,5.65896e+06,7.63452e+10,-1.29196e+11,7.60458e+10,-1.28964e+11
5.82427e+07,223404,5.65924e+06,7.65067e+10,-1.29101e+11,7.62034e+10,-1.28873e+11
5.8249e+07,222914,5.65952e+06,7.66681e+10,-1.29005e+11,7.6361e+10,-1.28783e+11
5.82553e+07,222424,5.6598e+06,7.68294e+10,-1.28908e+11,7.65186e+10,-1.28692e+11
5.82616e+07,221934,5.66007e+06,7.69905e+10,-1.28812e+11,7.66761e+10,-1.28601e+11
5.8268e+07,221445,5.66035e+06,7.71515e+10,-1.28715e+11,7.68336e+10,-1.2851e+11
5.82743e+07,220956,5.66063e+06,7.73124e+10,-1.28619e+11,7.69911e+10,-1.28418e+11
5.82806e+07,220467,5.66091e+06,7.74732e+10,-1.28522e+11,7.71485e+10,-1.28327e+11
5.82869e+07,219979,5.66118e+06,7.76339e+10,-1.28425e+11,7.7306e+10,-1.28236e+11
5.82932e+07,219491,5.66146e+06,7.77944e+10,-1.28327e+11,7.74633e+10,-1.28144e+11
5.82995e+07,219004,5.66173e+06,7.79549e+10,-1.2823e+11,7.76207e+10,-1.28052e+11
5.83058e+07,218517,5.662e+06,7.81151e+10,-1.28132e+11,7.77781e+10,-1.2796e+11
5.83121e+07,218030,5.66228e+06,7.82753e+10,-1.28034e+11,7.79354e+10,-1.27868e+11
5.83184e+07,217544,5.66255e+06,7.84354e+10,-1.27936e+11,7.80927e+10,-1.27776e+11
5.83248e+07,217058,5.66282e+06,7.85953e+10,-1.27837e+11,7.825e+10,-1.27683e+11
5.83311e+07,216572,5.66309e+06,7.87551e+10,-1.27739e+11,7.84072e+10,-1.27591e+11
5.83374e+07,216087,5.66336e+06,7.89148e+10,-1.2764e+11,7.85644e+10,-1.27498e+11
5.83437e+07,215602,5.66363e+06,7.90743e+10,-1.27541e+11,7.87217e+10,-1.27405e+11
5.835e+07,215117,5.6639e+06,7.92338e+10,-1.27442e+11,7.88788e+10,-1.27312e+11
5.83563e+07,214633,5.66417e+06,7.93931e+10,-1.27342e+11,7.9036e+10,-1.27219e+11
5.83626e+07,214150,5.66444e+06,7.95522e+10,-1.27243e+11,7.91932e+10,-1.27125e+11
5.83689e+07,213666,5.66471e+06,7.97113e+10,-1.27143e+11,7.93503e+10,-1.27032e+11
5.83752e+07,213183,5.66497e+06,7.98702e+10,-1.27043e+11,7.95074e+10,-1.26938e+11
5.83816e+07,212701,5.66524e+06,8.0029e+10,-1.26943e+11,7.96645e+10,-1.26844e+11
5.83879e+07,212218,5.66551e+06,8.01877e+10,-1.26842e+11,7.98216e+10,-1.2675e+11
5.83942e+07,211737,5.66577e+06,8.03462e+10,-1.26742e+11,7.99787e+10,-1.26656e+11
5.84005e+07,211255,5.66604e+06,8.05046e+10,-1.26641e+11,8.01357e+10,-1.26561e+11
5.84068e+07,210774,5.6663e+06,8.06629e+10,-1.2654e+11,8.02927e+10,-1.26467e+11
5.84131e+07,210293,5.66656e+06,8.08211e+10,-1.26439e+11,8.04497e+10,-1.26372e+11
5.84194e+07,209813,5.66683e+06,8.09791e+10,-1.26337e+11,8.06067e+10,-1.26277e+11
5.84257e+07,209333,5.66709e+06,8.1137e+10,-1.26236e+11,8.07637e+10,-1.26182e+11
5.84321e+07,208854,5.66735e+06,8.12948e+10,-1.26134e+11,8.09207e+10,-1.26086e+11
5.84384e+07,208374,5.66761e+06,8.14525e+10,-1.26032e+11,8.10776e+10,-1.25991e+11
5.84447e+07,207896,5.66787e+06,8.161e+10,-1.2593e+11,8.12345e+10,-1.25895e+11
5.8451e+07,207417,5.66813e+06,8.17674e+10,-1.25828e+11,8.13915e+10,-1.25799e+11
5.84573e+07,206939,5.66839e+06,8.19246e+10,-1.25725e+11,8.15484e+10,-1.25703e+11
5.84636e+07,206462,5.66865e+06,8.20818e+10,-1.25622e+11,8.17052e+10,-1.25607e+11
5.84699e+07,205985,5.66891e+06,8.22388e+10,-1.25519e+11,8.18621e+10,-1.25511e+11
5.84762e+07,205508,5.66917e+06,8.23957e+10,-1.25416e+11,8.20189e+10,-1.25414e+11
5.84825e+07,205031,5.66942e+06,8.25524e+10,-1.25313e+11,8.21758e+10,-1.25317e+11
5.84889e+07,204555,5.66968e+06,8.2709e+10,-1.25209e+11,8.23326e+10,-1.2522e+11
5.84952e+07,204080,5.66993e+06,8.28655e+10,-1.25105e+11,8.24894e+10,-1.25123e+11
5.85015e+07,203604,5.67019e+06,8.30219e+10,-1.25002e+11,8.26461e+10,-1.25025e+11
5.85078e+07,203130,5.67044e+06,8.31781e+10,-1.24897e+11,8.28029e+10,-1.24928e+11
5.85141e+07,202655,5.6707e+06,8.33342e+10,-1.24793e+11,8.29596e+10,-1.2483e+11
5.85204e+07,202181,5.67095e+06,8.34901e+10,-1.24689e+11,8.31164e+10,-1.24732e+11
5.85267e+07,201707,5.6712e+06,8.36459e+10,-1.24584e+11,8.32731e+10,-1.24634e+11
5.8533e+07,201234,5.67146e+06,8.38016e+10,-1.24479e+11,8.34297e+10,-1.24535e+11
5.85393e+07,200761,5.67171e+06,8.39572e+10,-1.24374e+11,8.35864e+10,-1.24436e+11
5.85457e+07,200289,5.67196e+06,8.41126e+10,-1.24268e+11,8.3743e+10,-1.24338e+11
5.8552e+07,199817,5.67221e+06,8.42679e+10,-1.24163e+11,8.38997e+10,-1.24238e+11
5.85583e+07,199345,5.67246e+06,8.44231e+10,-1.24057e+11,8.40563e+10,-1.24139e+11
5.85646e+07,198874,5.67271e+06,8.45781e+10,-1.23951e+11,8.42128e+10,-1.2404e+11
5.85709e+07,198403,5.67296e+06,8.4733e+10,-1.23845e+11,8.43694e+10,-1.2394e+11
5.85772e+07,197933,5.6732e+06,8.48878e+10,-1.23739e+11,8.45259e+10,-1.2384e+11
5.85835e+07,197463,5.67345e+06,8.50424e+10,-1.23633e+11,8.46824e+10,-1.2374e+11
5.85898e+07,196993,5.6737e+06,8.51969e+10,-1.23526e+11,8.48389e+10,-1.23639e+11
5.85962e+07,196524,5.67395e+06,8.53513e+10,-1.23419e+11,8.49954e+10,-1.23539e+11
5.86025e+07,196055,5.67419e+06,8.55055e+10,-1.23312e+11,8.51518e+10,-1.23438e+11
5.86088e+07,195586,5.67444e+06,8.56596e+10,-1.23205e+11,8.53082e+10,-1.23336e+11
5.86151e+07,195118,5.67468e+06,8.58135e+10,-1.23097e+11,8.54646e+10,-1.23235e+11
5.86214e+07,194651,5.67492e+06,8.59673e+10,-1.2299e+11,8.56209e+10,-1.23134e+11
5.86277e+07,194184,5.67517e+06,8.6121e+10,-1.22882e+11,8.57772e+10,-1.23032e+11
5.8634e+07,193717,5.67541e+06,8.62746e+10,-1.22774e+11,8.59335e+10,-1.2293e+11
5.86403e+07,193250,5.67565e+06,8.6428e+10,-1.22666e+11,8.60898e+10,-1.22827e+11
5.86466e+07,192784,5.67589e+06,8.65813e+10,-1.22557e+11,8.6246e+10,-1.22725e+11
5.8653e+07,192319,5.67613e+06,8.67344e+10,-1.22449e+11,8.64022e+10,-1.22622e+11
5.86593e+07,191854,5.67638e+06,8.68874e+10,-1.2234e+11,8.65583e+10,-1.22519e+11
5.86656e+07,191389,5.67661e+06,8.70403e+10,-1.22231e+11,8.67144e+10,-1.22416e+11
5.86719e+07,190925,5.67685e+06,8.7193e+10,-1.22122e+11,8.68705e+10,-1.22312e+11
5.86782e+07,190461,5.67709e+06,8.73456e+10,-1.22013e+11,8.70265e+10,-1.22208e+11
5.86845e+07,189997,5.67733e+06,8.7498e+10,-1.21903e+11,8.71825e+10,-1.22104e+11
5.86908e+07,189534,5.67757e+06,8.76503e+10,-1.21793e+11,8.73385e+10,-1.22e+11
5.86971e+07,189071,5.67781e+06,8.78025e+10,-1.21683e+11,8.74944e+10,-1.21895e+11
5.87034e+07,188609,5.67804e+06,8.79545e+10,-1.21573e+11,8.76503e+10,-1.21791e+11
5.87098e+07,188147,5.67828e+06,8.81064e+10,-1.21463e+11,8.78061e+10,-1.21686e+11
5.87161e+07,187686,5.67851e+06,8.82582e+10,-1.21353e+11,8.79619e+10,-1.2158e+11
5.87224e+07,187225,5.67875e+06,8.84098e+10,-1.21242e+11,8.81176e+10,-1.21475e+11
5.87287e+07,186764,5.67898e+06,8.85613e+10,-1.21131e+11,8.82733e+10,-1.21369e+11
5.8735e+07,186304,5.67921e+06,8.87126e+10,-1.2102e+11,8.8429e+10,-1.21263e+11
5.87413e+07,185844,5.67945e+06,8.88638e+10,-1.20909e+11,8.85845e+10,-1.21156e+11
5.87476e+07,185385,5.67968e+06,8.90149e+10,-1.20797e+11,8.87401e+10,-1.2105e+11
5.87539e+07,184926,5.67991e+06,8.91658e+10,-1.20686e+11,8.88955e+10,-1.20943e+11
5.87603e+07,184468,5.68014e+06,8.93166e+10,-1.20574e+11,8.9051e+10,-1.20836e+11
5.87666e+07,184010,5.68037e+06,8.94672e+10,-1.20462e+11,8.92063e+10,-1.20728e+11
5.87729e+07,183552,5.6806e+06,8.96177e+10,-1.2035e+11,8.93616e+10,-1.20621e+11
5.87792e+07,183095,5.68083e+06,8.97681e+10,-1.20238e+11,8.95169e+10,-1.20513e+11
5.87855e+07,182638,5.68106e+06,8.99183e+10,-1.20125e+11,8.9672e+10,-1.20405e+11
5.87918e+07,182182,5.68129e+06,9.00684e+10,-1.20012e+11,8.98272e+10,-1.20296e+11
5.87981e+07,181726,5.68152e+06,9.02183e+10,-1.19899e+11,8.99822e+10,-1.20187e+11
5.88044e+07,181271,5.68174e+06,9.03681e+10,-1.19786e+11,9.01372e+10,-1.20078e+11
5.88107e+07,180816,5.68197e+06,9.05178e+10,-1.19673e+11,9.02921e+10,-1.19969e+11
5.88171e+07,180361,5.6822e+06,9.06673e+10,-1.19559e+11,9.04469e+10,-1.19859e+11
5.88234e+07,179907,5.68242e+06,9.08166e+10,-1.19446e+11,9.06017e+10,-1.19749e+11
5.88297e+07,179453,5.68265e+06,9.09658e+10,-1.19332e+11,9.07564e+10,-1.19639e+11
5.8836e+07,179000,5.68287e+06,9.11149e+10,-1.19218e+11,9.0911e+10,-1.19529e+11
5.88423e+07,178547,5.68309e+06,9.12639e+10,-1.19104e+11,9.10655e+10,-1.19418e+11
5.88486e+07,178094,5.68332e+06,9.14126e+10,-1.18989e+11,9.122e+10,-1.19307e+11
5.88549e+07,177642,5.68354e+06,9.15613e+10,-1.18875e+11,9.13744e+10,-1.19196e+11
5.88612e+07,177191,5.68376e+06,9.17098e+10,-1.1876e+11,9.15286e+10,-1.19084e+11
5.88675e+07,176740,5.68398e+06,9.18582e+10,-1.18645e+11,9.16828e+10,-1.18972e+11
5.88739e+07,176289,5.68421e+06,9.20064e+10,-1.1853e+11,9.18369e+10,-1.1886e+11
5.88802e+07,175839,5.68443e+06,9.21544e+10,-1.18415e+11,9.1991e+10,-1.18748e+11
5.88865e+07,175389,5.68465e+06,9.23024e+10,-1.18299e+11,9.21449e+10,-1.18635e+11
5.88928e+07,174939,5.68486e+06,9.24501e+10,-1.18183e+11,9.22987e+10,-1.18522e+11
5.88991e+07,174490,5.68508e+06,9.25978e+10,-1.18067e+11,9.24525e+10,-1.18408e+11
5.89054e+07,174042,5.6853e+06,9.27453e+10,-1.17951e+11,9.26061e+10,-1.18295e+11
5.89117e+07,173594,5.68552e+06,9.28926e+10,-1.17835e+11,9.27596e+10,-1.18181e+11
5.8918e+07,173146,5.68574e+06,9.30398e+10,-1.17719e+11,9.29131e+10,-1.18067e+11
5.89244e+07,172699,5.68595e+06,9.31869e+10,-1.17602e+11,9.30664e+10,-1.17952e+11
5.89307e+07,172252,5.68617e+06,9.33338e+10,-1.17485e+11,9.32196e+10,-1.17837e+11
5.8937e+07,171806,5.68638e+06,9.34805e+10,-1.17368e+11,9.33727e+10,-1.17722e+11
5.89433e+07,171360,5.6866e+06,9.36271e+10,-1.17251e+11,9.35257e+10,-1.17607e+11
5.89496e+07,170915,5.68681e+06,9.37736e+10,-1.17134e+11,9.36786e+10,-1.17491e+11
5.89559e+07,170470,5.68703e+06,9.39199e+10,-1.17016e+11,9.38314e+10,-1.17375e+11
5.89622e+07,170025,5.68724e+06,9.40661e+10,-1.16899e+11,9.3984e+10,-1.17259e+11
5.89685e+07,169581,5.68745e+06,9.42121e+10,-1.16781e+11,9.41366e+10,-1.17143e+11
5.89748e+07,169138,5.68766e+06,9.4358e+10,-1.16663e+11,9.4289e+10,-1.17026e+11
5.89812e+07,168694,5.68787e+06,9.45037e+10,-1.16544e+11,9.44413e+10,-1.16909e+11
5.89875e+07,168252,5.68809e+06,9.46493e+10,-1.16426e+11,9.45934e+10,-1.16791e+11
5.89938e+07,167809,5.6883e+06,9.47947e+10,-1.16307e+11,9.47454e+10,-1.16673e+11
5.90001e+07,167368,5.68851e+06,9.494e+10,-1.16189e+11,9.48973e+10,-1.16555e+11
5.90064e+07,166926,5.68871e+06,9.50851e+10,-1.1607e+11,9.50491e+10,-1.16437e+11
5.90127e+07,166485,5.68892e+06,9.52301e+10,-1.1595e+11,9.52007e+10,-1.16318e+11
5.9019e+07,166045,5.68913e+06,9.5375e+10,-1.15831e+11,9.53522e+10,-1.16199e+11
5.90253e+07,165605,5.68934e+06,9.55197e+10,-1.15712e+11,9.55035e+10,-1.1608e+11
5.90316e+07,165165,5.68955e+06,9.56642e+10,-1.15592e+11,9.56547e+10,-1.15961e+11
5.9038e+07,164726,5.68975e+06,9.58086e+10,-1.15472e+11,9.58058e+10,-1.15841e+11
5.90443e+07,164287,5.68996e+06,9.59528e+10,-1.15352e+11,9.59567e+10,-1.15721e+11
5.90506e+07,163849,5.69016e+06,9.60969e+10,-1.15232e+11,9.61074e+10,-1.156e+11
5.90569e+07,163412,5.69037e+06,9.62408e+10,-1.15111e+11,9.6258e+10,-1.1548e+11
5.90632e+07,162974,5.69057e+06,9.63846e+10,-1.14991e+11,9.64085e+10,-1.15359e+11
5.90695e+07,162537,5.69078e+06,9.65283e+10,-1.1487e+11,9.65588e+10,-1.15237e+11
5.90758e+07,162101,5.69098e+06,9.66718e+10,-1.14749e+11,9.67089e+10,-1.15116e+11
5.90821e+07,161665,5.69118e+06,9.68151e+10,-1.14628e+11,9.68589e+10,-1.14994e+11
5.90885e+07,161230,5.69138e+06,9.69583e+10,-1.14507e+11,9.70087e+10,-1.14872e+11
5.90948e+07,160795,5.69159e+06,9.71013e+10,-1.14385e+11,9.71583e+10,-1.14749e+11
5.91011e+07,160360,5.69179e+06,9.72442e+10,-1.14264e+11,9.73078e+10,-1.14626e+11
5.91074e+07,159926,5.69199e+06,9.73869e+10,-1.14142e+11,9.74571e+10,-1.14503e+11
5.91137e+07,159493,5.69219e+06,9.75295e+10,-1.1402e+11,9.76062e+10,-1.1438e+11
5.912e+07,159059,5.69239e+06,9.76719e+10,-1.13898e+11,9.77551e+10,-1.14256e+11
5.91263e+07,158627,5.69258e+06,9.78142e+10,-1.13775e+11,9.79039e+10,-1.14132e+11
5.91326e+07,158195,5.69278e+06,9.79563e+10,-1.13653e+11,9.80525e+10,-1.14008e+11
5.91389e+07,157763,5.69298e+06,9.80983e+10,-1.1353e+11,9.82009e+10,-1.13884e+11
5.91453e+07,157332,5.69318e+06,9.82401e+10,-1.13407e+11,9.83491e+10,-1.13759e+11
5.91516e+07,156901,5.69337e+06,9.83817e+10,-1.13284e+11,9.84972e+10,-1.13634e+11
5.91579e+07,156470,5.69357e+06,9.85233e+10,-1.13161e+11,9.8645e+10,-1.13508e+11
5.91642e+07,156041,5.69377e+06,9.86646e+10,-1.13037e+11,9.87926e+10,-1.13383e+11
5.91705e+07,155611,5.69396e+06,9.88058e+10,-1.12914e+11,9.89401e+10,-1.13257e+11
5.91768e+07,155182,5.69416e+06,9.89468e+10,-1.1279e+11,9.90874e+10,-1.13131e+11
5.91831e+07,154754,5.69435e+06,9.90877e+10,-1.12666e+11,9.92344e+10,-1.13004e+11
5.91894e+07,154326,5.69454e+06,9.92285e+10,-1.12542e+11,9.93813e+10,-1.12877e+11
5.91957e+07,153898,5.69474e+06,9.93691e+10,-1.12418e+11,9.95279e+10,-1.1275e+11
5.92021e+07,153471,5.69493e+06,9.95095e+10,-1.12293e+11,9.96744e+10,-1.12623e+11
5.92084e+07,153045,5.69512e+06,9.96498e+10,-1.12169e+11,9.98206e+10,-1.12495e+11
5.92147e+07,152619,5.69531e+06,9.97899e+10,-1.12044e+11,9.99667e+10,-1.12367e+11
5.9221e+07,152193,5.6955e+06,9.99298e+10,-1.11919e+11,1.00112e+11,-1.12239e+11
5.92273e+07,151768,5.69569e+06,1.0007e+11,-1.11794e+11,1.00258e+11,-1.1211e+11
5.92336e+07,151343,5.69588e+06,1.00209e+11,-1.11668e+11,1.00403e+11,-1.11982e+11
5.92399e+07,150919,5.69607e+06,1.00349e+11,-1.11543e+11,1.00549e+11,-1.11853e+11
5.92462e+07,150495,5.69626e+06,1.00488e+11,-1.11417e+11,1.00694e+11,-1.11723e+11
5.92525e+07,150072,5.69645e+06,1.00627e+11,-1.11291e+11,1.00838e+11,-1.11594e+11
5.92589e+07,149649,5.69663e+06,1.00766e+11,-1.11165e+11,1.00983e+11,-1.11464e+11
5.92652e+07,149227,5.69682e+06,1.00905e+11,-1.11039e+11,1.01127e+11,-1.11334e+11
5.92715e+07,148805,5.69701e+06,1.01044e+11,-1.10913e+11,1.01271e+11,-1.11203e+11
5.92778e+07,148384,5.69719e+06,1.01182e+11,-1.10786e+11,1.01415e+11,-1.11073e+11
5.92841e+07,147963,5.69738e+06,1.01321e+11,-1.10659e+11,1.01559e+11,-1.10942e+11
5.92904e+07,147543,5.69756e+06,1.01459e+11,-1.10532e+11,1.01702e+11,-1.10811e+11
5.92967e+07,147123,5.69775e+06,1.01597e+11,-1.10405e+11,1.01845e+11,-1.10679e+11
5.9303e+07,146703,5.69793e+06,1.01735e+11,-1.10278e+11,1.01988e+11,-1.10548e+11
5.93094e+07,146284,5.69812e+06,1.01873e+11,-1.10151e+11,1.02131e+11,-1.10416e+11
5.93157e+07,145866,5.6983e+06,1.0201e+11,-1.10023e+11,1.02273e+11,-1.10283e+11
5.9322e+07,145448,5.69848e+06,1.02148e+11,-1.09895e+11,1.02415e+11,-1.10151e+11
5.93283e+07,145031,5.69866e+06,1.02285e+11,-1.09767e+11,1.02557e+11,-1.10018e+11
5.93346e+07,144614,5.69884e+06,1.02422e+11,-1.09639e+11,1.02699e+11,-1.09885e+11
5.93409e+07,144197,5.69903e+06,1.02559e+11,-1.09511e+11,1.0284e+11,-1.09752e+11
5.93472e+07,143781,5.69921e+06,1.02696e+11,-1.09383e+11,1.02982e+11,-1.09619e+11
5.93535e+07,143366,5.69939e+06,1.02833e+11,-1.09254e+11,1.03123e+11,-1.09485e+11
5.93598e+07,142951,5.69956e+06,1.02969e+11,-1.09125e+11,1.03263e+11,-1.09351e+11
5.93662e+07,142536,5.69974e+06,1.03106e+11,-1.08996e+11,1.03404e+11,-1.09217e+11
5.93725e+07,142122,5.69992e+06,1.03242e+11,-1.08867e+11,1.03544e+11,-1.09083e+11
5.93788e+07,141709,5.7001e+06,1.03378e+11,-1.08738e+11,1.03684e+11,-1.08948e+11
5.93851e+07,141296,5.70028e+06,1.03514e+11,-1.08609e+11,1.03824e+11,-1.08813e+11
5.93914e+07,140883,5.70045e+06,1.03649e+11,-1.08479e+11,1.03963e+11,-1.08678e+11
5.93977e+07,140471,5.70063e+06,1.03785e+11,-1.08349e+11,1.04102e+11,-1.08543e+11
5.9404e+07,140059,5.7008e+06,1.0392e+11,-1.08219e+11,1.04241e+11,-1.08407e+11
5.94103e+07,139648,5.70098e+06,1.04055e+11,-1.08089e+11,1.0438e+11,-1.08271e+11
5.94166e+07,139238,5.70115e+06,1.0419e+11,-1.07959e+11,1.04518e+11,-1.08135e+11
5.9423e+07,138828,5.70133e+06,1.04325e+11,-1.07828e+11,1.04656e+11,-1.07999e+11
5.94293e+07,138418,5.7015e+06,1.0446e+11,-1.07698e+11,1.04794e+11,-1.07862e+11
5.94356e+07,138009,5.70167e+06,1.04595e+11,-1.07567e+11,1.04932e+11,-1.07726e+11
5.94419e+07,137600,5.70185e+06,1.04729e+11,-1.07436e+11,1.05069e+11,-1.07589e+11
5.94482e+07,137192,5.70202e+06,1.04863e+11,-1.07305e+11,1.05206e+11,-1.07452e+11
5.94545e+07,136785,5.70219e+06,1.04997e+11,-1.07173e+11,1.05343e+11,-1.07314e+11
5.94608e+07,136378,5.70236e+06,1.05131e+11,-1.07042e+11,1.05479e+11,-1.07177e+11
5.94671e+07,135971,5.70253e+06,1.05265e+11,-1.0691e+11,1.05616e+11,-1.07039e+11
5.94735e+07,135565,5.7027e+06,1.05399e+11,-1.06779e+11,1.05752e+11,-1.06901e+11
5.94798e+07,135159,5.70287e+06,1.05532e+11,-1.06647e+11,1.05887e+11,-1.06763e+11
5.94861e+07,134754,5.70304e+06,1.05665e+11,-1.06514e+11,1.06023e+11,-1.06625e+11
5.94924e+07,134350,5.70321e+06,1.05798e+11,-1.06382e+11,1.06158e+11,-1.06486e+11
5.94987e+07,133945,5.70338e+06,1.05931e+11,-1.0625e+11,1.06293e+11,-1.06347e+11
5.9505e+07,133542,5.70354e+06,1.06064e+11,-1.06117e+11,1.06427e+11,-1.06208e+11
5.95113e+07,133139,5.70371e+06,1.06197e+11,-1.05984e+11,1.06562e+11,-1.06069e+11
5.95176e+07,132736,5.70388e+06,1.06329e+11,-1.05851e+11,1.06696e+11,-1.0593e+11
5.95239e+07,132334,5.70404e+06,1.06461e+11,-1.05718e+11,1.0683e+11,-1.05791e+11
5.95303e+07,131933,5.70421e+06,1.06593e+11,-1.05585e+11,1.06963e+11,-1.05651e+11
5.95366e+07,131532,5.70437e+06,1.06725e+11,-1.05451e+11,1.07096e+11,-1.05511e+11
5.95429e+07,131131,5.70454e+06,1.06857e+11,-1.05318e+11,1.07229e+11,-1.05371e+11
5.95492e+07,130731,5.7047e+06,1.06989e+11,-1.05184e+11,1.07362e+11,-1.05231e+11
5.95555e+07,130331,5.70486e+06,1.0712e+11,-1.0505e+11,1.07494e+11,-1.0509e+11
5.95618e+07,129932,5.70503e+06,1.07251e+11,-1.04916e+11,1.07626e+11,-1.0495e+11
5.95681e+07,129534,5.70519e+06,1.07383e+11,-1.04782e+11,1.07758e+11,-1.04809e+11
5.95744e+07,129136,5.70535e+06,1.07513e+11,-1.04647e+11,1.0789e+11,-1.04668e+11
5.95807e+07,128738,5.70551e+06,1.07644e+11,-1.04513e+11,1.08021e+11,-1.04527e+11
5.95871e+07,128341,5.70567e+06,1.07775e+11,-1.04378e+11,1.08152e+11,-1.04386e+11
5.95934e+07,127945,5.70583e+06,1.07905e+11,-1.04243e+11,1.08283e+11,-1.04244e+11
5.95997e+07,127549,5.70599e+06,1.08036e+11,-1.04108e+11,1.08413e+11,-1.04102e+11
5.9606e+07,127153,5.70615e+06,1.08166e+11,-1.03972e+11,1.08543e+11,-1.03961e+11
5.96123e+07,126759,5.70631e+06,1.08296e+11,-1.03837e+11,1.08673e+11,-1.03819e+11
5.96186e+07,126364,5.70647e+06,1.08425e+11,-1.03701e+11,1.08803e+11,-1.03677e+11
5.96249e+07,125970,5.70663e+06,1.08555e+11,-1.03566e+11,1.08932e+11,-1.03534e+11
5.96312e+07,125577,5.70679e+06,1.08684e+11,-1.0343e+11,1.09061e+11,-1.03392e+11
5.96376e+07,125184,5.70694e+06,1.08814e+11,-1.03294e+11,1.0919e+11,-1.0325e+11
5.96439e+07,124792,5.7071e+06,1.08943e+11,-1.03157e+11,1.09319e+11,-1.03107e+11
5.96502e+07,124400,5.70725e+06,1.09072e+11,-1.03021e+11,1.09447e+11,-1.02964e+11
5.96565e+07,124009,5.70741e+06,1.092e+11,-1.02885e+11,1.09575e+11,-1.02821e+11
5.96628e+07,123618,5.70757e+06,1.09329e+11,-1.02748e+11,1.09702e+11,-1.02678e+11
5.96691e+07,123227,5.70772e+06,1.09457e+11,-1.02611e+11,1.0983e+11,-1.02535e+11
5.96754e+07,122838,5.70787e+06,1.09586e+11,-1.02474e+11,1.09957e+11,-1.02391e+11
5.96817e+07,122448,5.70803e+06,1.09714e+11,-1.02337e+11,1.10084e+11,-1.02248e+11
5.9688e+07,122060,5.70818e+06,1.09842e+11,-1.02199e+11,1.1021e+11,-1.02104e+11
5.96944e+07,121672,5.70833e+06,1.09969e+11,-1.02062e+11,1.10336e+11,-1.0196e+11
5.97007e+07,121284,5.70848e+06,1.10097e+11,-1.01924e+11,1.10462e+11,-1.01816e+11
5.9707e+07,120897,5.70864e+06,1.10224e+11,-1.01786e+11,1.10588e+11,-1.01672e+11
5.97133e+07,120510,5.70879e+06,1.10352e+11,-1.01648e+11,1.10713e+11,-1.01528e+11
5.97196e+07,120124,5.70894e+06,1.10479e+11,-1.0151e+11,1.10839e+11,-1.01384e+11
5.97259e+07,119738,5.70909e+06,1.10605e+11,-1.01372e+11,1.10963e+11,-1.01239e+11
5.97322e+07,119353,5.70924e+06,1.10732e+11,-1.01233e+11,1.11088e+11,-1.01095e+11
5.97385e+07,118969,5.70939e+06,1.10859e+11,-1.01095e+11,1.11212e+11,-1.0095e+11
5.97448e+07,118585,5.70954e+06,1.10985e+11,-1.00956e+11,1.11336e+11,-1.00805e+11
5.97512e+07,118202,5.70968e+06,1.11111e+11,-1.00817e+11,1.1146e+11,-1.00661e+11
5.97575e+07,117819,5.70983e+06,1.11237e+11,-1.00678e+11,1.11584e+11,-1.00516e+11
5.97638e+07,117436,5.70998e+06,1.11363e+11,-1.00539e+11,1.11707e+11,-1.0037e+11
5.97701e+07,117054,5.71013e+06,1.11489e+11,-1.00399e+11,1.1183e+11,-1.00225e+11
5.97764e+07,116673,5.71027e+06,1.11614e+11,-1.0026e+11,1.11953e+11,-1.0008e+11
5.97827e+07,116292,5.71042e+06,1.1174e+11,-1.0012e+11,1.12075e+11,-9.99344e+10
5.9789e+07,115912,5.71056e+06,1.11865e+11,-9.99799e+10,1.12197e+11,-9.97889e+10
5.97953e+07,115532,5.71071e+06,1.1199e+11,-9.98398e+10,1.12319e+11,-9.96432e+10
5.98017e+07,115153,5.71085e+06,1.12115e+11,-9.96996e+10,1.12441e+11,-9.94975e+10
5.9808e+07,114774,5.711e+06,1.12239e+11,-9.95592e+10,1.12562e+11,-9.93516e+10
5.98143e+07,114396,5.71114e+06,1.12364e+11,-9.94187e+10,1.12683e+11,-9.92057e+10
5.98206e+07,114018,5.71128e+06,1.12488e+11,-9.9278e+10,1.12804e+11,-9.90596e+10
5.98269e+07,113641,5.71142e+06,1.12612e+11,-9.91371e+10,1.12924e+11,-9.89135e+10
5.98332e+07,113265,5.71157e+06,1.12736e+11,-9.89961e+10,1.13045e+11,-9.87673e+10
5.98395e+07,112889,5.71171e+06,1.1286e+11,-9.8855e+10,1.13165e+11,-9.8621e+10
5.98458e+07,112513,5.71185e+06,1.12983e+11,-9.87137e+10,1.13284e+11,-9.84746e+10
5.98521e+07,112138,5.71199e+06,1.13107e+11,-9.85722e+10,1.13404e+11,-9.83281e+10
5.98585e+07,111764,5.71213e+06,1.1323e+11,-9.84306e+10,1.13523e+11,-9.81815e+10
5.98648e+07,111390,5.71227e+06,1.13353e+11,-9.82888e+10,1.13642e+11,-9.80349e+10
5.98711e+07,111017,5.71241e+06,1.13476e+11,-9.81469e+10,1.13761e+11,-9.78881e+10
5.98774e+07,110644,5.71255e+06,1.13599e+11,-9.80048e+10,1.13879e+11,-9.77413e+10
5.98837e+07,110272,5.71269e+06,1.13721e+11,-9.78625e+10,1.13998e+11,-9.75944e+10
5.989e+07,109900,5.71282e+06,1.13843e+11,-9.77202e+10,1.14115e+11,-9.74474e+10
5.98963e+07,109529,5.71296e+06,1.13966e+11,-9.75776e+10,1.14233e+11,-9.73004e+10
5.99026e+07,109158,5.7131e+06,1.14088e+11,-9.74349e+10,1.14351e+11,-9.71533e+10
5.99089e+07,108788,5.71323e+06,1.14209e+11,-9.72921e+10,1.14468e+11,-9.7006e+10
5.99153e+07,108419,5.71337e+06,1.14331e+11,-9.7149e+10,1.14585e+11,-9.68588e+10
5.99216e+07,108050,5.71351e+06,1.14452e+11,-9.70059e+10,1.14701e+11,-9.67114e+10
5.99279e+07,107681,5.71364e+06,1.14574e+11,-9.68626e+10,1.14818e+11,-9.6564e+10
5.99342e+07,107314,5.71377e+06,1.14695e+11,-9.67191e+10,1.14934e+11,-9.64165e+10
5.99405e+07,106946,5.71391e+06,1.14816e+11,-9.65755e+10,1.1505e+11,-9.6269e+10
5.99468e+07,106579,5.71404e+06,1.14936e+11,-9.64317e+10,1.15166e+11,-9.61214e+10
5.99531e+07,106213,5.71418e+06,1.15057e+11,-9.62878e+10,1.15281e+11,-9.59737e+10
5.99594e+07,105847,5.71431e+06,1.15177e+11,-9.61437e+10,1.15396e+11,-9.58259e+10
5.99658e+07,105482,5.71444e+06,1.15298e+11,-9.59995e+10,1.15511e+11,-9.56781e+10
5.99721e+07,105118,5.71457e+06,1.15418e+11,-9.58551e+10,1.15626e+11,-9.55302e+10
5.99784e+07,104754,5.7147e+06,1.15537e+11,-9.57106e+10,1.15741e+11,-9.53823e+10
5.99847e+07,104390,5.71483e+06,1.15657e+11,-9.55659e+10,1.15855e+11,-9.52343e+10
5.9991e+07,104027,5.71496e+06,1.15777e+11,-9.54211e+10,1.15969e+11,-9.50863e+10
5.99973e+07,103665,5.71509e+06,1.15896e+11,-9.52761e+10,1.16083e+11,-9.49382e+10
6.00036e+07,103303,5.71522e+06,1.16015e+11,-9.5131e+10,1.16196e+11,-9.479e+10
6.00099e+07,102942,5.71535e+06,1.16134e+11,-9.49857e+10,1.1631e+11,-9.46418e+10
6.00162e+07,102581,5.71548e+06,1.16253e+11,-9.48403e+10,1.16423e+11,-9.44935e+10
6.00226e+07,102221,5.71561e+06,1.16371e+11,-9.46947e+10,1.16536e+11,-9.43452e+10
6.00289e+07,101861,5.71574e+06,1.1649e+11,-9.45489e+10,1.16648e+11,-9.41968e+10
6.00352e+07,101502,5.71587e+06,1.16608e+11,-9.44031e+10,1.16761e+11,-9.40484e+10
6.00415e+07,101143,5.71599e+06,1.16726e+11,-9.4257e+10,1.16873e+11,-9.38999e+10
6.00478e+07,100785,5.71612e+06,1.16844e+11,-9.41109e+10,1.16985e+11,-9.37514e+10
6.00541e+07,100428,5.71624e+06,1.16961e+11,-9.39645e+10,1.17096e+11,-9.36028e+10
6.00604e+07,100071,5.71637e+06,1.17079e+11,-9.38181e+10,1.17208e+11,-9.34542e+10
6.00667e+07,99714.7,5.71649e+06,1.17196e+11,-9.36714e+10,1.17319e+11,-9.33056e+10
6.0073e+07,99359,5.71662e+06,1.17313e+11,-9.35247e+10,1.1743e+11,-9.31569e+10
6.00794e+07,99003.8,5.71674e+06,1.1743e+11,-9.33778e+10,1.17541e+11,-9.30081e+10
6.00857e+07,98649.1,5.71687e+06,1.17547e+11,-9.32307e+10,1.17652e+11,-9.28593e+10
6.0092e+07,98295,5.71699e+06,1.17664e+11,-9.30835e+10,1.17762e+11,-9.27105e+10
6.00983e+07,97941.5,5.71711e+06,1.1778e+11,-9.29361e+10,1.17873e+11,-9.25616e+10
6.01046e+07,97588.6,5.71724e+06,1.17896e+11,-9.27886e+10,1.17983e+11,-9.24127e+10
6.01109e+07,97236.2,5.71736e+06,1.18012e+11,-9.2641e+10,1.18092e+11,-9.22637e+10
6.01172e+07,96884.3,5.71748e+06,1.18128e+11,-9.24932e+10,1.18202e+11,-9.21147e+10
6.01235e+07,96533,5.7176e+06,1.18244e+11,-9.23452e+10,1.18311e+11,-9.19656e+10
6.01299e+07,96182.3,5.71772e+06,1.18359e+11,-9.21971e+10,1.18421e+11,-9.18166e+10
6.01362e+07,95832.2,5.71784e+06,1.18475e+11,-9.20489e+10,1.1853e+11,-9.16674e+10
6.01425e+07,95482.6,5.71796e+06,1.1859e+11,-9.19005e+10,1.18638e+11,-9.15183e+10
6.01488e+07,95133.6,5.71808e+06,1.18705e+11,-9.1752e+10,1.18747e+11,-9.13691e+10
6.01551e+07,94785.1,5.7182e+06,1.18819e+11,-9.16033e+10,1.18855e+11,-9.12198e+10
6.01614e+07,94437.2,5.71832e+06,1.18934e+11,-9.14545e+10,1.18963e+11,-9.10706e+10
6.01677e+07,94089.9,5.71844e+06,1.19048e+11,-9.13056e+10,1.19071e+11,-9.09212e+10
6.0174e+07,93743.1,5.71855e+06,1.19162e+11,-9.11565e+10,1.19179e+11,-9.07719e+10
6.01803e+07,93396.9,5.71867e+06,1.19276e+11,-9.10072e+10,1.19287e+11,-9.06225e+10
6.01867e+07,93051.3,5.71879e+06,1.1939e+11,-9.08578e+10,1.19394e+11,-9.04731e+10
6.0193e+07,92706.2,5.7189e+06,1.19504e+11,-9.07083e+10,1.19502e+11,-9.03236e+10
6.01993e+07,92361.7,5.71902e+06,1.19617e+11,-9.05586e+10,1.19609e+11,-9.01742e+10
6.02056e+07,92017.8,5.71913e+06,1.1973e+11,-9.04088e+10,1.19715e+11,-9.00246e+10
6.02119e+07,91674.4,5.71925e+06,1.19843e+11,-9.02588e+10,1.19822e+11,-8.98751e+10
6.02182e+07,91331.7,5.71936e+06,1.19956e+11,-9.01087e+10,1.19929e+11,-8.97255e+10
6.02245e+07,90989.4,5.71948e+06,1.20069e+11,-8.99585e+10,1.20035e+11,-8.95759e+10
6.02308e+07,90647.8,5.71959e+06,1.20181e+11,-8.98081e+10,1.20141e+11,-8.94262e+10
6.02371e+07,90306.7,5.7197e+06,1.20294e+11,-8.96575e+10,1.20247e+11,-8.92765e+10
6.02435e+07,89966.2,5.71982e+06,1.20406e+11,-8.95069e+10,1.20353e+11,-8.91268e+10
6.02498e+07,89626.3,5.71993e+06,1.20518e+11,-8.9356e+10,1.20458e+11,-8.8977e+10
6.02561e+07,89286.9,5.72004e+06,1.20629e+11,-8.92051e+10,1.20564e+11,-8.88272e+10
6.02624e+07,88948.2,5.72015e+06,1.20741e+11,-8.9054e+10,1.20669e+11,-8.86774e+10
6.02687e+07,88610,5.72026e+06,1.20852e+11,-8.89028e+10,1.20774e+11,-8.85275e+10
6.0275e+07,88272.3,5.72037e+06,1.20963e+11,-8.87514e+10,1.20879e+11,-8.83777e+10
6.02813e+07,87935.3,5.72049e+06,1.21074e+11,-8.85999e+10,1.20984e+11,-8.82277e+10
6.02876e+07,87598.8,5.7206e+06,1.21185e+11,-8.84482e+10,1.21088e+11,-8.80778e+10
6.0294e+07,87262.9,5.7207e+06,1.21296e+11,-8.82964e+10,1.21193e+11,-8.79278e+10
6.03003e+07,86927.6,5.72081e+06,1.21406e+11,-8.81445e+10,1.21297e+11,-8.77777e+10
6.03066e+07,86592.8,5.72092e+06,1.21516e+11,-8.79924e+10,1.21401e+11,-8.76277e+10
6.03129e+07,86258.6,5.72103e+06,1.21626e+11,-8.78402e+10,1.21505e+11,-8.74776e+10
6.03192e+07,85925,5.72114e+06,1.21736e+11,-8.76878e+10,1.21609e+11,-8.73274e+10
6.03255e+07,85592,5.72125e+06,1.21846e+11,-8.75353e+10,1.21712e+11,-8.71773e+10
6.03318e+07,85259.6,5.72135e+06,1.21955e+11,-8.73827e+10,1.21816e+11,-8.70271e+10
6.03381e+07,84927.7,5.72146e+06,1.22065e+11,-8.72299e+10,1.21919e+11,-8.68768e+10
6.03444e+07,84596.5,5.72156e+06,1.22174e+11,-8.7077e+10,1.22022e+11,-8.67266e+10
6.03508e+07,84265.8,5.72167e+06,1.22283e+11,-8.6924e+10,1.22125e+11,-8.65763e+10
6.03571e+07,83935.7,5.72178e+06,1.22391e+11,-8.67708e+10,1.22228e+11,-8.64259e+10
6.03634e+07,83606.1,5.72188e+06,1.225e+11,-8.66175e+10,1.22331e+11,-8.62755e+10
6.03697e+07,83277.2,5.72199e+06,1.22608e+11,-8.6464e+10,1.22434e+11,-8.61251e+10
6.0376e+07,82948.8,5.72209e+06,1.22716e+11,-8.63104e+10,1.22536e+11,-8.59746e+10
6.03823e+07,82621.1,5.72219e+06,1.22824e+11,-8.61567e+10,1.22638e+11,-8.58241e+10
6.03886e+07,82293.9,5.7223e+06,1.22932e+11,-8.60028e+10,1.22741e+11,-8.56736e+10
6.03949e+07,81967.2,5.7224e+06,1.23039e+11,-8.58488e+10,1.22843e+11,-8.5523e+10
6.04012e+07,81641.2,5.7225e+06,1.23147e+11,-8.56947e+10,1.22944e+11,-8.53724e+10
6.04076e+07,81315.8,5.7226e+06,1.23254e+11,-8.55404e+10,1.23046e+11,-8.52217e+10
6.04139e+07,80990.9,5.7227e+06,1.23361e+11,-8.5386e+10,1.23148e+11,-8.5071e+10
6.04202e+07,80666.7,5.72281e+06,1.23467e+11,-8.52315e+10,1.23249e+11,-8.49203e+10
6.04265e+07,80343,5.72291e+06,1.23574e+11,-8.50768e+10,1.23351e+11,-8.47695e+10
6.04328e+07,80019.9,5.72301e+06,1.2368e+11,-8.4922e+10,1.23452e+11,-8.46186e+10
6.04391e+07,79697.4,5.72311e+06,1.23786e+11,-8.4767e+10,1.23553e+11,-8.44677e+10
6.04454e+07,79375.5,5.72321e+06,1.23892e+11,-8.4612e+10,1.23654e+11,-8.43168e+10
6.04517e+07,79054.2,5.72331e+06,1.23998e+11,-8.44567e+10,1.23755e+11,-8.41658e+10
6.04581e+07,78733.4,5.7234e+06,1.24104e+11,-8.43014e+10,1.23856e+11,-8.40148e+10
6.04644e+07,78413.3,5.7235e+06,1.24209e+11,-8.41459e+10,1.23956e+11,-8.38637e+10
6.04707e+07,78093.7,5.7236e+06,1.24314e+11,-8.39903e+10,1.24057e+11,-8.37126e+10
6.0477e+07,77774.8,5.7237e+06,1.24419e+11,-8.38346e+10,1.24157e+11,-8.35614e+10
6.04833e+07,77456.4,5.7238e+06,1.24524e+11,-8.36787e+10,1.24257e+11,-8.34102e+10
6.04896e+07,77138.6,5.72389e+06,1.24629e+11,-8.35227e+10,1.24357e+11,-8.32589e+10
6.04959e+07,76821.4,5.72399e+06,1.24733e+11,-8.33666e+10,1.24457e+11,-8.31076e+10
6.05022e+07,76504.8,5.72408e+06,1.24837e+11,-8.32103e+10,1.24557e+11,-8.29562e+10
6.05085e+07,76188.8,5.72418e+06,1.24941e+11,-8.30539e+10,1.24657e+11,-8.28048e+10
6.05149e+07,75873.4,5.72428e+06,1.25045e+11,-8.28974e+10,1.24757e+11,-8.26533e+10
6.05212e+07,75558.6,5.72437e+06,1.25149e+11,-8.27407e+10,1.24856e+11,-8.25017e+10
6.05275e+07,75244.4,5.72446e+06,1.25252e+11,-8.25839e+10,1.24956e+11,-8.23501e+10
6.05338e+07,74930.8,5.72456e+06,1.25356e+11,-8.2427e+10,1.25055e+11,-8.21984e+10
6.05401e+07,74617.8,5.72465e+06,1.25459e+11,-8.22699e+10,1.25154e+11,-8.20466e+10
6.05464e+07,74305.4,5.72475e+06,1.25561e+11,-8.21127e+10,1.25253e+11,-8.18948e+10
6.05527e+07,73993.5,5.72484e+06,1.25664e+11,-8.19554e+10,1.25352e+11,-8.1743e+10
6.0559e+07,73682.3,5.72493e+06,1.25766e+11,-8.1798e+10,1.25451e+11,-8.1591e+10
6.05653e+07,73371.7,5.72502e+06,1.25869e+11,-8.16404e+10,1.2555e+11,-8.1439e+10
6.05717e+07,73061.6,5.72511e+06,1.25971e+11,-8.14827e+10,1.25649e+11,-8.12869e+10
6.0578e+07,72752.2,5.72521e+06,1.26073e+11,-8.13249e+10,1.25747e+11,-8.11348e+10
6.05843e+07,72443.4,5.7253e+06,1.26174e+11,-8.11669e+10,1.25846e+11,-8.09826e+10
6.05906e+07,72135.1,5.72539e+06,1.26276e+11,-8.10089e+10,1.25944e+11,-8.08303e+10
6.05969e+07,71827.5,5.72548e+06,1.26377e+11,-8.08507e+10,1.26042e+11,-8.06779e+10
6.06032e+07,71520.5,5.72557e+06,1.26478e+11,-8.06923e+10,1.26141e+11,-8.05255e+10
6.06095e+07,71214,5.72566e+06,1.26579e+11,-8.05339e+10,1.26239e+11,-8.0373e+10
6.06158e+07,70908.2,5.72574e+06,1.2668e+11,-8.03753e+10,1.26337e+11,-8.02204e+10
6.06221e+07,70603,5.72583e+06,1.2678e+11,-8.02166e+10,1.26435e+11,-8.00677e+10
6.06285e+07,70298.4,5.72592e+06,1.2688e+11,-8.00577e+10,1.26532e+11,-7.99149e+10
6.06348e+07,69994.3,5.72601e+06,1.2698e+11,-7.98987e+10,1.2663e+11,-7.97621e+10
6.06411e+07,69690.9,5.7261e+06,1.2708e+11,-7.97397e+10,1.26728e+11,-7.96092e+10
6.06474e+07,69388.1,5.72618e+06,1.2718e+11,-7.95804e+10,1.26825e+11,-7.94561e+10
6.06537e+07,69085.9,5.72627e+06,1.27279e+11,-7.94211e+10,1.26923e+11,-7.9303e+10
6.066e+07,68784.3,5.72636e+06,1.27378e+11,-7.92616e+10,1.2702e+11,-7.91499e+10
6.06663e+07,68483.3,5.72644e+06,1.27478e+11,-7.9102e+10,1.27117e+11,-7.89966e+10
6.06726e+07,68182.9,5.72653e+06,1.27576e+11,-7.89423e+10,1.27214e+11,-7.88432e+10
6.0679e+07,67883.2,5.72661e+06,1.27675e+11,-7.87825e+10,1.27311e+11,-7.86897e+10
6.06853e+07,67584,5.7267e+06,1.27773e+11,-7.86225e+10,1.27408e+11,-7.85362e+10
6.06916e+07,67285.4,5.72678e+06,1.27872e+11,-7.84624e+10,1.27505e+11,-7.83825e+10
6.06979e+07,66987.5,5.72687e+06,1.2797e+11,-7.83022e+10,1.27602e+11,-7.82287e+10
6.07042e+07,66690.1,5.72695e+06,1.28068e+11,-7.81419e+10,1.27699e+11,-7.80749e+10
6.07105e+07,66393.4,5.72703e+06,1.28165e+11,-7.79814e+10,1.27795e+11,-7.79209e+10
6.07168e+07,66097.2,5.72712e+06,1.28263e+11,-7.78208e+10,1.27892e+11,-7.77668e+10
6.07231e+07,65801.7,5.7272e+06,1.2836e+11,-7.76601e+10,1.27988e+11,-7.76126e+10
6.07294e+07,65506.8,5.72728e+06,1.28457e+11,-7.74993e+10,1.28084e+11,-7.74584e+10
6.07358e+07,65212.5,5.72736e+06,1.28554e+11,-7.73384e+10,1.28181e+11,-7.7304e+10
6.07421e+07,64918.8,5.72744e+06,1.2865e+11,-7.71773e+10,1.28277e+11,-7.71494e+10
6.07484e+07,64625.8,5.72753e+06,1.28747e+11,-7.70161e+10,1.28373e+11,-7.69948e+10
6.07547e+07,64333.3,5.72761e+06,1.28843e+11,-7.68548e+10,1.28469e+11,-7.68401e+10
6.0761e+07,64041.4,5.72769e+06,1.28939e+11,-7.66934e+10,1.28565e+11,-7.66852e+10
6.07673e+07,63750.2,5.72777e+06,1.29035e+11,-7.65318e+10,1.2866e+11,-7.65303e+10
6.07736e+07,63459.6,5.72785e+06,1.29131e+11,-7.63702e+10,1.28756e+11,-7.63752e+10
6.07799e+07,63169.6,5.72793e+06,1.29226e+11,-7.62084e+10,1.28852e+11,-7.622e+10
6.07862e+07,62880.2,5.728e+06,1.29321e+11,-7.60465e+10,1.28947e+11,-7.60646e+10
6.07926e+07,62591.4,5.72808e+06,1.29416e+11,-7.58845e+10,1.29043e+11,-7.59092e+10
6.07989e+07,62303.2,5.72816e+06,1.29511e+11,-7.57223e+10,1.29138e+11,-7.57536e+10
6.08052e+07,62015.7,5.72824e+06,1.29606e+11,-7.55601e+10,1.29233e+11,-7.55979e+10
6.08115e+07,61728.8,5.72832e+06,1.297e+11,-7.53977e+10,1.29328e+11,-7.5442e+10
6.08178e+07,61442.5,5.72839e+06,1.29794e+11,-7.52352e+10,1.29423e+11,-7.5286e+10
6.08241e+07,61156.8,5.72847e+06,1.29888e+11,-7.50726e+10,1.29518e+11,-7.51299e+10
6.08304e+07,60871.7,5.72855e+06,1.29982e+11,-7.49098e+10,1.29613e+11,-7.49737e+10
6.08367e+07,60587.2,5.72862e+06,1.30075e+11,-7.4747e+10,1.29708e+11,-7.48173e+10
6.08431e+07,60303.4,5.7287e+06,1.30169e+11,-7.4584e+10,1.29803e+11,-7.46607e+10
6.08494e+07,60020.2,5.72877e+06,1.30262e+11,-7.44209e+10,1.29897e+11,-7.45041e+10
6.08557e+07,59737.6,5.72885e+06,1.30355e+11,-7.42577e+10,1.29992e+11,-7.43473e+10
6.0862e+07,59455.6,5.72892e+06,1.30448e+11,-7.40944e+10,1.30086e+11,-7.41903e+10
6.08683e+07,59174.2,5.729e+06,1.3054e+11,-7.3931e+10,1.30181e+11,-7.40332e+10
6.08746e+07,58893.5,5.72907e+06,1.30633e+11,-7.37674e+10,1.30275e+11,-7.3876e+10
6.08809e+07,58613.4,5.72914e+06,1.30725e+11,-7.36038e+10,1.30369e+11,-7.37186e+10
6.08872e+07,58333.9,5.72922e+06,1.30817e+11,-7.344e+10,1.30463e+11,-7.3561e+10
6.08935e+07,58055,5.72929e+06,1.30908e+11,-7.32761e+10,1.30557e+11,-7.34033e+10
6.08999e+07,57776.8,5.72936e+06,1.31e+11,-7.31121e+10,1.30651e+11,-7.32455e+10
6.09062e+07,57499.1,5.72944e+06,1.31091e+11,-7.2948e+10,1.30744e+11,-7.30875e+10
6.09125e+07,57222.1,5.72951e+06,1.31182e+11,-7.27838e+10,1.30838e+11,-7.29293e+10
6.09188e+07,56945.7,5.72958e+06,1.31273e+11,-7.26194e+10,1.30932e+11,-7.2771e+10
6.09251e+07,56670,5.72965e+06,1.31364e+11,-7.2455e+10,1.31025e+11,-7.26125e+10
6.09314e+07,56394.9,5.72972e+06,1.31454e+11,-7.22904e+10,1.31118e+11,-7.24538e+10
6.09377e+07,56120.4,5.72979e+06,1.31545e+11,-7.21257e+10,1.31212e+11,-7.2295e+10
6.0944e+07,55846.5,5.72986e+06,1.31635e+11,-7.19609e+10,1.31305e+11,-7.2136e+10
6.09503e+07,55573.2,5.72993e+06,1.31725e+11,-7.1796e+10,1.31398e+11,-7.19769e+10
6.09567e+07,55300.6,5.73e+06,1.31814e+11,-7.1631e+10,1.31491e+11,-7.18176e+10
6.0963e+07,55028.6,5.73007e+06,1.31904e+11,-7.14658e+10,1.31583e+11,-7.16581e+10
6.09693e+07,54757.2,5.73014e+06,1.31993e+11,-7.13006e+10,1.31676e+11,-7.14984e+10
6.09756e+07,54486.5,5.73021e+06,1.32082e+11,-7.11353e+10,1.31769e+11,-7.13386e+10
6.09819e+07,54216.4,5.73027e+06,1.32171e+11,-7.09698e+10,1.31861e+11,-7.11786e+10
6.09882e+07,53946.9,5.73034e+06,1.32259e+11,-7.08042e+10,1.31954e+11,-7.10184e+10
6.09945e+07,53678,5.73041e+06,1.32348e+11,-7.06385e+10,1.32046e+11,-7.08581e+10
6.10008e+07,53409.8,5.73048e+06,1.32436e+11,-7.04727e+10,1.32138e+11,-7.06976e+10
6.10072e+07,53142.2,5.73054e+06,1.32524e+11,-7.03068e+10,1.3223e+11,-7.05369e+10
6.10135e+07,52875.2,5.73061e+06,1.32612e+11,-7.01408e+10,1.32322e+11,-7.0376e+10
6.10198e+07,52608.9,5.73068e+06,1.32699e+11,-6.99747e+10,1.32414e+11,-7.02149e+10
6.10261e+07,52343.2,5.73074e+06,1.32787e+11,-6.98085e+10,1.32505e+11,-7.00536e+10
6.10324e+07,52078.1,5.73081e+06,1.32874e+11,-6.96421e+10,1.32597e+11,-6.98922e+10
6.10387e+07,51813.7,5.73087e+06,1.32961e+11,-6.94757e+10,1.32688e+11,-6.97306e+10
6.1045e+07,51549.9,5.73094e+06,1.33048e+11,-6.93091e+10,1.32779e+11,-6.95688e+10
6.10513e+07,51286.7,5.731e+06,1.33134e+11,-6.91425e+10,1.32871e+11,-6.94068e+10
6.10576e+07,51024.1,5.73106e+06,1.3322e+11,-6.89757e+10,1.32962e+11,-6.92446e+10
6.1064e+07,50762.2,5.73113e+06,1.33307e+11,-6.88088e+10,1.33052e+11,-6.90822e+10
6.10703e+07,50501,5.73119e+06,1.33393e+11,-6.86418e+10,1.33143e+11,-6.89196e+10
6.10766e+07,50240.3,5.73125e+06,1.33478e+11,-6.84748e+10,1.33234e+11,-6.87568e+10
6.10829e+07,49980.3,5.73132e+06,1.33564e+11,-6.83076e+10,1.33324e+11,-6.85939e+10
6.10892e+07,49721,5.73138e+06,1.33649e+11,-6.81403e+10,1.33415e+11,-6.84307e+10
6.10955e+07,49462.2,5.73144e+06,1.33734e+11,-6.79729e+10,1.33505e+11,-6.82674e+10
6.11018e+07,49204.1,5.7315e+06,1.33819e+11,-6.78053e+10,1.33595e+11,-6.81038e+10
6.11081e+07,48946.7,5.73156e+06,1.33904e+11,-6.76377e+10,1.33685e+11,-6.79401e+10
6.11144e+07,48689.8,5.73163e+06,1.33988e+11,-6.747e+10,1.33775e+11,-6.77761e+10
6.11208e+07,48433.7,5.73169e+06,1.34072e+11,-6.73022e+10,1.33864e+11,-6.7612e+10
6.11271e+07,48178.1,5.73175e+06,1.34156e+11,-6.71342e+10,1.33954e+11,-6.74476e+10
6.11334e+07,47923.2,5.73181e+06,1.3424e+11,-6.69662e+10,1.34043e+11,-6.72831e+10
6.11397e+07,47668.9,5.73187e+06,1.34324e+11,-6.67981e+10,1.34132e+11,-6.71183e+10
6.1146e+07,47415.3,5.73193e+06,1.34407e+11,-6.66298e+10,1.34222e+11,-6.69534e+10
6.11523e+07,47162.3,5.73199e+06,1.3449e+11,-6.64615e+10,1.3431e+11,-6.67882e+10
6.11586e+07,46909.9,5.73204e+06,1.34573e+11,-6.6293e+10,1.34399e+11,-6.66229e+10
6.11649e+07,46658.2,5.7321e+06,1.34656e+11,-6.61245e+10,1.34488e+11,-6.64573e+10
6.11713e+07,46407.2,5.73216e+06,1.34738e+11,-6.59558e+10,1.34576e+11,-6.62915e+10
6.11776e+07,46156.7,5.73222e+06,1.34821e+11,-6.57871e+10,1.34665e+11,-6.61256e+10
6.11839e+07,45906.9,5.73228e+06,1.34903e+11,-6.56182e+10,1.34753e+11,-6.59594e+10
6.11902e+07,45657.8,5.73233e+06,1.34985e+11,-6.54493e+10,1.34841e+11,-6.5793e+10
6.11965e+07,45409.3,5.73239e+06,1.35066e+11,-6.52802e+10,1.34928e+11,-6.56264e+10
6.12028e+07,45161.4,5.73245e+06,1.35148e+11,-6.51111e+10,1.35016e+11,-6.54596e+10
6.12091e+07,44914.2,5.7325e+06,1.35229e+11,-6.49418e+10,1.35103e+11,-6.52925e+10
6.12154e+07,44667.6,5.73256e+06,1.3531e+11,-6.47724e+10,1.35191e+11,-6.51253e+10
6.12217e+07,44421.7,5.73262e+06,1.35391e+11,-6.4603e+10,1.35278e+11,-6.49579e+10
6.12281e+07,44176.4,5.73267e+06,1.35472e+11,-6.44334e+10,1.35365e+11,-6.47902e+10
6.12344e+07,43931.8,5.73273e+06,1.35552e+11,-6.42638e+10,1.35451e+11,-6.46224e+10
6.12407e+07,43687.8,5.73278e+06,1.35632e+11,-6.4094e+10,1.35538e+11,-6.44543e+10
6.1247e+07,43444.4,5.73284e+06,1.35712e+11,-6.39241e+10,1.35624e+11,-6.4286e+10
6.12533e+07,43201.7,5.73289e+06,1.35792e+11,-6.37542e+10,1.35711e+11,-6.41175e+10
6.12596e+07,42959.6,5.73294e+06,1.35872e+11,-6.35841e+10,1.35797e+11,-6.39488e+10
6.12659e+07,42718.2,5.733e+06,1.35951e+11,-6.3414e+10,1.35882e+11,-6.37799e+10
6.12722e+07,42477.5,5.73305e+06,1.3603e+11,-6.32437e+10,1.35968e+11,-6.36107e+10
6.12785e+07,42237.3,5.7331e+06,1.36109e+11,-6.30734e+10,1.36053e+11,-6.34414e+10
6.12849e+07,41997.9,5.73316e+06,1.36188e+11,-6.29029e+10,1.36139e+11,-6.32718e+10
6.12912e+07,41759,5.73321e+06,1.36266e+11,-6.27324e+10,1.36224e+11,-6.31021e+10
6.12975e+07,41520.9,5.73326e+06,1.36344e+11,-6.25618e+10,1.36308e+11,-6.29321e+10
6.13038e+07,41283.3,5.73331e+06,1.36423e+11,-6.2391e+10,1.36393e+11,-6.27619e+10
6.13101e+07,41046.4,5.73336e+06,1.365e+11,-6.22202e+10,1.36478e+11,-6.25915e+10
6.13164e+07,40810.2,5.73342e+06,1.36578e+11,-6.20493e+10,1.36562e+11,-6.24209e+10
6.13227e+07,40574.6,5.73347e+06,1.36655e+11,-6.18782e+10,1.36646e+11,-6.225e+10
6.1329e+07,40339.7,5.73352e+06,1.36733e+11,-6.17071e+10,1.3673e+11,-6.2079e+10
6.13354e+07,40105.4,5.73357e+06,1.3681e+11,-6.15359e+10,1.36813e+11,-6.19077e+10
6.13417e+07,39871.8,5.73362e+06,1.36886e+11,-6.13646e+10,1.36897e+11,-6.17363e+10
6.1348e+07,39638.8,5.73367e+06,1.36963e+11,-6.11932e+10,1.3698e+11,-6.15646e+10
6.13543e+07,39406.5,5.73372e+06,1.37039e+11,-6.10217e+10,1.37063e+11,-6.13927e+10
6.13606e+07,39174.8,5.73377e+06,1.37116e+11,-6.08501e+10,1.37145e+11,-6.12206e+10
6.13669e+07,38943.8,5.73382e+06,1.37191e+11,-6.06784e+10,1.37228e+11,-6.10483e+10
6.13732e+07,38713.4,5.73386e+06,1.37267e+11,-6.05066e+10,1.3731e+11,-6.08758e+10
6.13795e+07,38483.7,5.73391e+06,1.37343e+11,-6.03348e+10,1.37392e+11,-6.07031e+10
6.13858e+07,38254.6,5.73396e+06,1.37418e+11,-6.01628e+10,1.37474e+11,-6.05301e+10
6.13922e+07,38026.2,5.73401e+06,1.37493e+11,-5.99907e+10,1.37556e+11,-6.0357e+10
6.13985e+07,37798.5,5.73406e+06,1.37568e+11,-5.98186e+10,1.37637e+11,-6.01836e+10
6.14048e+07,37571.4,5.7341e+06,1.37642e+11,-5.96463e+10,1.37718e+11,-6.00101e+10
6.14111e+07,37344.9,5.73415e+06,1.37717e+11,-5.9474e+10,1.37799e+11,-5.98363e+10
6.14174e+07,37119.1,5.7342e+06,1.37791e+11,-5.93016e+10,1.3788e+11,-5.96624e+10
6.14237e+07,36894,5.73424e+06,1.37865e+11,-5.9129e+10,1.3796e+11,-5.94882e+10
6.143e+07,36669.5,5.73429e+06,1.37939e+11,-5.89564e+10,1.3804e+11,-5.93138e+10
6.14363e+07,36445.7,5.73433e+06,1.38012e+11,-5.87837e+10,1.3812e+11,-5.91392e+10
6.14426e+07,36222.5,5.73438e+06,1.38086e+11,-5.86109e+10,1.382e+11,-5.89644e+10
6.1449e+07,36000,5.73442e+06,1.38159e+11,-5.84381e+10,1.38279e+11,-5.87895e+10
6.14553e+07,35778.2,5.73447e+06,1.38232e+11,-5.82651e+10,1.38358e+11,-5.86143e+10
6.14616e+07,35557,5.73451e+06,1.38305e+11,-5.8092e+10,1.38437e+11,-5.84389e+10
6.14679e+07,35336.5,5.73456e+06,1.38377e+11,-5.79189e+10,1.38516e+11,-5.82633e+10
6.14742e+07,35116.6,5.7346e+06,1.38449e+11,-5.77456e+10,1.38594e+11,-5.80875e+10
6.14805e+07,34897.4,5.73465e+06,1.38521e+11,-5.75723e+10,1.38672e+11,-5.79116e+10
6.14868e+07,34678.8,5.73469e+06,1.38593e+11,-5.73989e+10,1.3875e+11,-5.77354e+10
6.14931e+07,34460.9,5.73473e+06,1.38665e+11,-5.72254e+10,1.38828e+11,-5.7559e+10
6.14995e+07,34243.7,5.73478e+06,1.38736e+11,-5.70518e+10,1.38905e+11,-5.73825e+10
6.15058e+07,34027.1,5.73482e+06,1.38807e+11,-5.68781e+10,1.38982e+11,-5.72057e+10
6.15121e+07,33811.2,5.73486e+06,1.38878e+11,-5.67043e+10,1.39059e+11,-5.70288e+10
6.15184e+07,33595.9,5.7349e+06,1.38949e+11,-5.65305e+10,1.39135e+11,-5.68516e+10
6.15247e+07,33381.3,5.73495e+06,1.3902e+11,-5.63565e+10,1.39212e+11,-5.66743e+10
6.1531e+07,33167.4,5.73499e+06,1.3909e+11,-5.61825e+10,1.39288e+11,-5.64968e+10
6.15373e+07,32954.1,5.73503e+06,1.3916e+11,-5.60084e+10,1.39363e+11,-5.63191e+10
6.15436e+07,32741.5,5.73507e+06,1.3923e+11,-5.58341e+10,1.39439e+11,-5.61412e+10
6.15499e+07,32529.5,5.73511e+06,1.393e+11,-5.56599e+10,1.39514e+11,-5.59632e+10
6.15563e+07,32318.2,5.73515e+06,1.39369e+11,-5.54855e+10,1.39589e+11,-5.57849e+10
6.15626e+07,32107.6,5.73519e+06,1.39438e+11,-5.5311e+10,1.39663e+11,-5.56065e+10
6.15689e+07,31897.7,5.73523e+06,1.39507e+11,-5.51365e+10,1.39737e+11,-5.54279e+10
6.15752e+07,31688.4,5.73527e+06,1.39576e+11,-5.49618e+10,1.39811e+11,-5.52492e+10
6.15815e+07,31479.7,5.73531e+06,1.39645e+11,-5.47871e+10,1.39885e+11,-5.50702e+10
6.15878e+07,31271.8,5.73535e+06,1.39713e+11,-5.46123e+10,1.39958e+11,-5.48911e+10
6.15941e+07,31064.5,5.73539e+06,1.39781e+11,-5.44374e+10,1.40032e+11,-5.47118e+10
6.16004e+07,30857.8,5.73543e+06,1.39849e+11,-5.42624e+10,1.40104e+11,-5.45323e+10
6.16067e+07,30651.9,5.73547e+06,1.39917e+11,-5.40874e+10,1.40177e+11,-5.43527e+10
6.16131e+07,30446.5,5.7355e+06,1.39984e+11,-5.39122e+10,1.40249e+11,-5.41729e+10
6.16194e+07,30241.9,5.73554e+06,1.40052e+11,-5.3737e+10,1.40321e+11,-5.39929e+10
6.16257e+07,30037.9,5.73558e+06,1.40119e+11,-5.35617e+10,1.40393e+11,-5.38128e+10
6.1632e+07,29834.6,5.73562e+06,1.40185e+11,-5.33863e+10,1.40464e+11,-5.36325e+10
6.16383e+07,29632,5.73566e+06,1.40252e+11,-5.32108e+10,1.40535e+11,-5.34521e+10
6.16446e+07,29430,5.73569e+06,1.40318e+11,-5.30353e+10,1.40606e+11,-5.32715e+10
6.16509e+07,29228.7,5.73573e+06,1.40385e+11,-5.28596e+10,1.40676e+11,-5.30907e+10
6.16572e+07,29028.1,5.73577e+06,1.40451e+11,-5.26839e+10,1.40746e+11,-5.29098e+10
6.16636e+07,28828.1,5.7358e+06,1.40516e+11,-5.25081e+10,1.40816e+11,-5.27287e+10
6.16699e+07,28628.8,5.73584e+06,1.40582e+11,-5.23322e+10,1.40885e+11,-5.25475e+10
6.16762e+07,28430.2,5.73587e+06,1.40647e+11,-5.21563e+10,1.40954e+11,-5.23662e+10
6.16825e+07,28232.2,5.73591e+06,1.40712e+11,-5.19802e+10,1.41023e+11,-5.21846e+10
6.16888e+07,28034.9,5.73594e+06,1.40777e+11,-5.18041e+10,1.41092e+11,-5.2003e+10
6.16951e+07,27838.3,5.73598e+06,1.40842e+11,-5.16279e+10,1.4116e+11,-5.18212e+10
6.17014e+07,27642.3,5.73601e+06,1.40906e+11,-5.14516e+10,1.41228e+11,-5.16393e+10
6.17077e+07,27447.1,5.73605e+06,1.4097e+11,-5.12752e+10,1.41296e+11,-5.14572e+10
6.1714e+07,27252.4,5.73608e+06,1.41034e+11,-5.10988e+10,1.41363e+11,-5.1275e+10
6.17204e+07,27058.5,5.73612e+06,1.41098e+11,-5.09223e+10,1.4143e+11,-5.10926e+10
6.17267e+07,26865.2,5.73615e+06,1.41162e+11,-5.07456e+10,1.41496e+11,-5.09102e+10
6.1733e+07,26672.6,5.73618e+06,1.41225e+11,-5.0569e+10,1.41563e+11,-5.07276e+10
6.17393e+07,26480.7,5.73622e+06,1.41288e+11,-5.03922e+10,1.41629e+11,-5.05448e+10
6.17456e+07,26289.5,5.73625e+06,1.41351e+11,-5.02154e+10,1.41694e+11,-5.0362e+10
6.17519e+07,26098.9,5.73628e+06,1.41414e+11,-5.00384e+10,1.41759e+11,-5.0179e+10
6.17582e+07,25909,5.73632e+06,1.41476e+11,-4.98614e+10,1.41824e+11,-4.99959e+10
6.17645e+07,25719.7,5.73635e+06,1.41538e+11,-4.96844e+10,1.41889e+11,-4.98127e+10
6.17708e+07,25531.2,5.73638e+06,1.416e+11,-4.95072e+10,1.41953e+11,-4.96293e+10
6.17772e+07,25343.3,5.73641e+06,1.41662e+11,-4.933e+10,1.42017e+11,-4.94459e+10
6.17835e+07,25156.1,5.73644e+06,1.41724e+11,-4.91527e+10,1.42081e+11,-4.92623e+10
6.17898e+07,24969.5,5.73647e+06,1.41785e+11,-4.89753e+10,1.42144e+11,-4.90786e+10
6.17961e+07,24783.7,5.73651e+06,1.41846e+11,-4.87978e+10,1.42208e+11,-4.88949e+10
6.18024e+07,24598.5,5.73654e+06,1.41907e+11,-4.86203e+10,1.4227e+11,-4.8711e+10
6.18087e+07,24414,5.73657e+06,1.41968e+11,-4.84427e+10,1.42333e+11,-4.8527e+10
6.1815e+07,24230.1,5.7366e+06,1.42028e+11,-4.8265e+10,1.42395e+11,-4.83429e+10
6.18213e+07,24047,5.73663e+06,1.42089e+11,-4.80873e+10,1.42456e+11,-4.81587e+10
6.18276e+07,23864.5,5.73666e+06,1.42149e+11,-4.79094e+10,1.42518e+11,-4.79744e+10
6.1834e+07,23682.7,5.73669e+06,1.42208e+11,-4.77315e+10,1.42579e+11,-4.77901e+10
6.18403e+07,23501.5,5.73672e+06,1.42268e+11,-4.75535e+10,1.42639e+11,-4.76056e+10
6.18466e+07,23321.1,5.73675e+06,1.42327e+11,-4.73755e+10,1.427e+11,-4.7421e+10
6.18529e+07,23141.3,5.73678e+06,1.42386e+11,-4.71973e+10,1.4276e+11,-4.72364e+10
6.18592e+07,22962.2,5.7368e+06,1.42445e+11,-4.70191e+10,1.42819e+11,-4.70516e+10
6.18655e+07,22783.8,5.73683e+06,1.42504e+11,-4.68408e+10,1.42879e+11,-4.68668e+10
6.18718e+07,22606,5.73686e+06,1.42563e+11,-4.66625e+10,1.42938e+11,-4.66819e+10
6.18781e+07,22429,5.73689e+06,1.42621e+11,-4.64841e+10,1.42996e+11,-4.6497e+10
6.18845e+07,22252.6,5.73692e+06,1.42679e+11,-4.63056e+10,1.43055e+11,-4.63119e+10
6.18908e+07,22076.9,5.73695e+06,1.42737e+11,-4.6127e+10,1.43113e+11,-4.61268e+10
6.18971e+07,21901.8,5.73697e+06,1.42794e+11,-4.59483e+10,1.43171e+11,-4.59416e+10
6.19034e+07,21727.5,5.737e+06,1.42852e+11,-4.57696e+10,1.43228e+11,-4.57563e+10
6.19097e+07,21553.8,5.73703e+06,1.42909e+11,-4.55908e+10,1.43285e+11,-4.5571e+10
6.1916e+07,21380.8,5.73705e+06,1.42966e+11,-4.5412e+10,1.43342e+11,-4.53856e+10
6.19223e+07,21208.5,5.73708e+06,1.43022e+11,-4.52331e+10,1.43398e+11,-4.52001e+10
6.19286e+07,21036.9,5.73711e+06,1.43079e+11,-4.50541e+10,1.43454e+11,-4.50146e+10
6.19349e+07,20865.9,5.73713e+06,1.43135e+11,-4.4875e+10,1.4351e+11,-4.4829e+10
6.19413e+07,20695.7,5.73716e+06,1.43191e+11,-4.46958e+10,1.43565e+11,-4.46434e+10
6.19476e+07,20526.1,5.73719e+06,1.43247e+11,-4.45166e+10,1.4362e+11,-4.44577e+10
6.19539e+07,20357.2,5.73721e+06,1.43302e+11,-4.43373e+10,1.43675e+11,-4.4272e+10
6.19602e+07,20189,5.73724e+06,1.43358e+11,-4.4158e+10,1.43729e+11,-4.40862e+10
6.19665e+07,20021.4,5.73726e+06,1.43413e+11,-4.39786e+10,1.43783e+11,-4.39003e+10
6.19728e+07,19854.6,5.73729e+06,1.43468e+11,-4.37991e+10,1.43837e+11,-4.37144e+10
6.19791e+07,19688.4,5.73731e+06,1.43523e+11,-4.36195e+10,1.4389e+11,-4.35285e+10
6.19854e+07,19522.9,5.73734e+06,1.43577e+11,-4.34399e+10,1.43943e+11,-4.33425e+10
6.19917e+07,19358.1,5.73736e+06,1.43631e+11,-4.32602e+10,1.43996e+11,-4.31565e+10
6.19981e+07,19194,5.73738e+06,1.43685e+11,-4.30804e+10,1.44048e+11,-4.29705e+10
6.20044e+07,19030.5,5.73741e+06,1.43739e+11,-4.29006e+10,1.441e+11,-4.27844e+10
6.20107e+07,18867.8,5.73743e+06,1.43793e+11,-4.27207e+10,1.44152e+11,-4.25983e+10
6.2017e+07,18705.7,5.73746e+06,1.43846e+11,-4.25407e+10,1.44203e+11,-4.24122e+10
6.20233e+07,18544.3,5.73748e+06,1.43899e+11,-4.23607e+10,1.44254e+11,-4.2226e+10
6.20296e+07,18383.6,5.7375e+06,1.43952e+11,-4.21806e+10,1.44305e+11,-4.20398e+10
6.20359e+07,18223.6,5.73752e+06,1.44005e+11,-4.20004e+10,1.44355e+11,-4.18536e+10
6.20422e+07,18064.2,5.73755e+06,1.44057e+11,-4.18202e+10,1.44405e+11,-4.16673e+10
6.20486e+07,17905.6,5.73757e+06,1.44109e+11,-4.16399e+10,1.44455e+11,-4.14811e+10
6.20549e+07,17747.6,5.73759e+06,1.44161e+11,-4.14595e+10,1.44505e+11,-4.12948e+10
6.20612e+07,17590.3,5.73761e+06,1.44213e+11,-4.12791e+10,1.44554e+11,-4.11085e+10
6.20675e+07,17433.7,5.73764e+06,1.44265e+11,-4.10986e+10,1.44602e+11,-4.09222e+10
6.20738e+07,17277.8,5.73766e+06,1.44316e+11,-4.0918e+10,1.44651e+11,-4.07358e+10
6.20801e+07,17122.6,5.73768e+06,1.44367e+11,-4.07374e+10,1.44699e+11,-4.05495e+10
6.20864e+07,16968.1,5.7377e+06,1.44418e+11,-4.05567e+10,1.44747e+11,-4.03631e+10
6.20927e+07,16814.2,5.73772e+06,1.44469e+11,-4.0376e+10,1.44794e+11,-4.01768e+10
6.2099e+07,16661.1,5.73774e+06,1.44519e+11,-4.01951e+10,1.44841e+11,-3.99904e+10
6.21054e+07,16508.6,5.73776e+06,1.44569e+11,-4.00143e+10,1.44888e+11,-3.9804e+10
6.21117e+07,16356.8,5.73778e+06,1.44619e+11,-3.98333e+10,1.44935e+11,-3.96177e+10
6.2118e+07,16205.7,5.7378e+06,1.44669e+11,-3.96523e+10,1.44981e+11,-3.94313e+10
6.21243e+07,16055.3,5.73782e+06,1.44719e+11,-3.94712e+10,1.45027e+11,-3.92449e+10
6.21306e+07,15905.6,5.73784e+06,1.44768e+11,-3.92901e+10,1.45073e+11,-3.90586e+10
6.21369e+07,15756.6,5.73786e+06,1.44817e+11,-3.91089e+10,1.45118e+11,-3.88722e+10
6.21432e+07,15608.3,5.73788e+06,1.44866e+11,-3.89276e+10,1.45163e+11,-3.86858e+10
6.21495e+07,15460.6,5.7379e+06,1.44914e+11,-3.87463e+10,1.45207e+11,-3.84995e+10
6.21558e+07,15313.7,5.73792e+06,1.44963e+11,-3.85649e+10,1.45252e+11,-3.83132e+10
6.21622e+07,15167.4,5.73794e+06,1.45011e+11,-3.83835e+10,1.45296e+11,-3.81268e+10
6.21685e+07,15021.8,5.73796e+06,1.45059e+11,-3.8202e+10,1.4534e+11,-3.79405e+10
6.21748e+07,14876.9,5.73798e+06,1.45107e+11,-3.80204e+10,1.45383e+11,-3.77542e+10
6.21811e+07,14732.7,5.738e+06,1.45154e+11,-3.78388e+10,1.45426e+11,-3.75679e+10
6.21874e+07,14589.2,5.73802e+06,1.45201e+11,-3.76571e+10,1.45469e+11,-3.73817e+10
6.21937e+07,14446.4,5.73803e+06,1.45248e+11,-3.74754e+10,1.45511e+11,-3.71954e+10
6.22e+07,14304.3,5.73805e+06,1.45295e+11,-3.72936e+10,1.45554e+11,-3.70092e+10
6.22063e+07,14162.8,5.73807e+06,1.45342e+11,-3.71117e+10,1.45596e+11,-3.6823e+10
6.22127e+07,14022.1,5.73809e+06,1.45388e+11,-3.69298e+10,1.45637e+11,-3.66368e+10
6.2219e+07,13882.1,5.73811e+06,1.45434e+11,-3.67478e+10,1.45679e+11,-3.64506e+10
6.22253e+07,13742.7,5.73812e+06,1.4548e+11,-3.65657e+10,1.4572e+11,-3.62645e+10
6.22316e+07,13604,5.73814e+06,1.45526e+11,-3.63836e+10,1.4576e+11,-3.60784e+10
6.22379e+07,13466.1,5.73816e+06,1.45571e+11,-3.62015e+10,1.45801e+11,-3.58923e+10
6.22442e+07,13328.8,5.73817e+06,1.45617e+11,-3.60193e+10,1.45841e+11,-3.57063e+10
6.22505e+07,13192.2,5.73819e+06,1.45662e+11,-3.5837e+10,1.45881e+11,-3.55203e+10
6.22568e+07,13056.3,5.73821e+06,1.45706e+11,-3.56547e+10,1.4592e+11,-3.53343e+10
6.22631e+07,12921.1,5.73822e+06,1.45751e+11,-3.54723e+10,1.4596e+11,-3.51484e+10
6.22695e+07,12786.6,5.73824e+06,1.45795e+11,-3.52898e+10,1.45999e+11,-3.49624e+10
6.22758e+07,12652.8,5.73826e+06,1.45839e+11,-3.51073e+10,1.46037e+11,-3.47766e+10
6.22821e+07,12519.7,5.73827e+06,1.45883e+11,-3.49248e+10,1.46076e+11,-3.45907e+10
6.22884e+07,12387.2,5.73829e+06,1.45927e+11,-3.47422e+10,1.46114e+11,-3.44049e+10
6.22947e+07,12255.5,5.7383e+06,1.4597e+11,-3.45595e+10,1.46152e+11,-3.42192e+10
6.2301e+07,12124.5,5.73832e+06,1.46013e+11,-3.43768e+10,1.46189e+11,-3.40334e+10
6.23073e+07,11994.1,5.73833e+06,1.46056e+11,-3.4194e+10,1.46227e+11,-3.38478e+10
6.23136e+07,11864.5,5.73835e+06,1.46099e+11,-3.40112e+10,1.46264e+11,-3.36621e+10
6.23199e+07,11735.5,5.73836e+06,1.46142e+11,-3.38283e+10,1.463e+11,-3.34765e+10
6.23263e+07,11607.3,5.73838e+06,1.46184e+11,-3.36453e+10,1.46337e+11,-3.3291e+10
6.23326e+07,11479.7,5.73839e+06,1.46226e+11,-3.34623e+10,1.46373e+11,-3.31055e+10
6.23389e+07,11352.8,5.73841e+06,1.46268e+11,-3.32793e+10,1.46409e+11,-3.292e+10
6.23452e+07,11226.7,5.73842e+06,1.46309e+11,-3.30962e+10,1.46445e+11,-3.27346e+10
6.23515e+07,11101.2,5.73843e+06,1.46351e+11,-3.2913e+10,1.4648e+11,-3.25493e+10
6.23578e+07,10976.4,5.73845e+06,1.46392e+11,-3.27298e+10,1.46515e+11,-3.2364e+10
6.23641e+07,10852.3,5.73846e+06,1.46433e+11,-3.25466e+10,1.4655e+11,-3.21787e+10
6.23704e+07,10729,5.73847e+06,1.46473e+11,-3.23632e+10,1.46585e+11,-3.19935e+10
6.23768e+07,10606.3,5.73849e+06,1.46514e+11,-3.21799e+10,1.46619e+11,-3.18083e+10
6.23831e+07,10484.3,5.7385e+06,1.46554e+11,-3.19965e+10,1.46653e+11,-3.16232e+10
6.23894e+07,10363,5.73851e+06,1.46594e+11,-3.1813e+10,1.46687e+11,-3.14382e+10
6.23957e+07,10242.4,5.73853e+06,1.46634e+11,-3.16295e+10,1.46721e+11,-3.12532e+10
6.2402e+07,10122.5,5.73854e+06,1.46673e+11,-3.14459e+10,1.46754e+11,-3.10682e+10
6.24083e+07,10003.3,5.73855e+06,1.46713e+11,-3.12623e+10,1.46787e+11,-3.08834e+10
6.24146e+07,9884.82,5.73856e+06,1.46752e+11,-3.10786e+10,1.4682e+11,-3.06985e+10
6.24209e+07,9767.02,5.73858e+06,1.4679e+11,-3.08949e+10,1.46853e+11,-3.05138e+10
6.24272e+07,9649.91,5.73859e+06,1.46829e+11,-3.07111e+10,1.46885e+11,-3.0329e+10
6.24336e+07,9533.51,5.7386e+06,1.46867e+11,-3.05273e+10,1.46917e+11,-3.01444e+10
6.24399e+07,9417.81,5.73861e+06,1.46906e+11,-3.03434e+10,1.46949e+11,-2.99598e+10
6.24462e+07,9302.8,5.73862e+06,1.46944e+11,-3.01595e+10,1.4698e+11,-2.97752e+10
6.24525e+07,9188.49,5.73864e+06,1.46981e+11,-2.99756e+10,1.47012e+11,-2.95908e+10
6.24588e+07,9074.89,5.73865e+06,1.47019e+11,-2.97915e+10,1.47043e+11,-2.94063e+10
6.24651e+07,8961.98,5.73866e+06,1.47056e+11,-2.96075e+10,1.47074e+11,-2.9222e+10
6.24714e+07,8849.77,5.73867e+06,1.47093e+11,-2.94234e+10,1.47105e+11,-2.90377e+10
6.24777e+07,8738.27,5.73868e+06,1.4713e+11,-2.92392e+10,1.47135e+11,-2.88534e+10
6.2484e+07,8627.46,5.73869e+06,1.47166e+11,-2.9055e+10,1.47165e+11,-2.86692e+10
6.24904e+07,8517.35,5.7387e+06,1.47202e+11,-2.88708e+10,1.47195e+11,-2.84851e+10
6.24967e+07,8407.95,5.73871e+06,1.47239e+11,-2.86865e+10,1.47225e+11,-2.83011e+10
6.2503e+07,8299.24,5.73872e+06,1.47274e+11,-2.85021e+10,1.47254e+11,-2.81171e+10
6.25093e+07,8191.23,5.73873e+06,1.4731e+11,-2.83177e+10,1.47284e+11,-2.79332e+10
6.25156e+07,8083.93,5.73874e+06,1.47345e+11,-2.81333e+10,1.47313e+11,-2.77493e+10
6.25219e+07,7977.33,5.73875e+06,1.47381e+11,-2.79488e+10,1.47342e+11,-2.75655e+10
6.25282e+07,7871.43,5.73876e+06,1.47415e+11,-2.77643e+10,1.4737e+11,-2.73817e+10
6.25345e+07,7766.23,5.73877e+06,1.4745e+11,-2.75797e+10,1.47399e+11,-2.71981e+10
6.25409e+07,7661.73,5.73878e+06,1.47485e+11,-2.73951e+10,1.47427e+11,-2.70144e+10
6.25472e+07,7557.93,5.73879e+06,1.47519e+11,-2.72104e+10,1.47455e+11,-2.68309e+10
6.25535e+07,7454.84,5.7388e+06,1.47553e+11,-2.70257e+10,1.47482e+11,-2.66474e+10
6.25598e+07,7352.45,5.73881e+06,1.47587e+11,-2.6841e+10,1.4751e+11,-2.6464e+10
6.25661e+07,7250.76,5.73882e+06,1.4762e+11,-2.66562e+10,1.47537e+11,-2.62806e+10
6.25724e+07,7149.77,5.73883e+06,1.47653e+11,-2.64714e+10,1.47564e+11,-2.60973e+10
6.25787e+07,7049.48,5.73884e+06,1.47686e+11,-2.62865e+10,1.47591e+11,-2.59141e+10
6.2585e+07,6949.9,5.73885e+06,1.47719e+11,-2.61016e+10,1.47618e+11,-2.57309e+10
6.25913e+07,6851.02,5.73886e+06,1.47752e+11,-2.59166e+10,1.47645e+11,-2.55478e+10
6.25977e+07,6752.85,5.73886e+06,1.47784e+11,-2.57316e+10,1.47671e+11,-2.53648e+10
6.2604e+07,6655.37,5.73887e+06,1.47816e+11,-2.55466e+10,1.47697e+11,-2.51818e+10
6.26103e+07,6558.6,5.73888e+06,1.47848e+11,-2.53615e+10,1.47723e+11,-2.49989e+10
6.26166e+07,6462.54,5.73889e+06,1.4788e+11,-2.51763e+10,1.47749e+11,-2.4816e+10
6.26229e+07,6367.18,5.7389e+06,1.47911e+11,-2.49912e+10,1.47774e+11,-2.46332e+10
6.26292e+07,6272.52,5.73891e+06,1.47943e+11,-2.4806e+10,1.47799e+11,-2.44505e+10
6.26355e+07,6178.56,5.73891e+06,1.47974e+11,-2.46207e+10,1.47824e+11,-2.42678e+10
6.26418e+07,6085.31,5.73892e+06,1.48004e+11,-2.44354e+10,1.47849e+11,-2.40852e+10
6.26481e+07,5992.77,5.73893e+06,1.48035e+11,-2.42501e+10,1.47874e+11,-2.39026e+10
6.26545e+07,5900.93,5.73894e+06,1.48065e+11,-2.40647e+10,1.47899e+11,-2.37202e+10
6.26608e+07,5809.79,5.73894e+06,1.48095e+11,-2.38793e+10,1.47923e+11,-2.35377e+10
6.26671e+07,5719.36,5.73895e+06,1.48125e+11,-2.36939e+10,1.47947e+11,-2.33554e+10
6.26734e+07,5629.63,5.73896e+06,1.48155e+11,-2.35084e+10,1.47971e+11,-2.31731e+10
6.26797e+07,5540.61,5.73896e+06,1.48184e+11,-2.33229e+10,1.47995e+11,-2.29908e+10
6.2686e+07,5452.29,5.73897e+06,1.48213e+11,-2.31373e+10,1.48019e+11,-2.28086e+10
6.26923e+07,5364.68,5.73898e+06,1.48242e+11,-2.29517e+10,1.48042e+11,-2.26265e+10
6.26986e+07,5277.78,5.73899e+06,1.48271e+11,-2.27661e+10,1.48066e+11,-2.24444e+10
6.2705e+07,5191.58,5.73899e+06,1.48299e+11,-2.25804e+10,1.48089e+11,-2.22624e+10
6.27113e+07,5106.08,5.739e+06,1.48327e+11,-2.23947e+10,1.48112e+11,-2.20804e+10
6.27176e+07,5021.29,5.739e+06,1.48355e+11,-2.2209e+10,1.48134e+11,-2.18985e+10
6.27239e+07,4937.21,5.73901e+06,1.48383e+11,-2.20232e+10,1.48157e+11,-2.17167e+10
6.27302e+07,4853.83,5.73902e+06,1.48411e+11,-2.18374e+10,1.48179e+11,-2.15349e+10
6.27365e+07,4771.16,5.73902e+06,1.48438e+11,-2.16516e+10,1.48202e+11,-2.13531e+10
6.27428e+07,4689.2,5.73903e+06,1.48465e+11,-2.14657e+10,1.48224e+11,-2.11714e+10
6.27491e+07,4607.94,5.73903e+06,1.48492e+11,-2.12798e+10,1.48246e+11,-2.09898e+10
6.27554e+07,4527.39,5.73904e+06,1.48518e+11,-2.10938e+10,1.48268e+11,-2.08082e+10
6.27618e+07,4447.54,5.73905e+06,1.48544e+11,-2.09078e+10,1.48289e+11,-2.06266e+10
6.27681e+07,4368.41,5.73905e+06,1.48571e+11,-2.07218e+10,1.48311e+11,-2.04451e+10
6.27744e+07,4289.98,5.73906e+06,1.48596e+11,-2.05358e+10,1.48332e+11,-2.02637e+10
6.27807e+07,4212.25,5.73906e+06,1.48622e+11,-2.03497e+10,1.48353e+11,-2.00823e+10
6.2787e+07,4135.24,5.73907e+06,1.48647e+11,-2.01635e+10,1.48374e+11,-1.99009e+10
6.27933e+07,4058.93,5.73907e+06,1.48673e+11,-1.99774e+10,1.48395e+11,-1.97196e+10
6.27996e+07,3983.33,5.73908e+06,1.48698e+11,-1.97912e+10,1.48416e+11,-1.95384e+10
6.28059e+07,3908.43,5.73908e+06,1.48722e+11,-1.9605e+10,1.48436e+11,-1.93571e+10
6.28122e+07,3834.25,5.73909e+06,1.48747e+11,-1.94187e+10,1.48456e+11,-1.9176e+10
6.28186e+07,3760.77,5.73909e+06,1.48771e+11,-1.92325e+10,1.48477e+11,-1.89948e+10
6.28249e+07,3688,5.7391e+06,1.48795e+11,-1.90462e+10,1.48497e+11,-1.88137e+10
6.28312e+07,3615.94,5.7391e+06,1.48819e+11,-1.88598e+10,1.48517e+11,-1.86327e+10
6.28375e+07,3544.58,5.73911e+06,1.48842e+11,-1.86734e+10,1.48536e+11,-1.84517e+10
6.28438e+07,3473.94,5.73911e+06,1.48865e+11,-1.8487e+10,1.48556e+11,-1.82707e+10
6.28501e+07,3404,5.73911e+06,1.48889e+11,-1.83006e+10,1.48576e+11,-1.80897e+10
6.28564e+07,3334.77,5.73912e+06,1.48911e+11,-1.81142e+10,1.48595e+11,-1.79088e+10
6.28627e+07,3266.25,5.73912e+06,1.48934e+11,-1.79277e+10,1.48614e+11,-1.77279e+10
6.28691e+07,3198.44,5.73913e+06,1.48956e+11,-1.77412e+10,1.48633e+11,-1.75471e+10
6.28754e+07,3131.34,5.73913e+06,1.48978e+11,-1.75546e+10,1.48652e+11,-1.73662e+10
6.28817e+07,3064.95,5.73913e+06,1.49e+11,-1.7368e+10,1.48671e+11,-1.71854e+10
6.2888e+07,2999.26,5.73914e+06,1.49022e+11,-1.71814e+10,1.4869e+11,-1.70047e+10
6.28943e+07,2934.29,5.73914e+06,1.49043e+11,-1.69948e+10,1.48708e+11,-1.68239e+10
6.29006e+07,2870.02,5.73915e+06,1.49065e+11,-1.68081e+10,1.48727e+11,-1.66432e+10
6.29069e+07,2806.46,5.73915e+06,1.49085e+11,-1.66215e+10,1.48745e+11,-1.64625e+10
6.29132e+07,2743.62,5.73915e+06,1.49106e+11,-1.64347e+10,1.48763e+11,-1.62819e+10
6.29195e+07,2681.48,5.73916e+06,1.49127e+11,-1.6248e+10,1.48781e+11,-1.61012e+10
6.29259e+07,2620.05,5.73916e+06,1.49147e+11,-1.60612e+10,1.48799e+11,-1.59206e+10
6.29322e+07,2559.33,5.73916e+06,1.49167e+11,-1.58745e+10,1.48817e+11,-1.574e+10
6.29385e+07,2499.32,5.73917e+06,1.49187e+11,-1.56876e+10,1.48834e+11,-1.55594e+10
6.29448e+07,2440.03,5.73917e+06,1.49206e+11,-1.55008e+10,1.48852e+11,-1.53788e+10
6.29511e+07,2381.44,5.73917e+06,1.49225e+11,-1.53139e+10,1.48869e+11,-1.51982e+10
6.29574e+07,2323.56,5.73918e+06,1.49245e+11,-1.51271e+10,1.48886e+11,-1.50176e+10
6.29637e+07,2266.39,5.73918e+06,1.49263e+11,-1.49401e+10,1.48903e+11,-1.48371e+10
6.297e+07,2209.93,5.73918e+06,1.49282e+11,-1.47532e+10,1.4892e+11,-1.46565e+10
6.29763e+07,2154.19,5.73918e+06,1.493e+11,-1.45662e+10,1.48937e+11,-1.4476e+10
6.29827e+07,2099.15,5.73919e+06,1.49318e+11,-1.43793e+10,1.48954e+11,-1.42954e+10
6.2989e+07,2044.82,5.73919e+06,1.49336e+11,-1.41923e+10,1.48971e+11,-1.41149e+10
6.29953e+07,1991.21,5.73919e+06,1.49354e+11,-1.40052e+10,1.48987e+11,-1.39344e+10
6.30016e+07,1938.3,5.73919e+06,1.49371e+11,-1.38182e+10,1.49003e+11,-1.37539e+10
6.30079e+07,1886.11,5.7392e+06,1.49389e+11,-1.36311e+10,1.4902e+11,-1.35733e+10
6.30142e+07,1834.62,5.7392e+06,1.49406e+11,-1.3444e+10,1.49036e+11,-1.33928e+10
6.30205e+07,1783.85,5.7392e+06,1.49422e+11,-1.32569e+10,1.49052e+11,-1.32122e+10
6.30268e+07,1733.79,5.7392e+06,1.49439e+11,-1.30698e+10,1.49068e+11,-1.30317e+10
6.30332e+07,1684.44,5.73921e+06,1.49455e+11,-1.28826e+10,1.49083e+11,-1.28511e+10
6.30395e+07,1635.8,5.73921e+06,1.49471e+11,-1.26954e+10,1.49099e+11,-1.26706e+10
6.30458e+07,1587.87,5.73921e+06,1.49487e+11,-1.25082e+10,1.49114e+11,-1.249e+10
6.30521e+07,1540.66,5.73921e+06,1.49502e+11,-1.2321e+10,1.4913e+11,-1.23094e+10
6.30584e+07,1494.15,5.73921e+06,1.49518e+11,-1.21338e+10,1.49145e+11,-1.21288e+10
6.30647e+07,1448.36,5.73921e+06,1.49533e+11,-1.19465e+10,1.4916e+11,-1.19481e+10
6.3071e+07,1403.28,5.73922e+06,1.49547e+11,-1.17593e+10,1.49175e+11,-1.17675e+10
6.30773e+07,1358.91,5.73922e+06,1.49562e+11,-1.1572e+10,1.4919e+11,-1.15868e+10
6.30836e+07,1315.25,5.73922e+06,1.49576e+11,-1.13847e+10,1.49205e+11,-1.14061e+10
6.309e+07,1272.3,5.73922e+06,1.49591e+11,-1.11973e+10,1.4922e+11,-1.12254e+10
6.30963e+07,1230.07,5.73922e+06,1.49604e+11,-1.101e+10,1.49234e+11,-1.10447e+10
6.31026e+07,1188.55,5.73922e+06,1.49618e+11,-1.08226e+10,1.49249e+11,-1.08639e+10
6.31089e+07,1147.74,5.73923e+06,1.49632e+11,-1.06352e+10,1.49263e+11,-1.06831e+10
