t,x1,y1,x2,y2
0,0,0,1.5e+11,0
3944.7,0.55114,0.000242461,1.5e+11,2.34627e+08
7889.4,2.20456,0.00220909,1.49999e+11,4.69254e+08
11834.1,4.96025,0.00762405,1.49998e+11,7.0388e+08
15778.8,8.81822,0.0182115,1.49997e+11,9.38503e+08
19723.5,13.7784,0.0356956,1.49995e+11,1.17312e+09
23668.2,19.8409,0.0618004,1.49993e+11,1.40774e+09
27612.9,27.0056,0.0982501,1.49991e+11,1.64236e+09
31557.6,35.2725,0.146769,1.49988e+11,1.87697e+09
35502.3,44.6416,0.20908,1.49985e+11,2.11158e+09
39447,55.1129,0.286909,1.49982e+11,2.34618e+09
43391.7,66.6863,0.381978,1.49978e+11,2.58077e+09
47336.4,79.3619,0.496013,1.49974e+11,2.81536e+09
51281.1,93.1395,0.630736,1.49969e+11,3.04995e+09
55225.8,108.019,0.787872,1.49964e+11,3.28452e+09
59170.5,124.001,0.969145,1.49959e+11,3.51909e+09
63115.2,141.085,1.17628,1.49953e+11,3.75365e+09
67059.9,159.27,1.41099,1.49947e+11,3.9882e+09
71004.6,178.558,1.67502,1.49941e+11,4.22273e+09
74949.3,198.947,1.97007,1.49934e+11,4.45726e+09
78894,220.438,2.29788,1.49927e+11,4.69178e+09
82838.7,243.031,2.66017,1.49919e+11,4.92629e+09
86783.4,266.726,3.05866,1.49911e+11,5.16078e+09
90728.1,291.522,3.49507,1.49903e+11,5.39527e+09
94672.8,317.42,3.97113,1.49894e+11,5.62973e+09
98617.5,344.419,4.48856,1.49885e+11,5.86419e+09
102562,372.52,5.04908,1.49876e+11,6.09863e+09
106507,401.722,5.65442,1.49866e+11,6.33306e+09
110452,432.025,6.3063,1.49856e+11,6.56747e+09
114396,463.43,7.00643,1.49846e+11,6.80186e+09
118341,495.935,7.75656,1.49835e+11,7.03624e+09
122286,529.542,8.55839,1.49824e+11,7.2706e+09
126230,564.25,9.41364,1.49812e+11,7.50494e+09
130175,600.059,10.324,1.498e+11,7.73927e+09
134120,636.968,11.2913,1.49788e+11,7.97357e+09
138064,674.978,12.3172,1.49775e+11,8.20786e+09
142009,714.089,13.4034,1.49762e+11,8.44212e+09
145954,754.301,14.5516,1.49749e+11,8.67637e+09
149899,795.612,15.7636,1.49735e+11,8.91059e+09
153843,838.025,17.0411,1.49721e+11,9.14479e+09
157788,881.537,18.3857,1.49706e+11,9.37897e+09
161733,926.15,19.7993,1.49692e+11,9.61313e+09
165677,971.862,21.2836,1.49676e+11,9.84726e+09
169622,1018.67,22.8401,1.49661e+11,1.00814e+10
173567,1066.59,24.4708,1.49645e+11,1.03155e+10
177512,1115.6,26.1773,1.49629e+11,1.05495e+10
181456,1165.71,27.9613,1.49612e+11,1.07835e+10
185401,1216.92,29.8246,1.49595e+11,1.10176e+10
189346,1269.23,31.7688,1.49577e+11,1.12515e+10
193290,1322.64,33.7957,1.4956e+11,1.14855e+10
197235,1377.15,35.9069,1.49541e+11,1.17194e+10
201180,1432.76,38.1044,1.49523e+11,1.19533e+10
205124,1489.46,40.3896,1.49504e+11,1.21872e+10
209069,1547.27,42.7644,1.49485e+11,1.2421e+10
213014,1606.17,45.2305,1.49465e+11,1.26548e+10
216959,1666.17,47.7896,1.49445e+11,1.28886e+10
220903,1727.27,50.4434,1.49425e+11,1.31223e+10
224848,1789.47,53.1936,1.49404e+11,1.3356e+10
228793,1852.77,56.042,1.49383e+11,1.35897e+10
232737,1917.16,58.9902,1.49362e+11,1.38234e+10
236682,1982.65,62.04,1.4934e+11,1.4057e+10
240627,2049.24,65.1932,1.49318e+11,1.42906e+10
244571,2116.92,68.4513,1.49295e+11,1.45241e+10
248516,2185.71,71.8161,1.49272e+11,1.47576e+10
252461,2255.59,75.2895,1.49249e+11,1.49911e+10
256406,2326.56,78.8729,1.49225e+11,1.52245e+10
260350,2398.64,82.5683,1.49201e+11,1.54579e+10
264295,2471.81,86.3772,1.49177e+11,1.56913e+10
268240,2546.07,90.3015,1.49152e+11,1.59246e+10
272184,2621.43,94.3427,1.49127e+11,1.61579e+10
276129,2697.89,98.5028,1.49102e+11,1.63911e+10
280074,2775.44,102.783,1.49076e+11,1.66243e+10
284018,2854.09,107.186,1.4905e+11,1.68575e+10
287963,2933.84,111.712,1.49023e+11,1.70906e+10
291908,3014.68,116.364,1.48996e+11,1.73237e+10
295853,3096.61,121.144,1.48969e+11,1.75567e+10
299797,3179.64,126.052,1.48941e+11,1.77897e+10
303742,3263.76,131.091,1.48913e+11,1.80227e+10
307687,3348.98,136.263,1.48885e+11,1.82556e+10
311631,3435.29,141.569,1.48856e+11,1.84884e+10
315576,3522.7,147.01,1.48827e+11,1.87212e+10
319521,3611.2,152.589,1.48798e+11,1.8954e+10
323465,3700.79,158.308,1.48768e+11,1.91867e+10
327410,3791.48,164.167,1.48738e+11,1.94194e+10
331355,3883.26,170.17,1.48707e+11,1.9652e+10
335300,3976.13,176.316,1.48676e+11,1.98846e+10
339244,4070.09,182.609,1.48645e+11,2.01172e+10
343189,4165.15,189.049,1.48613e+11,2.03496e+10
347134,4261.3,195.639,1.48581e+11,2.05821e+10
351078,4358.54,202.381,1.48549e+11,2.08145e+10
355023,4456.87,209.275,1.48516e+11,2.10468e+10
358968,4556.29,216.324,1.48483e+11,2.12791e+10
362912,4656.81,223.529,1.4845e+11,2.15113e+10
366857,4758.41,230.893,1.48416e+11,2.17435e+10
370802,4861.11,238.416,1.48382e+11,2.19756e+10
374747,4964.9,246.1,1.48347e+11,2.22077e+10
378691,5069.77,253.948,1.48312e+11,2.24397e+10
382636,5175.74,261.961,1.48277e+11,2.26716e+10
386581,5282.8,270.14,1.48241e+11,2.29035e+10
390525,5390.94,278.488,1.48205e+11,2.31354e+10
394470,5500.18,287.006,1.48169e+11,2.33672e+10
398415,5610.5,295.695,1.48132e+11,2.35989e+10
402359,5721.91,304.558,1.48095e+11,2.38306e+10
406304,5834.41,313.596,1.48057e+11,2.40622e+10
410249,5948,322.81,1.4802e+11,2.42938e+10
414194,6062.68,332.204,1.47981e+11,2.45253e+10
418138,6178.44,341.777,1.47943e+11,2.47567e+10
422083,6295.29,351.533,1.47904e+11,2.49881e+10
426028,6413.23,361.472,1.47865e+11,2.52194e+10
429972,6532.25,371.596,1.47825e+11,2.54507e+10
433917,6652.36,381.907,1.47785e+11,2.56819e+10
437862,6773.56,392.407,1.47745e+11,2.5913e+10
441806,6895.84,403.098,1.47704e+11,2.61441e+10
445751,7019.21,413.981,1.47663e+11,2.63751e+10
449696,7143.66,425.057,1.47622e+11,2.6606e+10
453641,7269.2,436.329,1.4758e+11,2.68369e+10
457585,7395.82,447.798,1.47538e+11,2.70677e+10
461530,7523.53,459.466,1.47495e+11,2.72984e+10
465475,7652.32,471.335,1.47452e+11,2.75291e+10
469419,7782.19,483.406,1.47409e+11,2.77597e+10
473364,7913.15,495.681,1.47365e+11,2.79902e+10
477309,8045.19,508.162,1.47321e+11,2.82207e+10
481253,8178.31,520.85,1.47277e+11,2.84511e+10
485198,8312.52,533.747,1.47232e+11,2.86815e+10
489143,8447.8,546.855,1.47187e+11,2.89117e+10
493088,8584.17,560.175,1.47142e+11,2.91419e+10
497032,8721.62,573.71,1.47096e+11,2.9372e+10
500977,8860.15,587.46,1.4705e+11,2.96021e+10
504922,8999.76,601.428,1.47004e+11,2.98321e+10
508866,9140.45,615.615,1.46957e+11,3.0062e+10
512811,9282.22,630.023,1.4691e+11,3.02918e+10
516756,9425.07,644.654,1.46862e+11,3.05215e+10
520700,9569,659.509,1.46814e+11,3.07512e+10
524645,9714.01,674.59,1.46766e+11,3.09808e+10
528590,9860.1,689.898,1.46717e+11,3.12104e+10
532535,10007.3,705.436,1.46668e+11,3.14398e+10
536479,10155.5,721.205,1.46619e+11,3.16692e+10
540424,10304.8,737.207,1.46569e+11,3.18985e+10
544369,10455.2,753.443,1.46519e+11,3.21277e+10
548313,10606.7,769.915,1.46469e+11,3.23569e+10
552258,10759.3,786.625,1.46418e+11,3.25859e+10
556203,10912.9,803.574,1.46367e+11,3.28149e+10
560147,11067.6,820.765,1.46315e+11,3.30438e+10
564092,11223.4,838.198,1.46263e+11,3.32726e+10
568037,11380.2,855.876,1.46211e+11,3.35014e+10
571982,11538.1,873.8,1.46158e+11,3.373e+10
575926,11697.1,891.972,1.46105e+11,3.39586e+10
579871,11857.2,910.394,1.46052e+11,3.41871e+10
583816,12018.4,929.066,1.45999e+11,3.44155e+10
587760,12180.6,947.992,1.45945e+11,3.46438e+10
591705,12343.9,967.172,1.4589e+11,3.48721e+10
595650,12508.2,986.609,1.45835e+11,3.51002e+10
599594,12673.7,1006.3,1.4578e+11,3.53283e+10
603539,12840.2,1026.26,1.45725e+11,3.55563e+10
607484,13007.8,1046.47,1.45669e+11,3.57842e+10
611428,13176.4,1066.95,1.45613e+11,3.6012e+10
615373,13346.1,1087.69,1.45556e+11,3.62397e+10
619318,13516.9,1108.7,1.455e+11,3.64674e+10
623263,13688.8,1129.98,1.45442e+11,3.66949e+10
627207,13861.7,1151.53,1.45385e+11,3.69224e+10
631152,14035.7,1173.34,1.45327e+11,3.71497e+10
635097,14210.8,1195.44,1.45269e+11,3.7377e+10
639041,14386.9,1217.8,1.4521e+11,3.76042e+10
642986,14564.1,1240.44,1.45151e+11,3.78313e+10
646931,14742.4,1263.36,1.45092e+11,3.80583e+10
650875,14921.7,1286.56,1.45032e+11,3.82852e+10
654820,15102.1,1310.04,1.44972e+11,3.8512e+10
658765,15283.6,1333.81,1.44911e+11,3.87387e+10
662710,15466.1,1357.86,1.44851e+11,3.89653e+10
666654,15649.7,1382.19,1.4479e+11,3.91918e+10
670599,15834.3,1406.82,1.44728e+11,3.94183e+10
674544,16020,1431.73,1.44666e+11,3.96446e+10
678488,16206.8,1456.93,1.44604e+11,3.98708e+10
682433,16394.7,1482.43,1.44541e+11,4.0097e+10
686378,16583.6,1508.22,1.44479e+11,4.0323e+10
690322,16773.5,1534.31,1.44415e+11,4.05489e+10
694267,16964.6,1560.7,1.44352e+11,4.07748e+10
698212,17156.7,1587.38,1.44288e+11,4.10005e+10
702157,17349.8,1614.37,1.44223e+11,4.12262e+10
706101,17544,1641.66,1.44159e+11,4.14517e+10
710046,17739.3,1669.25,1.44094e+11,4.16772e+10
713991,17935.6,1697.15,1.44028e+11,4.19025e+10
717935,18133,1725.36,1.43963e+11,4.21277e+10
721880,18331.5,1753.88,1.43897e+11,4.23529e+10
725825,18531,1782.71,1.4383e+11,4.25779e+10
729769,18731.5,1811.85,1.43763e+11,4.28028e+10
733714,18933.1,1841.31,1.43696e+11,4.30276e+10
737659,19135.8,1871.08,1.43629e+11,4.32523e+10
741604,19339.5,1901.18,1.43561e+11,4.3477e+10
745548,19544.3,1931.59,1.43493e+11,4.37015e+10
749493,19750.2,1962.32,1.43424e+11,4.39259e+10
753438,19957,1993.37,1.43355e+11,4.41501e+10
757382,20165,2024.75,1.43286e+11,4.43743e+10
761327,20374,2056.46,1.43217e+11,4.45984e+10
765272,20584,2088.49,1.43147e+11,4.48224e+10
769216,20795.1,2120.85,1.43076e+11,4.50462e+10
773161,21007.3,2153.54,1.43006e+11,4.52699e+10
777106,21220.5,2186.57,1.42935e+11,4.54936e+10
781051,21434.8,2219.93,1.42863e+11,4.57171e+10
784995,21650.1,2253.63,1.42792e+11,4.59405e+10
788940,21866.4,2287.66,1.4272e+11,4.61638e+10
792885,22083.8,2322.03,1.42647e+11,4.6387e+10
796829,22302.3,2356.75,1.42575e+11,4.66101e+10
800774,22521.8,2391.8,1.42501e+11,4.6833e+10
804719,22742.3,2427.2,1.42428e+11,4.70559e+10
808663,22963.9,2462.95,1.42354e+11,4.72786e+10
812608,23186.5,2499.04,1.4228e+11,4.75012e+10
816553,23410.2,2535.49,1.42206e+11,4.77237e+10
820498,23634.9,2572.28,1.42131e+11,4.79461e+10
824442,23860.7,2609.42,1.42056e+11,4.81683e+10
828387,24087.5,2646.92,1.4198e+11,4.83905e+10
832332,24315.4,2684.78,1.41904e+11,4.86125e+10
836276,24544.3,2722.99,1.41828e+11,4.88344e+10
840221,24774.2,2761.56,1.41752e+11,4.90562e+10
844166,25005.2,2800.5,1.41675e+11,4.92778e+10
848110,25237.3,2839.79,1.41597e+11,4.94994e+10
852055,25470.3,2879.45,1.4152e+11,4.97208e+10
856000,25704.4,2919.47,1.41442e+11,4.99421e+10
859945,25939.6,2959.86,1.41364e+11,5.01633e+10
863889,26175.8,3000.62,1.41285e+11,5.03843e+10
867834,26413,3041.75,1.41206e+11,5.06053e+10
871779,26651.3,3083.25,1.41127e+11,5.08261e+10
875723,26890.6,3125.12,1.41047e+11,5.10468e+10
879668,27130.9,3167.37,1.40967e+11,5.12673e+10
883613,27372.3,3210,1.40887e+11,5.14878e+10
887557,27614.7,3253,1.40806e+11,5.17081e+10
891502,27858.1,3296.39,1.40725e+11,5.19283e+10
895447,28102.6,3340.16,1.40643e+11,5.21483e+10
899392,28348.1,3384.3,1.40562e+11,5.23682e+10
903336,28594.6,3428.84,1.4048e+11,5.2588e+10
907281,28842.2,3473.76,1.40397e+11,5.28077e+10
911226,29090.8,3519.07,1.40314e+11,5.30273e+10
915170,29340.5,3564.77,1.40231e+11,5.32467e+10
919115,29591.1,3610.86,1.40148e+11,5.3466e+10
923060,29842.8,3657.34,1.40064e+11,5.36851e+10
927004,30095.6,3704.22,1.3998e+11,5.39041e+10
930949,30349.3,3751.49,1.39895e+11,5.4123e+10
934894,30604.1,3799.16,1.3981e+11,5.43418e+10
938839,30859.9,3847.23,1.39725e+11,5.45604e+10
942783,31116.8,3895.7,1.3964e+11,5.47789e+10
946728,31374.6,3944.58,1.39554e+11,5.49972e+10
950673,31633.5,3993.85,1.39468e+11,5.52155e+10
954617,31893.4,4043.54,1.39381e+11,5.54335e+10
958562,32154.4,4093.63,1.39294e+11,5.56515e+10
962507,32416.3,4144.13,1.39207e+11,5.58693e+10
966451,32679.3,4195.04,1.3912e+11,5.6087e+10
970396,32943.3,4246.36,1.39032e+11,5.63045e+10
974341,33208.3,4298.1,1.38943e+11,5.65219e+10
978286,33474.4,4350.25,1.38855e+11,5.67392e+10
982230,33741.5,4402.82,1.38766e+11,5.69563e+10
986175,34009.6,4455.81,1.38677e+11,5.71733e+10
990120,34278.7,4509.21,1.38587e+11,5.73901e+10
994064,34548.8,4563.04,1.38497e+11,5.76068e+10
998009,34819.9,4617.3,1.38407e+11,5.78234e+10
1.00195e+06,35092.1,4671.97,1.38316e+11,5.80398e+10
1.0059e+06,35365.3,4727.08,1.38225e+11,5.82561e+10
1.00984e+06,35639.5,4782.61,1.38134e+11,5.84723e+10
1.01379e+06,35914.7,4838.57,1.38042e+11,5.86882e+10
1.01773e+06,36190.9,4894.96,1.3795e+11,5.89041e+10
1.02168e+06,36468.2,4951.79,1.37858e+11,5.91198e+10
1.02562e+06,36746.4,5009.05,1.37765e+11,5.93354e+10
1.02957e+06,37025.7,5066.75,1.37672e+11,5.95508e+10
1.03351e+06,37305.9,5124.88,1.37579e+11,5.97661e+10
1.03746e+06,37587.2,5183.45,1.37485e+11,5.99812e+10
1.0414e+06,37869.5,5242.47,1.37391e+11,6.01962e+10
1.04535e+06,38152.8,5301.92,1.37297e+11,6.0411e+10
1.04929e+06,38437.2,5361.82,1.37203e+11,6.06257e+10
1.05323e+06,38722.5,5422.17,1.37108e+11,6.08402e+10
1.05718e+06,39008.8,5482.96,1.37012e+11,6.10546e+10
1.06112e+06,39296.1,5544.2,1.36917e+11,6.12688e+10
1.06507e+06,39584.5,5605.9,1.36821e+11,6.14829e+10
1.06901e+06,39873.8,5668.04,1.36724e+11,6.16969e+10
1.07296e+06,40164.2,5730.64,1.36627e+11,6.19106e+10
1.0769e+06,40455.6,5793.69,1.3653e+11,6.21243e+10
1.08085e+06,40747.9,5857.2,1.36433e+11,6.23378e+10
1.08479e+06,41041.3,5921.16,1.36335e+11,6.25511e+10
1.08874e+06,41335.6,5985.59,1.36237e+11,6.27643e+10
1.09268e+06,41631,6050.48,1.36139e+11,6.29773e+10
1.09663e+06,41927.4,6115.83,1.3604e+11,6.31902e+10
1.10057e+06,42224.8,6181.64,1.35941e+11,6.34029e+10
1.10452e+06,42523.1,6247.92,1.35842e+11,6.36154e+10
1.10846e+06,42822.5,6314.67,1.35742e+11,6.38278e+10
1.11241e+06,43122.8,6381.89,1.35642e+11,6.40401e+10
1.11635e+06,43424.2,6449.57,1.35542e+11,6.42522e+10
1.12029e+06,43726.6,6517.73,1.35441e+11,6.44641e+10
1.12424e+06,44029.9,6586.37,1.3534e+11,6.46759e+10
1.12818e+06,44334.3,6655.47,1.35239e+11,6.48875e+10
1.13213e+06,44639.6,6725.06,1.35137e+11,6.5099e+10
1.13607e+06,44945.9,6795.12,1.35035e+11,6.53103e+10
1.14002e+06,45253.2,6865.67,1.34933e+11,6.55214e+10
1.14396e+06,45561.6,6936.69,1.3483e+11,6.57324e+10
1.14791e+06,45870.9,7008.2,1.34727e+11,6.59432e+10
1.15185e+06,46181.2,7080.19,1.34624e+11,6.61539e+10
1.1558e+06,46492.5,7152.67,1.34521e+11,6.63644e+10
1.15974e+06,46804.7,7225.64,1.34417e+11,6.65747e+10
1.16369e+06,47118,7299.1,1.34312e+11,6.67849e+10
1.16763e+06,47432.2,7373.04,1.34208e+11,6.69949e+10
1.17158e+06,47747.5,7447.48,1.34103e+11,6.72047e+10
1.17552e+06,48063.7,7522.42,1.33997e+11,6.74144e+10
1.17947e+06,48380.9,7597.84,1.33892e+11,6.76239e+10
1.18341e+06,48699.1,7673.77,1.33786e+11,6.78333e+10
1.18735e+06,49018.3,7750.19,1.3368e+11,6.80424e+10
1.1913e+06,49338.4,7827.12,1.33573e+11,6.82515e+10
1.19524e+06,49659.6,7904.54,1.33466e+11,6.84603e+10
1.19919e+06,49981.7,7982.47,1.33359e+11,6.8669e+10
1.20313e+06,50304.8,8060.9,1.33251e+11,6.88775e+10
1.20708e+06,50628.8,8139.84,1.33143e+11,6.90858e+10
1.21102e+06,50953.9,8219.29,1.33035e+11,6.9294e+10
1.21497e+06,51279.9,8299.25,1.32927e+11,6.9502e+10
1.21891e+06,51606.9,8379.71,1.32818e+11,6.97099e+10
1.22286e+06,51934.9,8460.69,1.32708e+11,6.99175e+10
1.2268e+06,52263.9,8542.18,1.32599e+11,7.0125e+10
1.23075e+06,52593.8,8624.19,1.32489e+11,7.03323e+10
1.23469e+06,52924.7,8706.72,1.32379e+11,7.05395e+10
1.23864e+06,53256.6,8789.76,1.32268e+11,7.07465e+10
1.24258e+06,53589.5,8873.32,1.32158e+11,7.09533e+10
1.24653e+06,53923.3,8957.41,1.32046e+11,7.11599e+10
1.25047e+06,54258.1,9042.02,1.31935e+11,7.13664e+10
1.25441e+06,54593.8,9127.15,1.31823e+11,7.15727e+10
1.25836e+06,54930.6,9212.81,1.31711e+11,7.17788e+10
1.2623e+06,55268.3,9298.99,1.31599e+11,7.19847e+10
1.26625e+06,55607,9385.71,1.31486e+11,7.21904e+10
1.27019e+06,55946.6,9472.95,1.31373e+11,7.2396e+10
1.27414e+06,56287.2,9560.73,1.31259e+11,7.26014e+10
1.27808e+06,56628.7,9649.04,1.31146e+11,7.28067e+10
1.28203e+06,56971.3,9737.88,1.31032e+11,7.30117e+10
1.28597e+06,57314.8,9827.27,1.30917e+11,7.32166e+10
1.28992e+06,57659.2,9917.19,1.30803e+11,7.34213e+10
1.29386e+06,58004.6,10007.6,1.30688e+11,7.36258e+10
1.29781e+06,58351,10098.6,1.30572e+11,7.38301e+10
1.30175e+06,58698.3,10190.2,1.30457e+11,7.40342e+10
1.3057e+06,59046.6,10282.3,1.30341e+11,7.42382e+10
1.30964e+06,59395.9,10374.9,1.30224e+11,7.4442e+10
1.31359e+06,59746.1,10468.1,1.30108e+11,7.46456e+10
1.31753e+06,60097.3,10561.8,1.29991e+11,7.4849e+10
1.32147e+06,60449.4,10656.1,1.29874e+11,7.50523e+10
1.32542e+06,60802.4,10750.9,1.29756e+11,7.52553e+10
1.32936e+06,61156.5,10846.3,1.29638e+11,7.54582e+10
1.33331e+06,61511.5,10942.2,1.2952e+11,7.56609e+10
1.33725e+06,61867.4,11038.7,1.29402e+11,7.58634e+10
1.3412e+06,62224.3,11135.8,1.29283e+11,7.60657e+10
1.34514e+06,62582.1,11233.4,1.29164e+11,7.62678e+10
1.34909e+06,62940.9,11331.6,1.29044e+11,7.64698e+10
1.35303e+06,63300.6,11430.3,1.28924e+11,7.66715e+10
1.35698e+06,63661.3,11529.6,1.28804e+11,7.68731e+10
1.36092e+06,64022.9,11629.5,1.28684e+11,7.70745e+10
1.36487e+06,64385.5,11729.9,1.28563e+11,7.72756e+10
1.36881e+06,64749,11830.9,1.28442e+11,7.74767e+10
1.37276e+06,65113.5,11932.4,1.28321e+11,7.76775e+10
1.3767e+06,65478.9,12034.6,1.28199e+11,7.78781e+10
1.38064e+06,65845.2,12137.3,1.28077e+11,7.80785e+10
1.38459e+06,66212.5,12240.6,1.27955e+11,7.82788e+10
1.38853e+06,66580.7,12344.4,1.27832e+11,7.84788e+10
1.39248e+06,66949.9,12448.9,1.27709e+11,7.86787e+10
1.39642e+06,67320,12553.9,1.27586e+11,7.88783e+10
1.40037e+06,67691,12659.5,1.27463e+11,7.90778e+10
1.40431e+06,68063,12765.6,1.27339e+11,7.92771e+10
1.40826e+06,68435.9,12872.4,1.27215e+11,7.94762e+10
1.4122e+06,68809.7,12979.7,1.2709e+11,7.9675e+10
1.41615e+06,69184.5,13087.6,1.26965e+11,7.98737e+10
1.42009e+06,69560.2,13196.2,1.2684e+11,8.00722e+10
1.42404e+06,69936.9,13305.3,1.26715e+11,8.02705e+10
1.42798e+06,70314.5,13414.9,1.26589e+11,8.04687e+10
1.43193e+06,70693,13525.2,1.26463e+11,8.06666e+10
1.43587e+06,71072.4,13636.1,1.26337e+11,8.08643e+10
1.43982e+06,71452.8,13747.6,1.2621e+11,8.10618e+10
1.44376e+06,71834.1,13859.6,1.26083e+11,8.12591e+10
1.4477e+06,72216.3,13972.3,1.25956e+11,8.14562e+10
1.45165e+06,72599.4,14085.6,1.25828e+11,8.16531e+10
1.45559e+06,72983.5,14199.4,1.257e+11,8.18499e+10
1.45954e+06,73368.5,14313.9,1.25572e+11,8.20464e+10
1.46348e+06,73754.4,14428.9,1.25444e+11,8.22427e+10
1.46743e+06,74141.2,14544.6,1.25315e+11,8.24388e+10
1.47137e+06,74529,14660.9,1.25186e+11,8.26347e+10
1.47532e+06,74917.7,14777.8,1.25056e+11,8.28304e+10
1.47926e+06,75307.3,14895.2,1.24927e+11,8.30259e+10
1.48321e+06,75697.8,15013.3,1.24797e+11,8.32213e+10
1.48715e+06,76089.2,15132.1,1.24666e+11,8.34164e+10
1.4911e+06,76481.6,15251.4,1.24536e+11,8.36113e+10
1.49504e+06,76874.8,15371.3,1.24405e+11,8.3806e+10
1.49899e+06,77269,15491.9,1.24274e+11,8.40004e+10
1.50293e+06,77664.1,15613,1.24142e+11,8.41947e+10
1.50688e+06,78060.1,15734.8,1.2401e+11,8.43888e+10
1.51082e+06,78457,15857.2,1.23878e+11,8.45827e+10
1.51476e+06,78854.8,15980.3,1.23746e+11,8.47763e+10
1.51871e+06,79253.6,16103.9,1.23613e+11,8.49698e+10
1.52265e+06,79653.2,16228.2,1.2348e+11,8.5163e+10
1.5266e+06,80053.8,16353.1,1.23346e+11,8.53561e+10
1.53054e+06,80455.2,16478.7,1.23213e+11,8.55489e+10
1.53449e+06,80857.6,16604.8,1.23079e+11,8.57415e+10
1.53843e+06,81260.9,16731.6,1.22945e+11,8.5934e+10
1.54238e+06,81665,16859,1.2281e+11,8.61262e+10
1.54632e+06,82070.1,16987.1,1.22675e+11,8.63181e+10
1.55027e+06,82476.1,17115.8,1.2254e+11,8.65099e+10
1.55421e+06,82883,17245.1,1.22404e+11,8.67015e+10
1.55816e+06,83290.7,17375.1,1.22269e+11,8.68929e+10
1.5621e+06,83699.4,17505.7,1.22133e+11,8.7084e+10
1.56605e+06,84109,17636.9,1.21996e+11,8.72749e+10
1.56999e+06,84519.4,17768.8,1.2186e+11,8.74656e+10
1.57394e+06,84930.8,17901.3,1.21723e+11,8.76561e+10
1.57788e+06,85343.1,18034.5,1.21585e+11,8.78464e+10
1.58182e+06,85756.2,18168.3,1.21448e+11,8.80365e+10
1.58577e+06,86170.2,18302.8,1.2131e+11,8.82264e+10
1.58971e+06,86585.2,18437.9,1.21172e+11,8.8416e+10
1.59366e+06,87001,18573.6,1.21033e+11,8.86054e+10
1.5976e+06,87417.7,18710,1.20895e+11,8.87946e+10
1.60155e+06,87835.3,18847.1,1.20756e+11,8.89836e+10
1.60549e+06,88253.8,18984.8,1.20616e+11,8.91724e+10
1.60944e+06,88673.2,19123.2,1.20477e+11,8.9361e+10
1.61338e+06,89093.4,19262.2,1.20337e+11,8.95493e+10
1.61733e+06,89514.6,19401.9,1.20196e+11,8.97374e+10
1.62127e+06,89936.6,19542.3,1.20056e+11,8.99253e+10
1.62522e+06,90359.5,19683.3,1.19915e+11,9.0113e+10
1.62916e+06,90783.3,19824.9,1.19774e+11,9.03005e+10
1.63311e+06,91208,19967.3,1.19633e+11,9.04877e+10
1.63705e+06,91633.5,20110.3,1.19491e+11,9.06747e+10
1.641e+06,92060,20253.9,1.19349e+11,9.08615e+10
1.64494e+06,92487.3,20398.3,1.19207e+11,9.10481e+10
1.64888e+06,92915.5,20543.3,1.19064e+11,9.12344e+10
1.65283e+06,93344.5,20688.9,1.18921e+11,9.14206e+10
1.65677e+06,93774.4,20835.3,1.18778e+11,9.16065e+10
1.66072e+06,94205.3,20982.3,1.18635e+11,9.17921e+10
1.66466e+06,94636.9,21130,1.18491e+11,9.19776e+10
1.66861e+06,95069.5,21278.4,1.18347e+11,9.21628e+10
1.67255e+06,95502.9,21427.4,1.18203e+11,9.23478e+10
1.6765e+06,95937.2,21577.1,1.18058e+11,9.25326e+10
1.68044e+06,96372.3,21727.5,1.17913e+11,9.27172e+10
1.68439e+06,96808.3,21878.6,1.17768e+11,9.29015e+10
1.68833e+06,97245.2,22030.4,1.17623e+11,9.30856e+10
1.69228e+06,97683,22182.8,1.17477e+11,9.32695e+10
1.69622e+06,98121.6,22336,1.17331e+11,9.34531e+10
1.70017e+06,98561.1,22489.8,1.17184e+11,9.36365e+10
1.70411e+06,99001.4,22644.3,1.17038e+11,9.38197e+10
1.70806e+06,99442.6,22799.5,1.16891e+11,9.40026e+10
1.712e+06,99884.7,22955.4,1.16744e+11,9.41854e+10
1.71594e+06,100328,23112,1.16596e+11,9.43679e+10
1.71989e+06,100771,23269.3,1.16449e+11,9.45501e+10
1.72383e+06,101216,23427.2,1.16301e+11,9.47322e+10
1.72778e+06,101661,23585.9,1.16152e+11,9.4914e+10
1.73172e+06,102108,23745.3,1.16004e+11,9.50955e+10
1.73567e+06,102555,23905.3,1.15855e+11,9.52769e+10
1.73961e+06,103003,24066.1,1.15706e+11,9.5458e+10
1.74356e+06,103452,24227.6,1.15556e+11,9.56388e+10
1.7475e+06,103902,24389.7,1.15406e+11,9.58195e+10
1.75145e+06,104352,24552.6,1.15256e+11,9.59999e+10
1.75539e+06,104804,24716.2,1.15106e+11,9.618e+10
1.75934e+06,105256,24880.5,1.14955e+11,9.63599e+10
1.76328e+06,105709,25045.5,1.14805e+11,9.65396e+10
1.76723e+06,106163,25211.2,1.14653e+11,9.67191e+10
1.77117e+06,106618,25377.6,1.14502e+11,9.68983e+10
1.77511e+06,107073,25544.7,1.1435e+11,9.70773e+10
1.77906e+06,107530,25712.6,1.14198e+11,9.7256e+10
1.783e+06,107987,25881.1,1.14046e+11,9.74346e+10
1.78695e+06,108445,26050.4,1.13894e+11,9.76128e+10
1.79089e+06,108904,26220.4,1.13741e+11,9.77909e+10
1.79484e+06,109364,26391.1,1.13588e+11,9.79686e+10
1.79878e+06,109825,26562.5,1.13434e+11,9.81462e+10
1.80273e+06,110286,26734.6,1.13281e+11,9.83235e+10
1.80667e+06,110749,26907.5,1.13127e+11,9.85006e+10
1.81062e+06,111212,27081.1,1.12972e+11,9.86774e+10
1.81456e+06,111676,27255.4,1.12818e+11,9.8854e+10
1.81851e+06,112141,27430.5,1.12663e+11,9.90303e+10
1.82245e+06,112606,27606.2,1.12508e+11,9.92065e+10
1.8264e+06,113073,27782.7,1.12353e+11,9.93823e+10
1.83034e+06,113540,27960,1.12197e+11,9.95579e+10
1.83429e+06,114008,28137.9,1.12041e+11,9.97333e+10
1.83823e+06,114477,28316.6,1.11885e+11,9.99084e+10
1.84217e+06,114947,28496.1,1.11729e+11,1.00083e+11
1.84612e+06,115418,28676.2,1.11572e+11,1.00258e+11
1.85006e+06,115889,28857.1,1.11415e+11,1.00432e+11
1.85401e+06,116361,29038.8,1.11258e+11,1.00607e+11
1.85795e+06,116834,29221.2,1.111e+11,1.0078e+11
1.8619e+06,117308,29404.3,1.10943e+11,1.00954e+11
1.86584e+06,117783,29588.1,1.10785e+11,1.01127e+11
1.86979e+06,118259,29772.8,1.10626e+11,1.01301e+11
1.87373e+06,118735,29958.1,1.10468e+11,1.01474e+11
1.87768e+06,119212,30144.2,1.10309e+11,1.01646e+11
1.88162e+06,119690,30331,1.1015e+11,1.01819e+11
1.88557e+06,120169,30518.6,1.0999e+11,1.01991e+11
1.88951e+06,120648,30707,1.09831e+11,1.02163e+11
1.89346e+06,121129,30896.1,1.09671e+11,1.02334e+11
1.8974e+06,121610,31085.9,1.09511e+11,1.02506e+11
1.90135e+06,122092,31276.5,1.0935e+11,1.02677e+11
1.90529e+06,122575,31467.9,1.09189e+11,1.02848e+11
1.90923e+06,123058,31660,1.09028e+11,1.03019e+11
1.91318e+06,123542,31852.8,1.08867e+11,1.03189e+11
1.91712e+06,124028,32046.4,1.08705e+11,1.03359e+11
1.92107e+06,124514,32240.8,1.08544e+11,1.03529e+11
1.92501e+06,125000,32436,1.08382e+11,1.03699e+11
1.92896e+06,125488,32631.9,1.08219e+11,1.03868e+11
1.9329e+06,125976,32828.5,1.08057e+11,1.04037e+11
1.93685e+06,126466,33026,1.07894e+11,1.04206e+11
1.94079e+06,126956,33224.2,1.07731e+11,1.04375e+11
1.94474e+06,127446,33423.1,1.07567e+11,1.04543e+11
1.94868e+06,127938,33622.9,1.07404e+11,1.04711e+11
1.95263e+06,128430,33823.4,1.0724e+11,1.04879e+11
1.95657e+06,128923,34024.7,1.07076e+11,1.05047e+11
1.96052e+06,129417,34226.7,1.06911e+11,1.05214e+11
1.96446e+06,129912,34429.5,1.06746e+11,1.05381e+11
1.96841e+06,130407,34633.1,1.06581e+11,1.05548e+11
1.97235e+06,130904,34837.5,1.06416e+11,1.05715e+11
1.97629e+06,131401,35042.6,1.06251e+11,1.05881e+11
1.98024e+06,131898,35248.6,1.06085e+11,1.06047e+11
1.98418e+06,132397,35455.3,1.05919e+11,1.06213e+11
1.98813e+06,132896,35662.7,1.05753e+11,1.06378e+11
1.99207e+06,133397,35871,1.05586e+11,1.06544e+11
1.99602e+06,133897,36080.1,1.05419e+11,1.06709e+11
1.99996e+06,134399,36289.9,1.05252e+11,1.06874e+11
2.00391e+06,134902,36500.5,1.05085e+11,1.07038e+11
2.00785e+06,135405,36711.9,1.04917e+11,1.07202e+11
2.0118e+06,135909,36924.1,1.0475e+11,1.07366e+11
2.01574e+06,136414,37137.1,1.04582e+11,1.0753e+11
2.01969e+06,136919,37350.9,1.04413e+11,1.07693e+11
2.02363e+06,137426,37565.4,1.04245e+11,1.07857e+11
2.02758e+06,137933,37780.8,1.04076e+11,1.0802e+11
2.03152e+06,138441,37996.9,1.03907e+11,1.08182e+11
2.03547e+06,138949,38213.9,1.03737e+11,1.08345e+11
2.03941e+06,139459,38431.6,1.03568e+11,1.08507e+11
2.04335e+06,139969,38650.1,1.03398e+11,1.08669e+11
2.0473e+06,140480,38869.5,1.03228e+11,1.0883e+11
2.05124e+06,140991,39089.6,1.03058e+11,1.08991e+11
2.05519e+06,141504,39310.6,1.02887e+11,1.09153e+11
2.05913e+06,142017,39532.3,1.02716e+11,1.09313e+11
2.06308e+06,142531,39754.8,1.02545e+11,1.09474e+11
2.06702e+06,143046,39978.2,1.02374e+11,1.09634e+11
2.07097e+06,143561,40202.3,1.02202e+11,1.09794e+11
2.07491e+06,144077,40427.3,1.0203e+11,1.09954e+11
2.07886e+06,144594,40653.1,1.01858e+11,1.10113e+11
2.0828e+06,145112,40879.6,1.01686e+11,1.10273e+11
2.08675e+06,145630,41107,1.01513e+11,1.10431e+11
2.09069e+06,146149,41335.2,1.0134e+11,1.1059e+11
2.09464e+06,146669,41564.2,1.01167e+11,1.10748e+11
2.09858e+06,147190,41794.1,1.00994e+11,1.10907e+11
2.10253e+06,147711,42024.7,1.0082e+11,1.11064e+11
2.10647e+06,148234,42256.2,1.00646e+11,1.11222e+11
2.11041e+06,148756,42488.4,1.00472e+11,1.11379e+11
2.11436e+06,149280,42721.5,1.00298e+11,1.11536e+11
2.1183e+06,149804,42955.4,1.00123e+11,1.11693e+11
2.12225e+06,150330,43190.2,9.99484e+10,1.1185e+11
2.12619e+06,150855,43425.7,9.97733e+10,1.12006e+11
2.13014e+06,151382,43662.1,9.9598e+10,1.12162e+11
2.13408e+06,151909,43899.3,9.94224e+10,1.12317e+11
2.13803e+06,152437,44137.3,9.92466e+10,1.12473e+11
2.14197e+06,152966,44376.2,9.90706e+10,1.12628e+11
2.14592e+06,153496,44615.9,9.88943e+10,1.12783e+11
2.14986e+06,154026,44856.4,9.87177e+10,1.12937e+11
2.15381e+06,154557,45097.7,9.8541e+10,1.13091e+11
2.15775e+06,155088,45339.9,9.8364e+10,1.13245e+11
2.1617e+06,155621,45582.9,9.81867e+10,1.13399e+11
2.16564e+06,156154,45826.7,9.80092e+10,1.13553e+11
2.16958e+06,156688,46071.4,9.78315e+10,1.13706e+11
2.17353e+06,157222,46316.9,9.76535e+10,1.13859e+11
2.17747e+06,157758,46563.2,9.74753e+10,1.14011e+11
2.18142e+06,158293,46810.4,9.72968e+10,1.14164e+11
2.18536e+06,158830,47058.4,9.71181e+10,1.14316e+11
2.18931e+06,159368,47307.3,9.69392e+10,1.14467e+11
2.19325e+06,159906,47557,9.676e+10,1.14619e+11
2.1972e+06,160445,47807.5,9.65806e+10,1.1477e+11
2.20114e+06,160984,48058.9,9.6401e+10,1.14921e+11
2.20509e+06,161524,48311.2,9.62211e+10,1.15072e+11
2.20903e+06,162065,48564.2,9.6041e+10,1.15222e+11
2.21298e+06,162607,48818.2,9.58607e+10,1.15372e+11
2.21692e+06,163149,49072.9,9.56801e+10,1.15522e+11
2.22087e+06,163692,49328.5,9.54993e+10,1.15671e+11
2.22481e+06,164236,49585,9.53182e+10,1.15821e+11
2.22876e+06,164781,49842.3,9.51369e+10,1.1597e+11
2.2327e+06,165326,50100.5,9.49554e+10,1.16118e+11
2.23664e+06,165872,50359.5,9.47737e+10,1.16267e+11
2.24059e+06,166418,50619.4,9.45917e+10,1.16415e+11
2.24453e+06,166966,50880.2,9.44095e+10,1.16563e+11
2.24848e+06,167514,51141.8,9.4227e+10,1.1671e+11
2.25242e+06,168062,51404.2,9.40444e+10,1.16857e+11
2.25637e+06,168612,51667.5,9.38615e+10,1.17004e+11
2.26031e+06,169162,51931.7,9.36783e+10,1.17151e+11
2.26426e+06,169712,52196.7,9.3495e+10,1.17297e+11
2.2682e+06,170264,52462.6,9.33114e+10,1.17444e+11
2.27215e+06,170816,52729.4,9.31276e+10,1.17589e+11
2.27609e+06,171369,52997,9.29435e+10,1.17735e+11
2.28004e+06,171922,53265.5,9.27593e+10,1.1788e+11
2.28398e+06,172476,53534.8,9.25748e+10,1.18025e+11
2.28793e+06,173031,53805,9.239e+10,1.1817e+11
2.29187e+06,173586,54076.1,9.22051e+10,1.18314e+11
2.29582e+06,174143,54348.1,9.20199e+10,1.18458e+11
2.29976e+06,174700,54620.9,9.18345e+10,1.18602e+11
2.3037e+06,175257,54894.6,9.16489e+10,1.18745e+11
2.30765e+06,175815,55169.2,9.1463e+10,1.18889e+11
2.31159e+06,176374,55444.6,9.12769e+10,1.19032e+11
2.31554e+06,176934,55720.9,9.10906e+10,1.19174e+11
2.31948e+06,177494,55998.1,9.09041e+10,1.19317e+11
2.32343e+06,178055,56276.2,9.07174e+10,1.19459e+11
2.32737e+06,178616,56555.2,9.05304e+10,1.196e+11
2.33132e+06,179179,56835,9.03432e+10,1.19742e+11
2.33526e+06,179741,57115.7,9.01558e+10,1.19883e+11
2.33921e+06,180305,57397.3,8.99682e+10,1.20024e+11
2.34315e+06,180869,57679.7,8.97803e+10,1.20164e+11
2.3471e+06,181434,57963.1,8.95923e+10,1.20305e+11
2.35104e+06,182000,58247.3,8.9404e+10,1.20445e+11
2.35499e+06,182566,58532.5,8.92155e+10,1.20584e+11
2.35893e+06,183133,58818.5,8.90267e+10,1.20724e+11
2.36288e+06,183700,59105.4,8.88378e+10,1.20863e+11
2.36682e+06,184268,59393.2,8.86486e+10,1.21002e+11
2.37076e+06,184837,59681.8,8.84593e+10,1.2114e+11
2.37471e+06,185406,59971.4,8.82697e+10,1.21278e+11
2.37865e+06,185977,60261.9,8.80799e+10,1.21416e+11
2.3826e+06,186547,60553.2,8.78898e+10,1.21554e+11
2.38654e+06,187119,60845.4,8.76996e+10,1.21691e+11
2.39049e+06,187691,61138.6,8.75091e+10,1.21828e+11
2.39443e+06,188263,61432.6,8.73185e+10,1.21965e+11
2.39838e+06,188837,61727.5,8.71276e+10,1.22102e+11
2.40232e+06,189411,62023.4,8.69365e+10,1.22238e+11
2.40627e+06,189985,62320.1,8.67452e+10,1.22373e+11
2.41021e+06,190560,62617.7,8.65537e+10,1.22509e+11
2.41416e+06,191136,62916.2,8.63619e+10,1.22644e+11
2.4181e+06,191713,63215.6,8.617e+10,1.22779e+11
2.42205e+06,192290,63516,8.59778e+10,1.22914e+11
2.42599e+06,192868,63817.2,8.57855e+10,1.23048e+11
2.42994e+06,193446,64119.3,8.55929e+10,1.23182e+11
2.43388e+06,194025,64422.4,8.54001e+10,1.23316e+11
2.43782e+06,194605,64726.3,8.52071e+10,1.23449e+11
2.44177e+06,195185,65031.2,8.50139e+10,1.23582e+11
2.44571e+06,195766,65336.9,8.48205e+10,1.23715e+11
2.44966e+06,196347,65643.6,8.46269e+10,1.23848e+11
2.4536e+06,196930,65951.2,8.44331e+10,1.2398e+11
2.45755e+06,197512,66259.7,8.4239e+10,1.24112e+11
2.46149e+06,198096,66569.1,8.40448e+10,1.24244e+11
2.46544e+06,198680,66879.4,8.38504e+10,1.24375e+11
2.46938e+06,199264,67190.6,8.36557e+10,1.24506e+11
2.47333e+06,199850,67502.8,8.34609e+10,1.24637e+11
2.47727e+06,200436,67815.8,8.32658e+10,1.24767e+11
2.48122e+06,201022,68129.8,8.30705e+10,1.24897e+11
2.48516e+06,201609,68444.7,8.28751e+10,1.25027e+11
2.48911e+06,202197,68760.5,8.26794e+10,1.25156e+11
2.49305e+06,202785,69077.2,8.24835e+10,1.25286e+11
2.497e+06,203374,69394.9,8.22875e+10,1.25414e+11
2.50094e+06,203963,69713.5,8.20912e+10,1.25543e+11
2.50488e+06,204554,70033,8.18947e+10,1.25671e+11
2.50883e+06,205144,70353.4,8.16981e+10,1.25799e+11
2.51277e+06,205736,70674.7,8.15012e+10,1.25927e+11
2.51672e+06,206327,70997,8.13041e+10,1.26054e+11
2.52066e+06,206920,71320.2,8.11068e+10,1.26181e+11
2.52461e+06,207513,71644.3,8.09094e+10,1.26308e+11
2.52855e+06,208107,71969.4,8.07117e+10,1.26434e+11
2.5325e+06,208701,72295.4,8.05138e+10,1.2656e+11
2.53644e+06,209296,72622.3,8.03158e+10,1.26686e+11
2.54039e+06,209891,72950.1,8.01175e+10,1.26812e+11
2.54433e+06,210487,73278.9,7.99191e+10,1.26937e+11
2.54828e+06,211084,73608.6,7.97204e+10,1.27062e+11
2.55222e+06,211681,73939.2,7.95216e+10,1.27186e+11
2.55617e+06,212279,74270.8,7.93225e+10,1.2731e+11
2.56011e+06,212877,74603.3,7.91233e+10,1.27434e+11
2.56406e+06,213476,74936.8,7.89239e+10,1.27558e+11
2.568e+06,214076,75271.2,7.87242e+10,1.27681e+11
2.57194e+06,214676,75606.5,7.85244e+10,1.27804e+11
2.57589e+06,215277,75942.7,7.83244e+10,1.27927e+11
2.57983e+06,215878,76279.9,7.81242e+10,1.28049e+11
2.58378e+06,216480,76618.1,7.79238e+10,1.28171e+11
2.58772e+06,217082,76957.2,7.77233e+10,1.28293e+11
2.59167e+06,217685,77297.2,7.75225e+10,1.28414e+11
2.59561e+06,218289,77638.2,7.73215e+10,1.28535e+11
2.59956e+06,218893,77980.1,7.71204e+10,1.28656e+11
2.6035e+06,219498,78323,7.69191e+10,1.28777e+11
2.60745e+06,220103,78666.8,7.67175e+10,1.28897e+11
2.61139e+06,220709,79011.5,7.65158e+10,1.29017e+11
2.61534e+06,221315,79357.2,7.63139e+10,1.29136e+11
2.61928e+06,221922,79703.9,7.61118e+10,1.29255e+11
2.62323e+06,222530,80051.5,7.59096e+10,1.29374e+11
2.62717e+06,223138,80400,7.57071e+10,1.29493e+11
2.63111e+06,223747,80749.5,7.55045e+10,1.29611e+11
2.63506e+06,224356,81100,7.53016e+10,1.29729e+11
2.639e+06,224966,81451.4,7.50986e+10,1.29847e+11
2.64295e+06,225576,81803.8,7.48954e+10,1.29964e+11
2.64689e+06,226187,82157.1,7.4692e+10,1.30081e+11
2.65084e+06,226798,82511.4,7.44885e+10,1.30198e+11
2.65478e+06,227410,82866.6,7.42847e+10,1.30314e+11
2.65873e+06,228023,83222.8,7.40808e+10,1.3043e+11
2.66267e+06,228636,83579.9,7.38767e+10,1.30546e+11
2.66662e+06,229249,83938,7.36724e+10,1.30661e+11
2.67056e+06,229863,84297.1,7.34679e+10,1.30776e+11
2.67451e+06,230478,84657.1,7.32633e+10,1.30891e+11
2.67845e+06,231093,85018.1,7.30585e+10,1.31006e+11
2.6824e+06,231709,85380.1,7.28535e+10,1.3112e+11
2.68634e+06,232325,85743,7.26483e+10,1.31233e+11
2.69029e+06,232942,86106.9,7.24429e+10,1.31347e+11
2.69423e+06,233559,86471.7,7.22374e+10,1.3146e+11
2.69817e+06,234177,86837.5,7.20317e+10,1.31573e+11
2.70212e+06,234796,87204.3,7.18258e+10,1.31685e+11
2.70606e+06,235414,87572.1,7.16197e+10,1.31798e+11
2.71001e+06,236034,87940.8,7.14135e+10,1.31909e+11
2.71395e+06,236654,88310.5,7.1207e+10,1.32021e+11
2.7179e+06,237274,88681.1,7.10004e+10,1.32132e+11
2.72184e+06,237895,89052.8,7.07937e+10,1.32243e+11
2.72579e+06,238517,89425.4,7.05867e+10,1.32354e+11
2.72973e+06,239139,89798.9,7.03796e+10,1.32464e+11
2.73368e+06,239762,90173.5,7.01723e+10,1.32574e+11
2.73762e+06,240385,90549,6.99649e+10,1.32683e+11
2.74157e+06,241008,90925.5,6.97573e+10,1.32793e+11
2.74551e+06,241632,91303,6.95495e+10,1.32902e+11
2.74946e+06,242257,91681.4,6.93415e+10,1.3301e+11
2.7534e+06,242882,92060.8,6.91334e+10,1.33119e+11
2.75735e+06,243508,92441.2,6.89251e+10,1.33227e+11
2.76129e+06,244134,92822.6,6.87166e+10,1.33334e+11
2.76523e+06,244761,93205,6.85079e+10,1.33442e+11
2.76918e+06,245388,93588.3,6.82991e+10,1.33549e+11
2.77312e+06,246015,93972.6,6.80901e+10,1.33655e+11
2.77707e+06,246644,94357.9,6.7881e+10,1.33762e+11
2.78101e+06,247272,94744.2,6.76717e+10,1.33868e+11
2.78496e+06,247901,95131.5,6.74622e+10,1.33973e+11
2.7889e+06,248531,95519.7,6.72526e+10,1.34079e+11
2.79285e+06,249161,95909,6.70428e+10,1.34184e+11
2.79679e+06,249792,96299.2,6.68328e+10,1.34288e+11
2.80074e+06,250423,96690.4,6.66227e+10,1.34393e+11
2.80468e+06,251055,97082.6,6.64124e+10,1.34497e+11
2.80863e+06,251687,97475.8,6.62019e+10,1.346e+11
2.81257e+06,252319,97870,6.59913e+10,1.34704e+11
2.81652e+06,252952,98265.2,6.57805e+10,1.34807e+11
2.82046e+06,253586,98661.3,6.55696e+10,1.3491e+11
2.82441e+06,254220,99058.5,6.53585e+10,1.35012e+11
2.82835e+06,254855,99456.6,6.51472e+10,1.35114e+11
2.83229e+06,255490,99855.8,6.49358e+10,1.35216e+11
2.83624e+06,256125,100256,6.47242e+10,1.35317e+11
2.84018e+06,256761,100657,6.45125e+10,1.35418e+11
2.84413e+06,257397,101059,6.43006e+10,1.35519e+11
2.84807e+06,258034,101462,6.40885e+10,1.3562e+11
2.85202e+06,258672,101866,6.38763e+10,1.3572e+11
2.85596e+06,259310,102271,6.36639e+10,1.35819e+11
2.85991e+06,259948,102678,6.34514e+10,1.35919e+11
2.86385e+06,260587,103085,6.32387e+10,1.36018e+11
2.8678e+06,261226,103493,6.30259e+10,1.36117e+11
2.87174e+06,261866,103902,6.28129e+10,1.36215e+11
2.87569e+06,262506,104312,6.25998e+10,1.36313e+11
2.87963e+06,263146,104723,6.23865e+10,1.36411e+11
2.88358e+06,263787,105135,6.2173e+10,1.36508e+11
2.88752e+06,264429,105548,6.19594e+10,1.36605e+11
2.89147e+06,265071,105962,6.17457e+10,1.36702e+11
2.89541e+06,265713,106378,6.15318e+10,1.36798e+11
2.89935e+06,266356,106794,6.13177e+10,1.36895e+11
2.9033e+06,267000,107211,6.11035e+10,1.3699e+11
2.90724e+06,267644,107629,6.08891e+10,1.37086e+11
2.91119e+06,268288,108048,6.06746e+10,1.37181e+11
2.91513e+06,268933,108468,6.046e+10,1.37276e+11
2.91908e+06,269578,108889,6.02452e+10,1.3737e+11
2.92302e+06,270223,109312,6.00302e+10,1.37464e+11
2.92697e+06,270869,109735,5.98152e+10,1.37558e+11
2.93091e+06,271516,110159,5.95999e+10,1.37651e+11
2.93486e+06,272163,110584,5.93845e+10,1.37744e+11
2.9388e+06,272810,111010,5.9169e+10,1.37837e+11
2.94275e+06,273458,111438,5.89533e+10,1.37929e+11
2.94669e+06,274106,111866,5.87375e+10,1.38021e+11
2.95064e+06,274755,112295,5.85215e+10,1.38113e+11
2.95458e+06,275404,112725,5.83054e+10,1.38204e+11
2.95853e+06,276053,113157,5.80892e+10,1.38295e+11
2.96247e+06,276703,113589,5.78728e+10,1.38386e+11
2.96641e+06,277353,114022,5.76563e+10,1.38476e+11
2.97036e+06,278004,114457,5.74396e+10,1.38567e+11
2.9743e+06,278655,114892,5.72228e+10,1.38656e+11
2.97825e+06,279307,115328,5.70058e+10,1.38746e+11
2.98219e+06,279959,115766,5.67887e+10,1.38835e+11
2.98614e+06,280612,116204,5.65715e+10,1.38923e+11
2.99008e+06,281264,116644,5.63541e+10,1.39011e+11
2.99403e+06,281918,117084,5.61366e+10,1.39099e+11
2.99797e+06,282571,117526,5.5919e+10,1.39187e+11
3.00192e+06,283226,117968,5.57012e+10,1.39274e+11
3.00586e+06,283880,118412,5.54833e+10,1.39361e+11
3.00981e+06,284535,118856,5.52652e+10,1.39448e+11
3.01375e+06,285190,119302,5.5047e+10,1.39534e+11
3.0177e+06,285846,119748,5.48287e+10,1.3962e+11
3.02164e+06,286502,120196,5.46103e+10,1.39706e+11
3.02558e+06,287159,120645,5.43917e+10,1.39791e+11
3.02953e+06,287816,121094,5.41729e+10,1.39876e+11
3.03347e+06,288473,121545,5.39541e+10,1.3996e+11
3.03742e+06,289131,121997,5.37351e+10,1.40045e+11
3.04136e+06,289789,122450,5.3516e+10,1.40129e+11
3.04531e+06,290447,122903,5.32967e+10,1.40212e+11
3.04925e+06,291106,123358,5.30773e+10,1.40295e+11
3.0532e+06,291766,123814,5.28578e+10,1.40378e+11
3.05714e+06,292425,124271,5.26382e+10,1.40461e+11
3.06109e+06,293085,124729,5.24184e+10,1.40543e+11
3.06503e+06,293746,125188,5.21985e+10,1.40625e+11
3.06898e+06,294407,125648,5.19785e+10,1.40706e+11
3.07292e+06,295068,126109,5.17583e+10,1.40787e+11
3.07687e+06,295730,126571,5.1538e+10,1.40868e+11
3.08081e+06,296391,127034,5.13176e+10,1.40949e+11
3.08476e+06,297054,127498,5.10971e+10,1.41029e+11
3.0887e+06,297717,127963,5.08765e+10,1.41108e+11
3.09264e+06,298380,128430,5.06557e+10,1.41188e+11
3.09659e+06,299043,128897,5.04348e+10,1.41267e+11
3.10053e+06,299707,129365,5.02137e+10,1.41346e+11
3.10448e+06,300371,129834,4.99926e+10,1.41424e+11
3.10842e+06,301036,130305,4.97713e+10,1.41502e+11
3.11237e+06,301701,130776,4.95499e+10,1.4158e+11
3.11631e+06,302366,131249,4.93284e+10,1.41657e+11
3.12026e+06,303032,131722,4.91068e+10,1.41734e+11
3.1242e+06,303698,132197,4.8885e+10,1.41811e+11
3.12815e+06,304364,132672,4.86631e+10,1.41887e+11
3.13209e+06,305031,133149,4.84411e+10,1.41963e+11
3.13604e+06,305698,133626,4.8219e+10,1.42038e+11
3.13998e+06,306366,134105,4.79968e+10,1.42114e+11
3.14393e+06,307033,134585,4.77744e+10,1.42189e+11
3.14787e+06,307702,135066,4.7552e+10,1.42263e+11
3.15182e+06,308370,135547,4.73294e+10,1.42337e+11
3.15576e+06,309039,136030,4.71067e+10,1.42411e+11
3.1597e+06,309708,136514,4.68839e+10,1.42485e+11
3.16365e+06,310378,136999,4.66609e+10,1.42558e+11
3.16759e+06,311048,137485,4.64379e+10,1.42631e+11
3.17154e+06,311718,137972,4.62147e+10,1.42703e+11
3.17548e+06,312389,138460,4.59915e+10,1.42775e+11
3.17943e+06,313060,138949,4.57681e+10,1.42847e+11
3.18337e+06,313731,139440,4.55446e+10,1.42918e+11
3.18732e+06,314402,139931,4.5321e+10,1.42989e+11
3.19126e+06,315074,140423,4.50973e+10,1.4306e+11
3.19521e+06,315747,140917,4.48734e+10,1.43131e+11
3.19915e+06,316419,141411,4.46495e+10,1.43201e+11
3.2031e+06,317092,141906,4.44254e+10,1.4327e+11
3.20704e+06,317765,142403,4.42013e+10,1.4334e+11
3.21099e+06,318439,142901,4.3977e+10,1.43408e+11
3.21493e+06,319113,143399,4.37527e+10,1.43477e+11
3.21888e+06,319787,143899,4.35282e+10,1.43545e+11
3.22282e+06,320462,144400,4.33036e+10,1.43613e+11
3.22676e+06,321136,144901,4.30789e+10,1.43681e+11
3.23071e+06,321812,145404,4.28541e+10,1.43748e+11
3.23465e+06,322487,145908,4.26292e+10,1.43815e+11
3.2386e+06,323163,146413,4.24042e+10,1.43881e+11
3.24254e+06,323839,146919,4.21791e+10,1.43948e+11
3.24649e+06,324515,147426,4.19539e+10,1.44013e+11
3.25043e+06,325192,147934,4.17286e+10,1.44079e+11
3.25438e+06,325869,148444,4.15032e+10,1.44144e+11
3.25832e+06,326547,148954,4.12776e+10,1.44209e+11
3.26227e+06,327224,149465,4.1052e+10,1.44273e+11
3.26621e+06,327902,149977,4.08263e+10,1.44337e+11
3.27016e+06,328580,150491,4.06005e+10,1.44401e+11
3.2741e+06,329259,151005,4.03746e+10,1.44464e+11
3.27805e+06,329938,151521,4.01485e+10,1.44527e+11
3.28199e+06,330617,152038,3.99224e+10,1.4459e+11
3.28594e+06,331296,152555,3.96962e+10,1.44652e+11
3.28988e+06,331976,153074,3.94699e+10,1.44714e+11
3.29382e+06,332656,153594,3.92435e+10,1.44775e+11
3.29777e+06,333336,154115,3.9017e+10,1.44837e+11
3.30171e+06,334017,154637,3.87904e+10,1.44897e+11
3.30566e+06,334698,155160,3.85637e+10,1.44958e+11
3.3096e+06,335379,155684,3.83369e+10,1.45018e+11
3.31355e+06,336060,156209,3.811e+10,1.45078e+11
3.31749e+06,336742,156735,3.7883e+10,1.45137e+11
3.32144e+06,337424,157262,3.7656e+10,1.45196e+11
3.32538e+06,338106,157791,3.74288e+10,1.45255e+11
3.32933e+06,338789,158320,3.72016e+10,1.45314e+11
3.33327e+06,339472,158850,3.69742e+10,1.45372e+11
3.33722e+06,340155,159382,3.67468e+10,1.45429e+11
3.34116e+06,340838,159915,3.65193e+10,1.45486e+11
3.34511e+06,341522,160448,3.62917e+10,1.45543e+11
3.34905e+06,342206,160983,3.6064e+10,1.456e+11
3.353e+06,342890,161519,3.58362e+10,1.45656e+11
3.35694e+06,343574,162056,3.56083e+10,1.45712e+11
3.36088e+06,344259,162594,3.53803e+10,1.45768e+11
3.36483e+06,344944,163133,3.51523e+10,1.45823e+11
3.36877e+06,345629,163673,3.49241e+10,1.45878e+11
3.37272e+06,346315,164214,3.46959e+10,1.45932e+11
3.37666e+06,347000,164756,3.44676e+10,1.45986e+11
3.38061e+06,347686,165299,3.42392e+10,1.4604e+11
3.38455e+06,348373,165844,3.40107e+10,1.46093e+11
3.3885e+06,349059,166389,3.37822e+10,1.46146e+11
3.39244e+06,349746,166936,3.35535e+10,1.46199e+11
3.39639e+06,350433,167483,3.33248e+10,1.46251e+11
3.40033e+06,351120,168032,3.3096e+10,1.46303e+11
3.40428e+06,351807,168582,3.28671e+10,1.46355e+11
3.40822e+06,352495,169133,3.26382e+10,1.46406e+11
3.41217e+06,353183,169685,3.24091e+10,1.46457e+11
3.41611e+06,353871,170238,3.218e+10,1.46507e+11
3.42005e+06,354560,170792,3.19508e+10,1.46558e+11
3.424e+06,355248,171347,3.17215e+10,1.46607e+11
3.42794e+06,355937,171903,3.14922e+10,1.46657e+11
3.43189e+06,356626,172460,3.12627e+10,1.46706e+11
3.43583e+06,357316,173019,3.10332e+10,1.46755e+11
3.43978e+06,358005,173578,3.08036e+10,1.46803e+11
3.44372e+06,358695,174139,3.05739e+10,1.46851e+11
3.44767e+06,359385,174700,3.03442e+10,1.46899e+11
3.45161e+06,360075,175263,3.01144e+10,1.46946e+11
3.45556e+06,360766,175827,2.98845e+10,1.46993e+11
3.4595e+06,361456,176391,2.96545e+10,1.47039e+11
3.46345e+06,362147,176957,2.94245e+10,1.47086e+11
3.46739e+06,362838,177524,2.91944e+10,1.47131e+11
3.47134e+06,363530,178092,2.89642e+10,1.47177e+11
3.47528e+06,364221,178662,2.8734e+10,1.47222e+11
3.47923e+06,364913,179232,2.85037e+10,1.47267e+11
3.48317e+06,365605,179803,2.82733e+10,1.47311e+11
3.48711e+06,366297,180376,2.80428e+10,1.47355e+11
3.49106e+06,366990,180949,2.78123e+10,1.47399e+11
3.495e+06,367682,181524,2.75817e+10,1.47442e+11
3.49895e+06,368375,182099,2.7351e+10,1.47485e+11
3.50289e+06,369068,182676,2.71203e+10,1.47528e+11
3.50684e+06,369761,183254,2.68895e+10,1.4757e+11
3.51078e+06,370454,183833,2.66587e+10,1.47612e+11
3.51473e+06,371148,184413,2.64277e+10,1.47653e+11
3.51867e+06,371842,184994,2.61968e+10,1.47695e+11
3.52262e+06,372536,185576,2.59657e+10,1.47735e+11
3.52656e+06,373230,186159,2.57346e+10,1.47776e+11
3.53051e+06,373924,186744,2.55034e+10,1.47816e+11
3.53445e+06,374619,187329,2.52722e+10,1.47856e+11
3.5384e+06,375314,187916,2.50409e+10,1.47895e+11
3.54234e+06,376008,188503,2.48095e+10,1.47934e+11
3.54629e+06,376704,189092,2.45781e+10,1.47973e+11
3.55023e+06,377399,189682,2.43466e+10,1.48011e+11
3.55417e+06,378094,190273,2.4115e+10,1.48049e+11
3.55812e+06,378790,190865,2.38834e+10,1.48086e+11
3.56206e+06,379486,191458,2.36518e+10,1.48123e+11
3.56601e+06,380182,192052,2.342e+10,1.4816e+11
3.56995e+06,380878,192647,2.31883e+10,1.48197e+11
3.5739e+06,381574,193243,2.29564e+10,1.48233e+11
3.57784e+06,382271,193841,2.27245e+10,1.48269e+11
3.58179e+06,382967,194439,2.24926e+10,1.48304e+11
3.58573e+06,383664,195039,2.22606e+10,1.48339e+11
3.58968e+06,384361,195639,2.20285e+10,1.48374e+11
3.59362e+06,385058,196241,2.17964e+10,1.48408e+11
3.59757e+06,385755,196844,2.15643e+10,1.48442e+11
3.60151e+06,386453,197448,2.1332e+10,1.48475e+11
3.60546e+06,387151,198053,2.10998e+10,1.48508e+11
3.6094e+06,387848,198659,2.08675e+10,1.48541e+11
3.61335e+06,388546,199266,2.06351e+10,1.48574e+11
3.61729e+06,389244,199875,2.04027e+10,1.48606e+11
3.62123e+06,389943,200484,2.01702e+10,1.48638e+11
3.62518e+06,390641,201095,1.99377e+10,1.48669e+11
3.62912e+06,391339,201706,1.97051e+10,1.487e+11
3.63307e+06,392038,202319,1.94725e+10,1.48731e+11
3.63701e+06,392737,202933,1.92398e+10,1.48761e+11
3.64096e+06,393436,203547,1.90071e+10,1.48791e+11
3.6449e+06,394135,204163,1.87743e+10,1.4882e+11
3.64885e+06,394834,204780,1.85415e+10,1.48849e+11
3.65279e+06,395534,205399,1.83087e+10,1.48878e+11
3.65674e+06,396233,206018,1.80758e+10,1.48907e+11
3.66068e+06,396933,206638,1.78428e+10,1.48935e+11
3.66463e+06,397632,207260,1.76099e+10,1.48963e+11
3.66857e+06,398332,207882,1.73768e+10,1.4899e+11
3.67252e+06,399032,208506,1.71438e+10,1.49017e+11
3.67646e+06,399733,209130,1.69107e+10,1.49044e+11
3.68041e+06,400433,209756,1.66775e+10,1.4907e+11
3.68435e+06,401133,210383,1.64443e+10,1.49096e+11
3.68829e+06,401834,211011,1.62111e+10,1.49121e+11
3.69224e+06,402534,211640,1.59778e+10,1.49146e+11
3.69618e+06,403235,212270,1.57445e+10,1.49171e+11
3.70013e+06,403936,212902,1.55111e+10,1.49196e+11
3.70407e+06,404637,213534,1.52778e+10,1.4922e+11
3.70802e+06,405338,214167,1.50443e+10,1.49244e+11
3.71196e+06,406039,214802,1.48109e+10,1.49267e+11
3.71591e+06,406741,215438,1.45774e+10,1.4929e+11
3.71985e+06,407442,216074,1.43438e+10,1.49312e+11
3.7238e+06,408143,216712,1.41103e+10,1.49335e+11
3.72774e+06,408845,217351,1.38767e+10,1.49357e+11
3.73169e+06,409547,217991,1.3643e+10,1.49378e+11
3.73563e+06,410249,218633,1.34094e+10,1.49399e+11
3.73958e+06,410951,219275,1.31756e+10,1.4942e+11
3.74352e+06,411653,219918,1.29419e+10,1.49441e+11
3.74747e+06,412355,220563,1.27081e+10,1.49461e+11
3.75141e+06,413057,221208,1.24743e+10,1.4948e+11
3.75535e+06,413759,221855,1.22405e+10,1.495e+11
3.7593e+06,414462,222503,1.20067e+10,1.49519e+11
3.76324e+06,415164,223151,1.17728e+10,1.49537e+11
3.76719e+06,415867,223801,1.15388e+10,1.49555e+11
3.77113e+06,416569,224452,1.13049e+10,1.49573e+11
3.77508e+06,417272,225104,1.10709e+10,1.49591e+11
3.77902e+06,417975,225758,1.08369e+10,1.49608e+11
3.78297e+06,418678,226412,1.06029e+10,1.49625e+11
3.78691e+06,419381,227068,1.03688e+10,1.49641e+11
3.79086e+06,420084,227724,1.01348e+10,1.49657e+11
3.7948e+06,420787,228382,9.90066e+09,1.49673e+11
3.79875e+06,421490,229040,9.66654e+09,1.49688e+11
3.80269e+06,422193,229700,9.43238e+09,1.49703e+11
3.80664e+06,422897,230361,9.19821e+09,1.49718e+11
3.81058e+06,423600,231023,8.96401e+09,1.49732e+11
3.81452e+06,424304,231686,8.72979e+09,1.49746e+11
3.81847e+06,425007,232351,8.49555e+09,1.49759e+11
3.82241e+06,425711,233016,8.26129e+09,1.49772e+11
3.82636e+06,426414,233682,8.02701e+09,1.49785e+11
3.8303e+06,427118,234350,7.79271e+09,1.49797e+11
3.83425e+06,427822,235019,7.55839e+09,1.49809e+11
3.83819e+06,428526,235688,7.32405e+09,1.49821e+11
3.84214e+06,429230,236359,7.0897e+09,1.49832e+11
3.84608e+06,429934,237031,6.85532e+09,1.49843e+11
3.85003e+06,430638,237704,6.62093e+09,1.49854e+11
3.85397e+06,431342,238378,6.38652e+09,1.49864e+11
3.85792e+06,432046,239054,6.1521e+09,1.49874e+11
3.86186e+06,432750,239730,5.91766e+09,1.49883e+11
3.86581e+06,433454,240407,5.68321e+09,1.49892e+11
3.86975e+06,434158,241086,5.44875e+09,1.49901e+11
3.8737e+06,434863,241766,5.21427e+09,1.49909e+11
3.87764e+06,435567,242446,4.97978e+09,1.49917e+11
3.88158e+06,436271,243128,4.74527e+09,1.49925e+11
3.88553e+06,436975,243811,4.51076e+09,1.49932e+11
3.88947e+06,437680,244495,4.27623e+09,1.49939e+11
3.89342e+06,438384,245180,4.04169e+09,1.49945e+11
3.89736e+06,439089,245867,3.80715e+09,1.49952e+11
3.90131e+06,439793,246554,3.57259e+09,1.49957e+11
3.90525e+06,440498,247243,3.33802e+09,1.49963e+11
3.9092e+06,441202,247932,3.10345e+09,1.49968e+11
3.91314e+06,441907,248623,2.86887e+09,1.49972e+11
3.91709e+06,442611,249315,2.63428e+09,1.49977e+11
3.92103e+06,443316,250007,2.39969e+09,1.49981e+11
3.92498e+06,444021,250701,2.16509e+09,1.49984e+11
3.92892e+06,444725,251396,1.93048e+09,1.49987e+11
3.93287e+06,445430,252093,1.69587e+09,1.4999e+11
3.93681e+06,446135,252790,1.46126e+09,1.49993e+11
3.94076e+06,446839,253488,1.22664e+09,1.49995e+11
3.9447e+06,447544,254188,9.92019e+08,1.49997e+11
3.94864e+06,448249,254888,7.57396e+08,1.49998e+11
3.95259e+06,448953,255590,5.2277e+08,1.49999e+11
3.95653e+06,449658,256293,2.88144e+08,1.5e+11
3.96048e+06,450363,256997,5.35167e+07,1.5e+11
3.96442e+06,451067,257702,-1.81111e+08,1.5e+11
3.96837e+06,451772,258408,-4.15737e+08,1.49999e+11
3.97231e+06,452477,259115,-6.50363e+08,1.49998e+11
3.97626e+06,453182,259823,-8.84988e+08,1.49997e+11
3.9802e+06,453886,260533,-1.11961e+09,1.49996e+11
3.98415e+06,454591,261243,-1.35423e+09,1.49994e+11
3.98809e+06,455296,261955,-1.58885e+09,1.49991e+11
3.99204e+06,456000,262668,-1.82346e+09,1.49989e+11
3.99598e+06,456705,263382,-2.05806e+09,1.49986e+11
3.99993e+06,457410,264096,-2.29267e+09,1.49982e+11
4.00387e+06,458114,264812,-2.52726e+09,1.49979e+11
4.00782e+06,458819,265530,-2.76186e+09,1.49974e+11
4.01176e+06,459523,266248,-2.99644e+09,1.4997e+11
4.0157e+06,460228,266967,-3.23102e+09,1.49965e+11
4.01965e+06,460932,267688,-3.46559e+09,1.4996e+11
4.02359e+06,461637,268409,-3.70015e+09,1.49954e+11
4.02754e+06,462341,269132,-3.9347e+09,1.49948e+11
4.03148e+06,463046,269855,-4.16924e+09,1.49942e+11
4.03543e+06,463750,270580,-4.40377e+09,1.49935e+11
4.03937e+06,464455,271306,-4.63829e+09,1.49928e+11
4.04332e+06,465159,272033,-4.8728e+09,1.49921e+11
4.04726e+06,465863,272761,-5.1073e+09,1.49913e+11
4.05121e+06,466567,273491,-5.34178e+09,1.49905e+11
4.05515e+06,467272,274221,-5.57625e+09,1.49896e+11
4.0591e+06,467976,274953,-5.81071e+09,1.49887e+11
4.06304e+06,468680,275685,-6.04516e+09,1.49878e+11
4.06699e+06,469384,276419,-6.27959e+09,1.49868e+11
4.07093e+06,470088,277153,-6.514e+09,1.49858e+11
4.07488e+06,470792,277889,-6.7484e+09,1.49848e+11
4.07882e+06,471496,278626,-6.98278e+09,1.49837e+11
4.08276e+06,472200,279364,-7.21714e+09,1.49826e+11
4.08671e+06,472904,280104,-7.45149e+09,1.49815e+11
4.09065e+06,473608,280844,-7.68582e+09,1.49803e+11
4.0946e+06,474312,281585,-7.92013e+09,1.49791e+11
4.09854e+06,475015,282328,-8.15442e+09,1.49778e+11
4.10249e+06,475719,283071,-8.38869e+09,1.49765e+11
4.10643e+06,476422,283816,-8.62294e+09,1.49752e+11
4.11038e+06,477126,284562,-8.85717e+09,1.49738e+11
4.11432e+06,477829,285308,-9.09137e+09,1.49724e+11
4.11827e+06,478533,286056,-9.32556e+09,1.4971e+11
4.12221e+06,479236,286805,-9.55972e+09,1.49695e+11
4.12616e+06,479939,287556,-9.79386e+09,1.4968e+11
4.1301e+06,480642,288307,-1.0028e+10,1.49664e+11
4.13405e+06,481346,289059,-1.02621e+10,1.49648e+11
4.13799e+06,482049,289813,-1.04961e+10,1.49632e+11
4.14194e+06,482751,290567,-1.07302e+10,1.49616e+11
4.14588e+06,483454,291323,-1.09642e+10,1.49599e+11
4.14982e+06,484157,292080,-1.11982e+10,1.49581e+11
4.15377e+06,484860,292838,-1.14321e+10,1.49564e+11
4.15771e+06,485562,293597,-1.16661e+10,1.49545e+11
4.16166e+06,486265,294357,-1.19e+10,1.49527e+11
4.1656e+06,486967,295118,-1.21338e+10,1.49508e+11
4.16955e+06,487670,295880,-1.23677e+10,1.49489e+11
4.17349e+06,488372,296643,-1.26015e+10,1.4947e+11
4.17744e+06,489074,297408,-1.28353e+10,1.4945e+11
4.18138e+06,489776,298173,-1.3069e+10,1.49429e+11
4.18533e+06,490478,298940,-1.33027e+10,1.49409e+11
4.18927e+06,491180,299708,-1.35364e+10,1.49388e+11
4.19322e+06,491882,300477,-1.37701e+10,1.49366e+11
4.19716e+06,492583,301247,-1.40037e+10,1.49345e+11
4.20111e+06,493285,302018,-1.42373e+10,1.49323e+11
4.20505e+06,493987,302790,-1.44708e+10,1.493e+11
4.20899e+06,494688,303563,-1.47044e+10,1.49277e+11
4.21294e+06,495389,304337,-1.49378e+10,1.49254e+11
4.21688e+06,496090,305113,-1.51713e+10,1.49231e+11
4.22083e+06,496791,305889,-1.54047e+10,1.49207e+11
4.22477e+06,497492,306667,-1.5638e+10,1.49182e+11
4.22872e+06,498193,307446,-1.58714e+10,1.49158e+11
4.23266e+06,498894,308225,-1.61047e+10,1.49133e+11
4.23661e+06,499594,309006,-1.63379e+10,1.49107e+11
4.24055e+06,500295,309788,-1.65711e+10,1.49082e+11
4.2445e+06,500995,310571,-1.68043e+10,1.49056e+11
4.24844e+06,501695,311356,-1.70374e+10,1.49029e+11
4.25239e+06,502395,312141,-1.72705e+10,1.49002e+11
4.25633e+06,503095,312927,-1.75036e+10,1.48975e+11
4.26028e+06,503795,313715,-1.77366e+10,1.48947e+11
4.26422e+06,504495,314503,-1.79695e+10,1.4892e+11
4.26817e+06,505194,315293,-1.82024e+10,1.48891e+11
4.27211e+06,505894,316084,-1.84353e+10,1.48863e+11
4.27605e+06,506593,316876,-1.86681e+10,1.48834e+11
4.28e+06,507292,317669,-1.89009e+10,1.48804e+11
4.28394e+06,507991,318463,-1.91337e+10,1.48774e+11
4.28789e+06,508690,319258,-1.93663e+10,1.48744e+11
4.29183e+06,509389,320054,-1.9599e+10,1.48714e+11
4.29578e+06,510087,320851,-1.98316e+10,1.48683e+11
4.29972e+06,510786,321650,-2.00641e+10,1.48652e+11
4.30367e+06,511484,322449,-2.02966e+10,1.4862e+11
4.30761e+06,512182,323250,-2.05291e+10,1.48588e+11
4.31156e+06,512880,324052,-2.07614e+10,1.48556e+11
4.3155e+06,513578,324854,-2.09938e+10,1.48523e+11
4.31945e+06,514276,325658,-2.12261e+10,1.4849e+11
4.32339e+06,514973,326463,-2.14583e+10,1.48457e+11
4.32734e+06,515671,327269,-2.16905e+10,1.48423e+11
4.33128e+06,516368,328076,-2.19226e+10,1.48389e+11
4.33523e+06,517065,328885,-2.21547e+10,1.48355e+11
4.33917e+06,517762,329694,-2.23868e+10,1.4832e+11
4.34311e+06,518459,330504,-2.26187e+10,1.48285e+11
4.34706e+06,519155,331316,-2.28506e+10,1.48249e+11
4.351e+06,519852,332129,-2.30825e+10,1.48213e+11
4.35495e+06,520548,332942,-2.33143e+10,1.48177e+11
4.35889e+06,521244,333757,-2.35461e+10,1.4814e+11
4.36284e+06,521940,334573,-2.37777e+10,1.48103e+11
4.36678e+06,522635,335390,-2.40094e+10,1.48066e+11
4.37073e+06,523331,336208,-2.42409e+10,1.48028e+11
4.37467e+06,524026,337027,-2.44725e+10,1.4799e+11
4.37862e+06,524721,337847,-2.47039e+10,1.47951e+11
4.38256e+06,525416,338669,-2.49353e+10,1.47913e+11
4.38651e+06,526111,339491,-2.51666e+10,1.47873e+11
4.39045e+06,526806,340314,-2.53979e+10,1.47834e+11
4.3944e+06,527500,341139,-2.56291e+10,1.47794e+11
4.39834e+06,528195,341965,-2.58603e+10,1.47754e+11
4.40229e+06,528889,342791,-2.60913e+10,1.47713e+11
4.40623e+06,529582,343619,-2.63224e+10,1.47672e+11
4.41017e+06,530276,344448,-2.65533e+10,1.47631e+11
4.41412e+06,530970,345278,-2.67842e+10,1.47589e+11
4.41806e+06,531663,346109,-2.7015e+10,1.47547e+11
4.42201e+06,532356,346941,-2.72458e+10,1.47505e+11
4.42595e+06,533049,347775,-2.74765e+10,1.47462e+11
4.4299e+06,533742,348609,-2.77071e+10,1.47419e+11
4.43384e+06,534434,349444,-2.79377e+10,1.47375e+11
4.43779e+06,535126,350281,-2.81681e+10,1.47331e+11
4.44173e+06,535818,351118,-2.83986e+10,1.47287e+11
4.44568e+06,536510,351957,-2.86289e+10,1.47242e+11
4.44962e+06,537202,352797,-2.88592e+10,1.47197e+11
4.45357e+06,537893,353638,-2.90894e+10,1.47152e+11
4.45751e+06,538584,354480,-2.93195e+10,1.47106e+11
4.46146e+06,539275,355323,-2.95496e+10,1.4706e+11
4.4654e+06,539966,356167,-2.97796e+10,1.47014e+11
4.46935e+06,540657,357012,-3.00095e+10,1.46967e+11
4.47329e+06,541347,357858,-3.02394e+10,1.4692e+11
4.47723e+06,542037,358705,-3.04691e+10,1.46873e+11
4.48118e+06,542727,359554,-3.06988e+10,1.46825e+11
4.48512e+06,543417,360403,-3.09285e+10,1.46777e+11
4.48907e+06,544106,361254,-3.1158e+10,1.46728e+11
4.49301e+06,544795,362105,-3.13875e+10,1.46679e+11
4.49696e+06,545484,362958,-3.16169e+10,1.4663e+11
4.5009e+06,546173,363812,-3.18462e+10,1.4658e+11
4.50485e+06,546862,364667,-3.20754e+10,1.4653e+11
4.50879e+06,547550,365523,-3.23046e+10,1.4648e+11
4.51274e+06,548238,366380,-3.25337e+10,1.46429e+11
4.51668e+06,548926,367238,-3.27627e+10,1.46378e+11
4.52063e+06,549613,368097,-3.29916e+10,1.46327e+11
4.52457e+06,550301,368957,-3.32204e+10,1.46275e+11
4.52852e+06,550988,369818,-3.34492e+10,1.46223e+11
4.53246e+06,551675,370681,-3.36779e+10,1.4617e+11
4.53641e+06,552361,371544,-3.39065e+10,1.46117e+11
4.54035e+06,553048,372409,-3.4135e+10,1.46064e+11
4.54429e+06,553734,373274,-3.43634e+10,1.46011e+11
4.54824e+06,554420,374141,-3.45918e+10,1.45957e+11
4.55218e+06,555105,375009,-3.482e+10,1.45902e+11
4.55613e+06,555790,375878,-3.50482e+10,1.45848e+11
4.56007e+06,556475,376748,-3.52763e+10,1.45793e+11
4.56402e+06,557160,377619,-3.55043e+10,1.45737e+11
4.56796e+06,557845,378491,-3.57322e+10,1.45682e+11
4.57191e+06,558529,379364,-3.596e+10,1.45625e+11
4.57585e+06,559213,380238,-3.61878e+10,1.45569e+11
4.5798e+06,559897,381113,-3.64154e+10,1.45512e+11
4.58374e+06,560580,381989,-3.6643e+10,1.45455e+11
4.58769e+06,561264,382867,-3.68705e+10,1.45398e+11
4.59163e+06,561947,383745,-3.70978e+10,1.4534e+11
4.59558e+06,562629,384625,-3.73251e+10,1.45282e+11
4.59952e+06,563312,385505,-3.75523e+10,1.45223e+11
4.60346e+06,563994,386387,-3.77794e+10,1.45164e+11
4.60741e+06,564676,387270,-3.80065e+10,1.45105e+11
4.61135e+06,565357,388154,-3.82334e+10,1.45045e+11
4.6153e+06,566038,389038,-3.84602e+10,1.44985e+11
4.61924e+06,566719,389924,-3.8687e+10,1.44925e+11
4.62319e+06,567400,390811,-3.89136e+10,1.44864e+11
4.62713e+06,568081,391699,-3.91401e+10,1.44803e+11
4.63108e+06,568761,392588,-3.93666e+10,1.44742e+11
4.63502e+06,569441,393479,-3.95929e+10,1.4468e+11
4.63897e+06,570120,394370,-3.98192e+10,1.44618e+11
4.64291e+06,570799,395262,-4.00454e+10,1.44555e+11
4.64686e+06,571478,396156,-4.02714e+10,1.44493e+11
4.6508e+06,572157,397050,-4.04974e+10,1.44429e+11
4.65475e+06,572835,397946,-4.07233e+10,1.44366e+11
4.65869e+06,573513,398842,-4.0949e+10,1.44302e+11
4.66264e+06,574191,399740,-4.11747e+10,1.44238e+11
4.66658e+06,574869,400638,-4.14002e+10,1.44173e+11
4.67052e+06,575546,401538,-4.16257e+10,1.44108e+11
4.67447e+06,576223,402439,-4.18511e+10,1.44043e+11
4.67841e+06,576899,403341,-4.20763e+10,1.43977e+11
4.68236e+06,577576,404244,-4.23015e+10,1.43911e+11
4.6863e+06,578252,405148,-4.25265e+10,1.43845e+11
4.69025e+06,578927,406053,-4.27515e+10,1.43778e+11
4.69419e+06,579602,406959,-4.29763e+10,1.43711e+11
4.69814e+06,580277,407866,-4.32011e+10,1.43644e+11
4.70208e+06,580952,408774,-4.34257e+10,1.43576e+11
4.70603e+06,581627,409683,-4.36502e+10,1.43508e+11
4.70997e+06,582301,410594,-4.38746e+10,1.4344e+11
4.71392e+06,582974,411505,-4.4099e+10,1.43371e+11
4.71786e+06,583648,412417,-4.43232e+10,1.43302e+11
4.72181e+06,584321,413331,-4.45473e+10,1.43232e+11
4.72575e+06,584993,414245,-4.47712e+10,1.43162e+11
4.7297e+06,585666,415161,-4.49951e+10,1.43092e+11
4.73364e+06,586338,416077,-4.52189e+10,1.43021e+11
4.73758e+06,587010,416995,-4.54425e+10,1.42951e+11
4.74153e+06,587681,417914,-4.56661e+10,1.42879e+11
4.74547e+06,588352,418834,-4.58895e+10,1.42808e+11
4.74942e+06,589023,419754,-4.61128e+10,1.42736e+11
4.75336e+06,589693,420676,-4.63361e+10,1.42663e+11
4.75731e+06,590363,421599,-4.65592e+10,1.42591e+11
4.76125e+06,591033,422523,-4.67821e+10,1.42518e+11
4.7652e+06,591703,423448,-4.7005e+10,1.42444e+11
4.76914e+06,592372,424374,-4.72277e+10,1.42371e+11
4.77309e+06,593040,425301,-4.74504e+10,1.42297e+11
4.77703e+06,593709,426230,-4.76729e+10,1.42222e+11
4.78098e+06,594377,427159,-4.78953e+10,1.42148e+11
4.78492e+06,595044,428089,-4.81176e+10,1.42072e+11
4.78887e+06,595712,429020,-4.83398e+10,1.41997e+11
4.79281e+06,596378,429953,-4.85618e+10,1.41921e+11
4.79676e+06,597045,430886,-4.87837e+10,1.41845e+11
4.8007e+06,597711,431820,-4.90056e+10,1.41769e+11
4.80464e+06,598377,432756,-4.92273e+10,1.41692e+11
4.80859e+06,599043,433692,-4.94488e+10,1.41615e+11
4.81253e+06,599708,434630,-4.96703e+10,1.41537e+11
4.81648e+06,600372,435568,-4.98916e+10,1.41459e+11
4.82042e+06,601037,436508,-5.01128e+10,1.41381e+11
4.82437e+06,601701,437449,-5.03339e+10,1.41302e+11
4.82831e+06,602365,438390,-5.05549e+10,1.41224e+11
4.83226e+06,603028,439333,-5.07757e+10,1.41144e+11
4.8362e+06,603691,440277,-5.09964e+10,1.41065e+11
4.84015e+06,604353,441222,-5.1217e+10,1.40985e+11
4.84409e+06,605015,442168,-5.14375e+10,1.40904e+11
4.84804e+06,605677,443114,-5.16578e+10,1.40824e+11
4.85198e+06,606339,444062,-5.1878e+10,1.40743e+11
4.85593e+06,607000,445011,-5.20981e+10,1.40662e+11
4.85987e+06,607660,445961,-5.2318e+10,1.4058e+11
4.86382e+06,608320,446912,-5.25379e+10,1.40498e+11
4.86776e+06,608980,447864,-5.27576e+10,1.40416e+11
4.8717e+06,609640,448817,-5.29771e+10,1.40333e+11
4.87565e+06,610299,449771,-5.31966e+10,1.4025e+11
4.87959e+06,610958,450727,-5.34159e+10,1.40166e+11
4.88354e+06,611616,451683,-5.36351e+10,1.40083e+11
4.88748e+06,612274,452640,-5.38541e+10,1.39999e+11
4.89143e+06,612931,453598,-5.4073e+10,1.39914e+11
4.89537e+06,613588,454557,-5.42918e+10,1.39829e+11
4.89932e+06,614245,455518,-5.45105e+10,1.39744e+11
4.90326e+06,614902,456479,-5.4729e+10,1.39659e+11
4.90721e+06,615557,457441,-5.49474e+10,1.39573e+11
4.91115e+06,616213,458405,-5.51656e+10,1.39487e+11
4.9151e+06,616868,459369,-5.53838e+10,1.39401e+11
4.91904e+06,617523,460335,-5.56017e+10,1.39314e+11
4.92299e+06,618177,461301,-5.58196e+10,1.39227e+11
4.92693e+06,618831,462268,-5.60373e+10,1.39139e+11
4.93088e+06,619484,463237,-5.62549e+10,1.39051e+11
4.93482e+06,620137,464206,-5.64723e+10,1.38963e+11
4.93876e+06,620790,465177,-5.66896e+10,1.38875e+11
4.94271e+06,621442,466148,-5.69067e+10,1.38786e+11
4.94665e+06,622094,467121,-5.71238e+10,1.38697e+11
4.9506e+06,622746,468095,-5.73406e+10,1.38607e+11
4.95454e+06,623397,469069,-5.75574e+10,1.38517e+11
4.95849e+06,624047,470045,-5.7774e+10,1.38427e+11
4.96243e+06,624697,471021,-5.79904e+10,1.38337e+11
4.96638e+06,625347,471999,-5.82067e+10,1.38246e+11
4.97032e+06,625996,472978,-5.84229e+10,1.38154e+11
4.97427e+06,626645,473957,-5.86389e+10,1.38063e+11
4.97821e+06,627293,474938,-5.88548e+10,1.37971e+11
4.98216e+06,627941,475920,-5.90706e+10,1.37879e+11
4.9861e+06,628589,476903,-5.92862e+10,1.37786e+11
4.99005e+06,629236,477886,-5.95016e+10,1.37693e+11
4.99399e+06,629883,478871,-5.97169e+10,1.376e+11
4.99793e+06,630529,479857,-5.99321e+10,1.37506e+11
5.00188e+06,631175,480844,-6.01471e+10,1.37413e+11
5.00582e+06,631820,481831,-6.03619e+10,1.37318e+11
5.00977e+06,632465,482820,-6.05767e+10,1.37224e+11
5.01371e+06,633109,483810,-6.07912e+10,1.37129e+11
5.01766e+06,633753,484801,-6.10056e+10,1.37034e+11
5.0216e+06,634397,485793,-6.12199e+10,1.36938e+11
5.02555e+06,635040,486785,-6.1434e+10,1.36842e+11
5.02949e+06,635683,487779,-6.1648e+10,1.36746e+11
5.03344e+06,636325,488774,-6.18618e+10,1.36649e+11
5.03738e+06,636967,489770,-6.20755e+10,1.36552e+11
5.04133e+06,637608,490767,-6.2289e+10,1.36455e+11
5.04527e+06,638249,491765,-6.25024e+10,1.36357e+11
5.04922e+06,638889,492763,-6.27156e+10,1.36259e+11
5.05316e+06,639529,493763,-6.29286e+10,1.36161e+11
5.05711e+06,640169,494764,-6.31416e+10,1.36063e+11
5.06105e+06,640808,495766,-6.33543e+10,1.35964e+11
5.06499e+06,641446,496769,-6.35669e+10,1.35864e+11
5.06894e+06,642084,497773,-6.37793e+10,1.35765e+11
5.07288e+06,642722,498778,-6.39916e+10,1.35665e+11
5.07683e+06,643359,499783,-6.42037e+10,1.35565e+11
5.08077e+06,643995,500790,-6.44157e+10,1.35464e+11
5.08472e+06,644632,501798,-6.46275e+10,1.35363e+11
5.08866e+06,645267,502807,-6.48392e+10,1.35262e+11
5.09261e+06,645903,503817,-6.50507e+10,1.3516e+11
5.09655e+06,646537,504827,-6.5262e+10,1.35058e+11
5.1005e+06,647172,505839,-6.54732e+10,1.34956e+11
5.10444e+06,647805,506852,-6.56842e+10,1.34853e+11
5.10839e+06,648439,507866,-6.58951e+10,1.34751e+11
5.11233e+06,649071,508881,-6.61057e+10,1.34647e+11
5.11628e+06,649704,509896,-6.63163e+10,1.34544e+11
5.12022e+06,650336,510913,-6.65266e+10,1.3444e+11
5.12417e+06,650967,511931,-6.67369e+10,1.34336e+11
5.12811e+06,651598,512950,-6.69469e+10,1.34231e+11
5.13205e+06,652228,513969,-6.71568e+10,1.34126e+11
5.136e+06,652858,514990,-6.73665e+10,1.34021e+11
5.13994e+06,653487,516012,-6.7576e+10,1.33915e+11
5.14389e+06,654116,517034,-6.77854e+10,1.3381e+11
5.14783e+06,654745,518058,-6.79947e+10,1.33703e+11
5.15178e+06,655373,519083,-6.82037e+10,1.33597e+11
5.15572e+06,656000,520108,-6.84126e+10,1.3349e+11
5.15967e+06,656627,521135,-6.86213e+10,1.33383e+11
5.16361e+06,657253,522162,-6.88299e+10,1.33275e+11
5.16756e+06,657879,523191,-6.90382e+10,1.33167e+11
5.1715e+06,658505,524221,-6.92465e+10,1.33059e+11
5.17545e+06,659129,525251,-6.94545e+10,1.32951e+11
5.17939e+06,659754,526283,-6.96624e+10,1.32842e+11
5.18334e+06,660378,527315,-6.98701e+10,1.32733e+11
5.18728e+06,661001,528348,-7.00776e+10,1.32623e+11
5.19123e+06,661624,529383,-7.0285e+10,1.32514e+11
5.19517e+06,662246,530418,-7.04922e+10,1.32404e+11
5.19911e+06,662868,531455,-7.06992e+10,1.32293e+11
5.20306e+06,663489,532492,-7.0906e+10,1.32182e+11
5.207e+06,664110,533530,-7.11127e+10,1.32071e+11
5.21095e+06,664730,534570,-7.13192e+10,1.3196e+11
5.21489e+06,665350,535610,-7.15255e+10,1.31848e+11
5.21884e+06,665969,536651,-7.17317e+10,1.31736e+11
5.22278e+06,666587,537693,-7.19376e+10,1.31624e+11
5.22673e+06,667206,538736,-7.21434e+10,1.31511e+11
5.23067e+06,667823,539780,-7.2349e+10,1.31398e+11
5.23462e+06,668440,540826,-7.25545e+10,1.31285e+11
5.23856e+06,669057,541872,-7.27598e+10,1.31171e+11
5.24251e+06,669673,542919,-7.29648e+10,1.31057e+11
5.24645e+06,670288,543967,-7.31697e+10,1.30943e+11
5.2504e+06,670903,545016,-7.33745e+10,1.30828e+11
5.25434e+06,671517,546065,-7.3579e+10,1.30713e+11
5.25829e+06,672131,547116,-7.37834e+10,1.30598e+11
5.26223e+06,672744,548168,-7.39876e+10,1.30483e+11
5.26617e+06,673357,549221,-7.41916e+10,1.30367e+11
5.27012e+06,673969,550275,-7.43954e+10,1.3025e+11
5.27406e+06,674581,551329,-7.45991e+10,1.30134e+11
5.27801e+06,675192,552385,-7.48025e+10,1.30017e+11
5.28195e+06,675803,553442,-7.50058e+10,1.299e+11
5.2859e+06,676413,554499,-7.52089e+10,1.29782e+11
5.28984e+06,677022,555558,-7.54118e+10,1.29665e+11
5.29379e+06,677631,556617,-7.56145e+10,1.29546e+11
5.29773e+06,678239,557678,-7.58171e+10,1.29428e+11
5.30168e+06,678847,558739,-7.60194e+10,1.29309e+11
5.30562e+06,679454,559801,-7.62216e+10,1.2919e+11
5.30957e+06,680061,560865,-7.64236e+10,1.29071e+11
5.31351e+06,680667,561929,-7.66254e+10,1.28951e+11
5.31746e+06,681273,562994,-7.6827e+10,1.28831e+11
5.3214e+06,681878,564060,-7.70284e+10,1.28711e+11
5.32535e+06,682482,565127,-7.72297e+10,1.2859e+11
5.32929e+06,683086,566195,-7.74307e+10,1.28469e+11
5.33323e+06,683689,567264,-7.76315e+10,1.28348e+11
5.33718e+06,684292,568334,-7.78322e+10,1.28226e+11
5.34112e+06,684894,569405,-7.80327e+10,1.28104e+11
5.34507e+06,685495,570477,-7.8233e+10,1.27982e+11
5.34901e+06,686096,571549,-7.84331e+10,1.2786e+11
5.35296e+06,686697,572623,-7.8633e+10,1.27737e+11
5.3569e+06,687297,573697,-7.88327e+10,1.27614e+11
5.36085e+06,687896,574773,-7.90322e+10,1.2749e+11
5.36479e+06,688495,575849,-7.92315e+10,1.27366e+11
5.36874e+06,689093,576927,-7.94306e+10,1.27242e+11
5.37268e+06,689690,578005,-7.96296e+10,1.27118e+11
5.37663e+06,690287,579085,-7.98283e+10,1.26993e+11
5.38057e+06,690883,580165,-8.00268e+10,1.26868e+11
5.38452e+06,691479,581246,-8.02252e+10,1.26743e+11
5.38846e+06,692074,582328,-8.04233e+10,1.26617e+11
5.3924e+06,692669,583411,-8.06213e+10,1.26491e+11
5.39635e+06,693263,584495,-8.08191e+10,1.26365e+11
5.40029e+06,693856,585580,-8.10166e+10,1.26238e+11
5.40424e+06,694449,586665,-8.1214e+10,1.26112e+11
5.40818e+06,695041,587752,-8.14111e+10,1.25984e+11
5.41213e+06,695633,588840,-8.16081e+10,1.25857e+11
5.41607e+06,696224,589928,-8.18049e+10,1.25729e+11
5.42002e+06,696814,591018,-8.20014e+10,1.25601e+11
5.42396e+06,697404,592108,-8.21978e+10,1.25473e+11
5.42791e+06,697993,593200,-8.23939e+10,1.25344e+11
5.43185e+06,698581,594292,-8.25899e+10,1.25215e+11
5.4358e+06,699169,595385,-8.27857e+10,1.25085e+11
5.43974e+06,699757,596479,-8.29812e+10,1.24956e+11
5.44369e+06,700344,597574,-8.31766e+10,1.24826e+11
5.44763e+06,700930,598670,-8.33717e+10,1.24696e+11
5.45158e+06,701515,599767,-8.35667e+10,1.24565e+11
5.45552e+06,702100,600865,-8.37614e+10,1.24434e+11
5.45946e+06,702684,601963,-8.39559e+10,1.24303e+11
5.46341e+06,703268,603063,-8.41503e+10,1.24171e+11
5.46735e+06,703851,604163,-8.43444e+10,1.2404e+11
5.4713e+06,704433,605265,-8.45383e+10,1.23908e+11
5.47524e+06,705015,606367,-8.4732e+10,1.23775e+11
5.47919e+06,705596,607470,-8.49255e+10,1.23643e+11
5.48313e+06,706177,608575,-8.51188e+10,1.2351e+11
5.48708e+06,706757,609680,-8.53119e+10,1.23376e+11
5.49102e+06,707336,610786,-8.55048e+10,1.23243e+11
5.49497e+06,707915,611892,-8.56975e+10,1.23109e+11
5.49891e+06,708493,613000,-8.58899e+10,1.22975e+11
5.50286e+06,709070,614109,-8.60822e+10,1.2284e+11
5.5068e+06,709647,615218,-8.62742e+10,1.22705e+11
5.51075e+06,710223,616329,-8.6466e+10,1.2257e+11
5.51469e+06,710799,617440,-8.66576e+10,1.22435e+11
5.51864e+06,711374,618553,-8.68491e+10,1.22299e+11
5.52258e+06,711948,619666,-8.70402e+10,1.22163e+11
5.52652e+06,712522,620780,-8.72312e+10,1.22027e+11
5.53047e+06,713095,621895,-8.7422e+10,1.2189e+11
5.53441e+06,713667,623011,-8.76125e+10,1.21753e+11
5.53836e+06,714239,624127,-8.78029e+10,1.21616e+11
5.5423e+06,714810,625245,-8.7993e+10,1.21479e+11
5.54625e+06,715380,626364,-8.81829e+10,1.21341e+11
5.55019e+06,715950,627483,-8.83726e+10,1.21203e+11
5.55414e+06,716519,628603,-8.85621e+10,1.21064e+11
5.55808e+06,717087,629725,-8.87513e+10,1.20926e+11
5.56203e+06,717655,630847,-8.89404e+10,1.20787e+11
5.56597e+06,718222,631970,-8.91292e+10,1.20647e+11
5.56992e+06,718789,633094,-8.93178e+10,1.20508e+11
5.57386e+06,719354,634218,-8.95062e+10,1.20368e+11
5.57781e+06,719920,635344,-8.96944e+10,1.20228e+11
5.58175e+06,720484,636470,-8.98823e+10,1.20087e+11
5.5857e+06,721048,637598,-9.007e+10,1.19947e+11
5.58964e+06,721611,638726,-9.02575e+10,1.19806e+11
5.59358e+06,722174,639855,-9.04448e+10,1.19664e+11
5.59753e+06,722735,640985,-9.06319e+10,1.19523e+11
5.60147e+06,723297,642116,-9.08187e+10,1.19381e+11
5.60542e+06,723857,643248,-9.10054e+10,1.19239e+11
5.60936e+06,724417,644381,-9.11918e+10,1.19096e+11
5.61331e+06,724976,645514,-9.13779e+10,1.18953e+11
5.61725e+06,725535,646649,-9.15639e+10,1.1881e+11
5.6212e+06,726093,647784,-9.17496e+10,1.18667e+11
5.62514e+06,726650,648920,-9.19351e+10,1.18523e+11
5.62909e+06,727206,650057,-9.21204e+10,1.18379e+11
5.63303e+06,727762,651195,-9.23055e+10,1.18235e+11
5.63698e+06,728317,652334,-9.24903e+10,1.1809e+11
5.64092e+06,728872,653474,-9.26749e+10,1.17946e+11
5.64487e+06,729425,654614,-9.28593e+10,1.17801e+11
5.64881e+06,729978,655756,-9.30434e+10,1.17655e+11
5.65276e+06,730531,656898,-9.32273e+10,1.17509e+11
5.6567e+06,731083,658041,-9.3411e+10,1.17363e+11
5.66064e+06,731634,659185,-9.35945e+10,1.17217e+11
5.66459e+06,732184,660330,-9.37777e+10,1.17071e+11
5.66853e+06,732734,661476,-9.39607e+10,1.16924e+11
5.67248e+06,733283,662622,-9.41435e+10,1.16777e+11
5.67642e+06,733831,663770,-9.4326e+10,1.16629e+11
5.68037e+06,734378,664918,-9.45084e+10,1.16482e+11
5.68431e+06,734925,666067,-9.46904e+10,1.16334e+11
5.68826e+06,735471,667217,-9.48723e+10,1.16185e+11
5.6922e+06,736017,668368,-9.50539e+10,1.16037e+11
5.69615e+06,736562,669520,-9.52353e+10,1.15888e+11
5.70009e+06,737106,670672,-9.54164e+10,1.15739e+11
5.70404e+06,737649,671826,-9.55974e+10,1.1559e+11
5.70798e+06,738192,672980,-9.5778e+10,1.1544e+11
5.71193e+06,738734,674135,-9.59585e+10,1.1529e+11
5.71587e+06,739275,675291,-9.61387e+10,1.1514e+11
5.71982e+06,739816,676448,-9.63187e+10,1.14989e+11
5.72376e+06,740356,677605,-9.64984e+10,1.14838e+11
5.7277e+06,740895,678764,-9.6678e+10,1.14687e+11
5.73165e+06,741433,679923,-9.68572e+10,1.14536e+11
5.73559e+06,741971,681083,-9.70363e+10,1.14384e+11
5.73954e+06,742508,682244,-9.72151e+10,1.14232e+11
5.74348e+06,743044,683406,-9.73936e+10,1.1408e+11
5.74743e+06,743580,684569,-9.75719e+10,1.13928e+11
5.75137e+06,744115,685732,-9.775e+10,1.13775e+11
5.75532e+06,744649,686897,-9.79279e+10,1.13622e+11
5.75926e+06,745182,688062,-9.81055e+10,1.13469e+11
5.76321e+06,745715,689228,-9.82828e+10,1.13315e+11
5.76715e+06,746247,690395,-9.846e+10,1.13161e+11
5.7711e+06,746778,691562,-9.86369e+10,1.13007e+11
5.77504e+06,747309,692731,-9.88135e+10,1.12852e+11
5.77899e+06,747839,693900,-9.89899e+10,1.12698e+11
5.78293e+06,748368,695070,-9.91661e+10,1.12543e+11
5.78687e+06,748896,696241,-9.9342e+10,1.12388e+11
5.79082e+06,749424,697413,-9.95176e+10,1.12232e+11
5.79476e+06,749951,698586,-9.96931e+10,1.12076e+11
5.79871e+06,750477,699759,-9.98683e+10,1.1192e+11
5.80265e+06,751002,700934,-1.00043e+11,1.11764e+11
5.8066e+06,751527,702109,-1.00218e+11,1.11607e+11
5.81054e+06,752051,703285,-1.00392e+11,1.1145e+11
5.81449e+06,752574,704461,-1.00567e+11,1.11293e+11
5.81843e+06,753097,705639,-1.00741e+11,1.11136e+11
5.82238e+06,753618,706817,-1.00914e+11,1.10978e+11
5.82632e+06,754139,707997,-1.01088e+11,1.1082e+11
5.83027e+06,754660,709177,-1.01261e+11,1.10662e+11
5.83421e+06,755179,710358,-1.01434e+11,1.10503e+11
5.83816e+06,755698,711539,-1.01607e+11,1.10344e+11
5.8421e+06,756216,712722,-1.01779e+11,1.10185e+11
5.84605e+06,756733,713905,-1.01951e+11,1.10026e+11
5.84999e+06,757250,715089,-1.02123e+11,1.09866e+11
5.85393e+06,757766,716274,-1.02295e+11,1.09706e+11
5.85788e+06,758281,717460,-1.02466e+11,1.09546e+11
5.86182e+06,758795,718646,-1.02638e+11,1.09386e+11
5.86577e+06,759308,719833,-1.02809e+11,1.09225e+11
5.86971e+06,759821,721021,-1.02979e+11,1.09064e+11
5.87366e+06,760333,722210,-1.0315e+11,1.08903e+11
5.8776e+06,760844,723400,-1.0332e+11,1.08742e+11
5.88155e+06,761355,724591,-1.0349e+11,1.0858e+11
5.88549e+06,761865,725782,-1.0366e+11,1.08418e+11
5.88944e+06,762374,726974,-1.03829e+11,1.08256e+11
5.89338e+06,762882,728167,-1.03998e+11,1.08093e+11
5.89733e+06,763389,729361,-1.04167e+11,1.0793e+11
5.90127e+06,763896,730555,-1.04336e+11,1.07767e+11
5.90522e+06,764402,731750,-1.04505e+11,1.07604e+11
5.90916e+06,764907,732946,-1.04673e+11,1.0744e+11
5.91311e+06,765411,734143,-1.04841e+11,1.07276e+11
5.91705e+06,765915,735341,-1.05008e+11,1.07112e+11
5.92099e+06,766418,736539,-1.05176e+11,1.06948e+11
5.92494e+06,766920,737739,-1.05343e+11,1.06783e+11
5.92888e+06,767421,738939,-1.0551e+11,1.06618e+11
5.93283e+06,767922,740139,-1.05676e+11,1.06453e+11
5.93677e+06,768421,741341,-1.05843e+11,1.06288e+11
5.94072e+06,768920,742543,-1.06009e+11,1.06122e+11
5.94466e+06,769418,743746,-1.06175e+11,1.05956e+11
5.94861e+06,769916,744950,-1.0634e+11,1.0579e+11
5.95255e+06,770412,746155,-1.06506e+11,1.05623e+11
5.9565e+06,770908,747360,-1.06671e+11,1.05457e+11
5.96044e+06,771403,748567,-1.06836e+11,1.0529e+11
5.96439e+06,771898,749774,-1.07e+11,1.05122e+11
5.96833e+06,772391,750981,-1.07164e+11,1.04955e+11
5.97228e+06,772884,752190,-1.07329e+11,1.04787e+11
5.97622e+06,773376,753399,-1.07492e+11,1.04619e+11
5.98017e+06,773867,754609,-1.07656e+11,1.04451e+11
5.98411e+06,774357,755820,-1.07819e+11,1.04282e+11
5.98805e+06,774847,757032,-1.07982e+11,1.04114e+11
5.992e+06,775335,758244,-1.08145e+11,1.03945e+11
5.99594e+06,775823,759457,-1.08307e+11,1.03775e+11
5.99989e+06,776310,760671,-1.08469e+11,1.03606e+11
6.00383e+06,776797,761886,-1.08631e+11,1.03436e+11
6.00778e+06,777282,763101,-1.08793e+11,1.03266e+11
6.01172e+06,777767,764318,-1.08954e+11,1.03096e+11
6.01567e+06,778251,765535,-1.09116e+11,1.02925e+11
6.01961e+06,778734,766752,-1.09276e+11,1.02754e+11
6.02356e+06,779216,767971,-1.09437e+11,1.02583e+11
6.0275e+06,779698,769190,-1.09597e+11,1.02412e+11
6.03145e+06,780179,770410,-1.09757e+11,1.0224e+11
6.03539e+06,780659,771631,-1.09917e+11,1.02069e+11
6.03934e+06,781138,772852,-1.10077e+11,1.01896e+11
6.04328e+06,781616,774074,-1.10236e+11,1.01724e+11
6.04723e+06,782093,775297,-1.10395e+11,1.01552e+11
6.05117e+06,782570,776521,-1.10554e+11,1.01379e+11
6.05511e+06,783046,777746,-1.10712e+11,1.01206e+11
6.05906e+06,783521,778971,-1.1087e+11,1.01032e+11
6.063e+06,783995,780197,-1.11028e+11,1.00859e+11
6.06695e+06,784469,781423,-1.11186e+11,1.00685e+11
6.07089e+06,784941,782651,-1.11343e+11,1.00511e+11
6.07484e+06,785413,783879,-1.115e+11,1.00337e+11
6.07878e+06,785884,785108,-1.11657e+11,1.00162e+11
6.08273e+06,786354,786337,-1.11814e+11,9.99875e+10
6.08667e+06,786824,787568,-1.1197e+11,9.98124e+10
6.09062e+06,787292,788799,-1.12126e+11,9.96372e+10
6.09456e+06,787760,790031,-1.12281e+11,9.94617e+10
6.09851e+06,788227,791263,-1.12437e+11,9.92859e+10
6.10245e+06,788693,792497,-1.12592e+11,9.91099e+10
6.1064e+06,789158,793731,-1.12747e+11,9.89337e+10
6.11034e+06,789622,794965,-1.12902e+11,9.87572e+10
6.11429e+06,790086,796201,-1.13056e+11,9.85805e+10
6.11823e+06,790548,797437,-1.1321e+11,9.84035e+10
6.12217e+06,791010,798674,-1.13364e+11,9.82263e+10
6.12612e+06,791471,799912,-1.13517e+11,9.80489e+10
6.13006e+06,791932,801150,-1.1367e+11,9.78712e+10
6.13401e+06,792391,802389,-1.13823e+11,9.76933e+10
6.13795e+06,792850,803629,-1.13976e+11,9.75151e+10
6.1419e+06,793307,804870,-1.14128e+11,9.73367e+10
6.14584e+06,793764,806111,-1.14281e+11,9.71581e+10
6.14979e+06,794220,807353,-1.14432e+11,9.69792e+10
6.15373e+06,794675,808595,-1.14584e+11,9.68001e+10
6.15768e+06,795130,809839,-1.14735e+11,9.66207e+10
6.16162e+06,795583,811083,-1.14886e+11,9.64411e+10
6.16557e+06,796036,812328,-1.15037e+11,9.62613e+10
6.16951e+06,796488,813573,-1.15187e+11,9.60813e+10
6.17346e+06,796939,814819,-1.15338e+11,9.5901e+10
6.1774e+06,797389,816066,-1.15487e+11,9.57204e+10
6.18134e+06,797838,817314,-1.15637e+11,9.55397e+10
6.18529e+06,798286,818562,-1.15786e+11,9.53587e+10
6.18923e+06,798734,819811,-1.15935e+11,9.51774e+10
6.19318e+06,799181,821061,-1.16084e+11,9.4996e+10
6.19712e+06,799627,822311,-1.16232e+11,9.48143e+10
6.20107e+06,800072,823563,-1.16381e+11,9.46324e+10
6.20501e+06,800516,824814,-1.16529e+11,9.44502e+10
6.20896e+06,800959,826067,-1.16676e+11,9.42678e+10
6.2129e+06,801401,827320,-1.16823e+11,9.40852e+10
6.21685e+06,801843,828574,-1.1697e+11,9.39023e+10
6.22079e+06,802284,829829,-1.17117e+11,9.37193e+10
6.22474e+06,802724,831084,-1.17264e+11,9.3536e+10
6.22868e+06,803163,832340,-1.1741e+11,9.33524e+10
6.23263e+06,803601,833596,-1.17556e+11,9.31687e+10
6.23657e+06,804038,834854,-1.17701e+11,9.29847e+10
6.24052e+06,804474,836112,-1.17847e+11,9.28004e+10
6.24446e+06,804910,837370,-1.17992e+11,9.2616e+10
6.2484e+06,805345,838630,-1.18136e+11,9.24313e+10
6.25235e+06,805778,839890,-1.18281e+11,9.22464e+10
6.25629e+06,806211,841151,-1.18425e+11,9.20613e+10
6.26024e+06,806644,842412,-1.18569e+11,9.18759e+10
6.26418e+06,807075,843674,-1.18712e+11,9.16903e+10
6.26813e+06,807505,844937,-1.18856e+11,9.15045e+10
6.27207e+06,807934,846200,-1.18999e+11,9.13185e+10
6.27602e+06,808363,847464,-1.19141e+11,9.11323e+10
6.27996e+06,808791,848729,-1.19284e+11,9.09458e+10
6.28391e+06,809218,849995,-1.19426e+11,9.07591e+10
6.28785e+06,809644,851261,-1.19568e+11,9.05722e+10
6.2918e+06,810069,852527,-1.19709e+11,9.0385e+10
6.29574e+06,810493,853795,-1.1985e+11,9.01977e+10
6.29969e+06,810916,855063,-1.19991e+11,9.00101e+10
6.30363e+06,811339,856332,-1.20132e+11,8.98223e+10
6.30758e+06,811760,857601,-1.20272e+11,8.96343e+10
6.31152e+06,812181,858871,-1.20412e+11,8.9446e+10
6.31546e+06,812600,860142,-1.20552e+11,8.92576e+10
6.31941e+06,813019,861413,-1.20692e+11,8.90689e+10
6.32335e+06,813437,862685,-1.20831e+11,8.888e+10
6.3273e+06,813854,863958,-1.2097e+11,8.86909e+10
6.33124e+06,814271,865231,-1.21108e+11,8.85016e+10
6.33519e+06,814686,866505,-1.21246e+11,8.8312e+10
6.33913e+06,815100,867780,-1.21384e+11,8.81223e+10
6.34308e+06,815514,869055,-1.21522e+11,8.79323e+10
6.34702e+06,815927,870331,-1.2166e+11,8.77421e+10
6.35097e+06,816338,871608,-1.21797e+11,8.75517e+10
6.35491e+06,816749,872885,-1.21933e+11,8.73611e+10
6.35886e+06,817159,874163,-1.2207e+11,8.71702e+10
6.3628e+06,817568,875441,-1.22206e+11,8.69792e+10
6.36675e+06,817977,876721,-1.22342e+11,8.67879e+10
6.37069e+06,818384,878000,-1.22478e+11,8.65965e+10
6.37464e+06,818790,879281,-1.22613e+11,8.64048e+10
6.37858e+06,819196,880562,-1.22748e+11,8.62129e+10
6.38252e+06,819600,881844,-1.22883e+11,8.60208e+10
6.38647e+06,820004,883126,-1.23017e+11,8.58284e+10
6.39041e+06,820407,884409,-1.23151e+11,8.56359e+10
6.39436e+06,820809,885692,-1.23285e+11,8.54432e+10
6.3983e+06,821210,886977,-1.23418e+11,8.52502e+10
6.40225e+06,821610,888262,-1.23552e+11,8.50571e+10
6.40619e+06,822009,889547,-1.23685e+11,8.48637e+10
6.41014e+06,822407,890833,-1.23817e+11,8.46701e+10
6.41408e+06,822804,892120,-1.23949e+11,8.44764e+10
6.41803e+06,823201,893407,-1.24081e+11,8.42824e+10
6.42197e+06,823596,894695,-1.24213e+11,8.40882e+10
6.42592e+06,823991,895984,-1.24344e+11,8.38938e+10
6.42986e+06,824384,897273,-1.24476e+11,8.36992e+10
6.43381e+06,824777,898563,-1.24606e+11,8.35044e+10
6.43775e+06,825169,899853,-1.24737e+11,8.33094e+10
6.4417e+06,825560,901144,-1.24867e+11,8.31142e+10
6.44564e+06,825950,902436,-1.24997e+11,8.29187e+10
6.44958e+06,826339,903728,-1.25126e+11,8.27231e+10
6.45353e+06,826727,905021,-1.25256e+11,8.25273e+10
6.45747e+06,827115,906314,-1.25384e+11,8.23313e+10
6.46142e+06,827501,907608,-1.25513e+11,8.2135e+10
6.46536e+06,827886,908903,-1.25641e+11,8.19386e+10
6.46931e+06,828271,910198,-1.25769e+11,8.1742e+10
6.47325e+06,828654,911494,-1.25897e+11,8.15452e+10
6.4772e+06,829037,912791,-1.26025e+11,8.13481e+10
6.48114e+06,829419,914088,-1.26152e+11,8.11509e+10
6.48509e+06,829799,915385,-1.26278e+11,8.09535e+10
6.48903e+06,830179,916684,-1.26405e+11,8.07558e+10
6.49298e+06,830558,917983,-1.26531e+11,8.0558e+10
6.49692e+06,830936,919282,-1.26657e+11,8.036e+10
6.50087e+06,831313,920582,-1.26782e+11,8.01618e+10
6.50481e+06,831689,921883,-1.26908e+11,7.99634e+10
6.50876e+06,832065,923184,-1.27033e+11,7.97648e+10
6.5127e+06,832439,924486,-1.27157e+11,7.9566e+10
6.51664e+06,832812,925788,-1.27281e+11,7.9367e+10
6.52059e+06,833185,927091,-1.27405e+11,7.91678e+10
6.52453e+06,833556,928395,-1.27529e+11,7.89684e+10
6.52848e+06,833927,929699,-1.27653e+11,7.87688e+10
6.53242e+06,834296,931003,-1.27776e+11,7.85691e+10
6.53637e+06,834665,932309,-1.27898e+11,7.83691e+10
6.54031e+06,835032,933615,-1.28021e+11,7.81689e+10
6.54426e+06,835399,934921,-1.28143e+11,7.79686e+10
6.5482e+06,835765,936228,-1.28265e+11,7.77681e+10
6.55215e+06,836130,937536,-1.28386e+11,7.75673e+10
6.55609e+06,836494,938844,-1.28507e+11,7.73664e+10
6.56004e+06,836857,940152,-1.28628e+11,7.71653e+10
6.56398e+06,837219,941462,-1.28749e+11,7.6964e+10
6.56793e+06,837580,942772,-1.28869e+11,7.67625e+10
6.57187e+06,837940,944082,-1.28989e+11,7.65609e+10
6.57581e+06,838299,945393,-1.29108e+11,7.6359e+10
6.57976e+06,838658,946705,-1.29228e+11,7.6157e+10
6.5837e+06,839015,948017,-1.29347e+11,7.59547e+10
6.58765e+06,839371,949329,-1.29465e+11,7.57523e+10
6.59159e+06,839727,950642,-1.29584e+11,7.55497e+10
6.59554e+06,840081,951956,-1.29702e+11,7.53469e+10
6.59948e+06,840435,953271,-1.29819e+11,7.51439e+10
6.60343e+06,840787,954585,-1.29937e+11,7.49408e+10
6.60737e+06,841139,955901,-1.30054e+11,7.47375e+10
6.61132e+06,841489,957217,-1.30171e+11,7.45339e+10
6.61526e+06,841839,958533,-1.30287e+11,7.43302e+10
6.61921e+06,842188,959850,-1.30403e+11,7.41263e+10
6.62315e+06,842536,961168,-1.30519e+11,7.39223e+10
6.6271e+06,842882,962486,-1.30634e+11,7.3718e+10
6.63104e+06,843228,963805,-1.30749e+11,7.35136e+10
6.63499e+06,843573,965124,-1.30864e+11,7.3309e+10
6.63893e+06,843917,966444,-1.30979e+11,7.31042e+10
6.64287e+06,844260,967764,-1.31093e+11,7.28992e+10
6.64682e+06,844602,969085,-1.31207e+11,7.26941e+10
6.65076e+06,844943,970407,-1.3132e+11,7.24888e+10
6.65471e+06,845283,971728,-1.31434e+11,7.22833e+10
6.65865e+06,845622,973051,-1.31547e+11,7.20776e+10
6.6626e+06,845960,974374,-1.31659e+11,7.18717e+10
6.66654e+06,846298,975697,-1.31771e+11,7.16657e+10
6.67049e+06,846634,977021,-1.31883e+11,7.14595e+10
6.67443e+06,846969,978346,-1.31995e+11,7.12531e+10
6.67838e+06,847303,979671,-1.32106e+11,7.10466e+10
6.68232e+06,847637,980997,-1.32217e+11,7.08398e+10
6.68627e+06,847969,982323,-1.32328e+11,7.06329e+10
6.69021e+06,848300,983649,-1.32438e+11,7.04259e+10
6.69416e+06,848631,984977,-1.32548e+11,7.02186e+10
6.6981e+06,848960,986304,-1.32658e+11,7.00112e+10
6.70205e+06,849288,987632,-1.32767e+11,6.98036e+10
6.70599e+06,849616,988961,-1.32876e+11,6.95959e+10
6.70993e+06,849942,990290,-1.32985e+11,6.93879e+10
6.71388e+06,850268,991620,-1.33093e+11,6.91798e+10
6.71782e+06,850592,992950,-1.33201e+11,6.89716e+10
6.72177e+06,850916,994281,-1.33309e+11,6.87631e+10
6.72571e+06,851238,995612,-1.33416e+11,6.85545e+10
6.72966e+06,851560,996944,-1.33523e+11,6.83457e+10
6.7336e+06,851881,998276,-1.3363e+11,6.81368e+10
6.73755e+06,852200,999609,-1.33737e+11,6.79277e+10
6.74149e+06,852519,1.00094e+06,-1.33843e+11,6.77184e+10
6.74544e+06,852836,1.00228e+06,-1.33948e+11,6.7509e+10
6.74938e+06,853153,1.00361e+06,-1.34054e+11,6.72994e+10
6.75333e+06,853469,1.00495e+06,-1.34159e+11,6.70896e+10
6.75727e+06,853783,1.00628e+06,-1.34264e+11,6.68797e+10
6.76122e+06,854097,1.00762e+06,-1.34368e+11,6.66696e+10
6.76516e+06,854410,1.00895e+06,-1.34472e+11,6.64593e+10
6.76911e+06,854722,1.01029e+06,-1.34576e+11,6.62489e+10
6.77305e+06,855032,1.01163e+06,-1.3468e+11,6.60383e+10
6.77699e+06,855342,1.01296e+06,-1.34783e+11,6.58276e+10
6.78094e+06,855651,1.0143e+06,-1.34886e+11,6.56166e+10
6.78488e+06,855959,1.01564e+06,-1.34988e+11,6.54056e+10
6.78883e+06,856265,1.01698e+06,-1.3509e+11,6.51944e+10
6.79277e+06,856571,1.01832e+06,-1.35192e+11,6.4983e+10
6.79672e+06,856876,1.01966e+06,-1.35293e+11,6.47714e+10
6.80066e+06,857180,1.021e+06,-1.35395e+11,6.45597e+10
6.80461e+06,857483,1.02234e+06,-1.35495e+11,6.43478e+10
6.80855e+06,857784,1.02368e+06,-1.35596e+11,6.41358e+10
6.8125e+06,858085,1.02502e+06,-1.35696e+11,6.39236e+10
6.81644e+06,858385,1.02637e+06,-1.35796e+11,6.37113e+10
6.82039e+06,858684,1.02771e+06,-1.35895e+11,6.34988e+10
6.82433e+06,858982,1.02905e+06,-1.35995e+11,6.32862e+10
6.82828e+06,859278,1.0304e+06,-1.36093e+11,6.30734e+10
6.83222e+06,859574,1.03174e+06,-1.36192e+11,6.28604e+10
6.83617e+06,859869,1.03309e+06,-1.3629e+11,6.26473e+10
6.84011e+06,860163,1.03443e+06,-1.36388e+11,6.24341e+10
6.84405e+06,860456,1.03578e+06,-1.36485e+11,6.22206e+10
6.848e+06,860748,1.03712e+06,-1.36582e+11,6.20071e+10
6.85194e+06,861038,1.03847e+06,-1.36679e+11,6.17934e+10
6.85589e+06,861328,1.03982e+06,-1.36776e+11,6.15795e+10
6.85983e+06,861617,1.04116e+06,-1.36872e+11,6.13655e+10
6.86378e+06,861905,1.04251e+06,-1.36968e+11,6.11513e+10
6.86772e+06,862192,1.04386e+06,-1.37063e+11,6.0937e+10
6.87167e+06,862477,1.04521e+06,-1.37158e+11,6.07225e+10
6.87561e+06,862762,1.04656e+06,-1.37253e+11,6.05079e+10
6.87956e+06,863046,1.04791e+06,-1.37348e+11,6.02931e+10
6.8835e+06,863329,1.04926e+06,-1.37442e+11,6.00782e+10
6.88745e+06,863610,1.05061e+06,-1.37536e+11,5.98632e+10
6.89139e+06,863891,1.05196e+06,-1.37629e+11,5.96479e+10
6.89534e+06,864171,1.05331e+06,-1.37722e+11,5.94326e+10
6.89928e+06,864449,1.05466e+06,-1.37815e+11,5.92171e+10
6.90323e+06,864727,1.05602e+06,-1.37907e+11,5.90015e+10
6.90717e+06,865004,1.05737e+06,-1.38e+11,5.87857e+10
6.91111e+06,865279,1.05872e+06,-1.38091e+11,5.85697e+10
6.91506e+06,865554,1.06008e+06,-1.38183e+11,5.83537e+10
6.919e+06,865828,1.06143e+06,-1.38274e+11,5.81374e+10
6.92295e+06,866100,1.06278e+06,-1.38365e+11,5.79211e+10
6.92689e+06,866372,1.06414e+06,-1.38455e+11,5.77046e+10
6.93084e+06,866643,1.0655e+06,-1.38545e+11,5.74879e+10
6.93478e+06,866912,1.06685e+06,-1.38635e+11,5.72712e+10
6.93873e+06,867181,1.06821e+06,-1.38724e+11,5.70542e+10
6.94267e+06,867448,1.06956e+06,-1.38813e+11,5.68372e+10
6.94662e+06,867715,1.07092e+06,-1.38902e+11,5.662e+10
6.95056e+06,867980,1.07228e+06,-1.38991e+11,5.64026e+10
6.95451e+06,868245,1.07364e+06,-1.39079e+11,5.61852e+10
6.95845e+06,868508,1.07499e+06,-1.39166e+11,5.59675e+10
6.9624e+06,868771,1.07635e+06,-1.39254e+11,5.57498e+10
6.96634e+06,869032,1.07771e+06,-1.39341e+11,5.55319e+10
6.97028e+06,869292,1.07907e+06,-1.39427e+11,5.53139e+10
6.97423e+06,869552,1.08043e+06,-1.39514e+11,5.50957e+10
6.97817e+06,869810,1.08179e+06,-1.396e+11,5.48774e+10
6.98212e+06,870067,1.08315e+06,-1.39685e+11,5.4659e+10
6.98606e+06,870324,1.08451e+06,-1.39771e+11,5.44404e+10
6.99001e+06,870579,1.08588e+06,-1.39856e+11,5.42217e+10
6.99395e+06,870833,1.08724e+06,-1.3994e+11,5.40029e+10
6.9979e+06,871086,1.0886e+06,-1.40025e+11,5.37839e+10
7.00184e+06,871338,1.08996e+06,-1.40109e+11,5.35649e+10
7.00579e+06,871589,1.09133e+06,-1.40192e+11,5.33456e+10
7.00973e+06,871840,1.09269e+06,-1.40276e+11,5.31263e+10
7.01368e+06,872089,1.09405e+06,-1.40358e+11,5.29068e+10
7.01762e+06,872337,1.09542e+06,-1.40441e+11,5.26872e+10
7.02157e+06,872584,1.09678e+06,-1.40523e+11,5.24674e+10
7.02551e+06,872830,1.09815e+06,-1.40605e+11,5.22476e+10
7.02946e+06,873075,1.09951e+06,-1.40687e+11,5.20276e+10
7.0334e+06,873319,1.10088e+06,-1.40768e+11,5.18074e+10
7.03734e+06,873561,1.10224e+06,-1.40849e+11,5.15872e+10
7.04129e+06,873803,1.10361e+06,-1.40929e+11,5.13668e+10
7.04523e+06,874044,1.10498e+06,-1.41009e+11,5.11463e+10
7.04918e+06,874284,1.10635e+06,-1.41089e+11,5.09257e+10
7.05312e+06,874523,1.10771e+06,-1.41169e+11,5.07049e+10
7.05707e+06,874760,1.10908e+06,-1.41248e+11,5.0484e+10
7.06101e+06,874997,1.11045e+06,-1.41327e+11,5.0263e+10
7.06496e+06,875232,1.11182e+06,-1.41405e+11,5.00419e+10
7.0689e+06,875467,1.11319e+06,-1.41483e+11,4.98207e+10
7.07285e+06,875701,1.11456e+06,-1.41561e+11,4.95993e+10
7.07679e+06,875933,1.11593e+06,-1.41638e+11,4.93778e+10
7.08074e+06,876165,1.1173e+06,-1.41715e+11,4.91562e+10
7.08468e+06,876395,1.11867e+06,-1.41792e+11,4.89345e+10
7.08863e+06,876624,1.12004e+06,-1.41869e+11,4.87126e+10
7.09257e+06,876853,1.12141e+06,-1.41945e+11,4.84906e+10
7.09652e+06,877080,1.12278e+06,-1.4202e+11,4.82686e+10
7.10046e+06,877306,1.12415e+06,-1.42096e+11,4.80463e+10
7.1044e+06,877531,1.12553e+06,-1.42171e+11,4.7824e+10
7.10835e+06,877756,1.1269e+06,-1.42245e+11,4.76016e+10
7.11229e+06,877979,1.12827e+06,-1.42319e+11,4.7379e+10
7.11624e+06,878201,1.12965e+06,-1.42393e+11,4.71563e+10
7.12018e+06,878422,1.13102e+06,-1.42467e+11,4.69336e+10
7.12413e+06,878642,1.13239e+06,-1.4254e+11,4.67107e+10
7.12807e+06,878861,1.13377e+06,-1.42613e+11,4.64876e+10
7.13202e+06,879078,1.13514e+06,-1.42686e+11,4.62645e+10
7.13596e+06,879295,1.13652e+06,-1.42758e+11,4.60413e+10
7.13991e+06,879511,1.1379e+06,-1.4283e+11,4.58179e+10
7.14385e+06,879726,1.13927e+06,-1.42901e+11,4.55944e+10
7.1478e+06,879939,1.14065e+06,-1.42972e+11,4.53708e+10
7.15174e+06,880152,1.14202e+06,-1.43043e+11,4.51472e+10
7.15569e+06,880364,1.1434e+06,-1.43114e+11,4.49234e+10
7.15963e+06,880574,1.14478e+06,-1.43184e+11,4.46994e+10
7.16358e+06,880784,1.14616e+06,-1.43253e+11,4.44754e+10
7.16752e+06,880992,1.14753e+06,-1.43323e+11,4.42513e+10
7.17146e+06,881199,1.14891e+06,-1.43392e+11,4.4027e+10
7.17541e+06,881406,1.15029e+06,-1.43461e+11,4.38027e+10
7.17935e+06,881611,1.15167e+06,-1.43529e+11,4.35782e+10
7.1833e+06,881815,1.15305e+06,-1.43597e+11,4.33537e+10
7.18724e+06,882018,1.15443e+06,-1.43664e+11,4.3129e+10
7.19119e+06,882220,1.15581e+06,-1.43732e+11,4.29042e+10
7.19513e+06,882421,1.15719e+06,-1.43799e+11,4.26794e+10
7.19908e+06,882621,1.15857e+06,-1.43865e+11,4.24544e+10
7.20302e+06,882820,1.15995e+06,-1.43931e+11,4.22293e+10
7.20697e+06,883018,1.16133e+06,-1.43997e+11,4.20041e+10
7.21091e+06,883215,1.16271e+06,-1.44063e+11,4.17788e+10
7.21486e+06,883411,1.16409e+06,-1.44128e+11,4.15534e+10
7.2188e+06,883605,1.16547e+06,-1.44193e+11,4.13279e+10
7.22275e+06,883799,1.16686e+06,-1.44257e+11,4.11023e+10
7.22669e+06,883992,1.16824e+06,-1.44321e+11,4.08766e+10
7.23064e+06,884183,1.16962e+06,-1.44385e+11,4.06508e+10
7.23458e+06,884374,1.17101e+06,-1.44449e+11,4.04249e+10
7.23852e+06,884563,1.17239e+06,-1.44512e+11,4.01989e+10
7.24247e+06,884751,1.17377e+06,-1.44574e+11,3.99728e+10
7.24641e+06,884938,1.17516e+06,-1.44637e+11,3.97467e+10
7.25036e+06,885125,1.17654e+06,-1.44699e+11,3.95204e+10
7.2543e+06,885310,1.17793e+06,-1.4476e+11,3.9294e+10
7.25825e+06,885494,1.17931e+06,-1.44822e+11,3.90675e+10
7.26219e+06,885677,1.1807e+06,-1.44883e+11,3.88409e+10
7.26614e+06,885859,1.18208e+06,-1.44943e+11,3.86142e+10
7.27008e+06,886040,1.18347e+06,-1.45003e+11,3.83875e+10
7.27403e+06,886220,1.18485e+06,-1.45063e+11,3.81606e+10
7.27797e+06,886398,1.18624e+06,-1.45123e+11,3.79337e+10
7.28192e+06,886576,1.18763e+06,-1.45182e+11,3.77066e+10
7.28586e+06,886753,1.18901e+06,-1.45241e+11,3.74795e+10
7.28981e+06,886928,1.1904e+06,-1.45299e+11,3.72522e+10
7.29375e+06,887103,1.19179e+06,-1.45357e+11,3.70249e+10
7.2977e+06,887276,1.19318e+06,-1.45415e+11,3.67975e+10
7.30164e+06,887448,1.19456e+06,-1.45472e+11,3.657e+10
7.30558e+06,887620,1.19595e+06,-1.45529e+11,3.63424e+10
7.30953e+06,887790,1.19734e+06,-1.45586e+11,3.61147e+10
7.31347e+06,887959,1.19873e+06,-1.45642e+11,3.5887e+10
7.31742e+06,888127,1.20012e+06,-1.45698e+11,3.56591e+10
7.32136e+06,888294,1.20151e+06,-1.45754e+11,3.54312e+10
7.32531e+06,888460,1.2029e+06,-1.45809e+11,3.52031e+10
7.32925e+06,888625,1.20429e+06,-1.45864e+11,3.4975e+10
7.3332e+06,888788,1.20568e+06,-1.45919e+11,3.47468e+10
7.33714e+06,888951,1.20707e+06,-1.45973e+11,3.45185e+10
7.34109e+06,889113,1.20846e+06,-1.46027e+11,3.42901e+10
7.34503e+06,889273,1.20985e+06,-1.4608e+11,3.40617e+10
7.34898e+06,889433,1.21124e+06,-1.46133e+11,3.38331e+10
7.35292e+06,889591,1.21263e+06,-1.46186e+11,3.36045e+10
7.35687e+06,889749,1.21402e+06,-1.46238e+11,3.33758e+10
7.36081e+06,889905,1.21542e+06,-1.4629e+11,3.3147e+10
7.36475e+06,890060,1.21681e+06,-1.46342e+11,3.29182e+10
7.3687e+06,890214,1.2182e+06,-1.46393e+11,3.26892e+10
7.37264e+06,890367,1.21959e+06,-1.46444e+11,3.24602e+10
7.37659e+06,890519,1.22099e+06,-1.46495e+11,3.22311e+10
7.38053e+06,890670,1.22238e+06,-1.46545e+11,3.20019e+10
7.38448e+06,890820,1.22377e+06,-1.46595e+11,3.17726e+10
7.38842e+06,890968,1.22516e+06,-1.46644e+11,3.15433e+10
7.39237e+06,891116,1.22656e+06,-1.46694e+11,3.13139e+10
7.39631e+06,891263,1.22795e+06,-1.46742e+11,3.10844e+10
7.40026e+06,891408,1.22935e+06,-1.46791e+11,3.08548e+10
7.4042e+06,891553,1.23074e+06,-1.46839e+11,3.06252e+10
7.40815e+06,891696,1.23214e+06,-1.46887e+11,3.03954e+10
7.41209e+06,891838,1.23353e+06,-1.46934e+11,3.01656e+10
7.41604e+06,891979,1.23493e+06,-1.46981e+11,2.99358e+10
7.41998e+06,892119,1.23632e+06,-1.47028e+11,2.97058e+10
7.42393e+06,892258,1.23772e+06,-1.47074e+11,2.94758e+10
7.42787e+06,892396,1.23911e+06,-1.4712e+11,2.92457e+10
7.43181e+06,892533,1.24051e+06,-1.47165e+11,2.90155e+10
7.43576e+06,892669,1.2419e+06,-1.47211e+11,2.87853e+10
7.4397e+06,892804,1.2433e+06,-1.47255e+11,2.8555e+10
7.44365e+06,892937,1.2447e+06,-1.473e+11,2.83246e+10
7.44759e+06,893070,1.24609e+06,-1.47344e+11,2.80942e+10
7.45154e+06,893201,1.24749e+06,-1.47388e+11,2.78637e+10
7.45548e+06,893332,1.24889e+06,-1.47431e+11,2.76331e+10
7.45943e+06,893461,1.25029e+06,-1.47474e+11,2.74025e+10
7.46337e+06,893589,1.25168e+06,-1.47517e+11,2.71718e+10
7.46732e+06,893716,1.25308e+06,-1.47559e+11,2.6941e+10
7.47126e+06,893842,1.25448e+06,-1.47601e+11,2.67101e+10
7.47521e+06,893967,1.25588e+06,-1.47643e+11,2.64792e+10
7.47915e+06,894091,1.25728e+06,-1.47684e+11,2.62482e+10
7.4831e+06,894214,1.25868e+06,-1.47725e+11,2.60172e+10
7.48704e+06,894335,1.26007e+06,-1.47765e+11,2.57861e+10
7.49099e+06,894456,1.26147e+06,-1.47806e+11,2.55549e+10
7.49493e+06,894576,1.26287e+06,-1.47845e+11,2.53237e+10
7.49887e+06,894694,1.26427e+06,-1.47885e+11,2.50924e+10
7.50282e+06,894811,1.26567e+06,-1.47924e+11,2.48611e+10
7.50676e+06,894928,1.26707e+06,-1.47963e+11,2.46297e+10
7.51071e+06,895043,1.26847e+06,-1.48001e+11,2.43982e+10
7.51465e+06,895157,1.26987e+06,-1.48039e+11,2.41666e+10
7.5186e+06,895270,1.27127e+06,-1.48076e+11,2.39351e+10
7.52254e+06,895382,1.27267e+06,-1.48114e+11,2.37034e+10
7.52649e+06,895493,1.27407e+06,-1.48151e+11,2.34717e+10
7.53043e+06,895602,1.27547e+06,-1.48187e+11,2.32399e+10
7.53438e+06,895711,1.27687e+06,-1.48223e+11,2.30081e+10
7.53832e+06,895818,1.27828e+06,-1.48259e+11,2.27762e+10
7.54227e+06,895925,1.27968e+06,-1.48295e+11,2.25443e+10
7.54621e+06,896030,1.28108e+06,-1.4833e+11,2.23123e+10
7.55016e+06,896134,1.28248e+06,-1.48364e+11,2.20803e+10
7.5541e+06,896238,1.28388e+06,-1.48399e+11,2.18482e+10
7.55805e+06,896340,1.28528e+06,-1.48433e+11,2.1616e+10
7.56199e+06,896441,1.28669e+06,-1.48466e+11,2.13838e+10
7.56593e+06,896541,1.28809e+06,-1.485e+11,2.11515e+10
7.56988e+06,896639,1.28949e+06,-1.48533e+11,2.09192e+10
7.57382e+06,896737,1.29089e+06,-1.48565e+11,2.06869e+10
7.57777e+06,896834,1.2923e+06,-1.48597e+11,2.04545e+10
7.58171e+06,896929,1.2937e+06,-1.48629e+11,2.0222e+10
7.58566e+06,897024,1.2951e+06,-1.48661e+11,1.99895e+10
7.5896e+06,897117,1.2965e+06,-1.48692e+11,1.97569e+10
7.59355e+06,897209,1.29791e+06,-1.48722e+11,1.95243e+10
7.59749e+06,897301,1.29931e+06,-1.48753e+11,1.92917e+10
7.60144e+06,897391,1.30072e+06,-1.48783e+11,1.9059e+10
7.60538e+06,897480,1.30212e+06,-1.48812e+11,1.88262e+10
7.60933e+06,897568,1.30352e+06,-1.48842e+11,1.85934e+10
7.61327e+06,897654,1.30493e+06,-1.4887e+11,1.83606e+10
7.61722e+06,897740,1.30633e+06,-1.48899e+11,1.81277e+10
7.62116e+06,897825,1.30774e+06,-1.48927e+11,1.78948e+10
7.62511e+06,897908,1.30914e+06,-1.48955e+11,1.76618e+10
7.62905e+06,897991,1.31054e+06,-1.48982e+11,1.74288e+10
7.63299e+06,898072,1.31195e+06,-1.49009e+11,1.71957e+10
7.63694e+06,898152,1.31335e+06,-1.49036e+11,1.69626e+10
7.64088e+06,898231,1.31476e+06,-1.49063e+11,1.67295e+10
7.64483e+06,898309,1.31616e+06,-1.49089e+11,1.64963e+10
7.64877e+06,898386,1.31757e+06,-1.49114e+11,1.62631e+10
7.65272e+06,898462,1.31897e+06,-1.49139e+11,1.60298e+10
7.65666e+06,898537,1.32038e+06,-1.49164e+11,1.57965e+10
7.66061e+06,898611,1.32179e+06,-1.49189e+11,1.55632e+10
7.66455e+06,898683,1.32319e+06,-1.49213e+11,1.53298e+10
7.6685e+06,898755,1.3246e+06,-1.49237e+11,1.50964e+10
7.67244e+06,898825,1.326e+06,-1.4926e+11,1.48629e+10
7.67639e+06,898894,1.32741e+06,-1.49283e+11,1.46294e+10
7.68033e+06,898962,1.32881e+06,-1.49306e+11,1.43959e+10
7.68428e+06,899030,1.33022e+06,-1.49328e+11,1.41623e+10
7.68822e+06,899096,1.33163e+06,-1.4935e+11,1.39287e+10
7.69217e+06,899160,1.33303e+06,-1.49372e+11,1.36951e+10
7.69611e+06,899224,1.33444e+06,-1.49393e+11,1.34614e+10
7.70005e+06,899287,1.33585e+06,-1.49414e+11,1.32277e+10
7.704e+06,899348,1.33725e+06,-1.49434e+11,1.2994e+10
7.70794e+06,899409,1.33866e+06,-1.49455e+11,1.27602e+10
7.71189e+06,899468,1.34007e+06,-1.49474e+11,1.25265e+10
7.71583e+06,899527,1.34147e+06,-1.49494e+11,1.22926e+10
7.71978e+06,899584,1.34288e+06,-1.49513e+11,1.20588e+10
7.72372e+06,899640,1.34429e+06,-1.49532e+11,1.18249e+10
7.72767e+06,899695,1.3457e+06,-1.4955e+11,1.1591e+10
7.73161e+06,899749,1.3471e+06,-1.49568e+11,1.1357e+10
7.73556e+06,899802,1.34851e+06,-1.49585e+11,1.11231e+10
7.7395e+06,899853,1.34992e+06,-1.49603e+11,1.08891e+10
7.74345e+06,899904,1.35133e+06,-1.49619e+11,1.06551e+10
7.74739e+06,899953,1.35273e+06,-1.49636e+11,1.0421e+10
7.75134e+06,900002,1.35414e+06,-1.49652e+11,1.01869e+10
7.75528e+06,900049,1.35555e+06,-1.49668e+11,9.95284e+09
7.75922e+06,900095,1.35696e+06,-1.49683e+11,9.71871e+09
7.76317e+06,900140,1.35836e+06,-1.49698e+11,9.48457e+09
7.76711e+06,900184,1.35977e+06,-1.49713e+11,9.2504e+09
7.77106e+06,900227,1.36118e+06,-1.49727e+11,9.01621e+09
7.775e+06,900269,1.36259e+06,-1.49741e+11,8.78199e+09
7.77895e+06,900310,1.364e+06,-1.49755e+11,8.54776e+09
7.78289e+06,900349,1.36541e+06,-1.49768e+11,8.3135e+09
7.78684e+06,900388,1.36681e+06,-1.49781e+11,8.07922e+09
7.79078e+06,900425,1.36822e+06,-1.49793e+11,7.84493e+09
7.79473e+06,900462,1.36963e+06,-1.49805e+11,7.61061e+09
7.79867e+06,900497,1.37104e+06,-1.49817e+11,7.37628e+09
7.80262e+06,900531,1.37245e+06,-1.49828e+11,7.14192e+09
7.80656e+06,900564,1.37386e+06,-1.49839e+11,6.90755e+09
7.81051e+06,900596,1.37527e+06,-1.4985e+11,6.67317e+09
7.81445e+06,900627,1.37667e+06,-1.4986e+11,6.43876e+09
7.8184e+06,900656,1.37808e+06,-1.4987e+11,6.20434e+09
7.82234e+06,900685,1.37949e+06,-1.49879e+11,5.96991e+09
7.82628e+06,900712,1.3809e+06,-1.49889e+11,5.73546e+09
7.83023e+06,900739,1.38231e+06,-1.49897e+11,5.501e+09
7.83417e+06,900764,1.38372e+06,-1.49906e+11,5.26652e+09
7.83812e+06,900788,1.38513e+06,-1.49914e+11,5.03203e+09
7.84206e+06,900811,1.38654e+06,-1.49922e+11,4.79753e+09
7.84601e+06,900833,1.38795e+06,-1.49929e+11,4.56302e+09
7.84995e+06,900854,1.38935e+06,-1.49936e+11,4.32849e+09
7.8539e+06,900874,1.39076e+06,-1.49942e+11,4.09396e+09
7.85784e+06,900893,1.39217e+06,-1.49949e+11,3.85941e+09
7.86179e+06,900910,1.39358e+06,-1.49954e+11,3.62486e+09
7.86573e+06,900927,1.39499e+06,-1.4996e+11,3.3903e+09
7.86968e+06,900942,1.3964e+06,-1.49965e+11,3.15573e+09
7.87362e+06,900956,1.39781e+06,-1.4997e+11,2.92115e+09
7.87757e+06,900969,1.39922e+06,-1.49974e+11,2.68656e+09
7.88151e+06,900982,1.40063e+06,-1.49978e+11,2.45197e+09
7.88546e+06,900993,1.40204e+06,-1.49982e+11,2.21737e+09
7.8894e+06,901002,1.40345e+06,-1.49985e+11,1.98276e+09
7.89334e+06,901011,1.40486e+06,-1.49988e+11,1.74815e+09
7.89729e+06,901019,1.40627e+06,-1.49991e+11,1.51354e+09
7.90123e+06,901025,1.40767e+06,-1.49993e+11,1.27892e+09
7.90518e+06,901031,1.40908e+06,-1.49995e+11,1.0443e+09
7.90912e+06,901035,1.41049e+06,-1.49996e+11,8.09681e+08
7.91307e+06,901038,1.4119e+06,-1.49997e+11,5.75056e+08
7.91701e+06,901041,1.41331e+06,-1.49998e+11,3.4043e+08
7.92096e+06,901042,1.41472e+06,-1.49998e+11,1.05803e+08
7.9249e+06,901042,1.41613e+06,-1.49998e+11,-1.28824e+08
7.92885e+06,901040,1.41754e+06,-1.49998e+11,-3.63451e+08
7.93279e+06,901038,1.41895e+06,-1.49997e+11,-5.98077e+08
7.93674e+06,901035,1.42036e+06,-1.49996e+11,-8.32702e+08
7.94068e+06,901030,1.42177e+06,-1.49994e+11,-1.06732e+09
7.94463e+06,901025,1.42318e+06,-1.49993e+11,-1.30194e+09
7.94857e+06,901018,1.42459e+06,-1.4999e+11,-1.53656e+09
7.95252e+06,901010,1.426e+06,-1.49988e+11,-1.77117e+09
7.95646e+06,901001,1.42741e+06,-1.49985e+11,-2.00578e+09
7.9604e+06,900991,1.42882e+06,-1.49981e+11,-2.24039e+09
7.96435e+06,900980,1.43022e+06,-1.49978e+11,-2.47499e+09
7.96829e+06,900968,1.43163e+06,-1.49974e+11,-2.70958e+09
7.97224e+06,900955,1.43304e+06,-1.49969e+11,-2.94416e+09
7.97618e+06,900940,1.43445e+06,-1.49965e+11,-3.17874e+09
7.98013e+06,900925,1.43586e+06,-1.49959e+11,-3.41331e+09
7.98407e+06,900908,1.43727e+06,-1.49954e+11,-3.64787e+09
7.98802e+06,900891,1.43868e+06,-1.49948e+11,-3.88243e+09
7.99196e+06,900872,1.44009e+06,-1.49942e+11,-4.11697e+09
7.99591e+06,900852,1.4415e+06,-1.49935e+11,-4.35151e+09
7.99985e+06,900831,1.44291e+06,-1.49928e+11,-4.58603e+09
8.0038e+06,900809,1.44432e+06,-1.49921e+11,-4.82054e+09
8.00774e+06,900786,1.44573e+06,-1.49913e+11,-5.05504e+09
8.01169e+06,900761,1.44713e+06,-1.49905e+11,-5.28953e+09
8.01563e+06,900736,1.44854e+06,-1.49896e+11,-5.524e+09
8.01958e+06,900709,1.44995e+06,-1.49888e+11,-5.75846e+09
8.02352e+06,900682,1.45136e+06,-1.49878e+11,-5.99291e+09
8.02746e+06,900653,1.45277e+06,-1.49869e+11,-6.22734e+09
8.03141e+06,900623,1.45418e+06,-1.49859e+11,-6.46176e+09
8.03535e+06,900592,1.45559e+06,-1.49849e+11,-6.69616e+09
8.0393e+06,900560,1.457e+06,-1.49838e+11,-6.93055e+09
8.04324e+06,900527,1.4584e+06,-1.49827e+11,-7.16492e+09
8.04719e+06,900493,1.45981e+06,-1.49816e+11,-7.39927e+09
8.05113e+06,900458,1.46122e+06,-1.49804e+11,-7.6336e+09
8.05508e+06,900421,1.46263e+06,-1.49792e+11,-7.86791e+09
8.05902e+06,900384,1.46404e+06,-1.49779e+11,-8.10221e+09
8.06297e+06,900345,1.46545e+06,-1.49766e+11,-8.33648e+09
8.06691e+06,900305,1.46686e+06,-1.49753e+11,-8.57074e+09
8.07086e+06,900265,1.46826e+06,-1.49739e+11,-8.80497e+09
8.0748e+06,900223,1.46967e+06,-1.49726e+11,-9.03918e+09
8.07875e+06,900180,1.47108e+06,-1.49711e+11,-9.27337e+09
8.08269e+06,900136,1.47249e+06,-1.49697e+11,-9.50754e+09
8.08664e+06,900090,1.4739e+06,-1.49681e+11,-9.74168e+09
8.09058e+06,900044,1.4753e+06,-1.49666e+11,-9.9758e+09
8.09452e+06,899997,1.47671e+06,-1.4965e+11,-1.02099e+10
8.09847e+06,899948,1.47812e+06,-1.49634e+11,-1.0444e+10
8.10241e+06,899898,1.47953e+06,-1.49618e+11,-1.0678e+10
8.10636e+06,899848,1.48093e+06,-1.49601e+11,-1.0912e+10
8.1103e+06,899796,1.48234e+06,-1.49583e+11,-1.1146e+10
8.11425e+06,899743,1.48375e+06,-1.49566e+11,-1.138e+10
8.11819e+06,899689,1.48516e+06,-1.49548e+11,-1.16139e+10
8.12214e+06,899634,1.48656e+06,-1.49529e+11,-1.18478e+10
8.12608e+06,899578,1.48797e+06,-1.49511e+11,-1.20817e+10
8.13003e+06,899520,1.48938e+06,-1.49492e+11,-1.23156e+10
8.13397e+06,899462,1.49079e+06,-1.49472e+11,-1.25494e+10
8.13792e+06,899402,1.49219e+06,-1.49452e+11,-1.27832e+10
8.14186e+06,899342,1.4936e+06,-1.49432e+11,-1.30169e+10
8.14581e+06,899280,1.49501e+06,-1.49412e+11,-1.32507e+10
8.14975e+06,899217,1.49641e+06,-1.49391e+11,-1.34843e+10
8.15369e+06,899153,1.49782e+06,-1.49369e+11,-1.3718e+10
8.15764e+06,899088,1.49923e+06,-1.49348e+11,-1.39516e+10
8.16158e+06,899022,1.50063e+06,-1.49326e+11,-1.41852e+10
8.16553e+06,898955,1.50204e+06,-1.49303e+11,-1.44188e+10
8.16947e+06,898887,1.50344e+06,-1.49281e+11,-1.46523e+10
8.17342e+06,898817,1.50485e+06,-1.49258e+11,-1.48858e+10
8.17736e+06,898747,1.50626e+06,-1.49234e+11,-1.51192e+10
8.18131e+06,898675,1.50766e+06,-1.4921e+11,-1.53527e+10
8.18525e+06,898603,1.50907e+06,-1.49186e+11,-1.5586e+10
8.1892e+06,898529,1.51047e+06,-1.49162e+11,-1.58194e+10
8.19314e+06,898454,1.51188e+06,-1.49137e+11,-1.60527e+10
8.19709e+06,898378,1.51328e+06,-1.49111e+11,-1.62859e+10
8.20103e+06,898301,1.51469e+06,-1.49086e+11,-1.65192e+10
8.20498e+06,898223,1.51609e+06,-1.4906e+11,-1.67523e+10
8.20892e+06,898143,1.5175e+06,-1.49033e+11,-1.69855e+10
8.21287e+06,898063,1.5189e+06,-1.49007e+11,-1.72186e+10
8.21681e+06,897982,1.52031e+06,-1.48979e+11,-1.74516e+10
8.22075e+06,897899,1.52171e+06,-1.48952e+11,-1.76846e+10
8.2247e+06,897815,1.52312e+06,-1.48924e+11,-1.79176e+10
8.22864e+06,897731,1.52452e+06,-1.48896e+11,-1.81505e+10
8.23259e+06,897645,1.52593e+06,-1.48867e+11,-1.83834e+10
8.23653e+06,897558,1.52733e+06,-1.48838e+11,-1.86162e+10
8.24048e+06,897470,1.52873e+06,-1.48809e+11,-1.8849e+10
8.24442e+06,897381,1.53014e+06,-1.48779e+11,-1.90818e+10
8.24837e+06,897291,1.53154e+06,-1.48749e+11,-1.93145e+10
8.25231e+06,897199,1.53294e+06,-1.48719e+11,-1.95471e+10
8.25626e+06,897107,1.53435e+06,-1.48688e+11,-1.97797e+10
8.2602e+06,897013,1.53575e+06,-1.48657e+11,-2.00123e+10
8.26415e+06,896919,1.53715e+06,-1.48626e+11,-2.02448e+10
8.26809e+06,896823,1.53856e+06,-1.48594e+11,-2.04772e+10
8.27204e+06,896727,1.53996e+06,-1.48562e+11,-2.07096e+10
8.27598e+06,896629,1.54136e+06,-1.48529e+11,-2.0942e+10
8.27993e+06,896530,1.54276e+06,-1.48496e+11,-2.11743e+10
8.28387e+06,896430,1.54417e+06,-1.48463e+11,-2.14066e+10
8.28781e+06,896329,1.54557e+06,-1.48429e+11,-2.16388e+10
8.29176e+06,896226,1.54697e+06,-1.48395e+11,-2.18709e+10
8.2957e+06,896123,1.54837e+06,-1.48361e+11,-2.2103e+10
8.29965e+06,896019,1.54977e+06,-1.48326e+11,-2.2335e+10
8.30359e+06,895913,1.55118e+06,-1.48291e+11,-2.2567e+10
8.30754e+06,895807,1.55258e+06,-1.48255e+11,-2.27989e+10
8.31148e+06,895699,1.55398e+06,-1.48219e+11,-2.30308e+10
8.31543e+06,895590,1.55538e+06,-1.48183e+11,-2.32626e+10
8.31937e+06,895480,1.55678e+06,-1.48147e+11,-2.34944e+10
8.32332e+06,895369,1.55818e+06,-1.4811e+11,-2.37261e+10
8.32726e+06,895257,1.55958e+06,-1.48072e+11,-2.39577e+10
8.33121e+06,895144,1.56098e+06,-1.48035e+11,-2.41893e+10
8.33515e+06,895030,1.56238e+06,-1.47997e+11,-2.44209e+10
8.3391e+06,894915,1.56378e+06,-1.47958e+11,-2.46523e+10
8.34304e+06,894798,1.56518e+06,-1.4792e+11,-2.48837e+10
8.34699e+06,894681,1.56658e+06,-1.4788e+11,-2.51151e+10
8.35093e+06,894562,1.56798e+06,-1.47841e+11,-2.53464e+10
8.35487e+06,894443,1.56938e+06,-1.47801e+11,-2.55776e+10
8.35882e+06,894322,1.57078e+06,-1.47761e+11,-2.58087e+10
8.36276e+06,894200,1.57218e+06,-1.4772e+11,-2.60398e+10
8.36671e+06,894077,1.57357e+06,-1.4768e+11,-2.62709e+10
8.37065e+06,893953,1.57497e+06,-1.47638e+11,-2.65018e+10
8.3746e+06,893828,1.57637e+06,-1.47597e+11,-2.67327e+10
8.37854e+06,893702,1.57777e+06,-1.47555e+11,-2.69636e+10
8.38249e+06,893575,1.57917e+06,-1.47512e+11,-2.71943e+10
8.38643e+06,893447,1.58057e+06,-1.4747e+11,-2.74251e+10
8.39038e+06,893317,1.58196e+06,-1.47426e+11,-2.76557e+10
8.39432e+06,893187,1.58336e+06,-1.47383e+11,-2.78863e+10
8.39827e+06,893055,1.58476e+06,-1.47339e+11,-2.81168e+10
8.40221e+06,892923,1.58615e+06,-1.47295e+11,-2.83472e+10
8.40616e+06,892789,1.58755e+06,-1.47251e+11,-2.85776e+10
8.4101e+06,892654,1.58895e+06,-1.47206e+11,-2.88079e+10
8.41405e+06,892518,1.59034e+06,-1.4716e+11,-2.90381e+10
8.41799e+06,892381,1.59174e+06,-1.47115e+11,-2.92682e+10
8.42193e+06,892243,1.59313e+06,-1.47069e+11,-2.94983e+10
8.42588e+06,892104,1.59453e+06,-1.47022e+11,-2.97283e+10
8.42982e+06,891964,1.59593e+06,-1.46976e+11,-2.99583e+10
8.43377e+06,891823,1.59732e+06,-1.46929e+11,-3.01881e+10
8.43771e+06,891680,1.59872e+06,-1.46881e+11,-3.04179e+10
8.44166e+06,891537,1.60011e+06,-1.46834e+11,-3.06476e+10
8.4456e+06,891392,1.6015e+06,-1.46785e+11,-3.08773e+10
8.44955e+06,891247,1.6029e+06,-1.46737e+11,-3.11068e+10
8.45349e+06,891100,1.60429e+06,-1.46688e+11,-3.13363e+10
8.45744e+06,890952,1.60569e+06,-1.46639e+11,-3.15657e+10
8.46138e+06,890803,1.60708e+06,-1.46589e+11,-3.17951e+10
8.46533e+06,890653,1.60847e+06,-1.46539e+11,-3.20243e+10
8.46927e+06,890502,1.60987e+06,-1.46489e+11,-3.22535e+10
8.47322e+06,890350,1.61126e+06,-1.46439e+11,-3.24826e+10
8.47716e+06,890197,1.61265e+06,-1.46388e+11,-3.27116e+10
8.48111e+06,890043,1.61404e+06,-1.46336e+11,-3.29406e+10
8.48505e+06,889888,1.61544e+06,-1.46285e+11,-3.31694e+10
8.48899e+06,889731,1.61683e+06,-1.46232e+11,-3.33982e+10
8.49294e+06,889574,1.61822e+06,-1.4618e+11,-3.36269e+10
8.49688e+06,889415,1.61961e+06,-1.46127e+11,-3.38555e+10
8.50083e+06,889256,1.621e+06,-1.46074e+11,-3.4084e+10
8.50477e+06,889095,1.62239e+06,-1.46021e+11,-3.43125e+10
8.50872e+06,888933,1.62378e+06,-1.45967e+11,-3.45408e+10
8.51266e+06,888770,1.62517e+06,-1.45913e+11,-3.47691e+10
8.51661e+06,888607,1.62656e+06,-1.45858e+11,-3.49973e+10
8.52055e+06,888442,1.62795e+06,-1.45803e+11,-3.52254e+10
8.5245e+06,888276,1.62934e+06,-1.45748e+11,-3.54534e+10
8.52844e+06,888108,1.63073e+06,-1.45692e+11,-3.56814e+10
8.53239e+06,887940,1.63212e+06,-1.45636e+11,-3.59092e+10
8.53633e+06,887771,1.63351e+06,-1.4558e+11,-3.6137e+10
8.54028e+06,887601,1.6349e+06,-1.45523e+11,-3.63647e+10
8.54422e+06,887429,1.63629e+06,-1.45466e+11,-3.65922e+10
8.54816e+06,887257,1.63767e+06,-1.45409e+11,-3.68197e+10
8.55211e+06,887083,1.63906e+06,-1.45351e+11,-3.70471e+10
8.55605e+06,886909,1.64045e+06,-1.45293e+11,-3.72745e+10
8.56e+06,886733,1.64184e+06,-1.45234e+11,-3.75017e+10
8.56394e+06,886556,1.64322e+06,-1.45175e+11,-3.77288e+10
8.56789e+06,886379,1.64461e+06,-1.45116e+11,-3.79558e+10
8.57183e+06,886200,1.646e+06,-1.45057e+11,-3.81828e+10
8.57578e+06,886020,1.64738e+06,-1.44997e+11,-3.84096e+10
8.57972e+06,885839,1.64877e+06,-1.44936e+11,-3.86364e+10
8.58367e+06,885657,1.65015e+06,-1.44876e+11,-3.88631e+10
8.58761e+06,885474,1.65154e+06,-1.44815e+11,-3.90896e+10
8.59156e+06,885289,1.65292e+06,-1.44754e+11,-3.93161e+10
8.5955e+06,885104,1.65431e+06,-1.44692e+11,-3.95425e+10
8.59945e+06,884918,1.65569e+06,-1.4463e+11,-3.97687e+10
8.60339e+06,884731,1.65708e+06,-1.44567e+11,-3.99949e+10
8.60734e+06,884542,1.65846e+06,-1.44505e+11,-4.0221e+10
8.61128e+06,884353,1.65984e+06,-1.44442e+11,-4.0447e+10
8.61522e+06,884162,1.66123e+06,-1.44378e+11,-4.06729e+10
8.61917e+06,883970,1.66261e+06,-1.44314e+11,-4.08987e+10
8.62311e+06,883778,1.66399e+06,-1.4425e+11,-4.11244e+10
8.62706e+06,883584,1.66538e+06,-1.44186e+11,-4.13499e+10
8.631e+06,883389,1.66676e+06,-1.44121e+11,-4.15754e+10
8.63495e+06,883193,1.66814e+06,-1.44056e+11,-4.18008e+10
8.63889e+06,882996,1.66952e+06,-1.4399e+11,-4.20261e+10
8.64284e+06,882798,1.6709e+06,-1.43924e+11,-4.22513e+10
8.64678e+06,882599,1.67228e+06,-1.43858e+11,-4.24763e+10
8.65073e+06,882399,1.67366e+06,-1.43791e+11,-4.27013e+10
8.65467e+06,882198,1.67504e+06,-1.43724e+11,-4.29262e+10
8.65862e+06,881996,1.67642e+06,-1.43657e+11,-4.31509e+10
8.66256e+06,881793,1.6778e+06,-1.43589e+11,-4.33756e+10
8.66651e+06,881588,1.67918e+06,-1.43521e+11,-4.36001e+10
8.67045e+06,881383,1.68056e+06,-1.43453e+11,-4.38246e+10
8.6744e+06,881177,1.68194e+06,-1.43384e+11,-4.40489e+10
8.67834e+06,880969,1.68332e+06,-1.43315e+11,-4.42732e+10
8.68228e+06,880761,1.68469e+06,-1.43246e+11,-4.44973e+10
8.68623e+06,880551,1.68607e+06,-1.43176e+11,-4.47213e+10
8.69017e+06,880340,1.68745e+06,-1.43106e+11,-4.49452e+10
8.69412e+06,880129,1.68883e+06,-1.43035e+11,-4.5169e+10
8.69806e+06,879916,1.6902e+06,-1.42964e+11,-4.53927e+10
8.70201e+06,879702,1.69158e+06,-1.42893e+11,-4.56162e+10
8.70595e+06,879487,1.69295e+06,-1.42822e+11,-4.58397e+10
8.7099e+06,879271,1.69433e+06,-1.4275e+11,-4.6063e+10
8.71384e+06,879054,1.6957e+06,-1.42678e+11,-4.62863e+10
8.71779e+06,878836,1.69708e+06,-1.42605e+11,-4.65094e+10
8.72173e+06,878617,1.69845e+06,-1.42532e+11,-4.67324e+10
8.72568e+06,878397,1.69983e+06,-1.42459e+11,-4.69553e+10
8.72962e+06,878176,1.7012e+06,-1.42385e+11,-4.71781e+10
8.73357e+06,877954,1.70258e+06,-1.42311e+11,-4.74007e+10
8.73751e+06,877731,1.70395e+06,-1.42237e+11,-4.76233e+10
8.74146e+06,877507,1.70532e+06,-1.42162e+11,-4.78457e+10
8.7454e+06,877281,1.70669e+06,-1.42087e+11,-4.8068e+10
8.74934e+06,877055,1.70807e+06,-1.42012e+11,-4.82902e+10
8.75329e+06,876828,1.70944e+06,-1.41936e+11,-4.85123e+10
8.75723e+06,876599,1.71081e+06,-1.4186e+11,-4.87342e+10
8.76118e+06,876370,1.71218e+06,-1.41784e+11,-4.89561e+10
8.76512e+06,876139,1.71355e+06,-1.41707e+11,-4.91778e+10
8.76907e+06,875908,1.71492e+06,-1.4163e+11,-4.93994e+10
8.77301e+06,875675,1.71629e+06,-1.41552e+11,-4.96209e+10
8.77696e+06,875441,1.71766e+06,-1.41475e+11,-4.98422e+10
8.7809e+06,875207,1.71903e+06,-1.41397e+11,-5.00635e+10
8.78485e+06,874971,1.7204e+06,-1.41318e+11,-5.02846e+10
8.78879e+06,874734,1.72177e+06,-1.41239e+11,-5.05056e+10
8.79274e+06,874496,1.72313e+06,-1.4116e+11,-5.07264e+10
8.79668e+06,874257,1.7245e+06,-1.41081e+11,-5.09472e+10
8.80063e+06,874018,1.72587e+06,-1.41001e+11,-5.11678e+10
8.80457e+06,873777,1.72724e+06,-1.4092e+11,-5.13883e+10
8.80852e+06,873535,1.7286e+06,-1.4084e+11,-5.16086e+10
8.81246e+06,873292,1.72997e+06,-1.40759e+11,-5.18289e+10
8.8164e+06,873048,1.73134e+06,-1.40678e+11,-5.2049e+10
8.82035e+06,872803,1.7327e+06,-1.40596e+11,-5.2269e+10
8.82429e+06,872557,1.73407e+06,-1.40514e+11,-5.24888e+10
8.82824e+06,872309,1.73543e+06,-1.40432e+11,-5.27085e+10
8.83218e+06,872061,1.73679e+06,-1.40349e+11,-5.29281e+10
8.83613e+06,871812,1.73816e+06,-1.40266e+11,-5.31476e+10
8.84007e+06,871562,1.73952e+06,-1.40183e+11,-5.3367e+10
8.84402e+06,871311,1.74089e+06,-1.40099e+11,-5.35862e+10
8.84796e+06,871058,1.74225e+06,-1.40015e+11,-5.38052e+10
8.85191e+06,870805,1.74361e+06,-1.39931e+11,-5.40242e+10
8.85585e+06,870551,1.74497e+06,-1.39846e+11,-5.4243e+10
8.8598e+06,870295,1.74633e+06,-1.39761e+11,-5.44617e+10
8.86374e+06,870039,1.74769e+06,-1.39676e+11,-5.46802e+10
8.86769e+06,869782,1.74906e+06,-1.3959e+11,-5.48986e+10
8.87163e+06,869523,1.75042e+06,-1.39504e+11,-5.51169e+10
8.87558e+06,869264,1.75178e+06,-1.39418e+11,-5.53351e+10
8.87952e+06,869003,1.75313e+06,-1.39331e+11,-5.55531e+10
8.88346e+06,868742,1.75449e+06,-1.39244e+11,-5.5771e+10
8.88741e+06,868479,1.75585e+06,-1.39157e+11,-5.59887e+10
8.89135e+06,868216,1.75721e+06,-1.39069e+11,-5.62063e+10
8.8953e+06,867951,1.75857e+06,-1.38981e+11,-5.64238e+10
8.89924e+06,867685,1.75993e+06,-1.38892e+11,-5.66411e+10
8.90319e+06,867419,1.76128e+06,-1.38804e+11,-5.68583e+10
8.90713e+06,867151,1.76264e+06,-1.38715e+11,-5.70753e+10
8.91108e+06,866882,1.764e+06,-1.38625e+11,-5.72922e+10
8.91502e+06,866613,1.76535e+06,-1.38535e+11,-5.7509e+10
8.91897e+06,866342,1.76671e+06,-1.38445e+11,-5.77256e+10
8.92291e+06,866070,1.76806e+06,-1.38355e+11,-5.79421e+10
8.92686e+06,865798,1.76942e+06,-1.38264e+11,-5.81584e+10
8.9308e+06,865524,1.77077e+06,-1.38173e+11,-5.83746e+10
8.93475e+06,865249,1.77212e+06,-1.38081e+11,-5.85907e+10
8.93869e+06,864973,1.77348e+06,-1.37989e+11,-5.88066e+10
8.94263e+06,864697,1.77483e+06,-1.37897e+11,-5.90224e+10
8.94658e+06,864419,1.77618e+06,-1.37805e+11,-5.9238e+10
8.95052e+06,864140,1.77753e+06,-1.37712e+11,-5.94535e+10
8.95447e+06,863860,1.77889e+06,-1.37619e+11,-5.96688e+10
8.95841e+06,863579,1.78024e+06,-1.37525e+11,-5.9884e+10
8.96236e+06,863297,1.78159e+06,-1.37431e+11,-6.00991e+10
8.9663e+06,863015,1.78294e+06,-1.37337e+11,-6.0314e+10
8.97025e+06,862731,1.78429e+06,-1.37243e+11,-6.05287e+10
8.97419e+06,862446,1.78564e+06,-1.37148e+11,-6.07433e+10
8.97814e+06,862160,1.78699e+06,-1.37053e+11,-6.09578e+10
8.98208e+06,861873,1.78833e+06,-1.36957e+11,-6.11721e+10
8.98603e+06,861585,1.78968e+06,-1.36861e+11,-6.13862e+10
8.98997e+06,861296,1.79103e+06,-1.36765e+11,-6.16002e+10
8.99392e+06,861006,1.79238e+06,-1.36669e+11,-6.18141e+10
8.99786e+06,860715,1.79372e+06,-1.36572e+11,-6.20278e+10
9.00181e+06,860424,1.79507e+06,-1.36475e+11,-6.22413e+10
9.00575e+06,860131,1.79641e+06,-1.36377e+11,-6.24547e+10
9.00969e+06,859837,1.79776e+06,-1.36279e+11,-6.2668e+10
9.01364e+06,859542,1.7991e+06,-1.36181e+11,-6.28811e+10
9.01758e+06,859246,1.80045e+06,-1.36082e+11,-6.3094e+10
9.02153e+06,858949,1.80179e+06,-1.35984e+11,-6.33068e+10
9.02547e+06,858651,1.80314e+06,-1.35884e+11,-6.35194e+10
9.02942e+06,858352,1.80448e+06,-1.35785e+11,-6.37319e+10
9.03336e+06,858052,1.80582e+06,-1.35685e+11,-6.39442e+10
9.03731e+06,857751,1.80716e+06,-1.35585e+11,-6.41564e+10
9.04125e+06,857449,1.8085e+06,-1.35484e+11,-6.43684e+10
9.0452e+06,857146,1.80985e+06,-1.35383e+11,-6.45802e+10
9.04914e+06,856842,1.81119e+06,-1.35282e+11,-6.47919e+10
9.05309e+06,856538,1.81253e+06,-1.35181e+11,-6.50034e+10
9.05703e+06,856232,1.81387e+06,-1.35079e+11,-6.52148e+10
9.06098e+06,855925,1.8152e+06,-1.34977e+11,-6.5426e+10
9.06492e+06,855617,1.81654e+06,-1.34874e+11,-6.56371e+10
9.06887e+06,855308,1.81788e+06,-1.34771e+11,-6.5848e+10
9.07281e+06,854998,1.81922e+06,-1.34668e+11,-6.60587e+10
9.07675e+06,854687,1.82056e+06,-1.34565e+11,-6.62692e+10
9.0807e+06,854376,1.82189e+06,-1.34461e+11,-6.64797e+10
9.08464e+06,854063,1.82323e+06,-1.34357e+11,-6.66899e+10
9.08859e+06,853749,1.82456e+06,-1.34252e+11,-6.69e+10
9.09253e+06,853434,1.8259e+06,-1.34147e+11,-6.71099e+10
9.09648e+06,853118,1.82723e+06,-1.34042e+11,-6.73196e+10
9.10042e+06,852802,1.82857e+06,-1.33937e+11,-6.75292e+10
9.10437e+06,852484,1.8299e+06,-1.33831e+11,-6.77387e+10
9.10831e+06,852165,1.83124e+06,-1.33725e+11,-6.79479e+10
9.11226e+06,851845,1.83257e+06,-1.33618e+11,-6.8157e+10
9.1162e+06,851525,1.8339e+06,-1.33512e+11,-6.83659e+10
9.12015e+06,851203,1.83523e+06,-1.33405e+11,-6.85747e+10
9.12409e+06,850880,1.83656e+06,-1.33297e+11,-6.87833e+10
9.12804e+06,850557,1.83789e+06,-1.33189e+11,-6.89917e+10
9.13198e+06,850232,1.83922e+06,-1.33081e+11,-6.91999e+10
9.13593e+06,849906,1.84055e+06,-1.32973e+11,-6.9408e+10
9.13987e+06,849580,1.84188e+06,-1.32864e+11,-6.96159e+10
9.14381e+06,849252,1.84321e+06,-1.32755e+11,-6.98237e+10
9.14776e+06,848924,1.84454e+06,-1.32646e+11,-7.00312e+10
9.1517e+06,848594,1.84587e+06,-1.32536e+11,-7.02386e+10
9.15565e+06,848264,1.84719e+06,-1.32426e+11,-7.04459e+10
9.15959e+06,847932,1.84852e+06,-1.32316e+11,-7.06529e+10
9.16354e+06,847600,1.84985e+06,-1.32205e+11,-7.08598e+10
9.16748e+06,847266,1.85117e+06,-1.32094e+11,-7.10665e+10
9.17143e+06,846932,1.8525e+06,-1.31983e+11,-7.1273e+10
9.17537e+06,846597,1.85382e+06,-1.31871e+11,-7.14794e+10
9.17932e+06,846260,1.85515e+06,-1.31759e+11,-7.16856e+10
9.18326e+06,845923,1.85647e+06,-1.31647e+11,-7.18916e+10
9.18721e+06,845585,1.85779e+06,-1.31534e+11,-7.20974e+10
9.19115e+06,845246,1.85911e+06,-1.31421e+11,-7.23031e+10
9.1951e+06,844906,1.86044e+06,-1.31308e+11,-7.25086e+10
9.19904e+06,844564,1.86176e+06,-1.31194e+11,-7.27139e+10
9.20299e+06,844222,1.86308e+06,-1.3108e+11,-7.2919e+10
9.20693e+06,843879,1.8644e+06,-1.30966e+11,-7.31239e+10
9.21087e+06,843535,1.86572e+06,-1.30852e+11,-7.33287e+10
9.21482e+06,843190,1.86704e+06,-1.30737e+11,-7.35333e+10
9.21876e+06,842844,1.86836e+06,-1.30622e+11,-7.37377e+10
9.22271e+06,842497,1.86967e+06,-1.30506e+11,-7.39419e+10
9.22665e+06,842149,1.87099e+06,-1.3039e+11,-7.4146e+10
9.2306e+06,841801,1.87231e+06,-1.30274e+11,-7.43498e+10
9.23454e+06,841451,1.87363e+06,-1.30158e+11,-7.45535e+10
9.23849e+06,841100,1.87494e+06,-1.30041e+11,-7.4757e+10
9.24243e+06,840748,1.87626e+06,-1.29924e+11,-7.49604e+10
9.24638e+06,840396,1.87757e+06,-1.29806e+11,-7.51635e+10
9.25032e+06,840042,1.87889e+06,-1.29689e+11,-7.53664e+10
9.25427e+06,839688,1.8802e+06,-1.29571e+11,-7.55692e+10
9.25821e+06,839332,1.88151e+06,-1.29452e+11,-7.57718e+10
9.26216e+06,838976,1.88283e+06,-1.29334e+11,-7.59742e+10
9.2661e+06,838618,1.88414e+06,-1.29215e+11,-7.61764e+10
9.27005e+06,838260,1.88545e+06,-1.29095e+11,-7.63784e+10
9.27399e+06,837901,1.88676e+06,-1.28976e+11,-7.65803e+10
9.27793e+06,837540,1.88807e+06,-1.28856e+11,-7.67819e+10
9.28188e+06,837179,1.88938e+06,-1.28735e+11,-7.69834e+10
9.28582e+06,836817,1.89069e+06,-1.28615e+11,-7.71846e+10
9.28977e+06,836454,1.892e+06,-1.28494e+11,-7.73857e+10
9.29371e+06,836090,1.89331e+06,-1.28373e+11,-7.75866e+10
9.29766e+06,835725,1.89461e+06,-1.28251e+11,-7.77873e+10
9.3016e+06,835359,1.89592e+06,-1.28129e+11,-7.79878e+10
9.30555e+06,834992,1.89723e+06,-1.28007e+11,-7.81882e+10
9.30949e+06,834624,1.89853e+06,-1.27885e+11,-7.83883e+10
9.31344e+06,834255,1.89984e+06,-1.27762e+11,-7.85882e+10
9.31738e+06,833886,1.90114e+06,-1.27639e+11,-7.8788e+10
9.32133e+06,833515,1.90245e+06,-1.27516e+11,-7.89875e+10
9.32527e+06,833144,1.90375e+06,-1.27392e+11,-7.91869e+10
9.32922e+06,832771,1.90505e+06,-1.27268e+11,-7.93861e+10
9.33316e+06,832398,1.90636e+06,-1.27143e+11,-7.95851e+10
9.3371e+06,832023,1.90766e+06,-1.27019e+11,-7.97838e+10
9.34105e+06,831648,1.90896e+06,-1.26894e+11,-7.99824e+10
9.34499e+06,831272,1.91026e+06,-1.26769e+11,-8.01808e+10
9.34894e+06,830895,1.91156e+06,-1.26643e+11,-8.0379e+10
9.35288e+06,830516,1.91286e+06,-1.26517e+11,-8.0577e+10
9.35683e+06,830137,1.91416e+06,-1.26391e+11,-8.07748e+10
9.36077e+06,829757,1.91546e+06,-1.26264e+11,-8.09724e+10
9.36472e+06,829377,1.91675e+06,-1.26138e+11,-8.11698e+10
9.36866e+06,828995,1.91805e+06,-1.26011e+11,-8.1367e+10
9.37261e+06,828612,1.91935e+06,-1.25883e+11,-8.1564e+10
9.37655e+06,828228,1.92064e+06,-1.25755e+11,-8.17608e+10
9.3805e+06,827844,1.92194e+06,-1.25627e+11,-8.19574e+10
9.38444e+06,827458,1.92323e+06,-1.25499e+11,-8.21538e+10
9.38839e+06,827072,1.92453e+06,-1.2537e+11,-8.235e+10
9.39233e+06,826685,1.92582e+06,-1.25241e+11,-8.2546e+10
9.39628e+06,826296,1.92711e+06,-1.25112e+11,-8.27418e+10
9.40022e+06,825907,1.9284e+06,-1.24982e+11,-8.29374e+10
9.40416e+06,825517,1.9297e+06,-1.24853e+11,-8.31328e+10
9.40811e+06,825126,1.93099e+06,-1.24722e+11,-8.3328e+10
9.41205e+06,824734,1.93228e+06,-1.24592e+11,-8.3523e+10
9.416e+06,824341,1.93357e+06,-1.24461e+11,-8.37178e+10
9.41994e+06,823947,1.93486e+06,-1.2433e+11,-8.39124e+10
9.42389e+06,823553,1.93614e+06,-1.24199e+11,-8.41068e+10
9.42783e+06,823157,1.93743e+06,-1.24067e+11,-8.43009e+10
9.43178e+06,822761,1.93872e+06,-1.23935e+11,-8.44949e+10
9.43572e+06,822363,1.94001e+06,-1.23803e+11,-8.46887e+10
9.43967e+06,821965,1.94129e+06,-1.2367e+11,-8.48822e+10
9.44361e+06,821566,1.94258e+06,-1.23537e+11,-8.50755e+10
9.44756e+06,821165,1.94386e+06,-1.23404e+11,-8.52687e+10
9.4515e+06,820764,1.94515e+06,-1.2327e+11,-8.54616e+10
9.45545e+06,820362,1.94643e+06,-1.23136e+11,-8.56543e+10
9.45939e+06,819960,1.94771e+06,-1.23002e+11,-8.58468e+10
9.46334e+06,819556,1.949e+06,-1.22868e+11,-8.60391e+10
9.46728e+06,819151,1.95028e+06,-1.22733e+11,-8.62312e+10
9.47122e+06,818745,1.95156e+06,-1.22598e+11,-8.64231e+10
9.47517e+06,818339,1.95284e+06,-1.22463e+11,-8.66147e+10
9.47911e+06,817932,1.95412e+06,-1.22327e+11,-8.68062e+10
9.48306e+06,817523,1.9554e+06,-1.22191e+11,-8.69974e+10
9.487e+06,817114,1.95668e+06,-1.22055e+11,-8.71884e+10
9.49095e+06,816704,1.95795e+06,-1.21918e+11,-8.73793e+10
9.49489e+06,816293,1.95923e+06,-1.21782e+11,-8.75699e+10
9.49884e+06,815881,1.96051e+06,-1.21644e+11,-8.77602e+10
9.50278e+06,815469,1.96178e+06,-1.21507e+11,-8.79504e+10
9.50673e+06,815055,1.96306e+06,-1.21369e+11,-8.81404e+10
9.51067e+06,814640,1.96433e+06,-1.21231e+11,-8.83301e+10
9.51462e+06,814225,1.96561e+06,-1.21093e+11,-8.85196e+10
9.51856e+06,813809,1.96688e+06,-1.20954e+11,-8.87089e+10
9.52251e+06,813391,1.96815e+06,-1.20815e+11,-8.8898e+10
9.52645e+06,812973,1.96942e+06,-1.20676e+11,-8.90869e+10
9.5304e+06,812554,1.9707e+06,-1.20537e+11,-8.92755e+10
9.53434e+06,812134,1.97197e+06,-1.20397e+11,-8.9464e+10
9.53828e+06,811714,1.97324e+06,-1.20257e+11,-8.96522e+10
9.54223e+06,811292,1.97451e+06,-1.20116e+11,-8.98402e+10
9.54617e+06,810869,1.97577e+06,-1.19976e+11,-9.0028e+10
9.55012e+06,810446,1.97704e+06,-1.19835e+11,-9.02155e+10
9.55406e+06,810022,1.97831e+06,-1.19694e+11,-9.04028e+10
9.55801e+06,809597,1.97958e+06,-1.19552e+11,-9.059e+10
9.56195e+06,809171,1.98084e+06,-1.1941e+11,-9.07769e+10
9.5659e+06,808744,1.98211e+06,-1.19268e+11,-9.09635e+10
9.56984e+06,808316,1.98337e+06,-1.19126e+11,-9.115e+10
9.57379e+06,807887,1.98464e+06,-1.18983e+11,-9.13362e+10
9.57773e+06,807458,1.9859e+06,-1.1884e+11,-9.15222e+10
9.58168e+06,807027,1.98716e+06,-1.18696e+11,-9.1708e+10
9.58562e+06,806596,1.98842e+06,-1.18553e+11,-9.18935e+10
9.58957e+06,806164,1.98969e+06,-1.18409e+11,-9.20789e+10
9.59351e+06,805731,1.99095e+06,-1.18265e+11,-9.2264e+10
9.59746e+06,805297,1.99221e+06,-1.1812e+11,-9.24488e+10
9.6014e+06,804862,1.99347e+06,-1.17976e+11,-9.26335e+10
9.60534e+06,804426,1.99472e+06,-1.17831e+11,-9.28179e+10
9.60929e+06,803990,1.99598e+06,-1.17685e+11,-9.30021e+10
9.61323e+06,803553,1.99724e+06,-1.1754e+11,-9.31861e+10
9.61718e+06,803114,1.9985e+06,-1.17394e+11,-9.33698e+10
9.62112e+06,802675,1.99975e+06,-1.17248e+11,-9.35533e+10
9.62507e+06,802235,2.00101e+06,-1.17101e+11,-9.37366e+10
9.62901e+06,801794,2.00226e+06,-1.16954e+11,-9.39197e+10
9.63296e+06,801353,2.00352e+06,-1.16807e+11,-9.41025e+10
9.6369e+06,800910,2.00477e+06,-1.1666e+11,-9.42851e+10
9.64085e+06,800467,2.00602e+06,-1.16512e+11,-9.44675e+10
9.64479e+06,800023,2.00727e+06,-1.16364e+11,-9.46496e+10
9.64874e+06,799578,2.00852e+06,-1.16216e+11,-9.48315e+10
9.65268e+06,799132,2.00977e+06,-1.16068e+11,-9.50132e+10
9.65663e+06,798685,2.01102e+06,-1.15919e+11,-9.51946e+10
9.66057e+06,798237,2.01227e+06,-1.1577e+11,-9.53758e+10
9.66452e+06,797789,2.01352e+06,-1.15621e+11,-9.55568e+10
9.66846e+06,797339,2.01477e+06,-1.15471e+11,-9.57375e+10
9.6724e+06,796889,2.01602e+06,-1.15321e+11,-9.5918e+10
9.67635e+06,796438,2.01726e+06,-1.15171e+11,-9.60983e+10
9.68029e+06,795986,2.01851e+06,-1.1502e+11,-9.62783e+10
9.68424e+06,795533,2.01975e+06,-1.1487e+11,-9.64581e+10
9.68818e+06,795080,2.021e+06,-1.14719e+11,-9.66377e+10
9.69213e+06,794625,2.02224e+06,-1.14567e+11,-9.6817e+10
9.69607e+06,794170,2.02348e+06,-1.14416e+11,-9.69961e+10
9.70002e+06,793714,2.02472e+06,-1.14264e+11,-9.71749e+10
9.70396e+06,793257,2.02596e+06,-1.14112e+11,-9.73535e+10
9.70791e+06,792799,2.02721e+06,-1.13959e+11,-9.75319e+10
9.71185e+06,792340,2.02844e+06,-1.13807e+11,-9.77101e+10
9.7158e+06,791881,2.02968e+06,-1.13654e+11,-9.7888e+10
9.71974e+06,791421,2.03092e+06,-1.135e+11,-9.80656e+10
9.72369e+06,790960,2.03216e+06,-1.13347e+11,-9.8243e+10
9.72763e+06,790498,2.0334e+06,-1.13193e+11,-9.84202e+10
9.73157e+06,790035,2.03463e+06,-1.13039e+11,-9.85971e+10
9.73552e+06,789571,2.03587e+06,-1.12885e+11,-9.87738e+10
9.73946e+06,789107,2.0371e+06,-1.1273e+11,-9.89503e+10
9.74341e+06,788641,2.03834e+06,-1.12575e+11,-9.91265e+10
9.74735e+06,788175,2.03957e+06,-1.1242e+11,-9.93025e+10
9.7513e+06,787708,2.0408e+06,-1.12264e+11,-9.94782e+10
9.75524e+06,787241,2.04203e+06,-1.12109e+11,-9.96537e+10
9.75919e+06,786772,2.04327e+06,-1.11953e+11,-9.98289e+10
9.76313e+06,786302,2.0445e+06,-1.11796e+11,-1.00004e+11
9.76708e+06,785832,2.04573e+06,-1.1164e+11,-1.00179e+11
9.77102e+06,785361,2.04695e+06,-1.11483e+11,-1.00353e+11
9.77497e+06,784889,2.04818e+06,-1.11326e+11,-1.00527e+11
9.77891e+06,784417,2.04941e+06,-1.11168e+11,-1.00701e+11
9.78286e+06,783943,2.05064e+06,-1.11011e+11,-1.00875e+11
9.7868e+06,783469,2.05186e+06,-1.10853e+11,-1.01049e+11
9.79075e+06,782994,2.05309e+06,-1.10695e+11,-1.01222e+11
9.79469e+06,782518,2.05431e+06,-1.10536e+11,-1.01395e+11
9.79863e+06,782041,2.05553e+06,-1.10377e+11,-1.01568e+11
9.80258e+06,781563,2.05676e+06,-1.10218e+11,-1.0174e+11
9.80652e+06,781085,2.05798e+06,-1.10059e+11,-1.01913e+11
9.81047e+06,780606,2.0592e+06,-1.099e+11,-1.02085e+11
9.81441e+06,780126,2.06042e+06,-1.0974e+11,-1.02256e+11
9.81836e+06,779645,2.06164e+06,-1.0958e+11,-1.02428e+11
9.8223e+06,779163,2.06286e+06,-1.09419e+11,-1.02599e+11
9.82625e+06,778681,2.06408e+06,-1.09259e+11,-1.0277e+11
9.83019e+06,778198,2.0653e+06,-1.09098e+11,-1.02941e+11
9.83414e+06,777714,2.06651e+06,-1.08937e+11,-1.03112e+11
9.83808e+06,777229,2.06773e+06,-1.08775e+11,-1.03282e+11
9.84203e+06,776743,2.06895e+06,-1.08614e+11,-1.03452e+11
9.84597e+06,776257,2.07016e+06,-1.08452e+11,-1.03622e+11
9.84992e+06,775769,2.07137e+06,-1.08289e+11,-1.03791e+11
9.85386e+06,775281,2.07259e+06,-1.08127e+11,-1.0396e+11
9.85781e+06,774793,2.0738e+06,-1.07964e+11,-1.04129e+11
9.86175e+06,774303,2.07501e+06,-1.07801e+11,-1.04298e+11
9.86569e+06,773813,2.07622e+06,-1.07638e+11,-1.04467e+11
9.86964e+06,773321,2.07743e+06,-1.07474e+11,-1.04635e+11
9.87358e+06,772829,2.07864e+06,-1.0731e+11,-1.04803e+11
9.87753e+06,772337,2.07985e+06,-1.07146e+11,-1.04971e+11
9.88147e+06,771843,2.08106e+06,-1.06982e+11,-1.05138e+11
9.88542e+06,771349,2.08226e+06,-1.06817e+11,-1.05305e+11
9.88936e+06,770854,2.08347e+06,-1.06653e+11,-1.05472e+11
9.89331e+06,770358,2.08468e+06,-1.06488e+11,-1.05639e+11
9.89725e+06,769861,2.08588e+06,-1.06322e+11,-1.05805e+11
9.9012e+06,769364,2.08708e+06,-1.06157e+11,-1.05972e+11
9.90514e+06,768865,2.08829e+06,-1.05991e+11,-1.06137e+11
9.90909e+06,768366,2.08949e+06,-1.05824e+11,-1.06303e+11
9.91303e+06,767866,2.09069e+06,-1.05658e+11,-1.06469e+11
9.91698e+06,767366,2.09189e+06,-1.05491e+11,-1.06634e+11
9.92092e+06,766864,2.09309e+06,-1.05324e+11,-1.06799e+11
9.92487e+06,766362,2.09429e+06,-1.05157e+11,-1.06963e+11
9.92881e+06,765859,2.09549e+06,-1.0499e+11,-1.07128e+11
9.93275e+06,765356,2.09669e+06,-1.04822e+11,-1.07292e+11
9.9367e+06,764851,2.09788e+06,-1.04654e+11,-1.07455e+11
9.94064e+06,764346,2.09908e+06,-1.04486e+11,-1.07619e+11
9.94459e+06,763840,2.10027e+06,-1.04317e+11,-1.07782e+11
9.94853e+06,763333,2.10147e+06,-1.04149e+11,-1.07945e+11
9.95248e+06,762826,2.10266e+06,-1.0398e+11,-1.08108e+11
9.95642e+06,762318,2.10385e+06,-1.03811e+11,-1.08271e+11
9.96037e+06,761808,2.10505e+06,-1.03641e+11,-1.08433e+11
9.96431e+06,761299,2.10624e+06,-1.03471e+11,-1.08595e+11
9.96826e+06,760788,2.10743e+06,-1.03301e+11,-1.08757e+11
9.9722e+06,760277,2.10862e+06,-1.03131e+11,-1.08918e+11
9.97615e+06,759765,2.10981e+06,-1.02961e+11,-1.09079e+11
9.98009e+06,759252,2.111e+06,-1.0279e+11,-1.0924e+11
9.98404e+06,758738,2.11218e+06,-1.02619e+11,-1.09401e+11
9.98798e+06,758224,2.11337e+06,-1.02448e+11,-1.09561e+11
9.99193e+06,757709,2.11455e+06,-1.02276e+11,-1.09721e+11
9.99587e+06,757193,2.11574e+06,-1.02104e+11,-1.09881e+11
9.99981e+06,756676,2.11692e+06,-1.01932e+11,-1.10041e+11
1.00038e+07,756159,2.11811e+06,-1.0176e+11,-1.102e+11
1.00077e+07,755641,2.11929e+06,-1.01588e+11,-1.10359e+11
1.00116e+07,755122,2.12047e+06,-1.01415e+11,-1.10518e+11
1.00156e+07,754602,2.12165e+06,-1.01242e+11,-1.10676e+11
1.00195e+07,754082,2.12283e+06,-1.01069e+11,-1.10835e+11
1.00235e+07,753561,2.12401e+06,-1.00895e+11,-1.10993e+11
1.00274e+07,753039,2.12519e+06,-1.00721e+11,-1.1115e+11
1.00314e+07,752517,2.12637e+06,-1.00547e+11,-1.11308e+11
1.00353e+07,751993,2.12754e+06,-1.00373e+11,-1.11465e+11
1.00393e+07,751469,2.12872e+06,-1.00199e+11,-1.11622e+11
1.00432e+07,750944,2.12989e+06,-1.00024e+11,-1.11778e+11
1.00472e+07,750419,2.13107e+06,-9.9849e+10,-1.11935e+11
1.00511e+07,749893,2.13224e+06,-9.96738e+10,-1.12091e+11
1.0055e+07,749366,2.13341e+06,-9.94983e+10,-1.12246e+11
1.0059e+07,748838,2.13459e+06,-9.93226e+10,-1.12402e+11
1.00629e+07,748310,2.13576e+06,-9.91467e+10,-1.12557e+11
1.00669e+07,747780,2.13693e+06,-9.89705e+10,-1.12712e+11
1.00708e+07,747250,2.1381e+06,-9.8794e+10,-1.12867e+11
1.00748e+07,746720,2.13926e+06,-9.86174e+10,-1.13021e+11
1.00787e+07,746188,2.14043e+06,-9.84405e+10,-1.13175e+11
1.00827e+07,745656,2.1416e+06,-9.82633e+10,-1.13329e+11
1.00866e+07,745124,2.14276e+06,-9.80859e+10,-1.13483e+11
1.00905e+07,744590,2.14393e+06,-9.79083e+10,-1.13636e+11
1.00945e+07,744056,2.14509e+06,-9.77304e+10,-1.13789e+11
1.00984e+07,743521,2.14626e+06,-9.75523e+10,-1.13942e+11
1.01024e+07,742985,2.14742e+06,-9.7374e+10,-1.14094e+11
1.01063e+07,742449,2.14858e+06,-9.71954e+10,-1.14246e+11
1.01103e+07,741912,2.14974e+06,-9.70165e+10,-1.14398e+11
1.01142e+07,741374,2.1509e+06,-9.68375e+10,-1.1455e+11
1.01182e+07,740835,2.15206e+06,-9.66582e+10,-1.14701e+11
1.01221e+07,740296,2.15322e+06,-9.64787e+10,-1.14852e+11
1.0126e+07,739756,2.15438e+06,-9.62989e+10,-1.15003e+11
1.013e+07,739216,2.15553e+06,-9.61189e+10,-1.15153e+11
1.01339e+07,738674,2.15669e+06,-9.59386e+10,-1.15304e+11
1.01379e+07,738132,2.15785e+06,-9.57582e+10,-1.15454e+11
1.01418e+07,737589,2.159e+06,-9.55774e+10,-1.15603e+11
1.01458e+07,737046,2.16015e+06,-9.53965e+10,-1.15753e+11
1.01497e+07,736502,2.1613e+06,-9.52153e+10,-1.15902e+11
1.01537e+07,735957,2.16246e+06,-9.50339e+10,-1.1605e+11
1.01576e+07,735411,2.16361e+06,-9.48523e+10,-1.16199e+11
1.01615e+07,734865,2.16476e+06,-9.46704e+10,-1.16347e+11
1.01655e+07,734318,2.16591e+06,-9.44883e+10,-1.16495e+11
1.01694e+07,733770,2.16705e+06,-9.43059e+10,-1.16643e+11
1.01734e+07,733222,2.1682e+06,-9.41234e+10,-1.1679e+11
1.01773e+07,732673,2.16935e+06,-9.39406e+10,-1.16937e+11
1.01813e+07,732123,2.17049e+06,-9.37575e+10,-1.17084e+11
1.01852e+07,731573,2.17164e+06,-9.35743e+10,-1.17231e+11
1.01892e+07,731022,2.17278e+06,-9.33908e+10,-1.17377e+11
1.01931e+07,730470,2.17393e+06,-9.32071e+10,-1.17523e+11
1.0197e+07,729918,2.17507e+06,-9.30231e+10,-1.17668e+11
1.0201e+07,729364,2.17621e+06,-9.2839e+10,-1.17814e+11
1.02049e+07,728811,2.17735e+06,-9.26546e+10,-1.17959e+11
1.02089e+07,728256,2.17849e+06,-9.24699e+10,-1.18104e+11
1.02128e+07,727701,2.17963e+06,-9.22851e+10,-1.18248e+11
1.02168e+07,727145,2.18077e+06,-9.21e+10,-1.18392e+11
1.02207e+07,726588,2.1819e+06,-9.19147e+10,-1.18536e+11
1.02247e+07,726031,2.18304e+06,-9.17292e+10,-1.1868e+11
1.02286e+07,725473,2.18417e+06,-9.15434e+10,-1.18823e+11
1.02326e+07,724915,2.18531e+06,-9.13574e+10,-1.18966e+11
1.02365e+07,724355,2.18644e+06,-9.11712e+10,-1.19109e+11
1.02404e+07,723795,2.18757e+06,-9.09848e+10,-1.19251e+11
1.02444e+07,723235,2.18871e+06,-9.07982e+10,-1.19394e+11
1.02483e+07,722674,2.18984e+06,-9.06113e+10,-1.19535e+11
1.02523e+07,722112,2.19097e+06,-9.04242e+10,-1.19677e+11
1.02562e+07,721549,2.1921e+06,-9.02369e+10,-1.19818e+11
1.02602e+07,720986,2.19322e+06,-9.00494e+10,-1.19959e+11
1.02641e+07,720422,2.19435e+06,-8.98616e+10,-1.201e+11
1.02681e+07,719857,2.19548e+06,-8.96736e+10,-1.2024e+11
1.0272e+07,719292,2.1966e+06,-8.94854e+10,-1.20381e+11
1.02759e+07,718726,2.19773e+06,-8.9297e+10,-1.2052e+11
1.02799e+07,718160,2.19885e+06,-8.91084e+10,-1.2066e+11
1.02838e+07,717592,2.19997e+06,-8.89196e+10,-1.20799e+11
1.02878e+07,717025,2.2011e+06,-8.87305e+10,-1.20938e+11
1.02917e+07,716456,2.20222e+06,-8.85412e+10,-1.21077e+11
1.02957e+07,715887,2.20334e+06,-8.83517e+10,-1.21215e+11
1.02996e+07,715317,2.20446e+06,-8.8162e+10,-1.21353e+11
1.03036e+07,714747,2.20558e+06,-8.79721e+10,-1.21491e+11
1.03075e+07,714176,2.20669e+06,-8.77819e+10,-1.21628e+11
1.03114e+07,713604,2.20781e+06,-8.75916e+10,-1.21766e+11
1.03154e+07,713031,2.20893e+06,-8.7401e+10,-1.21902e+11
1.03193e+07,712458,2.21004e+06,-8.72102e+10,-1.22039e+11
1.03233e+07,711885,2.21115e+06,-8.70192e+10,-1.22175e+11
1.03272e+07,711310,2.21227e+06,-8.6828e+10,-1.22311e+11
1.03312e+07,710736,2.21338e+06,-8.66365e+10,-1.22447e+11
1.03351e+07,710160,2.21449e+06,-8.64449e+10,-1.22582e+11
1.03391e+07,709584,2.2156e+06,-8.62531e+10,-1.22717e+11
1.0343e+07,709007,2.21671e+06,-8.6061e+10,-1.22852e+11
1.03469e+07,708429,2.21782e+06,-8.58687e+10,-1.22987e+11
1.03509e+07,707851,2.21893e+06,-8.56762e+10,-1.23121e+11
1.03548e+07,707272,2.22003e+06,-8.54835e+10,-1.23255e+11
1.03588e+07,706693,2.22114e+06,-8.52906e+10,-1.23388e+11
1.03627e+07,706113,2.22224e+06,-8.50975e+10,-1.23521e+11
1.03667e+07,705532,2.22335e+06,-8.49042e+10,-1.23654e+11
1.03706e+07,704951,2.22445e+06,-8.47107e+10,-1.23787e+11
1.03746e+07,704369,2.22555e+06,-8.4517e+10,-1.23919e+11
1.03785e+07,703787,2.22666e+06,-8.4323e+10,-1.24051e+11
1.03825e+07,703204,2.22776e+06,-8.41289e+10,-1.24183e+11
1.03864e+07,702620,2.22886e+06,-8.39345e+10,-1.24315e+11
1.03903e+07,702036,2.22995e+06,-8.374e+10,-1.24446e+11
1.03943e+07,701451,2.23105e+06,-8.35452e+10,-1.24577e+11
1.03982e+07,700865,2.23215e+06,-8.33502e+10,-1.24707e+11
1.04022e+07,700279,2.23324e+06,-8.31551e+10,-1.24837e+11
1.04061e+07,699692,2.23434e+06,-8.29597e+10,-1.24967e+11
1.04101e+07,699105,2.23543e+06,-8.27641e+10,-1.25097e+11
1.0414e+07,698517,2.23653e+06,-8.25683e+10,-1.25226e+11
1.0418e+07,697928,2.23762e+06,-8.23723e+10,-1.25355e+11
1.04219e+07,697339,2.23871e+06,-8.21762e+10,-1.25484e+11
1.04258e+07,696749,2.2398e+06,-8.19798e+10,-1.25612e+11
1.04298e+07,696159,2.24089e+06,-8.17832e+10,-1.2574e+11
1.04337e+07,695567,2.24198e+06,-8.15864e+10,-1.25868e+11
1.04377e+07,694976,2.24307e+06,-8.13894e+10,-1.25996e+11
1.04416e+07,694384,2.24415e+06,-8.11922e+10,-1.26123e+11
1.04456e+07,693791,2.24524e+06,-8.09949e+10,-1.2625e+11
1.04495e+07,693197,2.24632e+06,-8.07973e+10,-1.26376e+11
1.04535e+07,692603,2.24741e+06,-8.05995e+10,-1.26502e+11
1.04574e+07,692009,2.24849e+06,-8.04015e+10,-1.26628e+11
1.04613e+07,691413,2.24957e+06,-8.02033e+10,-1.26754e+11
1.04653e+07,690818,2.25065e+06,-8.0005e+10,-1.26879e+11
1.04692e+07,690221,2.25173e+06,-7.98064e+10,-1.27004e+11
1.04732e+07,689624,2.25281e+06,-7.96077e+10,-1.27129e+11
1.04771e+07,689027,2.25389e+06,-7.94087e+10,-1.27253e+11
1.04811e+07,688429,2.25497e+06,-7.92096e+10,-1.27377e+11
1.0485e+07,687830,2.25604e+06,-7.90102e+10,-1.27501e+11
1.0489e+07,687231,2.25712e+06,-7.88107e+10,-1.27624e+11
1.04929e+07,686631,2.25819e+06,-7.86109e+10,-1.27748e+11
1.04968e+07,686030,2.25927e+06,-7.8411e+10,-1.2787e+11
1.05008e+07,685429,2.26034e+06,-7.82109e+10,-1.27993e+11
1.05047e+07,684828,2.26141e+06,-7.80106e+10,-1.28115e+11
1.05087e+07,684225,2.26248e+06,-7.78101e+10,-1.28237e+11
1.05126e+07,683623,2.26355e+06,-7.76094e+10,-1.28358e+11
1.05166e+07,683019,2.26462e+06,-7.74086e+10,-1.2848e+11
1.05205e+07,682415,2.26569e+06,-7.72075e+10,-1.28601e+11
1.05245e+07,681811,2.26676e+06,-7.70062e+10,-1.28721e+11
1.05284e+07,681206,2.26782e+06,-7.68048e+10,-1.28842e+11
1.05323e+07,680600,2.26889e+06,-7.66032e+10,-1.28961e+11
1.05363e+07,679994,2.26995e+06,-7.64013e+10,-1.29081e+11
1.05402e+07,679387,2.27101e+06,-7.61993e+10,-1.29201e+11
1.05442e+07,678780,2.27208e+06,-7.59971e+10,-1.2932e+11
1.05481e+07,678172,2.27314e+06,-7.57948e+10,-1.29438e+11
1.05521e+07,677564,2.2742e+06,-7.55922e+10,-1.29557e+11
1.0556e+07,676955,2.27526e+06,-7.53895e+10,-1.29675e+11
1.056e+07,676346,2.27631e+06,-7.51865e+10,-1.29793e+11
1.05639e+07,675735,2.27737e+06,-7.49834e+10,-1.2991e+11
1.05679e+07,675125,2.27843e+06,-7.47801e+10,-1.30027e+11
1.05718e+07,674514,2.27948e+06,-7.45766e+10,-1.30144e+11
1.05757e+07,673902,2.28054e+06,-7.4373e+10,-1.3026e+11
1.05797e+07,673290,2.28159e+06,-7.41691e+10,-1.30377e+11
1.05836e+07,672677,2.28265e+06,-7.39651e+10,-1.30492e+11
1.05876e+07,672064,2.2837e+06,-7.37609e+10,-1.30608e+11
1.05915e+07,671450,2.28475e+06,-7.35565e+10,-1.30723e+11
1.05955e+07,670835,2.2858e+06,-7.33519e+10,-1.30838e+11
1.05994e+07,670220,2.28685e+06,-7.31472e+10,-1.30953e+11
1.06034e+07,669605,2.28789e+06,-7.29423e+10,-1.31067e+11
1.06073e+07,668989,2.28894e+06,-7.27371e+10,-1.31181e+11
1.06112e+07,668372,2.28999e+06,-7.25319e+10,-1.31294e+11
1.06152e+07,667755,2.29103e+06,-7.23264e+10,-1.31408e+11
1.06191e+07,667138,2.29208e+06,-7.21208e+10,-1.31521e+11
1.06231e+07,666519,2.29312e+06,-7.19149e+10,-1.31633e+11
1.0627e+07,665901,2.29416e+06,-7.1709e+10,-1.31746e+11
1.0631e+07,665281,2.2952e+06,-7.15028e+10,-1.31858e+11
1.06349e+07,664662,2.29624e+06,-7.12964e+10,-1.31969e+11
1.06389e+07,664041,2.29728e+06,-7.10899e+10,-1.32081e+11
1.06428e+07,663421,2.29832e+06,-7.08832e+10,-1.32192e+11
1.06467e+07,662799,2.29936e+06,-7.06764e+10,-1.32303e+11
1.06507e+07,662177,2.30039e+06,-7.04693e+10,-1.32413e+11
1.06546e+07,661555,2.30143e+06,-7.02621e+10,-1.32523e+11
1.06586e+07,660932,2.30246e+06,-7.00548e+10,-1.32633e+11
1.06625e+07,660309,2.3035e+06,-6.98472e+10,-1.32742e+11
1.06665e+07,659685,2.30453e+06,-6.96395e+10,-1.32851e+11
1.06704e+07,659061,2.30556e+06,-6.94316e+10,-1.3296e+11
1.06744e+07,658436,2.30659e+06,-6.92235e+10,-1.33068e+11
1.06783e+07,657810,2.30762e+06,-6.90153e+10,-1.33177e+11
1.06822e+07,657184,2.30865e+06,-6.88069e+10,-1.33284e+11
1.06862e+07,656558,2.30968e+06,-6.85983e+10,-1.33392e+11
1.06901e+07,655931,2.3107e+06,-6.83896e+10,-1.33499e+11
1.06941e+07,655303,2.31173e+06,-6.81807e+10,-1.33606e+11
1.0698e+07,654676,2.31275e+06,-6.79716e+10,-1.33712e+11
1.0702e+07,654047,2.31378e+06,-6.77624e+10,-1.33818e+11
1.07059e+07,653418,2.3148e+06,-6.7553e+10,-1.33924e+11
1.07099e+07,652789,2.31582e+06,-6.73434e+10,-1.3403e+11
1.07138e+07,652159,2.31684e+06,-6.71337e+10,-1.34135e+11
1.07177e+07,651528,2.31786e+06,-6.69238e+10,-1.3424e+11
1.07217e+07,650897,2.31888e+06,-6.67137e+10,-1.34344e+11
1.07256e+07,650266,2.3199e+06,-6.65035e+10,-1.34448e+11
1.07296e+07,649634,2.32091e+06,-6.62931e+10,-1.34552e+11
1.07335e+07,649002,2.32193e+06,-6.60825e+10,-1.34656e+11
1.07375e+07,648369,2.32294e+06,-6.58718e+10,-1.34759e+11
1.07414e+07,647736,2.32396e+06,-6.5661e+10,-1.34862e+11
1.07454e+07,647102,2.32497e+06,-6.54499e+10,-1.34964e+11
1.07493e+07,646467,2.32598e+06,-6.52387e+10,-1.35067e+11
1.07533e+07,645833,2.32699e+06,-6.50274e+10,-1.35169e+11
1.07572e+07,645197,2.328e+06,-6.48159e+10,-1.3527e+11
1.07611e+07,644562,2.32901e+06,-6.46042e+10,-1.35371e+11
1.07651e+07,643925,2.33002e+06,-6.43924e+10,-1.35472e+11
1.0769e+07,643289,2.33103e+06,-6.41804e+10,-1.35573e+11
1.0773e+07,642651,2.33203e+06,-6.39682e+10,-1.35673e+11
1.07769e+07,642014,2.33304e+06,-6.37559e+10,-1.35773e+11
1.07809e+07,641376,2.33404e+06,-6.35435e+10,-1.35872e+11
1.07848e+07,640737,2.33504e+06,-6.33309e+10,-1.35972e+11
1.07888e+07,640098,2.33604e+06,-6.31181e+10,-1.36071e+11
1.07927e+07,639459,2.33704e+06,-6.29052e+10,-1.36169e+11
1.07966e+07,638819,2.33804e+06,-6.26921e+10,-1.36267e+11
1.08006e+07,638178,2.33904e+06,-6.24789e+10,-1.36365e+11
1.08045e+07,637537,2.34004e+06,-6.22655e+10,-1.36463e+11
1.08085e+07,636896,2.34104e+06,-6.2052e+10,-1.3656e+11
1.08124e+07,636254,2.34203e+06,-6.18383e+10,-1.36657e+11
1.08164e+07,635612,2.34303e+06,-6.16244e+10,-1.36754e+11
1.08203e+07,634969,2.34402e+06,-6.14105e+10,-1.3685e+11
1.08243e+07,634326,2.34501e+06,-6.11963e+10,-1.36946e+11
1.08282e+07,633682,2.34601e+06,-6.0982e+10,-1.37041e+11
1.08321e+07,633038,2.347e+06,-6.07676e+10,-1.37136e+11
1.08361e+07,632394,2.34799e+06,-6.0553e+10,-1.37231e+11
1.084e+07,631749,2.34898e+06,-6.03383e+10,-1.37326e+11
1.0844e+07,631104,2.34996e+06,-6.01234e+10,-1.3742e+11
1.08479e+07,630458,2.35095e+06,-5.99084e+10,-1.37514e+11
1.08519e+07,629811,2.35193e+06,-5.96932e+10,-1.37607e+11
1.08558e+07,629165,2.35292e+06,-5.94779e+10,-1.37701e+11
1.08598e+07,628518,2.3539e+06,-5.92624e+10,-1.37794e+11
1.08637e+07,627870,2.35489e+06,-5.90468e+10,-1.37886e+11
1.08676e+07,627222,2.35587e+06,-5.8831e+10,-1.37978e+11
1.08716e+07,626573,2.35685e+06,-5.86151e+10,-1.3807e+11
1.08755e+07,625925,2.35783e+06,-5.83991e+10,-1.38162e+11
1.08795e+07,625275,2.35881e+06,-5.81829e+10,-1.38253e+11
1.08834e+07,624626,2.35978e+06,-5.79666e+10,-1.38344e+11
1.08874e+07,623975,2.36076e+06,-5.77501e+10,-1.38434e+11
1.08913e+07,623325,2.36174e+06,-5.75335e+10,-1.38524e+11
1.08953e+07,622674,2.36271e+06,-5.73167e+10,-1.38614e+11
1.08992e+07,622022,2.36368e+06,-5.70999e+10,-1.38704e+11
1.09032e+07,621370,2.36466e+06,-5.68828e+10,-1.38793e+11
1.09071e+07,620718,2.36563e+06,-5.66656e+10,-1.38882e+11
1.0911e+07,620066,2.3666e+06,-5.64483e+10,-1.3897e+11
1.0915e+07,619412,2.36757e+06,-5.62309e+10,-1.39058e+11
1.09189e+07,618759,2.36854e+06,-5.60133e+10,-1.39146e+11
1.09229e+07,618105,2.3695e+06,-5.57956e+10,-1.39233e+11
1.09268e+07,617451,2.37047e+06,-5.55777e+10,-1.39321e+11
1.09308e+07,616796,2.37143e+06,-5.53597e+10,-1.39407e+11
1.09347e+07,616141,2.3724e+06,-5.51416e+10,-1.39494e+11
1.09387e+07,615485,2.37336e+06,-5.49233e+10,-1.3958e+11
1.09426e+07,614829,2.37432e+06,-5.47049e+10,-1.39666e+11
1.09465e+07,614173,2.37529e+06,-5.44864e+10,-1.39751e+11
1.09505e+07,613516,2.37625e+06,-5.42677e+10,-1.39836e+11
1.09544e+07,612859,2.3772e+06,-5.40489e+10,-1.39921e+11
1.09584e+07,612201,2.37816e+06,-5.383e+10,-1.40005e+11
1.09623e+07,611543,2.37912e+06,-5.36109e+10,-1.40089e+11
1.09663e+07,610885,2.38008e+06,-5.33917e+10,-1.40173e+11
1.09702e+07,610226,2.38103e+06,-5.31724e+10,-1.40256e+11
1.09742e+07,609567,2.38199e+06,-5.2953e+10,-1.40339e+11
1.09781e+07,608908,2.38294e+06,-5.27334e+10,-1.40422e+11
1.0982e+07,608248,2.38389e+06,-5.25137e+10,-1.40504e+11
1.0986e+07,607587,2.38484e+06,-5.22938e+10,-1.40586e+11
1.09899e+07,606927,2.38579e+06,-5.20738e+10,-1.40668e+11
1.09939e+07,606266,2.38674e+06,-5.18537e+10,-1.40749e+11
1.09978e+07,605604,2.38769e+06,-5.16335e+10,-1.4083e+11
1.10018e+07,604942,2.38863e+06,-5.14132e+10,-1.40911e+11
1.10057e+07,604280,2.38958e+06,-5.11927e+10,-1.40991e+11
1.10097e+07,603618,2.39052e+06,-5.09721e+10,-1.41071e+11
1.10136e+07,602955,2.39147e+06,-5.07514e+10,-1.4115e+11
1.10175e+07,602291,2.39241e+06,-5.05305e+10,-1.41229e+11
1.10215e+07,601628,2.39335e+06,-5.03095e+10,-1.41308e+11
1.10254e+07,600964,2.39429e+06,-5.00884e+10,-1.41387e+11
1.10294e+07,600299,2.39523e+06,-4.98672e+10,-1.41465e+11
1.10333e+07,599634,2.39617e+06,-4.96459e+10,-1.41543e+11
1.10373e+07,598969,2.39711e+06,-4.94244e+10,-1.4162e+11
1.10412e+07,598304,2.39804e+06,-4.92028e+10,-1.41697e+11
1.10452e+07,597638,2.39898e+06,-4.89811e+10,-1.41774e+11
1.10491e+07,596972,2.39991e+06,-4.87593e+10,-1.41851e+11
1.1053e+07,596305,2.40085e+06,-4.85374e+10,-1.41927e+11
1.1057e+07,595638,2.40178e+06,-4.83153e+10,-1.42003e+11
1.10609e+07,594971,2.40271e+06,-4.80931e+10,-1.42078e+11
1.10649e+07,594303,2.40364e+06,-4.78708e+10,-1.42153e+11
1.10688e+07,593635,2.40457e+06,-4.76484e+10,-1.42228e+11
1.10728e+07,592967,2.4055e+06,-4.74259e+10,-1.42302e+11
1.10767e+07,592298,2.40643e+06,-4.72032e+10,-1.42376e+11
1.10807e+07,591629,2.40735e+06,-4.69804e+10,-1.4245e+11
1.10846e+07,590959,2.40828e+06,-4.67576e+10,-1.42523e+11
1.10886e+07,590290,2.4092e+06,-4.65346e+10,-1.42596e+11
1.10925e+07,589620,2.41012e+06,-4.63115e+10,-1.42669e+11
1.10964e+07,588949,2.41104e+06,-4.60882e+10,-1.42741e+11
1.11004e+07,588278,2.41197e+06,-4.58649e+10,-1.42813e+11
1.11043e+07,587607,2.41288e+06,-4.56415e+10,-1.42884e+11
1.11083e+07,586936,2.4138e+06,-4.54179e+10,-1.42956e+11
1.11122e+07,586264,2.41472e+06,-4.51942e+10,-1.43026e+11
1.11162e+07,585592,2.41564e+06,-4.49705e+10,-1.43097e+11
1.11201e+07,584919,2.41655e+06,-4.47466e+10,-1.43167e+11
1.11241e+07,584247,2.41747e+06,-4.45226e+10,-1.43237e+11
1.1128e+07,583574,2.41838e+06,-4.42985e+10,-1.43306e+11
1.11319e+07,582900,2.41929e+06,-4.40742e+10,-1.43376e+11
1.11359e+07,582226,2.4202e+06,-4.38499e+10,-1.43444e+11
1.11398e+07,581552,2.42111e+06,-4.36255e+10,-1.43513e+11
1.11438e+07,580878,2.42202e+06,-4.3401e+10,-1.43581e+11
1.11477e+07,580203,2.42293e+06,-4.31763e+10,-1.43648e+11
1.11517e+07,579528,2.42384e+06,-4.29516e+10,-1.43716e+11
1.11556e+07,578853,2.42474e+06,-4.27267e+10,-1.43783e+11
1.11596e+07,578177,2.42565e+06,-4.25017e+10,-1.4385e+11
1.11635e+07,577501,2.42655e+06,-4.22767e+10,-1.43916e+11
1.11674e+07,576825,2.42746e+06,-4.20515e+10,-1.43982e+11
1.11714e+07,576148,2.42836e+06,-4.18262e+10,-1.44047e+11
1.11753e+07,575471,2.42926e+06,-4.16009e+10,-1.44113e+11
1.11793e+07,574794,2.43016e+06,-4.13754e+10,-1.44178e+11
1.11832e+07,574117,2.43106e+06,-4.11498e+10,-1.44242e+11
1.11872e+07,573439,2.43195e+06,-4.09242e+10,-1.44306e+11
1.11911e+07,572761,2.43285e+06,-4.06984e+10,-1.4437e+11
1.11951e+07,572082,2.43375e+06,-4.04725e+10,-1.44434e+11
1.1199e+07,571404,2.43464e+06,-4.02465e+10,-1.44497e+11
1.12029e+07,570725,2.43553e+06,-4.00205e+10,-1.44559e+11
1.12069e+07,570045,2.43643e+06,-3.97943e+10,-1.44622e+11
1.12108e+07,569366,2.43732e+06,-3.9568e+10,-1.44684e+11
1.12148e+07,568686,2.43821e+06,-3.93416e+10,-1.44746e+11
1.12187e+07,568006,2.4391e+06,-3.91152e+10,-1.44807e+11
1.12227e+07,567325,2.43998e+06,-3.88886e+10,-1.44868e+11
1.12266e+07,566644,2.44087e+06,-3.8662e+10,-1.44929e+11
1.12306e+07,565963,2.44176e+06,-3.84352e+10,-1.44989e+11
1.12345e+07,565282,2.44264e+06,-3.82084e+10,-1.45049e+11
1.12385e+07,564600,2.44353e+06,-3.79815e+10,-1.45109e+11
1.12424e+07,563919,2.44441e+06,-3.77544e+10,-1.45168e+11
1.12463e+07,563236,2.44529e+06,-3.75273e+10,-1.45227e+11
1.12503e+07,562554,2.44617e+06,-3.73001e+10,-1.45285e+11
1.12542e+07,561871,2.44705e+06,-3.70728e+10,-1.45343e+11
1.12582e+07,561188,2.44793e+06,-3.68454e+10,-1.45401e+11
1.12621e+07,560505,2.4488e+06,-3.66179e+10,-1.45459e+11
1.12661e+07,559822,2.44968e+06,-3.63903e+10,-1.45516e+11
1.127e+07,559138,2.45056e+06,-3.61627e+10,-1.45572e+11
1.1274e+07,558454,2.45143e+06,-3.59349e+10,-1.45629e+11
1.12779e+07,557769,2.4523e+06,-3.57071e+10,-1.45685e+11
1.12818e+07,557085,2.45318e+06,-3.54792e+10,-1.45741e+11
1.12858e+07,556400,2.45405e+06,-3.52512e+10,-1.45796e+11
1.12897e+07,555715,2.45492e+06,-3.50231e+10,-1.45851e+11
1.12937e+07,555030,2.45578e+06,-3.47949e+10,-1.45905e+11
1.12976e+07,554344,2.45665e+06,-3.45666e+10,-1.4596e+11
1.13016e+07,553658,2.45752e+06,-3.43382e+10,-1.46014e+11
1.13055e+07,552972,2.45838e+06,-3.41098e+10,-1.46067e+11
1.13095e+07,552286,2.45925e+06,-3.38813e+10,-1.4612e+11
1.13134e+07,551599,2.46011e+06,-3.36527e+10,-1.46173e+11
1.13173e+07,550912,2.46097e+06,-3.3424e+10,-1.46226e+11
1.13213e+07,550225,2.46184e+06,-3.31952e+10,-1.46278e+11
1.13252e+07,549538,2.4627e+06,-3.29664e+10,-1.46329e+11
1.13292e+07,548850,2.46355e+06,-3.27374e+10,-1.46381e+11
1.13331e+07,548162,2.46441e+06,-3.25084e+10,-1.46432e+11
1.13371e+07,547474,2.46527e+06,-3.22793e+10,-1.46483e+11
1.1341e+07,546786,2.46613e+06,-3.20502e+10,-1.46533e+11
1.1345e+07,546097,2.46698e+06,-3.18209e+10,-1.46583e+11
1.13489e+07,545409,2.46783e+06,-3.15916e+10,-1.46632e+11
1.13528e+07,544720,2.46869e+06,-3.13622e+10,-1.46682e+11
1.13568e+07,544030,2.46954e+06,-3.11327e+10,-1.4673e+11
1.13607e+07,543341,2.47039e+06,-3.09032e+10,-1.46779e+11
1.13647e+07,542651,2.47124e+06,-3.06735e+10,-1.46827e+11
1.13686e+07,541961,2.47209e+06,-3.04438e+10,-1.46875e+11
1.13726e+07,541271,2.47293e+06,-3.0214e+10,-1.46922e+11
1.13765e+07,540581,2.47378e+06,-2.99842e+10,-1.46969e+11
1.13805e+07,539890,2.47462e+06,-2.97543e+10,-1.47016e+11
1.13844e+07,539199,2.47547e+06,-2.95243e+10,-1.47063e+11
1.13883e+07,538508,2.47631e+06,-2.92942e+10,-1.47109e+11
1.13923e+07,537817,2.47715e+06,-2.9064e+10,-1.47154e+11
1.13962e+07,537126,2.47799e+06,-2.88338e+10,-1.472e+11
1.14002e+07,536434,2.47883e+06,-2.86035e+10,-1.47244e+11
1.14041e+07,535742,2.47967e+06,-2.83732e+10,-1.47289e+11
1.14081e+07,535050,2.48051e+06,-2.81428e+10,-1.47333e+11
1.1412e+07,534358,2.48135e+06,-2.79123e+10,-1.47377e+11
1.1416e+07,533665,2.48218e+06,-2.76817e+10,-1.47421e+11
1.14199e+07,532973,2.48301e+06,-2.74511e+10,-1.47464e+11
1.14239e+07,532280,2.48385e+06,-2.72204e+10,-1.47506e+11
1.14278e+07,531587,2.48468e+06,-2.69896e+10,-1.47549e+11
1.14317e+07,530893,2.48551e+06,-2.67588e+10,-1.47591e+11
1.14357e+07,530200,2.48634e+06,-2.65279e+10,-1.47633e+11
1.14396e+07,529506,2.48717e+06,-2.62969e+10,-1.47674e+11
1.14436e+07,528812,2.488e+06,-2.60659e+10,-1.47715e+11
1.14475e+07,528118,2.48882e+06,-2.58348e+10,-1.47755e+11
1.14515e+07,527424,2.48965e+06,-2.56036e+10,-1.47796e+11
1.14554e+07,526729,2.49047e+06,-2.53724e+10,-1.47835e+11
1.14594e+07,526035,2.4913e+06,-2.51412e+10,-1.47875e+11
1.14633e+07,525340,2.49212e+06,-2.49098e+10,-1.47914e+11
1.14672e+07,524645,2.49294e+06,-2.46784e+10,-1.47953e+11
1.14712e+07,523950,2.49376e+06,-2.4447e+10,-1.47991e+11
1.14751e+07,523254,2.49458e+06,-2.42154e+10,-1.48029e+11
1.14791e+07,522559,2.4954e+06,-2.39839e+10,-1.48067e+11
1.1483e+07,521863,2.49621e+06,-2.37522e+10,-1.48104e+11
1.1487e+07,521167,2.49703e+06,-2.35205e+10,-1.48141e+11
1.14909e+07,520471,2.49784e+06,-2.32888e+10,-1.48178e+11
1.14949e+07,519775,2.49866e+06,-2.3057e+10,-1.48214e+11
1.14988e+07,519078,2.49947e+06,-2.28251e+10,-1.4825e+11
1.15027e+07,518382,2.50028e+06,-2.25932e+10,-1.48286e+11
1.15067e+07,517685,2.50109e+06,-2.23612e+10,-1.48321e+11
1.15106e+07,516988,2.5019e+06,-2.21292e+10,-1.48356e+11
1.15146e+07,516291,2.50271e+06,-2.18971e+10,-1.4839e+11
1.15185e+07,515594,2.50352e+06,-2.16649e+10,-1.48424e+11
1.15225e+07,514897,2.50432e+06,-2.14327e+10,-1.48458e+11
1.15264e+07,514199,2.50513e+06,-2.12005e+10,-1.48491e+11
1.15304e+07,513501,2.50593e+06,-2.09682e+10,-1.48524e+11
1.15343e+07,512803,2.50673e+06,-2.07358e+10,-1.48557e+11
1.15382e+07,512105,2.50754e+06,-2.05034e+10,-1.48589e+11
1.15422e+07,511407,2.50834e+06,-2.0271e+10,-1.48621e+11
1.15461e+07,510709,2.50914e+06,-2.00385e+10,-1.48652e+11
1.15501e+07,510010,2.50993e+06,-1.98059e+10,-1.48684e+11
1.1554e+07,509312,2.51073e+06,-1.95733e+10,-1.48714e+11
1.1558e+07,508613,2.51153e+06,-1.93407e+10,-1.48745e+11
1.15619e+07,507914,2.51232e+06,-1.9108e+10,-1.48775e+11
1.15659e+07,507215,2.51312e+06,-1.88753e+10,-1.48805e+11
1.15698e+07,506516,2.51391e+06,-1.86425e+10,-1.48834e+11
1.15737e+07,505817,2.5147e+06,-1.84097e+10,-1.48863e+11
1.15777e+07,505117,2.51549e+06,-1.81768e+10,-1.48892e+11
1.15816e+07,504418,2.51628e+06,-1.79439e+10,-1.4892e+11
1.15856e+07,503718,2.51707e+06,-1.77109e+10,-1.48948e+11
1.15895e+07,503018,2.51786e+06,-1.74779e+10,-1.48975e+11
1.15935e+07,502318,2.51864e+06,-1.72448e+10,-1.49002e+11
1.15974e+07,501618,2.51943e+06,-1.70117e+10,-1.49029e+11
1.16014e+07,500918,2.52021e+06,-1.67786e+10,-1.49056e+11
1.16053e+07,500218,2.521e+06,-1.65454e+10,-1.49082e+11
1.16093e+07,499517,2.52178e+06,-1.63122e+10,-1.49107e+11
1.16132e+07,498817,2.52256e+06,-1.6079e+10,-1.49133e+11
1.16171e+07,498116,2.52334e+06,-1.58457e+10,-1.49158e+11
1.16211e+07,497415,2.52412e+06,-1.56123e+10,-1.49182e+11
1.1625e+07,496714,2.52489e+06,-1.5379e+10,-1.49206e+11
1.1629e+07,496013,2.52567e+06,-1.51456e+10,-1.4923e+11
1.16329e+07,495312,2.52645e+06,-1.49121e+10,-1.49254e+11
1.16369e+07,494611,2.52722e+06,-1.46786e+10,-1.49277e+11
1.16408e+07,493909,2.52799e+06,-1.44451e+10,-1.493e+11
1.16448e+07,493208,2.52876e+06,-1.42115e+10,-1.49322e+11
1.16487e+07,492506,2.52954e+06,-1.3978e+10,-1.49344e+11
1.16526e+07,491804,2.53031e+06,-1.37443e+10,-1.49366e+11
1.16566e+07,491103,2.53107e+06,-1.35107e+10,-1.49387e+11
1.16605e+07,490401,2.53184e+06,-1.3277e+10,-1.49408e+11
1.16645e+07,489699,2.53261e+06,-1.30433e+10,-1.49429e+11
1.16684e+07,488997,2.53337e+06,-1.28095e+10,-1.49449e+11
1.16724e+07,488295,2.53414e+06,-1.25757e+10,-1.49469e+11
1.16763e+07,487592,2.5349e+06,-1.23419e+10,-1.49488e+11
1.16803e+07,486890,2.53566e+06,-1.21081e+10,-1.49507e+11
1.16842e+07,486188,2.53642e+06,-1.18742e+10,-1.49526e+11
1.16881e+07,485485,2.53718e+06,-1.16403e+10,-1.49545e+11
1.16921e+07,484782,2.53794e+06,-1.14063e+10,-1.49563e+11
1.1696e+07,484080,2.5387e+06,-1.11724e+10,-1.4958e+11
1.17e+07,483377,2.53946e+06,-1.09384e+10,-1.49598e+11
1.17039e+07,482674,2.54021e+06,-1.07044e+10,-1.49615e+11
1.17079e+07,481971,2.54097e+06,-1.04703e+10,-1.49631e+11
1.17118e+07,481268,2.54172e+06,-1.02363e+10,-1.49647e+11
1.17158e+07,480565,2.54247e+06,-1.00022e+10,-1.49663e+11
1.17197e+07,479862,2.54322e+06,-9.76806e+09,-1.49679e+11
1.17236e+07,479159,2.54397e+06,-9.53392e+09,-1.49694e+11
1.17276e+07,478455,2.54472e+06,-9.29976e+09,-1.49708e+11
1.17315e+07,477752,2.54547e+06,-9.06557e+09,-1.49723e+11
1.17355e+07,477048,2.54622e+06,-8.83136e+09,-1.49737e+11
1.17394e+07,476345,2.54696e+06,-8.59713e+09,-1.4975e+11
1.17434e+07,475641,2.54771e+06,-8.36288e+09,-1.49764e+11
1.17473e+07,474938,2.54845e+06,-8.1286e+09,-1.49777e+11
1.17513e+07,474234,2.54919e+06,-7.89431e+09,-1.49789e+11
1.17552e+07,473530,2.54994e+06,-7.66e+09,-1.49801e+11
1.17592e+07,472826,2.55068e+06,-7.42567e+09,-1.49813e+11
1.17631e+07,472123,2.55141e+06,-7.19132e+09,-1.49824e+11
1.1767e+07,471419,2.55215e+06,-6.95695e+09,-1.49836e+11
1.1771e+07,470715,2.55289e+06,-6.72257e+09,-1.49846e+11
1.17749e+07,470011,2.55363e+06,-6.48817e+09,-1.49857e+11
1.17789e+07,469307,2.55436e+06,-6.25376e+09,-1.49867e+11
1.17828e+07,468602,2.55509e+06,-6.01933e+09,-1.49876e+11
1.17868e+07,467898,2.55583e+06,-5.78488e+09,-1.49885e+11
1.17907e+07,467194,2.55656e+06,-5.55042e+09,-1.49894e+11
1.17947e+07,466490,2.55729e+06,-5.31595e+09,-1.49903e+11
1.17986e+07,465786,2.55802e+06,-5.08146e+09,-1.49911e+11
1.18025e+07,465081,2.55874e+06,-4.84696e+09,-1.49919e+11
1.18065e+07,464377,2.55947e+06,-4.61245e+09,-1.49926e+11
1.18104e+07,463673,2.5602e+06,-4.37793e+09,-1.49933e+11
1.18144e+07,462968,2.56092e+06,-4.1434e+09,-1.4994e+11
1.18183e+07,462264,2.56165e+06,-3.90885e+09,-1.49946e+11
1.18223e+07,461559,2.56237e+06,-3.6743e+09,-1.49952e+11
1.18262e+07,460855,2.56309e+06,-3.43974e+09,-1.49958e+11
1.18302e+07,460150,2.56381e+06,-3.20517e+09,-1.49963e+11
1.18341e+07,459446,2.56453e+06,-2.97059e+09,-1.49968e+11
1.1838e+07,458741,2.56525e+06,-2.73601e+09,-1.49972e+11
1.1842e+07,458036,2.56596e+06,-2.50142e+09,-1.49976e+11
1.18459e+07,457332,2.56668e+06,-2.26682e+09,-1.4998e+11
1.18499e+07,456627,2.56739e+06,-2.03222e+09,-1.49983e+11
1.18538e+07,455923,2.56811e+06,-1.79761e+09,-1.49986e+11
1.18578e+07,455218,2.56882e+06,-1.56299e+09,-1.49989e+11
1.18617e+07,454513,2.56953e+06,-1.32838e+09,-1.49991e+11
1.18657e+07,453809,2.57024e+06,-1.09376e+09,-1.49993e+11
1.18696e+07,453104,2.57095e+06,-8.59136e+08,-1.49995e+11
1.18735e+07,452399,2.57166e+06,-6.24512e+08,-1.49996e+11
1.18775e+07,451695,2.57237e+06,-3.89886e+08,-1.49996e+11
1.18814e+07,450990,2.57307e+06,-1.55259e+08,-1.49997e+11
1.18854e+07,450285,2.57378e+06,7.93687e+07,-1.49997e+11
1.18893e+07,449580,2.57448e+06,3.13996e+08,-1.49997e+11
1.18933e+07,448876,2.57518e+06,5.48622e+08,-1.49996e+11
1.18972e+07,448171,2.57589e+06,7.83247e+08,-1.49995e+11
1.19012e+07,447466,2.57659e+06,1.01787e+09,-1.49994e+11
1.19051e+07,446762,2.57729e+06,1.25249e+09,-1.49992e+11
1.1909e+07,446057,2.57798e+06,1.48711e+09,-1.4999e+11
1.1913e+07,445352,2.57868e+06,1.72172e+09,-1.49987e+11
1.19169e+07,444648,2.57938e+06,1.95633e+09,-1.49984e+11
1.19209e+07,443943,2.58007e+06,2.19094e+09,-1.49981e+11
1.19248e+07,443238,2.58077e+06,2.42554e+09,-1.49977e+11
1.19288e+07,442534,2.58146e+06,2.66013e+09,-1.49973e+11
1.19327e+07,441829,2.58215e+06,2.89472e+09,-1.49969e+11
1.19367e+07,441125,2.58284e+06,3.1293e+09,-1.49964e+11
1.19406e+07,440420,2.58353e+06,3.36387e+09,-1.49959e+11
1.19446e+07,439716,2.58422e+06,3.59843e+09,-1.49954e+11
1.19485e+07,439011,2.58491e+06,3.83299e+09,-1.49948e+11
1.19524e+07,438307,2.58559e+06,4.06754e+09,-1.49942e+11
1.19564e+07,437602,2.58628e+06,4.30207e+09,-1.49935e+11
1.19603e+07,436898,2.58696e+06,4.5366e+09,-1.49928e+11
1.19643e+07,436194,2.58764e+06,4.77111e+09,-1.49921e+11
1.19682e+07,435489,2.58833e+06,5.00561e+09,-1.49913e+11
1.19722e+07,434785,2.58901e+06,5.2401e+09,-1.49905e+11
1.19761e+07,434081,2.58969e+06,5.47458e+09,-1.49897e+11
1.19801e+07,433376,2.59036e+06,5.70905e+09,-1.49888e+11
1.1984e+07,432672,2.59104e+06,5.9435e+09,-1.49879e+11
1.19879e+07,431968,2.59172e+06,6.17793e+09,-1.4987e+11
1.19919e+07,431264,2.59239e+06,6.41235e+09,-1.4986e+11
1.19958e+07,430560,2.59307e+06,6.64676e+09,-1.4985e+11
1.19998e+07,429856,2.59374e+06,6.88115e+09,-1.49839e+11
1.20037e+07,429152,2.59441e+06,7.11552e+09,-1.49828e+11
1.20077e+07,428448,2.59508e+06,7.34987e+09,-1.49817e+11
1.20116e+07,427744,2.59575e+06,7.58421e+09,-1.49805e+11
1.20156e+07,427041,2.59642e+06,7.81853e+09,-1.49793e+11
1.20195e+07,426337,2.59709e+06,8.05283e+09,-1.49781e+11
1.20234e+07,425633,2.59775e+06,8.28711e+09,-1.49768e+11
1.20274e+07,424930,2.59842e+06,8.52136e+09,-1.49755e+11
1.20313e+07,424226,2.59908e+06,8.7556e+09,-1.49741e+11
1.20353e+07,423523,2.59975e+06,8.98982e+09,-1.49727e+11
1.20392e+07,422819,2.60041e+06,9.22401e+09,-1.49713e+11
1.20432e+07,422116,2.60107e+06,9.45818e+09,-1.49699e+11
1.20471e+07,421413,2.60173e+06,9.69233e+09,-1.49684e+11
1.20511e+07,420709,2.60239e+06,9.92646e+09,-1.49668e+11
1.2055e+07,420006,2.60305e+06,1.01606e+10,-1.49652e+11
1.20589e+07,419303,2.6037e+06,1.03946e+10,-1.49636e+11
1.20629e+07,418600,2.60436e+06,1.06287e+10,-1.4962e+11
1.20668e+07,417897,2.60501e+06,1.08627e+10,-1.49603e+11
1.20708e+07,417195,2.60566e+06,1.10967e+10,-1.49586e+11
1.20747e+07,416492,2.60632e+06,1.13307e+10,-1.49568e+11
1.20787e+07,415789,2.60697e+06,1.15646e+10,-1.49551e+11
1.20826e+07,415087,2.60762e+06,1.17985e+10,-1.49532e+11
1.20866e+07,414384,2.60827e+06,1.20324e+10,-1.49514e+11
1.20905e+07,413682,2.60891e+06,1.22663e+10,-1.49495e+11
1.20945e+07,412980,2.60956e+06,1.25001e+10,-1.49475e+11
1.20984e+07,412277,2.61021e+06,1.27339e+10,-1.49456e+11
1.21023e+07,411575,2.61085e+06,1.29677e+10,-1.49435e+11
1.21063e+07,410873,2.61149e+06,1.32014e+10,-1.49415e+11
1.21102e+07,410171,2.61214e+06,1.34351e+10,-1.49394e+11
1.21142e+07,409469,2.61278e+06,1.36688e+10,-1.49373e+11
1.21181e+07,408768,2.61342e+06,1.39024e+10,-1.49351e+11
1.21221e+07,408066,2.61406e+06,1.4136e+10,-1.49329e+11
1.2126e+07,407365,2.61469e+06,1.43696e+10,-1.49307e+11
1.213e+07,406663,2.61533e+06,1.46031e+10,-1.49285e+11
1.21339e+07,405962,2.61597e+06,1.48366e+10,-1.49261e+11
1.21378e+07,405261,2.6166e+06,1.50701e+10,-1.49238e+11
1.21418e+07,404560,2.61723e+06,1.53035e+10,-1.49214e+11
1.21457e+07,403859,2.61787e+06,1.55369e+10,-1.4919e+11
1.21497e+07,403158,2.6185e+06,1.57702e+10,-1.49166e+11
1.21536e+07,402457,2.61913e+06,1.60035e+10,-1.49141e+11
1.21576e+07,401756,2.61976e+06,1.62368e+10,-1.49116e+11
1.21615e+07,401056,2.62038e+06,1.647e+10,-1.4909e+11
1.21655e+07,400356,2.62101e+06,1.67032e+10,-1.49064e+11
1.21694e+07,399655,2.62164e+06,1.69363e+10,-1.49038e+11
1.21733e+07,398955,2.62226e+06,1.71695e+10,-1.49011e+11
1.21773e+07,398255,2.62288e+06,1.74025e+10,-1.48984e+11
1.21812e+07,397555,2.62351e+06,1.76355e+10,-1.48957e+11
1.21852e+07,396856,2.62413e+06,1.78685e+10,-1.48929e+11
1.21891e+07,396156,2.62475e+06,1.81015e+10,-1.48901e+11
1.21931e+07,395456,2.62537e+06,1.83343e+10,-1.48872e+11
1.2197e+07,394757,2.62599e+06,1.85672e+10,-1.48843e+11
1.2201e+07,394058,2.6266e+06,1.88e+10,-1.48814e+11
1.22049e+07,393359,2.62722e+06,1.90327e+10,-1.48785e+11
1.22088e+07,392660,2.62783e+06,1.92655e+10,-1.48755e+11
1.22128e+07,391961,2.62845e+06,1.94981e+10,-1.48724e+11
1.22167e+07,391262,2.62906e+06,1.97307e+10,-1.48694e+11
1.22207e+07,390564,2.62967e+06,1.99633e+10,-1.48663e+11
1.22246e+07,389866,2.63028e+06,2.01958e+10,-1.48631e+11
1.22286e+07,389167,2.63089e+06,2.04283e+10,-1.48599e+11
1.22325e+07,388469,2.6315e+06,2.06607e+10,-1.48567e+11
1.22365e+07,387771,2.63211e+06,2.08931e+10,-1.48535e+11
1.22404e+07,387074,2.63271e+06,2.11254e+10,-1.48502e+11
1.22443e+07,386376,2.63332e+06,2.13576e+10,-1.48469e+11
1.22483e+07,385679,2.63392e+06,2.15898e+10,-1.48435e+11
1.22522e+07,384981,2.63452e+06,2.1822e+10,-1.48401e+11
1.22562e+07,384284,2.63512e+06,2.20541e+10,-1.48367e+11
1.22601e+07,383587,2.63572e+06,2.22862e+10,-1.48332e+11
1.22641e+07,382890,2.63632e+06,2.25182e+10,-1.48297e+11
1.2268e+07,382194,2.63692e+06,2.27501e+10,-1.48262e+11
1.2272e+07,381497,2.63752e+06,2.2982e+10,-1.48226e+11
1.22759e+07,380801,2.63812e+06,2.32138e+10,-1.4819e+11
1.22799e+07,380105,2.63871e+06,2.34456e+10,-1.48153e+11
1.22838e+07,379409,2.63931e+06,2.36773e+10,-1.48117e+11
1.22877e+07,378713,2.6399e+06,2.39089e+10,-1.48079e+11
1.22917e+07,378018,2.64049e+06,2.41405e+10,-1.48042e+11
1.22956e+07,377322,2.64108e+06,2.43721e+10,-1.48004e+11
1.22996e+07,376627,2.64167e+06,2.46036e+10,-1.47966e+11
1.23035e+07,375932,2.64226e+06,2.4835e+10,-1.47927e+11
1.23075e+07,375237,2.64285e+06,2.50663e+10,-1.47888e+11
1.23114e+07,374542,2.64343e+06,2.52976e+10,-1.47848e+11
1.23154e+07,373848,2.64402e+06,2.55289e+10,-1.47809e+11
1.23193e+07,373153,2.6446e+06,2.57601e+10,-1.47769e+11
1.23232e+07,372459,2.64519e+06,2.59912e+10,-1.47728e+11
1.23272e+07,371765,2.64577e+06,2.62222e+10,-1.47687e+11
1.23311e+07,371072,2.64635e+06,2.64532e+10,-1.47646e+11
1.23351e+07,370378,2.64693e+06,2.66841e+10,-1.47605e+11
1.2339e+07,369685,2.64751e+06,2.6915e+10,-1.47563e+11
1.2343e+07,368992,2.64809e+06,2.71457e+10,-1.4752e+11
1.23469e+07,368299,2.64866e+06,2.73765e+10,-1.47478e+11
1.23509e+07,367606,2.64924e+06,2.76071e+10,-1.47435e+11
1.23548e+07,366913,2.64981e+06,2.78377e+10,-1.47391e+11
1.23587e+07,366221,2.65039e+06,2.80682e+10,-1.47348e+11
1.23627e+07,365529,2.65096e+06,2.82987e+10,-1.47303e+11
1.23666e+07,364837,2.65153e+06,2.85291e+10,-1.47259e+11
1.23706e+07,364145,2.6521e+06,2.87594e+10,-1.47214e+11
1.23745e+07,363454,2.65267e+06,2.89896e+10,-1.47169e+11
1.23785e+07,362762,2.65324e+06,2.92198e+10,-1.47124e+11
1.23824e+07,362071,2.6538e+06,2.94499e+10,-1.47078e+11
1.23864e+07,361380,2.65437e+06,2.96799e+10,-1.47031e+11
1.23903e+07,360690,2.65493e+06,2.99098e+10,-1.46985e+11
1.23942e+07,359999,2.6555e+06,3.01397e+10,-1.46938e+11
1.23982e+07,359309,2.65606e+06,3.03695e+10,-1.46891e+11
1.24021e+07,358619,2.65662e+06,3.05993e+10,-1.46843e+11
1.24061e+07,357929,2.65718e+06,3.08289e+10,-1.46795e+11
1.241e+07,357240,2.65774e+06,3.10585e+10,-1.46746e+11
1.2414e+07,356550,2.6583e+06,3.1288e+10,-1.46698e+11
1.24179e+07,355861,2.65886e+06,3.15174e+10,-1.46649e+11
1.24219e+07,355172,2.65941e+06,3.17468e+10,-1.46599e+11
1.24258e+07,354484,2.65997e+06,3.19761e+10,-1.46549e+11
1.24297e+07,353795,2.66052e+06,3.22052e+10,-1.46499e+11
1.24337e+07,353107,2.66107e+06,3.24344e+10,-1.46448e+11
1.24376e+07,352419,2.66163e+06,3.26634e+10,-1.46398e+11
1.24416e+07,351732,2.66218e+06,3.28924e+10,-1.46346e+11
1.24455e+07,351044,2.66273e+06,3.31212e+10,-1.46295e+11
1.24495e+07,350357,2.66327e+06,3.335e+10,-1.46243e+11
1.24534e+07,349670,2.66382e+06,3.35787e+10,-1.4619e+11
1.24574e+07,348983,2.66437e+06,3.38074e+10,-1.46138e+11
1.24613e+07,348297,2.66491e+06,3.40359e+10,-1.46085e+11
1.24653e+07,347611,2.66546e+06,3.42644e+10,-1.46031e+11
1.24692e+07,346925,2.666e+06,3.44928e+10,-1.45977e+11
1.24731e+07,346239,2.66654e+06,3.47211e+10,-1.45923e+11
1.24771e+07,345554,2.66708e+06,3.49493e+10,-1.45869e+11
1.2481e+07,344869,2.66762e+06,3.51774e+10,-1.45814e+11
1.2485e+07,344184,2.66816e+06,3.54055e+10,-1.45759e+11
1.24889e+07,343499,2.6687e+06,3.56334e+10,-1.45703e+11
1.24929e+07,342815,2.66924e+06,3.58613e+10,-1.45647e+11
1.24968e+07,342130,2.66977e+06,3.60891e+10,-1.45591e+11
1.25008e+07,341447,2.67031e+06,3.63167e+10,-1.45534e+11
1.25047e+07,340763,2.67084e+06,3.65443e+10,-1.45477e+11
1.25086e+07,340080,2.67137e+06,3.67719e+10,-1.4542e+11
1.25126e+07,339397,2.67191e+06,3.69993e+10,-1.45362e+11
1.25165e+07,338714,2.67244e+06,3.72266e+10,-1.45304e+11
1.25205e+07,338031,2.67297e+06,3.74539e+10,-1.45246e+11
1.25244e+07,337349,2.67349e+06,3.7681e+10,-1.45187e+11
1.25284e+07,336667,2.67402e+06,3.79081e+10,-1.45128e+11
1.25323e+07,335985,2.67455e+06,3.8135e+10,-1.45069e+11
1.25363e+07,335304,2.67507e+06,3.83619e+10,-1.45009e+11
1.25402e+07,334623,2.6756e+06,3.85887e+10,-1.44948e+11
1.25441e+07,333942,2.67612e+06,3.88154e+10,-1.44888e+11
1.25481e+07,333261,2.67664e+06,3.90419e+10,-1.44827e+11
1.2552e+07,332581,2.67716e+06,3.92684e+10,-1.44766e+11
1.2556e+07,331901,2.67768e+06,3.94948e+10,-1.44704e+11
1.25599e+07,331221,2.6782e+06,3.97211e+10,-1.44642e+11
1.25639e+07,330542,2.67872e+06,3.99473e+10,-1.4458e+11
1.25678e+07,329863,2.67923e+06,4.01734e+10,-1.44517e+11
1.25718e+07,329184,2.67975e+06,4.03995e+10,-1.44454e+11
1.25757e+07,328506,2.68026e+06,4.06254e+10,-1.44391e+11
1.25796e+07,327827,2.68078e+06,4.08512e+10,-1.44327e+11
1.25836e+07,327150,2.68129e+06,4.10769e+10,-1.44263e+11
1.25875e+07,326472,2.6818e+06,4.13025e+10,-1.44199e+11
1.25915e+07,325795,2.68231e+06,4.1528e+10,-1.44134e+11
1.25954e+07,325118,2.68282e+06,4.17534e+10,-1.44069e+11
1.25994e+07,324441,2.68333e+06,4.19787e+10,-1.44003e+11
1.26033e+07,323765,2.68383e+06,4.22039e+10,-1.43937e+11
1.26073e+07,323088,2.68434e+06,4.2429e+10,-1.43871e+11
1.26112e+07,322413,2.68484e+06,4.2654e+10,-1.43805e+11
1.26152e+07,321737,2.68535e+06,4.28789e+10,-1.43738e+11
1.26191e+07,321062,2.68585e+06,4.31037e+10,-1.43671e+11
1.2623e+07,320387,2.68635e+06,4.33283e+10,-1.43603e+11
1.2627e+07,319713,2.68685e+06,4.35529e+10,-1.43535e+11
1.26309e+07,319039,2.68735e+06,4.37774e+10,-1.43467e+11
1.26349e+07,318365,2.68785e+06,4.40017e+10,-1.43398e+11
1.26388e+07,317691,2.68835e+06,4.4226e+10,-1.43329e+11
1.26428e+07,317018,2.68885e+06,4.44501e+10,-1.4326e+11
1.26467e+07,316345,2.68934e+06,4.46742e+10,-1.4319e+11
1.26507e+07,315673,2.68984e+06,4.48981e+10,-1.4312e+11
1.26546e+07,315000,2.69033e+06,4.51219e+10,-1.4305e+11
1.26585e+07,314328,2.69082e+06,4.53456e+10,-1.42979e+11
1.26625e+07,313657,2.69131e+06,4.55692e+10,-1.42908e+11
1.26664e+07,312986,2.6918e+06,4.57927e+10,-1.42836e+11
1.26704e+07,312315,2.69229e+06,4.60161e+10,-1.42764e+11
1.26743e+07,311644,2.69278e+06,4.62393e+10,-1.42692e+11
1.26783e+07,310974,2.69327e+06,4.64625e+10,-1.4262e+11
1.26822e+07,310304,2.69375e+06,4.66855e+10,-1.42547e+11
1.26862e+07,309635,2.69424e+06,4.69084e+10,-1.42474e+11
1.26901e+07,308965,2.69472e+06,4.71312e+10,-1.424e+11
1.2694e+07,308297,2.6952e+06,4.73539e+10,-1.42326e+11
1.2698e+07,307628,2.69569e+06,4.75765e+10,-1.42252e+11
1.27019e+07,306960,2.69617e+06,4.77989e+10,-1.42177e+11
1.27059e+07,306292,2.69665e+06,4.80213e+10,-1.42103e+11
1.27098e+07,305625,2.69712e+06,4.82435e+10,-1.42027e+11
1.27138e+07,304958,2.6976e+06,4.84656e+10,-1.41952e+11
1.27177e+07,304291,2.69808e+06,4.86876e+10,-1.41876e+11
1.27217e+07,303624,2.69855e+06,4.89094e+10,-1.41799e+11
1.27256e+07,302958,2.69903e+06,4.91312e+10,-1.41723e+11
1.27295e+07,302293,2.6995e+06,4.93528e+10,-1.41646e+11
1.27335e+07,301628,2.69997e+06,4.95743e+10,-1.41568e+11
1.27374e+07,300963,2.70044e+06,4.97957e+10,-1.41491e+11
1.27414e+07,300298,2.70091e+06,5.0017e+10,-1.41412e+11
1.27453e+07,299634,2.70138e+06,5.02381e+10,-1.41334e+11
1.27493e+07,298970,2.70185e+06,5.04591e+10,-1.41255e+11
1.27532e+07,298307,2.70232e+06,5.068e+10,-1.41176e+11
1.27572e+07,297644,2.70279e+06,5.09008e+10,-1.41097e+11
1.27611e+07,296981,2.70325e+06,5.11214e+10,-1.41017e+11
1.2765e+07,296319,2.70371e+06,5.13419e+10,-1.40937e+11
1.2769e+07,295657,2.70418e+06,5.15623e+10,-1.40856e+11
1.27729e+07,294995,2.70464e+06,5.17826e+10,-1.40776e+11
1.27769e+07,294334,2.7051e+06,5.20027e+10,-1.40694e+11
1.27808e+07,293673,2.70556e+06,5.22227e+10,-1.40613e+11
1.27848e+07,293013,2.70602e+06,5.24426e+10,-1.40531e+11
1.27887e+07,292353,2.70648e+06,5.26624e+10,-1.40449e+11
1.27927e+07,291693,2.70693e+06,5.2882e+10,-1.40366e+11
1.27966e+07,291034,2.70739e+06,5.31015e+10,-1.40283e+11
1.28006e+07,290375,2.70784e+06,5.33209e+10,-1.402e+11
1.28045e+07,289716,2.7083e+06,5.35401e+10,-1.40117e+11
1.28084e+07,289058,2.70875e+06,5.37592e+10,-1.40033e+11
1.28124e+07,288401,2.7092e+06,5.39782e+10,-1.39948e+11
1.28163e+07,287743,2.70965e+06,5.4197e+10,-1.39864e+11
1.28203e+07,287086,2.7101e+06,5.44158e+10,-1.39779e+11
1.28242e+07,286430,2.71055e+06,5.46343e+10,-1.39694e+11
1.28282e+07,285774,2.711e+06,5.48528e+10,-1.39608e+11
1.28321e+07,285118,2.71144e+06,5.50711e+10,-1.39522e+11
1.28361e+07,284463,2.71189e+06,5.52893e+10,-1.39436e+11
1.284e+07,283808,2.71233e+06,5.55073e+10,-1.39349e+11
1.28439e+07,283153,2.71278e+06,5.57252e+10,-1.39262e+11
1.28479e+07,282499,2.71322e+06,5.5943e+10,-1.39175e+11
1.28518e+07,281846,2.71366e+06,5.61606e+10,-1.39087e+11
1.28558e+07,281192,2.7141e+06,5.63781e+10,-1.38999e+11
1.28597e+07,280540,2.71454e+06,5.65954e+10,-1.38911e+11
1.28637e+07,279887,2.71498e+06,5.68127e+10,-1.38822e+11
1.28676e+07,279235,2.71542e+06,5.70297e+10,-1.38733e+11
1.28716e+07,278584,2.71585e+06,5.72467e+10,-1.38643e+11
1.28755e+07,277933,2.71629e+06,5.74635e+10,-1.38554e+11
1.28794e+07,277282,2.71672e+06,5.76801e+10,-1.38464e+11
1.28834e+07,276631,2.71716e+06,5.78967e+10,-1.38373e+11
1.28873e+07,275982,2.71759e+06,5.8113e+10,-1.38283e+11
1.28913e+07,275332,2.71802e+06,5.83293e+10,-1.38192e+11
1.28952e+07,274683,2.71845e+06,5.85454e+10,-1.381e+11
1.28992e+07,274035,2.71888e+06,5.87613e+10,-1.38008e+11
1.29031e+07,273386,2.71931e+06,5.89771e+10,-1.37916e+11
1.29071e+07,272739,2.71973e+06,5.91928e+10,-1.37824e+11
1.2911e+07,272091,2.72016e+06,5.94083e+10,-1.37731e+11
1.29149e+07,271444,2.72059e+06,5.96236e+10,-1.37638e+11
1.29189e+07,270798,2.72101e+06,5.98389e+10,-1.37545e+11
1.29228e+07,270152,2.72143e+06,6.00539e+10,-1.37451e+11
1.29268e+07,269507,2.72185e+06,6.02689e+10,-1.37357e+11
1.29307e+07,268861,2.72228e+06,6.04837e+10,-1.37262e+11
1.29347e+07,268217,2.7227e+06,6.06983e+10,-1.37168e+11
1.29386e+07,267573,2.72311e+06,6.09128e+10,-1.37072e+11
1.29426e+07,266929,2.72353e+06,6.11271e+10,-1.36977e+11
1.29465e+07,266286,2.72395e+06,6.13413e+10,-1.36881e+11
1.29505e+07,265643,2.72437e+06,6.15553e+10,-1.36785e+11
1.29544e+07,265000,2.72478e+06,6.17692e+10,-1.36689e+11
1.29583e+07,264358,2.72519e+06,6.1983e+10,-1.36592e+11
1.29623e+07,263717,2.72561e+06,6.21965e+10,-1.36495e+11
1.29662e+07,263076,2.72602e+06,6.241e+10,-1.36397e+11
1.29702e+07,262435,2.72643e+06,6.26232e+10,-1.36299e+11
1.29741e+07,261795,2.72684e+06,6.28364e+10,-1.36201e+11
1.29781e+07,261155,2.72725e+06,6.30493e+10,-1.36103e+11
1.2982e+07,260516,2.72766e+06,6.32622e+10,-1.36004e+11
1.2986e+07,259878,2.72806e+06,6.34748e+10,-1.35905e+11
1.29899e+07,259239,2.72847e+06,6.36873e+10,-1.35806e+11
1.29938e+07,258601,2.72888e+06,6.38997e+10,-1.35706e+11
1.29978e+07,257964,2.72928e+06,6.41119e+10,-1.35606e+11
1.30017e+07,257327,2.72968e+06,6.43239e+10,-1.35505e+11
1.30057e+07,256691,2.73008e+06,6.45358e+10,-1.35404e+11
1.30096e+07,256055,2.73049e+06,6.47475e+10,-1.35303e+11
1.30136e+07,255420,2.73089e+06,6.49591e+10,-1.35202e+11
1.30175e+07,254785,2.73128e+06,6.51705e+10,-1.351e+11
1.30215e+07,254150,2.73168e+06,6.53817e+10,-1.34998e+11
1.30254e+07,253516,2.73208e+06,6.55928e+10,-1.34896e+11
1.30293e+07,252883,2.73248e+06,6.58037e+10,-1.34793e+11
1.30333e+07,252250,2.73287e+06,6.60145e+10,-1.3469e+11
1.30372e+07,251617,2.73327e+06,6.62251e+10,-1.34586e+11
1.30412e+07,250985,2.73366e+06,6.64355e+10,-1.34483e+11
1.30451e+07,250353,2.73405e+06,6.66458e+10,-1.34378e+11
1.30491e+07,249722,2.73444e+06,6.68559e+10,-1.34274e+11
1.3053e+07,249092,2.73483e+06,6.70659e+10,-1.34169e+11
1.3057e+07,248462,2.73522e+06,6.72757e+10,-1.34064e+11
1.30609e+07,247832,2.73561e+06,6.74853e+10,-1.33959e+11
1.30648e+07,247203,2.736e+06,6.76948e+10,-1.33853e+11
1.30688e+07,246574,2.73638e+06,6.79041e+10,-1.33747e+11
1.30727e+07,245946,2.73677e+06,6.81132e+10,-1.33641e+11
1.30767e+07,245319,2.73715e+06,6.83221e+10,-1.33534e+11
1.30806e+07,244692,2.73753e+06,6.85309e+10,-1.33427e+11
1.30846e+07,244065,2.73792e+06,6.87396e+10,-1.3332e+11
1.30885e+07,243439,2.7383e+06,6.8948e+10,-1.33212e+11
1.30925e+07,242813,2.73868e+06,6.91563e+10,-1.33104e+11
1.30964e+07,242188,2.73906e+06,6.93644e+10,-1.32996e+11
1.31003e+07,241564,2.73944e+06,6.95724e+10,-1.32887e+11
1.31043e+07,240940,2.73981e+06,6.97801e+10,-1.32778e+11
1.31082e+07,240316,2.74019e+06,6.99878e+10,-1.32669e+11
1.31122e+07,239693,2.74057e+06,7.01952e+10,-1.32559e+11
1.31161e+07,239070,2.74094e+06,7.04025e+10,-1.32449e+11
1.31201e+07,238448,2.74131e+06,7.06096e+10,-1.32339e+11
1.3124e+07,237827,2.74169e+06,7.08165e+10,-1.32228e+11
1.3128e+07,237206,2.74206e+06,7.10232e+10,-1.32117e+11
1.31319e+07,236586,2.74243e+06,7.12298e+10,-1.32006e+11
1.31359e+07,235966,2.7428e+06,7.14362e+10,-1.31894e+11
1.31398e+07,235346,2.74317e+06,7.16424e+10,-1.31782e+11
1.31437e+07,234727,2.74353e+06,7.18485e+10,-1.3167e+11
1.31477e+07,234109,2.7439e+06,7.20543e+10,-1.31558e+11
1.31516e+07,233491,2.74427e+06,7.226e+10,-1.31445e+11
1.31556e+07,232874,2.74463e+06,7.24656e+10,-1.31332e+11
1.31595e+07,232257,2.74499e+06,7.26709e+10,-1.31218e+11
1.31635e+07,231641,2.74536e+06,7.28761e+10,-1.31104e+11
1.31674e+07,231025,2.74572e+06,7.3081e+10,-1.3099e+11
1.31714e+07,230410,2.74608e+06,7.32859e+10,-1.30876e+11
1.31753e+07,229796,2.74644e+06,7.34905e+10,-1.30761e+11
1.31792e+07,229182,2.7468e+06,7.36949e+10,-1.30646e+11
1.31832e+07,228568,2.74716e+06,7.38992e+10,-1.3053e+11
1.31871e+07,227955,2.74751e+06,7.41033e+10,-1.30415e+11
1.31911e+07,227343,2.74787e+06,7.43072e+10,-1.30298e+11
1.3195e+07,226731,2.74823e+06,7.45109e+10,-1.30182e+11
1.3199e+07,226119,2.74858e+06,7.47145e+10,-1.30065e+11
1.32029e+07,225509,2.74893e+06,7.49178e+10,-1.29948e+11
1.32069e+07,224898,2.74928e+06,7.5121e+10,-1.29831e+11
1.32108e+07,224289,2.74964e+06,7.5324e+10,-1.29713e+11
1.32147e+07,223680,2.74999e+06,7.55268e+10,-1.29595e+11
1.32187e+07,223071,2.75034e+06,7.57294e+10,-1.29477e+11
1.32226e+07,222463,2.75068e+06,7.59319e+10,-1.29358e+11
1.32266e+07,221855,2.75103e+06,7.61341e+10,-1.2924e+11
1.32305e+07,221249,2.75138e+06,7.63362e+10,-1.2912e+11
1.32345e+07,220642,2.75172e+06,7.6538e+10,-1.29001e+11
1.32384e+07,220036,2.75207e+06,7.67397e+10,-1.28881e+11
1.32424e+07,219431,2.75241e+06,7.69412e+10,-1.28761e+11
1.32463e+07,218827,2.75276e+06,7.71426e+10,-1.2864e+11
1.32502e+07,218223,2.7531e+06,7.73437e+10,-1.28519e+11
1.32542e+07,217619,2.75344e+06,7.75446e+10,-1.28398e+11
1.32581e+07,217016,2.75378e+06,7.77454e+10,-1.28277e+11
1.32621e+07,216414,2.75412e+06,7.79459e+10,-1.28155e+11
1.3266e+07,215812,2.75445e+06,7.81463e+10,-1.28033e+11
1.327e+07,215211,2.75479e+06,7.83465e+10,-1.27911e+11
1.32739e+07,214610,2.75513e+06,7.85465e+10,-1.27788e+11
1.32779e+07,214010,2.75546e+06,7.87462e+10,-1.27665e+11
1.32818e+07,213410,2.7558e+06,7.89458e+10,-1.27541e+11
1.32857e+07,212812,2.75613e+06,7.91453e+10,-1.27418e+11
1.32897e+07,212213,2.75646e+06,7.93445e+10,-1.27294e+11
1.32936e+07,211615,2.75679e+06,7.95435e+10,-1.2717e+11
1.32976e+07,211018,2.75713e+06,7.97423e+10,-1.27045e+11
1.33015e+07,210422,2.75745e+06,7.99409e+10,-1.2692e+11
1.33055e+07,209826,2.75778e+06,8.01394e+10,-1.26795e+11
1.33094e+07,209230,2.75811e+06,8.03376e+10,-1.26669e+11
1.33134e+07,208635,2.75844e+06,8.05356e+10,-1.26544e+11
1.33173e+07,208041,2.75876e+06,8.07335e+10,-1.26417e+11
1.33213e+07,207448,2.75909e+06,8.09311e+10,-1.26291e+11
1.33252e+07,206855,2.75941e+06,8.11286e+10,-1.26164e+11
1.33291e+07,206262,2.75974e+06,8.13258e+10,-1.26037e+11
1.33331e+07,205670,2.76006e+06,8.15229e+10,-1.2591e+11
1.3337e+07,205079,2.76038e+06,8.17197e+10,-1.25782e+11
1.3341e+07,204488,2.7607e+06,8.19164e+10,-1.25654e+11
1.33449e+07,203898,2.76102e+06,8.21128e+10,-1.25526e+11
1.33489e+07,203309,2.76134e+06,8.23091e+10,-1.25397e+11
1.33528e+07,202720,2.76166e+06,8.25051e+10,-1.25268e+11
1.33568e+07,202132,2.76197e+06,8.2701e+10,-1.25139e+11
1.33607e+07,201544,2.76229e+06,8.28966e+10,-1.2501e+11
1.33646e+07,200957,2.7626e+06,8.30921e+10,-1.2488e+11
1.33686e+07,200371,2.76292e+06,8.32873e+10,-1.2475e+11
1.33725e+07,199785,2.76323e+06,8.34823e+10,-1.24619e+11
1.33765e+07,199200,2.76354e+06,8.36772e+10,-1.24489e+11
1.33804e+07,198615,2.76385e+06,8.38718e+10,-1.24358e+11
1.33844e+07,198031,2.76416e+06,8.40662e+10,-1.24226e+11
1.33883e+07,197448,2.76447e+06,8.42604e+10,-1.24095e+11
1.33923e+07,196865,2.76478e+06,8.44544e+10,-1.23963e+11
1.33962e+07,196283,2.76509e+06,8.46482e+10,-1.2383e+11
1.34001e+07,195702,2.76539e+06,8.48418e+10,-1.23698e+11
1.34041e+07,195121,2.7657e+06,8.50352e+10,-1.23565e+11
1.3408e+07,194541,2.766e+06,8.52284e+10,-1.23432e+11
1.3412e+07,193961,2.76631e+06,8.54214e+10,-1.23298e+11
1.34159e+07,193382,2.76661e+06,8.56141e+10,-1.23165e+11
1.34199e+07,192804,2.76691e+06,8.58067e+10,-1.23031e+11
1.34238e+07,192226,2.76721e+06,8.5999e+10,-1.22896e+11
1.34278e+07,191649,2.76751e+06,8.61911e+10,-1.22761e+11
1.34317e+07,191073,2.76781e+06,8.63831e+10,-1.22627e+11
1.34356e+07,190497,2.76811e+06,8.65748e+10,-1.22491e+11
1.34396e+07,189922,2.76841e+06,8.67663e+10,-1.22356e+11
1.34435e+07,189347,2.76871e+06,8.69576e+10,-1.2222e+11
1.34475e+07,188773,2.769e+06,8.71486e+10,-1.22084e+11
1.34514e+07,188200,2.7693e+06,8.73395e+10,-1.21947e+11
1.34554e+07,187628,2.76959e+06,8.75301e+10,-1.2181e+11
1.34593e+07,187056,2.76988e+06,8.77206e+10,-1.21673e+11
1.34633e+07,186484,2.77018e+06,8.79108e+10,-1.21536e+11
1.34672e+07,185914,2.77047e+06,8.81008e+10,-1.21398e+11
1.34712e+07,185344,2.77076e+06,8.82906e+10,-1.2126e+11
1.34751e+07,184774,2.77105e+06,8.84801e+10,-1.21122e+11
1.3479e+07,184206,2.77134e+06,8.86695e+10,-1.20984e+11
1.3483e+07,183637,2.77162e+06,8.88586e+10,-1.20845e+11
1.34869e+07,183070,2.77191e+06,8.90475e+10,-1.20706e+11
1.34909e+07,182503,2.7722e+06,8.92363e+10,-1.20566e+11
1.34948e+07,181937,2.77248e+06,8.94247e+10,-1.20426e+11
1.34988e+07,181372,2.77277e+06,8.9613e+10,-1.20286e+11
1.35027e+07,180807,2.77305e+06,8.9801e+10,-1.20146e+11
1.35067e+07,180243,2.77333e+06,8.99889e+10,-1.20005e+11
1.35106e+07,179679,2.77361e+06,9.01765e+10,-1.19865e+11
1.35145e+07,179117,2.77389e+06,9.03639e+10,-1.19723e+11
1.35185e+07,178554,2.77417e+06,9.0551e+10,-1.19582e+11
1.35224e+07,177993,2.77445e+06,9.0738e+10,-1.1944e+11
1.35264e+07,177432,2.77473e+06,9.09247e+10,-1.19298e+11
1.35303e+07,176872,2.77501e+06,9.11112e+10,-1.19156e+11
1.35343e+07,176313,2.77528e+06,9.12975e+10,-1.19013e+11
1.35382e+07,175754,2.77556e+06,9.14835e+10,-1.1887e+11
1.35422e+07,175196,2.77583e+06,9.16693e+10,-1.18727e+11
1.35461e+07,174638,2.77611e+06,9.18549e+10,-1.18583e+11
1.355e+07,174081,2.77638e+06,9.20403e+10,-1.18439e+11
1.3554e+07,173525,2.77665e+06,9.22255e+10,-1.18295e+11
1.35579e+07,172970,2.77692e+06,9.24104e+10,-1.18151e+11
1.35619e+07,172415,2.77719e+06,9.25951e+10,-1.18006e+11
1.35658e+07,171861,2.77746e+06,9.27796e+10,-1.17861e+11
1.35698e+07,171308,2.77773e+06,9.29638e+10,-1.17716e+11
1.35737e+07,170755,2.778e+06,9.31478e+10,-1.1757e+11
1.35777e+07,170203,2.77826e+06,9.33316e+10,-1.17425e+11
1.35816e+07,169652,2.77853e+06,9.35152e+10,-1.17278e+11
1.35855e+07,169101,2.7788e+06,9.36985e+10,-1.17132e+11
1.35895e+07,168551,2.77906e+06,9.38816e+10,-1.16985e+11
1.35934e+07,168002,2.77932e+06,9.40645e+10,-1.16838e+11
1.35974e+07,167453,2.77958e+06,9.42472e+10,-1.16691e+11
1.36013e+07,166905,2.77985e+06,9.44296e+10,-1.16544e+11
1.36053e+07,166358,2.78011e+06,9.46118e+10,-1.16396e+11
1.36092e+07,165812,2.78037e+06,9.47937e+10,-1.16248e+11
1.36132e+07,165266,2.78063e+06,9.49754e+10,-1.16099e+11
1.36171e+07,164721,2.78088e+06,9.51569e+10,-1.1595e+11
1.3621e+07,164176,2.78114e+06,9.53382e+10,-1.15801e+11
1.3625e+07,163633,2.7814e+06,9.55192e+10,-1.15652e+11
1.36289e+07,163090,2.78165e+06,9.57e+10,-1.15503e+11
1.36329e+07,162547,2.78191e+06,9.58805e+10,-1.15353e+11
1.36368e+07,162006,2.78216e+06,9.60609e+10,-1.15203e+11
1.36408e+07,161465,2.78241e+06,9.62409e+10,-1.15052e+11
1.36447e+07,160925,2.78267e+06,9.64208e+10,-1.14902e+11
1.36487e+07,160385,2.78292e+06,9.66004e+10,-1.14751e+11
1.36526e+07,159846,2.78317e+06,9.67798e+10,-1.14599e+11
1.36566e+07,159308,2.78342e+06,9.69589e+10,-1.14448e+11
1.36605e+07,158771,2.78367e+06,9.71378e+10,-1.14296e+11
1.36644e+07,158234,2.78391e+06,9.73165e+10,-1.14144e+11
1.36684e+07,157698,2.78416e+06,9.74949e+10,-1.13992e+11
1.36723e+07,157163,2.78441e+06,9.76731e+10,-1.13839e+11
1.36763e+07,156629,2.78465e+06,9.78511e+10,-1.13686e+11
1.36802e+07,156095,2.7849e+06,9.80288e+10,-1.13533e+11
1.36842e+07,155562,2.78514e+06,9.82062e+10,-1.13379e+11
1.36881e+07,155030,2.78538e+06,9.83835e+10,-1.13226e+11
1.36921e+07,154498,2.78563e+06,9.85605e+10,-1.13072e+11
1.3696e+07,153967,2.78587e+06,9.87372e+10,-1.12917e+11
1.36999e+07,153437,2.78611e+06,9.89137e+10,-1.12763e+11
1.37039e+07,152908,2.78635e+06,9.909e+10,-1.12608e+11
1.37078e+07,152379,2.78659e+06,9.9266e+10,-1.12453e+11
1.37118e+07,151851,2.78682e+06,9.94418e+10,-1.12297e+11
1.37157e+07,151324,2.78706e+06,9.96173e+10,-1.12142e+11
1.37197e+07,150797,2.7873e+06,9.97926e+10,-1.11986e+11
1.37236e+07,150272,2.78753e+06,9.99677e+10,-1.11829e+11
1.37276e+07,149747,2.78777e+06,1.00142e+11,-1.11673e+11
1.37315e+07,149222,2.788e+06,1.00317e+11,-1.11516e+11
1.37354e+07,148699,2.78823e+06,1.00491e+11,-1.11359e+11
1.37394e+07,148176,2.78847e+06,1.00665e+11,-1.11202e+11
1.37433e+07,147654,2.7887e+06,1.00839e+11,-1.11044e+11
1.37473e+07,147133,2.78893e+06,1.01013e+11,-1.10886e+11
1.37512e+07,146612,2.78916e+06,1.01186e+11,-1.10728e+11
1.37552e+07,146092,2.78939e+06,1.01359e+11,-1.1057e+11
1.37591e+07,145573,2.78962e+06,1.01532e+11,-1.10411e+11
1.37631e+07,145055,2.78984e+06,1.01705e+11,-1.10252e+11
1.3767e+07,144537,2.79007e+06,1.01877e+11,-1.10093e+11
1.37709e+07,144020,2.7903e+06,1.02049e+11,-1.09933e+11
1.37749e+07,143504,2.79052e+06,1.02221e+11,-1.09774e+11
1.37788e+07,142989,2.79074e+06,1.02392e+11,-1.09614e+11
1.37828e+07,142474,2.79097e+06,1.02564e+11,-1.09453e+11
1.37867e+07,141960,2.79119e+06,1.02735e+11,-1.09293e+11
1.37907e+07,141447,2.79141e+06,1.02906e+11,-1.09132e+11
1.37946e+07,140935,2.79163e+06,1.03076e+11,-1.08971e+11
1.37986e+07,140423,2.79185e+06,1.03247e+11,-1.0881e+11
1.38025e+07,139912,2.79207e+06,1.03417e+11,-1.08648e+11
1.38064e+07,139402,2.79229e+06,1.03587e+11,-1.08486e+11
1.38104e+07,138893,2.79251e+06,1.03756e+11,-1.08324e+11
1.38143e+07,138385,2.79272e+06,1.03925e+11,-1.08161e+11
1.38183e+07,137877,2.79294e+06,1.04094e+11,-1.07999e+11
1.38222e+07,137370,2.79316e+06,1.04263e+11,-1.07836e+11
1.38262e+07,136864,2.79337e+06,1.04432e+11,-1.07673e+11
1.38301e+07,136358,2.79358e+06,1.046e+11,-1.07509e+11
1.38341e+07,135853,2.7938e+06,1.04768e+11,-1.07345e+11
1.3838e+07,135349,2.79401e+06,1.04936e+11,-1.07181e+11
1.3842e+07,134846,2.79422e+06,1.05103e+11,-1.07017e+11
1.38459e+07,134344,2.79443e+06,1.05271e+11,-1.06853e+11
1.38498e+07,133842,2.79464e+06,1.05438e+11,-1.06688e+11
1.38538e+07,133341,2.79485e+06,1.05605e+11,-1.06523e+11
1.38577e+07,132841,2.79506e+06,1.05771e+11,-1.06357e+11
1.38617e+07,132342,2.79527e+06,1.05937e+11,-1.06192e+11
1.38656e+07,131844,2.79547e+06,1.06103e+11,-1.06026e+11
1.38696e+07,131346,2.79568e+06,1.06269e+11,-1.0586e+11
1.38735e+07,130849,2.79588e+06,1.06434e+11,-1.05694e+11
1.38775e+07,130353,2.79609e+06,1.066e+11,-1.05527e+11
1.38814e+07,129857,2.79629e+06,1.06765e+11,-1.0536e+11
1.38853e+07,129363,2.79649e+06,1.06929e+11,-1.05193e+11
1.38893e+07,128869,2.7967e+06,1.07094e+11,-1.05026e+11
1.38932e+07,128376,2.7969e+06,1.07258e+11,-1.04858e+11
1.38972e+07,127884,2.7971e+06,1.07422e+11,-1.0469e+11
1.39011e+07,127392,2.7973e+06,1.07585e+11,-1.04522e+11
1.39051e+07,126901,2.7975e+06,1.07749e+11,-1.04353e+11
1.3909e+07,126412,2.79769e+06,1.07912e+11,-1.04185e+11
1.3913e+07,125923,2.79789e+06,1.08075e+11,-1.04016e+11
1.39169e+07,125434,2.79809e+06,1.08237e+11,-1.03847e+11
1.39208e+07,124947,2.79828e+06,1.08399e+11,-1.03677e+11
1.39248e+07,124460,2.79848e+06,1.08562e+11,-1.03508e+11
1.39287e+07,123974,2.79867e+06,1.08723e+11,-1.03338e+11
1.39327e+07,123489,2.79887e+06,1.08885e+11,-1.03167e+11
1.39366e+07,123005,2.79906e+06,1.09046e+11,-1.02997e+11
1.39406e+07,122521,2.79925e+06,1.09207e+11,-1.02826e+11
1.39445e+07,122039,2.79944e+06,1.09368e+11,-1.02655e+11
1.39485e+07,121557,2.79963e+06,1.09528e+11,-1.02484e+11
1.39524e+07,121076,2.79982e+06,1.09688e+11,-1.02313e+11
1.39563e+07,120595,2.80001e+06,1.09848e+11,-1.02141e+11
1.39603e+07,120116,2.8002e+06,1.10008e+11,-1.01969e+11
1.39642e+07,119637,2.80039e+06,1.10167e+11,-1.01797e+11
1.39682e+07,119159,2.80057e+06,1.10326e+11,-1.01624e+11
1.39721e+07,118682,2.80076e+06,1.10485e+11,-1.01452e+11
1.39761e+07,118206,2.80095e+06,1.10644e+11,-1.01279e+11
1.398e+07,117731,2.80113e+06,1.10802e+11,-1.01106e+11
1.3984e+07,117256,2.80131e+06,1.1096e+11,-1.00932e+11
1.39879e+07,116782,2.8015e+06,1.11118e+11,-1.00758e+11
1.39919e+07,116309,2.80168e+06,1.11275e+11,-1.00585e+11
1.39958e+07,115837,2.80186e+06,1.11432e+11,-1.0041e+11
1.39997e+07,115366,2.80204e+06,1.11589e+11,-1.00236e+11
1.40037e+07,114895,2.80222e+06,1.11746e+11,-1.00061e+11
1.40076e+07,114426,2.8024e+06,1.11902e+11,-9.98863e+10
1.40116e+07,113957,2.80258e+06,1.12059e+11,-9.97112e+10
1.40155e+07,113489,2.80276e+06,1.12214e+11,-9.95358e+10
1.40195e+07,113022,2.80293e+06,1.1237e+11,-9.93601e+10
1.40234e+07,112555,2.80311e+06,1.12525e+11,-9.91842e+10
1.40274e+07,112090,2.80329e+06,1.1268e+11,-9.90081e+10
1.40313e+07,111625,2.80346e+06,1.12835e+11,-9.88317e+10
1.40352e+07,111161,2.80364e+06,1.12989e+11,-9.86551e+10
1.40392e+07,110698,2.80381e+06,1.13144e+11,-9.84783e+10
1.40431e+07,110236,2.80398e+06,1.13298e+11,-9.83012e+10
1.40471e+07,109774,2.80415e+06,1.13451e+11,-9.81238e+10
1.4051e+07,109314,2.80433e+06,1.13604e+11,-9.79462e+10
1.4055e+07,108854,2.8045e+06,1.13758e+11,-9.77684e+10
1.40589e+07,108395,2.80467e+06,1.1391e+11,-9.75904e+10
1.40629e+07,107937,2.80484e+06,1.14063e+11,-9.74121e+10
1.40668e+07,107480,2.805e+06,1.14215e+11,-9.72335e+10
1.40707e+07,107023,2.80517e+06,1.14367e+11,-9.70548e+10
1.40747e+07,106568,2.80534e+06,1.14519e+11,-9.68758e+10
1.40786e+07,106113,2.8055e+06,1.1467e+11,-9.66965e+10
1.40826e+07,105659,2.80567e+06,1.14821e+11,-9.6517e+10
1.40865e+07,105206,2.80584e+06,1.14972e+11,-9.63373e+10
1.40905e+07,104754,2.806e+06,1.15123e+11,-9.61573e+10
1.40944e+07,104303,2.80616e+06,1.15273e+11,-9.59772e+10
1.40984e+07,103852,2.80633e+06,1.15423e+11,-9.57967e+10
1.41023e+07,103402,2.80649e+06,1.15573e+11,-9.56161e+10
1.41062e+07,102954,2.80665e+06,1.15722e+11,-9.54352e+10
1.41102e+07,102506,2.80681e+06,1.15871e+11,-9.52541e+10
1.41141e+07,102059,2.80697e+06,1.1602e+11,-9.50727e+10
1.41181e+07,101612,2.80713e+06,1.16169e+11,-9.48911e+10
1.4122e+07,101167,2.80729e+06,1.16317e+11,-9.47093e+10
1.4126e+07,100722,2.80745e+06,1.16465e+11,-9.45272e+10
1.41299e+07,100279,2.8076e+06,1.16613e+11,-9.43449e+10
1.41339e+07,99835.9,2.80776e+06,1.1676e+11,-9.41624e+10
1.41378e+07,99393.9,2.80792e+06,1.16907e+11,-9.39797e+10
1.41417e+07,98952.8,2.80807e+06,1.17054e+11,-9.37967e+10
1.41457e+07,98512.6,2.80822e+06,1.17201e+11,-9.36135e+10
1.41496e+07,98073.2,2.80838e+06,1.17347e+11,-9.343e+10
1.41536e+07,97634.7,2.80853e+06,1.17493e+11,-9.32464e+10
1.41575e+07,97197.1,2.80868e+06,1.17639e+11,-9.30625e+10
1.41615e+07,96760.3,2.80884e+06,1.17784e+11,-9.28784e+10
1.41654e+07,96324.3,2.80899e+06,1.17929e+11,-9.2694e+10
1.41694e+07,95889.3,2.80914e+06,1.18074e+11,-9.25094e+10
1.41733e+07,95455.1,2.80929e+06,1.18219e+11,-9.23246e+10
1.41773e+07,95021.8,2.80944e+06,1.18363e+11,-9.21396e+10
1.41812e+07,94589.3,2.80958e+06,1.18507e+11,-9.19543e+10
1.41851e+07,94157.7,2.80973e+06,1.18651e+11,-9.17689e+10
1.41891e+07,93727,2.80988e+06,1.18794e+11,-9.15832e+10
1.4193e+07,93297.2,2.81002e+06,1.18937e+11,-9.13972e+10
1.4197e+07,92868.2,2.81017e+06,1.1908e+11,-9.12111e+10
1.42009e+07,92440.2,2.81032e+06,1.19222e+11,-9.10247e+10
1.42049e+07,92012.9,2.81046e+06,1.19365e+11,-9.08381e+10
1.42088e+07,91586.6,2.8106e+06,1.19507e+11,-9.06513e+10
1.42128e+07,91161.2,2.81075e+06,1.19648e+11,-9.04643e+10
1.42167e+07,90736.6,2.81089e+06,1.1979e+11,-9.0277e+10
1.42206e+07,90312.9,2.81103e+06,1.19931e+11,-9.00895e+10
1.42246e+07,89890.1,2.81117e+06,1.20071e+11,-8.99018e+10
1.42285e+07,89468.1,2.81131e+06,1.20212e+11,-8.97139e+10
1.42325e+07,89047.1,2.81145e+06,1.20352e+11,-8.95257e+10
1.42364e+07,88626.9,2.81159e+06,1.20492e+11,-8.93374e+10
1.42404e+07,88207.7,2.81173e+06,1.20632e+11,-8.91488e+10
1.42443e+07,87789.3,2.81187e+06,1.20771e+11,-8.896e+10
1.42483e+07,87371.8,2.812e+06,1.2091e+11,-8.8771e+10
1.42522e+07,86955.1,2.81214e+06,1.21049e+11,-8.85817e+10
1.42561e+07,86539.4,2.81227e+06,1.21187e+11,-8.83923e+10
1.42601e+07,86124.6,2.81241e+06,1.21325e+11,-8.82026e+10
1.4264e+07,85710.6,2.81254e+06,1.21463e+11,-8.80127e+10
1.4268e+07,85297.6,2.81268e+06,1.21601e+11,-8.78226e+10
1.42719e+07,84885.4,2.81281e+06,1.21738e+11,-8.76323e+10
1.42759e+07,84474.2,2.81294e+06,1.21875e+11,-8.74418e+10
1.42798e+07,84063.8,2.81308e+06,1.22011e+11,-8.72511e+10
1.42838e+07,83654.3,2.81321e+06,1.22148e+11,-8.70601e+10
1.42877e+07,83245.8,2.81334e+06,1.22284e+11,-8.68689e+10
1.42916e+07,82838.1,2.81347e+06,1.22419e+11,-8.66776e+10
1.42956e+07,82431.3,2.8136e+06,1.22555e+11,-8.6486e+10
1.42995e+07,82025.4,2.81372e+06,1.2269e+11,-8.62942e+10
1.43035e+07,81620.5,2.81385e+06,1.22825e+11,-8.61022e+10
1.43074e+07,81216.4,2.81398e+06,1.22959e+11,-8.59099e+10
1.43114e+07,80813.2,2.81411e+06,1.23094e+11,-8.57175e+10
1.43153e+07,80411,2.81423e+06,1.23227e+11,-8.55248e+10
1.43193e+07,80009.6,2.81436e+06,1.23361e+11,-8.5332e+10
1.43232e+07,79609.1,2.81448e+06,1.23494e+11,-8.51389e+10
1.43272e+07,79209.6,2.81461e+06,1.23627e+11,-8.49457e+10
1.43311e+07,78811,2.81473e+06,1.2376e+11,-8.47522e+10
1.4335e+07,78413.2,2.81485e+06,1.23893e+11,-8.45585e+10
1.4339e+07,78016.4,2.81498e+06,1.24025e+11,-8.43646e+10
1.43429e+07,77620.5,2.8151e+06,1.24157e+11,-8.41705e+10
1.43469e+07,77225.5,2.81522e+06,1.24288e+11,-8.39762e+10
1.43508e+07,76831.5,2.81534e+06,1.24419e+11,-8.37817e+10
1.43548e+07,76438.3,2.81546e+06,1.2455e+11,-8.3587e+10
1.43587e+07,76046,2.81558e+06,1.24681e+11,-8.3392e+10
1.43627e+07,75654.7,2.8157e+06,1.24811e+11,-8.31969e+10
1.43666e+07,75264.3,2.81582e+06,1.24941e+11,-8.30016e+10
1.43705e+07,74874.8,2.81593e+06,1.25071e+11,-8.28061e+10
1.43745e+07,74486.2,2.81605e+06,1.252e+11,-8.26103e+10
1.43784e+07,74098.6,2.81617e+06,1.25329e+11,-8.24144e+10
1.43824e+07,73711.8,2.81628e+06,1.25458e+11,-8.22182e+10
1.43863e+07,73326,2.8164e+06,1.25586e+11,-8.20219e+10
1.43903e+07,72941.1,2.81651e+06,1.25715e+11,-8.18254e+10
1.43942e+07,72557.2,2.81662e+06,1.25842e+11,-8.16286e+10
1.43982e+07,72174.1,2.81674e+06,1.2597e+11,-8.14317e+10
1.44021e+07,71792,2.81685e+06,1.26097e+11,-8.12345e+10
1.4406e+07,71410.8,2.81696e+06,1.26224e+11,-8.10372e+10
1.441e+07,71030.6,2.81707e+06,1.26351e+11,-8.08397e+10
1.44139e+07,70651.2,2.81718e+06,1.26477e+11,-8.06419e+10
1.44179e+07,70272.8,2.81729e+06,1.26603e+11,-8.0444e+10
1.44218e+07,69895.3,2.8174e+06,1.26729e+11,-8.02459e+10
1.44258e+07,69518.8,2.81751e+06,1.26854e+11,-8.00475e+10
1.44297e+07,69143.2,2.81762e+06,1.26979e+11,-7.9849e+10
1.44337e+07,68768.5,2.81773e+06,1.27104e+11,-7.96503e+10
1.44376e+07,68394.8,2.81784e+06,1.27228e+11,-7.94514e+10
1.44415e+07,68022,2.81794e+06,1.27352e+11,-7.92523e+10
1.44455e+07,67650.1,2.81805e+06,1.27476e+11,-7.9053e+10
1.44494e+07,67279.1,2.81816e+06,1.276e+11,-7.88535e+10
1.44534e+07,66909.1,2.81826e+06,1.27723e+11,-7.86538e+10
1.44573e+07,66540.1,2.81836e+06,1.27846e+11,-7.84539e+10
1.44613e+07,66172,2.81847e+06,1.27968e+11,-7.82539e+10
1.44652e+07,65804.8,2.81857e+06,1.28091e+11,-7.80536e+10
1.44692e+07,65438.5,2.81867e+06,1.28212e+11,-7.78532e+10
1.44731e+07,65073.2,2.81878e+06,1.28334e+11,-7.76525e+10
1.4477e+07,64708.9,2.81888e+06,1.28455e+11,-7.74517e+10
1.4481e+07,64345.5,2.81898e+06,1.28576e+11,-7.72507e+10
1.44849e+07,63983,2.81908e+06,1.28697e+11,-7.70494e+10
1.44889e+07,63621.5,2.81918e+06,1.28817e+11,-7.6848e+10
1.44928e+07,63260.9,2.81928e+06,1.28938e+11,-7.66465e+10
1.44968e+07,62901.3,2.81938e+06,1.29057e+11,-7.64447e+10
1.45007e+07,62542.6,2.81947e+06,1.29177e+11,-7.62427e+10
1.45047e+07,62184.9,2.81957e+06,1.29296e+11,-7.60406e+10
1.45086e+07,61828.1,2.81967e+06,1.29415e+11,-7.58382e+10
1.45126e+07,61472.3,2.81977e+06,1.29533e+11,-7.56357e+10
1.45165e+07,61117.4,2.81986e+06,1.29651e+11,-7.5433e+10
1.45204e+07,60763.5,2.81996e+06,1.29769e+11,-7.52301e+10
1.45244e+07,60410.5,2.82005e+06,1.29887e+11,-7.5027e+10
1.45283e+07,60058.5,2.82015e+06,1.30004e+11,-7.48238e+10
1.45323e+07,59707.5,2.82024e+06,1.30121e+11,-7.46203e+10
1.45362e+07,59357.4,2.82033e+06,1.30237e+11,-7.44167e+10
1.45402e+07,59008.2,2.82043e+06,1.30353e+11,-7.42129e+10
1.45441e+07,58660,2.82052e+06,1.30469e+11,-7.40089e+10
1.45481e+07,58312.8,2.82061e+06,1.30585e+11,-7.38048e+10
1.4552e+07,57966.5,2.8207e+06,1.307e+11,-7.36004e+10
1.45559e+07,57621.2,2.82079e+06,1.30815e+11,-7.33959e+10
1.45599e+07,57276.9,2.82088e+06,1.3093e+11,-7.31912e+10
1.45638e+07,56933.5,2.82097e+06,1.31044e+11,-7.29863e+10
1.45678e+07,56591.1,2.82106e+06,1.31158e+11,-7.27812e+10
1.45717e+07,56249.6,2.82115e+06,1.31272e+11,-7.2576e+10
1.45757e+07,55909.1,2.82123e+06,1.31385e+11,-7.23706e+10
1.45796e+07,55569.6,2.82132e+06,1.31498e+11,-7.2165e+10
1.45836e+07,55231,2.82141e+06,1.31611e+11,-7.19592e+10
1.45875e+07,54893.4,2.82149e+06,1.31723e+11,-7.17532e+10
1.45914e+07,54556.8,2.82158e+06,1.31836e+11,-7.15471e+10
1.45954e+07,54221.1,2.82166e+06,1.31947e+11,-7.13408e+10
1.45993e+07,53886.5,2.82175e+06,1.32059e+11,-7.11343e+10
1.46033e+07,53552.7,2.82183e+06,1.3217e+11,-7.09277e+10
1.46072e+07,53220,2.82192e+06,1.32281e+11,-7.07208e+10
1.46112e+07,52888.2,2.822e+06,1.32391e+11,-7.05139e+10
1.46151e+07,52557.4,2.82208e+06,1.32501e+11,-7.03067e+10
1.46191e+07,52227.6,2.82216e+06,1.32611e+11,-7.00993e+10
1.4623e+07,51898.7,2.82225e+06,1.32721e+11,-6.98918e+10
1.46269e+07,51570.9,2.82233e+06,1.3283e+11,-6.96841e+10
1.46309e+07,51244,2.82241e+06,1.32939e+11,-6.94763e+10
1.46348e+07,50918,2.82249e+06,1.33047e+11,-6.92683e+10
1.46388e+07,50593.1,2.82257e+06,1.33155e+11,-6.90601e+10
1.46427e+07,50269.1,2.82265e+06,1.33263e+11,-6.88517e+10
1.46467e+07,49946.1,2.82272e+06,1.33371e+11,-6.86432e+10
1.46506e+07,49624.1,2.8228e+06,1.33478e+11,-6.84345e+10
1.46546e+07,49303.1,2.82288e+06,1.33585e+11,-6.82256e+10
1.46585e+07,48983,2.82296e+06,1.33691e+11,-6.80166e+10
1.46624e+07,48664,2.82303e+06,1.33798e+11,-6.78074e+10
1.46664e+07,48345.9,2.82311e+06,1.33903e+11,-6.7598e+10
1.46703e+07,48028.8,2.82318e+06,1.34009e+11,-6.73885e+10
1.46743e+07,47712.7,2.82326e+06,1.34114e+11,-6.71788e+10
1.46782e+07,47397.6,2.82333e+06,1.34219e+11,-6.69689e+10
1.46822e+07,47083.4,2.82341e+06,1.34324e+11,-6.67589e+10
1.46861e+07,46770.3,2.82348e+06,1.34428e+11,-6.65487e+10
1.46901e+07,46458.1,2.82355e+06,1.34532e+11,-6.63383e+10
1.4694e+07,46146.9,2.82363e+06,1.34636e+11,-6.61278e+10
1.4698e+07,45836.7,2.8237e+06,1.34739e+11,-6.59172e+10
1.47019e+07,45527.5,2.82377e+06,1.34842e+11,-6.57063e+10
1.47058e+07,45219.3,2.82384e+06,1.34944e+11,-6.54953e+10
1.47098e+07,44912.1,2.82391e+06,1.35047e+11,-6.52842e+10
1.47137e+07,44605.9,2.82398e+06,1.35149e+11,-6.50728e+10
1.47177e+07,44300.7,2.82405e+06,1.3525e+11,-6.48614e+10
1.47216e+07,43996.4,2.82412e+06,1.35352e+11,-6.46497e+10
1.47256e+07,43693.2,2.82419e+06,1.35453e+11,-6.44379e+10
1.47295e+07,43390.9,2.82426e+06,1.35553e+11,-6.4226e+10
1.47335e+07,43089.7,2.82432e+06,1.35653e+11,-6.40139e+10
1.47374e+07,42789.4,2.82439e+06,1.35753e+11,-6.38016e+10
1.47413e+07,42490.2,2.82446e+06,1.35853e+11,-6.35892e+10
1.47453e+07,42191.9,2.82452e+06,1.35952e+11,-6.33766e+10
1.47492e+07,41894.7,2.82459e+06,1.36051e+11,-6.31639e+10
1.47532e+07,41598.4,2.82465e+06,1.3615e+11,-6.2951e+10
1.47571e+07,41303.2,2.82472e+06,1.36248e+11,-6.2738e+10
1.47611e+07,41008.9,2.82478e+06,1.36346e+11,-6.25248e+10
1.4765e+07,40715.7,2.82485e+06,1.36444e+11,-6.23114e+10
1.4769e+07,40423.4,2.82491e+06,1.36541e+11,-6.20979e+10
1.47729e+07,40132.2,2.82497e+06,1.36638e+11,-6.18843e+10
1.47768e+07,39841.9,2.82504e+06,1.36735e+11,-6.16705e+10
1.47808e+07,39552.7,2.8251e+06,1.36831e+11,-6.14565e+10
1.47847e+07,39264.4,2.82516e+06,1.36927e+11,-6.12424e+10
1.47887e+07,38977.2,2.82522e+06,1.37023e+11,-6.10282e+10
1.47926e+07,38691,2.82528e+06,1.37118e+11,-6.08138e+10
1.47966e+07,38405.8,2.82534e+06,1.37213e+11,-6.05992e+10
1.48005e+07,38121.6,2.8254e+06,1.37308e+11,-6.03845e+10
1.48045e+07,37838.4,2.82546e+06,1.37402e+11,-6.01697e+10
1.48084e+07,37556.2,2.82552e+06,1.37496e+11,-5.99547e+10
1.48123e+07,37275,2.82558e+06,1.37589e+11,-5.97395e+10
1.48163e+07,36994.9,2.82564e+06,1.37683e+11,-5.95242e+10
1.48202e+07,36715.7,2.82569e+06,1.37776e+11,-5.93088e+10
1.48242e+07,36437.6,2.82575e+06,1.37868e+11,-5.90932e+10
1.48281e+07,36160.4,2.82581e+06,1.37961e+11,-5.88775e+10
1.48321e+07,35884.3,2.82587e+06,1.38052e+11,-5.86616e+10
1.4836e+07,35609.2,2.82592e+06,1.38144e+11,-5.84456e+10
1.484e+07,35335.1,2.82598e+06,1.38235e+11,-5.82295e+10
1.48439e+07,35062.1,2.82603e+06,1.38326e+11,-5.80132e+10
1.48479e+07,34790,2.82609e+06,1.38417e+11,-5.77967e+10
1.48518e+07,34519,2.82614e+06,1.38507e+11,-5.75801e+10
1.48557e+07,34249,2.82619e+06,1.38597e+11,-5.73634e+10
1.48597e+07,33980,2.82625e+06,1.38687e+11,-5.71466e+10
1.48636e+07,33712,2.8263e+06,1.38776e+11,-5.69296e+10
1.48676e+07,33445,2.82635e+06,1.38865e+11,-5.67124e+10
1.48715e+07,33179.1,2.82641e+06,1.38953e+11,-5.64951e+10
1.48755e+07,32914.2,2.82646e+06,1.39041e+11,-5.62777e+10
1.48794e+07,32650.3,2.82651e+06,1.39129e+11,-5.60602e+10
1.48834e+07,32387.4,2.82656e+06,1.39217e+11,-5.58425e+10
1.48873e+07,32125.6,2.82661e+06,1.39304e+11,-5.56247e+10
1.48912e+07,31864.7,2.82666e+06,1.39391e+11,-5.54067e+10
1.48952e+07,31604.9,2.82671e+06,1.39477e+11,-5.51886e+10
1.48991e+07,31346.2,2.82676e+06,1.39563e+11,-5.49704e+10
1.49031e+07,31088.4,2.82681e+06,1.39649e+11,-5.4752e+10
1.4907e+07,30831.7,2.82686e+06,1.39735e+11,-5.45335e+10
1.4911e+07,30576,2.8269e+06,1.3982e+11,-5.43148e+10
1.49149e+07,30321.3,2.82695e+06,1.39905e+11,-5.40961e+10
1.49189e+07,30067.7,2.827e+06,1.39989e+11,-5.38772e+10
1.49228e+07,29815.1,2.82705e+06,1.40073e+11,-5.36581e+10
1.49267e+07,29563.5,2.82709e+06,1.40157e+11,-5.3439e+10
1.49307e+07,29312.9,2.82714e+06,1.4024e+11,-5.32197e+10
1.49346e+07,29063.4,2.82718e+06,1.40323e+11,-5.30002e+10
1.49386e+07,28814.9,2.82723e+06,1.40406e+11,-5.27807e+10
1.49425e+07,28567.4,2.82727e+06,1.40489e+11,-5.2561e+10
1.49465e+07,28321,2.82732e+06,1.40571e+11,-5.23412e+10
1.49504e+07,28075.6,2.82736e+06,1.40652e+11,-5.21212e+10
1.49544e+07,27831.2,2.82741e+06,1.40734e+11,-5.19012e+10
1.49583e+07,27587.9,2.82745e+06,1.40815e+11,-5.1681e+10
1.49622e+07,27345.6,2.82749e+06,1.40895e+11,-5.14607e+10
1.49662e+07,27104.4,2.82753e+06,1.40976e+11,-5.12402e+10
1.49701e+07,26864.1,2.82758e+06,1.41056e+11,-5.10196e+10
1.49741e+07,26625,2.82762e+06,1.41135e+11,-5.07989e+10
1.4978e+07,26386.8,2.82766e+06,1.41215e+11,-5.05781e+10
1.4982e+07,26149.7,2.8277e+06,1.41294e+11,-5.03572e+10
1.49859e+07,25913.6,2.82774e+06,1.41372e+11,-5.01361e+10
1.49899e+07,25678.6,2.82778e+06,1.4145e+11,-4.99149e+10
1.49938e+07,25444.6,2.82782e+06,1.41528e+11,-4.96936e+10
1.49977e+07,25211.6,2.82786e+06,1.41606e+11,-4.94722e+10
1.50017e+07,24979.7,2.8279e+06,1.41683e+11,-4.92506e+10
1.50056e+07,24748.9,2.82794e+06,1.4176e+11,-4.90289e+10
1.50096e+07,24519,2.82798e+06,1.41836e+11,-4.88071e+10
1.50135e+07,24290.2,2.82802e+06,1.41913e+11,-4.85852e+10
1.50175e+07,24062.5,2.82805e+06,1.41988e+11,-4.83632e+10
1.50214e+07,23835.8,2.82809e+06,1.42064e+11,-4.8141e+10
1.50254e+07,23610.1,2.82813e+06,1.42139e+11,-4.79187e+10
1.50293e+07,23385.5,2.82817e+06,1.42214e+11,-4.76963e+10
1.50333e+07,23162,2.8282e+06,1.42288e+11,-4.74738e+10
1.50372e+07,22939.4,2.82824e+06,1.42362e+11,-4.72512e+10
1.50411e+07,22718,2.82827e+06,1.42436e+11,-4.70285e+10
1.50451e+07,22497.5,2.82831e+06,1.4251e+11,-4.68056e+10
1.5049e+07,22278.1,2.82834e+06,1.42583e+11,-4.65827e+10
1.5053e+07,22059.8,2.82838e+06,1.42655e+11,-4.63596e+10
1.50569e+07,21842.5,2.82841e+06,1.42728e+11,-4.61364e+10
1.50609e+07,21626.3,2.82845e+06,1.428e+11,-4.59131e+10
1.50648e+07,21411.1,2.82848e+06,1.42871e+11,-4.56896e+10
1.50688e+07,21197,2.82851e+06,1.42943e+11,-4.54661e+10
1.50727e+07,20983.9,2.82855e+06,1.43014e+11,-4.52425e+10
1.50766e+07,20771.8,2.82858e+06,1.43084e+11,-4.50187e+10
1.50806e+07,20560.8,2.82861e+06,1.43154e+11,-4.47949e+10
1.50845e+07,20350.9,2.82864e+06,1.43224e+11,-4.45709e+10
1.50885e+07,20142,2.82868e+06,1.43294e+11,-4.43468e+10
1.50924e+07,19934.2,2.82871e+06,1.43363e+11,-4.41226e+10
1.50964e+07,19727.4,2.82874e+06,1.43432e+11,-4.38983e+10
1.51003e+07,19521.7,2.82877e+06,1.435e+11,-4.36739e+10
1.51043e+07,19317,2.8288e+06,1.43568e+11,-4.34494e+10
1.51082e+07,19113.4,2.82883e+06,1.43636e+11,-4.32248e+10
1.51121e+07,18910.9,2.82886e+06,1.43704e+11,-4.3e+10
1.51161e+07,18709.4,2.82889e+06,1.43771e+11,-4.27752e+10
1.512e+07,18508.9,2.82892e+06,1.43838e+11,-4.25503e+10
1.5124e+07,18309.5,2.82895e+06,1.43904e+11,-4.23252e+10
1.51279e+07,18111.2,2.82898e+06,1.4397e+11,-4.21001e+10
1.51319e+07,17913.9,2.829e+06,1.44036e+11,-4.18748e+10
1.51358e+07,17717.7,2.82903e+06,1.44101e+11,-4.16495e+10
1.51398e+07,17522.6,2.82906e+06,1.44166e+11,-4.1424e+10
1.51437e+07,17328.5,2.82909e+06,1.44231e+11,-4.11985e+10
1.51476e+07,17135.5,2.82911e+06,1.44295e+11,-4.09728e+10
1.51516e+07,16943.5,2.82914e+06,1.44359e+11,-4.07471e+10
1.51555e+07,16752.6,2.82917e+06,1.44422e+11,-4.05212e+10
1.51595e+07,16562.7,2.82919e+06,1.44486e+11,-4.02953e+10
1.51634e+07,16373.9,2.82922e+06,1.44548e+11,-4.00692e+10
1.51674e+07,16186.2,2.82924e+06,1.44611e+11,-3.98431e+10
1.51713e+07,15999.5,2.82927e+06,1.44673e+11,-3.96168e+10
1.51753e+07,15813.9,2.82929e+06,1.44735e+11,-3.93905e+10
1.51792e+07,15629.4,2.82932e+06,1.44796e+11,-3.9164e+10
1.51832e+07,15445.9,2.82934e+06,1.44857e+11,-3.89375e+10
1.51871e+07,15263.5,2.82937e+06,1.44918e+11,-3.87109e+10
1.5191e+07,15082.2,2.82939e+06,1.44978e+11,-3.84842e+10
1.5195e+07,14901.9,2.82941e+06,1.45038e+11,-3.82573e+10
1.51989e+07,14722.7,2.82944e+06,1.45098e+11,-3.80304e+10
1.52029e+07,14544.5,2.82946e+06,1.45157e+11,-3.78034e+10
1.52068e+07,14367.4,2.82948e+06,1.45216e+11,-3.75763e+10
1.52108e+07,14191.4,2.8295e+06,1.45275e+11,-3.73491e+10
1.52147e+07,14016.5,2.82953e+06,1.45333e+11,-3.71218e+10
1.52187e+07,13842.6,2.82955e+06,1.45391e+11,-3.68945e+10
1.52226e+07,13669.8,2.82957e+06,1.45449e+11,-3.6667e+10
1.52265e+07,13498.1,2.82959e+06,1.45506e+11,-3.64394e+10
1.52305e+07,13327.4,2.82961e+06,1.45563e+11,-3.62118e+10
1.52344e+07,13157.8,2.82963e+06,1.45619e+11,-3.59841e+10
1.52384e+07,12989.2,2.82965e+06,1.45675e+11,-3.57563e+10
1.52423e+07,12821.8,2.82967e+06,1.45731e+11,-3.55284e+10
1.52463e+07,12655.4,2.82969e+06,1.45786e+11,-3.53004e+10
1.52502e+07,12490.1,2.82971e+06,1.45841e+11,-3.50723e+10
1.52542e+07,12325.8,2.82973e+06,1.45896e+11,-3.48441e+10
1.52581e+07,12162.7,2.82975e+06,1.4595e+11,-3.46159e+10
1.5262e+07,12000.6,2.82977e+06,1.46004e+11,-3.43875e+10
1.5266e+07,11839.5,2.82979e+06,1.46058e+11,-3.41591e+10
1.52699e+07,11679.6,2.82981e+06,1.46111e+11,-3.39306e+10
1.52739e+07,11520.7,2.82983e+06,1.46164e+11,-3.3702e+10
1.52778e+07,11362.9,2.82984e+06,1.46217e+11,-3.34733e+10
1.52818e+07,11206.1,2.82986e+06,1.46269e+11,-3.32446e+10
1.52857e+07,11050.5,2.82988e+06,1.46321e+11,-3.30158e+10
1.52897e+07,10895.9,2.8299e+06,1.46372e+11,-3.27869e+10
1.52936e+07,10742.4,2.82991e+06,1.46423e+11,-3.25579e+10
1.52975e+07,10590,2.82993e+06,1.46474e+11,-3.23288e+10
1.53015e+07,10438.6,2.82995e+06,1.46525e+11,-3.20996e+10
1.53054e+07,10288.3,2.82996e+06,1.46575e+11,-3.18704e+10
1.53094e+07,10139.1,2.82998e+06,1.46624e+11,-3.16411e+10
1.53133e+07,9991,2.82999e+06,1.46674e+11,-3.14117e+10
1.53173e+07,9843.95,2.83001e+06,1.46722e+11,-3.11823e+10
1.53212e+07,9697.98,2.83002e+06,1.46771e+11,-3.09527e+10
1.53252e+07,9553.09,2.83004e+06,1.46819e+11,-3.07231e+10
1.53291e+07,9409.28,2.83005e+06,1.46867e+11,-3.04934e+10
1.5333e+07,9266.55,2.83007e+06,1.46915e+11,-3.02636e+10
1.5337e+07,9124.9,2.83008e+06,1.46962e+11,-3.00338e+10
1.53409e+07,8984.32,2.8301e+06,1.47009e+11,-2.98039e+10
1.53449e+07,8844.83,2.83011e+06,1.47055e+11,-2.95739e+10
1.53488e+07,8706.42,2.83013e+06,1.47101e+11,-2.93439e+10
1.53528e+07,8569.09,2.83014e+06,1.47147e+11,-2.91137e+10
1.53567e+07,8432.84,2.83015e+06,1.47192e+11,-2.88835e+10
1.53607e+07,8297.67,2.83017e+06,1.47237e+11,-2.86533e+10
1.53646e+07,8163.59,2.83018e+06,1.47282e+11,-2.84229e+10
1.53686e+07,8030.59,2.83019e+06,1.47326e+11,-2.81925e+10
1.53725e+07,7898.67,2.8302e+06,1.4737e+11,-2.7962e+10
1.53764e+07,7767.83,2.83022e+06,1.47414e+11,-2.77315e+10
1.53804e+07,7638.07,2.83023e+06,1.47457e+11,-2.75009e+10
1.53843e+07,7509.4,2.83024e+06,1.475e+11,-2.72702e+10
1.53883e+07,7381.82,2.83025e+06,1.47542e+11,-2.70394e+10
1.53922e+07,7255.31,2.83026e+06,1.47584e+11,-2.68086e+10
1.53962e+07,7129.9,2.83027e+06,1.47626e+11,-2.65777e+10
1.54001e+07,7005.56,2.83028e+06,1.47668e+11,-2.63468e+10
1.54041e+07,6882.32,2.8303e+06,1.47709e+11,-2.61158e+10
1.5408e+07,6760.15,2.83031e+06,1.47749e+11,-2.58847e+10
1.54119e+07,6639.08,2.83032e+06,1.4779e+11,-2.56536e+10
1.54159e+07,6519.08,2.83033e+06,1.47829e+11,-2.54224e+10
1.54198e+07,6400.18,2.83034e+06,1.47869e+11,-2.51911e+10
1.54238e+07,6282.36,2.83035e+06,1.47908e+11,-2.49598e+10
1.54277e+07,6165.63,2.83036e+06,1.47947e+11,-2.47284e+10
1.54317e+07,6049.99,2.83037e+06,1.47986e+11,-2.44969e+10
1.54356e+07,5935.43,2.83038e+06,1.48024e+11,-2.42654e+10
1.54396e+07,5821.96,2.83038e+06,1.48062e+11,-2.40339e+10
1.54435e+07,5709.58,2.83039e+06,1.48099e+11,-2.38022e+10
1.54474e+07,5598.29,2.8304e+06,1.48136e+11,-2.35706e+10
1.54514e+07,5488.09,2.83041e+06,1.48173e+11,-2.33388e+10
1.54553e+07,5378.97,2.83042e+06,1.48209e+11,-2.3107e+10
1.54593e+07,5270.95,2.83043e+06,1.48245e+11,-2.28752e+10
1.54632e+07,5164.01,2.83044e+06,1.48281e+11,-2.26432e+10
1.54672e+07,5058.16,2.83044e+06,1.48316e+11,-2.24113e+10
1.54711e+07,4953.41,2.83045e+06,1.48351e+11,-2.21793e+10
1.54751e+07,4849.74,2.83046e+06,1.48385e+11,-2.19472e+10
1.5479e+07,4747.16,2.83047e+06,1.48419e+11,-2.17151e+10
1.54829e+07,4645.68,2.83047e+06,1.48453e+11,-2.14829e+10
1.54869e+07,4545.28,2.83048e+06,1.48487e+11,-2.12506e+10
1.54908e+07,4445.98,2.83049e+06,1.4852e+11,-2.10184e+10
1.54948e+07,4347.77,2.8305e+06,1.48552e+11,-2.0786e+10
1.54987e+07,4250.65,2.8305e+06,1.48585e+11,-2.05536e+10
1.55027e+07,4154.62,2.83051e+06,1.48617e+11,-2.03212e+10
1.55066e+07,4059.68,2.83052e+06,1.48648e+11,-2.00887e+10
1.55106e+07,3965.84,2.83052e+06,1.4868e+11,-1.98562e+10
1.55145e+07,3873.09,2.83053e+06,1.4871e+11,-1.96236e+10
1.55184e+07,3781.43,2.83053e+06,1.48741e+11,-1.93909e+10
1.55224e+07,3690.87,2.83054e+06,1.48771e+11,-1.91583e+10
1.55263e+07,3601.39,2.83055e+06,1.48801e+11,-1.89255e+10
1.55303e+07,3513.01,2.83055e+06,1.4883e+11,-1.86928e+10
1.55342e+07,3425.73,2.83056e+06,1.48859e+11,-1.84599e+10
1.55382e+07,3339.54,2.83056e+06,1.48888e+11,-1.82271e+10
1.55421e+07,3254.44,2.83057e+06,1.48916e+11,-1.79942e+10
1.55461e+07,3170.44,2.83057e+06,1.48944e+11,-1.77612e+10
1.555e+07,3087.53,2.83058e+06,1.48972e+11,-1.75282e+10
1.5554e+07,3005.72,2.83058e+06,1.48999e+11,-1.72952e+10
1.55579e+07,2925,2.83059e+06,1.49026e+11,-1.70621e+10
1.55618e+07,2845.37,2.83059e+06,1.49053e+11,-1.6829e+10
1.55658e+07,2766.85,2.8306e+06,1.49079e+11,-1.65958e+10
1.55697e+07,2689.41,2.8306e+06,1.49105e+11,-1.63626e+10
1.55737e+07,2613.08,2.8306e+06,1.4913e+11,-1.61293e+10
1.55776e+07,2537.84,2.83061e+06,1.49155e+11,-1.58961e+10
1.55816e+07,2463.69,2.83061e+06,1.4918e+11,-1.56627e+10
1.55855e+07,2390.64,2.83062e+06,1.49204e+11,-1.54294e+10
1.55895e+07,2318.69,2.83062e+06,1.49228e+11,-1.5196e+10
1.55934e+07,2247.83,2.83062e+06,1.49252e+11,-1.49625e+10
1.55973e+07,2178.07,2.83063e+06,1.49275e+11,-1.47291e+10
1.56013e+07,2109.41,2.83063e+06,1.49298e+11,-1.44955e+10
1.56052e+07,2041.85,2.83063e+06,1.4932e+11,-1.4262e+10
1.56092e+07,1975.38,2.83064e+06,1.49342e+11,-1.40284e+10
1.56131e+07,1910.01,2.83064e+06,1.49364e+11,-1.37948e+10
1.56171e+07,1845.74,2.83064e+06,1.49385e+11,-1.35612e+10
1.5621e+07,1782.56,2.83064e+06,1.49407e+11,-1.33275e+10
1.5625e+07,1720.49,2.83065e+06,1.49427e+11,-1.30938e+10
1.56289e+07,1659.51,2.83065e+06,1.49447e+11,-1.286e+10
1.56328e+07,1599.63,2.83065e+06,1.49467e+11,-1.26262e+10
1.56368e+07,1540.84,2.83066e+06,1.49487e+11,-1.23924e+10
1.56407e+07,1483.16,2.83066e+06,1.49506e+11,-1.21586e+10
1.56447e+07,1426.58,2.83066e+06,1.49525e+11,-1.19247e+10
1.56486e+07,1371.09,2.83066e+06,1.49544e+11,-1.16908e+10
1.56526e+07,1316.7,2.83066e+06,1.49562e+11,-1.14569e+10
1.56565e+07,1263.41,2.83067e+06,1.49579e+11,-1.12229e+10
1.56605e+07,1211.22,2.83067e+06,1.49597e+11,-1.09889e+10
1.56644e+07,1160.13,2.83067e+06,1.49614e+11,-1.07549e+10
1.56683e+07,1110.14,2.83067e+06,1.4963e+11,-1.05209e+10
1.56723e+07,1061.25,2.83067e+06,1.49647e+11,-1.02868e+10
1.56762e+07,1013.46,2.83067e+06,1.49663e+11,-1.00527e+10
1.56802e+07,966.771,2.83068e+06,1.49678e+11,-9.81864e+09
1.56841e+07,921.18,2.83068e+06,1.49693e+11,-9.5845e+09
1.56881e+07,876.689,2.83068e+06,1.49708e+11,-9.35034e+09
1.5692e+07,833.298,2.83068e+06,1.49723e+11,-9.11616e+09
1.5696e+07,791.007,2.83068e+06,1.49737e+11,-8.88195e+09
1.56999e+07,749.816,2.83068e+06,1.4975e+11,-8.64773e+09
1.57039e+07,709.726,2.83068e+06,1.49764e+11,-8.41348e+09
1.57078e+07,670.736,2.83069e+06,1.49777e+11,-8.17921e+09
1.57117e+07,632.847,2.83069e+06,1.49789e+11,-7.94492e+09
1.57157e+07,596.059,2.83069e+06,1.49802e+11,-7.71062e+09
1.57196e+07,560.372,2.83069e+06,1.49813e+11,-7.47629e+09
1.57236e+07,525.785,2.83069e+06,1.49825e+11,-7.24195e+09
1.57275e+07,492.3,2.83069e+06,1.49836e+11,-7.00758e+09
1.57315e+07,459.915,2.83069e+06,1.49847e+11,-6.7732e+09
1.57354e+07,428.632,2.83069e+06,1.49857e+11,-6.53881e+09
1.57394e+07,398.45,2.83069e+06,1.49867e+11,-6.3044e+09
1.57433e+07,369.369,2.83069e+06,1.49877e+11,-6.06997e+09
1.57472e+07,341.39,2.83069e+06,1.49886e+11,-5.83553e+09
1.57512e+07,314.512,2.83069e+06,1.49895e+11,-5.60107e+09
1.57551e+07,288.736,2.83069e+06,1.49904e+11,-5.3666e+09
1.57591e+07,264.061,2.83069e+06,1.49912e+11,-5.13212e+09
1.5763e+07,240.488,2.83069e+06,1.4992e+11,-4.89762e+09
1.5767e+07,218.016,2.8307e+06,1.49927e+11,-4.66311e+09
1.57709e+07,196.646,2.8307e+06,1.49935e+11,-4.42859e+09
1.57749e+07,176.379,2.8307e+06,1.49941e+11,-4.19406e+09
1.57788e+07,157.212,2.8307e+06,1.49948e+11,-3.95952e+09
1.57827e+07,139.148,2.8307e+06,1.49954e+11,-3.72497e+09
1.57867e+07,122.186,2.8307e+06,1.49959e+11,-3.49041e+09
1.57906e+07,106.326,2.8307e+06,1.49965e+11,-3.25584e+09
1.57946e+07,91.5674,2.8307e+06,1.4997e+11,-3.02127e+09
1.57985e+07,77.9112,2.8307e+06,1.49974e+11,-2.78669e+09
1.58025e+07,65.3571,2.8307e+06,1.49978e+11,-2.55209e+09
1.58064e+07,53.9051,2.8307e+06,1.49982e+11,-2.3175e+09
1.58104e+07,43.5553,2.8307e+06,1.49985e+11,-2.0829e+09
1.58143e+07,34.3076,2.8307e+06,1.49989e+11,-1.84829e+09
1.58182e+07,26.1621,2.8307e+06,1.49991e+11,-1.61368e+09
1.58222e+07,19.1189,2.8307e+06,1.49994e+11,-1.37906e+09
1.58261e+07,13.1779,2.8307e+06,1.49996e+11,-1.14444e+09
1.58301e+07,8.3391,2.8307e+06,1.49997e+11,-9.09821e+08
1.5834e+07,4.60259,2.8307e+06,1.49998e+11,-6.75197e+08
1.5838e+07,1.96835,2.8307e+06,1.49999e+11,-4.40571e+08
1.58419e+07,0.436379,2.8307e+06,1.5e+11,-2.05945e+08
1.58459e+07,0.00669102,2.8307e+06,1.5e+11,2.86827e+07
1.58498e+07,0.679284,2.8307e+06,1.5e+11,2.6331e+08
1.58537e+07,2.45416,2.8307e+06,1.49999e+11,4.97937e+08
1.58577e+07,5.3313,2.8307e+06,1.49998e+11,7.32562e+08
1.58616e+07,9.31072,2.8307e+06,1.49997e+11,9.67186e+08
1.58656e+07,14.3924,2.8307e+06,1.49995e+11,1.20181e+09
1.58695e+07,20.5763,2.8307e+06,1.49993e+11,1.43643e+09
1.58735e+07,27.8625,2.8307e+06,1.49991e+11,1.67104e+09
1.58774e+07,36.2508,2.8307e+06,1.49988e+11,1.90565e+09
1.58814e+07,45.7414,2.8307e+06,1.49985e+11,2.14026e+09
1.58853e+07,56.3341,2.8307e+06,1.49981e+11,2.37486e+09
1.58893e+07,68.029,2.8307e+06,1.49977e+11,2.60945e+09
1.58932e+07,80.8259,2.8307e+06,1.49973e+11,2.84404e+09
1.58971e+07,94.725,2.8307e+06,1.49968e+11,3.07862e+09
1.59011e+07,109.726,2.8307e+06,1.49963e+11,3.3132e+09
1.5905e+07,125.829,2.8307e+06,1.49958e+11,3.54776e+09
1.5909e+07,143.034,2.8307e+06,1.49952e+11,3.78232e+09
1.59129e+07,161.341,2.8307e+06,1.49946e+11,4.01687e+09
1.59169e+07,180.75,2.8307e+06,1.4994e+11,4.25141e+09
1.59208e+07,201.261,2.8307e+06,1.49933e+11,4.48594e+09
1.59248e+07,222.874,2.8307e+06,1.49926e+11,4.72045e+09
1.59287e+07,245.588,2.8307e+06,1.49918e+11,4.95496e+09
1.59326e+07,269.404,2.8307e+06,1.4991e+11,5.18945e+09
1.59366e+07,294.321,2.8307e+06,1.49902e+11,5.42393e+09
1.59405e+07,320.34,2.8307e+06,1.49893e+11,5.6584e+09
1.59445e+07,347.461,2.8307e+06,1.49884e+11,5.89285e+09
1.59484e+07,375.683,2.8307e+06,1.49875e+11,6.12729e+09
1.59524e+07,405.007,2.8307e+06,1.49865e+11,6.36172e+09
1.59563e+07,435.431,2.8307e+06,1.49855e+11,6.59612e+09
1.59603e+07,466.957,2.8307e+06,1.49845e+11,6.83052e+09
1.59642e+07,499.584,2.83071e+06,1.49834e+11,7.06489e+09
1.59681e+07,533.312,2.83071e+06,1.49822e+11,7.29925e+09
1.59721e+07,568.142,2.83071e+06,1.49811e+11,7.53359e+09
1.5976e+07,604.072,2.83071e+06,1.49799e+11,7.76791e+09
1.598e+07,641.102,2.83071e+06,1.49787e+11,8.00222e+09
1.59839e+07,679.234,2.83071e+06,1.49774e+11,8.2365e+09
1.59879e+07,718.466,2.83071e+06,1.49761e+11,8.47076e+09
1.59918e+07,758.799,2.83071e+06,1.49747e+11,8.70501e+09
1.59958e+07,800.232,2.83071e+06,1.49734e+11,8.93923e+09
1.59997e+07,842.765,2.83071e+06,1.49719e+11,9.17343e+09
1.60036e+07,886.399,2.83072e+06,1.49705e+11,9.4076e+09
1.60076e+07,931.132,2.83072e+06,1.4969e+11,9.64176e+09
1.60115e+07,976.966,2.83072e+06,1.49675e+11,9.87589e+09
1.60155e+07,1023.9,2.83072e+06,1.49659e+11,1.011e+10
1.60194e+07,1071.93,2.83072e+06,1.49643e+11,1.03441e+10
1.60234e+07,1121.07,2.83072e+06,1.49627e+11,1.05781e+10
1.60273e+07,1171.3,2.83073e+06,1.4961e+11,1.08122e+10
1.60313e+07,1222.63,2.83073e+06,1.49593e+11,1.10462e+10
1.60352e+07,1275.06,2.83073e+06,1.49575e+11,1.12801e+10
1.60392e+07,1328.59,2.83073e+06,1.49558e+11,1.15141e+10
1.60431e+07,1383.22,2.83073e+06,1.49539e+11,1.1748e+10
1.6047e+07,1438.95,2.83074e+06,1.49521e+11,1.19819e+10
1.6051e+07,1495.78,2.83074e+06,1.49502e+11,1.22158e+10
1.60549e+07,1553.7,2.83074e+06,1.49483e+11,1.24496e+10
1.60589e+07,1612.73,2.83074e+06,1.49463e+11,1.26834e+10
1.60628e+07,1672.85,2.83075e+06,1.49443e+11,1.29172e+10
1.60668e+07,1734.07,2.83075e+06,1.49423e+11,1.31509e+10
1.60707e+07,1796.39,2.83075e+06,1.49402e+11,1.33846e+10
1.60747e+07,1859.81,2.83075e+06,1.49381e+11,1.36183e+10
1.60786e+07,1924.32,2.83076e+06,1.49359e+11,1.38519e+10
1.60825e+07,1989.93,2.83076e+06,1.49337e+11,1.40856e+10
1.60865e+07,2056.64,2.83076e+06,1.49315e+11,1.43191e+10
1.60904e+07,2124.45,2.83077e+06,1.49293e+11,1.45527e+10
1.60944e+07,2193.35,2.83077e+06,1.4927e+11,1.47862e+10
1.60983e+07,2263.35,2.83077e+06,1.49246e+11,1.50196e+10
1.61023e+07,2334.45,2.83078e+06,1.49223e+11,1.52531e+10
1.61062e+07,2406.64,2.83078e+06,1.49199e+11,1.54865e+10
1.61102e+07,2479.93,2.83078e+06,1.49174e+11,1.57198e+10
1.61141e+07,2554.32,2.83079e+06,1.4915e+11,1.59531e+10
1.6118e+07,2629.8,2.83079e+06,1.49124e+11,1.61864e+10
1.6122e+07,2706.38,2.8308e+06,1.49099e+11,1.64196e+10
1.61259e+07,2784.06,2.8308e+06,1.49073e+11,1.66528e+10
1.61299e+07,2862.83,2.83081e+06,1.49047e+11,1.6886e+10
1.61338e+07,2942.69,2.83081e+06,1.4902e+11,1.71191e+10
1.61378e+07,3023.65,2.83081e+06,1.48993e+11,1.73522e+10
1.61417e+07,3105.71,2.83082e+06,1.48966e+11,1.75852e+10
1.61457e+07,3188.86,2.83082e+06,1.48938e+11,1.78182e+10
1.61496e+07,3273.1,2.83083e+06,1.4891e+11,1.80512e+10
1.61535e+07,3358.44,2.83083e+06,1.48882e+11,1.82841e+10
1.61575e+07,3444.87,2.83084e+06,1.48853e+11,1.85169e+10
1.61614e+07,3532.4,2.83085e+06,1.48824e+11,1.87497e+10
1.61654e+07,3621.02,2.83085e+06,1.48794e+11,1.89825e+10
1.61693e+07,3710.73,2.83086e+06,1.48765e+11,1.92152e+10
1.61733e+07,3801.54,2.83086e+06,1.48734e+11,1.94479e+10
1.61772e+07,3893.43,2.83087e+06,1.48704e+11,1.96805e+10
1.61812e+07,3986.43,2.83087e+06,1.48673e+11,1.99131e+10
1.61851e+07,4080.51,2.83088e+06,1.48641e+11,2.01456e+10
1.6189e+07,4175.69,2.83089e+06,1.4861e+11,2.03781e+10
1.6193e+07,4271.96,2.83089e+06,1.48578e+11,2.06105e+10
1.61969e+07,4369.32,2.8309e+06,1.48545e+11,2.08429e+10
1.62009e+07,4467.77,2.83091e+06,1.48512e+11,2.10752e+10
1.62048e+07,4567.31,2.83091e+06,1.48479e+11,2.13075e+10
1.62088e+07,4667.95,2.83092e+06,1.48446e+11,2.15397e+10
1.62127e+07,4769.68,2.83093e+06,1.48412e+11,2.17719e+10
1.62167e+07,4872.49,2.83094e+06,1.48378e+11,2.2004e+10
1.62206e+07,4976.4,2.83094e+06,1.48343e+11,2.22361e+10
1.62246e+07,5081.4,2.83095e+06,1.48308e+11,2.24681e+10
1.62285e+07,5187.48,2.83096e+06,1.48273e+11,2.27e+10
1.62324e+07,5294.66,2.83097e+06,1.48237e+11,2.29319e+10
1.62364e+07,5402.92,2.83098e+06,1.48201e+11,2.31638e+10
1.62403e+07,5512.28,2.83099e+06,1.48165e+11,2.33955e+10
1.62443e+07,5622.72,2.83099e+06,1.48128e+11,2.36273e+10
1.62482e+07,5734.25,2.831e+06,1.48091e+11,2.38589e+10
1.62522e+07,5846.87,2.83101e+06,1.48053e+11,2.40906e+10
1.62561e+07,5960.58,2.83102e+06,1.48015e+11,2.43221e+10
1.62601e+07,6075.38,2.83103e+06,1.47977e+11,2.45536e+10
1.6264e+07,6191.26,2.83104e+06,1.47939e+11,2.4785e+10
1.62679e+07,6308.23,2.83105e+06,1.479e+11,2.50164e+10
1.62719e+07,6426.29,2.83106e+06,1.4786e+11,2.52477e+10
1.62758e+07,6545.43,2.83107e+06,1.47821e+11,2.5479e+10
1.62798e+07,6665.66,2.83108e+06,1.47781e+11,2.57102e+10
1.62837e+07,6786.98,2.83109e+06,1.4774e+11,2.59413e+10
1.62877e+07,6909.38,2.8311e+06,1.477e+11,2.61723e+10
1.62916e+07,7032.87,2.83111e+06,1.47658e+11,2.64033e+10
1.62956e+07,7157.44,2.83112e+06,1.47617e+11,2.66343e+10
1.62995e+07,7283.1,2.83114e+06,1.47575e+11,2.68651e+10
1.63034e+07,7409.84,2.83115e+06,1.47533e+11,2.70959e+10
1.63074e+07,7537.67,2.83116e+06,1.4749e+11,2.73267e+10
1.63113e+07,7666.57,2.83117e+06,1.47447e+11,2.75573e+10
1.63153e+07,7796.57,2.83118e+06,1.47404e+11,2.77879e+10
1.63192e+07,7927.64,2.83119e+06,1.47361e+11,2.80185e+10
1.63232e+07,8059.8,2.83121e+06,1.47317e+11,2.82489e+10
1.63271e+07,8193.04,2.83122e+06,1.47272e+11,2.84793e+10
1.63311e+07,8327.37,2.83123e+06,1.47227e+11,2.87097e+10
1.6335e+07,8462.77,2.83125e+06,1.47182e+11,2.89399e+10
1.63389e+07,8599.26,2.83126e+06,1.47137e+11,2.91701e+10
1.63429e+07,8736.83,2.83127e+06,1.47091e+11,2.94002e+10
1.63468e+07,8875.48,2.83129e+06,1.47045e+11,2.96303e+10
1.63508e+07,9015.21,2.8313e+06,1.46998e+11,2.98602e+10
1.63547e+07,9156.02,2.83131e+06,1.46952e+11,3.00901e+10
1.63587e+07,9297.91,2.83133e+06,1.46904e+11,3.03199e+10
1.63626e+07,9440.88,2.83134e+06,1.46857e+11,3.05497e+10
1.63666e+07,9584.93,2.83136e+06,1.46809e+11,3.07794e+10
1.63705e+07,9730.06,2.83137e+06,1.4676e+11,3.1009e+10
1.63744e+07,9876.26,2.83139e+06,1.46712e+11,3.12385e+10
1.63784e+07,10023.5,2.8314e+06,1.46663e+11,3.14679e+10
1.63823e+07,10171.9,2.83142e+06,1.46613e+11,3.16973e+10
1.63863e+07,10321.3,2.83144e+06,1.46564e+11,3.19266e+10
1.63902e+07,10471.9,2.83145e+06,1.46513e+11,3.21558e+10
1.63942e+07,10623.5,2.83147e+06,1.46463e+11,3.23849e+10
1.63981e+07,10776.1,2.83149e+06,1.46412e+11,3.2614e+10
1.64021e+07,10929.9,2.8315e+06,1.46361e+11,3.2843e+10
1.6406e+07,11084.7,2.83152e+06,1.46309e+11,3.30719e+10
1.641e+07,11240.6,2.83154e+06,1.46257e+11,3.33007e+10
1.64139e+07,11397.6,2.83156e+06,1.46205e+11,3.35294e+10
1.64178e+07,11555.6,2.83157e+06,1.46153e+11,3.37581e+10
1.64218e+07,11714.7,2.83159e+06,1.461e+11,3.39866e+10
1.64257e+07,11874.9,2.83161e+06,1.46046e+11,3.42151e+10
1.64297e+07,12036.2,2.83163e+06,1.45993e+11,3.44435e+10
1.64336e+07,12198.5,2.83165e+06,1.45939e+11,3.46718e+10
1.64376e+07,12361.9,2.83167e+06,1.45884e+11,3.49001e+10
1.64415e+07,12526.4,2.83169e+06,1.45829e+11,3.51282e+10
1.64455e+07,12692,2.83171e+06,1.45774e+11,3.53563e+10
1.64494e+07,12858.6,2.83173e+06,1.45719e+11,3.55842e+10
1.64533e+07,13026.3,2.83175e+06,1.45663e+11,3.58121e+10
1.64573e+07,13195.1,2.83177e+06,1.45607e+11,3.60399e+10
1.64612e+07,13364.9,2.83179e+06,1.4555e+11,3.62676e+10
1.64652e+07,13535.8,2.83181e+06,1.45493e+11,3.64953e+10
1.64691e+07,13707.8,2.83183e+06,1.45436e+11,3.67228e+10
1.64731e+07,13880.8,2.83185e+06,1.45378e+11,3.69502e+10
1.6477e+07,14054.9,2.83187e+06,1.4532e+11,3.71776e+10
1.6481e+07,14230.1,2.8319e+06,1.45262e+11,3.74049e+10
1.64849e+07,14406.4,2.83192e+06,1.45203e+11,3.7632e+10
1.64888e+07,14583.7,2.83194e+06,1.45144e+11,3.78591e+10
1.64928e+07,14762.1,2.83196e+06,1.45085e+11,3.80861e+10
1.64967e+07,14941.5,2.83199e+06,1.45025e+11,3.8313e+10
1.65007e+07,15122,2.83201e+06,1.44965e+11,3.85398e+10
1.65046e+07,15303.6,2.83203e+06,1.44905e+11,3.87665e+10
1.65086e+07,15486.3,2.83206e+06,1.44844e+11,3.89931e+10
1.65125e+07,15670,2.83208e+06,1.44783e+11,3.92196e+10
1.65165e+07,15854.7,2.83211e+06,1.44721e+11,3.9446e+10
1.65204e+07,16040.6,2.83213e+06,1.44659e+11,3.96724e+10
1.65243e+07,16227.5,2.83216e+06,1.44597e+11,3.98986e+10
1.65283e+07,16415.4,2.83218e+06,1.44535e+11,4.01247e+10
1.65322e+07,16604.5,2.83221e+06,1.44472e+11,4.03507e+10
1.65362e+07,16794.5,2.83223e+06,1.44408e+11,4.05767e+10
1.65401e+07,16985.7,2.83226e+06,1.44345e+11,4.08025e+10
1.65441e+07,17177.9,2.83229e+06,1.44281e+11,4.10282e+10
1.6548e+07,17371.2,2.83231e+06,1.44216e+11,4.12539e+10
1.6552e+07,17565.5,2.83234e+06,1.44152e+11,4.14794e+10
1.65559e+07,17760.9,2.83237e+06,1.44087e+11,4.17048e+10
1.65599e+07,17957.3,2.8324e+06,1.44021e+11,4.19301e+10
1.65638e+07,18154.8,2.83243e+06,1.43955e+11,4.21554e+10
1.65677e+07,18353.4,2.83245e+06,1.43889e+11,4.23805e+10
1.65717e+07,18553,2.83248e+06,1.43823e+11,4.26055e+10
1.65756e+07,18753.7,2.83251e+06,1.43756e+11,4.28304e+10
1.65796e+07,18955.4,2.83254e+06,1.43689e+11,4.30552e+10
1.65835e+07,19158.2,2.83257e+06,1.43621e+11,4.32799e+10
1.65875e+07,19362,2.8326e+06,1.43553e+11,4.35045e+10
1.65914e+07,19566.9,2.83263e+06,1.43485e+11,4.3729e+10
1.65954e+07,19772.9,2.83266e+06,1.43417e+11,4.39534e+10
1.65993e+07,19979.9,2.83269e+06,1.43348e+11,4.41777e+10
1.66032e+07,20188,2.83273e+06,1.43278e+11,4.44018e+10
1.66072e+07,20397.1,2.83276e+06,1.43209e+11,4.46259e+10
1.66111e+07,20607.2,2.83279e+06,1.43139e+11,4.48499e+10
1.66151e+07,20818.5,2.83282e+06,1.43069e+11,4.50737e+10
1.6619e+07,21030.7,2.83285e+06,1.42998e+11,4.52974e+10
1.6623e+07,21244.1,2.83289e+06,1.42927e+11,4.5521e+10
1.66269e+07,21458.4,2.83292e+06,1.42856e+11,4.57446e+10
1.66309e+07,21673.8,2.83295e+06,1.42784e+11,4.59679e+10
1.66348e+07,21890.3,2.83299e+06,1.42712e+11,4.61912e+10
1.66387e+07,22107.8,2.83302e+06,1.42639e+11,4.64144e+10
1.66427e+07,22326.4,2.83306e+06,1.42567e+11,4.66375e+10
1.66466e+07,22546,2.83309e+06,1.42493e+11,4.68604e+10
1.66506e+07,22766.7,2.83313e+06,1.4242e+11,4.70832e+10
1.66545e+07,22988.4,2.83316e+06,1.42346e+11,4.73059e+10
1.66585e+07,23211.1,2.8332e+06,1.42272e+11,4.75285e+10
1.66624e+07,23434.9,2.83324e+06,1.42197e+11,4.7751e+10
1.66664e+07,23659.8,2.83327e+06,1.42123e+11,4.79734e+10
1.66703e+07,23885.7,2.83331e+06,1.42047e+11,4.81956e+10
1.66742e+07,24112.6,2.83335e+06,1.41972e+11,4.84178e+10
1.66782e+07,24340.6,2.83339e+06,1.41896e+11,4.86398e+10
1.66821e+07,24569.6,2.83342e+06,1.4182e+11,4.88617e+10
1.66861e+07,24799.6,2.83346e+06,1.41743e+11,4.90834e+10
1.669e+07,25030.7,2.8335e+06,1.41666e+11,4.93051e+10
1.6694e+07,25262.9,2.83354e+06,1.41589e+11,4.95266e+10
1.66979e+07,25496.1,2.83358e+06,1.41511e+11,4.9748e+10
1.67019e+07,25730.3,2.83362e+06,1.41433e+11,4.99693e+10
1.67058e+07,25965.6,2.83366e+06,1.41355e+11,5.01905e+10
1.67097e+07,26201.9,2.8337e+06,1.41276e+11,5.04115e+10
1.67137e+07,26439.2,2.83374e+06,1.41197e+11,5.06324e+10
1.67176e+07,26677.6,2.83379e+06,1.41118e+11,5.08532e+10
1.67216e+07,26917,2.83383e+06,1.41038e+11,5.10739e+10
1.67255e+07,27157.4,2.83387e+06,1.40958e+11,5.12945e+10
1.67295e+07,27398.9,2.83391e+06,1.40878e+11,5.15149e+10
1.67334e+07,27641.4,2.83396e+06,1.40797e+11,5.17352e+10
1.67374e+07,27885,2.834e+06,1.40716e+11,5.19553e+10
1.67413e+07,28129.6,2.83404e+06,1.40634e+11,5.21754e+10
1.67453e+07,28375.2,2.83409e+06,1.40553e+11,5.23953e+10
1.67492e+07,28621.9,2.83413e+06,1.4047e+11,5.26151e+10
1.67531e+07,28869.6,2.83418e+06,1.40388e+11,5.28347e+10
1.67571e+07,29118.3,2.83422e+06,1.40305e+11,5.30543e+10
1.6761e+07,29368,2.83427e+06,1.40222e+11,5.32737e+10
1.6765e+07,29618.8,2.83431e+06,1.40139e+11,5.34929e+10
1.67689e+07,29870.6,2.83436e+06,1.40055e+11,5.37121e+10
1.67729e+07,30123.5,2.83441e+06,1.39971e+11,5.39311e+10
1.67768e+07,30377.3,2.83445e+06,1.39886e+11,5.415e+10
1.67808e+07,30632.2,2.8345e+06,1.39801e+11,5.43687e+10
1.67847e+07,30888.2,2.83455e+06,1.39716e+11,5.45873e+10
1.67886e+07,31145.1,2.8346e+06,1.3963e+11,5.48058e+10
1.67926e+07,31403.1,2.83465e+06,1.39544e+11,5.50241e+10
1.67965e+07,31662.1,2.8347e+06,1.39458e+11,5.52423e+10
1.68005e+07,31922.1,2.83475e+06,1.39372e+11,5.54604e+10
1.68044e+07,32183.2,2.8348e+06,1.39285e+11,5.56783e+10
1.68084e+07,32445.2,2.83485e+06,1.39197e+11,5.58961e+10
1.68123e+07,32708.3,2.8349e+06,1.3911e+11,5.61138e+10
1.68163e+07,32972.5,2.83495e+06,1.39022e+11,5.63313e+10
1.68202e+07,33237.6,2.835e+06,1.38934e+11,5.65487e+10
1.68241e+07,33503.8,2.83505e+06,1.38845e+11,5.67659e+10
1.68281e+07,33771,2.83511e+06,1.38756e+11,5.69831e+10
1.6832e+07,34039.2,2.83516e+06,1.38667e+11,5.72e+10
1.6836e+07,34308.4,2.83521e+06,1.38577e+11,5.74169e+10
1.68399e+07,34578.6,2.83527e+06,1.38487e+11,5.76335e+10
1.68439e+07,34849.9,2.83532e+06,1.38397e+11,5.78501e+10
1.68478e+07,35122.2,2.83538e+06,1.38306e+11,5.80665e+10
1.68518e+07,35395.4,2.83543e+06,1.38215e+11,5.82828e+10
1.68557e+07,35669.8,2.83549e+06,1.38124e+11,5.84989e+10
1.68596e+07,35945.1,2.83554e+06,1.38032e+11,5.87149e+10
1.68636e+07,36221.4,2.8356e+06,1.3794e+11,5.89307e+10
1.68675e+07,36498.8,2.83566e+06,1.37848e+11,5.91464e+10
1.68715e+07,36777.1,2.83571e+06,1.37755e+11,5.93619e+10
1.68754e+07,37056.5,2.83577e+06,1.37662e+11,5.95773e+10
1.68794e+07,37336.9,2.83583e+06,1.37569e+11,5.97926e+10
1.68833e+07,37618.3,2.83589e+06,1.37475e+11,6.00077e+10
1.68873e+07,37900.7,2.83595e+06,1.37381e+11,6.02227e+10
1.68912e+07,38184.1,2.83601e+06,1.37287e+11,6.04375e+10
1.68952e+07,38468.5,2.83607e+06,1.37192e+11,6.06522e+10
1.68991e+07,38754,2.83613e+06,1.37097e+11,6.08667e+10
1.6903e+07,39040.4,2.83619e+06,1.37002e+11,6.1081e+10
1.6907e+07,39327.9,2.83625e+06,1.36906e+11,6.12953e+10
1.69109e+07,39616.3,2.83631e+06,1.3681e+11,6.15093e+10
1.69149e+07,39905.8,2.83637e+06,1.36714e+11,6.17233e+10
1.69188e+07,40196.2,2.83644e+06,1.36617e+11,6.1937e+10
1.69228e+07,40487.7,2.8365e+06,1.3652e+11,6.21506e+10
1.69267e+07,40780.2,2.83656e+06,1.36422e+11,6.23641e+10
1.69307e+07,41073.7,2.83663e+06,1.36325e+11,6.25774e+10
1.69346e+07,41368.1,2.83669e+06,1.36227e+11,6.27906e+10
1.69385e+07,41663.6,2.83676e+06,1.36128e+11,6.30036e+10
1.69425e+07,41960.1,2.83682e+06,1.3603e+11,6.32164e+10
1.69464e+07,42257.6,2.83689e+06,1.35931e+11,6.34291e+10
1.69504e+07,42556.1,2.83695e+06,1.35831e+11,6.36417e+10
1.69543e+07,42855.5,2.83702e+06,1.35731e+11,6.38541e+10
1.69583e+07,43156,2.83709e+06,1.35631e+11,6.40663e+10
1.69622e+07,43457.5,2.83715e+06,1.35531e+11,6.42784e+10
1.69662e+07,43759.9,2.83722e+06,1.3543e+11,6.44903e+10
1.69701e+07,44063.4,2.83729e+06,1.35329e+11,6.4702e+10
1.6974e+07,44367.8,2.83736e+06,1.35228e+11,6.49136e+10
1.6978e+07,44673.3,2.83743e+06,1.35126e+11,6.51251e+10
1.69819e+07,44979.7,2.8375e+06,1.35024e+11,6.53364e+10
1.69859e+07,45287.2,2.83757e+06,1.34922e+11,6.55475e+10
1.69898e+07,45595.6,2.83764e+06,1.34819e+11,6.57585e+10
1.69938e+07,45905,2.83771e+06,1.34716e+11,6.59693e+10
1.69977e+07,46215.4,2.83779e+06,1.34613e+11,6.61799e+10
1.70017e+07,46526.8,2.83786e+06,1.34509e+11,6.63904e+10
1.70056e+07,46839.2,2.83793e+06,1.34405e+11,6.66007e+10
1.70095e+07,47152.6,2.838e+06,1.34301e+11,6.68108e+10
1.70135e+07,47466.9,2.83808e+06,1.34196e+11,6.70208e+10
1.70174e+07,47782.3,2.83815e+06,1.34091e+11,6.72307e+10
1.70214e+07,48098.6,2.83823e+06,1.33986e+11,6.74403e+10
1.70253e+07,48415.9,2.8383e+06,1.3388e+11,6.76498e+10
1.70293e+07,48734.2,2.83838e+06,1.33774e+11,6.78591e+10
1.70332e+07,49053.5,2.83846e+06,1.33668e+11,6.80683e+10
1.70372e+07,49373.8,2.83853e+06,1.33561e+11,6.82773e+10
1.70411e+07,49695,2.83861e+06,1.33454e+11,6.84861e+10
1.7045e+07,50017.2,2.83869e+06,1.33347e+11,6.86948e+10
1.7049e+07,50340.4,2.83877e+06,1.33239e+11,6.89033e+10
1.70529e+07,50664.6,2.83885e+06,1.33131e+11,6.91116e+10
1.70569e+07,50989.8,2.83893e+06,1.33023e+11,6.93198e+10
1.70608e+07,51315.9,2.83901e+06,1.32915e+11,6.95278e+10
1.70648e+07,51643,2.83909e+06,1.32806e+11,6.97356e+10
1.70687e+07,51971.1,2.83917e+06,1.32696e+11,6.99432e+10
1.70727e+07,52300.2,2.83925e+06,1.32587e+11,7.01507e+10
1.70766e+07,52630.2,2.83933e+06,1.32477e+11,7.0358e+10
1.70806e+07,52961.3,2.83941e+06,1.32367e+11,7.05651e+10
1.70845e+07,53293.2,2.8395e+06,1.32256e+11,7.07721e+10
1.70884e+07,53626.2,2.83958e+06,1.32145e+11,7.09789e+10
1.70924e+07,53960.1,2.83966e+06,1.32034e+11,7.11855e+10
1.70963e+07,54295,2.83975e+06,1.31923e+11,7.13919e+10
1.71003e+07,54630.9,2.83983e+06,1.31811e+11,7.15982e+10
1.71042e+07,54967.7,2.83992e+06,1.31699e+11,7.18043e+10
1.71082e+07,55305.6,2.84001e+06,1.31586e+11,7.20102e+10
1.71121e+07,55644.3,2.84009e+06,1.31473e+11,7.22159e+10
1.71161e+07,55984.1,2.84018e+06,1.3136e+11,7.24215e+10
1.712e+07,56324.8,2.84027e+06,1.31247e+11,7.26269e+10
1.71239e+07,56666.4,2.84036e+06,1.31133e+11,7.28321e+10
1.71279e+07,57009.1,2.84045e+06,1.31019e+11,7.30371e+10
1.71318e+07,57352.7,2.84053e+06,1.30905e+11,7.3242e+10
1.71358e+07,57697.2,2.84062e+06,1.3079e+11,7.34466e+10
1.71397e+07,58042.8,2.84072e+06,1.30675e+11,7.36511e+10
1.71437e+07,58389.2,2.84081e+06,1.3056e+11,7.38554e+10
1.71476e+07,58736.7,2.8409e+06,1.30444e+11,7.40596e+10
1.71516e+07,59085.1,2.84099e+06,1.30328e+11,7.42635e+10
1.71555e+07,59434.4,2.84108e+06,1.30212e+11,7.44673e+10
1.71594e+07,59784.7,2.84118e+06,1.30095e+11,7.46709e+10
1.71634e+07,60136,2.84127e+06,1.29978e+11,7.48743e+10
1.71673e+07,60488.2,2.84136e+06,1.29861e+11,7.50775e+10
1.71713e+07,60841.4,2.84146e+06,1.29743e+11,7.52805e+10
1.71752e+07,61195.5,2.84155e+06,1.29625e+11,7.54834e+10
1.71792e+07,61550.6,2.84165e+06,1.29507e+11,7.5686e+10
1.71831e+07,61906.7,2.84175e+06,1.29388e+11,7.58885e+10
1.71871e+07,62263.6,2.84184e+06,1.2927e+11,7.60908e+10
1.7191e+07,62621.6,2.84194e+06,1.2915e+11,7.62929e+10
1.71949e+07,62980.5,2.84204e+06,1.29031e+11,7.64948e+10
1.71989e+07,63340.3,2.84214e+06,1.28911e+11,7.66966e+10
1.72028e+07,63701.1,2.84224e+06,1.28791e+11,7.68981e+10
1.72068e+07,64062.8,2.84234e+06,1.28671e+11,7.70995e+10
1.72107e+07,64425.5,2.84244e+06,1.2855e+11,7.73006e+10
1.72147e+07,64789.1,2.84254e+06,1.28429e+11,7.75016e+10
1.72186e+07,65153.7,2.84264e+06,1.28307e+11,7.77024e+10
1.72226e+07,65519.2,2.84274e+06,1.28186e+11,7.7903e+10
1.72265e+07,65885.6,2.84285e+06,1.28064e+11,7.81034e+10
1.72304e+07,66253,2.84295e+06,1.27941e+11,7.83036e+10
1.72344e+07,66621.3,2.84305e+06,1.27819e+11,7.85037e+10
1.72383e+07,66990.6,2.84316e+06,1.27696e+11,7.87035e+10
1.72423e+07,67360.8,2.84326e+06,1.27572e+11,7.89031e+10
1.72462e+07,67731.9,2.84337e+06,1.27449e+11,7.91026e+10
1.72502e+07,68104,2.84347e+06,1.27325e+11,7.93019e+10
1.72541e+07,68477,2.84358e+06,1.27201e+11,7.95009e+10
1.72581e+07,68851,2.84369e+06,1.27076e+11,7.96998e+10
1.7262e+07,69225.9,2.8438e+06,1.26952e+11,7.98985e+10
1.7266e+07,69601.7,2.84391e+06,1.26826e+11,8.00969e+10
1.72699e+07,69978.4,2.84401e+06,1.26701e+11,8.02952e+10
1.72738e+07,70356.1,2.84412e+06,1.26575e+11,8.04933e+10
1.72778e+07,70734.7,2.84423e+06,1.26449e+11,8.06912e+10
1.72817e+07,71114.3,2.84435e+06,1.26323e+11,8.08889e+10
1.72857e+07,71494.7,2.84446e+06,1.26196e+11,8.10864e+10
1.72896e+07,71876.1,2.84457e+06,1.26069e+11,8.12837e+10
1.72936e+07,72258.5,2.84468e+06,1.25942e+11,8.14808e+10
1.72975e+07,72641.7,2.8448e+06,1.25814e+11,8.16777e+10
1.73015e+07,73025.9,2.84491e+06,1.25686e+11,8.18744e+10
1.73054e+07,73411,2.84502e+06,1.25558e+11,8.20708e+10
1.73093e+07,73797,2.84514e+06,1.2543e+11,8.22671e+10
1.73133e+07,74183.9,2.84525e+06,1.25301e+11,8.24632e+10
1.73172e+07,74571.8,2.84537e+06,1.25172e+11,8.26591e+10
1.73212e+07,74960.6,2.84549e+06,1.25042e+11,8.28548e+10
1.73251e+07,75350.3,2.84561e+06,1.24912e+11,8.30503e+10
1.73291e+07,75740.9,2.84572e+06,1.24782e+11,8.32456e+10
1.7333e+07,76132.4,2.84584e+06,1.24652e+11,8.34407e+10
1.7337e+07,76524.9,2.84596e+06,1.24521e+11,8.36355e+10
1.73409e+07,76918.2,2.84608e+06,1.2439e+11,8.38302e+10
1.73448e+07,77312.5,2.8462e+06,1.24259e+11,8.40247e+10
1.73488e+07,77707.7,2.84632e+06,1.24128e+11,8.42189e+10
1.73527e+07,78103.8,2.84645e+06,1.23996e+11,8.4413e+10
1.73567e+07,78500.8,2.84657e+06,1.23863e+11,8.46069e+10
1.73606e+07,78898.7,2.84669e+06,1.23731e+11,8.48005e+10
1.73646e+07,79297.6,2.84682e+06,1.23598e+11,8.49939e+10
1.73685e+07,79697.3,2.84694e+06,1.23465e+11,8.51872e+10
1.73725e+07,80098,2.84706e+06,1.23332e+11,8.53802e+10
1.73764e+07,80499.5,2.84719e+06,1.23198e+11,8.5573e+10
1.73803e+07,80902,2.84732e+06,1.23064e+11,8.57656e+10
1.73843e+07,81305.3,2.84744e+06,1.2293e+11,8.5958e+10
1.73882e+07,81709.6,2.84757e+06,1.22795e+11,8.61501e+10
1.73922e+07,82114.8,2.8477e+06,1.2266e+11,8.63421e+10
1.73961e+07,82520.9,2.84783e+06,1.22525e+11,8.65339e+10
1.74001e+07,82927.8,2.84796e+06,1.2239e+11,8.67254e+10
1.7404e+07,83335.7,2.84809e+06,1.22254e+11,8.69168e+10
1.7408e+07,83744.5,2.84822e+06,1.22118e+11,8.71079e+10
1.74119e+07,84154.1,2.84835e+06,1.21981e+11,8.72988e+10
1.74159e+07,84564.7,2.84848e+06,1.21845e+11,8.74895e+10
1.74198e+07,84976.2,2.84861e+06,1.21708e+11,8.768e+10
1.74237e+07,85388.5,2.84875e+06,1.2157e+11,8.78702e+10
1.74277e+07,85801.8,2.84888e+06,1.21433e+11,8.80603e+10
1.74316e+07,86215.9,2.84902e+06,1.21295e+11,8.82501e+10
1.74356e+07,86630.9,2.84915e+06,1.21157e+11,8.84397e+10
1.74395e+07,87046.9,2.84929e+06,1.21018e+11,8.86291e+10
1.74435e+07,87463.7,2.84942e+06,1.20879e+11,8.88183e+10
1.74474e+07,87881.4,2.84956e+06,1.2074e+11,8.90073e+10
1.74514e+07,88300,2.8497e+06,1.20601e+11,8.9196e+10
1.74553e+07,88719.4,2.84984e+06,1.20461e+11,8.93846e+10
1.74592e+07,89139.8,2.84998e+06,1.20321e+11,8.95729e+10
1.74632e+07,89561,2.85011e+06,1.20181e+11,8.9761e+10
1.74671e+07,89983.2,2.85026e+06,1.2004e+11,8.99488e+10
1.74711e+07,90406.2,2.8504e+06,1.199e+11,9.01365e+10
1.7475e+07,90830.1,2.85054e+06,1.19758e+11,9.03239e+10
1.7479e+07,91254.8,2.85068e+06,1.19617e+11,9.05112e+10
1.74829e+07,91680.5,2.85082e+06,1.19475e+11,9.06981e+10
1.74869e+07,92107,2.85097e+06,1.19333e+11,9.08849e+10
1.74908e+07,92534.4,2.85111e+06,1.19191e+11,9.10715e+10
1.74947e+07,92962.7,2.85126e+06,1.19048e+11,9.12578e+10
1.74987e+07,93391.8,2.8514e+06,1.18906e+11,9.14439e+10
1.75026e+07,93821.9,2.85155e+06,1.18762e+11,9.16298e+10
1.75066e+07,94252.8,2.8517e+06,1.18619e+11,9.18154e+10
1.75105e+07,94684.5,2.85184e+06,1.18475e+11,9.20008e+10
1.75145e+07,95117.2,2.85199e+06,1.18331e+11,9.21861e+10
1.75184e+07,95550.7,2.85214e+06,1.18187e+11,9.2371e+10
1.75224e+07,95985.1,2.85229e+06,1.18042e+11,9.25558e+10
1.75263e+07,96420.3,2.85244e+06,1.17897e+11,9.27403e+10
1.75302e+07,96856.4,2.85259e+06,1.17752e+11,9.29246e+10
1.75342e+07,97293.4,2.85274e+06,1.17607e+11,9.31087e+10
1.75381e+07,97731.3,2.8529e+06,1.17461e+11,9.32925e+10
1.75421e+07,98170,2.85305e+06,1.17315e+11,9.34761e+10
1.7546e+07,98609.5,2.8532e+06,1.17168e+11,9.36595e+10
1.755e+07,99050,2.85336e+06,1.17022e+11,9.38427e+10
1.75539e+07,99491.3,2.85351e+06,1.16875e+11,9.40256e+10
1.75579e+07,99933.4,2.85367e+06,1.16728e+11,9.42083e+10
1.75618e+07,100376,2.85383e+06,1.1658e+11,9.43908e+10
1.75657e+07,100820,2.85398e+06,1.16432e+11,9.4573e+10
1.75697e+07,101265,2.85414e+06,1.16284e+11,9.4755e+10
1.75736e+07,101711,2.8543e+06,1.16136e+11,9.49368e+10
1.75776e+07,102157,2.85446e+06,1.15987e+11,9.51183e+10
1.75815e+07,102604,2.85462e+06,1.15838e+11,9.52996e+10
1.75855e+07,103052,2.85478e+06,1.15689e+11,9.54807e+10
1.75894e+07,103501,2.85494e+06,1.1554e+11,9.56616e+10
1.75934e+07,103951,2.85511e+06,1.1539e+11,9.58422e+10
1.75973e+07,104402,2.85527e+06,1.1524e+11,9.60225e+10
1.76013e+07,104853,2.85543e+06,1.15089e+11,9.62027e+10
1.76052e+07,105306,2.8556e+06,1.14939e+11,9.63826e+10
1.76091e+07,105759,2.85576e+06,1.14788e+11,9.65623e+10
1.76131e+07,106213,2.85593e+06,1.14637e+11,9.67417e+10
1.7617e+07,106668,2.85609e+06,1.14485e+11,9.69209e+10
1.7621e+07,107124,2.85626e+06,1.14334e+11,9.70998e+10
1.76249e+07,107580,2.85643e+06,1.14182e+11,9.72786e+10
1.76289e+07,108038,2.8566e+06,1.14029e+11,9.7457e+10
1.76328e+07,108496,2.85677e+06,1.13877e+11,9.76353e+10
1.76368e+07,108955,2.85694e+06,1.13724e+11,9.78133e+10
1.76407e+07,109415,2.85711e+06,1.13571e+11,9.79911e+10
1.76446e+07,109876,2.85728e+06,1.13417e+11,9.81686e+10
1.76486e+07,110337,2.85745e+06,1.13264e+11,9.83459e+10
1.76525e+07,110800,2.85762e+06,1.1311e+11,9.85229e+10
1.76565e+07,111263,2.8578e+06,1.12955e+11,9.86997e+10
1.76604e+07,111727,2.85797e+06,1.12801e+11,9.88763e+10
1.76644e+07,112192,2.85815e+06,1.12646e+11,9.90526e+10
1.76683e+07,112658,2.85832e+06,1.12491e+11,9.92287e+10
1.76723e+07,113124,2.8585e+06,1.12336e+11,9.94045e+10
1.76762e+07,113592,2.85868e+06,1.1218e+11,9.95801e+10
1.76801e+07,114060,2.85886e+06,1.12024e+11,9.97554e+10
1.76841e+07,114529,2.85903e+06,1.11868e+11,9.99306e+10
1.7688e+07,114999,2.85921e+06,1.11712e+11,1.00105e+11
1.7692e+07,115470,2.85939e+06,1.11555e+11,1.0028e+11
1.76959e+07,115941,2.85957e+06,1.11398e+11,1.00454e+11
1.76999e+07,116414,2.85976e+06,1.11241e+11,1.00629e+11
1.77038e+07,116887,2.85994e+06,1.11083e+11,1.00802e+11
1.77078e+07,117361,2.86012e+06,1.10925e+11,1.00976e+11
1.77117e+07,117835,2.86031e+06,1.10767e+11,1.01149e+11
1.77156e+07,118311,2.86049e+06,1.10609e+11,1.01323e+11
1.77196e+07,118787,2.86068e+06,1.1045e+11,1.01495e+11
1.77235e+07,119265,2.86086e+06,1.10291e+11,1.01668e+11
1.77275e+07,119743,2.86105e+06,1.10132e+11,1.0184e+11
1.77314e+07,120221,2.86124e+06,1.09973e+11,1.02013e+11
1.77354e+07,120701,2.86143e+06,1.09813e+11,1.02185e+11
1.77393e+07,121182,2.86161e+06,1.09653e+11,1.02356e+11
1.77433e+07,121663,2.8618e+06,1.09493e+11,1.02528e+11
1.77472e+07,122145,2.862e+06,1.09332e+11,1.02699e+11
1.77511e+07,122628,2.86219e+06,1.09172e+11,1.0287e+11
1.77551e+07,123111,2.86238e+06,1.09011e+11,1.0304e+11
1.7759e+07,123596,2.86257e+06,1.08849e+11,1.03211e+11
1.7763e+07,124081,2.86277e+06,1.08688e+11,1.03381e+11
1.77669e+07,124567,2.86296e+06,1.08526e+11,1.03551e+11
1.77709e+07,125054,2.86316e+06,1.08364e+11,1.0372e+11
1.77748e+07,125542,2.86335e+06,1.08201e+11,1.0389e+11
1.77788e+07,126030,2.86355e+06,1.08039e+11,1.04059e+11
1.77827e+07,126519,2.86375e+06,1.07876e+11,1.04228e+11
1.77867e+07,127010,2.86394e+06,1.07713e+11,1.04396e+11
1.77906e+07,127500,2.86414e+06,1.07549e+11,1.04565e+11
1.77945e+07,127992,2.86434e+06,1.07386e+11,1.04733e+11
1.77985e+07,128484,2.86454e+06,1.07222e+11,1.049e+11
1.78024e+07,128978,2.86474e+06,1.07057e+11,1.05068e+11
1.78064e+07,129472,2.86495e+06,1.06893e+11,1.05235e+11
1.78103e+07,129966,2.86515e+06,1.06728e+11,1.05402e+11
1.78143e+07,130462,2.86535e+06,1.06563e+11,1.05569e+11
1.78182e+07,130958,2.86556e+06,1.06398e+11,1.05736e+11
1.78222e+07,131455,2.86576e+06,1.06232e+11,1.05902e+11
1.78261e+07,131953,2.86597e+06,1.06067e+11,1.06068e+11
1.783e+07,132452,2.86618e+06,1.05901e+11,1.06234e+11
1.7834e+07,132951,2.86638e+06,1.05734e+11,1.06399e+11
1.78379e+07,133452,2.86659e+06,1.05568e+11,1.06565e+11
1.78419e+07,133953,2.8668e+06,1.05401e+11,1.0673e+11
1.78458e+07,134455,2.86701e+06,1.05234e+11,1.06894e+11
1.78498e+07,134957,2.86722e+06,1.05067e+11,1.07059e+11
1.78537e+07,135460,2.86743e+06,1.04899e+11,1.07223e+11
1.78577e+07,135965,2.86765e+06,1.04731e+11,1.07387e+11
1.78616e+07,136469,2.86786e+06,1.04563e+11,1.07551e+11
1.78655e+07,136975,2.86807e+06,1.04395e+11,1.07714e+11
1.78695e+07,137481,2.86829e+06,1.04226e+11,1.07877e+11
1.78734e+07,137989,2.8685e+06,1.04057e+11,1.0804e+11
1.78774e+07,138497,2.86872e+06,1.03888e+11,1.08203e+11
1.78813e+07,139005,2.86894e+06,1.03719e+11,1.08365e+11
1.78853e+07,139515,2.86915e+06,1.03549e+11,1.08527e+11
1.78892e+07,140025,2.86937e+06,1.03379e+11,1.08689e+11
1.78932e+07,140536,2.86959e+06,1.03209e+11,1.08851e+11
1.78971e+07,141048,2.86981e+06,1.03039e+11,1.09012e+11
1.7901e+07,141560,2.87003e+06,1.02868e+11,1.09173e+11
1.7905e+07,142073,2.87025e+06,1.02697e+11,1.09334e+11
1.79089e+07,142588,2.87048e+06,1.02526e+11,1.09494e+11
1.79129e+07,143102,2.8707e+06,1.02355e+11,1.09655e+11
1.79168e+07,143618,2.87092e+06,1.02183e+11,1.09815e+11
1.79208e+07,144134,2.87115e+06,1.02011e+11,1.09974e+11
1.79247e+07,144651,2.87138e+06,1.01839e+11,1.10134e+11
1.79287e+07,145169,2.8716e+06,1.01667e+11,1.10293e+11
1.79326e+07,145687,2.87183e+06,1.01494e+11,1.10452e+11
1.79366e+07,146207,2.87206e+06,1.01321e+11,1.1061e+11
1.79405e+07,146727,2.87229e+06,1.01148e+11,1.10769e+11
1.79444e+07,147247,2.87252e+06,1.00975e+11,1.10927e+11
1.79484e+07,147769,2.87275e+06,1.00801e+11,1.11085e+11
1.79523e+07,148291,2.87298e+06,1.00627e+11,1.11242e+11
1.79563e+07,148814,2.87321e+06,1.00453e+11,1.11399e+11
1.79602e+07,149338,2.87344e+06,1.00279e+11,1.11556e+11
1.79642e+07,149862,2.87368e+06,1.00104e+11,1.11713e+11
1.79681e+07,150387,2.87391e+06,9.99291e+10,1.1187e+11
1.79721e+07,150913,2.87415e+06,9.9754e+10,1.12026e+11
1.7976e+07,151440,2.87439e+06,9.95787e+10,1.12182e+11
1.79799e+07,151967,2.87462e+06,9.94031e+10,1.12337e+11
1.79839e+07,152496,2.87486e+06,9.92272e+10,1.12493e+11
1.79878e+07,153024,2.8751e+06,9.90512e+10,1.12648e+11
1.79918e+07,153554,2.87534e+06,9.88748e+10,1.12802e+11
1.79957e+07,154084,2.87558e+06,9.86983e+10,1.12957e+11
1.79997e+07,154615,2.87582e+06,9.85215e+10,1.13111e+11
1.80036e+07,155147,2.87606e+06,9.83444e+10,1.13265e+11
1.80076e+07,155679,2.87631e+06,9.81671e+10,1.13419e+11
1.80115e+07,156213,2.87655e+06,9.79896e+10,1.13572e+11
1.80154e+07,156747,2.8768e+06,9.78119e+10,1.13725e+11
1.80194e+07,157281,2.87704e+06,9.76339e+10,1.13878e+11
1.80233e+07,157817,2.87729e+06,9.74556e+10,1.14031e+11
1.80273e+07,158353,2.87754e+06,9.72771e+10,1.14183e+11
1.80312e+07,158889,2.87778e+06,9.70984e+10,1.14335e+11
1.80352e+07,159427,2.87803e+06,9.69195e+10,1.14487e+11
1.80391e+07,159965,2.87828e+06,9.67403e+10,1.14638e+11
1.80431e+07,160504,2.87853e+06,9.65608e+10,1.1479e+11
1.8047e+07,161044,2.87878e+06,9.63812e+10,1.1494e+11
1.80509e+07,161584,2.87904e+06,9.62013e+10,1.15091e+11
1.80549e+07,162125,2.87929e+06,9.60211e+10,1.15241e+11
1.80588e+07,162667,2.87954e+06,9.58408e+10,1.15391e+11
1.80628e+07,163209,2.8798e+06,9.56602e+10,1.15541e+11
1.80667e+07,163752,2.88005e+06,9.54793e+10,1.15691e+11
1.80707e+07,164296,2.88031e+06,9.52982e+10,1.1584e+11
1.80746e+07,164841,2.88057e+06,9.51169e+10,1.15989e+11
1.80786e+07,165386,2.88083e+06,9.49354e+10,1.16138e+11
1.80825e+07,165932,2.88109e+06,9.47536e+10,1.16286e+11
1.80864e+07,166479,2.88135e+06,9.45716e+10,1.16434e+11
1.80904e+07,167026,2.88161e+06,9.43894e+10,1.16582e+11
1.80943e+07,167574,2.88187e+06,9.42069e+10,1.16729e+11
1.80983e+07,168123,2.88213e+06,9.40242e+10,1.16876e+11
1.81022e+07,168672,2.88239e+06,9.38413e+10,1.17023e+11
1.81062e+07,169222,2.88266e+06,9.36581e+10,1.1717e+11
1.81101e+07,169773,2.88292e+06,9.34748e+10,1.17316e+11
1.81141e+07,170324,2.88319e+06,9.32911e+10,1.17462e+11
1.8118e+07,170877,2.88346e+06,9.31073e+10,1.17608e+11
1.8122e+07,171430,2.88372e+06,9.29232e+10,1.17754e+11
1.81259e+07,171983,2.88399e+06,9.27389e+10,1.17899e+11
1.81298e+07,172537,2.88426e+06,9.25544e+10,1.18044e+11
1.81338e+07,173092,2.88453e+06,9.23697e+10,1.18188e+11
1.81377e+07,173648,2.8848e+06,9.21847e+10,1.18333e+11
1.81417e+07,174204,2.88508e+06,9.19995e+10,1.18477e+11
1.81456e+07,174761,2.88535e+06,9.18141e+10,1.18621e+11
1.81496e+07,175319,2.88562e+06,9.16284e+10,1.18764e+11
1.81535e+07,175877,2.8859e+06,9.14425e+10,1.18907e+11
1.81575e+07,176436,2.88617e+06,9.12564e+10,1.1905e+11
1.81614e+07,176995,2.88645e+06,9.10701e+10,1.19193e+11
1.81653e+07,177556,2.88673e+06,9.08836e+10,1.19335e+11
1.81693e+07,178117,2.887e+06,9.06968e+10,1.19477e+11
1.81732e+07,178678,2.88728e+06,9.05098e+10,1.19619e+11
1.81772e+07,179241,2.88756e+06,9.03226e+10,1.1976e+11
1.81811e+07,179803,2.88784e+06,9.01351e+10,1.19901e+11
1.81851e+07,180367,2.88813e+06,8.99475e+10,1.20042e+11
1.8189e+07,180931,2.88841e+06,8.97596e+10,1.20183e+11
1.8193e+07,181496,2.88869e+06,8.95715e+10,1.20323e+11
1.81969e+07,182062,2.88898e+06,8.93832e+10,1.20463e+11
1.82008e+07,182628,2.88926e+06,8.91947e+10,1.20603e+11
1.82048e+07,183195,2.88955e+06,8.90059e+10,1.20742e+11
1.82087e+07,183763,2.88983e+06,8.8817e+10,1.20881e+11
1.82127e+07,184331,2.89012e+06,8.86278e+10,1.2102e+11
1.82166e+07,184900,2.89041e+06,8.84384e+10,1.21158e+11
1.82206e+07,185469,2.8907e+06,8.82488e+10,1.21296e+11
1.82245e+07,186039,2.89099e+06,8.80589e+10,1.21434e+11
1.82285e+07,186610,2.89128e+06,8.78689e+10,1.21572e+11
1.82324e+07,187182,2.89158e+06,8.76786e+10,1.21709e+11
1.82363e+07,187754,2.89187e+06,8.74881e+10,1.21846e+11
1.82403e+07,188326,2.89216e+06,8.72975e+10,1.21983e+11
1.82442e+07,188900,2.89246e+06,8.71065e+10,1.22119e+11
1.82482e+07,189474,2.89275e+06,8.69154e+10,1.22255e+11
1.82521e+07,190049,2.89305e+06,8.67241e+10,1.22391e+11
1.82561e+07,190624,2.89335e+06,8.65325e+10,1.22527e+11
1.826e+07,191200,2.89365e+06,8.63408e+10,1.22662e+11
1.8264e+07,191776,2.89395e+06,8.61488e+10,1.22797e+11
1.82679e+07,192354,2.89425e+06,8.59566e+10,1.22931e+11
1.82719e+07,192931,2.89455e+06,8.57643e+10,1.23066e+11
1.82758e+07,193510,2.89485e+06,8.55717e+10,1.232e+11
1.82797e+07,194089,2.89515e+06,8.53789e+10,1.23333e+11
1.82837e+07,194669,2.89546e+06,8.51858e+10,1.23467e+11
1.82876e+07,195249,2.89576e+06,8.49926e+10,1.236e+11
1.82916e+07,195830,2.89607e+06,8.47992e+10,1.23733e+11
1.82955e+07,196412,2.89637e+06,8.46055e+10,1.23865e+11
1.82995e+07,196994,2.89668e+06,8.44117e+10,1.23997e+11
1.83034e+07,197577,2.89699e+06,8.42176e+10,1.24129e+11
1.83074e+07,198160,2.8973e+06,8.40234e+10,1.24261e+11
1.83113e+07,198744,2.89761e+06,8.38289e+10,1.24392e+11
1.83152e+07,199329,2.89792e+06,8.36342e+10,1.24523e+11
1.83192e+07,199914,2.89823e+06,8.34394e+10,1.24654e+11
1.83231e+07,200500,2.89855e+06,8.32443e+10,1.24784e+11
1.83271e+07,201087,2.89886e+06,8.3049e+10,1.24914e+11
1.8331e+07,201674,2.89918e+06,8.28535e+10,1.25044e+11
1.8335e+07,202262,2.89949e+06,8.26578e+10,1.25173e+11
1.83389e+07,202850,2.89981e+06,8.24619e+10,1.25303e+11
1.83429e+07,203439,2.90013e+06,8.22659e+10,1.25431e+11
1.83468e+07,204028,2.90045e+06,8.20696e+10,1.2556e+11
1.83507e+07,204619,2.90077e+06,8.18731e+10,1.25688e+11
1.83547e+07,205209,2.90109e+06,8.16764e+10,1.25816e+11
1.83586e+07,205801,2.90141e+06,8.14795e+10,1.25944e+11
1.83626e+07,206393,2.90173e+06,8.12824e+10,1.26071e+11
1.83665e+07,206985,2.90205e+06,8.10851e+10,1.26198e+11
1.83705e+07,207578,2.90238e+06,8.08876e+10,1.26325e+11
1.83744e+07,208172,2.9027e+06,8.06899e+10,1.26451e+11
1.83784e+07,208767,2.90303e+06,8.0492e+10,1.26577e+11
1.83823e+07,209361,2.90336e+06,8.02939e+10,1.26703e+11
1.83862e+07,209957,2.90368e+06,8.00957e+10,1.26828e+11
1.83902e+07,210553,2.90401e+06,7.98972e+10,1.26953e+11
1.83941e+07,211150,2.90434e+06,7.96985e+10,1.27078e+11
1.83981e+07,211747,2.90467e+06,7.94996e+10,1.27203e+11
1.8402e+07,212345,2.905e+06,7.93006e+10,1.27327e+11
1.8406e+07,212943,2.90534e+06,7.91013e+10,1.27451e+11
1.84099e+07,213543,2.90567e+06,7.89019e+10,1.27574e+11
1.84139e+07,214142,2.90601e+06,7.87022e+10,1.27698e+11
1.84178e+07,214742,2.90634e+06,7.85024e+10,1.27821e+11
1.84217e+07,215343,2.90668e+06,7.83024e+10,1.27943e+11
1.84257e+07,215944,2.90701e+06,7.81022e+10,1.28065e+11
1.84296e+07,216546,2.90735e+06,7.79017e+10,1.28187e+11
1.84336e+07,217149,2.90769e+06,7.77011e+10,1.28309e+11
1.84375e+07,217752,2.90803e+06,7.75004e+10,1.28431e+11
1.84415e+07,218356,2.90837e+06,7.72994e+10,1.28552e+11
1.84454e+07,218960,2.90872e+06,7.70982e+10,1.28672e+11
1.84494e+07,219565,2.90906e+06,7.68969e+10,1.28793e+11
1.84533e+07,220170,2.9094e+06,7.66953e+10,1.28913e+11
1.84573e+07,220776,2.90975e+06,7.64936e+10,1.29033e+11
1.84612e+07,221382,2.91009e+06,7.62917e+10,1.29152e+11
1.84651e+07,221989,2.91044e+06,7.60896e+10,1.29271e+11
1.84691e+07,222597,2.91079e+06,7.58873e+10,1.2939e+11
1.8473e+07,223205,2.91114e+06,7.56848e+10,1.29509e+11
1.8477e+07,223814,2.91149e+06,7.54821e+10,1.29627e+11
1.84809e+07,224423,2.91184e+06,7.52793e+10,1.29745e+11
1.84849e+07,225033,2.91219e+06,7.50762e+10,1.29863e+11
1.84888e+07,225643,2.91254e+06,7.4873e+10,1.2998e+11
1.84928e+07,226254,2.91289e+06,7.46696e+10,1.30097e+11
1.84967e+07,226866,2.91325e+06,7.4466e+10,1.30213e+11
1.85006e+07,227478,2.9136e+06,7.42623e+10,1.3033e+11
1.85046e+07,228090,2.91396e+06,7.40583e+10,1.30446e+11
1.85085e+07,228703,2.91432e+06,7.38542e+10,1.30561e+11
1.85125e+07,229317,2.91468e+06,7.36499e+10,1.30677e+11
1.85164e+07,229931,2.91503e+06,7.34454e+10,1.30792e+11
1.85204e+07,230546,2.91539e+06,7.32407e+10,1.30907e+11
1.85243e+07,231161,2.91576e+06,7.30359e+10,1.31021e+11
1.85283e+07,231777,2.91612e+06,7.28309e+10,1.31135e+11
1.85322e+07,232393,2.91648e+06,7.26257e+10,1.31249e+11
1.85361e+07,233010,2.91684e+06,7.24203e+10,1.31362e+11
1.85401e+07,233627,2.91721e+06,7.22147e+10,1.31475e+11
1.8544e+07,234245,2.91758e+06,7.2009e+10,1.31588e+11
1.8548e+07,234864,2.91794e+06,7.18031e+10,1.31701e+11
1.85519e+07,235483,2.91831e+06,7.1597e+10,1.31813e+11
1.85559e+07,236102,2.91868e+06,7.13907e+10,1.31925e+11
1.85598e+07,236722,2.91905e+06,7.11843e+10,1.32036e+11
1.85638e+07,237343,2.91942e+06,7.09777e+10,1.32147e+11
1.85677e+07,237964,2.91979e+06,7.07709e+10,1.32258e+11
1.85716e+07,238585,2.92016e+06,7.05639e+10,1.32369e+11
1.85756e+07,239208,2.92054e+06,7.03568e+10,1.32479e+11
1.85795e+07,239830,2.92091e+06,7.01495e+10,1.32589e+11
1.85835e+07,240453,2.92129e+06,6.9942e+10,1.32698e+11
1.85874e+07,241077,2.92166e+06,6.97344e+10,1.32808e+11
1.85914e+07,241701,2.92204e+06,6.95266e+10,1.32917e+11
1.85953e+07,242326,2.92242e+06,6.93186e+10,1.33025e+11
1.85993e+07,242951,2.9228e+06,6.91104e+10,1.33133e+11
1.86032e+07,243577,2.92318e+06,6.89021e+10,1.33241e+11
1.86071e+07,244203,2.92356e+06,6.86936e+10,1.33349e+11
1.86111e+07,244830,2.92394e+06,6.84849e+10,1.33456e+11
1.8615e+07,245457,2.92433e+06,6.82761e+10,1.33563e+11
1.8619e+07,246085,2.92471e+06,6.80671e+10,1.3367e+11
1.86229e+07,246713,2.9251e+06,6.78579e+10,1.33776e+11
1.86269e+07,247342,2.92548e+06,6.76486e+10,1.33882e+11
1.86308e+07,247971,2.92587e+06,6.74391e+10,1.33988e+11
1.86348e+07,248600,2.92626e+06,6.72295e+10,1.34093e+11
1.86387e+07,249231,2.92665e+06,6.70196e+10,1.34198e+11
1.86427e+07,249861,2.92704e+06,6.68097e+10,1.34303e+11
1.86466e+07,250493,2.92743e+06,6.65995e+10,1.34407e+11
1.86505e+07,251124,2.92782e+06,6.63892e+10,1.34511e+11
1.86545e+07,251756,2.92822e+06,6.61787e+10,1.34615e+11
1.86584e+07,252389,2.92861e+06,6.59681e+10,1.34718e+11
1.86624e+07,253022,2.92901e+06,6.57573e+10,1.34821e+11
1.86663e+07,253656,2.9294e+06,6.55463e+10,1.34924e+11
1.86703e+07,254290,2.9298e+06,6.53352e+10,1.35026e+11
1.86742e+07,254924,2.9302e+06,6.51239e+10,1.35128e+11
1.86782e+07,255560,2.9306e+06,6.49125e+10,1.3523e+11
1.86821e+07,256195,2.931e+06,6.47009e+10,1.35331e+11
1.8686e+07,256831,2.9314e+06,6.44891e+10,1.35432e+11
1.869e+07,257468,2.9318e+06,6.42772e+10,1.35533e+11
1.86939e+07,258105,2.9322e+06,6.40651e+10,1.35633e+11
1.86979e+07,258742,2.93261e+06,6.38529e+10,1.35733e+11
1.87018e+07,259380,2.93301e+06,6.36405e+10,1.35833e+11
1.87058e+07,260018,2.93342e+06,6.3428e+10,1.35933e+11
1.87097e+07,260657,2.93383e+06,6.32153e+10,1.36032e+11
1.87137e+07,261296,2.93424e+06,6.30024e+10,1.3613e+11
1.87176e+07,261936,2.93464e+06,6.27894e+10,1.36229e+11
1.87215e+07,262576,2.93505e+06,6.25763e+10,1.36327e+11
1.87255e+07,263217,2.93547e+06,6.23629e+10,1.36424e+11
1.87294e+07,263858,2.93588e+06,6.21495e+10,1.36522e+11
1.87334e+07,264500,2.93629e+06,6.19359e+10,1.36619e+11
1.87373e+07,265142,2.93671e+06,6.17221e+10,1.36716e+11
1.87413e+07,265784,2.93712e+06,6.15082e+10,1.36812e+11
1.87452e+07,266427,2.93754e+06,6.12941e+10,1.36908e+11
1.87492e+07,267071,2.93795e+06,6.10799e+10,1.37004e+11
1.87531e+07,267715,2.93837e+06,6.08655e+10,1.37099e+11
1.8757e+07,268359,2.93879e+06,6.0651e+10,1.37194e+11
1.8761e+07,269004,2.93921e+06,6.04363e+10,1.37289e+11
1.87649e+07,269649,2.93963e+06,6.02215e+10,1.37383e+11
1.87689e+07,270294,2.94006e+06,6.00066e+10,1.37477e+11
1.87728e+07,270940,2.94048e+06,5.97914e+10,1.37571e+11
1.87768e+07,271587,2.9409e+06,5.95762e+10,1.37664e+11
1.87807e+07,272234,2.94133e+06,5.93608e+10,1.37757e+11
1.87847e+07,272881,2.94175e+06,5.91452e+10,1.3785e+11
1.87886e+07,273529,2.94218e+06,5.89296e+10,1.37942e+11
1.87926e+07,274177,2.94261e+06,5.87137e+10,1.38034e+11
1.87965e+07,274826,2.94304e+06,5.84977e+10,1.38126e+11
1.88004e+07,275475,2.94347e+06,5.82816e+10,1.38217e+11
1.88044e+07,276125,2.9439e+06,5.80654e+10,1.38308e+11
1.88083e+07,276775,2.94433e+06,5.7849e+10,1.38399e+11
1.88123e+07,277425,2.94477e+06,5.76324e+10,1.38489e+11
1.88162e+07,278076,2.9452e+06,5.74157e+10,1.38579e+11
1.88202e+07,278727,2.94564e+06,5.71989e+10,1.38669e+11
1.88241e+07,279379,2.94607e+06,5.69819e+10,1.38758e+11
1.88281e+07,280031,2.94651e+06,5.67648e+10,1.38847e+11
1.8832e+07,280683,2.94695e+06,5.65476e+10,1.38936e+11
1.88359e+07,281336,2.94739e+06,5.63302e+10,1.39024e+11
1.88399e+07,281990,2.94783e+06,5.61127e+10,1.39112e+11
1.88438e+07,282643,2.94827e+06,5.5895e+10,1.392e+11
1.88478e+07,283298,2.94871e+06,5.56772e+10,1.39287e+11
1.88517e+07,283952,2.94916e+06,5.54593e+10,1.39374e+11
1.88557e+07,284607,2.9496e+06,5.52412e+10,1.3946e+11
1.88596e+07,285263,2.95005e+06,5.5023e+10,1.39547e+11
1.88636e+07,285918,2.9505e+06,5.48046e+10,1.39632e+11
1.88675e+07,286574,2.95094e+06,5.45862e+10,1.39718e+11
1.88714e+07,287231,2.95139e+06,5.43676e+10,1.39803e+11
1.88754e+07,287888,2.95184e+06,5.41488e+10,1.39888e+11
1.88793e+07,288545,2.95229e+06,5.393e+10,1.39973e+11
1.88833e+07,289203,2.95274e+06,5.37109e+10,1.40057e+11
1.88872e+07,289861,2.9532e+06,5.34918e+10,1.40141e+11
1.88912e+07,290520,2.95365e+06,5.32725e+10,1.40224e+11
1.88951e+07,291179,2.95411e+06,5.30532e+10,1.40307e+11
1.88991e+07,291838,2.95456e+06,5.28336e+10,1.4039e+11
1.8903e+07,292498,2.95502e+06,5.2614e+10,1.40473e+11
1.89069e+07,293158,2.95548e+06,5.23942e+10,1.40555e+11
1.89109e+07,293819,2.95594e+06,5.21743e+10,1.40636e+11
1.89148e+07,294479,2.9564e+06,5.19542e+10,1.40718e+11
1.89188e+07,295141,2.95686e+06,5.17341e+10,1.40799e+11
1.89227e+07,295802,2.95732e+06,5.15138e+10,1.4088e+11
1.89267e+07,296464,2.95778e+06,5.12933e+10,1.4096e+11
1.89306e+07,297127,2.95825e+06,5.10728e+10,1.4104e+11
1.89346e+07,297790,2.95871e+06,5.08521e+10,1.4112e+11
1.89385e+07,298453,2.95918e+06,5.06313e+10,1.41199e+11
1.89424e+07,299116,2.95965e+06,5.04104e+10,1.41278e+11
1.89464e+07,299780,2.96011e+06,5.01894e+10,1.41357e+11
1.89503e+07,300444,2.96058e+06,4.99682e+10,1.41435e+11
1.89543e+07,301109,2.96105e+06,4.97469e+10,1.41513e+11
1.89582e+07,301774,2.96153e+06,4.95255e+10,1.41591e+11
1.89622e+07,302439,2.962e+06,4.9304e+10,1.41668e+11
1.89661e+07,303105,2.96247e+06,4.90823e+10,1.41745e+11
1.89701e+07,303771,2.96295e+06,4.88606e+10,1.41822e+11
1.8974e+07,304438,2.96342e+06,4.86387e+10,1.41898e+11
1.8978e+07,305105,2.9639e+06,4.84167e+10,1.41974e+11
1.89819e+07,305772,2.96438e+06,4.81945e+10,1.4205e+11
1.89858e+07,306439,2.96486e+06,4.79723e+10,1.42125e+11
1.89898e+07,307107,2.96534e+06,4.77499e+10,1.422e+11
1.89937e+07,307775,2.96582e+06,4.75274e+10,1.42274e+11
1.89977e+07,308444,2.9663e+06,4.73048e+10,1.42348e+11
1.90016e+07,309113,2.96678e+06,4.70821e+10,1.42422e+11
1.90056e+07,309782,2.96727e+06,4.68593e+10,1.42496e+11
1.90095e+07,310452,2.96775e+06,4.66364e+10,1.42569e+11
1.90135e+07,311122,2.96824e+06,4.64133e+10,1.42641e+11
1.90174e+07,311792,2.96872e+06,4.61901e+10,1.42714e+11
1.90213e+07,312463,2.96921e+06,4.59669e+10,1.42786e+11
1.90253e+07,313133,2.9697e+06,4.57435e+10,1.42858e+11
1.90292e+07,313805,2.97019e+06,4.552e+10,1.42929e+11
1.90332e+07,314476,2.97068e+06,4.52963e+10,1.43e+11
1.90371e+07,315148,2.97118e+06,4.50726e+10,1.43071e+11
1.90411e+07,315821,2.97167e+06,4.48488e+10,1.43141e+11
1.9045e+07,316493,2.97216e+06,4.46248e+10,1.43211e+11
1.9049e+07,317166,2.97266e+06,4.44008e+10,1.43281e+11
1.90529e+07,317840,2.97316e+06,4.41766e+10,1.4335e+11
1.90568e+07,318513,2.97365e+06,4.39523e+10,1.43419e+11
1.90608e+07,319187,2.97415e+06,4.37279e+10,1.43487e+11
1.90647e+07,319861,2.97465e+06,4.35034e+10,1.43556e+11
1.90687e+07,320536,2.97515e+06,4.32788e+10,1.43624e+11
1.90726e+07,321211,2.97565e+06,4.30541e+10,1.43691e+11
1.90766e+07,321886,2.97616e+06,4.28293e+10,1.43758e+11
1.90805e+07,322562,2.97666e+06,4.26044e+10,1.43825e+11
1.90845e+07,323237,2.97717e+06,4.23794e+10,1.43892e+11
1.90884e+07,323914,2.97767e+06,4.21543e+10,1.43958e+11
1.90923e+07,324590,2.97818e+06,4.19291e+10,1.44023e+11
1.90963e+07,325267,2.97869e+06,4.17037e+10,1.44089e+11
1.91002e+07,325944,2.9792e+06,4.14783e+10,1.44154e+11
1.91042e+07,326621,2.97971e+06,4.12528e+10,1.44219e+11
1.91081e+07,327299,2.98022e+06,4.10271e+10,1.44283e+11
1.91121e+07,327977,2.98073e+06,4.08014e+10,1.44347e+11
1.9116e+07,328655,2.98125e+06,4.05756e+10,1.44411e+11
1.912e+07,329334,2.98176e+06,4.03497e+10,1.44474e+11
1.91239e+07,330013,2.98228e+06,4.01236e+10,1.44537e+11
1.91279e+07,330692,2.98279e+06,3.98975e+10,1.44599e+11
1.91318e+07,331371,2.98331e+06,3.96713e+10,1.44662e+11
1.91357e+07,332051,2.98383e+06,3.9445e+10,1.44723e+11
1.91397e+07,332731,2.98435e+06,3.92185e+10,1.44785e+11
1.91436e+07,333411,2.98487e+06,3.8992e+10,1.44846e+11
1.91476e+07,334092,2.98539e+06,3.87654e+10,1.44907e+11
1.91515e+07,334773,2.98591e+06,3.85387e+10,1.44967e+11
1.91555e+07,335454,2.98644e+06,3.83119e+10,1.45028e+11
1.91594e+07,336136,2.98696e+06,3.8085e+10,1.45087e+11
1.91634e+07,336817,2.98749e+06,3.7858e+10,1.45147e+11
1.91673e+07,337499,2.98802e+06,3.7631e+10,1.45206e+11
1.91712e+07,338182,2.98855e+06,3.74038e+10,1.45264e+11
1.91752e+07,338864,2.98908e+06,3.71765e+10,1.45323e+11
1.91791e+07,339547,2.98961e+06,3.69492e+10,1.45381e+11
1.91831e+07,340230,2.99014e+06,3.67217e+10,1.45438e+11
1.9187e+07,340914,2.99067e+06,3.64942e+10,1.45496e+11
1.9191e+07,341597,2.9912e+06,3.62666e+10,1.45553e+11
1.91949e+07,342281,2.99174e+06,3.60389e+10,1.45609e+11
1.91989e+07,342965,2.99228e+06,3.58111e+10,1.45665e+11
1.92028e+07,343650,2.99281e+06,3.55832e+10,1.45721e+11
1.92067e+07,344334,2.99335e+06,3.53552e+10,1.45777e+11
1.92107e+07,345019,2.99389e+06,3.51271e+10,1.45832e+11
1.92146e+07,345705,2.99443e+06,3.4899e+10,1.45886e+11
1.92186e+07,346390,2.99497e+06,3.46708e+10,1.45941e+11
1.92225e+07,347076,2.99551e+06,3.44425e+10,1.45995e+11
1.92265e+07,347762,2.99606e+06,3.42141e+10,1.46049e+11
1.92304e+07,348448,2.9966e+06,3.39856e+10,1.46102e+11
1.92344e+07,349135,2.99715e+06,3.3757e+10,1.46155e+11
1.92383e+07,349821,2.99769e+06,3.35283e+10,1.46208e+11
1.92422e+07,350508,2.99824e+06,3.32996e+10,1.4626e+11
1.92462e+07,351196,2.99879e+06,3.30708e+10,1.46312e+11
1.92501e+07,351883,2.99934e+06,3.28419e+10,1.46363e+11
1.92541e+07,352571,2.99989e+06,3.26129e+10,1.46414e+11
1.9258e+07,353259,3.00044e+06,3.23839e+10,1.46465e+11
1.9262e+07,353947,3.001e+06,3.21547e+10,1.46516e+11
1.92659e+07,354635,3.00155e+06,3.19255e+10,1.46566e+11
1.92699e+07,355324,3.00211e+06,3.16962e+10,1.46616e+11
1.92738e+07,356013,3.00266e+06,3.14669e+10,1.46665e+11
1.92777e+07,356702,3.00322e+06,3.12374e+10,1.46714e+11
1.92817e+07,357392,3.00378e+06,3.10079e+10,1.46763e+11
1.92856e+07,358081,3.00434e+06,3.07783e+10,1.46811e+11
1.92896e+07,358771,3.0049e+06,3.05486e+10,1.46859e+11
1.92935e+07,359461,3.00546e+06,3.03189e+10,1.46907e+11
1.92975e+07,360151,3.00602e+06,3.00891e+10,1.46954e+11
1.93014e+07,360842,3.00659e+06,2.98592e+10,1.47001e+11
1.93054e+07,361532,3.00715e+06,2.96292e+10,1.47047e+11
1.93093e+07,362223,3.00772e+06,2.93992e+10,1.47093e+11
1.93133e+07,362915,3.00828e+06,2.91691e+10,1.47139e+11
1.93172e+07,363606,3.00885e+06,2.89389e+10,1.47185e+11
1.93211e+07,364297,3.00942e+06,2.87086e+10,1.4723e+11
1.93251e+07,364989,3.00999e+06,2.84783e+10,1.47275e+11
1.9329e+07,365681,3.01056e+06,2.82479e+10,1.47319e+11
1.9333e+07,366373,3.01114e+06,2.80174e+10,1.47363e+11
1.93369e+07,367066,3.01171e+06,2.77869e+10,1.47407e+11
1.93409e+07,367758,3.01228e+06,2.75563e+10,1.4745e+11
1.93448e+07,368451,3.01286e+06,2.73256e+10,1.47493e+11
1.93488e+07,369144,3.01344e+06,2.70949e+10,1.47535e+11
1.93527e+07,369837,3.01402e+06,2.68641e+10,1.47578e+11
1.93566e+07,370531,3.01459e+06,2.66332e+10,1.47619e+11
1.93606e+07,371224,3.01517e+06,2.64023e+10,1.47661e+11
1.93645e+07,371918,3.01576e+06,2.61713e+10,1.47702e+11
1.93685e+07,372612,3.01634e+06,2.59402e+10,1.47743e+11
1.93724e+07,373306,3.01692e+06,2.57091e+10,1.47783e+11
1.93764e+07,374001,3.01751e+06,2.54779e+10,1.47823e+11
1.93803e+07,374695,3.01809e+06,2.52467e+10,1.47863e+11
1.93843e+07,375390,3.01868e+06,2.50154e+10,1.47902e+11
1.93882e+07,376085,3.01927e+06,2.4784e+10,1.47941e+11
1.93921e+07,376780,3.01985e+06,2.45526e+10,1.4798e+11
1.93961e+07,377475,3.02044e+06,2.43211e+10,1.48018e+11
1.94e+07,378171,3.02104e+06,2.40895e+10,1.48056e+11
1.9404e+07,378867,3.02163e+06,2.38579e+10,1.48093e+11
1.94079e+07,379562,3.02222e+06,2.36262e+10,1.4813e+11
1.94119e+07,380258,3.02281e+06,2.33945e+10,1.48167e+11
1.94158e+07,380955,3.02341e+06,2.31627e+10,1.48204e+11
1.94198e+07,381651,3.02401e+06,2.29309e+10,1.4824e+11
1.94237e+07,382347,3.0246e+06,2.2699e+10,1.48275e+11
1.94276e+07,383044,3.0252e+06,2.2467e+10,1.48311e+11
1.94316e+07,383741,3.0258e+06,2.2235e+10,1.48346e+11
1.94355e+07,384438,3.0264e+06,2.2003e+10,1.4838e+11
1.94395e+07,385135,3.02701e+06,2.17708e+10,1.48414e+11
1.94434e+07,385832,3.02761e+06,2.15387e+10,1.48448e+11
1.94474e+07,386530,3.02821e+06,2.13065e+10,1.48482e+11
1.94513e+07,387227,3.02882e+06,2.10742e+10,1.48515e+11
1.94553e+07,387925,3.02942e+06,2.08419e+10,1.48548e+11
1.94592e+07,388623,3.03003e+06,2.06095e+10,1.4858e+11
1.94631e+07,389321,3.03064e+06,2.0377e+10,1.48612e+11
1.94671e+07,390019,3.03125e+06,2.01446e+10,1.48644e+11
1.9471e+07,390718,3.03186e+06,1.9912e+10,1.48675e+11
1.9475e+07,391416,3.03247e+06,1.96795e+10,1.48706e+11
1.94789e+07,392115,3.03308e+06,1.94468e+10,1.48737e+11
1.94829e+07,392814,3.0337e+06,1.92142e+10,1.48767e+11
1.94868e+07,393513,3.03431e+06,1.89815e+10,1.48797e+11
1.94908e+07,394212,3.03493e+06,1.87487e+10,1.48826e+11
1.94947e+07,394911,3.03555e+06,1.85159e+10,1.48856e+11
1.94987e+07,395611,3.03616e+06,1.8283e+10,1.48884e+11
1.95026e+07,396310,3.03678e+06,1.80501e+10,1.48913e+11
1.95065e+07,397010,3.0374e+06,1.78172e+10,1.48941e+11
1.95105e+07,397710,3.03803e+06,1.75842e+10,1.48968e+11
1.95144e+07,398409,3.03865e+06,1.73512e+10,1.48996e+11
1.95184e+07,399110,3.03927e+06,1.71181e+10,1.49023e+11
1.95223e+07,399810,3.0399e+06,1.6885e+10,1.49049e+11
1.95263e+07,400510,3.04052e+06,1.66518e+10,1.49076e+11
1.95302e+07,401210,3.04115e+06,1.64186e+10,1.49101e+11
1.95342e+07,401911,3.04178e+06,1.61854e+10,1.49127e+11
1.95381e+07,402612,3.04241e+06,1.59521e+10,1.49152e+11
1.9542e+07,403312,3.04304e+06,1.57188e+10,1.49177e+11
1.9546e+07,404013,3.04367e+06,1.54854e+10,1.49201e+11
1.95499e+07,404714,3.0443e+06,1.5252e+10,1.49225e+11
1.95539e+07,405415,3.04493e+06,1.50186e+10,1.49249e+11
1.95578e+07,406116,3.04557e+06,1.47851e+10,1.49272e+11
1.95618e+07,406818,3.04621e+06,1.45516e+10,1.49295e+11
1.95657e+07,407519,3.04684e+06,1.43181e+10,1.49318e+11
1.95697e+07,408221,3.04748e+06,1.40845e+10,1.4934e+11
1.95736e+07,408922,3.04812e+06,1.38509e+10,1.49362e+11
1.95775e+07,409624,3.04876e+06,1.36173e+10,1.49383e+11
1.95815e+07,410326,3.0494e+06,1.33836e+10,1.49404e+11
1.95854e+07,411028,3.05004e+06,1.31499e+10,1.49425e+11
1.95894e+07,411730,3.05069e+06,1.29162e+10,1.49446e+11
1.95933e+07,412432,3.05133e+06,1.26824e+10,1.49466e+11
1.95973e+07,413134,3.05198e+06,1.24486e+10,1.49485e+11
1.96012e+07,413837,3.05262e+06,1.22147e+10,1.49505e+11
1.96052e+07,414539,3.05327e+06,1.19809e+10,1.49523e+11
1.96091e+07,415242,3.05392e+06,1.1747e+10,1.49542e+11
1.9613e+07,415944,3.05457e+06,1.15131e+10,1.4956e+11
1.9617e+07,416647,3.05522e+06,1.12791e+10,1.49578e+11
1.96209e+07,417350,3.05587e+06,1.10451e+10,1.49595e+11
1.96249e+07,418052,3.05653e+06,1.08111e+10,1.49613e+11
1.96288e+07,418755,3.05718e+06,1.05771e+10,1.49629e+11
1.96328e+07,419458,3.05784e+06,1.03431e+10,1.49646e+11
1.96367e+07,420161,3.05849e+06,1.0109e+10,1.49662e+11
1.96407e+07,420864,3.05915e+06,9.87487e+09,1.49677e+11
1.96446e+07,421568,3.05981e+06,9.64074e+09,1.49693e+11
1.96486e+07,422271,3.06047e+06,9.40658e+09,1.49707e+11
1.96525e+07,422974,3.06113e+06,9.17241e+09,1.49722e+11
1.96564e+07,423678,3.06179e+06,8.93821e+09,1.49736e+11
1.96604e+07,424381,3.06246e+06,8.70399e+09,1.4975e+11
1.96643e+07,425085,3.06312e+06,8.46974e+09,1.49763e+11
1.96683e+07,425788,3.06379e+06,8.23548e+09,1.49776e+11
1.96722e+07,426492,3.06445e+06,8.0012e+09,1.49789e+11
1.96762e+07,427196,3.06512e+06,7.76689e+09,1.49801e+11
1.96801e+07,427900,3.06579e+06,7.53257e+09,1.49813e+11
1.96841e+07,428603,3.06646e+06,7.29823e+09,1.49825e+11
1.9688e+07,429307,3.06713e+06,7.06387e+09,1.49836e+11
1.96919e+07,430011,3.0678e+06,6.8295e+09,1.49847e+11
1.96959e+07,430715,3.06848e+06,6.5951e+09,1.49858e+11
1.96998e+07,431419,3.06915e+06,6.3607e+09,1.49868e+11
1.97038e+07,432123,3.06983e+06,6.12627e+09,1.49878e+11
1.97077e+07,432827,3.0705e+06,5.89183e+09,1.49887e+11
1.97117e+07,433532,3.07118e+06,5.65738e+09,1.49896e+11
1.97156e+07,434236,3.07186e+06,5.42291e+09,1.49905e+11
1.97196e+07,434940,3.07254e+06,5.18843e+09,1.49913e+11
1.97235e+07,435644,3.07322e+06,4.95394e+09,1.49921e+11
1.97274e+07,436349,3.0739e+06,4.71943e+09,1.49928e+11
1.97314e+07,437053,3.07458e+06,4.48492e+09,1.49936e+11
1.97353e+07,437758,3.07527e+06,4.25039e+09,1.49942e+11
1.97393e+07,438462,3.07595e+06,4.01585e+09,1.49949e+11
1.97432e+07,439166,3.07664e+06,3.7813e+09,1.49955e+11
1.97472e+07,439871,3.07733e+06,3.54674e+09,1.49961e+11
1.97511e+07,440575,3.07802e+06,3.31218e+09,1.49966e+11
1.97551e+07,441280,3.07871e+06,3.0776e+09,1.49971e+11
1.9759e+07,441985,3.0794e+06,2.84302e+09,1.49976e+11
1.97629e+07,442689,3.08009e+06,2.60843e+09,1.4998e+11
1.97669e+07,443394,3.08078e+06,2.37384e+09,1.49984e+11
1.97708e+07,444098,3.08148e+06,2.13924e+09,1.49987e+11
1.97748e+07,444803,3.08217e+06,1.90463e+09,1.49991e+11
1.97787e+07,445508,3.08287e+06,1.67002e+09,1.49993e+11
1.97827e+07,446212,3.08356e+06,1.43541e+09,1.49996e+11
1.97866e+07,446917,3.08426e+06,1.20079e+09,1.49998e+11
1.97906e+07,447622,3.08496e+06,9.66168e+08,1.5e+11
1.97945e+07,448326,3.08566e+06,7.31544e+08,1.50001e+11
1.97984e+07,449031,3.08637e+06,4.96919e+08,1.50002e+11
1.98024e+07,449736,3.08707e+06,2.62292e+08,1.50002e+11
1.98063e+07,450440,3.08777e+06,2.76648e+07,1.50003e+11
1.98103e+07,451145,3.08848e+06,-2.06963e+08,1.50003e+11
1.98142e+07,451850,3.08918e+06,-4.41589e+08,1.50002e+11
1.98182e+07,452555,3.08989e+06,-6.76215e+08,1.50001e+11
1.98221e+07,453259,3.0906e+06,-9.10839e+08,1.5e+11
1.98261e+07,453964,3.09131e+06,-1.14546e+09,1.49998e+11
1.983e+07,454669,3.09202e+06,-1.38008e+09,1.49996e+11
1.9834e+07,455373,3.09273e+06,-1.6147e+09,1.49994e+11
1.98379e+07,456078,3.09344e+06,-1.84931e+09,1.49991e+11
1.98418e+07,456783,3.09416e+06,-2.08391e+09,1.49988e+11
1.98458e+07,457487,3.09487e+06,-2.31852e+09,1.49985e+11
1.98497e+07,458192,3.09559e+06,-2.55311e+09,1.49981e+11
1.98537e+07,458896,3.09631e+06,-2.7877e+09,1.49977e+11
1.98576e+07,459601,3.09702e+06,-3.02229e+09,1.49972e+11
1.98616e+07,460305,3.09774e+06,-3.25686e+09,1.49967e+11
1.98655e+07,461010,3.09846e+06,-3.49143e+09,1.49962e+11
1.98695e+07,461714,3.09919e+06,-3.72599e+09,1.49956e+11
1.98734e+07,462419,3.09991e+06,-3.96054e+09,1.4995e+11
1.98773e+07,463123,3.10063e+06,-4.19508e+09,1.49944e+11
1.98813e+07,463828,3.10136e+06,-4.42961e+09,1.49937e+11
1.98852e+07,464532,3.10208e+06,-4.66413e+09,1.4993e+11
1.98892e+07,465237,3.10281e+06,-4.89864e+09,1.49923e+11
1.98931e+07,465941,3.10354e+06,-5.13313e+09,1.49915e+11
1.98971e+07,466645,3.10427e+06,-5.36762e+09,1.49907e+11
1.9901e+07,467349,3.105e+06,-5.60209e+09,1.49898e+11
1.9905e+07,468054,3.10573e+06,-5.83654e+09,1.49889e+11
1.99089e+07,468758,3.10646e+06,-6.07099e+09,1.4988e+11
1.99128e+07,469462,3.1072e+06,-6.30541e+09,1.4987e+11
1.99168e+07,470166,3.10793e+06,-6.53983e+09,1.4986e+11
1.99207e+07,470870,3.10867e+06,-6.77422e+09,1.4985e+11
1.99247e+07,471574,3.10941e+06,-7.0086e+09,1.49839e+11
1.99286e+07,472278,3.11014e+06,-7.24297e+09,1.49828e+11
1.99326e+07,472982,3.11088e+06,-7.47731e+09,1.49816e+11
1.99365e+07,473685,3.11162e+06,-7.71164e+09,1.49804e+11
1.99405e+07,474389,3.11236e+06,-7.94594e+09,1.49792e+11
1.99444e+07,475093,3.11311e+06,-8.18023e+09,1.49779e+11
1.99483e+07,475796,3.11385e+06,-8.4145e+09,1.49766e+11
1.99523e+07,476500,3.1146e+06,-8.64875e+09,1.49753e+11
1.99562e+07,477203,3.11534e+06,-8.88297e+09,1.49739e+11
1.99602e+07,477907,3.11609e+06,-9.11718e+09,1.49725e+11
1.99641e+07,478610,3.11684e+06,-9.35136e+09,1.49711e+11
1.99681e+07,479314,3.11759e+06,-9.58552e+09,1.49696e+11
1.9972e+07,480017,3.11834e+06,-9.81966e+09,1.49681e+11
1.9976e+07,480720,3.11909e+06,-1.00538e+10,1.49665e+11
1.99799e+07,481423,3.11984e+06,-1.02879e+10,1.49649e+11
1.99839e+07,482126,3.12059e+06,-1.05219e+10,1.49633e+11
1.99878e+07,482829,3.12135e+06,-1.0756e+10,1.49616e+11
1.99917e+07,483532,3.1221e+06,-1.099e+10,1.49599e+11
1.99957e+07,484235,3.12286e+06,-1.12239e+10,1.49582e+11
1.99996e+07,484937,3.12362e+06,-1.14579e+10,1.49564e+11
2.00036e+07,485640,3.12438e+06,-1.16918e+10,1.49546e+11
2.00075e+07,486342,3.12514e+06,-1.19257e+10,1.49528e+11
2.00115e+07,487045,3.1259e+06,-1.21596e+10,1.49509e+11
2.00154e+07,487747,3.12666e+06,-1.23934e+10,1.4949e+11
2.00194e+07,488449,3.12743e+06,-1.26272e+10,1.4947e+11
2.00233e+07,489151,3.12819e+06,-1.2861e+10,1.4945e+11
2.00272e+07,489854,3.12896e+06,-1.30948e+10,1.4943e+11
2.00312e+07,490555,3.12972e+06,-1.33285e+10,1.49409e+11
2.00351e+07,491257,3.13049e+06,-1.35622e+10,1.49388e+11
2.00391e+07,491959,3.13126e+06,-1.37958e+10,1.49367e+11
2.0043e+07,492661,3.13203e+06,-1.40294e+10,1.49345e+11
2.0047e+07,493362,3.1328e+06,-1.4263e+10,1.49323e+11
2.00509e+07,494064,3.13357e+06,-1.44966e+10,1.493e+11
2.00549e+07,494765,3.13435e+06,-1.47301e+10,1.49278e+11
2.00588e+07,495466,3.13512e+06,-1.49636e+10,1.49254e+11
2.00627e+07,496168,3.1359e+06,-1.5197e+10,1.49231e+11
2.00667e+07,496869,3.13667e+06,-1.54304e+10,1.49207e+11
2.00706e+07,497569,3.13745e+06,-1.56638e+10,1.49183e+11
2.00746e+07,498270,3.13823e+06,-1.58971e+10,1.49158e+11
2.00785e+07,498971,3.13901e+06,-1.61304e+10,1.49133e+11
2.00825e+07,499671,3.13979e+06,-1.63636e+10,1.49107e+11
2.00864e+07,500372,3.14057e+06,-1.65968e+10,1.49082e+11
2.00904e+07,501072,3.14136e+06,-1.683e+10,1.49055e+11
2.00943e+07,501772,3.14214e+06,-1.70631e+10,1.49029e+11
2.00982e+07,502472,3.14293e+06,-1.72962e+10,1.49002e+11
2.01022e+07,503172,3.14371e+06,-1.75292e+10,1.48975e+11
2.01061e+07,503872,3.1445e+06,-1.77622e+10,1.48947e+11
2.01101e+07,504572,3.14529e+06,-1.79952e+10,1.48919e+11
2.0114e+07,505271,3.14608e+06,-1.82281e+10,1.48891e+11
2.0118e+07,505971,3.14687e+06,-1.8461e+10,1.48862e+11
2.01219e+07,506670,3.14766e+06,-1.86938e+10,1.48833e+11
2.01259e+07,507369,3.14845e+06,-1.89266e+10,1.48804e+11
2.01298e+07,508068,3.14925e+06,-1.91593e+10,1.48774e+11
2.01337e+07,508767,3.15004e+06,-1.9392e+10,1.48744e+11
2.01377e+07,509466,3.15084e+06,-1.96246e+10,1.48713e+11
2.01416e+07,510164,3.15164e+06,-1.98572e+10,1.48682e+11
2.01456e+07,510863,3.15244e+06,-2.00897e+10,1.48651e+11
2.01495e+07,511561,3.15324e+06,-2.03222e+10,1.4862e+11
2.01535e+07,512259,3.15404e+06,-2.05547e+10,1.48588e+11
2.01574e+07,512957,3.15484e+06,-2.0787e+10,1.48555e+11
2.01614e+07,513655,3.15564e+06,-2.10194e+10,1.48523e+11
2.01653e+07,514353,3.15644e+06,-2.12517e+10,1.4849e+11
2.01693e+07,515050,3.15725e+06,-2.14839e+10,1.48456e+11
2.01732e+07,515748,3.15806e+06,-2.17161e+10,1.48422e+11
2.01771e+07,516445,3.15886e+06,-2.19482e+10,1.48388e+11
2.01811e+07,517142,3.15967e+06,-2.21803e+10,1.48354e+11
2.0185e+07,517839,3.16048e+06,-2.24123e+10,1.48319e+11
2.0189e+07,518535,3.16129e+06,-2.26443e+10,1.48284e+11
2.01929e+07,519232,3.1621e+06,-2.28762e+10,1.48248e+11
2.01969e+07,519928,3.16292e+06,-2.3108e+10,1.48212e+11
2.02008e+07,520624,3.16373e+06,-2.33398e+10,1.48176e+11
2.02048e+07,521321,3.16454e+06,-2.35716e+10,1.48139e+11
2.02087e+07,522016,3.16536e+06,-2.38033e+10,1.48102e+11
2.02126e+07,522712,3.16618e+06,-2.40349e+10,1.48064e+11
2.02166e+07,523408,3.167e+06,-2.42665e+10,1.48027e+11
2.02205e+07,524103,3.16781e+06,-2.4498e+10,1.47989e+11
2.02245e+07,524798,3.16864e+06,-2.47294e+10,1.4795e+11
2.02284e+07,525493,3.16946e+06,-2.49608e+10,1.47911e+11
2.02324e+07,526188,3.17028e+06,-2.51921e+10,1.47872e+11
2.02363e+07,526882,3.1711e+06,-2.54234e+10,1.47832e+11
2.02403e+07,527577,3.17193e+06,-2.56546e+10,1.47792e+11
2.02442e+07,528271,3.17275e+06,-2.58857e+10,1.47752e+11
2.02481e+07,528965,3.17358e+06,-2.61168e+10,1.47711e+11
2.02521e+07,529659,3.17441e+06,-2.63478e+10,1.4767e+11
2.0256e+07,530353,3.17524e+06,-2.65788e+10,1.47629e+11
2.026e+07,531046,3.17607e+06,-2.68096e+10,1.47587e+11
2.02639e+07,531739,3.1769e+06,-2.70405e+10,1.47545e+11
2.02679e+07,532432,3.17773e+06,-2.72712e+10,1.47503e+11
2.02718e+07,533125,3.17856e+06,-2.75019e+10,1.4746e+11
2.02758e+07,533818,3.1794e+06,-2.77325e+10,1.47417e+11
2.02797e+07,534510,3.18023e+06,-2.79631e+10,1.47373e+11
2.02836e+07,535203,3.18107e+06,-2.81935e+10,1.47329e+11
2.02876e+07,535895,3.18191e+06,-2.84239e+10,1.47285e+11
2.02915e+07,536586,3.18275e+06,-2.86543e+10,1.4724e+11
2.02955e+07,537278,3.18359e+06,-2.88846e+10,1.47195e+11
2.02994e+07,537969,3.18443e+06,-2.91148e+10,1.4715e+11
2.03034e+07,538661,3.18527e+06,-2.93449e+10,1.47104e+11
2.03073e+07,539352,3.18611e+06,-2.95749e+10,1.47058e+11
2.03113e+07,540042,3.18696e+06,-2.98049e+10,1.47012e+11
2.03152e+07,540733,3.1878e+06,-3.00348e+10,1.46965e+11
2.03191e+07,541423,3.18865e+06,-3.02647e+10,1.46918e+11
2.03231e+07,542113,3.1895e+06,-3.04944e+10,1.4687e+11
2.0327e+07,542803,3.19034e+06,-3.07241e+10,1.46822e+11
2.0331e+07,543493,3.19119e+06,-3.09538e+10,1.46774e+11
2.03349e+07,544182,3.19205e+06,-3.11833e+10,1.46725e+11
2.03389e+07,544871,3.1929e+06,-3.14128e+10,1.46676e+11
2.03428e+07,545560,3.19375e+06,-3.16421e+10,1.46627e+11
2.03468e+07,546249,3.1946e+06,-3.18714e+10,1.46577e+11
2.03507e+07,546938,3.19546e+06,-3.21007e+10,1.46527e+11
2.03547e+07,547626,3.19631e+06,-3.23298e+10,1.46477e+11
2.03586e+07,548314,3.19717e+06,-3.25589e+10,1.46426e+11
2.03625e+07,549002,3.19803e+06,-3.27879e+10,1.46375e+11
2.03665e+07,549689,3.19889e+06,-3.30168e+10,1.46324e+11
2.03704e+07,550376,3.19975e+06,-3.32456e+10,1.46272e+11
2.03744e+07,551064,3.20061e+06,-3.34744e+10,1.4622e+11
2.03783e+07,551750,3.20147e+06,-3.37031e+10,1.46167e+11
2.03823e+07,552437,3.20234e+06,-3.39317e+10,1.46114e+11
2.03862e+07,553123,3.2032e+06,-3.41602e+10,1.46061e+11
2.03902e+07,553809,3.20407e+06,-3.43886e+10,1.46007e+11
2.03941e+07,554495,3.20493e+06,-3.46169e+10,1.45953e+11
2.0398e+07,555181,3.2058e+06,-3.48452e+10,1.45899e+11
2.0402e+07,555866,3.20667e+06,-3.50733e+10,1.45844e+11
2.04059e+07,556551,3.20754e+06,-3.53014e+10,1.45789e+11
2.04099e+07,557236,3.20841e+06,-3.55294e+10,1.45734e+11
2.04138e+07,557920,3.20928e+06,-3.57573e+10,1.45678e+11
2.04178e+07,558604,3.21016e+06,-3.59851e+10,1.45622e+11
2.04217e+07,559288,3.21103e+06,-3.62129e+10,1.45566e+11
2.04257e+07,559972,3.21191e+06,-3.64405e+10,1.45509e+11
2.04296e+07,560656,3.21278e+06,-3.66681e+10,1.45452e+11
2.04335e+07,561339,3.21366e+06,-3.68955e+10,1.45394e+11
2.04375e+07,562022,3.21454e+06,-3.71229e+10,1.45336e+11
2.04414e+07,562704,3.21542e+06,-3.73502e+10,1.45278e+11
2.04454e+07,563387,3.2163e+06,-3.75774e+10,1.45219e+11
2.04493e+07,564069,3.21718e+06,-3.78045e+10,1.4516e+11
2.04533e+07,564751,3.21806e+06,-3.80315e+10,1.45101e+11
2.04572e+07,565432,3.21895e+06,-3.82584e+10,1.45041e+11
2.04612e+07,566113,3.21983e+06,-3.84852e+10,1.44981e+11
2.04651e+07,566794,3.22072e+06,-3.87119e+10,1.44921e+11
2.0469e+07,567475,3.22161e+06,-3.89386e+10,1.4486e+11
2.0473e+07,568155,3.22249e+06,-3.91651e+10,1.44799e+11
2.04769e+07,568836,3.22338e+06,-3.93915e+10,1.44738e+11
2.04809e+07,569515,3.22427e+06,-3.96179e+10,1.44676e+11
2.04848e+07,570195,3.22517e+06,-3.98441e+10,1.44614e+11
2.04888e+07,570874,3.22606e+06,-4.00703e+10,1.44551e+11
2.04927e+07,571553,3.22695e+06,-4.02963e+10,1.44488e+11
2.04967e+07,572232,3.22785e+06,-4.05223e+10,1.44425e+11
2.05006e+07,572910,3.22874e+06,-4.07481e+10,1.44362e+11
2.05046e+07,573588,3.22964e+06,-4.09739e+10,1.44298e+11
2.05085e+07,574266,3.23054e+06,-4.11995e+10,1.44234e+11
2.05124e+07,574943,3.23143e+06,-4.14251e+10,1.44169e+11
2.05164e+07,575621,3.23233e+06,-4.16505e+10,1.44104e+11
2.05203e+07,576297,3.23324e+06,-4.18759e+10,1.44039e+11
2.05243e+07,576974,3.23414e+06,-4.21011e+10,1.43973e+11
2.05282e+07,577650,3.23504e+06,-4.23263e+10,1.43907e+11
2.05322e+07,578326,3.23594e+06,-4.25513e+10,1.43841e+11
2.05361e+07,579002,3.23685e+06,-4.27763e+10,1.43774e+11
2.05401e+07,579677,3.23776e+06,-4.30011e+10,1.43707e+11
2.0544e+07,580352,3.23866e+06,-4.32258e+10,1.43639e+11
2.05479e+07,581026,3.23957e+06,-4.34504e+10,1.43571e+11
2.05519e+07,581701,3.24048e+06,-4.3675e+10,1.43503e+11
2.05558e+07,582375,3.24139e+06,-4.38994e+10,1.43435e+11
2.05598e+07,583049,3.2423e+06,-4.41237e+10,1.43366e+11
2.05637e+07,583722,3.24322e+06,-4.43479e+10,1.43297e+11
2.05677e+07,584395,3.24413e+06,-4.45719e+10,1.43227e+11
2.05716e+07,585068,3.24504e+06,-4.47959e+10,1.43157e+11
2.05756e+07,585740,3.24596e+06,-4.50198e+10,1.43087e+11
2.05795e+07,586412,3.24688e+06,-4.52435e+10,1.43017e+11
2.05834e+07,587084,3.24779e+06,-4.54672e+10,1.42946e+11
2.05874e+07,587755,3.24871e+06,-4.56907e+10,1.42874e+11
2.05913e+07,588426,3.24963e+06,-4.59141e+10,1.42803e+11
2.05953e+07,589097,3.25055e+06,-4.61374e+10,1.42731e+11
2.05992e+07,589767,3.25148e+06,-4.63606e+10,1.42658e+11
2.06032e+07,590437,3.2524e+06,-4.65837e+10,1.42586e+11
2.06071e+07,591107,3.25332e+06,-4.68067e+10,1.42513e+11
2.06111e+07,591776,3.25425e+06,-4.70295e+10,1.42439e+11
2.0615e+07,592445,3.25517e+06,-4.72523e+10,1.42365e+11
2.06189e+07,593114,3.2561e+06,-4.74749e+10,1.42291e+11
2.06229e+07,593782,3.25703e+06,-4.76974e+10,1.42217e+11
2.06268e+07,594450,3.25796e+06,-4.79198e+10,1.42142e+11
2.06308e+07,595118,3.25889e+06,-4.81421e+10,1.42067e+11
2.06347e+07,595785,3.25982e+06,-4.83642e+10,1.41992e+11
2.06387e+07,596452,3.26075e+06,-4.85863e+10,1.41916e+11
2.06426e+07,597118,3.26169e+06,-4.88082e+10,1.4184e+11
2.06466e+07,597785,3.26262e+06,-4.903e+10,1.41763e+11
2.06505e+07,598450,3.26356e+06,-4.92517e+10,1.41686e+11
2.06544e+07,599116,3.26449e+06,-4.94732e+10,1.41609e+11
2.06584e+07,599781,3.26543e+06,-4.96947e+10,1.41531e+11
2.06623e+07,600446,3.26637e+06,-4.9916e+10,1.41453e+11
2.06663e+07,601110,3.26731e+06,-5.01372e+10,1.41375e+11
2.06702e+07,601774,3.26825e+06,-5.03582e+10,1.41297e+11
2.06742e+07,602438,3.26919e+06,-5.05792e+10,1.41218e+11
2.06781e+07,603101,3.27013e+06,-5.08e+10,1.41138e+11
2.06821e+07,603764,3.27108e+06,-5.10207e+10,1.41059e+11
2.0686e+07,604426,3.27202e+06,-5.12413e+10,1.40979e+11
2.069e+07,605088,3.27297e+06,-5.14617e+10,1.40898e+11
2.06939e+07,605750,3.27392e+06,-5.16821e+10,1.40818e+11
2.06978e+07,606411,3.27486e+06,-5.19023e+10,1.40737e+11
2.07018e+07,607072,3.27581e+06,-5.21223e+10,1.40655e+11
2.07057e+07,607733,3.27676e+06,-5.23423e+10,1.40574e+11
2.07097e+07,608393,3.27771e+06,-5.25621e+10,1.40492e+11
2.07136e+07,609053,3.27867e+06,-5.27818e+10,1.40409e+11
2.07176e+07,609712,3.27962e+06,-5.30013e+10,1.40327e+11
2.07215e+07,610372,3.28057e+06,-5.32208e+10,1.40243e+11
2.07255e+07,611030,3.28153e+06,-5.34401e+10,1.4016e+11
2.07294e+07,611688,3.28249e+06,-5.36592e+10,1.40076e+11
2.07333e+07,612346,3.28344e+06,-5.38783e+10,1.39992e+11
2.07373e+07,613004,3.2844e+06,-5.40972e+10,1.39908e+11
2.07412e+07,613661,3.28536e+06,-5.43159e+10,1.39823e+11
2.07452e+07,614318,3.28632e+06,-5.45346e+10,1.39738e+11
2.07491e+07,614974,3.28728e+06,-5.47531e+10,1.39652e+11
2.07531e+07,615630,3.28825e+06,-5.49714e+10,1.39567e+11
2.0757e+07,616285,3.28921e+06,-5.51897e+10,1.3948e+11
2.0761e+07,616940,3.29017e+06,-5.54078e+10,1.39394e+11
2.07649e+07,617595,3.29114e+06,-5.56257e+10,1.39307e+11
2.07688e+07,618249,3.29211e+06,-5.58436e+10,1.3922e+11
2.07728e+07,618903,3.29307e+06,-5.60613e+10,1.39132e+11
2.07767e+07,619556,3.29404e+06,-5.62788e+10,1.39044e+11
2.07807e+07,620209,3.29501e+06,-5.64962e+10,1.38956e+11
2.07846e+07,620862,3.29598e+06,-5.67135e+10,1.38868e+11
2.07886e+07,621514,3.29695e+06,-5.69307e+10,1.38779e+11
2.07925e+07,622166,3.29793e+06,-5.71477e+10,1.3869e+11
2.07965e+07,622817,3.2989e+06,-5.73645e+10,1.386e+11
2.08004e+07,623468,3.29987e+06,-5.75812e+10,1.3851e+11
2.08043e+07,624119,3.30085e+06,-5.77978e+10,1.3842e+11
2.08083e+07,624769,3.30183e+06,-5.80143e+10,1.38329e+11
2.08122e+07,625418,3.3028e+06,-5.82306e+10,1.38238e+11
2.08162e+07,626068,3.30378e+06,-5.84467e+10,1.38147e+11
2.08201e+07,626716,3.30476e+06,-5.86627e+10,1.38056e+11
2.08241e+07,627365,3.30574e+06,-5.88786e+10,1.37964e+11
2.0828e+07,628013,3.30673e+06,-5.90943e+10,1.37871e+11
2.0832e+07,628660,3.30771e+06,-5.93099e+10,1.37779e+11
2.08359e+07,629307,3.30869e+06,-5.95253e+10,1.37686e+11
2.08399e+07,629954,3.30968e+06,-5.97406e+10,1.37593e+11
2.08438e+07,630600,3.31066e+06,-5.99558e+10,1.37499e+11
2.08477e+07,631246,3.31165e+06,-6.01708e+10,1.37405e+11
2.08517e+07,631891,3.31264e+06,-6.03856e+10,1.37311e+11
2.08556e+07,632536,3.31363e+06,-6.06003e+10,1.37216e+11
2.08596e+07,633180,3.31462e+06,-6.08149e+10,1.37121e+11
2.08635e+07,633824,3.31561e+06,-6.10293e+10,1.37026e+11
2.08675e+07,634468,3.3166e+06,-6.12435e+10,1.3693e+11
2.08714e+07,635111,3.31759e+06,-6.14576e+10,1.36834e+11
2.08754e+07,635753,3.31859e+06,-6.16716e+10,1.36738e+11
2.08793e+07,636396,3.31958e+06,-6.18854e+10,1.36641e+11
2.08832e+07,637037,3.32058e+06,-6.2099e+10,1.36544e+11
2.08872e+07,637679,3.32157e+06,-6.23125e+10,1.36447e+11
2.08911e+07,638319,3.32257e+06,-6.25259e+10,1.36349e+11
2.08951e+07,638960,3.32357e+06,-6.27391e+10,1.36251e+11
2.0899e+07,639600,3.32457e+06,-6.29521e+10,1.36153e+11
2.0903e+07,640239,3.32557e+06,-6.3165e+10,1.36054e+11
2.09069e+07,640878,3.32657e+06,-6.33777e+10,1.35956e+11
2.09109e+07,641516,3.32758e+06,-6.35903e+10,1.35856e+11
2.09148e+07,642154,3.32858e+06,-6.38027e+10,1.35757e+11
2.09187e+07,642792,3.32959e+06,-6.4015e+10,1.35657e+11
2.09227e+07,643429,3.33059e+06,-6.42271e+10,1.35556e+11
2.09266e+07,644066,3.3316e+06,-6.44391e+10,1.35456e+11
2.09306e+07,644702,3.33261e+06,-6.46509e+10,1.35355e+11
2.09345e+07,645337,3.33362e+06,-6.48625e+10,1.35253e+11
2.09385e+07,645973,3.33463e+06,-6.5074e+10,1.35152e+11
2.09424e+07,646607,3.33564e+06,-6.52853e+10,1.3505e+11
2.09464e+07,647241,3.33665e+06,-6.54964e+10,1.34948e+11
2.09503e+07,647875,3.33766e+06,-6.57074e+10,1.34845e+11
2.09542e+07,648508,3.33868e+06,-6.59183e+10,1.34742e+11
2.09582e+07,649141,3.33969e+06,-6.6129e+10,1.34639e+11
2.09621e+07,649773,3.34071e+06,-6.63395e+10,1.34535e+11
2.09661e+07,650405,3.34172e+06,-6.65498e+10,1.34431e+11
2.097e+07,651037,3.34274e+06,-6.676e+10,1.34327e+11
2.0974e+07,651667,3.34376e+06,-6.697e+10,1.34222e+11
2.09779e+07,652298,3.34478e+06,-6.71799e+10,1.34117e+11
2.09819e+07,652927,3.3458e+06,-6.73896e+10,1.34012e+11
2.09858e+07,653557,3.34682e+06,-6.75991e+10,1.33907e+11
2.09897e+07,654186,3.34784e+06,-6.78085e+10,1.33801e+11
2.09937e+07,654814,3.34887e+06,-6.80177e+10,1.33694e+11
2.09976e+07,655442,3.34989e+06,-6.82267e+10,1.33588e+11
2.10016e+07,656069,3.35092e+06,-6.84356e+10,1.33481e+11
2.10055e+07,656696,3.35195e+06,-6.86443e+10,1.33374e+11
2.10095e+07,657322,3.35297e+06,-6.88528e+10,1.33266e+11
2.10134e+07,657948,3.354e+06,-6.90612e+10,1.33158e+11
2.10174e+07,658573,3.35503e+06,-6.92694e+10,1.3305e+11
2.10213e+07,659198,3.35606e+06,-6.94774e+10,1.32942e+11
2.10253e+07,659823,3.35709e+06,-6.96853e+10,1.32833e+11
2.10292e+07,660446,3.35813e+06,-6.9893e+10,1.32724e+11
2.10331e+07,661070,3.35916e+06,-7.01005e+10,1.32614e+11
2.10371e+07,661692,3.36019e+06,-7.03078e+10,1.32504e+11
2.1041e+07,662315,3.36123e+06,-7.0515e+10,1.32394e+11
2.1045e+07,662936,3.36227e+06,-7.0722e+10,1.32284e+11
2.10489e+07,663557,3.3633e+06,-7.09288e+10,1.32173e+11
2.10529e+07,664178,3.36434e+06,-7.11355e+10,1.32062e+11
2.10568e+07,664798,3.36538e+06,-7.13419e+10,1.3195e+11
2.10608e+07,665418,3.36642e+06,-7.15482e+10,1.31839e+11
2.10647e+07,666037,3.36746e+06,-7.17544e+10,1.31727e+11
2.10686e+07,666656,3.36851e+06,-7.19603e+10,1.31614e+11
2.10726e+07,667274,3.36955e+06,-7.21661e+10,1.31502e+11
2.10765e+07,667891,3.37059e+06,-7.23717e+10,1.31388e+11
2.10805e+07,668508,3.37164e+06,-7.25771e+10,1.31275e+11
2.10844e+07,669125,3.37268e+06,-7.27824e+10,1.31161e+11
2.10884e+07,669741,3.37373e+06,-7.29874e+10,1.31047e+11
2.10923e+07,670356,3.37478e+06,-7.31923e+10,1.30933e+11
2.10963e+07,670971,3.37583e+06,-7.3397e+10,1.30818e+11
2.11002e+07,671585,3.37688e+06,-7.36016e+10,1.30703e+11
2.11041e+07,672199,3.37793e+06,-7.38059e+10,1.30588e+11
2.11081e+07,672812,3.37898e+06,-7.40101e+10,1.30473e+11
2.1112e+07,673425,3.38003e+06,-7.42141e+10,1.30357e+11
2.1116e+07,674037,3.38109e+06,-7.44179e+10,1.3024e+11
2.11199e+07,674648,3.38214e+06,-7.46215e+10,1.30124e+11
2.11239e+07,675259,3.3832e+06,-7.48249e+10,1.30007e+11
2.11278e+07,675870,3.38426e+06,-7.50282e+10,1.2989e+11
2.11318e+07,676480,3.38531e+06,-7.52313e+10,1.29772e+11
2.11357e+07,677089,3.38637e+06,-7.54342e+10,1.29654e+11
2.11396e+07,677698,3.38743e+06,-7.56369e+10,1.29536e+11
2.11436e+07,678306,3.38849e+06,-7.58394e+10,1.29418e+11
2.11475e+07,678914,3.38955e+06,-7.60417e+10,1.29299e+11
2.11515e+07,679521,3.39062e+06,-7.62439e+10,1.2918e+11
2.11554e+07,680128,3.39168e+06,-7.64458e+10,1.2906e+11
2.11594e+07,680734,3.39274e+06,-7.66476e+10,1.28941e+11
2.11633e+07,681339,3.39381e+06,-7.68492e+10,1.28821e+11
2.11673e+07,681944,3.39488e+06,-7.70506e+10,1.287e+11
2.11712e+07,682549,3.39594e+06,-7.72518e+10,1.2858e+11
2.11751e+07,683152,3.39701e+06,-7.74528e+10,1.28459e+11
2.11791e+07,683756,3.39808e+06,-7.76537e+10,1.28337e+11
2.1183e+07,684358,3.39915e+06,-7.78543e+10,1.28216e+11
2.1187e+07,684960,3.40022e+06,-7.80548e+10,1.28094e+11
2.11909e+07,685562,3.40129e+06,-7.8255e+10,1.27972e+11
2.11949e+07,686163,3.40237e+06,-7.84551e+10,1.27849e+11
2.11988e+07,686763,3.40344e+06,-7.8655e+10,1.27726e+11
2.12028e+07,687363,3.40451e+06,-7.88547e+10,1.27603e+11
2.12067e+07,687962,3.40559e+06,-7.90542e+10,1.27479e+11
2.12107e+07,688560,3.40667e+06,-7.92535e+10,1.27356e+11
2.12146e+07,689158,3.40774e+06,-7.94526e+10,1.27231e+11
2.12185e+07,689756,3.40882e+06,-7.96515e+10,1.27107e+11
2.12225e+07,690353,3.4099e+06,-7.98502e+10,1.26982e+11
2.12264e+07,690949,3.41098e+06,-8.00487e+10,1.26857e+11
2.12304e+07,691545,3.41206e+06,-8.0247e+10,1.26732e+11
2.12343e+07,692140,3.41314e+06,-8.04452e+10,1.26606e+11
2.12383e+07,692734,3.41423e+06,-8.06431e+10,1.2648e+11
2.12422e+07,693328,3.41531e+06,-8.08408e+10,1.26354e+11
2.12462e+07,693921,3.4164e+06,-8.10384e+10,1.26227e+11
2.12501e+07,694514,3.41748e+06,-8.12357e+10,1.261e+11
2.1254e+07,695106,3.41857e+06,-8.14328e+10,1.25973e+11
2.1258e+07,695698,3.41966e+06,-8.16298e+10,1.25846e+11
2.12619e+07,696289,3.42075e+06,-8.18265e+10,1.25718e+11
2.12659e+07,696879,3.42184e+06,-8.20231e+10,1.2559e+11
2.12698e+07,697469,3.42293e+06,-8.22194e+10,1.25461e+11
2.12738e+07,698058,3.42402e+06,-8.24156e+10,1.25332e+11
2.12777e+07,698646,3.42511e+06,-8.26115e+10,1.25203e+11
2.12817e+07,699234,3.4262e+06,-8.28072e+10,1.25074e+11
2.12856e+07,699821,3.4273e+06,-8.30028e+10,1.24944e+11
2.12895e+07,700408,3.42839e+06,-8.31981e+10,1.24814e+11
2.12935e+07,700994,3.42949e+06,-8.33932e+10,1.24684e+11
2.12974e+07,701580,3.43059e+06,-8.35881e+10,1.24553e+11
2.13014e+07,702164,3.43168e+06,-8.37829e+10,1.24423e+11
2.13053e+07,702749,3.43278e+06,-8.39774e+10,1.24291e+11
2.13093e+07,703332,3.43388e+06,-8.41717e+10,1.2416e+11
2.13132e+07,703915,3.43498e+06,-8.43658e+10,1.24028e+11
2.13172e+07,704498,3.43608e+06,-8.45597e+10,1.23896e+11
2.13211e+07,705079,3.43719e+06,-8.47534e+10,1.23763e+11
2.1325e+07,705660,3.43829e+06,-8.49468e+10,1.23631e+11
2.1329e+07,706241,3.43939e+06,-8.51401e+10,1.23498e+11
2.13329e+07,706821,3.4405e+06,-8.53332e+10,1.23364e+11
2.13369e+07,707400,3.44161e+06,-8.5526e+10,1.23231e+11
2.13408e+07,707979,3.44271e+06,-8.57187e+10,1.23097e+11
2.13448e+07,708557,3.44382e+06,-8.59111e+10,1.22963e+11
2.13487e+07,709134,3.44493e+06,-8.61033e+10,1.22828e+11
2.13527e+07,709711,3.44604e+06,-8.62954e+10,1.22693e+11
2.13566e+07,710287,3.44715e+06,-8.64872e+10,1.22558e+11
2.13606e+07,710862,3.44826e+06,-8.66787e+10,1.22423e+11
2.13645e+07,711437,3.44937e+06,-8.68701e+10,1.22287e+11
2.13684e+07,712011,3.45049e+06,-8.70613e+10,1.22151e+11
2.13724e+07,712585,3.4516e+06,-8.72523e+10,1.22015e+11
2.13763e+07,713158,3.45272e+06,-8.7443e+10,1.21878e+11
2.13803e+07,713730,3.45383e+06,-8.76335e+10,1.21741e+11
2.13842e+07,714302,3.45495e+06,-8.78238e+10,1.21604e+11
2.13882e+07,714872,3.45607e+06,-8.80139e+10,1.21466e+11
2.13921e+07,715443,3.45718e+06,-8.82038e+10,1.21328e+11
2.13961e+07,716012,3.4583e+06,-8.83935e+10,1.2119e+11
2.14e+07,716581,3.45942e+06,-8.85829e+10,1.21052e+11
2.14039e+07,717150,3.46055e+06,-8.87722e+10,1.20913e+11
2.14079e+07,717718,3.46167e+06,-8.89612e+10,1.20774e+11
2.14118e+07,718285,3.46279e+06,-8.915e+10,1.20635e+11
2.14158e+07,718851,3.46391e+06,-8.93386e+10,1.20495e+11
2.14197e+07,719417,3.46504e+06,-8.95269e+10,1.20355e+11
2.14237e+07,719982,3.46617e+06,-8.97151e+10,1.20215e+11
2.14276e+07,720546,3.46729e+06,-8.9903e+10,1.20075e+11
2.14316e+07,721110,3.46842e+06,-9.00907e+10,1.19934e+11
2.14355e+07,721673,3.46955e+06,-9.02782e+10,1.19793e+11
2.14394e+07,722236,3.47068e+06,-9.04654e+10,1.19652e+11
2.14434e+07,722797,3.47181e+06,-9.06525e+10,1.1951e+11
2.14473e+07,723358,3.47294e+06,-9.08393e+10,1.19368e+11
2.14513e+07,723919,3.47407e+06,-9.10259e+10,1.19226e+11
2.14552e+07,724479,3.4752e+06,-9.12123e+10,1.19083e+11
2.14592e+07,725038,3.47634e+06,-9.13984e+10,1.1894e+11
2.14631e+07,725596,3.47747e+06,-9.15844e+10,1.18797e+11
2.14671e+07,726154,3.47861e+06,-9.17701e+10,1.18654e+11
2.1471e+07,726711,3.47974e+06,-9.19555e+10,1.1851e+11
2.14749e+07,727267,3.48088e+06,-9.21408e+10,1.18366e+11
2.14789e+07,727823,3.48202e+06,-9.23258e+10,1.18222e+11
2.14828e+07,728378,3.48316e+06,-9.25106e+10,1.18077e+11
2.14868e+07,728933,3.4843e+06,-9.26952e+10,1.17932e+11
2.14907e+07,729486,3.48544e+06,-9.28796e+10,1.17787e+11
2.14947e+07,730039,3.48658e+06,-9.30637e+10,1.17642e+11
2.14986e+07,730592,3.48772e+06,-9.32476e+10,1.17496e+11
2.15026e+07,731143,3.48886e+06,-9.34312e+10,1.1735e+11
2.15065e+07,731694,3.49001e+06,-9.36147e+10,1.17204e+11
2.15104e+07,732245,3.49115e+06,-9.37979e+10,1.17057e+11
2.15144e+07,732794,3.4923e+06,-9.39809e+10,1.1691e+11
2.15183e+07,733343,3.49345e+06,-9.41636e+10,1.16763e+11
2.15223e+07,733891,3.49459e+06,-9.43461e+10,1.16616e+11
2.15262e+07,734439,3.49574e+06,-9.45284e+10,1.16468e+11
2.15302e+07,734986,3.49689e+06,-9.47105e+10,1.1632e+11
2.15341e+07,735532,3.49804e+06,-9.48923e+10,1.16172e+11
2.15381e+07,736077,3.49919e+06,-9.50739e+10,1.16023e+11
2.1542e+07,736622,3.50034e+06,-9.52553e+10,1.15874e+11
2.1546e+07,737166,3.5015e+06,-9.54364e+10,1.15725e+11
2.15499e+07,737709,3.50265e+06,-9.56173e+10,1.15576e+11
2.15538e+07,738252,3.5038e+06,-9.57979e+10,1.15426e+11
2.15578e+07,738794,3.50496e+06,-9.59784e+10,1.15276e+11
2.15617e+07,739335,3.50612e+06,-9.61586e+10,1.15126e+11
2.15657e+07,739875,3.50727e+06,-9.63385e+10,1.14975e+11
2.15696e+07,740415,3.50843e+06,-9.65182e+10,1.14825e+11
2.15736e+07,740954,3.50959e+06,-9.66977e+10,1.14673e+11
2.15775e+07,741493,3.51075e+06,-9.6877e+10,1.14522e+11
2.15815e+07,742030,3.51191e+06,-9.7056e+10,1.1437e+11
2.15854e+07,742567,3.51307e+06,-9.72347e+10,1.14218e+11
2.15893e+07,743103,3.51423e+06,-9.74133e+10,1.14066e+11
2.15933e+07,743639,3.51539e+06,-9.75916e+10,1.13914e+11
2.15972e+07,744174,3.51656e+06,-9.77696e+10,1.13761e+11
2.16012e+07,744708,3.51772e+06,-9.79475e+10,1.13608e+11
2.16051e+07,745241,3.51889e+06,-9.8125e+10,1.13454e+11
2.16091e+07,745774,3.52005e+06,-9.83024e+10,1.13301e+11
2.1613e+07,746306,3.52122e+06,-9.84795e+10,1.13147e+11
2.1617e+07,746837,3.52239e+06,-9.86563e+10,1.12993e+11
2.16209e+07,747367,3.52356e+06,-9.88329e+10,1.12838e+11
2.16248e+07,747897,3.52473e+06,-9.90093e+10,1.12684e+11
2.16288e+07,748426,3.5259e+06,-9.91855e+10,1.12529e+11
2.16327e+07,748954,3.52707e+06,-9.93613e+10,1.12373e+11
2.16367e+07,749482,3.52824e+06,-9.9537e+10,1.12218e+11
2.16406e+07,750009,3.52941e+06,-9.97124e+10,1.12062e+11
2.16446e+07,750535,3.53059e+06,-9.98875e+10,1.11906e+11
2.16485e+07,751060,3.53176e+06,-1.00062e+11,1.11749e+11
2.16525e+07,751585,3.53294e+06,-1.00237e+11,1.11593e+11
2.16564e+07,752109,3.53411e+06,-1.00412e+11,1.11436e+11
2.16603e+07,752632,3.53529e+06,-1.00586e+11,1.11279e+11
2.16643e+07,753154,3.53647e+06,-1.0076e+11,1.11121e+11
2.16682e+07,753676,3.53764e+06,-1.00933e+11,1.10963e+11
2.16722e+07,754197,3.53882e+06,-1.01107e+11,1.10805e+11
2.16761e+07,754717,3.54e+06,-1.0128e+11,1.10647e+11
2.16801e+07,755236,3.54119e+06,-1.01453e+11,1.10489e+11
2.1684e+07,755755,3.54237e+06,-1.01626e+11,1.1033e+11
2.1688e+07,756273,3.54355e+06,-1.01798e+11,1.10171e+11
2.16919e+07,756790,3.54473e+06,-1.0197e+11,1.10011e+11
2.16958e+07,757307,3.54592e+06,-1.02142e+11,1.09852e+11
2.16998e+07,757822,3.5471e+06,-1.02314e+11,1.09692e+11
2.17037e+07,758337,3.54829e+06,-1.02485e+11,1.09532e+11
2.17077e+07,758851,3.54947e+06,-1.02657e+11,1.09371e+11
2.17116e+07,759365,3.55066e+06,-1.02828e+11,1.0921e+11
2.17156e+07,759878,3.55185e+06,-1.02998e+11,1.09049e+11
2.17195e+07,760389,3.55304e+06,-1.03169e+11,1.08888e+11
2.17235e+07,760901,3.55423e+06,-1.03339e+11,1.08727e+11
2.17274e+07,761411,3.55542e+06,-1.03509e+11,1.08565e+11
2.17314e+07,761921,3.55661e+06,-1.03678e+11,1.08403e+11
2.17353e+07,762430,3.5578e+06,-1.03848e+11,1.08241e+11
2.17392e+07,762938,3.559e+06,-1.04017e+11,1.08078e+11
2.17432e+07,763445,3.56019e+06,-1.04186e+11,1.07915e+11
2.17471e+07,763952,3.56138e+06,-1.04355e+11,1.07752e+11
2.17511e+07,764457,3.56258e+06,-1.04523e+11,1.07589e+11
2.1755e+07,764963,3.56378e+06,-1.04691e+11,1.07425e+11
2.1759e+07,765467,3.56497e+06,-1.04859e+11,1.07261e+11
2.17629e+07,765970,3.56617e+06,-1.05027e+11,1.07097e+11
2.17669e+07,766473,3.56737e+06,-1.05194e+11,1.06933e+11
2.17708e+07,766975,3.56857e+06,-1.05361e+11,1.06768e+11
2.17747e+07,767476,3.56977e+06,-1.05528e+11,1.06603e+11
2.17787e+07,767977,3.57097e+06,-1.05695e+11,1.06438e+11
2.17826e+07,768476,3.57217e+06,-1.05861e+11,1.06272e+11
2.17866e+07,768975,3.57337e+06,-1.06027e+11,1.06107e+11
2.17905e+07,769473,3.57458e+06,-1.06193e+11,1.05941e+11
2.17945e+07,769971,3.57578e+06,-1.06359e+11,1.05774e+11
2.17984e+07,770467,3.57699e+06,-1.06524e+11,1.05608e+11
2.18024e+07,770963,3.57819e+06,-1.06689e+11,1.05441e+11
2.18063e+07,771458,3.5794e+06,-1.06854e+11,1.05274e+11
2.18102e+07,771952,3.5806e+06,-1.07018e+11,1.05107e+11
2.18142e+07,772445,3.58181e+06,-1.07183e+11,1.04939e+11
2.18181e+07,772938,3.58302e+06,-1.07347e+11,1.04772e+11
2.18221e+07,773430,3.58423e+06,-1.0751e+11,1.04603e+11
2.1826e+07,773921,3.58544e+06,-1.07674e+11,1.04435e+11
2.183e+07,774411,3.58665e+06,-1.07837e+11,1.04267e+11
2.18339e+07,774900,3.58786e+06,-1.08e+11,1.04098e+11
2.18379e+07,775389,3.58908e+06,-1.08163e+11,1.03929e+11
2.18418e+07,775877,3.59029e+06,-1.08325e+11,1.03759e+11
2.18457e+07,776364,3.5915e+06,-1.08487e+11,1.0359e+11
2.18497e+07,776850,3.59272e+06,-1.08649e+11,1.0342e+11
2.18536e+07,777336,3.59393e+06,-1.08811e+11,1.0325e+11
2.18576e+07,777820,3.59515e+06,-1.08972e+11,1.0308e+11
2.18615e+07,778304,3.59637e+06,-1.09133e+11,1.02909e+11
2.18655e+07,778787,3.59758e+06,-1.09294e+11,1.02738e+11
2.18694e+07,779269,3.5988e+06,-1.09455e+11,1.02567e+11
2.18734e+07,779751,3.60002e+06,-1.09615e+11,1.02396e+11
2.18773e+07,780232,3.60124e+06,-1.09775e+11,1.02224e+11
2.18813e+07,780711,3.60246e+06,-1.09935e+11,1.02052e+11
2.18852e+07,781190,3.60368e+06,-1.10094e+11,1.0188e+11
2.18891e+07,781669,3.60491e+06,-1.10253e+11,1.01708e+11
2.18931e+07,782146,3.60613e+06,-1.10412e+11,1.01535e+11
2.1897e+07,782623,3.60735e+06,-1.10571e+11,1.01363e+11
2.1901e+07,783098,3.60858e+06,-1.10729e+11,1.01189e+11
2.19049e+07,783573,3.6098e+06,-1.10888e+11,1.01016e+11
2.19089e+07,784048,3.61103e+06,-1.11045e+11,1.00843e+11
2.19128e+07,784521,3.61226e+06,-1.11203e+11,1.00669e+11
2.19168e+07,784993,3.61348e+06,-1.1136e+11,1.00495e+11
2.19207e+07,785465,3.61471e+06,-1.11517e+11,1.0032e+11
2.19246e+07,785936,3.61594e+06,-1.11674e+11,1.00146e+11
2.19286e+07,786406,3.61717e+06,-1.11831e+11,9.9971e+10
2.19325e+07,786875,3.6184e+06,-1.11987e+11,9.9796e+10
2.19365e+07,787344,3.61963e+06,-1.12143e+11,9.96207e+10
2.19404e+07,787811,3.62086e+06,-1.12299e+11,9.94452e+10
2.19444e+07,788278,3.6221e+06,-1.12454e+11,9.92694e+10
2.19483e+07,788744,3.62333e+06,-1.12609e+11,9.90933e+10
2.19523e+07,789209,3.62456e+06,-1.12764e+11,9.89171e+10
2.19562e+07,789673,3.6258e+06,-1.12919e+11,9.87406e+10
2.19601e+07,790137,3.62703e+06,-1.13073e+11,9.85638e+10
2.19641e+07,790599,3.62827e+06,-1.13227e+11,9.83868e+10
2.1968e+07,791061,3.62951e+06,-1.13381e+11,9.82096e+10
2.1972e+07,791522,3.63075e+06,-1.13534e+11,9.80321e+10
2.19759e+07,791982,3.63198e+06,-1.13687e+11,9.78544e+10
2.19799e+07,792442,3.63322e+06,-1.1384e+11,9.76765e+10
2.19838e+07,792900,3.63446e+06,-1.13993e+11,9.74983e+10
2.19878e+07,793358,3.6357e+06,-1.14145e+11,9.73199e+10
2.19917e+07,793814,3.63695e+06,-1.14297e+11,9.71412e+10
2.19956e+07,794270,3.63819e+06,-1.14449e+11,9.69623e+10
2.19996e+07,794725,3.63943e+06,-1.14601e+11,9.67832e+10
2.20035e+07,795180,3.64067e+06,-1.14752e+11,9.66038e+10
2.20075e+07,795633,3.64192e+06,-1.14903e+11,9.64242e+10
2.20114e+07,796086,3.64316e+06,-1.15054e+11,9.62443e+10
2.20154e+07,796537,3.64441e+06,-1.15204e+11,9.60642e+10
2.20193e+07,796988,3.64565e+06,-1.15354e+11,9.58839e+10
2.20233e+07,797438,3.6469e+06,-1.15504e+11,9.57034e+10
2.20272e+07,797887,3.64815e+06,-1.15653e+11,9.55226e+10
2.20311e+07,798336,3.6494e+06,-1.15803e+11,9.53416e+10
2.20351e+07,798783,3.65065e+06,-1.15952e+11,9.51603e+10
2.2039e+07,799230,3.6519e+06,-1.161e+11,9.49788e+10
2.2043e+07,799676,3.65315e+06,-1.16249e+11,9.47971e+10
2.20469e+07,800121,3.6544e+06,-1.16397e+11,9.46151e+10
2.20509e+07,800565,3.65565e+06,-1.16545e+11,9.4433e+10
2.20548e+07,801008,3.6569e+06,-1.16692e+11,9.42505e+10
2.20588e+07,801450,3.65816e+06,-1.1684e+11,9.40679e+10
2.20627e+07,801892,3.65941e+06,-1.16987e+11,9.3885e+10
2.20667e+07,802332,3.66066e+06,-1.17133e+11,9.37019e+10
2.20706e+07,802772,3.66192e+06,-1.1728e+11,9.35186e+10
2.20745e+07,803211,3.66318e+06,-1.17426e+11,9.3335e+10
2.20785e+07,803649,3.66443e+06,-1.17572e+11,9.31512e+10
2.20824e+07,804086,3.66569e+06,-1.17717e+11,9.29672e+10
2.20864e+07,804523,3.66695e+06,-1.17863e+11,9.2783e+10
2.20903e+07,804958,3.66821e+06,-1.18008e+11,9.25985e+10
2.20943e+07,805393,3.66947e+06,-1.18152e+11,9.24138e+10
2.20982e+07,805826,3.67073e+06,-1.18297e+11,9.22289e+10
2.21022e+07,806259,3.67199e+06,-1.18441e+11,9.20437e+10
2.21061e+07,806691,3.67325e+06,-1.18585e+11,9.18583e+10
2.211e+07,807122,3.67451e+06,-1.18728e+11,9.16727e+10
2.2114e+07,807552,3.67577e+06,-1.18871e+11,9.14869e+10
2.21179e+07,807982,3.67704e+06,-1.19014e+11,9.13008e+10
2.21219e+07,808410,3.6783e+06,-1.19157e+11,9.11146e+10
2.21258e+07,808838,3.67957e+06,-1.19299e+11,9.09281e+10
2.21298e+07,809265,3.68083e+06,-1.19441e+11,9.07414e+10
2.21337e+07,809690,3.6821e+06,-1.19583e+11,9.05544e+10
2.21377e+07,810115,3.68336e+06,-1.19725e+11,9.03672e+10
2.21416e+07,810539,3.68463e+06,-1.19866e+11,9.01799e+10
2.21455e+07,810963,3.6859e+06,-1.20007e+11,8.99923e+10
2.21495e+07,811385,3.68717e+06,-1.20147e+11,8.98044e+10
2.21534e+07,811806,3.68844e+06,-1.20288e+11,8.96164e+10
2.21574e+07,812227,3.68971e+06,-1.20428e+11,8.94281e+10
2.21613e+07,812647,3.69098e+06,-1.20567e+11,8.92396e+10
2.21653e+07,813065,3.69225e+06,-1.20707e+11,8.90509e+10
2.21692e+07,813483,3.69352e+06,-1.20846e+11,8.8862e+10
2.21732e+07,813900,3.6948e+06,-1.20985e+11,8.86729e+10
2.21771e+07,814317,3.69607e+06,-1.21123e+11,8.84835e+10
2.2181e+07,814732,3.69734e+06,-1.21262e+11,8.8294e+10
2.2185e+07,815146,3.69862e+06,-1.214e+11,8.81042e+10
2.21889e+07,815560,3.69989e+06,-1.21537e+11,8.79142e+10
2.21929e+07,815972,3.70117e+06,-1.21675e+11,8.7724e+10
2.21968e+07,816384,3.70245e+06,-1.21812e+11,8.75335e+10
2.22008e+07,816795,3.70372e+06,-1.21948e+11,8.73429e+10
2.22047e+07,817204,3.705e+06,-1.22085e+11,8.7152e+10
2.22087e+07,817613,3.70628e+06,-1.22221e+11,8.6961e+10
2.22126e+07,818021,3.70756e+06,-1.22357e+11,8.67697e+10
2.22166e+07,818429,3.70884e+06,-1.22493e+11,8.65782e+10
2.22205e+07,818835,3.71012e+06,-1.22628e+11,8.63865e+10
2.22244e+07,819240,3.7114e+06,-1.22763e+11,8.61945e+10
2.22284e+07,819645,3.71268e+06,-1.22897e+11,8.60024e+10
2.22323e+07,820048,3.71396e+06,-1.23032e+11,8.58101e+10
2.22363e+07,820451,3.71525e+06,-1.23166e+11,8.56175e+10
2.22402e+07,820853,3.71653e+06,-1.233e+11,8.54248e+10
2.22442e+07,821254,3.71782e+06,-1.23433e+11,8.52318e+10
2.22481e+07,821654,3.7191e+06,-1.23566e+11,8.50386e+10
2.22521e+07,822053,3.72039e+06,-1.23699e+11,8.48452e+10
2.2256e+07,822451,3.72167e+06,-1.23832e+11,8.46516e+10
2.22599e+07,822848,3.72296e+06,-1.23964e+11,8.44578e+10
2.22639e+07,823244,3.72425e+06,-1.24096e+11,8.42638e+10
2.22678e+07,823640,3.72553e+06,-1.24228e+11,8.40696e+10
2.22718e+07,824034,3.72682e+06,-1.24359e+11,8.38752e+10
2.22757e+07,824428,3.72811e+06,-1.2449e+11,8.36806e+10
2.22797e+07,824820,3.7294e+06,-1.24621e+11,8.34857e+10
2.22836e+07,825212,3.73069e+06,-1.24751e+11,8.32907e+10
2.22876e+07,825603,3.73198e+06,-1.24881e+11,8.30955e+10
2.22915e+07,825993,3.73328e+06,-1.25011e+11,8.29e+10
2.22954e+07,826382,3.73457e+06,-1.25141e+11,8.27044e+10
2.22994e+07,826770,3.73586e+06,-1.2527e+11,8.25085e+10
2.23033e+07,827157,3.73715e+06,-1.25399e+11,8.23125e+10
2.23073e+07,827543,3.73845e+06,-1.25527e+11,8.21162e+10
2.23112e+07,827929,3.73974e+06,-1.25656e+11,8.19198e+10
2.23152e+07,828313,3.74104e+06,-1.25784e+11,8.17231e+10
2.23191e+07,828696,3.74233e+06,-1.25911e+11,8.15263e+10
2.23231e+07,829079,3.74363e+06,-1.26039e+11,8.13292e+10
2.2327e+07,829461,3.74493e+06,-1.26166e+11,8.1132e+10
2.23309e+07,829841,3.74623e+06,-1.26292e+11,8.09345e+10
2.23349e+07,830221,3.74752e+06,-1.26419e+11,8.07369e+10
2.23388e+07,830600,3.74882e+06,-1.26545e+11,8.0539e+10
2.23428e+07,830978,3.75012e+06,-1.26671e+11,8.0341e+10
2.23467e+07,831355,3.75142e+06,-1.26796e+11,8.01428e+10
2.23507e+07,831731,3.75272e+06,-1.26921e+11,7.99443e+10
2.23546e+07,832106,3.75402e+06,-1.27046e+11,7.97457e+10
2.23586e+07,832480,3.75533e+06,-1.27171e+11,7.95469e+10
2.23625e+07,832853,3.75663e+06,-1.27295e+11,7.93479e+10
2.23664e+07,833226,3.75793e+06,-1.27419e+11,7.91487e+10
2.23704e+07,833597,3.75924e+06,-1.27543e+11,7.89493e+10
2.23743e+07,833967,3.76054e+06,-1.27666e+11,7.87497e+10
2.23783e+07,834337,3.76184e+06,-1.27789e+11,7.85499e+10
2.23822e+07,834705,3.76315e+06,-1.27912e+11,7.83499e+10
2.23862e+07,835073,3.76446e+06,-1.28034e+11,7.81497e+10
2.23901e+07,835440,3.76576e+06,-1.28156e+11,7.79493e+10
2.23941e+07,835805,3.76707e+06,-1.28278e+11,7.77488e+10
2.2398e+07,836170,3.76838e+06,-1.28399e+11,7.7548e+10
2.2402e+07,836534,3.76969e+06,-1.28521e+11,7.73471e+10
2.24059e+07,836897,3.77099e+06,-1.28641e+11,7.7146e+10
2.24098e+07,837259,3.7723e+06,-1.28762e+11,7.69447e+10
2.24138e+07,837620,3.77361e+06,-1.28882e+11,7.67431e+10
2.24177e+07,837980,3.77492e+06,-1.29002e+11,7.65415e+10
2.24217e+07,838339,3.77624e+06,-1.29122e+11,7.63396e+10
2.24256e+07,838697,3.77755e+06,-1.29241e+11,7.61375e+10
2.24296e+07,839054,3.77886e+06,-1.2936e+11,7.59353e+10
2.24335e+07,839411,3.78017e+06,-1.29478e+11,7.57328e+10
2.24375e+07,839766,3.78148e+06,-1.29597e+11,7.55302e+10
2.24414e+07,840120,3.7828e+06,-1.29715e+11,7.53274e+10
2.24453e+07,840474,3.78411e+06,-1.29832e+11,7.51244e+10
2.24493e+07,840826,3.78543e+06,-1.2995e+11,7.49212e+10
2.24532e+07,841178,3.78674e+06,-1.30067e+11,7.47179e+10
2.24572e+07,841528,3.78806e+06,-1.30183e+11,7.45143e+10
2.24611e+07,841878,3.78938e+06,-1.303e+11,7.43106e+10
2.24651e+07,842226,3.79069e+06,-1.30416e+11,7.41067e+10
2.2469e+07,842574,3.79201e+06,-1.30532e+11,7.39026e+10
2.2473e+07,842921,3.79333e+06,-1.30647e+11,7.36983e+10
2.24769e+07,843266,3.79465e+06,-1.30762e+11,7.34939e+10
2.24808e+07,843611,3.79597e+06,-1.30877e+11,7.32893e+10
2.24848e+07,843955,3.79729e+06,-1.30991e+11,7.30845e+10
2.24887e+07,844298,3.79861e+06,-1.31106e+11,7.28795e+10
2.24927e+07,844640,3.79993e+06,-1.31219e+11,7.26743e+10
2.24966e+07,844981,3.80125e+06,-1.31333e+11,7.2469e+10
2.25006e+07,845321,3.80257e+06,-1.31446e+11,7.22634e+10
2.25045e+07,845660,3.80389e+06,-1.31559e+11,7.20577e+10
2.25085e+07,845998,3.80522e+06,-1.31672e+11,7.18519e+10
2.25124e+07,846335,3.80654e+06,-1.31784e+11,7.16458e+10
2.25163e+07,846671,3.80786e+06,-1.31896e+11,7.14396e+10
2.25203e+07,847006,3.80919e+06,-1.32007e+11,7.12332e+10
2.25242e+07,847340,3.81051e+06,-1.32118e+11,7.10266e+10
2.25282e+07,847673,3.81184e+06,-1.32229e+11,7.08199e+10
2.25321e+07,848005,3.81317e+06,-1.3234e+11,7.0613e+10
2.25361e+07,848337,3.81449e+06,-1.3245e+11,7.04059e+10
2.254e+07,848667,3.81582e+06,-1.3256e+11,7.01986e+10
2.2544e+07,848996,3.81715e+06,-1.3267e+11,6.99912e+10
2.25479e+07,849325,3.81848e+06,-1.32779e+11,6.97836e+10
2.25518e+07,849652,3.81981e+06,-1.32888e+11,6.95758e+10
2.25558e+07,849978,3.82113e+06,-1.32997e+11,6.93678e+10
2.25597e+07,850304,3.82246e+06,-1.33105e+11,6.91597e+10
2.25637e+07,850628,3.82379e+06,-1.33213e+11,6.89514e+10
2.25676e+07,850951,3.82513e+06,-1.33321e+11,6.8743e+10
2.25716e+07,851274,3.82646e+06,-1.33428e+11,6.85343e+10
2.25755e+07,851595,3.82779e+06,-1.33535e+11,6.83256e+10
2.25795e+07,851916,3.82912e+06,-1.33642e+11,6.81166e+10
2.25834e+07,852235,3.83045e+06,-1.33748e+11,6.79075e+10
2.25874e+07,852554,3.83179e+06,-1.33854e+11,6.76982e+10
2.25913e+07,852871,3.83312e+06,-1.3396e+11,6.74887e+10
2.25952e+07,853188,3.83445e+06,-1.34066e+11,6.72791e+10
2.25992e+07,853504,3.83579e+06,-1.34171e+11,6.70693e+10
2.26031e+07,853818,3.83712e+06,-1.34275e+11,6.68594e+10
2.26071e+07,854132,3.83846e+06,-1.3438e+11,6.66492e+10
2.2611e+07,854444,3.8398e+06,-1.34484e+11,6.6439e+10
2.2615e+07,854756,3.84113e+06,-1.34588e+11,6.62285e+10
2.26189e+07,855067,3.84247e+06,-1.34691e+11,6.60179e+10
2.26229e+07,855376,3.84381e+06,-1.34794e+11,6.58072e+10
2.26268e+07,855685,3.84515e+06,-1.34897e+11,6.55962e+10
2.26307e+07,855993,3.84649e+06,-1.34999e+11,6.53851e+10
2.26347e+07,856299,3.84782e+06,-1.35101e+11,6.51739e+10
2.26386e+07,856605,3.84916e+06,-1.35203e+11,6.49625e+10
2.26426e+07,856910,3.8505e+06,-1.35305e+11,6.47509e+10
2.26465e+07,857213,3.85185e+06,-1.35406e+11,6.45392e+10
2.26505e+07,857516,3.85319e+06,-1.35506e+11,6.43273e+10
2.26544e+07,857818,3.85453e+06,-1.35607e+11,6.41153e+10
2.26584e+07,858118,3.85587e+06,-1.35707e+11,6.39031e+10
2.26623e+07,858418,3.85721e+06,-1.35807e+11,6.36907e+10
2.26662e+07,858717,3.85856e+06,-1.35906e+11,6.34782e+10
2.26702e+07,859014,3.8599e+06,-1.36005e+11,6.32656e+10
2.26741e+07,859311,3.86124e+06,-1.36104e+11,6.30528e+10
2.26781e+07,859607,3.86259e+06,-1.36203e+11,6.28398e+10
2.2682e+07,859902,3.86393e+06,-1.36301e+11,6.26267e+10
2.2686e+07,860195,3.86528e+06,-1.36399e+11,6.24134e+10
2.26899e+07,860488,3.86662e+06,-1.36496e+11,6.21999e+10
2.26939e+07,860780,3.86797e+06,-1.36593e+11,6.19864e+10
2.26978e+07,861070,3.86932e+06,-1.3669e+11,6.17726e+10
2.27017e+07,861360,3.87066e+06,-1.36786e+11,6.15587e+10
2.27057e+07,861649,3.87201e+06,-1.36882e+11,6.13447e+10
2.27096e+07,861936,3.87336e+06,-1.36978e+11,6.11305e+10
2.27136e+07,862223,3.87471e+06,-1.37074e+11,6.09162e+10
2.27175e+07,862509,3.87606e+06,-1.37169e+11,6.07017e+10
2.27215e+07,862793,3.87741e+06,-1.37264e+11,6.04871e+10
2.27254e+07,863077,3.87875e+06,-1.37358e+11,6.02723e+10
2.27294e+07,863360,3.88011e+06,-1.37452e+11,6.00574e+10
2.27333e+07,863641,3.88146e+06,-1.37546e+11,5.98423e+10
2.27373e+07,863922,3.88281e+06,-1.37639e+11,5.96271e+10
2.27412e+07,864202,3.88416e+06,-1.37732e+11,5.94117e+10
2.27451e+07,864480,3.88551e+06,-1.37825e+11,5.91962e+10
2.27491e+07,864758,3.88686e+06,-1.37918e+11,5.89805e+10
2.2753e+07,865034,3.88822e+06,-1.3801e+11,5.87647e+10
2.2757e+07,865310,3.88957e+06,-1.38101e+11,5.85488e+10
2.27609e+07,865584,3.89092e+06,-1.38193e+11,5.83327e+10
2.27649e+07,865858,3.89228e+06,-1.38284e+11,5.81164e+10
2.27688e+07,866130,3.89363e+06,-1.38375e+11,5.79001e+10
2.27728e+07,866402,3.89499e+06,-1.38465e+11,5.76836e+10
2.27767e+07,866672,3.89634e+06,-1.38555e+11,5.74669e+10
2.27806e+07,866942,3.8977e+06,-1.38645e+11,5.72501e+10
2.27846e+07,867210,3.89905e+06,-1.38734e+11,5.70332e+10
2.27885e+07,867478,3.90041e+06,-1.38823e+11,5.68161e+10
2.27925e+07,867744,3.90177e+06,-1.38912e+11,5.65989e+10
2.27964e+07,868009,3.90313e+06,-1.39e+11,5.63815e+10
2.28004e+07,868274,3.90448e+06,-1.39088e+11,5.6164e+10
2.28043e+07,868537,3.90584e+06,-1.39176e+11,5.59464e+10
2.28083e+07,868799,3.9072e+06,-1.39263e+11,5.57286e+10
2.28122e+07,869061,3.90856e+06,-1.3935e+11,5.55107e+10
2.28161e+07,869321,3.90992e+06,-1.39437e+11,5.52927e+10
2.28201e+07,869580,3.91128e+06,-1.39523e+11,5.50745e+10
2.2824e+07,869838,3.91264e+06,-1.39609e+11,5.48562e+10
2.2828e+07,870096,3.914e+06,-1.39695e+11,5.46377e+10
2.28319e+07,870352,3.91536e+06,-1.3978e+11,5.44192e+10
2.28359e+07,870607,3.91672e+06,-1.39865e+11,5.42005e+10
2.28398e+07,870861,3.91809e+06,-1.3995e+11,5.39816e+10
2.28438e+07,871114,3.91945e+06,-1.40034e+11,5.37626e+10
2.28477e+07,871366,3.92081e+06,-1.40118e+11,5.35435e+10
2.28516e+07,871617,3.92217e+06,-1.40201e+11,5.33243e+10
2.28556e+07,871867,3.92354e+06,-1.40285e+11,5.31049e+10
2.28595e+07,872116,3.9249e+06,-1.40368e+11,5.28854e+10
2.28635e+07,872364,3.92627e+06,-1.4045e+11,5.26658e+10
2.28674e+07,872611,3.92763e+06,-1.40532e+11,5.2446e+10
2.28714e+07,872857,3.929e+06,-1.40614e+11,5.22262e+10
2.28753e+07,873102,3.93036e+06,-1.40696e+11,5.20061e+10
2.28793e+07,873345,3.93173e+06,-1.40777e+11,5.1786e+10
2.28832e+07,873588,3.93309e+06,-1.40858e+11,5.15657e+10
2.28871e+07,873830,3.93446e+06,-1.40938e+11,5.13453e+10
2.28911e+07,874070,3.93583e+06,-1.41018e+11,5.11248e+10
2.2895e+07,874310,3.93719e+06,-1.41098e+11,5.09042e+10
2.2899e+07,874549,3.93856e+06,-1.41178e+11,5.06834e+10
2.29029e+07,874786,3.93993e+06,-1.41257e+11,5.04625e+10
2.29069e+07,875023,3.9413e+06,-1.41335e+11,5.02415e+10
2.29108e+07,875258,3.94267e+06,-1.41414e+11,5.00204e+10
2.29148e+07,875493,3.94404e+06,-1.41492e+11,4.97991e+10
2.29187e+07,875726,3.94541e+06,-1.4157e+11,4.95777e+10
2.29227e+07,875959,3.94678e+06,-1.41647e+11,4.93562e+10
2.29266e+07,876190,3.94815e+06,-1.41724e+11,4.91346e+10
2.29305e+07,876420,3.94952e+06,-1.41801e+11,4.89129e+10
2.29345e+07,876650,3.95089e+06,-1.41877e+11,4.8691e+10
2.29384e+07,876878,3.95226e+06,-1.41953e+11,4.8469e+10
2.29424e+07,877105,3.95363e+06,-1.42029e+11,4.82469e+10
2.29463e+07,877331,3.955e+06,-1.42104e+11,4.80247e+10
2.29503e+07,877556,3.95638e+06,-1.42179e+11,4.78023e+10
2.29542e+07,877780,3.95775e+06,-1.42253e+11,4.75799e+10
2.29582e+07,878003,3.95912e+06,-1.42328e+11,4.73573e+10
2.29621e+07,878225,3.9605e+06,-1.42402e+11,4.71346e+10
2.2966e+07,878446,3.96187e+06,-1.42475e+11,4.69118e+10
2.297e+07,878666,3.96324e+06,-1.42548e+11,4.66889e+10
2.29739e+07,878885,3.96462e+06,-1.42621e+11,4.64659e+10
2.29779e+07,879102,3.96599e+06,-1.42694e+11,4.62427e+10
2.29818e+07,879319,3.96737e+06,-1.42766e+11,4.60195e+10
2.29858e+07,879535,3.96874e+06,-1.42838e+11,4.57961e+10
2.29897e+07,879749,3.97012e+06,-1.42909e+11,4.55726e+10
2.29937e+07,879963,3.9715e+06,-1.4298e+11,4.5349e+10
2.29976e+07,880175,3.97287e+06,-1.43051e+11,4.51253e+10
2.30015e+07,880387,3.97425e+06,-1.43121e+11,4.49015e+10
2.30055e+07,880597,3.97563e+06,-1.43191e+11,4.46776e+10
2.30094e+07,880807,3.977e+06,-1.43261e+11,4.44536e+10
2.30134e+07,881015,3.97838e+06,-1.4333e+11,4.42294e+10
2.30173e+07,881222,3.97976e+06,-1.43399e+11,4.40052e+10
2.30213e+07,881428,3.98114e+06,-1.43468e+11,4.37808e+10
2.30252e+07,881634,3.98252e+06,-1.43536e+11,4.35563e+10
2.30292e+07,881838,3.9839e+06,-1.43604e+11,4.33318e+10
2.30331e+07,882041,3.98528e+06,-1.43672e+11,4.31071e+10
2.3037e+07,882243,3.98666e+06,-1.43739e+11,4.28823e+10
2.3041e+07,882444,3.98804e+06,-1.43806e+11,4.26574e+10
2.30449e+07,882643,3.98942e+06,-1.43873e+11,4.24324e+10
2.30489e+07,882842,3.9908e+06,-1.43939e+11,4.22073e+10
2.30528e+07,883040,3.99218e+06,-1.44005e+11,4.19821e+10
2.30568e+07,883237,3.99356e+06,-1.4407e+11,4.17568e+10
2.30607e+07,883432,3.99494e+06,-1.44135e+11,4.15314e+10
2.30647e+07,883627,3.99632e+06,-1.442e+11,4.13059e+10
2.30686e+07,883820,3.99771e+06,-1.44264e+11,4.10803e+10
2.30726e+07,884013,3.99909e+06,-1.44329e+11,4.08546e+10
2.30765e+07,884204,4.00047e+06,-1.44392e+11,4.06288e+10
2.30804e+07,884394,4.00186e+06,-1.44456e+11,4.04029e+10
2.30844e+07,884584,4.00324e+06,-1.44519e+11,4.01769e+10
2.30883e+07,884772,4.00462e+06,-1.44581e+11,3.99508e+10
2.30923e+07,884959,4.00601e+06,-1.44644e+11,3.97246e+10
2.30962e+07,885145,4.00739e+06,-1.44706e+11,3.94983e+10
2.31002e+07,885330,4.00878e+06,-1.44767e+11,3.92719e+10
2.31041e+07,885514,4.01016e+06,-1.44828e+11,3.90454e+10
2.31081e+07,885697,4.01155e+06,-1.44889e+11,3.88188e+10
2.3112e+07,885879,4.01293e+06,-1.4495e+11,3.85921e+10
2.31159e+07,886060,4.01432e+06,-1.4501e+11,3.83653e+10
2.31199e+07,886239,4.0157e+06,-1.4507e+11,3.81384e+10
2.31238e+07,886418,4.01709e+06,-1.45129e+11,3.79115e+10
2.31278e+07,886595,4.01848e+06,-1.45188e+11,3.76844e+10
2.31317e+07,886772,4.01986e+06,-1.45247e+11,3.74573e+10
2.31357e+07,886947,4.02125e+06,-1.45306e+11,3.723e+10
2.31396e+07,887122,4.02264e+06,-1.45364e+11,3.70027e+10
2.31436e+07,887295,4.02403e+06,-1.45421e+11,3.67753e+10
2.31475e+07,887467,4.02541e+06,-1.45479e+11,3.65478e+10
2.31514e+07,887638,4.0268e+06,-1.45536e+11,3.63202e+10
2.31554e+07,887808,4.02819e+06,-1.45592e+11,3.60925e+10
2.31593e+07,887977,4.02958e+06,-1.45649e+11,3.58647e+10
2.31633e+07,888145,4.03097e+06,-1.45704e+11,3.56368e+10
2.31672e+07,888312,4.03236e+06,-1.4576e+11,3.54089e+10
2.31712e+07,888478,4.03375e+06,-1.45815e+11,3.51808e+10
2.31751e+07,888643,4.03514e+06,-1.4587e+11,3.49527e+10
2.31791e+07,888806,4.03653e+06,-1.45925e+11,3.47245e+10
2.3183e+07,888969,4.03792e+06,-1.45979e+11,3.44962e+10
2.31869e+07,889131,4.03931e+06,-1.46032e+11,3.42678e+10
2.31909e+07,889291,4.0407e+06,-1.46086e+11,3.40393e+10
2.31948e+07,889450,4.04209e+06,-1.46139e+11,3.38108e+10
2.31988e+07,889609,4.04348e+06,-1.46192e+11,3.35822e+10
2.32027e+07,889766,4.04487e+06,-1.46244e+11,3.33534e+10
2.32067e+07,889922,4.04627e+06,-1.46296e+11,3.31246e+10
2.32106e+07,890077,4.04766e+06,-1.46348e+11,3.28958e+10
2.32146e+07,890231,4.04905e+06,-1.46399e+11,3.26668e+10
2.32185e+07,890384,4.05044e+06,-1.4645e+11,3.24378e+10
2.32224e+07,890536,4.05184e+06,-1.465e+11,3.22087e+10
2.32264e+07,890687,4.05323e+06,-1.46551e+11,3.19795e+10
2.32303e+07,890836,4.05462e+06,-1.466e+11,3.17502e+10
2.32343e+07,890985,4.05602e+06,-1.4665e+11,3.15208e+10
2.32382e+07,891132,4.05741e+06,-1.46699e+11,3.12914e+10
2.32422e+07,891279,4.0588e+06,-1.46748e+11,3.10619e+10
2.32461e+07,891424,4.0602e+06,-1.46796e+11,3.08323e+10
2.32501e+07,891568,4.06159e+06,-1.46844e+11,3.06027e+10
2.3254e+07,891712,4.06299e+06,-1.46892e+11,3.03729e+10
2.3258e+07,891854,4.06438e+06,-1.46939e+11,3.01431e+10
2.32619e+07,891995,4.06578e+06,-1.46986e+11,2.99133e+10
2.32658e+07,892135,4.06717e+06,-1.47033e+11,2.96833e+10
2.32698e+07,892274,4.06857e+06,-1.47079e+11,2.94533e+10
2.32737e+07,892412,4.06996e+06,-1.47125e+11,2.92232e+10
2.32777e+07,892548,4.07136e+06,-1.4717e+11,2.8993e+10
2.32816e+07,892684,4.07276e+06,-1.47216e+11,2.87628e+10
2.32856e+07,892818,4.07415e+06,-1.4726e+11,2.85325e+10
2.32895e+07,892952,4.07555e+06,-1.47305e+11,2.83021e+10
2.32935e+07,893084,4.07695e+06,-1.47349e+11,2.80716e+10
2.32974e+07,893216,4.07834e+06,-1.47393e+11,2.78411e+10
2.33013e+07,893346,4.07974e+06,-1.47436e+11,2.76105e+10
2.33053e+07,893475,4.08114e+06,-1.47479e+11,2.73799e+10
2.33092e+07,893603,4.08254e+06,-1.47522e+11,2.71492e+10
2.33132e+07,893730,4.08393e+06,-1.47564e+11,2.69184e+10
2.33171e+07,893856,4.08533e+06,-1.47606e+11,2.66875e+10
2.33211e+07,893981,4.08673e+06,-1.47647e+11,2.64566e+10
2.3325e+07,894105,4.08813e+06,-1.47689e+11,2.62256e+10
2.3329e+07,894227,4.08953e+06,-1.47729e+11,2.59946e+10
2.33329e+07,894349,4.09093e+06,-1.4777e+11,2.57635e+10
2.33368e+07,894469,4.09232e+06,-1.4781e+11,2.55323e+10
2.33408e+07,894589,4.09372e+06,-1.4785e+11,2.53011e+10
2.33447e+07,894707,4.09512e+06,-1.47889e+11,2.50698e+10
2.33487e+07,894824,4.09652e+06,-1.47928e+11,2.48384e+10
2.33526e+07,894940,4.09792e+06,-1.47967e+11,2.4607e+10
2.33566e+07,895055,4.09932e+06,-1.48005e+11,2.43755e+10
2.33605e+07,895169,4.10072e+06,-1.48043e+11,2.4144e+10
2.33645e+07,895282,4.10212e+06,-1.48081e+11,2.39124e+10
2.33684e+07,895394,4.10352e+06,-1.48118e+11,2.36807e+10
2.33723e+07,895505,4.10492e+06,-1.48155e+11,2.3449e+10
2.33763e+07,895614,4.10633e+06,-1.48191e+11,2.32172e+10
2.33802e+07,895723,4.10773e+06,-1.48227e+11,2.29854e+10
2.33842e+07,895830,4.10913e+06,-1.48263e+11,2.27535e+10
2.33881e+07,895937,4.11053e+06,-1.48298e+11,2.25216e+10
2.33921e+07,896042,4.11193e+06,-1.48334e+11,2.22896e+10
2.3396e+07,896146,4.11333e+06,-1.48368e+11,2.20575e+10
2.34e+07,896249,4.11473e+06,-1.48403e+11,2.18254e+10
2.34039e+07,896351,4.11614e+06,-1.48436e+11,2.15933e+10
2.34078e+07,896452,4.11754e+06,-1.4847e+11,2.1361e+10
2.34118e+07,896552,4.11894e+06,-1.48503e+11,2.11288e+10
2.34157e+07,896650,4.12034e+06,-1.48536e+11,2.08965e+10
2.34197e+07,896748,4.12175e+06,-1.48569e+11,2.06641e+10
2.34236e+07,896844,4.12315e+06,-1.48601e+11,2.04317e+10
2.34276e+07,896940,4.12455e+06,-1.48633e+11,2.01992e+10
2.34315e+07,897034,4.12595e+06,-1.48664e+11,1.99667e+10
2.34355e+07,897127,4.12736e+06,-1.48695e+11,1.97341e+10
2.34394e+07,897220,4.12876e+06,-1.48726e+11,1.95015e+10
2.34434e+07,897311,4.13016e+06,-1.48756e+11,1.92689e+10
2.34473e+07,897401,4.13157e+06,-1.48786e+11,1.90362e+10
2.34512e+07,897489,4.13297e+06,-1.48816e+11,1.88034e+10
2.34552e+07,897577,4.13438e+06,-1.48845e+11,1.85706e+10
2.34591e+07,897664,4.13578e+06,-1.48874e+11,1.83378e+10
2.34631e+07,897749,4.13718e+06,-1.48902e+11,1.81049e+10
2.3467e+07,897834,4.13859e+06,-1.4893e+11,1.78719e+10
2.3471e+07,897917,4.13999e+06,-1.48958e+11,1.7639e+10
2.34749e+07,898000,4.1414e+06,-1.48985e+11,1.74059e+10
2.34789e+07,898081,4.1428e+06,-1.49012e+11,1.71729e+10
2.34828e+07,898161,4.14421e+06,-1.49039e+11,1.69398e+10
2.34867e+07,898240,4.14561e+06,-1.49065e+11,1.67066e+10
2.34907e+07,898318,4.14702e+06,-1.49091e+11,1.64734e+10
2.34946e+07,898395,4.14842e+06,-1.49117e+11,1.62402e+10
2.34986e+07,898470,4.14983e+06,-1.49142e+11,1.60069e+10
2.35025e+07,898545,4.15123e+06,-1.49167e+11,1.57736e+10
2.35065e+07,898619,4.15264e+06,-1.49191e+11,1.55403e+10
2.35104e+07,898691,4.15404e+06,-1.49216e+11,1.53069e+10
2.35144e+07,898762,4.15545e+06,-1.49239e+11,1.50735e+10
2.35183e+07,898833,4.15686e+06,-1.49263e+11,1.484e+10
2.35222e+07,898902,4.15826e+06,-1.49286e+11,1.46065e+10
2.35262e+07,898970,4.15967e+06,-1.49308e+11,1.4373e+10
2.35301e+07,899037,4.16107e+06,-1.49331e+11,1.41394e+10
2.35341e+07,899103,4.16248e+06,-1.49353e+11,1.39058e+10
2.3538e+07,899167,4.16389e+06,-1.49374e+11,1.36722e+10
2.3542e+07,899231,4.16529e+06,-1.49395e+11,1.34385e+10
2.35459e+07,899294,4.1667e+06,-1.49416e+11,1.32048e+10
2.35499e+07,899355,4.16811e+06,-1.49437e+11,1.29711e+10
2.35538e+07,899416,4.16951e+06,-1.49457e+11,1.27373e+10
2.35577e+07,899475,4.17092e+06,-1.49477e+11,1.25035e+10
2.35617e+07,899533,4.17233e+06,-1.49496e+11,1.22697e+10
2.35656e+07,899590,4.17373e+06,-1.49515e+11,1.20358e+10
2.35696e+07,899646,4.17514e+06,-1.49534e+11,1.1802e+10
2.35735e+07,899701,4.17655e+06,-1.49552e+11,1.1568e+10
2.35775e+07,899755,4.17796e+06,-1.4957e+11,1.13341e+10
2.35814e+07,899807,4.17936e+06,-1.49587e+11,1.11001e+10
2.35854e+07,899859,4.18077e+06,-1.49604e+11,1.08661e+10
2.35893e+07,899909,4.18218e+06,-1.49621e+11,1.06321e+10
2.35933e+07,899959,4.18359e+06,-1.49638e+11,1.0398e+10
2.35972e+07,900007,4.18499e+06,-1.49654e+11,1.0164e+10
2.36011e+07,900054,4.1864e+06,-1.49669e+11,9.92987e+09
2.36051e+07,900100,4.18781e+06,-1.49685e+11,9.69575e+09
2.3609e+07,900145,4.18922e+06,-1.497e+11,9.4616e+09
2.3613e+07,900189,4.19063e+06,-1.49714e+11,9.22743e+09
2.36169e+07,900232,4.19203e+06,-1.49729e+11,8.99323e+09
2.36209e+07,900274,4.19344e+06,-1.49743e+11,8.75901e+09
2.36248e+07,900314,4.19485e+06,-1.49756e+11,8.52478e+09
2.36288e+07,900354,4.19626e+06,-1.49769e+11,8.29052e+09
2.36327e+07,900392,4.19767e+06,-1.49782e+11,8.05624e+09
2.36366e+07,900429,4.19907e+06,-1.49794e+11,7.82194e+09
2.36406e+07,900466,4.20048e+06,-1.49806e+11,7.58762e+09
2.36445e+07,900501,4.20189e+06,-1.49818e+11,7.35329e+09
2.36485e+07,900535,4.2033e+06,-1.49829e+11,7.11893e+09
2.36524e+07,900567,4.20471e+06,-1.4984e+11,6.88456e+09
2.36564e+07,900599,4.20612e+06,-1.49851e+11,6.65017e+09
2.36603e+07,900630,4.20753e+06,-1.49861e+11,6.41577e+09
2.36643e+07,900660,4.20894e+06,-1.49871e+11,6.18135e+09
2.36682e+07,900688,4.21034e+06,-1.4988e+11,5.94691e+09
2.36721e+07,900715,4.21175e+06,-1.4989e+11,5.71246e+09
2.36761e+07,900742,4.21316e+06,-1.49898e+11,5.47799e+09
2.368e+07,900767,4.21457e+06,-1.49907e+11,5.24352e+09
2.3684e+07,900791,4.21598e+06,-1.49915e+11,5.00903e+09
2.36879e+07,900814,4.21739e+06,-1.49922e+11,4.77452e+09
2.36919e+07,900836,4.2188e+06,-1.4993e+11,4.54001e+09
2.36958e+07,900856,4.22021e+06,-1.49937e+11,4.30548e+09
2.36998e+07,900876,4.22162e+06,-1.49943e+11,4.07095e+09
2.37037e+07,900895,4.22303e+06,-1.49949e+11,3.8364e+09
2.37076e+07,900912,4.22443e+06,-1.49955e+11,3.60185e+09
2.37116e+07,900928,4.22584e+06,-1.49961e+11,3.36728e+09
2.37155e+07,900944,4.22725e+06,-1.49966e+11,3.13271e+09
2.37195e+07,900958,4.22866e+06,-1.4997e+11,2.89813e+09
2.37234e+07,900971,4.23007e+06,-1.49975e+11,2.66354e+09
2.37274e+07,900983,4.23148e+06,-1.49979e+11,2.42895e+09
2.37313e+07,900994,4.23289e+06,-1.49982e+11,2.19435e+09
2.37353e+07,901003,4.2343e+06,-1.49985e+11,1.95974e+09
2.37392e+07,901012,4.23571e+06,-1.49988e+11,1.72514e+09
2.37431e+07,901020,4.23712e+06,-1.49991e+11,1.49052e+09
2.37471e+07,901026,4.23853e+06,-1.49993e+11,1.2559e+09
2.3751e+07,901031,4.23994e+06,-1.49995e+11,1.02128e+09
2.3755e+07,901036,4.24135e+06,-1.49996e+11,7.8666e+08
2.37589e+07,901039,4.24276e+06,-1.49997e+11,5.52035e+08
2.37629e+07,901041,4.24417e+06,-1.49998e+11,3.17409e+08
2.37668e+07,901042,4.24557e+06,-1.49998e+11,8.27817e+07
2.37708e+07,901041,4.24698e+06,-1.49998e+11,-1.51846e+08
2.37747e+07,901040,4.24839e+06,-1.49998e+11,-3.86472e+08
2.37787e+07,901038,4.2498e+06,-1.49997e+11,-6.21098e+08
2.37826e+07,901034,4.25121e+06,-1.49996e+11,-8.55723e+08
2.37865e+07,901030,4.25262e+06,-1.49994e+11,-1.09035e+09
2.37905e+07,901024,4.25403e+06,-1.49992e+11,-1.32496e+09
2.37944e+07,901017,4.25544e+06,-1.4999e+11,-1.55958e+09
2.37984e+07,901009,4.25685e+06,-1.49987e+11,-1.79419e+09
2.38023e+07,901000,4.25826e+06,-1.49984e+11,-2.0288e+09
2.38063e+07,900990,4.25967e+06,-1.49981e+11,-2.26341e+09
2.38102e+07,900979,4.26108e+06,-1.49977e+11,-2.498e+09
2.38142e+07,900967,4.26249e+06,-1.49973e+11,-2.73259e+09
2.38181e+07,900953,4.2639e+06,-1.49969e+11,-2.96718e+09
2.3822e+07,900939,4.26531e+06,-1.49964e+11,-3.20176e+09
2.3826e+07,900923,4.26671e+06,-1.49959e+11,-3.43633e+09
2.38299e+07,900906,4.26812e+06,-1.49953e+11,-3.67089e+09
2.38339e+07,900889,4.26953e+06,-1.49947e+11,-3.90544e+09
2.38378e+07,900870,4.27094e+06,-1.49941e+11,-4.13998e+09
2.38418e+07,900850,4.27235e+06,-1.49934e+11,-4.37452e+09
2.38457e+07,900829,4.27376e+06,-1.49927e+11,-4.60904e+09
2.38497e+07,900806,4.27517e+06,-1.4992e+11,-4.84355e+09
2.38536e+07,900783,4.27658e+06,-1.49912e+11,-5.07805e+09
2.38575e+07,900759,4.27799e+06,-1.49904e+11,-5.31253e+09
2.38615e+07,900733,4.2794e+06,-1.49895e+11,-5.54701e+09
2.38654e+07,900706,4.28081e+06,-1.49887e+11,-5.78147e+09
2.38694e+07,900679,4.28221e+06,-1.49877e+11,-6.01591e+09
2.38733e+07,900650,4.28362e+06,-1.49868e+11,-6.25034e+09
2.38773e+07,900620,4.28503e+06,-1.49858e+11,-6.48476e+09
2.38812e+07,900589,4.28644e+06,-1.49847e+11,-6.71916e+09
2.38852e+07,900557,4.28785e+06,-1.49837e+11,-6.95354e+09
2.38891e+07,900524,4.28926e+06,-1.49826e+11,-7.18791e+09
2.3893e+07,900489,4.29067e+06,-1.49814e+11,-7.42226e+09
2.3897e+07,900454,4.29207e+06,-1.49802e+11,-7.65659e+09
2.39009e+07,900417,4.29348e+06,-1.4979e+11,-7.8909e+09
2.39049e+07,900380,4.29489e+06,-1.49778e+11,-8.12519e+09
2.39088e+07,900341,4.2963e+06,-1.49765e+11,-8.35946e+09
2.39128e+07,900301,4.29771e+06,-1.49752e+11,-8.59371e+09
2.39167e+07,900260,4.29912e+06,-1.49738e+11,-8.82795e+09
2.39207e+07,900218,4.30052e+06,-1.49724e+11,-9.06215e+09
2.39246e+07,900175,4.30193e+06,-1.4971e+11,-9.29634e+09
2.39286e+07,900131,4.30334e+06,-1.49695e+11,-9.53051e+09
2.39325e+07,900085,4.30475e+06,-1.4968e+11,-9.76465e+09
2.39364e+07,900039,4.30616e+06,-1.49664e+11,-9.99876e+09
2.39404e+07,899991,4.30756e+06,-1.49648e+11,-1.02329e+10
2.39443e+07,899943,4.30897e+06,-1.49632e+11,-1.04669e+10
2.39483e+07,899893,4.31038e+06,-1.49616e+11,-1.0701e+10
2.39522e+07,899842,4.31179e+06,-1.49599e+11,-1.0935e+10
2.39562e+07,899790,4.31319e+06,-1.49582e+11,-1.1169e+10
2.39601e+07,899737,4.3146e+06,-1.49564e+11,-1.14029e+10
2.39641e+07,899683,4.31601e+06,-1.49546e+11,-1.16369e+10
2.3968e+07,899628,4.31742e+06,-1.49527e+11,-1.18708e+10
2.39719e+07,899571,4.31882e+06,-1.49509e+11,-1.21046e+10
2.39759e+07,899514,4.32023e+06,-1.4949e+11,-1.23385e+10
2.39798e+07,899455,4.32164e+06,-1.4947e+11,-1.25723e+10
2.39838e+07,899396,4.32304e+06,-1.4945e+11,-1.28061e+10
2.39877e+07,899335,4.32445e+06,-1.4943e+11,-1.30399e+10
2.39917e+07,899273,4.32586e+06,-1.49409e+11,-1.32736e+10
2.39956e+07,899210,4.32726e+06,-1.49388e+11,-1.35073e+10
2.39996e+07,899146,4.32867e+06,-1.49367e+11,-1.37409e+10
2.40035e+07,899081,4.33008e+06,-1.49345e+11,-1.39745e+10
2.40074e+07,899015,4.33148e+06,-1.49323e+11,-1.42081e+10
2.40114e+07,898948,4.33289e+06,-1.49301e+11,-1.44417e+10
2.40153e+07,898879,4.3343e+06,-1.49278e+11,-1.46752e+10
2.40193e+07,898810,4.3357e+06,-1.49255e+11,-1.49087e+10
2.40232e+07,898739,4.33711e+06,-1.49232e+11,-1.51421e+10
2.40272e+07,898667,4.33851e+06,-1.49208e+11,-1.53755e+10
2.40311e+07,898594,4.33992e+06,-1.49183e+11,-1.56089e+10
2.40351e+07,898521,4.34132e+06,-1.49159e+11,-1.58423e+10
2.4039e+07,898446,4.34273e+06,-1.49134e+11,-1.60755e+10
2.40429e+07,898369,4.34414e+06,-1.49109e+11,-1.63088e+10
2.40469e+07,898292,4.34554e+06,-1.49083e+11,-1.6542e+10
2.40508e+07,898214,4.34695e+06,-1.49057e+11,-1.67752e+10
2.40548e+07,898135,4.34835e+06,-1.4903e+11,-1.70083e+10
2.40587e+07,898054,4.34976e+06,-1.49004e+11,-1.72414e+10
2.40627e+07,897973,4.35116e+06,-1.48976e+11,-1.74745e+10
2.40666e+07,897890,4.35256e+06,-1.48949e+11,-1.77075e+10
2.40706e+07,897806,4.35397e+06,-1.48921e+11,-1.79404e+10
2.40745e+07,897721,4.35537e+06,-1.48893e+11,-1.81734e+10
2.40784e+07,897635,4.35678e+06,-1.48864e+11,-1.84062e+10
2.40824e+07,897548,4.35818e+06,-1.48835e+11,-1.86391e+10
2.40863e+07,897460,4.35959e+06,-1.48806e+11,-1.88719e+10
2.40903e+07,897371,4.36099e+06,-1.48776e+11,-1.91046e+10
2.40942e+07,897281,4.36239e+06,-1.48746e+11,-1.93373e+10
2.40982e+07,897189,4.3638e+06,-1.48716e+11,-1.95699e+10
2.41021e+07,897097,4.3652e+06,-1.48685e+11,-1.98025e+10
2.41061e+07,897003,4.3666e+06,-1.48654e+11,-2.00351e+10
2.411e+07,896908,4.36801e+06,-1.48622e+11,-2.02676e+10
2.4114e+07,896813,4.36941e+06,-1.4859e+11,-2.05e+10
2.41179e+07,896716,4.37081e+06,-1.48558e+11,-2.07324e+10
2.41218e+07,896618,4.37221e+06,-1.48525e+11,-2.09648e+10
2.41258e+07,896519,4.37362e+06,-1.48492e+11,-2.11971e+10
2.41297e+07,896419,4.37502e+06,-1.48459e+11,-2.14293e+10
2.41337e+07,896317,4.37642e+06,-1.48425e+11,-2.16615e+10
2.41376e+07,896215,4.37782e+06,-1.48391e+11,-2.18936e+10
2.41416e+07,896112,4.37922e+06,-1.48357e+11,-2.21257e+10
2.41455e+07,896007,4.38063e+06,-1.48322e+11,-2.23578e+10
2.41495e+07,895901,4.38203e+06,-1.48287e+11,-2.25897e+10
2.41534e+07,895795,4.38343e+06,-1.48251e+11,-2.28217e+10
2.41573e+07,895687,4.38483e+06,-1.48215e+11,-2.30535e+10
2.41613e+07,895578,4.38623e+06,-1.48179e+11,-2.32853e+10
2.41652e+07,895468,4.38763e+06,-1.48143e+11,-2.35171e+10
2.41692e+07,895357,4.38903e+06,-1.48106e+11,-2.37488e+10
2.41731e+07,895245,4.39043e+06,-1.48068e+11,-2.39804e+10
2.41771e+07,895132,4.39183e+06,-1.48031e+11,-2.4212e+10
2.4181e+07,895017,4.39323e+06,-1.47992e+11,-2.44435e+10
2.4185e+07,894902,4.39463e+06,-1.47954e+11,-2.4675e+10
2.41889e+07,894786,4.39603e+06,-1.47915e+11,-2.49064e+10
2.41928e+07,894668,4.39743e+06,-1.47876e+11,-2.51377e+10
2.41968e+07,894549,4.39883e+06,-1.47837e+11,-2.5369e+10
2.42007e+07,894430,4.40023e+06,-1.47797e+11,-2.56002e+10
2.42047e+07,894309,4.40163e+06,-1.47757e+11,-2.58314e+10
2.42086e+07,894187,4.40303e+06,-1.47716e+11,-2.60625e+10
2.42126e+07,894064,4.40443e+06,-1.47675e+11,-2.62935e+10
2.42165e+07,893940,4.40583e+06,-1.47634e+11,-2.65244e+10
2.42205e+07,893815,4.40722e+06,-1.47592e+11,-2.67553e+10
2.42244e+07,893688,4.40862e+06,-1.4755e+11,-2.69862e+10
2.42283e+07,893561,4.41002e+06,-1.47508e+11,-2.72169e+10
2.42323e+07,893433,4.41142e+06,-1.47465e+11,-2.74476e+10
2.42362e+07,893303,4.41281e+06,-1.47422e+11,-2.76783e+10
2.42402e+07,893172,4.41421e+06,-1.47378e+11,-2.79088e+10
2.42441e+07,893041,4.41561e+06,-1.47334e+11,-2.81393e+10
2.42481e+07,892908,4.417e+06,-1.4729e+11,-2.83698e+10
2.4252e+07,892774,4.4184e+06,-1.47246e+11,-2.86001e+10
2.4256e+07,892639,4.4198e+06,-1.47201e+11,-2.88304e+10
2.42599e+07,892503,4.42119e+06,-1.47155e+11,-2.90606e+10
2.42638e+07,892366,4.42259e+06,-1.4711e+11,-2.92908e+10
2.42678e+07,892228,4.42399e+06,-1.47064e+11,-2.95208e+10
2.42717e+07,892089,4.42538e+06,-1.47017e+11,-2.97508e+10
2.42757e+07,891948,4.42678e+06,-1.46971e+11,-2.99808e+10
2.42796e+07,891807,4.42817e+06,-1.46924e+11,-3.02106e+10
2.42836e+07,891664,4.42957e+06,-1.46876e+11,-3.04404e+10
2.42875e+07,891521,4.43096e+06,-1.46828e+11,-3.06701e+10
2.42915e+07,891376,4.43236e+06,-1.4678e+11,-3.08997e+10
2.42954e+07,891230,4.43375e+06,-1.46732e+11,-3.11293e+10
2.42994e+07,891084,4.43514e+06,-1.46683e+11,-3.13588e+10
2.43033e+07,890936,4.43654e+06,-1.46634e+11,-3.15882e+10
2.43072e+07,890787,4.43793e+06,-1.46584e+11,-3.18175e+10
2.43112e+07,890637,4.43932e+06,-1.46534e+11,-3.20467e+10
2.43151e+07,890486,4.44072e+06,-1.46484e+11,-3.22759e+10
2.43191e+07,890333,4.44211e+06,-1.46433e+11,-3.2505e+10
2.4323e+07,890180,4.4435e+06,-1.46382e+11,-3.2734e+10
2.4327e+07,890026,4.44489e+06,-1.46331e+11,-3.29629e+10
2.43309e+07,889870,4.44629e+06,-1.46279e+11,-3.31918e+10
2.43349e+07,889714,4.44768e+06,-1.46227e+11,-3.34206e+10
2.43388e+07,889556,4.44907e+06,-1.46174e+11,-3.36493e+10
2.43427e+07,889398,4.45046e+06,-1.46121e+11,-3.38779e+10
2.43467e+07,889238,4.45185e+06,-1.46068e+11,-3.41064e+10
2.43506e+07,889077,4.45324e+06,-1.46015e+11,-3.43348e+10
2.43546e+07,888915,4.45463e+06,-1.45961e+11,-3.45632e+10
2.43585e+07,888752,4.45602e+06,-1.45907e+11,-3.47914e+10
2.43625e+07,888588,4.45741e+06,-1.45852e+11,-3.50196e+10
2.43664e+07,888423,4.4588e+06,-1.45797e+11,-3.52477e+10
2.43704e+07,888257,4.46019e+06,-1.45742e+11,-3.54757e+10
2.43743e+07,888090,4.46158e+06,-1.45686e+11,-3.57037e+10
2.43782e+07,887922,4.46297e+06,-1.4563e+11,-3.59315e+10
2.43822e+07,887752,4.46436e+06,-1.45574e+11,-3.61592e+10
2.43861e+07,887582,4.46575e+06,-1.45517e+11,-3.63869e+10
2.43901e+07,887410,4.46714e+06,-1.4546e+11,-3.66145e+10
2.4394e+07,887238,4.46853e+06,-1.45402e+11,-3.6842e+10
2.4398e+07,887064,4.46991e+06,-1.45344e+11,-3.70694e+10
2.44019e+07,886889,4.4713e+06,-1.45286e+11,-3.72967e+10
2.44059e+07,886714,4.47269e+06,-1.45228e+11,-3.75239e+10
2.44098e+07,886537,4.47407e+06,-1.45169e+11,-3.7751e+10
2.44137e+07,886359,4.47546e+06,-1.4511e+11,-3.7978e+10
2.44177e+07,886180,4.47685e+06,-1.4505e+11,-3.8205e+10
2.44216e+07,886000,4.47823e+06,-1.4499e+11,-3.84318e+10
2.44256e+07,885819,4.47962e+06,-1.4493e+11,-3.86585e+10
2.44295e+07,885637,4.481e+06,-1.44869e+11,-3.88852e+10
2.44335e+07,885453,4.48239e+06,-1.44808e+11,-3.91118e+10
2.44374e+07,885269,4.48377e+06,-1.44747e+11,-3.93382e+10
2.44414e+07,885084,4.48516e+06,-1.44685e+11,-3.95646e+10
2.44453e+07,884897,4.48654e+06,-1.44623e+11,-3.97908e+10
2.44493e+07,884710,4.48793e+06,-1.44561e+11,-4.0017e+10
2.44532e+07,884521,4.48931e+06,-1.44498e+11,-4.02431e+10
2.44571e+07,884332,4.49069e+06,-1.44435e+11,-4.04691e+10
2.44611e+07,884141,4.49208e+06,-1.44371e+11,-4.06949e+10
2.4465e+07,883949,4.49346e+06,-1.44307e+11,-4.09207e+10
2.4469e+07,883756,4.49484e+06,-1.44243e+11,-4.11464e+10
2.44729e+07,883563,4.49622e+06,-1.44179e+11,-4.1372e+10
2.44769e+07,883368,4.49761e+06,-1.44114e+11,-4.15974e+10
2.44808e+07,883172,4.49899e+06,-1.44048e+11,-4.18228e+10
2.44848e+07,882975,4.50037e+06,-1.43983e+11,-4.20481e+10
2.44887e+07,882777,4.50175e+06,-1.43917e+11,-4.22732e+10
2.44926e+07,882577,4.50313e+06,-1.43851e+11,-4.24983e+10
2.44966e+07,882377,4.50451e+06,-1.43784e+11,-4.27233e+10
2.45005e+07,882176,4.50589e+06,-1.43717e+11,-4.29481e+10
2.45045e+07,881974,4.50727e+06,-1.4365e+11,-4.31729e+10
2.45084e+07,881770,4.50865e+06,-1.43582e+11,-4.33975e+10
2.45124e+07,881566,4.51003e+06,-1.43514e+11,-4.36221e+10
2.45163e+07,881360,4.51141e+06,-1.43445e+11,-4.38465e+10
2.45203e+07,881154,4.51279e+06,-1.43377e+11,-4.40708e+10
2.45242e+07,880946,4.51417e+06,-1.43308e+11,-4.4295e+10
2.45281e+07,880738,4.51554e+06,-1.43238e+11,-4.45191e+10
2.45321e+07,880528,4.51692e+06,-1.43168e+11,-4.47431e+10
2.4536e+07,880317,4.5183e+06,-1.43098e+11,-4.4967e+10
2.454e+07,880105,4.51967e+06,-1.43028e+11,-4.51908e+10
2.45439e+07,879892,4.52105e+06,-1.42957e+11,-4.54145e+10
2.45479e+07,879679,4.52243e+06,-1.42885e+11,-4.5638e+10
2.45518e+07,879464,4.5238e+06,-1.42814e+11,-4.58615e+10
2.45558e+07,879248,4.52518e+06,-1.42742e+11,-4.60848e+10
2.45597e+07,879031,4.52655e+06,-1.4267e+11,-4.6308e+10
2.45636e+07,878812,4.52793e+06,-1.42597e+11,-4.65311e+10
2.45676e+07,878593,4.5293e+06,-1.42524e+11,-4.67541e+10
2.45715e+07,878373,4.53068e+06,-1.42451e+11,-4.6977e+10
2.45755e+07,878152,4.53205e+06,-1.42377e+11,-4.71998e+10
2.45794e+07,877930,4.53342e+06,-1.42303e+11,-4.74224e+10
2.45834e+07,877706,4.5348e+06,-1.42229e+11,-4.76449e+10
2.45873e+07,877482,4.53617e+06,-1.42154e+11,-4.78674e+10
2.45913e+07,877256,4.53754e+06,-1.42079e+11,-4.80897e+10
2.45952e+07,877030,4.53891e+06,-1.42004e+11,-4.83118e+10
2.45991e+07,876802,4.54029e+06,-1.41928e+11,-4.85339e+10
2.46031e+07,876574,4.54166e+06,-1.41852e+11,-4.87559e+10
2.4607e+07,876344,4.54303e+06,-1.41775e+11,-4.89777e+10
2.4611e+07,876114,4.5444e+06,-1.41699e+11,-4.91994e+10
2.46149e+07,875882,4.54577e+06,-1.41621e+11,-4.9421e+10
2.46189e+07,875649,4.54714e+06,-1.41544e+11,-4.96424e+10
2.46228e+07,875415,4.54851e+06,-1.41466e+11,-4.98638e+10
2.46268e+07,875181,4.54988e+06,-1.41388e+11,-5.0085e+10
2.46307e+07,874945,4.55125e+06,-1.41309e+11,-5.03061e+10
2.46347e+07,874708,4.55261e+06,-1.41231e+11,-5.05271e+10
2.46386e+07,874470,4.55398e+06,-1.41151e+11,-5.07479e+10
2.46425e+07,874231,4.55535e+06,-1.41072e+11,-5.09686e+10
2.46465e+07,873991,4.55672e+06,-1.40992e+11,-5.11892e+10
2.46504e+07,873750,4.55808e+06,-1.40912e+11,-5.14097e+10
2.46544e+07,873508,4.55945e+06,-1.40831e+11,-5.16301e+10
2.46583e+07,873265,4.56082e+06,-1.4075e+11,-5.18503e+10
2.46623e+07,873021,4.56218e+06,-1.40669e+11,-5.20704e+10
2.46662e+07,872776,4.56355e+06,-1.40587e+11,-5.22904e+10
2.46702e+07,872529,4.56491e+06,-1.40505e+11,-5.25102e+10
2.46741e+07,872282,4.56628e+06,-1.40423e+11,-5.27299e+10
2.4678e+07,872034,4.56764e+06,-1.4034e+11,-5.29495e+10
2.4682e+07,871785,4.56901e+06,-1.40257e+11,-5.3169e+10
2.46859e+07,871534,4.57037e+06,-1.40174e+11,-5.33883e+10
2.46899e+07,871283,4.57173e+06,-1.4009e+11,-5.36075e+10
2.46938e+07,871031,4.5731e+06,-1.40006e+11,-5.38265e+10
2.46978e+07,870777,4.57446e+06,-1.39922e+11,-5.40455e+10
2.47017e+07,870523,4.57582e+06,-1.39837e+11,-5.42643e+10
2.47057e+07,870267,4.57718e+06,-1.39752e+11,-5.44829e+10
2.47096e+07,870011,4.57854e+06,-1.39667e+11,-5.47015e+10
2.47135e+07,869753,4.5799e+06,-1.39581e+11,-5.49199e+10
2.47175e+07,869495,4.58126e+06,-1.39495e+11,-5.51381e+10
2.47214e+07,869235,4.58262e+06,-1.39408e+11,-5.53563e+10
2.47254e+07,868974,4.58398e+06,-1.39322e+11,-5.55743e+10
2.47293e+07,868713,4.58534e+06,-1.39234e+11,-5.57921e+10
2.47333e+07,868450,4.5867e+06,-1.39147e+11,-5.60098e+10
2.47372e+07,868186,4.58806e+06,-1.39059e+11,-5.62274e+10
2.47412e+07,867922,4.58942e+06,-1.38971e+11,-5.64449e+10
2.47451e+07,867656,4.59077e+06,-1.38883e+11,-5.66622e+10
2.4749e+07,867389,4.59213e+06,-1.38794e+11,-5.68794e+10
2.4753e+07,867122,4.59349e+06,-1.38705e+11,-5.70964e+10
2.47569e+07,866853,4.59484e+06,-1.38615e+11,-5.73133e+10
2.47609e+07,866583,4.5962e+06,-1.38525e+11,-5.753e+10
2.47648e+07,866312,4.59755e+06,-1.38435e+11,-5.77466e+10
2.47688e+07,866040,4.59891e+06,-1.38345e+11,-5.79631e+10
2.47727e+07,865768,4.60026e+06,-1.38254e+11,-5.81794e+10
2.47767e+07,865494,4.60162e+06,-1.38163e+11,-5.83956e+10
2.47806e+07,865219,4.60297e+06,-1.38071e+11,-5.86117e+10
2.47846e+07,864943,4.60432e+06,-1.37979e+11,-5.88276e+10
2.47885e+07,864666,4.60568e+06,-1.37887e+11,-5.90433e+10
2.47924e+07,864388,4.60703e+06,-1.37795e+11,-5.92589e+10
2.47964e+07,864109,4.60838e+06,-1.37702e+11,-5.94744e+10
2.48003e+07,863829,4.60973e+06,-1.37608e+11,-5.96897e+10
2.48043e+07,863548,4.61108e+06,-1.37515e+11,-5.99049e+10
2.48082e+07,863266,4.61243e+06,-1.37421e+11,-6.01199e+10
2.48122e+07,862983,4.61378e+06,-1.37327e+11,-6.03348e+10
2.48161e+07,862699,4.61513e+06,-1.37232e+11,-6.05495e+10
2.48201e+07,862414,4.61648e+06,-1.37137e+11,-6.07641e+10
2.4824e+07,862128,4.61783e+06,-1.37042e+11,-6.09786e+10
2.48279e+07,861841,4.61918e+06,-1.36947e+11,-6.11928e+10
2.48319e+07,861553,4.62053e+06,-1.36851e+11,-6.1407e+10
2.48358e+07,861264,4.62188e+06,-1.36755e+11,-6.1621e+10
2.48398e+07,860974,4.62322e+06,-1.36658e+11,-6.18348e+10
2.48437e+07,860683,4.62457e+06,-1.36561e+11,-6.20485e+10
2.48477e+07,860391,4.62591e+06,-1.36464e+11,-6.2262e+10
2.48516e+07,860098,4.62726e+06,-1.36366e+11,-6.24754e+10
2.48556e+07,859804,4.62861e+06,-1.36268e+11,-6.26886e+10
2.48595e+07,859509,4.62995e+06,-1.3617e+11,-6.29017e+10
2.48634e+07,859213,4.63129e+06,-1.36072e+11,-6.31146e+10
2.48674e+07,858916,4.63264e+06,-1.35973e+11,-6.33274e+10
2.48713e+07,858618,4.63398e+06,-1.35873e+11,-6.354e+10
2.48753e+07,858319,4.63532e+06,-1.35774e+11,-6.37525e+10
2.48792e+07,858019,4.63667e+06,-1.35674e+11,-6.39648e+10
2.48832e+07,857718,4.63801e+06,-1.35574e+11,-6.41769e+10
2.48871e+07,857416,4.63935e+06,-1.35473e+11,-6.43889e+10
2.48911e+07,857113,4.64069e+06,-1.35372e+11,-6.46007e+10
2.4895e+07,856809,4.64203e+06,-1.35271e+11,-6.48124e+10
2.48989e+07,856504,4.64337e+06,-1.3517e+11,-6.50239e+10
2.49029e+07,856198,4.64471e+06,-1.35068e+11,-6.52353e+10
2.49068e+07,855891,4.64605e+06,-1.34965e+11,-6.54464e+10
2.49108e+07,855583,4.64739e+06,-1.34863e+11,-6.56575e+10
2.49147e+07,855274,4.64873e+06,-1.3476e+11,-6.58683e+10
2.49187e+07,854964,4.65006e+06,-1.34657e+11,-6.60791e+10
2.49226e+07,854653,4.6514e+06,-1.34553e+11,-6.62896e+10
2.49266e+07,854341,4.65274e+06,-1.34449e+11,-6.65e+10
2.49305e+07,854028,4.65407e+06,-1.34345e+11,-6.67102e+10
2.49344e+07,853714,4.65541e+06,-1.34241e+11,-6.69203e+10
2.49384e+07,853399,4.65674e+06,-1.34136e+11,-6.71302e+10
2.49423e+07,853083,4.65808e+06,-1.34031e+11,-6.73399e+10
2.49463e+07,852767,4.65941e+06,-1.33925e+11,-6.75495e+10
2.49502e+07,852449,4.66075e+06,-1.33819e+11,-6.77589e+10
2.49542e+07,852130,4.66208e+06,-1.33713e+11,-6.79681e+10
2.49581e+07,851810,4.66341e+06,-1.33607e+11,-6.81772e+10
2.49621e+07,851489,4.66474e+06,-1.335e+11,-6.83861e+10
2.4966e+07,851167,4.66608e+06,-1.33393e+11,-6.85948e+10
2.497e+07,850845,4.66741e+06,-1.33285e+11,-6.88034e+10
2.49739e+07,850521,4.66874e+06,-1.33178e+11,-6.90118e+10
2.49778e+07,850196,4.67007e+06,-1.33069e+11,-6.922e+10
2.49818e+07,849870,4.6714e+06,-1.32961e+11,-6.94281e+10
2.49857e+07,849544,4.67273e+06,-1.32852e+11,-6.9636e+10
2.49897e+07,849216,4.67406e+06,-1.32743e+11,-6.98437e+10
2.49936e+07,848887,4.67538e+06,-1.32634e+11,-7.00513e+10
2.49976e+07,848558,4.67671e+06,-1.32524e+11,-7.02586e+10
2.50015e+07,848227,4.67804e+06,-1.32414e+11,-7.04659e+10
2.50055e+07,847896,4.67936e+06,-1.32303e+11,-7.06729e+10
2.50094e+07,847563,4.68069e+06,-1.32193e+11,-7.08798e+10
2.50133e+07,847230,4.68202e+06,-1.32082e+11,-7.10864e+10
2.50173e+07,846895,4.68334e+06,-1.3197e+11,-7.1293e+10
2.50212e+07,846560,4.68467e+06,-1.31859e+11,-7.14993e+10
2.50252e+07,846223,4.68599e+06,-1.31747e+11,-7.17055e+10
2.50291e+07,845886,4.68731e+06,-1.31634e+11,-7.19115e+10
2.50331e+07,845548,4.68864e+06,-1.31522e+11,-7.21173e+10
2.5037e+07,845208,4.68996e+06,-1.31409e+11,-7.23229e+10
2.5041e+07,844868,4.69128e+06,-1.31295e+11,-7.25284e+10
2.50449e+07,844527,4.6926e+06,-1.31182e+11,-7.27336e+10
2.50488e+07,844185,4.69392e+06,-1.31068e+11,-7.29388e+10
2.50528e+07,843841,4.69524e+06,-1.30954e+11,-7.31437e+10
2.50567e+07,843497,4.69656e+06,-1.30839e+11,-7.33484e+10
2.50607e+07,843152,4.69788e+06,-1.30724e+11,-7.3553e+10
2.50646e+07,842806,4.6992e+06,-1.30609e+11,-7.37574e+10
2.50686e+07,842459,4.70052e+06,-1.30493e+11,-7.39616e+10
2.50725e+07,842111,4.70183e+06,-1.30378e+11,-7.41656e+10
2.50765e+07,841762,4.70315e+06,-1.30261e+11,-7.43695e+10
2.50804e+07,841412,4.70447e+06,-1.30145e+11,-7.45731e+10
2.50843e+07,841061,4.70578e+06,-1.30028e+11,-7.47766e+10
2.50883e+07,840710,4.7071e+06,-1.29911e+11,-7.49799e+10
2.50922e+07,840357,4.70841e+06,-1.29793e+11,-7.5183e+10
2.50962e+07,840003,4.70973e+06,-1.29676e+11,-7.5386e+10
2.51001e+07,839648,4.71104e+06,-1.29558e+11,-7.55887e+10
2.51041e+07,839293,4.71236e+06,-1.29439e+11,-7.57913e+10
2.5108e+07,838936,4.71367e+06,-1.2932e+11,-7.59936e+10
2.5112e+07,838579,4.71498e+06,-1.29201e+11,-7.61958e+10
2.51159e+07,838220,4.71629e+06,-1.29082e+11,-7.63978e+10
2.51198e+07,837861,4.7176e+06,-1.28962e+11,-7.65997e+10
2.51238e+07,837501,4.71891e+06,-1.28842e+11,-7.68013e+10
2.51277e+07,837139,4.72022e+06,-1.28722e+11,-7.70027e+10
2.51317e+07,836777,4.72153e+06,-1.28602e+11,-7.7204e+10
2.51356e+07,836414,4.72284e+06,-1.28481e+11,-7.7405e+10
2.51396e+07,836050,4.72415e+06,-1.28359e+11,-7.76059e+10
2.51435e+07,835685,4.72546e+06,-1.28238e+11,-7.78066e+10
2.51475e+07,835319,4.72676e+06,-1.28116e+11,-7.80071e+10
2.51514e+07,834952,4.72807e+06,-1.27994e+11,-7.82074e+10
2.51554e+07,834584,4.72937e+06,-1.27871e+11,-7.84075e+10
2.51593e+07,834215,4.73068e+06,-1.27748e+11,-7.86074e+10
2.51632e+07,833845,4.73198e+06,-1.27625e+11,-7.88072e+10
2.51672e+07,833474,4.73329e+06,-1.27502e+11,-7.90067e+10
2.51711e+07,833103,4.73459e+06,-1.27378e+11,-7.9206e+10
2.51751e+07,832730,4.73589e+06,-1.27254e+11,-7.94052e+10
2.5179e+07,832356,4.7372e+06,-1.2713e+11,-7.96041e+10
2.5183e+07,831982,4.7385e+06,-1.27005e+11,-7.98029e+10
2.51869e+07,831607,4.7398e+06,-1.2688e+11,-8.00015e+10
2.51909e+07,831230,4.7411e+06,-1.26755e+11,-8.01998e+10
2.51948e+07,830853,4.7424e+06,-1.26629e+11,-8.0398e+10
2.51987e+07,830475,4.7437e+06,-1.26503e+11,-8.0596e+10
2.52027e+07,830096,4.745e+06,-1.26377e+11,-8.07938e+10
2.52066e+07,829716,4.7463e+06,-1.2625e+11,-8.09913e+10
2.52106e+07,829335,4.74759e+06,-1.26124e+11,-8.11887e+10
2.52145e+07,828953,4.74889e+06,-1.25996e+11,-8.13859e+10
2.52185e+07,828570,4.75019e+06,-1.25869e+11,-8.15829e+10
2.52224e+07,828186,4.75148e+06,-1.25741e+11,-8.17797e+10
2.52264e+07,827801,4.75278e+06,-1.25613e+11,-8.19763e+10
2.52303e+07,827416,4.75407e+06,-1.25485e+11,-8.21726e+10
2.52342e+07,827029,4.75537e+06,-1.25356e+11,-8.23688e+10
2.52382e+07,826642,4.75666e+06,-1.25227e+11,-8.25648e+10
2.52421e+07,826253,4.75795e+06,-1.25098e+11,-8.27606e+10
2.52461e+07,825864,4.75924e+06,-1.24968e+11,-8.29562e+10
2.525e+07,825474,4.76054e+06,-1.24838e+11,-8.31515e+10
2.5254e+07,825083,4.76183e+06,-1.24708e+11,-8.33467e+10
2.52579e+07,824691,4.76312e+06,-1.24577e+11,-8.35417e+10
2.52619e+07,824298,4.76441e+06,-1.24447e+11,-8.37364e+10
2.52658e+07,823904,4.7657e+06,-1.24316e+11,-8.3931e+10
2.52697e+07,823509,4.76698e+06,-1.24184e+11,-8.41253e+10
2.52737e+07,823113,4.76827e+06,-1.24052e+11,-8.43195e+10
2.52776e+07,822717,4.76956e+06,-1.2392e+11,-8.45134e+10
2.52816e+07,822319,4.77085e+06,-1.23788e+11,-8.47072e+10
2.52855e+07,821921,4.77213e+06,-1.23655e+11,-8.49007e+10
2.52895e+07,821521,4.77342e+06,-1.23522e+11,-8.5094e+10
2.52934e+07,821121,4.7747e+06,-1.23389e+11,-8.52871e+10
2.52974e+07,820720,4.77599e+06,-1.23255e+11,-8.548e+10
2.53013e+07,820318,4.77727e+06,-1.23122e+11,-8.56727e+10
2.53053e+07,819915,4.77855e+06,-1.22987e+11,-8.58652e+10
2.53092e+07,819511,4.77983e+06,-1.22853e+11,-8.60575e+10
2.53131e+07,819106,4.78112e+06,-1.22718e+11,-8.62495e+10
2.53171e+07,818701,4.7824e+06,-1.22583e+11,-8.64414e+10
2.5321e+07,818294,4.78368e+06,-1.22448e+11,-8.6633e+10
2.5325e+07,817887,4.78496e+06,-1.22312e+11,-8.68244e+10
2.53289e+07,817478,4.78624e+06,-1.22176e+11,-8.70156e+10
2.53329e+07,817069,4.78751e+06,-1.2204e+11,-8.72066e+10
2.53368e+07,816659,4.78879e+06,-1.21903e+11,-8.73974e+10
2.53408e+07,816248,4.79007e+06,-1.21766e+11,-8.7588e+10
2.53447e+07,815836,4.79135e+06,-1.21629e+11,-8.77784e+10
2.53486e+07,815423,4.79262e+06,-1.21492e+11,-8.79685e+10
2.53526e+07,815009,4.7939e+06,-1.21354e+11,-8.81584e+10
2.53565e+07,814595,4.79517e+06,-1.21216e+11,-8.83482e+10
2.53605e+07,814179,4.79644e+06,-1.21078e+11,-8.85377e+10
2.53644e+07,813763,4.79772e+06,-1.20939e+11,-8.87269e+10
2.53684e+07,813345,4.79899e+06,-1.208e+11,-8.8916e+10
2.53723e+07,812927,4.80026e+06,-1.20661e+11,-8.91048e+10
2.53763e+07,812508,4.80153e+06,-1.20521e+11,-8.92935e+10
2.53802e+07,812088,4.8028e+06,-1.20381e+11,-8.94819e+10
2.53841e+07,811667,4.80407e+06,-1.20241e+11,-8.96701e+10
2.53881e+07,811245,4.80534e+06,-1.20101e+11,-8.98581e+10
2.5392e+07,810823,4.80661e+06,-1.1996e+11,-9.00458e+10
2.5396e+07,810399,4.80788e+06,-1.19819e+11,-9.02333e+10
2.53999e+07,809975,4.80915e+06,-1.19678e+11,-9.04206e+10
2.54039e+07,809550,4.81041e+06,-1.19536e+11,-9.06077e+10
2.54078e+07,809124,4.81168e+06,-1.19394e+11,-9.07946e+10
2.54118e+07,808697,4.81294e+06,-1.19252e+11,-9.09812e+10
2.54157e+07,808269,4.81421e+06,-1.1911e+11,-9.11677e+10
2.54196e+07,807840,4.81547e+06,-1.18967e+11,-9.13539e+10
2.54236e+07,807410,4.81674e+06,-1.18824e+11,-9.15398e+10
2.54275e+07,806980,4.818e+06,-1.18681e+11,-9.17256e+10
2.54315e+07,806548,4.81926e+06,-1.18537e+11,-9.19111e+10
2.54354e+07,806116,4.82052e+06,-1.18393e+11,-9.20964e+10
2.54394e+07,805683,4.82178e+06,-1.18249e+11,-9.22815e+10
2.54433e+07,805249,4.82304e+06,-1.18104e+11,-9.24664e+10
2.54473e+07,804814,4.8243e+06,-1.1796e+11,-9.2651e+10
2.54512e+07,804378,4.82556e+06,-1.17815e+11,-9.28354e+10
2.54551e+07,803942,4.82682e+06,-1.17669e+11,-9.30196e+10
2.54591e+07,803504,4.82808e+06,-1.17524e+11,-9.32035e+10
2.5463e+07,803066,4.82933e+06,-1.17378e+11,-9.33872e+10
2.5467e+07,802627,4.83059e+06,-1.17231e+11,-9.35707e+10
2.54709e+07,802187,4.83184e+06,-1.17085e+11,-9.3754e+10
2.54749e+07,801746,4.8331e+06,-1.16938e+11,-9.3937e+10
2.54788e+07,801304,4.83435e+06,-1.16791e+11,-9.41198e+10
2.54828e+07,800861,4.8356e+06,-1.16644e+11,-9.43024e+10
2.54867e+07,800418,4.83686e+06,-1.16496e+11,-9.44847e+10
2.54907e+07,799974,4.83811e+06,-1.16348e+11,-9.46668e+10
2.54946e+07,799528,4.83936e+06,-1.162e+11,-9.48487e+10
2.54985e+07,799082,4.84061e+06,-1.16051e+11,-9.50303e+10
2.55025e+07,798635,4.84186e+06,-1.15902e+11,-9.52117e+10
2.55064e+07,798188,4.84311e+06,-1.15753e+11,-9.53929e+10
2.55104e+07,797739,4.84436e+06,-1.15604e+11,-9.55739e+10
2.55143e+07,797290,4.8456e+06,-1.15454e+11,-9.57546e+10
2.55183e+07,796839,4.84685e+06,-1.15304e+11,-9.59351e+10
2.55222e+07,796388,4.8481e+06,-1.15154e+11,-9.61153e+10
2.55262e+07,795936,4.84934e+06,-1.15004e+11,-9.62953e+10
2.55301e+07,795483,4.85059e+06,-1.14853e+11,-9.64751e+10
2.5534e+07,795030,4.85183e+06,-1.14702e+11,-9.66546e+10
2.5538e+07,794575,4.85307e+06,-1.14551e+11,-9.68339e+10
2.55419e+07,794120,4.85432e+06,-1.14399e+11,-9.7013e+10
2.55459e+07,793664,4.85556e+06,-1.14247e+11,-9.71918e+10
2.55498e+07,793206,4.8568e+06,-1.14095e+11,-9.73704e+10
2.55538e+07,792749,4.85804e+06,-1.13942e+11,-9.75487e+10
2.55577e+07,792290,4.85928e+06,-1.1379e+11,-9.77268e+10
2.55617e+07,791830,4.86052e+06,-1.13637e+11,-9.79047e+10
2.55656e+07,791370,4.86176e+06,-1.13483e+11,-9.80823e+10
2.55695e+07,790909,4.86299e+06,-1.1333e+11,-9.82597e+10
2.55735e+07,790447,4.86423e+06,-1.13176e+11,-9.84369e+10
2.55774e+07,789984,4.86547e+06,-1.13022e+11,-9.86138e+10
2.55814e+07,789520,4.8667e+06,-1.12868e+11,-9.87905e+10
2.55853e+07,789055,4.86794e+06,-1.12713e+11,-9.89669e+10
2.55893e+07,788590,4.86917e+06,-1.12558e+11,-9.91431e+10
2.55932e+07,788124,4.8704e+06,-1.12403e+11,-9.9319e+10
2.55972e+07,787657,4.87164e+06,-1.12247e+11,-9.94947e+10
2.56011e+07,787189,4.87287e+06,-1.12091e+11,-9.96702e+10
2.5605e+07,786720,4.8741e+06,-1.11935e+11,-9.98454e+10
2.5609e+07,786251,4.87533e+06,-1.11779e+11,-1.0002e+11
2.56129e+07,785780,4.87656e+06,-1.11622e+11,-1.00195e+11
2.56169e+07,785309,4.87779e+06,-1.11466e+11,-1.0037e+11
2.56208e+07,784837,4.87901e+06,-1.11308e+11,-1.00544e+11
2.56248e+07,784364,4.88024e+06,-1.11151e+11,-1.00718e+11
2.56287e+07,783891,4.88147e+06,-1.10993e+11,-1.00891e+11
2.56327e+07,783416,4.88269e+06,-1.10835e+11,-1.01065e+11
2.56366e+07,782941,4.88392e+06,-1.10677e+11,-1.01238e+11
2.56405e+07,782465,4.88514e+06,-1.10519e+11,-1.01411e+11
2.56445e+07,781988,4.88637e+06,-1.1036e+11,-1.01584e+11
2.56484e+07,781511,4.88759e+06,-1.10201e+11,-1.01756e+11
2.56524e+07,781032,4.88881e+06,-1.10042e+11,-1.01929e+11
2.56563e+07,780553,4.89003e+06,-1.09882e+11,-1.02101e+11
2.56603e+07,780073,4.89125e+06,-1.09722e+11,-1.02272e+11
2.56642e+07,779592,4.89247e+06,-1.09562e+11,-1.02444e+11
2.56682e+07,779110,4.89369e+06,-1.09402e+11,-1.02615e+11
2.56721e+07,778628,4.89491e+06,-1.09241e+11,-1.02786e+11
2.56761e+07,778144,4.89613e+06,-1.0908e+11,-1.02957e+11
2.568e+07,777660,4.89735e+06,-1.08919e+11,-1.03127e+11
2.56839e+07,777175,4.89856e+06,-1.08757e+11,-1.03298e+11
2.56879e+07,776690,4.89978e+06,-1.08596e+11,-1.03468e+11
2.56918e+07,776203,4.90099e+06,-1.08434e+11,-1.03637e+11
2.56958e+07,775716,4.90221e+06,-1.08271e+11,-1.03807e+11
2.56997e+07,775228,4.90342e+06,-1.08109e+11,-1.03976e+11
2.57037e+07,774739,4.90463e+06,-1.07946e+11,-1.04145e+11
2.57076e+07,774249,4.90584e+06,-1.07783e+11,-1.04314e+11
2.57116e+07,773759,4.90705e+06,-1.0762e+11,-1.04482e+11
2.57155e+07,773267,4.90826e+06,-1.07456e+11,-1.04651e+11
2.57194e+07,772775,4.90947e+06,-1.07292e+11,-1.04819e+11
2.57234e+07,772282,4.91068e+06,-1.07128e+11,-1.04986e+11
2.57273e+07,771789,4.91189e+06,-1.06964e+11,-1.05154e+11
2.57313e+07,771294,4.91309e+06,-1.06799e+11,-1.05321e+11
2.57352e+07,770799,4.9143e+06,-1.06634e+11,-1.05488e+11
2.57392e+07,770303,4.91551e+06,-1.06469e+11,-1.05654e+11
2.57431e+07,769806,4.91671e+06,-1.06304e+11,-1.05821e+11
2.57471e+07,769309,4.91791e+06,-1.06138e+11,-1.05987e+11
2.5751e+07,768810,4.91912e+06,-1.05972e+11,-1.06153e+11
2.57549e+07,768311,4.92032e+06,-1.05806e+11,-1.06319e+11
2.57589e+07,767811,4.92152e+06,-1.0564e+11,-1.06484e+11
2.57628e+07,767311,4.92272e+06,-1.05473e+11,-1.06649e+11
2.57668e+07,766809,4.92392e+06,-1.05306e+11,-1.06814e+11
2.57707e+07,766307,4.92512e+06,-1.05139e+11,-1.06978e+11
2.57747e+07,765804,4.92632e+06,-1.04971e+11,-1.07143e+11
2.57786e+07,765300,4.92752e+06,-1.04804e+11,-1.07307e+11
2.57826e+07,764796,4.92871e+06,-1.04636e+11,-1.07471e+11
2.57865e+07,764290,4.92991e+06,-1.04467e+11,-1.07634e+11
2.57904e+07,763784,4.9311e+06,-1.04299e+11,-1.07797e+11
2.57944e+07,763277,4.9323e+06,-1.0413e+11,-1.0796e+11
2.57983e+07,762770,4.93349e+06,-1.03961e+11,-1.08123e+11
2.58023e+07,762261,4.93468e+06,-1.03792e+11,-1.08286e+11
2.58062e+07,761752,4.93588e+06,-1.03622e+11,-1.08448e+11
2.58102e+07,761242,4.93707e+06,-1.03453e+11,-1.0861e+11
2.58141e+07,760732,4.93826e+06,-1.03283e+11,-1.08772e+11
2.58181e+07,760220,4.93945e+06,-1.03112e+11,-1.08933e+11
2.5822e+07,759708,4.94064e+06,-1.02942e+11,-1.09094e+11
2.5826e+07,759195,4.94182e+06,-1.02771e+11,-1.09255e+11
2.58299e+07,758682,4.94301e+06,-1.026e+11,-1.09416e+11
2.58338e+07,758167,4.9442e+06,-1.02429e+11,-1.09576e+11
2.58378e+07,757652,4.94538e+06,-1.02257e+11,-1.09736e+11
2.58417e+07,757136,4.94657e+06,-1.02085e+11,-1.09896e+11
2.58457e+07,756619,4.94775e+06,-1.01913e+11,-1.10055e+11
2.58496e+07,756102,4.94893e+06,-1.01741e+11,-1.10215e+11
2.58536e+07,755584,4.95012e+06,-1.01569e+11,-1.10374e+11
2.58575e+07,755065,4.9513e+06,-1.01396e+11,-1.10532e+11
2.58615e+07,754545,4.95248e+06,-1.01223e+11,-1.10691e+11
2.58654e+07,754025,4.95366e+06,-1.01049e+11,-1.10849e+11
2.58693e+07,753503,4.95484e+06,-1.00876e+11,-1.11007e+11
2.58733e+07,752982,4.95602e+06,-1.00702e+11,-1.11165e+11
2.58772e+07,752459,4.95719e+06,-1.00528e+11,-1.11322e+11
2.58812e+07,751936,4.95837e+06,-1.00354e+11,-1.11479e+11
2.58851e+07,751411,4.95955e+06,-1.00179e+11,-1.11636e+11
2.58891e+07,750887,4.96072e+06,-1.00005e+11,-1.11793e+11
2.5893e+07,750361,4.96189e+06,-9.98297e+10,-1.11949e+11
2.5897e+07,749835,4.96307e+06,-9.96544e+10,-1.12105e+11
2.59009e+07,749308,4.96424e+06,-9.9479e+10,-1.12261e+11
2.59048e+07,748780,4.96541e+06,-9.93032e+10,-1.12416e+11
2.59088e+07,748251,4.96658e+06,-9.91273e+10,-1.12571e+11
2.59127e+07,747722,4.96775e+06,-9.8951e+10,-1.12726e+11
2.59167e+07,747192,4.96892e+06,-9.87746e+10,-1.12881e+11
2.59206e+07,746661,4.97009e+06,-9.85979e+10,-1.13035e+11
2.59246e+07,746130,4.97126e+06,-9.8421e+10,-1.13189e+11
2.59285e+07,745598,4.97242e+06,-9.82438e+10,-1.13343e+11
2.59325e+07,745065,4.97359e+06,-9.80664e+10,-1.13497e+11
2.59364e+07,744531,4.97476e+06,-9.78887e+10,-1.1365e+11
2.59403e+07,743997,4.97592e+06,-9.77108e+10,-1.13803e+11
2.59443e+07,743462,4.97708e+06,-9.75327e+10,-1.13956e+11
2.59482e+07,742926,4.97825e+06,-9.73543e+10,-1.14108e+11
2.59522e+07,742390,4.97941e+06,-9.71757e+10,-1.1426e+11
2.59561e+07,741853,4.98057e+06,-9.69968e+10,-1.14412e+11
2.59601e+07,741315,4.98173e+06,-9.68177e+10,-1.14564e+11
2.5964e+07,740776,4.98289e+06,-9.66384e+10,-1.14715e+11
2.5968e+07,740237,4.98405e+06,-9.64589e+10,-1.14866e+11
2.59719e+07,739697,4.9852e+06,-9.62791e+10,-1.15017e+11
2.59758e+07,739156,4.98636e+06,-9.6099e+10,-1.15167e+11
2.59798e+07,738615,4.98751e+06,-9.59188e+10,-1.15317e+11
2.59837e+07,738072,4.98867e+06,-9.57383e+10,-1.15467e+11
2.59877e+07,737530,4.98982e+06,-9.55575e+10,-1.15617e+11
2.59916e+07,736986,4.99098e+06,-9.53765e+10,-1.15766e+11
2.59956e+07,736442,4.99213e+06,-9.51953e+10,-1.15915e+11
2.59995e+07,735897,4.99328e+06,-9.50139e+10,-1.16064e+11
2.60035e+07,735351,4.99443e+06,-9.48322e+10,-1.16212e+11
2.60074e+07,734805,4.99558e+06,-9.46503e+10,-1.16361e+11
2.60114e+07,734258,4.99673e+06,-9.44682e+10,-1.16509e+11
2.60153e+07,733710,4.99788e+06,-9.42858e+10,-1.16656e+11
2.60192e+07,733162,4.99903e+06,-9.41032e+10,-1.16804e+11
2.60232e+07,732613,5.00017e+06,-9.39204e+10,-1.16951e+11
2.60271e+07,732063,5.00132e+06,-9.37374e+10,-1.17097e+11
2.60311e+07,731512,5.00246e+06,-9.35541e+10,-1.17244e+11
2.6035e+07,730961,5.00361e+06,-9.33706e+10,-1.1739e+11
2.6039e+07,730409,5.00475e+06,-9.31868e+10,-1.17536e+11
2.60429e+07,729857,5.00589e+06,-9.30028e+10,-1.17682e+11
2.60469e+07,729303,5.00703e+06,-9.28186e+10,-1.17827e+11
2.60508e+07,728749,5.00817e+06,-9.26342e+10,-1.17972e+11
2.60547e+07,728195,5.00931e+06,-9.24496e+10,-1.18117e+11
2.60587e+07,727640,5.01045e+06,-9.22647e+10,-1.18261e+11
2.60626e+07,727084,5.01159e+06,-9.20796e+10,-1.18405e+11
2.60666e+07,726527,5.01273e+06,-9.18943e+10,-1.18549e+11
2.60705e+07,725970,5.01386e+06,-9.17087e+10,-1.18693e+11
2.60745e+07,725412,5.015e+06,-9.15229e+10,-1.18836e+11
2.60784e+07,724853,5.01613e+06,-9.13369e+10,-1.18979e+11
2.60824e+07,724294,5.01726e+06,-9.11507e+10,-1.19122e+11
2.60863e+07,723734,5.0184e+06,-9.09643e+10,-1.19264e+11
2.60902e+07,723173,5.01953e+06,-9.07776e+10,-1.19406e+11
2.60942e+07,722612,5.02066e+06,-9.05907e+10,-1.19548e+11
2.60981e+07,722050,5.02179e+06,-9.04036e+10,-1.1969e+11
2.61021e+07,721487,5.02292e+06,-9.02162e+10,-1.19831e+11
2.6106e+07,720924,5.02405e+06,-9.00287e+10,-1.19972e+11
2.611e+07,720360,5.02517e+06,-8.98409e+10,-1.20113e+11
2.61139e+07,719795,5.0263e+06,-8.96529e+10,-1.20253e+11
2.61179e+07,719230,5.02742e+06,-8.94647e+10,-1.20393e+11
2.61218e+07,718664,5.02855e+06,-8.92763e+10,-1.20533e+11
2.61257e+07,718097,5.02967e+06,-8.90876e+10,-1.20672e+11
2.61297e+07,717530,5.0308e+06,-8.88987e+10,-1.20812e+11
2.61336e+07,716962,5.03192e+06,-8.87096e+10,-1.20951e+11
2.61376e+07,716393,5.03304e+06,-8.85203e+10,-1.21089e+11
2.61415e+07,715824,5.03416e+06,-8.83308e+10,-1.21228e+11
2.61455e+07,715254,5.03528e+06,-8.81411e+10,-1.21366e+11
2.61494e+07,714684,5.0364e+06,-8.79511e+10,-1.21503e+11
2.61534e+07,714113,5.03751e+06,-8.7761e+10,-1.21641e+11
2.61573e+07,713541,5.03863e+06,-8.75706e+10,-1.21778e+11
2.61613e+07,712968,5.03975e+06,-8.738e+10,-1.21915e+11
2.61652e+07,712395,5.04086e+06,-8.71892e+10,-1.22051e+11
2.61691e+07,711822,5.04197e+06,-8.69981e+10,-1.22187e+11
2.61731e+07,711247,5.04309e+06,-8.68069e+10,-1.22323e+11
2.6177e+07,710672,5.0442e+06,-8.66154e+10,-1.22459e+11
2.6181e+07,710096,5.04531e+06,-8.64238e+10,-1.22594e+11
2.61849e+07,709520,5.04642e+06,-8.62319e+10,-1.22729e+11
2.61889e+07,708943,5.04753e+06,-8.60398e+10,-1.22864e+11
2.61928e+07,708366,5.04864e+06,-8.58475e+10,-1.22999e+11
2.61968e+07,707787,5.04975e+06,-8.5655e+10,-1.23133e+11
2.62007e+07,707209,5.05085e+06,-8.54623e+10,-1.23266e+11
2.62046e+07,706629,5.05196e+06,-8.52694e+10,-1.234e+11
2.62086e+07,706049,5.05306e+06,-8.50762e+10,-1.23533e+11
2.62125e+07,705468,5.05417e+06,-8.48829e+10,-1.23666e+11
2.62165e+07,704887,5.05527e+06,-8.46894e+10,-1.23799e+11
2.62204e+07,704305,5.05637e+06,-8.44956e+10,-1.23931e+11
2.62244e+07,703723,5.05747e+06,-8.43016e+10,-1.24063e+11
2.62283e+07,703139,5.05857e+06,-8.41075e+10,-1.24195e+11
2.62323e+07,702556,5.05967e+06,-8.39131e+10,-1.24326e+11
2.62362e+07,701971,5.06077e+06,-8.37185e+10,-1.24457e+11
2.62401e+07,701386,5.06187e+06,-8.35237e+10,-1.24588e+11
2.62441e+07,700801,5.06297e+06,-8.33287e+10,-1.24719e+11
2.6248e+07,700214,5.06406e+06,-8.31335e+10,-1.24849e+11
2.6252e+07,699627,5.06516e+06,-8.29381e+10,-1.24979e+11
2.62559e+07,699040,5.06625e+06,-8.27425e+10,-1.25108e+11
2.62599e+07,698452,5.06734e+06,-8.25467e+10,-1.25238e+11
2.62638e+07,697863,5.06844e+06,-8.23507e+10,-1.25367e+11
2.62678e+07,697274,5.06953e+06,-8.21545e+10,-1.25495e+11
2.62717e+07,696684,5.07062e+06,-8.19581e+10,-1.25624e+11
2.62756e+07,696093,5.07171e+06,-8.17615e+10,-1.25752e+11
2.62796e+07,695502,5.07279e+06,-8.15647e+10,-1.25879e+11
2.62835e+07,694911,5.07388e+06,-8.13677e+10,-1.26007e+11
2.62875e+07,694318,5.07497e+06,-8.11705e+10,-1.26134e+11
2.62914e+07,693725,5.07605e+06,-8.09731e+10,-1.26261e+11
2.62954e+07,693132,5.07714e+06,-8.07755e+10,-1.26387e+11
2.62993e+07,692538,5.07822e+06,-8.05777e+10,-1.26513e+11
2.63033e+07,691943,5.07931e+06,-8.03797e+10,-1.26639e+11
2.63072e+07,691348,5.08039e+06,-8.01815e+10,-1.26765e+11
2.63111e+07,690752,5.08147e+06,-7.99831e+10,-1.2689e+11
2.63151e+07,690156,5.08255e+06,-7.97845e+10,-1.27015e+11
2.6319e+07,689558,5.08363e+06,-7.95857e+10,-1.2714e+11
2.6323e+07,688961,5.08471e+06,-7.93868e+10,-1.27264e+11
2.63269e+07,688363,5.08578e+06,-7.91876e+10,-1.27388e+11
2.63309e+07,687764,5.08686e+06,-7.89882e+10,-1.27512e+11
2.63348e+07,687165,5.08793e+06,-7.87887e+10,-1.27635e+11
2.63388e+07,686565,5.08901e+06,-7.85889e+10,-1.27758e+11
2.63427e+07,685964,5.09008e+06,-7.8389e+10,-1.27881e+11
2.63467e+07,685363,5.09115e+06,-7.81889e+10,-1.28003e+11
2.63506e+07,684761,5.09223e+06,-7.79885e+10,-1.28126e+11
2.63545e+07,684159,5.0933e+06,-7.7788e+10,-1.28247e+11
2.63585e+07,683556,5.09437e+06,-7.75873e+10,-1.28369e+11
2.63624e+07,682953,5.09544e+06,-7.73864e+10,-1.2849e+11
2.63664e+07,682349,5.0965e+06,-7.71853e+10,-1.28611e+11
2.63703e+07,681744,5.09757e+06,-7.6984e+10,-1.28732e+11
2.63743e+07,681139,5.09864e+06,-7.67826e+10,-1.28852e+11
2.63782e+07,680534,5.0997e+06,-7.65809e+10,-1.28972e+11
2.63822e+07,679927,5.10076e+06,-7.63791e+10,-1.29091e+11
2.63861e+07,679321,5.10183e+06,-7.61771e+10,-1.29211e+11
2.639e+07,678713,5.10289e+06,-7.59749e+10,-1.2933e+11
2.6394e+07,678105,5.10395e+06,-7.57725e+10,-1.29448e+11
2.63979e+07,677497,5.10501e+06,-7.55699e+10,-1.29567e+11
2.64019e+07,676888,5.10607e+06,-7.53671e+10,-1.29685e+11
2.64058e+07,676278,5.10713e+06,-7.51642e+10,-1.29803e+11
2.64098e+07,675668,5.10819e+06,-7.4961e+10,-1.2992e+11
2.64137e+07,675058,5.10924e+06,-7.47577e+10,-1.30037e+11
2.64177e+07,674446,5.1103e+06,-7.45542e+10,-1.30154e+11
2.64216e+07,673835,5.11135e+06,-7.43505e+10,-1.3027e+11
2.64255e+07,673222,5.11241e+06,-7.41467e+10,-1.30387e+11
2.64295e+07,672609,5.11346e+06,-7.39426e+10,-1.30502e+11
2.64334e+07,671996,5.11451e+06,-7.37384e+10,-1.30618e+11
2.64374e+07,671382,5.11556e+06,-7.3534e+10,-1.30733e+11
2.64413e+07,670768,5.11661e+06,-7.33294e+10,-1.30848e+11
2.64453e+07,670153,5.11766e+06,-7.31246e+10,-1.30962e+11
2.64492e+07,669537,5.11871e+06,-7.29197e+10,-1.31077e+11
2.64532e+07,668921,5.11975e+06,-7.27145e+10,-1.31191e+11
2.64571e+07,668304,5.1208e+06,-7.25092e+10,-1.31304e+11
2.6461e+07,667687,5.12184e+06,-7.23038e+10,-1.31417e+11
2.6465e+07,667069,5.12289e+06,-7.20981e+10,-1.3153e+11
2.64689e+07,666451,5.12393e+06,-7.18923e+10,-1.31643e+11
2.64729e+07,665832,5.12497e+06,-7.16862e+10,-1.31755e+11
2.64768e+07,665213,5.12601e+06,-7.14801e+10,-1.31867e+11
2.64808e+07,664593,5.12705e+06,-7.12737e+10,-1.31979e+11
2.64847e+07,663973,5.12809e+06,-7.10672e+10,-1.3209e+11
2.64887e+07,663352,5.12913e+06,-7.08605e+10,-1.32201e+11
2.64926e+07,662731,5.13017e+06,-7.06536e+10,-1.32312e+11
2.64965e+07,662109,5.13121e+06,-7.04465e+10,-1.32422e+11
2.65005e+07,661487,5.13224e+06,-7.02393e+10,-1.32532e+11
2.65044e+07,660864,5.13327e+06,-7.00319e+10,-1.32642e+11
2.65084e+07,660240,5.13431e+06,-6.98243e+10,-1.32751e+11
2.65123e+07,659616,5.13534e+06,-6.96166e+10,-1.3286e+11
2.65163e+07,658992,5.13637e+06,-6.94087e+10,-1.32969e+11
2.65202e+07,658367,5.1374e+06,-6.92006e+10,-1.33078e+11
2.65242e+07,657741,5.13843e+06,-6.89923e+10,-1.33186e+11
2.65281e+07,657115,5.13946e+06,-6.87839e+10,-1.33293e+11
2.65321e+07,656489,5.14049e+06,-6.85753e+10,-1.33401e+11
2.6536e+07,655862,5.14151e+06,-6.83666e+10,-1.33508e+11
2.65399e+07,655234,5.14254e+06,-6.81577e+10,-1.33615e+11
2.65439e+07,654606,5.14356e+06,-6.79486e+10,-1.33721e+11
2.65478e+07,653978,5.14459e+06,-6.77393e+10,-1.33827e+11
2.65518e+07,653349,5.14561e+06,-6.75299e+10,-1.33933e+11
2.65557e+07,652719,5.14663e+06,-6.73203e+10,-1.34039e+11
2.65597e+07,652089,5.14765e+06,-6.71105e+10,-1.34144e+11
2.65636e+07,651459,5.14867e+06,-6.69006e+10,-1.34248e+11
2.65676e+07,650828,5.14969e+06,-6.66905e+10,-1.34353e+11
2.65715e+07,650196,5.15071e+06,-6.64803e+10,-1.34457e+11
2.65754e+07,649564,5.15172e+06,-6.62699e+10,-1.34561e+11
2.65794e+07,648932,5.15274e+06,-6.60593e+10,-1.34664e+11
2.65833e+07,648299,5.15375e+06,-6.58486e+10,-1.34768e+11
2.65873e+07,647666,5.15477e+06,-6.56377e+10,-1.3487e+11
2.65912e+07,647032,5.15578e+06,-6.54267e+10,-1.34973e+11
2.65952e+07,646397,5.15679e+06,-6.52154e+10,-1.35075e+11
2.65991e+07,645763,5.1578e+06,-6.50041e+10,-1.35177e+11
2.66031e+07,645127,5.15881e+06,-6.47925e+10,-1.35278e+11
2.6607e+07,644491,5.15982e+06,-6.45809e+10,-1.3538e+11
2.66109e+07,643855,5.16083e+06,-6.4369e+10,-1.3548e+11
2.66149e+07,643218,5.16183e+06,-6.4157e+10,-1.35581e+11
2.66188e+07,642581,5.16284e+06,-6.39449e+10,-1.35681e+11
2.66228e+07,641944,5.16384e+06,-6.37325e+10,-1.35781e+11
2.66267e+07,641305,5.16485e+06,-6.35201e+10,-1.35881e+11
2.66307e+07,640667,5.16585e+06,-6.33074e+10,-1.3598e+11
2.66346e+07,640028,5.16685e+06,-6.30946e+10,-1.36079e+11
2.66386e+07,639388,5.16785e+06,-6.28817e+10,-1.36177e+11
2.66425e+07,638748,5.16885e+06,-6.26686e+10,-1.36275e+11
2.66464e+07,638108,5.16985e+06,-6.24554e+10,-1.36373e+11
2.66504e+07,637467,5.17085e+06,-6.2242e+10,-1.36471e+11
2.66543e+07,636825,5.17184e+06,-6.20284e+10,-1.36568e+11
2.66583e+07,636183,5.17284e+06,-6.18147e+10,-1.36665e+11
2.66622e+07,635541,5.17383e+06,-6.16009e+10,-1.36761e+11
2.66662e+07,634898,5.17483e+06,-6.13869e+10,-1.36857e+11
2.66701e+07,634255,5.17582e+06,-6.11727e+10,-1.36953e+11
2.66741e+07,633611,5.17681e+06,-6.09584e+10,-1.37049e+11
2.6678e+07,632967,5.1778e+06,-6.0744e+10,-1.37144e+11
2.6682e+07,632323,5.17879e+06,-6.05294e+10,-1.37239e+11
2.66859e+07,631678,5.17978e+06,-6.03146e+10,-1.37333e+11
2.66898e+07,631032,5.18077e+06,-6.00997e+10,-1.37428e+11
2.66938e+07,630386,5.18176e+06,-5.98847e+10,-1.37521e+11
2.66977e+07,629740,5.18274e+06,-5.96695e+10,-1.37615e+11
2.67017e+07,629093,5.18373e+06,-5.94541e+10,-1.37708e+11
2.67056e+07,628446,5.18471e+06,-5.92387e+10,-1.37801e+11
2.67096e+07,627799,5.18569e+06,-5.9023e+10,-1.37893e+11
2.67135e+07,627151,5.18667e+06,-5.88073e+10,-1.37986e+11
2.67175e+07,626502,5.18765e+06,-5.85913e+10,-1.38077e+11
2.67214e+07,625853,5.18863e+06,-5.83753e+10,-1.38169e+11
2.67253e+07,625204,5.18961e+06,-5.81591e+10,-1.3826e+11
2.67293e+07,624554,5.19059e+06,-5.79427e+10,-1.38351e+11
2.67332e+07,623904,5.19157e+06,-5.77262e+10,-1.38441e+11
2.67372e+07,623253,5.19254e+06,-5.75096e+10,-1.38531e+11
2.67411e+07,622602,5.19352e+06,-5.72929e+10,-1.38621e+11
2.67451e+07,621951,5.19449e+06,-5.70759e+10,-1.38711e+11
2.6749e+07,621299,5.19546e+06,-5.68589e+10,-1.388e+11
2.6753e+07,620646,5.19643e+06,-5.66417e+10,-1.38889e+11
2.67569e+07,619994,5.1974e+06,-5.64244e+10,-1.38977e+11
2.67608e+07,619340,5.19837e+06,-5.62069e+10,-1.39065e+11
2.67648e+07,618687,5.19934e+06,-5.59893e+10,-1.39153e+11
2.67687e+07,618033,5.20031e+06,-5.57716e+10,-1.3924e+11
2.67727e+07,617379,5.20127e+06,-5.55537e+10,-1.39327e+11
2.67766e+07,616724,5.20224e+06,-5.53357e+10,-1.39414e+11
2.67806e+07,616069,5.2032e+06,-5.51176e+10,-1.395e+11
2.67845e+07,615413,5.20417e+06,-5.48993e+10,-1.39586e+11
2.67885e+07,614757,5.20513e+06,-5.46809e+10,-1.39672e+11
2.67924e+07,614101,5.20609e+06,-5.44623e+10,-1.39757e+11
2.67963e+07,613444,5.20705e+06,-5.42436e+10,-1.39843e+11
2.68003e+07,612787,5.20801e+06,-5.40248e+10,-1.39927e+11
2.68042e+07,612129,5.20897e+06,-5.38059e+10,-1.40012e+11
2.68082e+07,611471,5.20992e+06,-5.35868e+10,-1.40096e+11
2.68121e+07,610813,5.21088e+06,-5.33676e+10,-1.40179e+11
2.68161e+07,610154,5.21183e+06,-5.31482e+10,-1.40262e+11
2.682e+07,609495,5.21279e+06,-5.29288e+10,-1.40345e+11
2.6824e+07,608835,5.21374e+06,-5.27092e+10,-1.40428e+11
2.68279e+07,608175,5.21469e+06,-5.24894e+10,-1.4051e+11
2.68318e+07,607515,5.21564e+06,-5.22696e+10,-1.40592e+11
2.68358e+07,606854,5.21659e+06,-5.20496e+10,-1.40674e+11
2.68397e+07,606193,5.21754e+06,-5.18295e+10,-1.40755e+11
2.68437e+07,605531,5.21849e+06,-5.16093e+10,-1.40836e+11
2.68476e+07,604870,5.21944e+06,-5.13889e+10,-1.40917e+11
2.68516e+07,604207,5.22038e+06,-5.11684e+10,-1.40997e+11
2.68555e+07,603545,5.22133e+06,-5.09478e+10,-1.41077e+11
2.68595e+07,602882,5.22227e+06,-5.0727e+10,-1.41156e+11
2.68634e+07,602218,5.22321e+06,-5.05062e+10,-1.41235e+11
2.68674e+07,601555,5.22415e+06,-5.02852e+10,-1.41314e+11
2.68713e+07,600890,5.22509e+06,-5.00641e+10,-1.41393e+11
2.68752e+07,600226,5.22603e+06,-4.98428e+10,-1.41471e+11
2.68792e+07,599561,5.22697e+06,-4.96215e+10,-1.41549e+11
2.68831e+07,598896,5.22791e+06,-4.94e+10,-1.41626e+11
2.68871e+07,598230,5.22885e+06,-4.91784e+10,-1.41703e+11
2.6891e+07,597564,5.22978e+06,-4.89567e+10,-1.4178e+11
2.6895e+07,596898,5.23071e+06,-4.87348e+10,-1.41856e+11
2.68989e+07,596231,5.23165e+06,-4.85129e+10,-1.41932e+11
2.69029e+07,595564,5.23258e+06,-4.82908e+10,-1.42008e+11
2.69068e+07,594897,5.23351e+06,-4.80686e+10,-1.42083e+11
2.69107e+07,594229,5.23444e+06,-4.78463e+10,-1.42158e+11
2.69147e+07,593561,5.23537e+06,-4.76239e+10,-1.42233e+11
2.69186e+07,592893,5.2363e+06,-4.74013e+10,-1.42307e+11
2.69226e+07,592224,5.23722e+06,-4.71787e+10,-1.42381e+11
2.69265e+07,591555,5.23815e+06,-4.69559e+10,-1.42455e+11
2.69305e+07,590886,5.23908e+06,-4.6733e+10,-1.42528e+11
2.69344e+07,590216,5.24e+06,-4.651e+10,-1.42601e+11
2.69384e+07,589546,5.24092e+06,-4.62869e+10,-1.42674e+11
2.69423e+07,588875,5.24184e+06,-4.60636e+10,-1.42746e+11
2.69462e+07,588204,5.24276e+06,-4.58403e+10,-1.42818e+11
2.69502e+07,587533,5.24368e+06,-4.56168e+10,-1.42889e+11
2.69541e+07,586862,5.2446e+06,-4.53933e+10,-1.42961e+11
2.69581e+07,586190,5.24552e+06,-4.51696e+10,-1.43031e+11
2.6962e+07,585518,5.24644e+06,-4.49458e+10,-1.43102e+11
2.6966e+07,584845,5.24735e+06,-4.47219e+10,-1.43172e+11
2.69699e+07,584172,5.24827e+06,-4.44979e+10,-1.43242e+11
2.69739e+07,583499,5.24918e+06,-4.42738e+10,-1.43311e+11
2.69778e+07,582826,5.25009e+06,-4.40495e+10,-1.4338e+11
2.69817e+07,582152,5.251e+06,-4.38252e+10,-1.43449e+11
2.69857e+07,581478,5.25191e+06,-4.36008e+10,-1.43517e+11
2.69896e+07,580804,5.25282e+06,-4.33762e+10,-1.43585e+11
2.69936e+07,580129,5.25373e+06,-4.31516e+10,-1.43653e+11
2.69975e+07,579454,5.25464e+06,-4.29268e+10,-1.4372e+11
2.70015e+07,578778,5.25554e+06,-4.27019e+10,-1.43787e+11
2.70054e+07,578103,5.25645e+06,-4.2477e+10,-1.43854e+11
2.70094e+07,577427,5.25735e+06,-4.22519e+10,-1.4392e+11
2.70133e+07,576750,5.25825e+06,-4.20267e+10,-1.43986e+11
2.70173e+07,576074,5.25915e+06,-4.18014e+10,-1.44052e+11
2.70212e+07,575397,5.26006e+06,-4.1576e+10,-1.44117e+11
2.70251e+07,574719,5.26095e+06,-4.13506e+10,-1.44182e+11
2.70291e+07,574042,5.26185e+06,-4.1125e+10,-1.44246e+11
2.7033e+07,573364,5.26275e+06,-4.08993e+10,-1.4431e+11
2.7037e+07,572686,5.26365e+06,-4.06735e+10,-1.44374e+11
2.70409e+07,572007,5.26454e+06,-4.04476e+10,-1.44438e+11
2.70449e+07,571329,5.26544e+06,-4.02216e+10,-1.44501e+11
2.70488e+07,570650,5.26633e+06,-3.99955e+10,-1.44564e+11
2.70528e+07,569970,5.26722e+06,-3.97694e+10,-1.44626e+11
2.70567e+07,569291,5.26811e+06,-3.95431e+10,-1.44688e+11
2.70606e+07,568611,5.269e+06,-3.93167e+10,-1.4475e+11
2.70646e+07,567931,5.26989e+06,-3.90902e+10,-1.44811e+11
2.70685e+07,567250,5.27078e+06,-3.88637e+10,-1.44872e+11
2.70725e+07,566569,5.27167e+06,-3.8637e+10,-1.44933e+11
2.70764e+07,565888,5.27255e+06,-3.84102e+10,-1.44993e+11
2.70804e+07,565207,5.27344e+06,-3.81834e+10,-1.45053e+11
2.70843e+07,564525,5.27432e+06,-3.79564e+10,-1.45112e+11
2.70883e+07,563843,5.2752e+06,-3.77294e+10,-1.45171e+11
2.70922e+07,563161,5.27608e+06,-3.75023e+10,-1.4523e+11
2.70961e+07,562479,5.27696e+06,-3.72751e+10,-1.45289e+11
2.71001e+07,561796,5.27784e+06,-3.70477e+10,-1.45347e+11
2.7104e+07,561113,5.27872e+06,-3.68203e+10,-1.45405e+11
2.7108e+07,560430,5.2796e+06,-3.65928e+10,-1.45462e+11
2.71119e+07,559746,5.28047e+06,-3.63653e+10,-1.45519e+11
2.71159e+07,559062,5.28135e+06,-3.61376e+10,-1.45576e+11
2.71198e+07,558378,5.28222e+06,-3.59098e+10,-1.45632e+11
2.71238e+07,557694,5.2831e+06,-3.5682e+10,-1.45688e+11
2.71277e+07,557009,5.28397e+06,-3.5454e+10,-1.45744e+11
2.71316e+07,556325,5.28484e+06,-3.5226e+10,-1.45799e+11
2.71356e+07,555639,5.28571e+06,-3.49979e+10,-1.45854e+11
2.71395e+07,554954,5.28658e+06,-3.47697e+10,-1.45909e+11
2.71435e+07,554268,5.28745e+06,-3.45414e+10,-1.45963e+11
2.71474e+07,553583,5.28831e+06,-3.43131e+10,-1.46017e+11
2.71514e+07,552896,5.28918e+06,-3.40846e+10,-1.4607e+11
2.71553e+07,552210,5.29004e+06,-3.38561e+10,-1.46123e+11
2.71593e+07,551523,5.2909e+06,-3.36275e+10,-1.46176e+11
2.71632e+07,550836,5.29177e+06,-3.33988e+10,-1.46229e+11
2.71671e+07,550149,5.29263e+06,-3.317e+10,-1.46281e+11
2.71711e+07,549462,5.29349e+06,-3.29412e+10,-1.46332e+11
2.7175e+07,548774,5.29435e+06,-3.27122e+10,-1.46384e+11
2.7179e+07,548086,5.2952e+06,-3.24832e+10,-1.46435e+11
2.71829e+07,547398,5.29606e+06,-3.22541e+10,-1.46485e+11
2.71869e+07,546710,5.29692e+06,-3.20249e+10,-1.46536e+11
2.71908e+07,546021,5.29777e+06,-3.17957e+10,-1.46585e+11
2.71948e+07,545333,5.29863e+06,-3.15663e+10,-1.46635e+11
2.71987e+07,544644,5.29948e+06,-3.13369e+10,-1.46684e+11
2.72027e+07,543954,5.30033e+06,-3.11074e+10,-1.46733e+11
2.72066e+07,543265,5.30118e+06,-3.08779e+10,-1.46782e+11
2.72105e+07,542575,5.30203e+06,-3.06482e+10,-1.4683e+11
2.72145e+07,541885,5.30288e+06,-3.04185e+10,-1.46877e+11
2.72184e+07,541195,5.30372e+06,-3.01887e+10,-1.46925e+11
2.72224e+07,540505,5.30457e+06,-2.99589e+10,-1.46972e+11
2.72263e+07,539814,5.30541e+06,-2.97289e+10,-1.47019e+11
2.72303e+07,539123,5.30626e+06,-2.94989e+10,-1.47065e+11
2.72342e+07,538432,5.3071e+06,-2.92688e+10,-1.47111e+11
2.72382e+07,537741,5.30794e+06,-2.90387e+10,-1.47156e+11
2.72421e+07,537049,5.30878e+06,-2.88085e+10,-1.47202e+11
2.7246e+07,536358,5.30962e+06,-2.85782e+10,-1.47247e+11
2.725e+07,535666,5.31046e+06,-2.83478e+10,-1.47291e+11
2.72539e+07,534974,5.3113e+06,-2.81174e+10,-1.47335e+11
2.72579e+07,534281,5.31213e+06,-2.78869e+10,-1.47379e+11
2.72618e+07,533589,5.31297e+06,-2.76563e+10,-1.47422e+11
2.72658e+07,532896,5.3138e+06,-2.74256e+10,-1.47466e+11
2.72697e+07,532203,5.31464e+06,-2.71949e+10,-1.47508e+11
2.72737e+07,531510,5.31547e+06,-2.69642e+10,-1.47551e+11
2.72776e+07,530817,5.3163e+06,-2.67333e+10,-1.47593e+11
2.72815e+07,530123,5.31713e+06,-2.65024e+10,-1.47634e+11
2.72855e+07,529430,5.31796e+06,-2.62715e+10,-1.47676e+11
2.72894e+07,528736,5.31879e+06,-2.60404e+10,-1.47716e+11
2.72934e+07,528042,5.31961e+06,-2.58093e+10,-1.47757e+11
2.72973e+07,527347,5.32044e+06,-2.55782e+10,-1.47797e+11
2.73013e+07,526653,5.32126e+06,-2.53469e+10,-1.47837e+11
2.73052e+07,525958,5.32209e+06,-2.51157e+10,-1.47876e+11
2.73092e+07,525263,5.32291e+06,-2.48843e+10,-1.47916e+11
2.73131e+07,524568,5.32373e+06,-2.46529e+10,-1.47954e+11
2.7317e+07,523873,5.32455e+06,-2.44214e+10,-1.47993e+11
2.7321e+07,523178,5.32537e+06,-2.41899e+10,-1.48031e+11
2.73249e+07,522482,5.32619e+06,-2.39583e+10,-1.48068e+11
2.73289e+07,521786,5.327e+06,-2.37267e+10,-1.48106e+11
2.73328e+07,521090,5.32782e+06,-2.3495e+10,-1.48143e+11
2.73368e+07,520394,5.32863e+06,-2.32632e+10,-1.48179e+11
2.73407e+07,519698,5.32945e+06,-2.30314e+10,-1.48215e+11
2.73447e+07,519002,5.33026e+06,-2.27995e+10,-1.48251e+11
2.73486e+07,518305,5.33107e+06,-2.25676e+10,-1.48287e+11
2.73525e+07,517608,5.33188e+06,-2.23356e+10,-1.48322e+11
2.73565e+07,516911,5.33269e+06,-2.21036e+10,-1.48357e+11
2.73604e+07,516214,5.3335e+06,-2.18715e+10,-1.48391e+11
2.73644e+07,515517,5.3343e+06,-2.16393e+10,-1.48425e+11
2.73683e+07,514820,5.33511e+06,-2.14071e+10,-1.48459e+11
2.73723e+07,514122,5.33591e+06,-2.11749e+10,-1.48492e+11
2.73762e+07,513424,5.33672e+06,-2.09426e+10,-1.48525e+11
2.73802e+07,512727,5.33752e+06,-2.07102e+10,-1.48557e+11
2.73841e+07,512028,5.33832e+06,-2.04778e+10,-1.4859e+11
2.73881e+07,511330,5.33912e+06,-2.02454e+10,-1.48622e+11
2.7392e+07,510632,5.33992e+06,-2.00129e+10,-1.48653e+11
2.73959e+07,509933,5.34072e+06,-1.97803e+10,-1.48684e+11
2.73999e+07,509235,5.34152e+06,-1.95477e+10,-1.48715e+11
2.74038e+07,508536,5.34231e+06,-1.93151e+10,-1.48745e+11
2.74078e+07,507837,5.34311e+06,-1.90824e+10,-1.48775e+11
2.74117e+07,507138,5.3439e+06,-1.88496e+10,-1.48805e+11
2.74157e+07,506439,5.34469e+06,-1.86168e+10,-1.48834e+11
2.74196e+07,505740,5.34549e+06,-1.8384e+10,-1.48863e+11
2.74236e+07,505040,5.34628e+06,-1.81511e+10,-1.48892e+11
2.74275e+07,504341,5.34707e+06,-1.79182e+10,-1.4892e+11
2.74314e+07,503641,5.34785e+06,-1.76852e+10,-1.48948e+11
2.74354e+07,502941,5.34864e+06,-1.74522e+10,-1.48975e+11
2.74393e+07,502241,5.34943e+06,-1.72192e+10,-1.49002e+11
2.74433e+07,501541,5.35021e+06,-1.69861e+10,-1.49029e+11
2.74472e+07,500841,5.351e+06,-1.67529e+10,-1.49056e+11
2.74512e+07,500140,5.35178e+06,-1.65197e+10,-1.49082e+11
2.74551e+07,499440,5.35256e+06,-1.62865e+10,-1.49107e+11
2.74591e+07,498739,5.35334e+06,-1.60533e+10,-1.49133e+11
2.7463e+07,498039,5.35412e+06,-1.582e+10,-1.49158e+11
2.74669e+07,497338,5.3549e+06,-1.55866e+10,-1.49182e+11
2.74709e+07,496637,5.35568e+06,-1.53532e+10,-1.49206e+11
2.74748e+07,495936,5.35645e+06,-1.51198e+10,-1.4923e+11
2.74788e+07,495235,5.35723e+06,-1.48864e+10,-1.49254e+11
2.74827e+07,494533,5.358e+06,-1.46529e+10,-1.49277e+11
2.74867e+07,493832,5.35878e+06,-1.44194e+10,-1.49299e+11
2.74906e+07,493130,5.35955e+06,-1.41858e+10,-1.49322e+11
2.74946e+07,492429,5.36032e+06,-1.39522e+10,-1.49344e+11
2.74985e+07,491727,5.36109e+06,-1.37186e+10,-1.49365e+11
2.75024e+07,491025,5.36186e+06,-1.34849e+10,-1.49387e+11
2.75064e+07,490323,5.36262e+06,-1.32512e+10,-1.49408e+11
2.75103e+07,489621,5.36339e+06,-1.30175e+10,-1.49428e+11
2.75143e+07,488919,5.36416e+06,-1.27838e+10,-1.49448e+11
2.75182e+07,488217,5.36492e+06,-1.255e+10,-1.49468e+11
2.75222e+07,487515,5.36568e+06,-1.23161e+10,-1.49488e+11
2.75261e+07,486813,5.36645e+06,-1.20823e+10,-1.49507e+11
2.75301e+07,486110,5.36721e+06,-1.18484e+10,-1.49525e+11
2.7534e+07,485408,5.36797e+06,-1.16145e+10,-1.49544e+11
2.7538e+07,484705,5.36872e+06,-1.13806e+10,-1.49562e+11
2.75419e+07,484002,5.36948e+06,-1.11466e+10,-1.49579e+11
2.75458e+07,483299,5.37024e+06,-1.09126e+10,-1.49597e+11
2.75498e+07,482597,5.37099e+06,-1.06786e+10,-1.49614e+11
2.75537e+07,481894,5.37175e+06,-1.04446e+10,-1.4963e+11
2.75577e+07,481191,5.3725e+06,-1.02105e+10,-1.49646e+11
2.75616e+07,480487,5.37325e+06,-9.97638e+09,-1.49662e+11
2.75656e+07,479784,5.374e+06,-9.74226e+09,-1.49677e+11
2.75695e+07,479081,5.37475e+06,-9.50812e+09,-1.49692e+11
2.75735e+07,478378,5.3755e+06,-9.27395e+09,-1.49707e+11
2.75774e+07,477674,5.37625e+06,-9.03976e+09,-1.49721e+11
2.75813e+07,476971,5.377e+06,-8.80555e+09,-1.49735e+11
2.75853e+07,476267,5.37774e+06,-8.57132e+09,-1.49749e+11
2.75892e+07,475564,5.37849e+06,-8.33706e+09,-1.49762e+11
2.75932e+07,474860,5.37923e+06,-8.10279e+09,-1.49775e+11
2.75971e+07,474156,5.37997e+06,-7.8685e+09,-1.49788e+11
2.76011e+07,473453,5.38071e+06,-7.63418e+09,-1.498e+11
2.7605e+07,472749,5.38145e+06,-7.39985e+09,-1.49811e+11
2.7609e+07,472045,5.38219e+06,-7.1655e+09,-1.49823e+11
2.76129e+07,471341,5.38293e+06,-6.93113e+09,-1.49834e+11
2.76168e+07,470637,5.38367e+06,-6.69675e+09,-1.49845e+11
2.76208e+07,469933,5.3844e+06,-6.46234e+09,-1.49855e+11
2.76247e+07,469229,5.38514e+06,-6.22793e+09,-1.49865e+11
2.76287e+07,468525,5.38587e+06,-5.99349e+09,-1.49874e+11
2.76326e+07,467821,5.3866e+06,-5.75905e+09,-1.49884e+11
2.76366e+07,467117,5.38734e+06,-5.52459e+09,-1.49892e+11
2.76405e+07,466412,5.38807e+06,-5.29011e+09,-1.49901e+11
2.76445e+07,465708,5.38879e+06,-5.05562e+09,-1.49909e+11
2.76484e+07,465004,5.38952e+06,-4.82112e+09,-1.49917e+11
2.76523e+07,464299,5.39025e+06,-4.58661e+09,-1.49924e+11
2.76563e+07,463595,5.39097e+06,-4.35209e+09,-1.49931e+11
2.76602e+07,462891,5.3917e+06,-4.11755e+09,-1.49938e+11
2.76642e+07,462186,5.39242e+06,-3.88301e+09,-1.49944e+11
2.76681e+07,461482,5.39315e+06,-3.64846e+09,-1.4995e+11
2.76721e+07,460777,5.39387e+06,-3.41389e+09,-1.49955e+11
2.7676e+07,460073,5.39459e+06,-3.17932e+09,-1.4996e+11
2.768e+07,459368,5.39531e+06,-2.94475e+09,-1.49965e+11
2.76839e+07,458663,5.39602e+06,-2.71016e+09,-1.4997e+11
2.76878e+07,457959,5.39674e+06,-2.47557e+09,-1.49974e+11
2.76918e+07,457254,5.39746e+06,-2.24097e+09,-1.49977e+11
2.76957e+07,456550,5.39817e+06,-2.00637e+09,-1.49981e+11
2.76997e+07,455845,5.39888e+06,-1.77176e+09,-1.49984e+11
2.77036e+07,455140,5.3996e+06,-1.53714e+09,-1.49986e+11
2.77076e+07,454436,5.40031e+06,-1.30253e+09,-1.49989e+11
2.77115e+07,453731,5.40102e+06,-1.06791e+09,-1.4999e+11
2.77155e+07,453026,5.40173e+06,-8.33284e+08,-1.49992e+11
2.77194e+07,452322,5.40244e+06,-5.9866e+08,-1.49993e+11
2.77234e+07,451617,5.40314e+06,-3.64034e+08,-1.49994e+11
2.77273e+07,450912,5.40385e+06,-1.29407e+08,-1.49994e+11
2.77312e+07,450207,5.40455e+06,1.05221e+08,-1.49994e+11
2.77352e+07,449503,5.40526e+06,3.39848e+08,-1.49994e+11
2.77391e+07,448798,5.40596e+06,5.74474e+08,-1.49993e+11
2.77431e+07,448093,5.40666e+06,8.09099e+08,-1.49992e+11
2.7747e+07,447389,5.40736e+06,1.04372e+09,-1.49991e+11
2.7751e+07,446684,5.40806e+06,1.27834e+09,-1.49989e+11
2.77549e+07,445979,5.40876e+06,1.51296e+09,-1.49987e+11
2.77589e+07,445275,5.40946e+06,1.74757e+09,-1.49984e+11
2.77628e+07,444570,5.41015e+06,1.98218e+09,-1.49981e+11
2.77667e+07,443865,5.41085e+06,2.21679e+09,-1.49978e+11
2.77707e+07,443161,5.41154e+06,2.45139e+09,-1.49974e+11
2.77746e+07,442456,5.41223e+06,2.68598e+09,-1.4997e+11
2.77786e+07,441752,5.41292e+06,2.92056e+09,-1.49966e+11
2.77825e+07,441047,5.41362e+06,3.15514e+09,-1.49961e+11
2.77865e+07,440343,5.4143e+06,3.38972e+09,-1.49956e+11
2.77904e+07,439638,5.41499e+06,3.62428e+09,-1.4995e+11
2.77944e+07,438934,5.41568e+06,3.85883e+09,-1.49945e+11
2.77983e+07,438229,5.41637e+06,4.09338e+09,-1.49938e+11
2.78022e+07,437525,5.41705e+06,4.32791e+09,-1.49932e+11
2.78062e+07,436820,5.41773e+06,4.56244e+09,-1.49925e+11
2.78101e+07,436116,5.41842e+06,4.79695e+09,-1.49917e+11
2.78141e+07,435412,5.4191e+06,5.03145e+09,-1.4991e+11
2.7818e+07,434707,5.41978e+06,5.26594e+09,-1.49902e+11
2.7822e+07,434003,5.42046e+06,5.50042e+09,-1.49893e+11
2.78259e+07,433299,5.42114e+06,5.73488e+09,-1.49885e+11
2.78299e+07,432595,5.42181e+06,5.96933e+09,-1.49875e+11
2.78338e+07,431891,5.42249e+06,6.20376e+09,-1.49866e+11
2.78377e+07,431186,5.42317e+06,6.43818e+09,-1.49856e+11
2.78417e+07,430482,5.42384e+06,6.67258e+09,-1.49846e+11
2.78456e+07,429778,5.42451e+06,6.90697e+09,-1.49835e+11
2.78496e+07,429075,5.42518e+06,7.14134e+09,-1.49824e+11
2.78535e+07,428371,5.42585e+06,7.37569e+09,-1.49813e+11
2.78575e+07,427667,5.42652e+06,7.61003e+09,-1.49801e+11
2.78614e+07,426963,5.42719e+06,7.84434e+09,-1.49789e+11
2.78654e+07,426259,5.42786e+06,8.07864e+09,-1.49776e+11
2.78693e+07,425556,5.42853e+06,8.31292e+09,-1.49764e+11
2.78733e+07,424852,5.42919e+06,8.54717e+09,-1.4975e+11
2.78772e+07,424149,5.42985e+06,8.78141e+09,-1.49737e+11
2.78811e+07,423445,5.43052e+06,9.01562e+09,-1.49723e+11
2.78851e+07,422742,5.43118e+06,9.24982e+09,-1.49709e+11
2.7889e+07,422038,5.43184e+06,9.48399e+09,-1.49694e+11
2.7893e+07,421335,5.4325e+06,9.71813e+09,-1.49679e+11
2.78969e+07,420632,5.43316e+06,9.95225e+09,-1.49664e+11
2.79009e+07,419929,5.43382e+06,1.01864e+10,-1.49648e+11
2.79048e+07,419226,5.43447e+06,1.04204e+10,-1.49632e+11
2.79088e+07,418523,5.43513e+06,1.06545e+10,-1.49615e+11
2.79127e+07,417820,5.43578e+06,1.08885e+10,-1.49598e+11
2.79166e+07,417117,5.43643e+06,1.11225e+10,-1.49581e+11
2.79206e+07,416415,5.43709e+06,1.13565e+10,-1.49564e+11
2.79245e+07,415712,5.43774e+06,1.15904e+10,-1.49546e+11
2.79285e+07,415009,5.43839e+06,1.18243e+10,-1.49527e+11
2.79324e+07,414307,5.43904e+06,1.20582e+10,-1.49509e+11
2.79364e+07,413604,5.43968e+06,1.2292e+10,-1.4949e+11
2.79403e+07,412902,5.44033e+06,1.25259e+10,-1.4947e+11
2.79443e+07,412200,5.44097e+06,1.27597e+10,-1.49451e+11
2.79482e+07,411498,5.44162e+06,1.29934e+10,-1.4943e+11
2.79521e+07,410796,5.44226e+06,1.32272e+10,-1.4941e+11
2.79561e+07,410094,5.4429e+06,1.34608e+10,-1.49389e+11
2.796e+07,409392,5.44354e+06,1.36945e+10,-1.49368e+11
2.7964e+07,408690,5.44418e+06,1.39281e+10,-1.49346e+11
2.79679e+07,407989,5.44482e+06,1.41617e+10,-1.49324e+11
2.79719e+07,407287,5.44546e+06,1.43953e+10,-1.49302e+11
2.79758e+07,406586,5.4461e+06,1.46288e+10,-1.49279e+11
2.79798e+07,405885,5.44673e+06,1.48623e+10,-1.49256e+11
2.79837e+07,405183,5.44737e+06,1.50958e+10,-1.49233e+11
2.79876e+07,404482,5.448e+06,1.53292e+10,-1.49209e+11
2.79916e+07,403781,5.44863e+06,1.55626e+10,-1.49185e+11
2.79955e+07,403081,5.44926e+06,1.57959e+10,-1.4916e+11
2.79995e+07,402380,5.44989e+06,1.60292e+10,-1.49135e+11
2.80034e+07,401679,5.45052e+06,1.62625e+10,-1.4911e+11
2.80074e+07,400979,5.45115e+06,1.64957e+10,-1.49084e+11
2.80113e+07,400278,5.45178e+06,1.67289e+10,-1.49058e+11
2.80153e+07,399578,5.4524e+06,1.6962e+10,-1.49032e+11
2.80192e+07,398878,5.45303e+06,1.71951e+10,-1.49005e+11
2.80231e+07,398178,5.45365e+06,1.74282e+10,-1.48978e+11
2.80271e+07,397478,5.45427e+06,1.76612e+10,-1.48951e+11
2.8031e+07,396779,5.45489e+06,1.78942e+10,-1.48923e+11
2.8035e+07,396079,5.45551e+06,1.81271e+10,-1.48895e+11
2.80389e+07,395379,5.45613e+06,1.836e+10,-1.48866e+11
2.80429e+07,394680,5.45675e+06,1.85928e+10,-1.48837e+11
2.80468e+07,393981,5.45737e+06,1.88256e+10,-1.48808e+11
2.80508e+07,393282,5.45798e+06,1.90584e+10,-1.48779e+11
2.80547e+07,392583,5.4586e+06,1.92911e+10,-1.48749e+11
2.80587e+07,391884,5.45921e+06,1.95237e+10,-1.48718e+11
2.80626e+07,391186,5.45982e+06,1.97564e+10,-1.48687e+11
2.80665e+07,390487,5.46044e+06,1.99889e+10,-1.48656e+11
2.80705e+07,389789,5.46105e+06,2.02214e+10,-1.48625e+11
2.80744e+07,389090,5.46165e+06,2.04539e+10,-1.48593e+11
2.80784e+07,388392,5.46226e+06,2.06863e+10,-1.48561e+11
2.80823e+07,387695,5.46287e+06,2.09187e+10,-1.48528e+11
2.80863e+07,386997,5.46348e+06,2.1151e+10,-1.48496e+11
2.80902e+07,386299,5.46408e+06,2.13832e+10,-1.48462e+11
2.80942e+07,385602,5.46468e+06,2.16154e+10,-1.48429e+11
2.80981e+07,384905,5.46529e+06,2.18476e+10,-1.48395e+11
2.8102e+07,384207,5.46589e+06,2.20797e+10,-1.4836e+11
2.8106e+07,383510,5.46649e+06,2.23117e+10,-1.48326e+11
2.81099e+07,382814,5.46709e+06,2.25437e+10,-1.4829e+11
2.81139e+07,382117,5.46769e+06,2.27756e+10,-1.48255e+11
2.81178e+07,381421,5.46828e+06,2.30075e+10,-1.48219e+11
2.81218e+07,380724,5.46888e+06,2.32393e+10,-1.48183e+11
2.81257e+07,380028,5.46947e+06,2.34711e+10,-1.48147e+11
2.81297e+07,379332,5.47007e+06,2.37028e+10,-1.4811e+11
2.81336e+07,378637,5.47066e+06,2.39345e+10,-1.48072e+11
2.81375e+07,377941,5.47125e+06,2.41661e+10,-1.48035e+11
2.81415e+07,377246,5.47184e+06,2.43976e+10,-1.47997e+11
2.81454e+07,376550,5.47243e+06,2.46291e+10,-1.47958e+11
2.81494e+07,375855,5.47302e+06,2.48605e+10,-1.4792e+11
2.81533e+07,375160,5.47361e+06,2.50918e+10,-1.47881e+11
2.81573e+07,374466,5.4742e+06,2.53231e+10,-1.47841e+11
2.81612e+07,373771,5.47478e+06,2.55544e+10,-1.47801e+11
2.81652e+07,373077,5.47536e+06,2.57855e+10,-1.47761e+11
2.81691e+07,372383,5.47595e+06,2.60166e+10,-1.47721e+11
2.8173e+07,371689,5.47653e+06,2.62477e+10,-1.4768e+11
2.8177e+07,370995,5.47711e+06,2.64786e+10,-1.47639e+11
2.81809e+07,370302,5.47769e+06,2.67095e+10,-1.47597e+11
2.81849e+07,369608,5.47827e+06,2.69404e+10,-1.47555e+11
2.81888e+07,368915,5.47885e+06,2.71712e+10,-1.47513e+11
2.81928e+07,368222,5.47942e+06,2.74019e+10,-1.4747e+11
2.81967e+07,367529,5.48e+06,2.76325e+10,-1.47427e+11
2.82007e+07,366837,5.48057e+06,2.78631e+10,-1.47384e+11
2.82046e+07,366145,5.48115e+06,2.80936e+10,-1.4734e+11
2.82085e+07,365452,5.48172e+06,2.83241e+10,-1.47296e+11
2.82125e+07,364761,5.48229e+06,2.85544e+10,-1.47251e+11
2.82164e+07,364069,5.48286e+06,2.87847e+10,-1.47206e+11
2.82204e+07,363377,5.48343e+06,2.9015e+10,-1.47161e+11
2.82243e+07,362686,5.484e+06,2.92451e+10,-1.47116e+11
2.82283e+07,361995,5.48456e+06,2.94752e+10,-1.4707e+11
2.82322e+07,361304,5.48513e+06,2.97052e+10,-1.47023e+11
2.82362e+07,360614,5.48569e+06,2.99352e+10,-1.46977e+11
2.82401e+07,359923,5.48626e+06,3.0165e+10,-1.4693e+11
2.82441e+07,359233,5.48682e+06,3.03948e+10,-1.46882e+11
2.8248e+07,358543,5.48738e+06,3.06246e+10,-1.46835e+11
2.82519e+07,357853,5.48794e+06,3.08542e+10,-1.46787e+11
2.82559e+07,357164,5.4885e+06,3.10838e+10,-1.46738e+11
2.82598e+07,356474,5.48906e+06,3.13133e+10,-1.46689e+11
2.82638e+07,355785,5.48961e+06,3.15427e+10,-1.4664e+11
2.82677e+07,355096,5.49017e+06,3.1772e+10,-1.46591e+11
2.82717e+07,354408,5.49073e+06,3.20013e+10,-1.46541e+11
2.82756e+07,353720,5.49128e+06,3.22305e+10,-1.46491e+11
2.82796e+07,353031,5.49183e+06,3.24596e+10,-1.4644e+11
2.82835e+07,352344,5.49238e+06,3.26886e+10,-1.46389e+11
2.82874e+07,351656,5.49293e+06,3.29176e+10,-1.46338e+11
2.82914e+07,350968,5.49348e+06,3.31464e+10,-1.46286e+11
2.82953e+07,350281,5.49403e+06,3.33752e+10,-1.46234e+11
2.82993e+07,349594,5.49458e+06,3.36039e+10,-1.46182e+11
2.83032e+07,348908,5.49513e+06,3.38326e+10,-1.46129e+11
2.83072e+07,348221,5.49567e+06,3.40611e+10,-1.46076e+11
2.83111e+07,347535,5.49622e+06,3.42896e+10,-1.46022e+11
2.83151e+07,346849,5.49676e+06,3.45179e+10,-1.45969e+11
2.8319e+07,346164,5.4973e+06,3.47462e+10,-1.45914e+11
2.83229e+07,345478,5.49784e+06,3.49744e+10,-1.4586e+11
2.83269e+07,344793,5.49838e+06,3.52025e+10,-1.45805e+11
2.83308e+07,344108,5.49892e+06,3.54306e+10,-1.4575e+11
2.83348e+07,343424,5.49946e+06,3.56585e+10,-1.45694e+11
2.83387e+07,342739,5.49999e+06,3.58864e+10,-1.45638e+11
2.83427e+07,342055,5.50053e+06,3.61141e+10,-1.45582e+11
2.83466e+07,341371,5.50106e+06,3.63418e+10,-1.45525e+11
2.83506e+07,340688,5.5016e+06,3.65694e+10,-1.45468e+11
2.83545e+07,340004,5.50213e+06,3.67969e+10,-1.45411e+11
2.83584e+07,339321,5.50266e+06,3.70243e+10,-1.45353e+11
2.83624e+07,338639,5.50319e+06,3.72517e+10,-1.45295e+11
2.83663e+07,337956,5.50372e+06,3.74789e+10,-1.45237e+11
2.83703e+07,337274,5.50425e+06,3.7706e+10,-1.45178e+11
2.83742e+07,336592,5.50478e+06,3.79331e+10,-1.45119e+11
2.83782e+07,335910,5.5053e+06,3.816e+10,-1.45059e+11
2.83821e+07,335229,5.50583e+06,3.83869e+10,-1.44999e+11
2.83861e+07,334548,5.50635e+06,3.86137e+10,-1.44939e+11
2.839e+07,333867,5.50687e+06,3.88403e+10,-1.44878e+11
2.8394e+07,333186,5.5074e+06,3.90669e+10,-1.44818e+11
2.83979e+07,332506,5.50792e+06,3.92934e+10,-1.44756e+11
2.84018e+07,331826,5.50844e+06,3.95198e+10,-1.44695e+11
2.84058e+07,331147,5.50895e+06,3.97461e+10,-1.44633e+11
2.84097e+07,330467,5.50947e+06,3.99723e+10,-1.4457e+11
2.84137e+07,329788,5.50999e+06,4.01984e+10,-1.44508e+11
2.84176e+07,329109,5.5105e+06,4.04243e+10,-1.44444e+11
2.84216e+07,328431,5.51102e+06,4.06502e+10,-1.44381e+11
2.84255e+07,327753,5.51153e+06,4.0876e+10,-1.44317e+11
2.84295e+07,327075,5.51204e+06,4.11017e+10,-1.44253e+11
2.84334e+07,326397,5.51255e+06,4.13273e+10,-1.44189e+11
2.84373e+07,325720,5.51306e+06,4.15528e+10,-1.44124e+11
2.84413e+07,325043,5.51357e+06,4.17782e+10,-1.44059e+11
2.84452e+07,324366,5.51408e+06,4.20035e+10,-1.43993e+11
2.84492e+07,323690,5.51459e+06,4.22287e+10,-1.43927e+11
2.84531e+07,323014,5.51509e+06,4.24538e+10,-1.43861e+11
2.84571e+07,322338,5.5156e+06,4.26788e+10,-1.43795e+11
2.8461e+07,321663,5.5161e+06,4.29037e+10,-1.43728e+11
2.8465e+07,320988,5.5166e+06,4.31284e+10,-1.4366e+11
2.84689e+07,320313,5.51711e+06,4.33531e+10,-1.43593e+11
2.84728e+07,319638,5.51761e+06,4.35777e+10,-1.43525e+11
2.84768e+07,318964,5.51811e+06,4.38021e+10,-1.43456e+11
2.84807e+07,318290,5.5186e+06,4.40265e+10,-1.43388e+11
2.84847e+07,317617,5.5191e+06,4.42507e+10,-1.43319e+11
2.84886e+07,316944,5.5196e+06,4.44748e+10,-1.43249e+11
2.84926e+07,316271,5.52009e+06,4.46989e+10,-1.43179e+11
2.84965e+07,315598,5.52059e+06,4.49228e+10,-1.43109e+11
2.85005e+07,314926,5.52108e+06,4.51466e+10,-1.43039e+11
2.85044e+07,314254,5.52157e+06,4.53703e+10,-1.42968e+11
2.85083e+07,313583,5.52206e+06,4.55938e+10,-1.42897e+11
2.85123e+07,312912,5.52255e+06,4.58173e+10,-1.42826e+11
2.85162e+07,312241,5.52304e+06,4.60407e+10,-1.42754e+11
2.85202e+07,311570,5.52353e+06,4.62639e+10,-1.42682e+11
2.85241e+07,310900,5.52402e+06,4.6487e+10,-1.42609e+11
2.85281e+07,310230,5.5245e+06,4.67101e+10,-1.42536e+11
2.8532e+07,309561,5.52499e+06,4.6933e+10,-1.42463e+11
2.8536e+07,308892,5.52547e+06,4.71558e+10,-1.42389e+11
2.85399e+07,308223,5.52595e+06,4.73784e+10,-1.42315e+11
2.85438e+07,307554,5.52644e+06,4.7601e+10,-1.42241e+11
2.85478e+07,306886,5.52692e+06,4.78234e+10,-1.42166e+11
2.85517e+07,306219,5.5274e+06,4.80458e+10,-1.42091e+11
2.85557e+07,305551,5.52787e+06,4.8268e+10,-1.42016e+11
2.85596e+07,304884,5.52835e+06,4.84901e+10,-1.4194e+11
2.85636e+07,304217,5.52883e+06,4.8712e+10,-1.41864e+11
2.85675e+07,303551,5.5293e+06,4.89339e+10,-1.41788e+11
2.85715e+07,302885,5.52978e+06,4.91556e+10,-1.41711e+11
2.85754e+07,302220,5.53025e+06,4.93772e+10,-1.41634e+11
2.85794e+07,301554,5.53072e+06,4.95987e+10,-1.41557e+11
2.85833e+07,300889,5.53119e+06,4.98201e+10,-1.41479e+11
2.85872e+07,300225,5.53166e+06,5.00413e+10,-1.41401e+11
2.85912e+07,299561,5.53213e+06,5.02625e+10,-1.41323e+11
2.85951e+07,298897,5.5326e+06,5.04835e+10,-1.41244e+11
2.85991e+07,298234,5.53307e+06,5.07043e+10,-1.41165e+11
2.8603e+07,297571,5.53353e+06,5.09251e+10,-1.41085e+11
2.8607e+07,296908,5.534e+06,5.11457e+10,-1.41005e+11
2.86109e+07,296246,5.53446e+06,5.13662e+10,-1.40925e+11
2.86149e+07,295584,5.53493e+06,5.15866e+10,-1.40845e+11
2.86188e+07,294922,5.53539e+06,5.18069e+10,-1.40764e+11
2.86227e+07,294261,5.53585e+06,5.2027e+10,-1.40683e+11
2.86267e+07,293600,5.53631e+06,5.2247e+10,-1.40601e+11
2.86306e+07,292940,5.53677e+06,5.24668e+10,-1.40519e+11
2.86346e+07,292280,5.53722e+06,5.26866e+10,-1.40437e+11
2.86385e+07,291620,5.53768e+06,5.29062e+10,-1.40354e+11
2.86425e+07,290961,5.53814e+06,5.31257e+10,-1.40271e+11
2.86464e+07,290302,5.53859e+06,5.3345e+10,-1.40188e+11
2.86504e+07,289644,5.53905e+06,5.35643e+10,-1.40104e+11
2.86543e+07,288986,5.5395e+06,5.37834e+10,-1.40021e+11
2.86582e+07,288328,5.53995e+06,5.40023e+10,-1.39936e+11
2.86622e+07,287671,5.5404e+06,5.42211e+10,-1.39852e+11
2.86661e+07,287014,5.54085e+06,5.44398e+10,-1.39767e+11
2.86701e+07,286358,5.5413e+06,5.46584e+10,-1.39681e+11
2.8674e+07,285701,5.54175e+06,5.48768e+10,-1.39596e+11
2.8678e+07,285046,5.54219e+06,5.50951e+10,-1.3951e+11
2.86819e+07,284391,5.54264e+06,5.53133e+10,-1.39423e+11
2.86859e+07,283736,5.54308e+06,5.55313e+10,-1.39337e+11
2.86898e+07,283081,5.54352e+06,5.57492e+10,-1.3925e+11
2.86937e+07,282427,5.54397e+06,5.5967e+10,-1.39162e+11
2.86977e+07,281774,5.54441e+06,5.61846e+10,-1.39074e+11
2.87016e+07,281121,5.54485e+06,5.6402e+10,-1.38986e+11
2.87056e+07,280468,5.54529e+06,5.66194e+10,-1.38898e+11
2.87095e+07,279815,5.54573e+06,5.68366e+10,-1.38809e+11
2.87135e+07,279163,5.54616e+06,5.70537e+10,-1.3872e+11
2.87174e+07,278512,5.5466e+06,5.72706e+10,-1.38631e+11
2.87214e+07,277861,5.54703e+06,5.74874e+10,-1.38541e+11
2.87253e+07,277210,5.54747e+06,5.7704e+10,-1.38451e+11
2.87293e+07,276560,5.5479e+06,5.79205e+10,-1.38361e+11
2.87332e+07,275910,5.54833e+06,5.81369e+10,-1.3827e+11
2.87371e+07,275261,5.54876e+06,5.83531e+10,-1.38179e+11
2.87411e+07,274612,5.54919e+06,5.85692e+10,-1.38087e+11
2.8745e+07,273963,5.54962e+06,5.87851e+10,-1.37995e+11
2.8749e+07,273315,5.55005e+06,5.90009e+10,-1.37903e+11
2.87529e+07,272667,5.55048e+06,5.92165e+10,-1.37811e+11
2.87569e+07,272020,5.5509e+06,5.9432e+10,-1.37718e+11
2.87608e+07,271373,5.55133e+06,5.96474e+10,-1.37625e+11
2.87648e+07,270727,5.55175e+06,5.98626e+10,-1.37531e+11
2.87687e+07,270081,5.55218e+06,6.00776e+10,-1.37438e+11
2.87726e+07,269435,5.5526e+06,6.02925e+10,-1.37344e+11
2.87766e+07,268790,5.55302e+06,6.05073e+10,-1.37249e+11
2.87805e+07,268146,5.55344e+06,6.07219e+10,-1.37154e+11
2.87845e+07,267502,5.55386e+06,6.09364e+10,-1.37059e+11
2.87884e+07,266858,5.55428e+06,6.11507e+10,-1.36964e+11
2.87924e+07,266215,5.55469e+06,6.13649e+10,-1.36868e+11
2.87963e+07,265572,5.55511e+06,6.15789e+10,-1.36772e+11
2.88003e+07,264930,5.55552e+06,6.17928e+10,-1.36675e+11
2.88042e+07,264288,5.55594e+06,6.20065e+10,-1.36578e+11
2.88081e+07,263646,5.55635e+06,6.22201e+10,-1.36481e+11
2.88121e+07,263005,5.55676e+06,6.24335e+10,-1.36384e+11
2.8816e+07,262365,5.55717e+06,6.26467e+10,-1.36286e+11
2.882e+07,261725,5.55758e+06,6.28598e+10,-1.36188e+11
2.88239e+07,261085,5.55799e+06,6.30728e+10,-1.36089e+11
2.88279e+07,260446,5.5584e+06,6.32856e+10,-1.3599e+11
2.88318e+07,259807,5.55881e+06,6.34982e+10,-1.35891e+11
2.88358e+07,259169,5.55921e+06,6.37107e+10,-1.35792e+11
2.88397e+07,258531,5.55962e+06,6.39231e+10,-1.35692e+11
2.88436e+07,257894,5.56002e+06,6.41352e+10,-1.35592e+11
2.88476e+07,257257,5.56042e+06,6.43473e+10,-1.35491e+11
2.88515e+07,256621,5.56083e+06,6.45591e+10,-1.3539e+11
2.88555e+07,255985,5.56123e+06,6.47708e+10,-1.35289e+11
2.88594e+07,255350,5.56163e+06,6.49824e+10,-1.35188e+11
2.88634e+07,254715,5.56203e+06,6.51938e+10,-1.35086e+11
2.88673e+07,254080,5.56242e+06,6.5405e+10,-1.34984e+11
2.88713e+07,253446,5.56282e+06,6.56161e+10,-1.34881e+11
2.88752e+07,252813,5.56322e+06,6.5827e+10,-1.34779e+11
2.88791e+07,252180,5.56361e+06,6.60377e+10,-1.34675e+11
2.88831e+07,251547,5.56401e+06,6.62483e+10,-1.34572e+11
2.8887e+07,250915,5.5644e+06,6.64587e+10,-1.34468e+11
2.8891e+07,250284,5.56479e+06,6.6669e+10,-1.34364e+11
2.88949e+07,249653,5.56518e+06,6.68791e+10,-1.3426e+11
2.88989e+07,249022,5.56557e+06,6.7089e+10,-1.34155e+11
2.89028e+07,248392,5.56596e+06,6.72988e+10,-1.3405e+11
2.89068e+07,247763,5.56635e+06,6.75084e+10,-1.33944e+11
2.89107e+07,247134,5.56674e+06,6.77178e+10,-1.33839e+11
2.89147e+07,246505,5.56712e+06,6.79271e+10,-1.33732e+11
2.89186e+07,245877,5.56751e+06,6.81362e+10,-1.33626e+11
2.89225e+07,245250,5.56789e+06,6.83452e+10,-1.33519e+11
2.89265e+07,244622,5.56827e+06,6.85539e+10,-1.33412e+11
2.89304e+07,243996,5.56866e+06,6.87625e+10,-1.33305e+11
2.89344e+07,243370,5.56904e+06,6.8971e+10,-1.33197e+11
2.89383e+07,242744,5.56942e+06,6.91792e+10,-1.33089e+11
2.89423e+07,242119,5.5698e+06,6.93873e+10,-1.32981e+11
2.89462e+07,241495,5.57018e+06,6.95953e+10,-1.32872e+11
2.89502e+07,240871,5.57055e+06,6.9803e+10,-1.32763e+11
2.89541e+07,240247,5.57093e+06,7.00106e+10,-1.32654e+11
2.8958e+07,239624,5.5713e+06,7.0218e+10,-1.32544e+11
2.8962e+07,239002,5.57168e+06,7.04253e+10,-1.32434e+11
2.89659e+07,238380,5.57205e+06,7.06324e+10,-1.32324e+11
2.89699e+07,237758,5.57242e+06,7.08393e+10,-1.32213e+11
2.89738e+07,237138,5.5728e+06,7.1046e+10,-1.32102e+11
2.89778e+07,236517,5.57317e+06,7.12525e+10,-1.31991e+11
2.89817e+07,235897,5.57354e+06,7.14589e+10,-1.31879e+11
2.89857e+07,235278,5.5739e+06,7.16651e+10,-1.31767e+11
2.89896e+07,234659,5.57427e+06,7.18712e+10,-1.31655e+11
2.89935e+07,234041,5.57464e+06,7.2077e+10,-1.31542e+11
2.89975e+07,233423,5.575e+06,7.22827e+10,-1.3143e+11
2.90014e+07,232806,5.57537e+06,7.24882e+10,-1.31316e+11
2.90054e+07,232189,5.57573e+06,7.26935e+10,-1.31203e+11
2.90093e+07,231573,5.57609e+06,7.28987e+10,-1.31089e+11
2.90133e+07,230958,5.57646e+06,7.31036e+10,-1.30975e+11
2.90172e+07,230342,5.57682e+06,7.33084e+10,-1.3086e+11
2.90212e+07,229728,5.57718e+06,7.3513e+10,-1.30745e+11
2.90251e+07,229114,5.57754e+06,7.37174e+10,-1.3063e+11
2.9029e+07,228500,5.57789e+06,7.39217e+10,-1.30515e+11
2.9033e+07,227888,5.57825e+06,7.41258e+10,-1.30399e+11
2.90369e+07,227275,5.57861e+06,7.43296e+10,-1.30283e+11
2.90409e+07,226663,5.57896e+06,7.45334e+10,-1.30166e+11
2.90448e+07,226052,5.57932e+06,7.47369e+10,-1.3005e+11
2.90488e+07,225441,5.57967e+06,7.49402e+10,-1.29933e+11
2.90527e+07,224831,5.58002e+06,7.51434e+10,-1.29815e+11
2.90567e+07,224222,5.58037e+06,7.53463e+10,-1.29698e+11
2.90606e+07,223612,5.58072e+06,7.55491e+10,-1.2958e+11
2.90645e+07,223004,5.58107e+06,7.57517e+10,-1.29461e+11
2.90685e+07,222396,5.58142e+06,7.59541e+10,-1.29343e+11
2.90724e+07,221789,5.58177e+06,7.61564e+10,-1.29224e+11
2.90764e+07,221182,5.58211e+06,7.63584e+10,-1.29104e+11
2.90803e+07,220575,5.58246e+06,7.65603e+10,-1.28985e+11
2.90843e+07,219970,5.5828e+06,7.6762e+10,-1.28865e+11
2.90882e+07,219365,5.58315e+06,7.69634e+10,-1.28745e+11
2.90922e+07,218760,5.58349e+06,7.71647e+10,-1.28624e+11
2.90961e+07,218156,5.58383e+06,7.73658e+10,-1.28503e+11
2.91001e+07,217553,5.58417e+06,7.75668e+10,-1.28382e+11
2.9104e+07,216950,5.58451e+06,7.77675e+10,-1.28261e+11
2.91079e+07,216347,5.58485e+06,7.7968e+10,-1.28139e+11
2.91119e+07,215746,5.58519e+06,7.81684e+10,-1.28017e+11
2.91158e+07,215144,5.58553e+06,7.83685e+10,-1.27894e+11
2.91198e+07,214544,5.58586e+06,7.85685e+10,-1.27771e+11
2.91237e+07,213944,5.5862e+06,7.87682e+10,-1.27648e+11
2.91277e+07,213344,5.58653e+06,7.89678e+10,-1.27525e+11
2.91316e+07,212746,5.58687e+06,7.91672e+10,-1.27401e+11
2.91356e+07,212147,5.5872e+06,7.93664e+10,-1.27277e+11
2.91395e+07,211550,5.58753e+06,7.95654e+10,-1.27153e+11
2.91434e+07,210953,5.58786e+06,7.97642e+10,-1.27028e+11
2.91474e+07,210356,5.58819e+06,7.99628e+10,-1.26904e+11
2.91513e+07,209760,5.58852e+06,8.01612e+10,-1.26778e+11
2.91553e+07,209165,5.58884e+06,8.03594e+10,-1.26653e+11
2.91592e+07,208570,5.58917e+06,8.05575e+10,-1.26527e+11
2.91632e+07,207976,5.5895e+06,8.07553e+10,-1.26401e+11
2.91671e+07,207382,5.58982e+06,8.09529e+10,-1.26274e+11
2.91711e+07,206789,5.59015e+06,8.11503e+10,-1.26147e+11
2.9175e+07,206197,5.59047e+06,8.13476e+10,-1.2602e+11
2.91789e+07,205605,5.59079e+06,8.15446e+10,-1.25893e+11
2.91829e+07,205014,5.59111e+06,8.17414e+10,-1.25765e+11
2.91868e+07,204423,5.59143e+06,8.1938e+10,-1.25637e+11
2.91908e+07,203833,5.59175e+06,8.21345e+10,-1.25509e+11
2.91947e+07,203244,5.59207e+06,8.23307e+10,-1.2538e+11
2.91987e+07,202655,5.59239e+06,8.25267e+10,-1.25251e+11
2.92026e+07,202067,5.5927e+06,8.27225e+10,-1.25122e+11
2.92066e+07,201480,5.59302e+06,8.29182e+10,-1.24993e+11
2.92105e+07,200893,5.59333e+06,8.31136e+10,-1.24863e+11
2.92144e+07,200306,5.59365e+06,8.33088e+10,-1.24733e+11
2.92184e+07,199721,5.59396e+06,8.35038e+10,-1.24602e+11
2.92223e+07,199136,5.59427e+06,8.36986e+10,-1.24471e+11
2.92263e+07,198551,5.59458e+06,8.38932e+10,-1.2434e+11
2.92302e+07,197967,5.59489e+06,8.40876e+10,-1.24209e+11
2.92342e+07,197384,5.5952e+06,8.42818e+10,-1.24077e+11
2.92381e+07,196801,5.59551e+06,8.44758e+10,-1.23945e+11
2.92421e+07,196219,5.59582e+06,8.46696e+10,-1.23813e+11
2.9246e+07,195638,5.59613e+06,8.48631e+10,-1.2368e+11
2.925e+07,195057,5.59643e+06,8.50565e+10,-1.23547e+11
2.92539e+07,194477,5.59674e+06,8.52497e+10,-1.23414e+11
2.92578e+07,193897,5.59704e+06,8.54426e+10,-1.23281e+11
2.92618e+07,193319,5.59734e+06,8.56353e+10,-1.23147e+11
2.92657e+07,192740,5.59764e+06,8.58279e+10,-1.23013e+11
2.92697e+07,192163,5.59795e+06,8.60202e+10,-1.22879e+11
2.92736e+07,191586,5.59825e+06,8.62123e+10,-1.22744e+11
2.92776e+07,191009,5.59854e+06,8.64042e+10,-1.22609e+11
2.92815e+07,190434,5.59884e+06,8.65959e+10,-1.22474e+11
2.92855e+07,189859,5.59914e+06,8.67874e+10,-1.22338e+11
2.92894e+07,189284,5.59944e+06,8.69786e+10,-1.22202e+11
2.92933e+07,188710,5.59973e+06,8.71697e+10,-1.22066e+11
2.92973e+07,188137,5.60003e+06,8.73605e+10,-1.21929e+11
2.93012e+07,187565,5.60032e+06,8.75511e+10,-1.21793e+11
2.93052e+07,186993,5.60061e+06,8.77415e+10,-1.21655e+11
2.93091e+07,186421,5.60091e+06,8.79317e+10,-1.21518e+11
2.93131e+07,185851,5.6012e+06,8.81217e+10,-1.2138e+11
2.9317e+07,185281,5.60149e+06,8.83115e+10,-1.21242e+11
2.9321e+07,184712,5.60178e+06,8.8501e+10,-1.21104e+11
2.93249e+07,184143,5.60207e+06,8.86903e+10,-1.20965e+11
2.93288e+07,183575,5.60235e+06,8.88795e+10,-1.20827e+11
2.93328e+07,183008,5.60264e+06,8.90684e+10,-1.20687e+11
2.93367e+07,182441,5.60293e+06,8.9257e+10,-1.20548e+11
2.93407e+07,181875,5.60321e+06,8.94455e+10,-1.20408e+11
2.93446e+07,181309,5.60349e+06,8.96337e+10,-1.20268e+11
2.93486e+07,180745,5.60378e+06,8.98217e+10,-1.20128e+11
2.93525e+07,180181,5.60406e+06,9.00095e+10,-1.19987e+11
2.93565e+07,179617,5.60434e+06,9.01971e+10,-1.19846e+11
2.93604e+07,179055,5.60462e+06,9.03845e+10,-1.19705e+11
2.93643e+07,178493,5.6049e+06,9.05716e+10,-1.19563e+11
2.93683e+07,177931,5.60518e+06,9.07585e+10,-1.19422e+11
2.93722e+07,177370,5.60546e+06,9.09452e+10,-1.1928e+11
2.93762e+07,176810,5.60574e+06,9.11317e+10,-1.19137e+11
2.93801e+07,176251,5.60601e+06,9.1318e+10,-1.18994e+11
2.93841e+07,175692,5.60629e+06,9.1504e+10,-1.18851e+11
2.9388e+07,175134,5.60656e+06,9.16898e+10,-1.18708e+11
2.9392e+07,174577,5.60683e+06,9.18754e+10,-1.18565e+11
2.93959e+07,174020,5.60711e+06,9.20607e+10,-1.18421e+11
2.93998e+07,173464,5.60738e+06,9.22459e+10,-1.18277e+11
2.94038e+07,172909,5.60765e+06,9.24308e+10,-1.18132e+11
2.94077e+07,172354,5.60792e+06,9.26154e+10,-1.17987e+11
2.94117e+07,171800,5.60819e+06,9.27999e+10,-1.17842e+11
2.94156e+07,171247,5.60846e+06,9.29841e+10,-1.17697e+11
2.94196e+07,170694,5.60872e+06,9.31681e+10,-1.17552e+11
2.94235e+07,170142,5.60899e+06,9.33519e+10,-1.17406e+11
2.94275e+07,169591,5.60926e+06,9.35354e+10,-1.1726e+11
2.94314e+07,169040,5.60952e+06,9.37187e+10,-1.17113e+11
2.94354e+07,168490,5.60979e+06,9.39018e+10,-1.16966e+11
2.94393e+07,167941,5.61005e+06,9.40846e+10,-1.16819e+11
2.94432e+07,167393,5.61031e+06,9.42673e+10,-1.16672e+11
2.94472e+07,166845,5.61057e+06,9.44497e+10,-1.16524e+11
2.94511e+07,166298,5.61083e+06,9.46318e+10,-1.16377e+11
2.94551e+07,165751,5.61109e+06,9.48137e+10,-1.16228e+11
2.9459e+07,165206,5.61135e+06,9.49954e+10,-1.1608e+11
2.9463e+07,164661,5.61161e+06,9.51769e+10,-1.15931e+11
2.94669e+07,164116,5.61187e+06,9.53581e+10,-1.15782e+11
2.94709e+07,163573,5.61212e+06,9.55391e+10,-1.15633e+11
2.94748e+07,163030,5.61238e+06,9.57199e+10,-1.15483e+11
2.94787e+07,162488,5.61263e+06,9.59004e+10,-1.15333e+11
2.94827e+07,161946,5.61289e+06,9.60807e+10,-1.15183e+11
2.94866e+07,161405,5.61314e+06,9.62608e+10,-1.15033e+11
2.94906e+07,160865,5.61339e+06,9.64406e+10,-1.14882e+11
2.94945e+07,160326,5.61364e+06,9.66202e+10,-1.14731e+11
2.94985e+07,159787,5.61389e+06,9.67995e+10,-1.1458e+11
2.95024e+07,159249,5.61414e+06,9.69786e+10,-1.14428e+11
2.95064e+07,158712,5.61439e+06,9.71575e+10,-1.14276e+11
2.95103e+07,158175,5.61464e+06,9.73362e+10,-1.14124e+11
2.95142e+07,157639,5.61489e+06,9.75146e+10,-1.13972e+11
2.95182e+07,157104,5.61513e+06,9.76927e+10,-1.13819e+11
2.95221e+07,156570,5.61538e+06,9.78706e+10,-1.13666e+11
2.95261e+07,156036,5.61562e+06,9.80483e+10,-1.13513e+11
2.953e+07,155503,5.61587e+06,9.82258e+10,-1.1336e+11
2.9534e+07,154971,5.61611e+06,9.8403e+10,-1.13206e+11
2.95379e+07,154440,5.61635e+06,9.85799e+10,-1.13052e+11
2.95419e+07,153909,5.61659e+06,9.87567e+10,-1.12897e+11
2.95458e+07,153379,5.61683e+06,9.89331e+10,-1.12743e+11
2.95497e+07,152849,5.61707e+06,9.91094e+10,-1.12588e+11
2.95537e+07,152321,5.61731e+06,9.92854e+10,-1.12433e+11
2.95576e+07,151793,5.61755e+06,9.94611e+10,-1.12277e+11
2.95616e+07,151266,5.61779e+06,9.96366e+10,-1.12122e+11
2.95655e+07,150739,5.61802e+06,9.98119e+10,-1.11966e+11
2.95695e+07,150214,5.61826e+06,9.99869e+10,-1.11809e+11
2.95734e+07,149689,5.61849e+06,1.00162e+11,-1.11653e+11
2.95774e+07,149165,5.61873e+06,1.00336e+11,-1.11496e+11
2.95813e+07,148641,5.61896e+06,1.00511e+11,-1.11339e+11
2.95852e+07,148118,5.61919e+06,1.00685e+11,-1.11182e+11
2.95892e+07,147596,5.61942e+06,1.00858e+11,-1.11024e+11
2.95931e+07,147075,5.61965e+06,1.01032e+11,-1.10866e+11
2.95971e+07,146555,5.61988e+06,1.01205e+11,-1.10708e+11
2.9601e+07,146035,5.62011e+06,1.01378e+11,-1.1055e+11
2.9605e+07,145516,5.62034e+06,1.01551e+11,-1.10391e+11
2.96089e+07,144998,5.62057e+06,1.01724e+11,-1.10232e+11
2.96129e+07,144480,5.62079e+06,1.01896e+11,-1.10073e+11
2.96168e+07,143963,5.62102e+06,1.02068e+11,-1.09913e+11
2.96208e+07,143447,5.62124e+06,1.0224e+11,-1.09753e+11
2.96247e+07,142932,5.62147e+06,1.02411e+11,-1.09593e+11
2.96286e+07,142418,5.62169e+06,1.02583e+11,-1.09433e+11
2.96326e+07,141904,5.62191e+06,1.02754e+11,-1.09272e+11
2.96365e+07,141391,5.62213e+06,1.02925e+11,-1.09111e+11
2.96405e+07,140878,5.62235e+06,1.03095e+11,-1.0895e+11
2.96444e+07,140367,5.62257e+06,1.03265e+11,-1.08789e+11
2.96484e+07,139856,5.62279e+06,1.03435e+11,-1.08627e+11
2.96523e+07,139346,5.62301e+06,1.03605e+11,-1.08465e+11
2.96563e+07,138837,5.62323e+06,1.03775e+11,-1.08303e+11
2.96602e+07,138329,5.62345e+06,1.03944e+11,-1.08141e+11
2.96641e+07,137821,5.62366e+06,1.04113e+11,-1.07978e+11
2.96681e+07,137314,5.62388e+06,1.04282e+11,-1.07815e+11
2.9672e+07,136808,5.62409e+06,1.0445e+11,-1.07652e+11
2.9676e+07,136302,5.62431e+06,1.04619e+11,-1.07488e+11
2.96799e+07,135798,5.62452e+06,1.04787e+11,-1.07324e+11
2.96839e+07,135294,5.62473e+06,1.04954e+11,-1.0716e+11
2.96878e+07,134791,5.62494e+06,1.05122e+11,-1.06996e+11
2.96918e+07,134289,5.62515e+06,1.05289e+11,-1.06832e+11
2.96957e+07,133787,5.62536e+06,1.05456e+11,-1.06667e+11
2.96996e+07,133286,5.62557e+06,1.05623e+11,-1.06502e+11
2.97036e+07,132786,5.62578e+06,1.05789e+11,-1.06336e+11
2.97075e+07,132287,5.62599e+06,1.05956e+11,-1.06171e+11
2.97115e+07,131789,5.62619e+06,1.06121e+11,-1.06005e+11
2.97154e+07,131291,5.6264e+06,1.06287e+11,-1.05839e+11
2.97194e+07,130794,5.6266e+06,1.06453e+11,-1.05672e+11
2.97233e+07,130298,5.62681e+06,1.06618e+11,-1.05506e+11
2.97273e+07,129803,5.62701e+06,1.06783e+11,-1.05339e+11
2.97312e+07,129308,5.62721e+06,1.06947e+11,-1.05172e+11
2.97351e+07,128815,5.62741e+06,1.07112e+11,-1.05004e+11
2.97391e+07,128322,5.62762e+06,1.07276e+11,-1.04837e+11
2.9743e+07,127829,5.62782e+06,1.0744e+11,-1.04669e+11
2.9747e+07,127338,5.62802e+06,1.07603e+11,-1.045e+11
2.97509e+07,126847,5.62821e+06,1.07767e+11,-1.04332e+11
2.97549e+07,126358,5.62841e+06,1.0793e+11,-1.04163e+11
2.97588e+07,125869,5.62861e+06,1.08093e+11,-1.03994e+11
2.97628e+07,125380,5.62881e+06,1.08255e+11,-1.03825e+11
2.97667e+07,124893,5.629e+06,1.08417e+11,-1.03656e+11
2.97707e+07,124406,5.6292e+06,1.08579e+11,-1.03486e+11
2.97746e+07,123921,5.62939e+06,1.08741e+11,-1.03316e+11
2.97785e+07,123436,5.62958e+06,1.08903e+11,-1.03146e+11
2.97825e+07,122951,5.62978e+06,1.09064e+11,-1.02975e+11
2.97864e+07,122468,5.62997e+06,1.09225e+11,-1.02805e+11
2.97904e+07,121985,5.63016e+06,1.09385e+11,-1.02634e+11
2.97943e+07,121504,5.63035e+06,1.09546e+11,-1.02462e+11
2.97983e+07,121023,5.63054e+06,1.09706e+11,-1.02291e+11
2.98022e+07,120542,5.63073e+06,1.09866e+11,-1.02119e+11
2.98062e+07,120063,5.63092e+06,1.10025e+11,-1.01947e+11
2.98101e+07,119585,5.63111e+06,1.10185e+11,-1.01775e+11
2.9814e+07,119107,5.63129e+06,1.10344e+11,-1.01603e+11
2.9818e+07,118630,5.63148e+06,1.10503e+11,-1.0143e+11
2.98219e+07,118154,5.63166e+06,1.10661e+11,-1.01257e+11
2.98259e+07,117678,5.63185e+06,1.10819e+11,-1.01084e+11
2.98298e+07,117204,5.63203e+06,1.10977e+11,-1.0091e+11
2.98338e+07,116730,5.63221e+06,1.11135e+11,-1.00736e+11
2.98377e+07,116257,5.6324e+06,1.11293e+11,-1.00562e+11
2.98417e+07,115785,5.63258e+06,1.1145e+11,-1.00388e+11
2.98456e+07,115314,5.63276e+06,1.11607e+11,-1.00214e+11
2.98495e+07,114844,5.63294e+06,1.11763e+11,-1.00039e+11
2.98535e+07,114374,5.63312e+06,1.1192e+11,-9.98642e+10
2.98574e+07,113905,5.6333e+06,1.12076e+11,-9.9689e+10
2.98614e+07,113437,5.63347e+06,1.12232e+11,-9.95136e+10
2.98653e+07,112970,5.63365e+06,1.12387e+11,-9.93379e+10
2.98693e+07,112504,5.63383e+06,1.12542e+11,-9.9162e+10
2.98732e+07,112038,5.634e+06,1.12697e+11,-9.89858e+10
2.98772e+07,111574,5.63418e+06,1.12852e+11,-9.88094e+10
2.98811e+07,111110,5.63435e+06,1.13006e+11,-9.86328e+10
2.9885e+07,110647,5.63453e+06,1.13161e+11,-9.84559e+10
2.9889e+07,110185,5.6347e+06,1.13314e+11,-9.82788e+10
2.98929e+07,109723,5.63487e+06,1.13468e+11,-9.81014e+10
2.98969e+07,109263,5.63504e+06,1.13621e+11,-9.79238e+10
2.99008e+07,108803,5.63521e+06,1.13774e+11,-9.7746e+10
2.99048e+07,108344,5.63538e+06,1.13927e+11,-9.75679e+10
2.99087e+07,107886,5.63555e+06,1.1408e+11,-9.73896e+10
2.99127e+07,107429,5.63572e+06,1.14232e+11,-9.7211e+10
2.99166e+07,106973,5.63589e+06,1.14384e+11,-9.70322e+10
2.99205e+07,106518,5.63605e+06,1.14535e+11,-9.68532e+10
2.99245e+07,106063,5.63622e+06,1.14687e+11,-9.66739e+10
2.99284e+07,105609,5.63639e+06,1.14838e+11,-9.64944e+10
2.99324e+07,105156,5.63655e+06,1.14989e+11,-9.63147e+10
2.99363e+07,104704,5.63672e+06,1.15139e+11,-9.61347e+10
2.99403e+07,104253,5.63688e+06,1.15289e+11,-9.59545e+10
2.99442e+07,103802,5.63704e+06,1.15439e+11,-9.5774e+10
2.99482e+07,103353,5.6372e+06,1.15589e+11,-9.55933e+10
2.99521e+07,102904,5.63736e+06,1.15738e+11,-9.54124e+10
2.99561e+07,102456,5.63753e+06,1.15888e+11,-9.52313e+10
2.996e+07,102009,5.63768e+06,1.16036e+11,-9.50499e+10
2.99639e+07,101563,5.63784e+06,1.16185e+11,-9.48682e+10
2.99679e+07,101118,5.638e+06,1.16333e+11,-9.46864e+10
2.99718e+07,100673,5.63816e+06,1.16481e+11,-9.45043e+10
2.99758e+07,100230,5.63832e+06,1.16629e+11,-9.4322e+10
2.99797e+07,99787.2,5.63847e+06,1.16776e+11,-9.41395e+10
2.99837e+07,99345.3,5.63863e+06,1.16923e+11,-9.39567e+10
2.99876e+07,98904.3,5.63878e+06,1.1707e+11,-9.37737e+10
2.99916e+07,98464.1,5.63894e+06,1.17217e+11,-9.35904e+10
2.99955e+07,98024.9,5.63909e+06,1.17363e+11,-9.3407e+10
2.99994e+07,97586.4,5.63925e+06,1.17509e+11,-9.32233e+10
3.00034e+07,97148.9,5.6394e+06,1.17655e+11,-9.30394e+10
3.00073e+07,96712.2,5.63955e+06,1.178e+11,-9.28552e+10
3.00113e+07,96276.4,5.6397e+06,1.17945e+11,-9.26708e+10
3.00152e+07,95841.4,5.63985e+06,1.1809e+11,-9.24862e+10
3.00192e+07,95407.3,5.64e+06,1.18235e+11,-9.23014e+10
3.00231e+07,94974.1,5.64015e+06,1.18379e+11,-9.21164e+10
3.00271e+07,94541.7,5.6403e+06,1.18523e+11,-9.19311e+10
3.0031e+07,94110.2,5.64045e+06,1.18666e+11,-9.17456e+10
3.00349e+07,93679.6,5.64059e+06,1.1881e+11,-9.15599e+10
3.00389e+07,93249.9,5.64074e+06,1.18953e+11,-9.13739e+10
3.00428e+07,92821,5.64088e+06,1.19096e+11,-9.11877e+10
3.00468e+07,92393,5.64103e+06,1.19238e+11,-9.10013e+10
3.00507e+07,91965.9,5.64117e+06,1.1938e+11,-9.08147e+10
3.00547e+07,91539.7,5.64132e+06,1.19522e+11,-9.06279e+10
3.00586e+07,91114.3,5.64146e+06,1.19664e+11,-9.04408e+10
3.00626e+07,90689.9,5.6416e+06,1.19805e+11,-9.02535e+10
3.00665e+07,90266.3,5.64174e+06,1.19946e+11,-9.0066e+10
3.00704e+07,89843.5,5.64188e+06,1.20087e+11,-8.98783e+10
3.00744e+07,89421.7,5.64202e+06,1.20227e+11,-8.96903e+10
3.00783e+07,89000.8,5.64216e+06,1.20368e+11,-8.95022e+10
3.00823e+07,88580.7,5.6423e+06,1.20507e+11,-8.93138e+10
3.00862e+07,88161.5,5.64244e+06,1.20647e+11,-8.91252e+10
3.00902e+07,87743.2,5.64258e+06,1.20786e+11,-8.89364e+10
3.00941e+07,87325.8,5.64272e+06,1.20925e+11,-8.87473e+10
3.00981e+07,86909.3,5.64285e+06,1.21064e+11,-8.85581e+10
3.0102e+07,86493.7,5.64299e+06,1.21202e+11,-8.83686e+10
3.0106e+07,86078.9,5.64312e+06,1.2134e+11,-8.81789e+10
3.01099e+07,85665.1,5.64326e+06,1.21478e+11,-8.7989e+10
3.01138e+07,85252.1,5.64339e+06,1.21616e+11,-8.77989e+10
3.01178e+07,84840.1,5.64352e+06,1.21753e+11,-8.76085e+10
3.01217e+07,84428.9,5.64366e+06,1.2189e+11,-8.7418e+10
3.01257e+07,84018.6,5.64379e+06,1.22026e+11,-8.72272e+10
3.01296e+07,83609.3,5.64392e+06,1.22163e+11,-8.70362e+10
3.01336e+07,83200.8,5.64405e+06,1.22299e+11,-8.6845e+10
3.01375e+07,82793.2,5.64418e+06,1.22434e+11,-8.66536e+10
3.01415e+07,82386.5,5.64431e+06,1.2257e+11,-8.6462e+10
3.01454e+07,81980.8,5.64444e+06,1.22705e+11,-8.62702e+10
3.01493e+07,81575.9,5.64456e+06,1.2284e+11,-8.60782e+10
3.01533e+07,81171.9,5.64469e+06,1.22974e+11,-8.58859e+10
3.01572e+07,80768.8,5.64482e+06,1.23108e+11,-8.56934e+10
3.01612e+07,80366.7,5.64494e+06,1.23242e+11,-8.55008e+10
3.01651e+07,79965.4,5.64507e+06,1.23376e+11,-8.53079e+10
3.01691e+07,79565.1,5.64519e+06,1.23509e+11,-8.51148e+10
3.0173e+07,79165.6,5.64532e+06,1.23642e+11,-8.49215e+10
3.0177e+07,78767.1,5.64544e+06,1.23775e+11,-8.4728e+10
3.01809e+07,78369.5,5.64556e+06,1.23907e+11,-8.45343e+10
3.01848e+07,77972.8,5.64569e+06,1.24039e+11,-8.43404e+10
3.01888e+07,77577,5.64581e+06,1.24171e+11,-8.41463e+10
3.01927e+07,77182.1,5.64593e+06,1.24303e+11,-8.39519e+10
3.01967e+07,76788.1,5.64605e+06,1.24434e+11,-8.37574e+10
3.02006e+07,76395,5.64617e+06,1.24565e+11,-8.35627e+10
3.02046e+07,76002.9,5.64629e+06,1.24695e+11,-8.33677e+10
3.02085e+07,75611.7,5.64641e+06,1.24825e+11,-8.31726e+10
3.02125e+07,75221.3,5.64653e+06,1.24955e+11,-8.29772e+10
3.02164e+07,74831.9,5.64664e+06,1.25085e+11,-8.27817e+10
3.02203e+07,74443.5,5.64676e+06,1.25214e+11,-8.25859e+10
3.02243e+07,74055.9,5.64688e+06,1.25343e+11,-8.23899e+10
3.02282e+07,73669.3,5.64699e+06,1.25472e+11,-8.21938e+10
3.02322e+07,73283.6,5.64711e+06,1.25601e+11,-8.19974e+10
3.02361e+07,72898.8,5.64722e+06,1.25729e+11,-8.18009e+10
3.02401e+07,72514.9,5.64733e+06,1.25856e+11,-8.16041e+10
3.0244e+07,72132,5.64745e+06,1.25984e+11,-8.14071e+10
3.0248e+07,71750,5.64756e+06,1.26111e+11,-8.121e+10
3.02519e+07,71368.9,5.64767e+06,1.26238e+11,-8.10126e+10
3.02558e+07,70988.7,5.64778e+06,1.26365e+11,-8.08151e+10
3.02598e+07,70609.5,5.64789e+06,1.26491e+11,-8.06173e+10
3.02637e+07,70231.2,5.648e+06,1.26617e+11,-8.04194e+10
3.02677e+07,69853.8,5.64811e+06,1.26742e+11,-8.02212e+10
3.02716e+07,69477.4,5.64822e+06,1.26868e+11,-8.00229e+10
3.02756e+07,69101.9,5.64833e+06,1.26993e+11,-7.98243e+10
3.02795e+07,68727.3,5.64844e+06,1.27118e+11,-7.96256e+10
3.02835e+07,68353.6,5.64855e+06,1.27242e+11,-7.94266e+10
3.02874e+07,67980.9,5.64865e+06,1.27366e+11,-7.92275e+10
3.02914e+07,67609.2,5.64876e+06,1.2749e+11,-7.90282e+10
3.02953e+07,67238.3,5.64886e+06,1.27613e+11,-7.88287e+10
3.02992e+07,66868.4,5.64897e+06,1.27736e+11,-7.8629e+10
3.03032e+07,66499.5,5.64907e+06,1.27859e+11,-7.84291e+10
3.03071e+07,66131.5,5.64918e+06,1.27982e+11,-7.8229e+10
3.03111e+07,65764.4,5.64928e+06,1.28104e+11,-7.80287e+10
3.0315e+07,65398.2,5.64938e+06,1.28226e+11,-7.78282e+10
3.0319e+07,65033.1,5.64949e+06,1.28348e+11,-7.76276e+10
3.03229e+07,64668.8,5.64959e+06,1.28469e+11,-7.74267e+10
3.03269e+07,64305.5,5.64969e+06,1.2859e+11,-7.72257e+10
3.03308e+07,63943.1,5.64979e+06,1.2871e+11,-7.70244e+10
3.03347e+07,63581.7,5.64989e+06,1.28831e+11,-7.6823e+10
3.03387e+07,63221.3,5.64999e+06,1.28951e+11,-7.66214e+10
3.03426e+07,62861.7,5.65009e+06,1.2907e+11,-7.64196e+10
3.03466e+07,62503.2,5.65018e+06,1.2919e+11,-7.62176e+10
3.03505e+07,62145.5,5.65028e+06,1.29309e+11,-7.60155e+10
3.03545e+07,61788.9,5.65038e+06,1.29428e+11,-7.58131e+10
3.03584e+07,61433.1,5.65047e+06,1.29546e+11,-7.56106e+10
3.03624e+07,61078.4,5.65057e+06,1.29664e+11,-7.54078e+10
3.03663e+07,60724.6,5.65067e+06,1.29782e+11,-7.52049e+10
3.03702e+07,60371.7,5.65076e+06,1.29899e+11,-7.50018e+10
3.03742e+07,60019.8,5.65085e+06,1.30017e+11,-7.47986e+10
3.03781e+07,59668.8,5.65095e+06,1.30133e+11,-7.45951e+10
3.03821e+07,59318.8,5.65104e+06,1.3025e+11,-7.43914e+10
3.0386e+07,58969.8,5.65113e+06,1.30366e+11,-7.41876e+10
3.039e+07,58621.7,5.65123e+06,1.30482e+11,-7.39836e+10
3.03939e+07,58274.6,5.65132e+06,1.30598e+11,-7.37794e+10
3.03979e+07,57928.4,5.65141e+06,1.30713e+11,-7.35751e+10
3.04018e+07,57583.2,5.6515e+06,1.30828e+11,-7.33705e+10
3.04057e+07,57239,5.65159e+06,1.30943e+11,-7.31658e+10
3.04097e+07,56895.7,5.65168e+06,1.31057e+11,-7.29609e+10
3.04136e+07,56553.4,5.65177e+06,1.31171e+11,-7.27558e+10
3.04176e+07,56212,5.65185e+06,1.31284e+11,-7.25505e+10
3.04215e+07,55871.7,5.65194e+06,1.31398e+11,-7.23451e+10
3.04255e+07,55532.2,5.65203e+06,1.31511e+11,-7.21395e+10
3.04294e+07,55193.8,5.65212e+06,1.31623e+11,-7.19337e+10
3.04334e+07,54856.3,5.6522e+06,1.31736e+11,-7.17277e+10
3.04373e+07,54519.8,5.65229e+06,1.31848e+11,-7.15215e+10
3.04412e+07,54184.2,5.65237e+06,1.3196e+11,-7.13152e+10
3.04452e+07,53849.6,5.65246e+06,1.32071e+11,-7.11087e+10
3.04491e+07,53516,5.65254e+06,1.32182e+11,-7.09021e+10
3.04531e+07,53183.4,5.65262e+06,1.32293e+11,-7.06952e+10
3.0457e+07,52851.7,5.65271e+06,1.32403e+11,-7.04882e+10
3.0461e+07,52521,5.65279e+06,1.32513e+11,-7.0281e+10
3.04649e+07,52191.3,5.65287e+06,1.32623e+11,-7.00737e+10
3.04689e+07,51862.6,5.65295e+06,1.32733e+11,-6.98661e+10
3.04728e+07,51534.8,5.65303e+06,1.32842e+11,-6.96584e+10
3.04768e+07,51208,5.65311e+06,1.32951e+11,-6.94505e+10
3.04807e+07,50882.2,5.65319e+06,1.33059e+11,-6.92425e+10
3.04846e+07,50557.3,5.65327e+06,1.33167e+11,-6.90343e+10
3.04886e+07,50233.5,5.65335e+06,1.33275e+11,-6.88259e+10
3.04925e+07,49910.6,5.65343e+06,1.33382e+11,-6.86174e+10
3.04965e+07,49588.7,5.65351e+06,1.3349e+11,-6.84086e+10
3.05004e+07,49267.8,5.65358e+06,1.33596e+11,-6.81997e+10
3.05044e+07,48947.8,5.65366e+06,1.33703e+11,-6.79907e+10
3.05083e+07,48628.9,5.65374e+06,1.33809e+11,-6.77815e+10
3.05123e+07,48310.9,5.65381e+06,1.33915e+11,-6.75721e+10
3.05162e+07,47993.9,5.65389e+06,1.34021e+11,-6.73625e+10
3.05201e+07,47677.9,5.65396e+06,1.34126e+11,-6.71528e+10
3.05241e+07,47362.9,5.65404e+06,1.34231e+11,-6.69429e+10
3.0528e+07,47048.9,5.65411e+06,1.34335e+11,-6.67329e+10
3.0532e+07,46735.8,5.65419e+06,1.34439e+11,-6.65227e+10
3.05359e+07,46423.8,5.65426e+06,1.34543e+11,-6.63123e+10
3.05399e+07,46112.7,5.65433e+06,1.34647e+11,-6.61018e+10
3.05438e+07,45802.6,5.6544e+06,1.3475e+11,-6.58911e+10
3.05478e+07,45493.5,5.65447e+06,1.34853e+11,-6.56802e+10
3.05517e+07,45185.4,5.65455e+06,1.34956e+11,-6.54692e+10
3.05556e+07,44878.3,5.65462e+06,1.35058e+11,-6.52581e+10
3.05596e+07,44572.2,5.65469e+06,1.3516e+11,-6.50467e+10
3.05635e+07,44267.1,5.65475e+06,1.35261e+11,-6.48352e+10
3.05675e+07,43963,5.65482e+06,1.35363e+11,-6.46236e+10
3.05714e+07,43659.8,5.65489e+06,1.35464e+11,-6.44118e+10
3.05754e+07,43357.7,5.65496e+06,1.35564e+11,-6.41998e+10
3.05793e+07,43056.6,5.65503e+06,1.35664e+11,-6.39877e+10
3.05833e+07,42756.4,5.6551e+06,1.35764e+11,-6.37754e+10
3.05872e+07,42457.3,5.65516e+06,1.35864e+11,-6.3563e+10
3.05911e+07,42159.1,5.65523e+06,1.35963e+11,-6.33504e+10
3.05951e+07,41862,5.65529e+06,1.36062e+11,-6.31376e+10
3.0599e+07,41565.8,5.65536e+06,1.36161e+11,-6.29247e+10
3.0603e+07,41270.7,5.65542e+06,1.36259e+11,-6.27116e+10
3.06069e+07,40976.5,5.65549e+06,1.36357e+11,-6.24984e+10
3.06109e+07,40683.4,5.65555e+06,1.36455e+11,-6.22851e+10
3.06148e+07,40391.3,5.65562e+06,1.36552e+11,-6.20716e+10
3.06188e+07,40100.1,5.65568e+06,1.36649e+11,-6.18579e+10
3.06227e+07,39810,5.65574e+06,1.36745e+11,-6.16441e+10
3.06267e+07,39520.9,5.6558e+06,1.36842e+11,-6.14301e+10
3.06306e+07,39232.7,5.65586e+06,1.36938e+11,-6.1216e+10
3.06345e+07,38945.6,5.65593e+06,1.37033e+11,-6.10017e+10
3.06385e+07,38659.5,5.65599e+06,1.37128e+11,-6.07873e+10
3.06424e+07,38374.4,5.65605e+06,1.37223e+11,-6.05727e+10
3.06464e+07,38090.3,5.65611e+06,1.37318e+11,-6.0358e+10
3.06503e+07,37807.2,5.65617e+06,1.37412e+11,-6.01431e+10
3.06543e+07,37525.2,5.65622e+06,1.37506e+11,-5.99281e+10
3.06582e+07,37244.1,5.65628e+06,1.376e+11,-5.9713e+10
3.06622e+07,36964,5.65634e+06,1.37693e+11,-5.94977e+10
3.06661e+07,36685,5.6564e+06,1.37786e+11,-5.92822e+10
3.067e+07,36407,5.65646e+06,1.37878e+11,-5.90666e+10
3.0674e+07,36130,5.65651e+06,1.37971e+11,-5.88509e+10
3.06779e+07,35854,5.65657e+06,1.38063e+11,-5.8635e+10
3.06819e+07,35579,5.65662e+06,1.38154e+11,-5.8419e+10
3.06858e+07,35305,5.65668e+06,1.38245e+11,-5.82028e+10
3.06898e+07,35032,5.65674e+06,1.38336e+11,-5.79865e+10
3.06937e+07,34760.1,5.65679e+06,1.38427e+11,-5.777e+10
3.06977e+07,34489.2,5.65684e+06,1.38517e+11,-5.75534e+10
3.07016e+07,34219.3,5.6569e+06,1.38607e+11,-5.73367e+10
3.07055e+07,33950.4,5.65695e+06,1.38696e+11,-5.71198e+10
3.07095e+07,33682.5,5.657e+06,1.38786e+11,-5.69028e+10
3.07134e+07,33415.7,5.65706e+06,1.38874e+11,-5.66857e+10
3.07174e+07,33149.9,5.65711e+06,1.38963e+11,-5.64684e+10
3.07213e+07,32885.1,5.65716e+06,1.39051e+11,-5.62509e+10
3.07253e+07,32621.3,5.65721e+06,1.39139e+11,-5.60334e+10
3.07292e+07,32358.5,5.65726e+06,1.39226e+11,-5.58157e+10
3.07332e+07,32096.8,5.65731e+06,1.39314e+11,-5.55978e+10
3.07371e+07,31836.1,5.65736e+06,1.394e+11,-5.53798e+10
3.0741e+07,31576.4,5.65741e+06,1.39487e+11,-5.51617e+10
3.0745e+07,31317.7,5.65746e+06,1.39573e+11,-5.49435e+10
3.07489e+07,31060.1,5.65751e+06,1.39659e+11,-5.47251e+10
3.07529e+07,30803.5,5.65756e+06,1.39744e+11,-5.45066e+10
3.07568e+07,30547.9,5.65761e+06,1.39829e+11,-5.42879e+10
3.07608e+07,30293.3,5.65765e+06,1.39914e+11,-5.40691e+10
3.07647e+07,30039.8,5.6577e+06,1.39998e+11,-5.38502e+10
3.07687e+07,29787.3,5.65775e+06,1.40082e+11,-5.36312e+10
3.07726e+07,29535.8,5.65779e+06,1.40166e+11,-5.3412e+10
3.07765e+07,29285.4,5.65784e+06,1.4025e+11,-5.31927e+10
3.07805e+07,29036,5.65789e+06,1.40333e+11,-5.29732e+10
3.07844e+07,28787.6,5.65793e+06,1.40415e+11,-5.27537e+10
3.07884e+07,28540.2,5.65798e+06,1.40498e+11,-5.2534e+10
3.07923e+07,28293.9,5.65802e+06,1.4058e+11,-5.23141e+10
3.07963e+07,28048.6,5.65806e+06,1.40661e+11,-5.20942e+10
3.08002e+07,27804.4,5.65811e+06,1.40743e+11,-5.18741e+10
3.08042e+07,27561.2,5.65815e+06,1.40824e+11,-5.16539e+10
3.08081e+07,27319,5.65819e+06,1.40904e+11,-5.14335e+10
3.08121e+07,27077.8,5.65824e+06,1.40985e+11,-5.12131e+10
3.0816e+07,26837.7,5.65828e+06,1.41064e+11,-5.09925e+10
3.08199e+07,26598.7,5.65832e+06,1.41144e+11,-5.07718e+10
3.08239e+07,26360.6,5.65836e+06,1.41223e+11,-5.05509e+10
3.08278e+07,26123.6,5.6584e+06,1.41302e+11,-5.033e+10
3.08318e+07,25887.7,5.65844e+06,1.41381e+11,-5.01089e+10
3.08357e+07,25652.8,5.65848e+06,1.41459e+11,-4.98877e+10
3.08397e+07,25418.9,5.65852e+06,1.41537e+11,-4.96664e+10
3.08436e+07,25186,5.65856e+06,1.41614e+11,-4.94449e+10
3.08476e+07,24954.2,5.6586e+06,1.41692e+11,-4.92233e+10
3.08515e+07,24723.5,5.65864e+06,1.41768e+11,-4.90017e+10
3.08554e+07,24493.8,5.65868e+06,1.41845e+11,-4.87798e+10
3.08594e+07,24265.1,5.65872e+06,1.41921e+11,-4.85579e+10
3.08633e+07,24037.5,5.65876e+06,1.41997e+11,-4.83359e+10
3.08673e+07,23810.9,5.65879e+06,1.42072e+11,-4.81137e+10
3.08712e+07,23585.3,5.65883e+06,1.42147e+11,-4.78914e+10
3.08752e+07,23360.8,5.65887e+06,1.42222e+11,-4.7669e+10
3.08791e+07,23137.4,5.6589e+06,1.42297e+11,-4.74465e+10
3.08831e+07,22915,5.65894e+06,1.42371e+11,-4.72238e+10
3.0887e+07,22693.6,5.65898e+06,1.42444e+11,-4.70011e+10
3.08909e+07,22473.3,5.65901e+06,1.42518e+11,-4.67782e+10
3.08949e+07,22254,5.65905e+06,1.42591e+11,-4.65552e+10
3.08988e+07,22035.8,5.65908e+06,1.42663e+11,-4.63322e+10
3.09028e+07,21818.6,5.65911e+06,1.42736e+11,-4.61089e+10
3.09067e+07,21602.5,5.65915e+06,1.42808e+11,-4.58856e+10
3.09107e+07,21387.4,5.65918e+06,1.42879e+11,-4.56622e+10
3.09146e+07,21173.4,5.65922e+06,1.4295e+11,-4.54386e+10
3.09186e+07,20960.5,5.65925e+06,1.43021e+11,-4.5215e+10
3.09225e+07,20748.5,5.65928e+06,1.43092e+11,-4.49912e+10
3.09264e+07,20537.7,5.65931e+06,1.43162e+11,-4.47673e+10
3.09304e+07,20327.8,5.65935e+06,1.43232e+11,-4.45434e+10
3.09343e+07,20119.1,5.65938e+06,1.43301e+11,-4.43193e+10
3.09383e+07,19911.4,5.65941e+06,1.43371e+11,-4.40951e+10
3.09422e+07,19704.7,5.65944e+06,1.43439e+11,-4.38708e+10
3.09462e+07,19499.1,5.65947e+06,1.43508e+11,-4.36463e+10
3.09501e+07,19294.6,5.6595e+06,1.43576e+11,-4.34218e+10
3.09541e+07,19091.1,5.65953e+06,1.43644e+11,-4.31972e+10
3.0958e+07,18888.6,5.65956e+06,1.43711e+11,-4.29724e+10
3.0962e+07,18687.2,5.65959e+06,1.43778e+11,-4.27476e+10
3.09659e+07,18486.9,5.65962e+06,1.43845e+11,-4.25226e+10
3.09698e+07,18287.6,5.65965e+06,1.43911e+11,-4.22976e+10
3.09738e+07,18089.4,5.65968e+06,1.43977e+11,-4.20724e+10
3.09777e+07,17892.3,5.6597e+06,1.44043e+11,-4.18472e+10
3.09817e+07,17696.2,5.65973e+06,1.44108e+11,-4.16218e+10
3.09856e+07,17501.1,5.65976e+06,1.44173e+11,-4.13964e+10
3.09896e+07,17307.2,5.65979e+06,1.44238e+11,-4.11708e+10
3.09935e+07,17114.2,5.65981e+06,1.44302e+11,-4.09451e+10
3.09975e+07,16922.4,5.65984e+06,1.44366e+11,-4.07194e+10
3.10014e+07,16731.6,5.65987e+06,1.44429e+11,-4.04935e+10
3.10053e+07,16541.9,5.65989e+06,1.44492e+11,-4.02675e+10
3.10093e+07,16353.2,5.65992e+06,1.44555e+11,-4.00415e+10
3.10132e+07,16165.6,5.65994e+06,1.44618e+11,-3.98153e+10
3.10172e+07,15979,5.65997e+06,1.4468e+11,-3.95891e+10
3.10211e+07,15793.5,5.65999e+06,1.44742e+11,-3.93627e+10
3.10251e+07,15609.1,5.66002e+06,1.44803e+11,-3.91363e+10
3.1029e+07,15425.8,5.66004e+06,1.44864e+11,-3.89097e+10
3.1033e+07,15243.5,5.66007e+06,1.44925e+11,-3.86831e+10
3.10369e+07,15062.2,5.66009e+06,1.44985e+11,-3.84563e+10
3.10408e+07,14882.1,5.66011e+06,1.45045e+11,-3.82295e+10
3.10448e+07,14703,5.66014e+06,1.45105e+11,-3.80026e+10
3.10487e+07,14525,5.66016e+06,1.45164e+11,-3.77756e+10
3.10527e+07,14348,5.66018e+06,1.45223e+11,-3.75485e+10
3.10566e+07,14172.1,5.6602e+06,1.45281e+11,-3.73213e+10
3.10606e+07,13997.3,5.66023e+06,1.4534e+11,-3.7094e+10
3.10645e+07,13823.5,5.66025e+06,1.45398e+11,-3.68666e+10
3.10685e+07,13650.8,5.66027e+06,1.45455e+11,-3.66391e+10
3.10724e+07,13479.2,5.66029e+06,1.45512e+11,-3.64115e+10
3.10763e+07,13308.6,5.66031e+06,1.45569e+11,-3.61839e+10
3.10803e+07,13139.2,5.66033e+06,1.45625e+11,-3.59561e+10
3.10842e+07,12970.7,5.66035e+06,1.45681e+11,-3.57283e+10
3.10882e+07,12803.4,5.66037e+06,1.45737e+11,-3.55004e+10
3.10921e+07,12637.1,5.66039e+06,1.45793e+11,-3.52724e+10
3.10961e+07,12471.9,5.66041e+06,1.45848e+11,-3.50443e+10
3.11e+07,12307.8,5.66043e+06,1.45902e+11,-3.48161e+10
3.1104e+07,12144.7,5.66045e+06,1.45956e+11,-3.45879e+10
3.11079e+07,11982.8,5.66047e+06,1.4601e+11,-3.43595e+10
3.11118e+07,11821.8,5.66049e+06,1.46064e+11,-3.41311e+10
3.11158e+07,11662,5.66051e+06,1.46117e+11,-3.39026e+10
3.11197e+07,11503.2,5.66053e+06,1.4617e+11,-3.3674e+10
3.11237e+07,11345.6,5.66054e+06,1.46223e+11,-3.34453e+10
3.11276e+07,11188.9,5.66056e+06,1.46275e+11,-3.32166e+10
3.11316e+07,11033.4,5.66058e+06,1.46326e+11,-3.29877e+10
3.11355e+07,10878.9,5.6606e+06,1.46378e+11,-3.27588e+10
3.11395e+07,10725.5,5.66061e+06,1.46429e+11,-3.25298e+10
3.11434e+07,10573.2,5.66063e+06,1.4648e+11,-3.23007e+10
3.11474e+07,10422,5.66065e+06,1.4653e+11,-3.20716e+10
3.11513e+07,10271.8,5.66066e+06,1.4658e+11,-3.18423e+10
3.11552e+07,10122.7,5.66068e+06,1.4663e+11,-3.1613e+10
3.11592e+07,9974.74,5.66069e+06,1.46679e+11,-3.13836e+10
3.11631e+07,9827.81,5.66071e+06,1.46728e+11,-3.11541e+10
3.11671e+07,9681.97,5.66072e+06,1.46776e+11,-3.09246e+10
3.1171e+07,9537.19,5.66074e+06,1.46825e+11,-3.0695e+10
3.1175e+07,9393.5,5.66075e+06,1.46872e+11,-3.04653e+10
3.11789e+07,9250.89,5.66077e+06,1.4692e+11,-3.02355e+10
3.11829e+07,9109.36,5.66078e+06,1.46967e+11,-3.00056e+10
3.11868e+07,8968.9,5.6608e+06,1.47014e+11,-2.97757e+10
3.11907e+07,8829.53,5.66081e+06,1.4706e+11,-2.95457e+10
3.11947e+07,8691.24,5.66082e+06,1.47106e+11,-2.93157e+10
3.11986e+07,8554.03,5.66084e+06,1.47152e+11,-2.90855e+10
3.12026e+07,8417.9,5.66085e+06,1.47197e+11,-2.88553e+10
3.12065e+07,8282.85,5.66086e+06,1.47242e+11,-2.8625e+10
3.12105e+07,8148.88,5.66088e+06,1.47287e+11,-2.83947e+10
3.12144e+07,8016,5.66089e+06,1.47331e+11,-2.81643e+10
3.12184e+07,7884.2,5.6609e+06,1.47375e+11,-2.79338e+10
3.12223e+07,7753.48,5.66091e+06,1.47419e+11,-2.77032e+10
3.12262e+07,7623.84,5.66093e+06,1.47462e+11,-2.74726e+10
3.12302e+07,7495.29,5.66094e+06,1.47504e+11,-2.72419e+10
3.12341e+07,7367.83,5.66095e+06,1.47547e+11,-2.70112e+10
3.12381e+07,7241.44,5.66096e+06,1.47589e+11,-2.67803e+10
3.1242e+07,7116.14,5.66097e+06,1.47631e+11,-2.65495e+10
3.1246e+07,6991.93,5.66098e+06,1.47672e+11,-2.63185e+10
3.12499e+07,6868.8,5.66099e+06,1.47713e+11,-2.60875e+10
3.12539e+07,6746.76,5.66101e+06,1.47754e+11,-2.58564e+10
3.12578e+07,6625.8,5.66102e+06,1.47794e+11,-2.56253e+10
3.12617e+07,6505.93,5.66103e+06,1.47834e+11,-2.5394e+10
3.12657e+07,6387.15,5.66104e+06,1.47873e+11,-2.51628e+10
3.12696e+07,6269.45,5.66105e+06,1.47913e+11,-2.49314e+10
3.12736e+07,6152.84,5.66106e+06,1.47951e+11,-2.47e+10
3.12775e+07,6037.31,5.66106e+06,1.4799e+11,-2.44686e+10
3.12815e+07,5922.88,5.66107e+06,1.48028e+11,-2.42371e+10
3.12854e+07,5809.53,5.66108e+06,1.48066e+11,-2.40055e+10
3.12894e+07,5697.27,5.66109e+06,1.48103e+11,-2.37739e+10
3.12933e+07,5586.09,5.6611e+06,1.4814e+11,-2.35422e+10
3.12972e+07,5476.01,5.66111e+06,1.48177e+11,-2.33104e+10
3.13012e+07,5367.02,5.66112e+06,1.48213e+11,-2.30786e+10
3.13051e+07,5259.11,5.66113e+06,1.48249e+11,-2.28468e+10
3.13091e+07,5152.29,5.66113e+06,1.48285e+11,-2.26149e+10
3.1313e+07,5046.57,5.66114e+06,1.4832e+11,-2.23829e+10
3.1317e+07,4941.93,5.66115e+06,1.48355e+11,-2.21509e+10
3.13209e+07,4838.39,5.66116e+06,1.48389e+11,-2.19188e+10
3.13249e+07,4735.93,5.66117e+06,1.48423e+11,-2.16866e+10
3.13288e+07,4634.56,5.66117e+06,1.48457e+11,-2.14545e+10
3.13328e+07,4534.29,5.66118e+06,1.4849e+11,-2.12222e+10
3.13367e+07,4435.11,5.66119e+06,1.48523e+11,-2.09899e+10
3.13406e+07,4337.02,5.66119e+06,1.48556e+11,-2.07576e+10
3.13446e+07,4240.02,5.6612e+06,1.48588e+11,-2.05252e+10
3.13485e+07,4144.11,5.66121e+06,1.4862e+11,-2.02927e+10
3.13525e+07,4049.29,5.66121e+06,1.48652e+11,-2.00603e+10
3.13564e+07,3955.57,5.66122e+06,1.48683e+11,-1.98277e+10
3.13604e+07,3862.94,5.66123e+06,1.48714e+11,-1.95951e+10
3.13643e+07,3771.4,5.66123e+06,1.48744e+11,-1.93625e+10
3.13683e+07,3680.95,5.66124e+06,1.48774e+11,-1.91298e+10
3.13722e+07,3591.6,5.66124e+06,1.48804e+11,-1.88971e+10
3.13761e+07,3503.34,5.66125e+06,1.48834e+11,-1.86643e+10
3.13801e+07,3416.18,5.66125e+06,1.48863e+11,-1.84315e+10
3.1384e+07,3330.11,5.66126e+06,1.48891e+11,-1.81986e+10
3.1388e+07,3245.13,5.66127e+06,1.4892e+11,-1.79657e+10
3.13919e+07,3161.25,5.66127e+06,1.48947e+11,-1.77327e+10
3.13959e+07,3078.46,5.66128e+06,1.48975e+11,-1.74997e+10
3.13998e+07,2996.77,5.66128e+06,1.49002e+11,-1.72667e+10
3.14038e+07,2916.17,5.66128e+06,1.49029e+11,-1.70336e+10
3.14077e+07,2836.67,5.66129e+06,1.49056e+11,-1.68004e+10
3.14116e+07,2758.26,5.66129e+06,1.49082e+11,-1.65673e+10
3.14156e+07,2680.95,5.6613e+06,1.49107e+11,-1.63341e+10
3.14195e+07,2604.73,5.6613e+06,1.49133e+11,-1.61008e+10
3.14235e+07,2529.61,5.66131e+06,1.49158e+11,-1.58675e+10
3.14274e+07,2455.59,5.66131e+06,1.49182e+11,-1.56342e+10
3.14314e+07,2382.66,5.66131e+06,1.49207e+11,-1.54008e+10
3.14353e+07,2310.83,5.66132e+06,1.49231e+11,-1.51674e+10
3.14393e+07,2240.09,5.66132e+06,1.49254e+11,-1.4934e+10
3.14432e+07,2170.46,5.66132e+06,1.49277e+11,-1.47005e+10
3.14471e+07,2101.91,5.66133e+06,1.493e+11,-1.4467e+10
3.14511e+07,2034.47,5.66133e+06,1.49323e+11,-1.42334e+10
3.1455e+07,1968.12,5.66133e+06,1.49345e+11,-1.39998e+10
3.1459e+07,1902.87,5.66134e+06,1.49366e+11,-1.37662e+10
3.14629e+07,1838.72,5.66134e+06,1.49388e+11,-1.35326e+10
3.14669e+07,1775.67,5.66134e+06,1.49409e+11,-1.32989e+10
3.14708e+07,1713.71,5.66135e+06,1.49429e+11,-1.30652e+10
3.14748e+07,1652.86,5.66135e+06,1.4945e+11,-1.28314e+10
3.14787e+07,1593.1,5.66135e+06,1.4947e+11,-1.25976e+10
3.14827e+07,1534.43,5.66135e+06,1.49489e+11,-1.23638e+10
3.14866e+07,1476.87,5.66136e+06,1.49508e+11,-1.213e+10
3.14905e+07,1420.41,5.66136e+06,1.49527e+11,-1.18961e+10
3.14945e+07,1365.04,5.66136e+06,1.49546e+11,-1.16622e+10
3.14984e+07,1310.78,5.66136e+06,1.49564e+11,-1.14283e+10
3.15024e+07,1257.61,5.66136e+06,1.49581e+11,-1.11943e+10
3.15063e+07,1205.54,5.66137e+06,1.49599e+11,-1.09603e+10
3.15103e+07,1154.57,5.66137e+06,1.49616e+11,-1.07263e+10
3.15142e+07,1104.7,5.66137e+06,1.49632e+11,-1.04923e+10
3.15182e+07,1055.93,5.66137e+06,1.49648e+11,-1.02582e+10
3.15221e+07,1008.26,5.66137e+06,1.49664e+11,-1.00241e+10
3.1526e+07,961.694,5.66137e+06,1.4968e+11,-9.79001e+09
3.153e+07,916.224,5.66138e+06,1.49695e+11,-9.55587e+09
3.15339e+07,871.854,5.66138e+06,1.4971e+11,-9.32171e+09
3.15379e+07,828.584,5.66138e+06,1.49724e+11,-9.08752e+09
3.15418e+07,786.414,5.66138e+06,1.49738e+11,-8.85332e+09
3.15458e+07,745.345,5.66138e+06,1.49752e+11,-8.61909e+09
3.15497e+07,705.376,5.66138e+06,1.49765e+11,-8.38484e+09
3.15537e+07,666.508,5.66138e+06,1.49778e+11,-8.15057e+09
3.15576e+07,628.74,5.66138e+06,1.49791e+11,-7.91628e+09
