t,x1,y1,x2,y2
0,0,0,1.5e+11,0
6311.52,1.41046,0.000992798,1.5e+11,3.75403e+08
12623,5.64183,0.00904548,1.49998e+11,7.50805e+08
18934.6,12.6941,0.0312179,1.49996e+11,1.1262e+09
25246.1,22.5672,0.0745698,1.49992e+11,1.50159e+09
31557.6,35.2611,0.146161,1.49988e+11,1.87697e+09
37869.1,50.7756,0.25305,1.49983e+11,2.25234e+09
44180.6,69.1108,0.402298,1.49977e+11,2.62769e+09
50492.2,90.2665,0.600962,1.4997e+11,3.00303e+09
56803.7,114.243,0.856101,1.49962e+11,3.37835e+09
63115.2,141.039,1.17477,1.49953e+11,3.75365e+09
69426.7,170.655,1.56404,1.49943e+11,4.12892e+09
75738.2,203.091,2.03095,1.49932e+11,4.50417e+09
82049.8,238.347,2.58257,1.49921e+11,4.87939e+09
88361.3,276.422,3.22596,1.49908e+11,5.25458e+09
94672.8,317.316,3.96816,1.49894e+11,5.62974e+09
100984,361.03,4.81623,1.4988e+11,6.00486e+09
107296,407.562,5.77723,1.49864e+11,6.37994e+09
113607,456.912,6.85822,1.49848e+11,6.75498e+09
119919,509.08,8.06624,1.4983e+11,7.12999e+09
126230,564.067,9.40834,1.49812e+11,7.50494e+09
132542,621.87,10.8916,1.49793e+11,7.87985e+09
138853,682.491,12.523,1.49773e+11,8.25471e+09
145165,745.928,14.3097,1.49752e+11,8.62952e+09
151476,812.181,16.2587,1.49729e+11,9.00428e+09
157788,881.251,18.377,1.49706e+11,9.37897e+09
164100,953.135,20.6716,1.49683e+11,9.75361e+09
170411,1027.83,23.1497,1.49658e+11,1.01282e+10
176723,1105.35,25.8183,1.49632e+11,1.05027e+10
183034,1185.68,28.6844,1.49605e+11,1.08772e+10
189346,1268.82,31.7551,1.49577e+11,1.12515e+10
195657,1354.77,35.0373,1.49549e+11,1.16258e+10
201969,1443.54,38.5382,1.49519e+11,1.20001e+10
208280,1535.12,42.2648,1.49489e+11,1.23742e+10
214592,1629.51,46.2241,1.49457e+11,1.27483e+10
220903,1726.71,50.4231,1.49425e+11,1.31223e+10
227215,1826.72,54.8689,1.49392e+11,1.34963e+10
233526,1929.54,59.5685,1.49357e+11,1.38701e+10
239838,2035.17,64.529,1.49322e+11,1.42439e+10
246149,2143.61,69.7573,1.49286e+11,1.46175e+10
252461,2254.85,75.2605,1.49249e+11,1.49911e+10
258772,2368.91,81.0457,1.49211e+11,1.53646e+10
265084,2485.76,87.1198,1.49172e+11,1.57379e+10
271395,2605.43,93.4898,1.49132e+11,1.61112e+10
277707,2727.89,100.163,1.49091e+11,1.64844e+10
284018,2853.17,107.146,1.4905e+11,1.68575e+10
290330,2981.24,114.446,1.49007e+11,1.72305e+10
296641,3112.12,122.07,1.48963e+11,1.76033e+10
302953,3245.8,130.025,1.48919e+11,1.79761e+10
309264,3382.27,138.319,1.48874e+11,1.83487e+10
315576,3521.55,146.957,1.48827e+11,1.87212e+10
321888,3663.63,155.947,1.4878e+11,1.90937e+10
328199,3808.51,165.297,1.48732e+11,1.94659e+10
334511,3956.18,175.012,1.48682e+11,1.98381e+10
340822,4106.65,185.101,1.48632e+11,2.02102e+10
347134,4259.91,195.57,1.48581e+11,2.05821e+10
353445,4415.97,206.425,1.48529e+11,2.09539e+10
359757,4574.82,217.675,1.48476e+11,2.13255e+10
366068,4736.47,229.326,1.48423e+11,2.1697e+10
372380,4900.9,241.385,1.48368e+11,2.20684e+10
378691,5068.13,253.859,1.48312e+11,2.24397e+10
385003,5238.14,266.755,1.48255e+11,2.28108e+10
391314,5410.94,280.08,1.48198e+11,2.31818e+10
397626,5586.53,293.841,1.48139e+11,2.35526e+10
403937,5764.91,308.045,1.4808e+11,2.39232e+10
410249,5946.07,322.698,1.4802e+11,2.42938e+10
416560,6130.01,337.809,1.47958e+11,2.46641e+10
422872,6316.74,353.383,1.47896e+11,2.50344e+10
429183,6506.25,369.428,1.47833e+11,2.54044e+10
435495,6698.53,385.951,1.47769e+11,2.57743e+10
441806,6893.6,402.959,1.47704e+11,2.61441e+10
448118,7091.45,420.459,1.47638e+11,2.65136e+10
454429,7292.07,438.457,1.47571e+11,2.6883e+10
460741,7495.46,456.96,1.47504e+11,2.72523e+10
467052,7701.63,475.976,1.47435e+11,2.76214e+10
473364,7910.58,495.512,1.47365e+11,2.79903e+10
479676,8122.29,515.574,1.47295e+11,2.8359e+10
485987,8336.78,536.169,1.47223e+11,2.87275e+10
492299,8554.03,557.304,1.47151e+11,2.90959e+10
498610,8774.05,578.987,1.47078e+11,2.94641e+10
504922,8996.84,601.224,1.47004e+11,2.98321e+10
511233,9222.39,624.022,1.46928e+11,3.01999e+10
517545,9450.7,647.387,1.46852e+11,3.05675e+10
523856,9681.78,671.328,1.46775e+11,3.09349e+10
530168,9915.61,695.85,1.46698e+11,3.13022e+10
536479,10152.2,720.961,1.46619e+11,3.16692e+10
542791,10391.6,746.668,1.46539e+11,3.2036e+10
549102,10633.7,772.977,1.46458e+11,3.24027e+10
555414,10878.5,799.895,1.46377e+11,3.27691e+10
561725,11126.1,827.43,1.46294e+11,3.31354e+10
568037,11376.5,855.588,1.46211e+11,3.35014e+10
574348,11629.6,884.376,1.46127e+11,3.38672e+10
580660,11885.5,913.801,1.46041e+11,3.42328e+10
586971,12144.1,943.869,1.45955e+11,3.45982e+10
593283,12405.5,974.589,1.45868e+11,3.49634e+10
599594,12669.6,1005.97,1.4578e+11,3.53283e+10
605906,12936.4,1038.01,1.45691e+11,3.56931e+10
612217,13206,1070.72,1.45602e+11,3.60576e+10
618529,13478.3,1104.11,1.45511e+11,3.64218e+10
624840,13753.4,1138.18,1.45419e+11,3.67859e+10
631152,14031.1,1172.95,1.45327e+11,3.71497e+10
637464,14311.7,1208.42,1.45233e+11,3.75133e+10
643775,14594.9,1244.59,1.45139e+11,3.78767e+10
650087,14880.9,1281.47,1.45044e+11,3.82398e+10
656398,15169.6,1319.08,1.44948e+11,3.86027e+10
662710,15461.1,1357.4,1.44851e+11,3.89653e+10
669021,15755.2,1396.47,1.44753e+11,3.93277e+10
675333,16052.1,1436.27,1.44654e+11,3.96898e+10
681644,16351.7,1476.82,1.44554e+11,4.00517e+10
687956,16654,1518.12,1.44453e+11,4.04134e+10
694267,16959.1,1560.18,1.44352e+11,4.07748e+10
700579,17266.8,1603,1.44249e+11,4.11359e+10
706890,17577.3,1646.61,1.44146e+11,4.14968e+10
713202,17890.5,1690.99,1.44042e+11,4.18574e+10
719513,18206.3,1736.16,1.43936e+11,4.22178e+10
725825,18524.9,1782.12,1.4383e+11,4.25779e+10
732136,18846.2,1828.88,1.43723e+11,4.29377e+10
738448,19170.2,1876.45,1.43615e+11,4.32973e+10
744759,19496.9,1924.84,1.43506e+11,4.36566e+10
751071,19826.3,1974.05,1.43397e+11,4.40156e+10
757382,20158.4,2024.08,1.43286e+11,4.43743e+10
763694,20493.2,2074.95,1.43175e+11,4.47328e+10
770005,20830.7,2126.66,1.43062e+11,4.5091e+10
776317,21170.9,2179.22,1.42949e+11,4.54489e+10
782628,21513.8,2232.63,1.42835e+11,4.58065e+10
788940,21859.3,2286.9,1.4272e+11,4.61638e+10
795252,22207.5,2342.04,1.42604e+11,4.65208e+10
801563,22558.5,2398.06,1.42487e+11,4.68776e+10
807875,22912,2454.96,1.42369e+11,4.7234e+10
814186,23268.3,2512.75,1.4225e+11,4.75902e+10
820498,23627.3,2571.43,1.42131e+11,4.79461e+10
826809,23988.9,2631.01,1.4201e+11,4.83016e+10
833121,24353.2,2691.5,1.41889e+11,4.86569e+10
839432,24720.1,2752.91,1.41767e+11,4.90118e+10
845744,25089.8,2815.24,1.41644e+11,4.93665e+10
852055,25462.1,2878.5,1.4152e+11,4.97208e+10
858367,25837,2942.69,1.41395e+11,5.00748e+10
864678,26214.6,3007.82,1.41269e+11,5.04285e+10
870990,26594.9,3073.91,1.41142e+11,5.07819e+10
877301,26977.8,3140.94,1.41015e+11,5.1135e+10
883613,27363.4,3208.94,1.40887e+11,5.14878e+10
889924,27751.6,3277.91,1.40757e+11,5.18402e+10
896236,28142.5,3347.85,1.40627e+11,5.21923e+10
902547,28536,3418.77,1.40496e+11,5.25441e+10
908859,28932.1,3490.69,1.40364e+11,5.28956e+10
915170,29330.9,3563.59,1.40231e+11,5.32467e+10
921482,29732.4,3637.5,1.40098e+11,5.35975e+10
927793,30136.4,3712.42,1.39963e+11,5.39479e+10
934105,30543.1,3788.35,1.39827e+11,5.4298e+10
940416,30952.5,3865.3,1.39691e+11,5.46478e+10
946728,31364.4,3943.28,1.39554e+11,5.49972e+10
953040,31779,4022.29,1.39416e+11,5.53463e+10
959351,32196.2,4102.35,1.39277e+11,5.56951e+10
965663,32616,4183.45,1.39137e+11,5.60435e+10
971974,33038.5,4265.6,1.38996e+11,5.63915e+10
978286,33463.5,4348.82,1.38855e+11,5.67392e+10
984597,33891.2,4433.1,1.38712e+11,5.70865e+10
990909,34321.5,4518.46,1.38569e+11,5.74335e+10
997220,34754.3,4604.9,1.38425e+11,5.77801e+10
1.00353e+06,35189.8,4692.42,1.3828e+11,5.81264e+10
1.00984e+06,35627.9,4781.04,1.38134e+11,5.84723e+10
1.01615e+06,36068.6,4870.75,1.37987e+11,5.88178e+10
1.02247e+06,36511.9,4961.58,1.3784e+11,5.91629e+10
1.02878e+06,36957.7,5053.51,1.37691e+11,5.95077e+10
1.03509e+06,37406.2,5146.57,1.37542e+11,5.98521e+10
1.0414e+06,37857.2,5240.75,1.37391e+11,6.01962e+10
1.04771e+06,38310.9,5336.06,1.3724e+11,6.05398e+10
1.05402e+06,38767.1,5432.51,1.37088e+11,6.08831e+10
1.06034e+06,39225.8,5530.1,1.36936e+11,6.1226e+10
1.06665e+06,39687.2,5628.85,1.36782e+11,6.15685e+10
1.07296e+06,40151.1,5728.75,1.36627e+11,6.19107e+10
1.07927e+06,40617.6,5829.82,1.36472e+11,6.22524e+10
1.08558e+06,41086.7,5932.06,1.36316e+11,6.25938e+10
1.09189e+06,41558.4,6035.48,1.36159e+11,6.29347e+10
1.0982e+06,42032.5,6140.08,1.36001e+11,6.32753e+10
1.10452e+06,42509.3,6245.87,1.35842e+11,6.36154e+10
1.11083e+06,42988.6,6352.86,1.35682e+11,6.39552e+10
1.11714e+06,43470.5,6461.05,1.35522e+11,6.42946e+10
1.12345e+06,43954.9,6570.45,1.35361e+11,6.46336e+10
1.12976e+06,44441.8,6681.06,1.35198e+11,6.49721e+10
1.13607e+06,44931.3,6792.9,1.35035e+11,6.53103e+10
1.14239e+06,45423.4,6905.96,1.34872e+11,6.5648e+10
1.1487e+06,45917.9,7020.26,1.34707e+11,6.59854e+10
1.15501e+06,46415,7135.8,1.34541e+11,6.63223e+10
1.16132e+06,46914.7,7252.59,1.34375e+11,6.66588e+10
1.16763e+06,47416.8,7370.63,1.34208e+11,6.69949e+10
1.17394e+06,47921.5,7489.93,1.3404e+11,6.73306e+10
1.18025e+06,48428.7,7610.49,1.33871e+11,6.76658e+10
1.18657e+06,48938.4,7732.33,1.33701e+11,6.80006e+10
1.19288e+06,49450.7,7855.45,1.3353e+11,6.8335e+10
1.19919e+06,49965.4,7979.86,1.33359e+11,6.8669e+10
1.2055e+06,50482.7,8105.55,1.33187e+11,6.90025e+10
1.21181e+06,51002.4,8232.54,1.33013e+11,6.93356e+10
1.21812e+06,51524.7,8360.84,1.32839e+11,6.96683e+10
1.22443e+06,52049.5,8490.45,1.32665e+11,7.00006e+10
1.23075e+06,52576.7,8621.37,1.32489e+11,7.03324e+10
1.23706e+06,53106.5,8753.61,1.32313e+11,7.06637e+10
1.24337e+06,53638.7,8887.19,1.32135e+11,7.09946e+10
1.24968e+06,54173.4,9022.1,1.31957e+11,7.13251e+10
1.25599e+06,54710.6,9158.35,1.31778e+11,7.16551e+10
1.2623e+06,55250.3,9295.95,1.31599e+11,7.19847e+10
1.26862e+06,55792.5,9434.9,1.31418e+11,7.23138e+10
1.27493e+06,56337.1,9575.21,1.31237e+11,7.26425e+10
1.28124e+06,56884.2,9716.89,1.31054e+11,7.29707e+10
1.28755e+06,57433.8,9859.94,1.30871e+11,7.32985e+10
1.29386e+06,57985.8,10004.4,1.30688e+11,7.36258e+10
1.30017e+06,58540.3,10150.2,1.30503e+11,7.39526e+10
1.30648e+06,59097.2,10297.4,1.30317e+11,7.4279e+10
1.3128e+06,59656.6,10446,1.30131e+11,7.46049e+10
1.31911e+06,60218.4,10596,1.29944e+11,7.49303e+10
1.32542e+06,60782.7,10747.4,1.29756e+11,7.52553e+10
1.33173e+06,61349.4,10900.2,1.29567e+11,7.55798e+10
1.33804e+06,61918.6,11054.5,1.29378e+11,7.59039e+10
1.34435e+06,62490.1,11210.2,1.29187e+11,7.62274e+10
1.35067e+06,63064.2,11367.3,1.28996e+11,7.65505e+10
1.35698e+06,63640.6,11525.8,1.28804e+11,7.68731e+10
1.36329e+06,64219.5,11685.8,1.28611e+11,7.71952e+10
1.3696e+06,64800.7,11847.3,1.28418e+11,7.75168e+10
1.37591e+06,65384.4,12010.2,1.28223e+11,7.7838e+10
1.38222e+06,65970.5,12174.5,1.28028e+11,7.81586e+10
1.38853e+06,66559.1,12340.4,1.27832e+11,7.84788e+10
1.39485e+06,67150,12507.7,1.27635e+11,7.87985e+10
1.40116e+06,67743.3,12676.5,1.27438e+11,7.91177e+10
1.40747e+06,68339,12846.8,1.27239e+11,7.94364e+10
1.41378e+06,68937.1,13018.6,1.2704e+11,7.97546e+10
1.42009e+06,69537.6,13191.8,1.2684e+11,8.00722e+10
1.4264e+06,70140.5,13366.6,1.26639e+11,8.03894e+10
1.43272e+06,70745.8,13542.9,1.26438e+11,8.07061e+10
1.43903e+06,71353.4,13720.7,1.26235e+11,8.10223e+10
1.44534e+06,71963.4,13900.1,1.26032e+11,8.1338e+10
1.45165e+06,72575.8,14080.9,1.25828e+11,8.16531e+10
1.45796e+06,73190.6,14263.4,1.25624e+11,8.19678e+10
1.46427e+06,73807.7,14447.3,1.25418e+11,8.22819e+10
1.47058e+06,74427.2,14632.8,1.25212e+11,8.25956e+10
1.4769e+06,75049,14819.8,1.25005e+11,8.29087e+10
1.48321e+06,75673.2,15008.4,1.24797e+11,8.32213e+10
1.48952e+06,76299.7,15198.6,1.24588e+11,8.35333e+10
1.49583e+06,76928.6,15390.4,1.24379e+11,8.38449e+10
1.50214e+06,77559.8,15583.7,1.24168e+11,8.41559e+10
1.50845e+06,78193.3,15778.6,1.23957e+11,8.44664e+10
1.51476e+06,78829.2,15975.1,1.23746e+11,8.47763e+10
1.52108e+06,79467.4,16173.1,1.23533e+11,8.50858e+10
1.52739e+06,80108,16372.8,1.2332e+11,8.53947e+10
1.5337e+06,80750.8,16574.1,1.23106e+11,8.5703e+10
1.54001e+06,81396,16777,1.22891e+11,8.60109e+10
1.54632e+06,82043.4,16981.5,1.22675e+11,8.63182e+10
1.55263e+06,82693.2,17187.7,1.22459e+11,8.66249e+10
1.55895e+06,83345.3,17395.4,1.22241e+11,8.69311e+10
1.56526e+06,83999.7,17604.9,1.22024e+11,8.72368e+10
1.57157e+06,84656.3,17815.9,1.21805e+11,8.75419e+10
1.57788e+06,85315.3,18028.6,1.21585e+11,8.78464e+10
1.58419e+06,85976.6,18242.9,1.21365e+11,8.81505e+10
1.5905e+06,86640.1,18458.9,1.21144e+11,8.84539e+10
1.59681e+06,87305.9,18676.6,1.20922e+11,8.87568e+10
1.60313e+06,87974,18895.9,1.207e+11,8.90592e+10
1.60944e+06,88644.4,19117,1.20477e+11,8.9361e+10
1.61575e+06,89317,19339.6,1.20253e+11,8.96622e+10
1.62206e+06,89991.9,19564,1.20028e+11,8.99629e+10
1.62837e+06,90669,19790.1,1.19802e+11,9.0263e+10
1.63468e+06,91348.4,20017.9,1.19576e+11,9.05625e+10
1.641e+06,92030.1,20247.3,1.19349e+11,9.08615e+10
1.64731e+06,92713.9,20478.5,1.19121e+11,9.11599e+10
1.65362e+06,93400.1,20711.4,1.18893e+11,9.14578e+10
1.65993e+06,94088.4,20946,1.18663e+11,9.1755e+10
1.66624e+06,94779,21182.3,1.18433e+11,9.20517e+10
1.67255e+06,95471.9,21420.4,1.18203e+11,9.23478e+10
1.67886e+06,96166.9,21660.2,1.17971e+11,9.26434e+10
1.68518e+06,96864.2,21901.8,1.17739e+11,9.29383e+10
1.69149e+06,97563.6,22145.1,1.17506e+11,9.32327e+10
1.6978e+06,98265.3,22390.1,1.17272e+11,9.35265e+10
1.70411e+06,98969.2,22636.9,1.17038e+11,9.38197e+10
1.71042e+06,99675.3,22885.5,1.16803e+11,9.41123e+10
1.71673e+06,100384,23135.8,1.16567e+11,9.44043e+10
1.72304e+06,101094,23388,1.1633e+11,9.46958e+10
1.72936e+06,101807,23641.9,1.16093e+11,9.49866e+10
1.73567e+06,102522,23897.5,1.15855e+11,9.52769e+10
1.74198e+06,103239,24155,1.15616e+11,9.55665e+10
1.74829e+06,103958,24414.3,1.15376e+11,9.58556e+10
1.7546e+06,104679,24675.4,1.15136e+11,9.6144e+10
1.76091e+06,105403,24938.3,1.14895e+11,9.64319e+10
1.76723e+06,106128,25203,1.14653e+11,9.67191e+10
1.77354e+06,106856,25469.5,1.14411e+11,9.70057e+10
1.77985e+06,107586,25737.8,1.14168e+11,9.72918e+10
1.78616e+06,108319,26008,1.13924e+11,9.75772e+10
1.79247e+06,109053,26280,1.13679e+11,9.7862e+10
1.79878e+06,109789,26553.8,1.13434e+11,9.81462e+10
1.80509e+06,110528,26829.5,1.13188e+11,9.84298e+10
1.81141e+06,111269,27107.1,1.12942e+11,9.87128e+10
1.81772e+06,112011,27386.5,1.12694e+11,9.89951e+10
1.82403e+06,112756,27667.7,1.12446e+11,9.92768e+10
1.83034e+06,113503,27950.9,1.12197e+11,9.95579e+10
1.83665e+06,114253,28235.9,1.11948e+11,9.98384e+10
1.84296e+06,115004,28522.7,1.11697e+11,1.00118e+11
1.84928e+06,115757,28811.5,1.11447e+11,1.00398e+11
1.85559e+06,116513,29102.2,1.11195e+11,1.00676e+11
1.8619e+06,117270,29394.7,1.10943e+11,1.00954e+11
1.86821e+06,118030,29689.1,1.1069e+11,1.01231e+11
1.87452e+06,118792,29985.5,1.10436e+11,1.01508e+11
1.88083e+06,119555,30283.7,1.10182e+11,1.01784e+11
1.88714e+06,120321,30583.9,1.09926e+11,1.0206e+11
1.89346e+06,121089,30886,1.09671e+11,1.02334e+11
1.89977e+06,121859,31190,1.09414e+11,1.02609e+11
1.90608e+06,122631,31495.9,1.09157e+11,1.02882e+11
1.91239e+06,123405,31803.8,1.08899e+11,1.03155e+11
1.9187e+06,124182,32113.6,1.08641e+11,1.03427e+11
1.92501e+06,124960,32425.4,1.08382e+11,1.03699e+11
1.93133e+06,125740,32739.1,1.08122e+11,1.0397e+11
1.93764e+06,126522,33054.8,1.07861e+11,1.0424e+11
1.94395e+06,127307,33372.4,1.076e+11,1.0451e+11
1.95026e+06,128093,33692,1.07338e+11,1.04779e+11
1.95657e+06,128881,34013.6,1.07076e+11,1.05047e+11
1.96288e+06,129672,34337.1,1.06812e+11,1.05314e+11
1.96919e+06,130464,34662.6,1.06548e+11,1.05581e+11
1.97551e+06,131258,34990.1,1.06284e+11,1.05848e+11
1.98182e+06,132055,35319.6,1.06019e+11,1.06113e+11
1.98813e+06,132853,35651.1,1.05753e+11,1.06378e+11
1.99444e+06,133654,35984.6,1.05486e+11,1.06643e+11
2.00075e+06,134456,36320.1,1.05219e+11,1.06906e+11
2.00706e+06,135260,36657.6,1.04951e+11,1.07169e+11
2.01337e+06,136067,36997.1,1.04682e+11,1.07432e+11
2.01969e+06,136875,37338.7,1.04413e+11,1.07693e+11
2.026e+06,137685,37682.2,1.04143e+11,1.07954e+11
2.03231e+06,138497,38027.8,1.03873e+11,1.08215e+11
2.03862e+06,139311,38375.5,1.03602e+11,1.08474e+11
2.04493e+06,140127,38725.2,1.0333e+11,1.08733e+11
2.05124e+06,140945,39076.9,1.03058e+11,1.08992e+11
2.05756e+06,141765,39430.6,1.02784e+11,1.09249e+11
2.06387e+06,142587,39786.5,1.02511e+11,1.09506e+11
2.07018e+06,143411,40144.4,1.02236e+11,1.09762e+11
2.07649e+06,144237,40504.3,1.01961e+11,1.10018e+11
2.0828e+06,145065,40866.3,1.01686e+11,1.10273e+11
2.08911e+06,145894,41230.4,1.01409e+11,1.10527e+11
2.09542e+06,146726,41596.6,1.01132e+11,1.1078e+11
2.10174e+06,147559,41964.8,1.00855e+11,1.11033e+11
2.10805e+06,148394,42335.2,1.00577e+11,1.11285e+11
2.11436e+06,149232,42707.6,1.00298e+11,1.11536e+11
2.12067e+06,150071,43082.1,1.00018e+11,1.11787e+11
2.12698e+06,150912,43458.8,9.97383e+10,1.12037e+11
2.13329e+06,151754,43837.5,9.94576e+10,1.12286e+11
2.13961e+06,152599,44218.4,9.91762e+10,1.12535e+11
2.14592e+06,153446,44601.3,9.88943e+10,1.12783e+11
2.15223e+06,154294,44986.4,9.86117e+10,1.1303e+11
2.15854e+06,155144,45373.6,9.83285e+10,1.13276e+11
2.16485e+06,155996,45763,9.80447e+10,1.13522e+11
2.17116e+06,156850,46154.4,9.77603e+10,1.13767e+11
2.17747e+06,157706,46548.1,9.74753e+10,1.14011e+11
2.18379e+06,158564,46943.8,9.71896e+10,1.14255e+11
2.1901e+06,159423,47341.7,9.69034e+10,1.14498e+11
2.19641e+06,160285,47741.8,9.66165e+10,1.1474e+11
2.20272e+06,161148,48144,9.63291e+10,1.14981e+11
2.20903e+06,162013,48548.4,9.6041e+10,1.15222e+11
2.21534e+06,162879,48955,9.57523e+10,1.15462e+11
2.22166e+06,163748,49363.7,9.54631e+10,1.15701e+11
2.22797e+06,164618,49774.6,9.51732e+10,1.1594e+11
2.23428e+06,165490,50187.7,9.48827e+10,1.16178e+11
2.24059e+06,166364,50602.9,9.45917e+10,1.16415e+11
2.2469e+06,167240,51020.4,9.43e+10,1.16651e+11
2.25321e+06,168117,51440,9.40078e+10,1.16887e+11
2.25952e+06,168997,51861.9,9.3715e+10,1.17122e+11
2.26584e+06,169878,52285.9,9.34216e+10,1.17356e+11
2.27215e+06,170760,52712.2,9.31276e+10,1.17589e+11
2.27846e+06,171645,53140.7,9.2833e+10,1.17822e+11
2.28477e+06,172531,53571.3,9.25378e+10,1.18054e+11
2.29108e+06,173419,54004.2,9.22421e+10,1.18285e+11
2.29739e+06,174309,54439.4,9.19458e+10,1.18516e+11
2.3037e+06,175200,54876.7,9.16489e+10,1.18745e+11
2.31002e+06,176093,55316.3,9.13514e+10,1.18974e+11
2.31633e+06,176988,55758.1,9.10534e+10,1.19203e+11
2.32264e+06,177885,56202.2,9.07547e+10,1.1943e+11
2.32895e+06,178783,56648.5,9.04556e+10,1.19657e+11
2.33526e+06,179683,57097.1,9.01558e+10,1.19883e+11
2.34157e+06,180585,57547.9,8.98555e+10,1.20108e+11
2.34789e+06,181488,58001,8.95546e+10,1.20333e+11
2.3542e+06,182393,58456.3,8.92532e+10,1.20556e+11
2.36051e+06,183300,58913.9,8.89512e+10,1.20779e+11
2.36682e+06,184208,59373.8,8.86486e+10,1.21002e+11
2.37313e+06,185118,59836,8.83455e+10,1.21223e+11
2.37944e+06,186030,60300.4,8.80419e+10,1.21444e+11
2.38575e+06,186944,60767.1,8.77377e+10,1.21664e+11
2.39207e+06,187859,61236.1,8.74329e+10,1.21883e+11
2.39838e+06,188775,61707.4,8.71276e+10,1.22102e+11
2.40469e+06,189694,62181,8.68217e+10,1.22319e+11
2.411e+06,190614,62656.9,8.65153e+10,1.22536e+11
2.41731e+06,191535,63135.1,8.62084e+10,1.22752e+11
2.42362e+06,192458,63615.6,8.59009e+10,1.22968e+11
2.42994e+06,193383,64098.5,8.55929e+10,1.23182e+11
2.43625e+06,194310,64583.6,8.52843e+10,1.23396e+11
2.44256e+06,195238,65071.1,8.49752e+10,1.23609e+11
2.44887e+06,196167,65560.8,8.46656e+10,1.23821e+11
2.45518e+06,197099,66052.9,8.43555e+10,1.24033e+11
2.46149e+06,198031,66547.4,8.40448e+10,1.24244e+11
2.4678e+06,198966,67044.2,8.37336e+10,1.24454e+11
2.47412e+06,199902,67543.3,8.34219e+10,1.24663e+11
2.48043e+06,200839,68044.8,8.31096e+10,1.24871e+11
2.48674e+06,201778,68548.6,8.27968e+10,1.25079e+11
2.49305e+06,202719,69054.7,8.24835e+10,1.25286e+11
2.49936e+06,203661,69563.3,8.21697e+10,1.25492e+11
2.50567e+06,204605,70074.1,8.18554e+10,1.25697e+11
2.51198e+06,205550,70587.4,8.15406e+10,1.25901e+11
2.5183e+06,206497,71103,8.12252e+10,1.26105e+11
2.52461e+06,207446,71621,8.09094e+10,1.26308e+11
2.53092e+06,208395,72141.4,8.0593e+10,1.2651e+11
2.53723e+06,209347,72664.1,8.02761e+10,1.26711e+11
2.54354e+06,210300,73189.2,7.99588e+10,1.26912e+11
2.54985e+06,211254,73716.7,7.96409e+10,1.27111e+11
2.55617e+06,212210,74246.6,7.93225e+10,1.2731e+11
2.56248e+06,213168,74778.9,7.90037e+10,1.27508e+11
2.56879e+06,214126,75313.6,7.86843e+10,1.27706e+11
2.5751e+06,215087,75850.7,7.83644e+10,1.27902e+11
2.58141e+06,216049,76390.2,7.80441e+10,1.28098e+11
2.58772e+06,217012,76932.1,7.77233e+10,1.28293e+11
2.59403e+06,217977,77476.4,7.74019e+10,1.28487e+11
2.60035e+06,218943,78023.2,7.70801e+10,1.2868e+11
2.60666e+06,219911,78572.3,7.67578e+10,1.28873e+11
2.61297e+06,220880,79123.9,7.64351e+10,1.29065e+11
2.61928e+06,221850,79677.9,7.61118e+10,1.29255e+11
2.62559e+06,222822,80234.4,7.57881e+10,1.29446e+11
2.6319e+06,223796,80793.2,7.54639e+10,1.29635e+11
2.63822e+06,224770,81354.6,7.51392e+10,1.29823e+11
2.64453e+06,225747,81918.3,7.48141e+10,1.30011e+11
2.65084e+06,226724,82484.5,7.44885e+10,1.30198e+11
2.65715e+06,227703,83053.2,7.41624e+10,1.30384e+11
2.66346e+06,228684,83624.2,7.38359e+10,1.30569e+11
2.66977e+06,229666,84197.8,7.35089e+10,1.30753e+11
2.67608e+06,230649,84773.8,7.31814e+10,1.30937e+11
2.6824e+06,231634,85352.3,7.28535e+10,1.3112e+11
2.68871e+06,232620,85933.2,7.25251e+10,1.31302e+11
2.69502e+06,233607,86516.6,7.21962e+10,1.31483e+11
2.70133e+06,234596,87102.5,7.1867e+10,1.31663e+11
2.70764e+06,235586,87690.9,7.15372e+10,1.31842e+11
2.71395e+06,236577,88281.7,7.1207e+10,1.32021e+11
2.72027e+06,237570,88875,7.08764e+10,1.32199e+11
2.72658e+06,238564,89470.9,7.05453e+10,1.32376e+11
2.73289e+06,239559,90069.2,7.02138e+10,1.32552e+11
2.7392e+06,240556,90669.9,6.98819e+10,1.32727e+11
2.74551e+06,241554,91273.2,6.95495e+10,1.32902e+11
2.75182e+06,242553,91879,6.92166e+10,1.33075e+11
2.75813e+06,243554,92487.3,6.88834e+10,1.33248e+11
2.76445e+06,244556,93098.1,6.85497e+10,1.3342e+11
2.77076e+06,245559,93711.4,6.82156e+10,1.33591e+11
2.77707e+06,246563,94327.2,6.7881e+10,1.33762e+11
2.78338e+06,247569,94945.6,6.7546e+10,1.33931e+11
2.78969e+06,248576,95566.4,6.72106e+10,1.341e+11
2.796e+06,249585,96189.8,6.68748e+10,1.34267e+11
2.80231e+06,250594,96815.7,6.65386e+10,1.34434e+11
2.80863e+06,251605,97444.1,6.62019e+10,1.34601e+11
2.81494e+06,252617,98075.1,6.58648e+10,1.34766e+11
2.82125e+06,253630,98708.5,6.55274e+10,1.3493e+11
2.82756e+06,254645,99344.6,6.51895e+10,1.35094e+11
2.83387e+06,255661,99983.1,6.48512e+10,1.35256e+11
2.84018e+06,256678,100624,6.45125e+10,1.35418e+11
2.8465e+06,257696,101268,6.41733e+10,1.35579e+11
2.85281e+06,258715,101914,6.38338e+10,1.3574e+11
2.85912e+06,259736,102563,6.34939e+10,1.35899e+11
2.86543e+06,260758,103214,6.31536e+10,1.36057e+11
2.87174e+06,261780,103868,6.28129e+10,1.36215e+11
2.87805e+06,262805,104525,6.24718e+10,1.36372e+11
2.88436e+06,263830,105184,6.21303e+10,1.36528e+11
2.89068e+06,264856,105845,6.17884e+10,1.36683e+11
2.89699e+06,265884,106509,6.14461e+10,1.36837e+11
2.9033e+06,266913,107176,6.11035e+10,1.3699e+11
2.90961e+06,267943,107845,6.07605e+10,1.37143e+11
2.91592e+06,268974,108517,6.0417e+10,1.37294e+11
2.92223e+06,270006,109192,6.00732e+10,1.37445e+11
2.92855e+06,271040,109869,5.97291e+10,1.37595e+11
2.93486e+06,272074,110548,5.93845e+10,1.37744e+11
2.94117e+06,273110,111230,5.90396e+10,1.37892e+11
2.94748e+06,274147,111915,5.86943e+10,1.3804e+11
2.95379e+06,275184,112603,5.83487e+10,1.38186e+11
2.9601e+06,276223,113293,5.80027e+10,1.38332e+11
2.96641e+06,277263,113985,5.76563e+10,1.38477e+11
2.97273e+06,278304,114680,5.73095e+10,1.3862e+11
2.97904e+06,279347,115378,5.69624e+10,1.38763e+11
2.98535e+06,280390,116079,5.6615e+10,1.38905e+11
2.99166e+06,281434,116782,5.62671e+10,1.39047e+11
2.99797e+06,282480,117487,5.5919e+10,1.39187e+11
3.00428e+06,283526,118196,5.55705e+10,1.39327e+11
3.0106e+06,284573,118907,5.52216e+10,1.39465e+11
3.01691e+06,285622,119620,5.48724e+10,1.39603e+11
3.02322e+06,286672,120336,5.45228e+10,1.3974e+11
3.02953e+06,287722,121055,5.41729e+10,1.39876e+11
3.03584e+06,288774,121776,5.38227e+10,1.40011e+11
3.04215e+06,289826,122500,5.34721e+10,1.40145e+11
3.04846e+06,290880,123227,5.31212e+10,1.40279e+11
3.05478e+06,291934,123956,5.277e+10,1.40411e+11
3.06109e+06,292990,124688,5.24184e+10,1.40543e+11
3.0674e+06,294047,125423,5.20665e+10,1.40674e+11
3.07371e+06,295104,126160,5.17143e+10,1.40803e+11
3.08002e+06,296163,126900,5.13617e+10,1.40932e+11
3.08633e+06,297222,127643,5.10089e+10,1.41061e+11
3.09264e+06,298283,128388,5.06557e+10,1.41188e+11
3.09896e+06,299344,129136,5.03022e+10,1.41314e+11
3.10527e+06,300407,129886,4.99483e+10,1.4144e+11
3.11158e+06,301470,130639,4.95942e+10,1.41564e+11
3.11789e+06,302534,131395,4.92398e+10,1.41688e+11
3.1242e+06,303599,132154,4.8885e+10,1.41811e+11
3.13051e+06,304665,132915,4.85299e+10,1.41932e+11
3.13683e+06,305732,133678,4.81746e+10,1.42053e+11
3.14314e+06,306800,134445,4.78189e+10,1.42174e+11
3.14945e+06,307869,135214,4.74629e+10,1.42293e+11
3.15576e+06,308939,135986,4.71067e+10,1.42411e+11
3.16207e+06,310009,136761,4.67501e+10,1.42529e+11
3.16838e+06,311081,137538,4.63933e+10,1.42645e+11
3.17469e+06,312153,138318,4.60361e+10,1.42761e+11
3.18101e+06,313226,139100,4.56787e+10,1.42876e+11
3.18732e+06,314300,139885,4.5321e+10,1.42989e+11
3.19363e+06,315375,140673,4.4963e+10,1.43102e+11
3.19994e+06,316451,141464,4.46047e+10,1.43215e+11
3.20625e+06,317527,142257,4.42461e+10,1.43326e+11
3.21256e+06,318605,143053,4.38873e+10,1.43436e+11
3.21888e+06,319683,143852,4.35282e+10,1.43545e+11
3.22519e+06,320762,144653,4.31688e+10,1.43654e+11
3.2315e+06,321842,145458,4.28091e+10,1.43761e+11
3.23781e+06,322923,146264,4.24492e+10,1.43868e+11
3.24412e+06,324004,147074,4.2089e+10,1.43974e+11
3.25043e+06,325086,147886,4.17286e+10,1.44079e+11
3.25674e+06,326170,148701,4.13679e+10,1.44183e+11
3.26306e+06,327253,149519,4.10069e+10,1.44286e+11
3.26937e+06,328338,150339,4.06456e+10,1.44388e+11
3.27568e+06,329423,151162,4.02842e+10,1.44489e+11
3.28199e+06,330509,151988,3.99224e+10,1.4459e+11
3.2883e+06,331596,152817,3.95604e+10,1.44689e+11
3.29461e+06,332684,153648,3.91982e+10,1.44788e+11
3.30092e+06,333772,154482,3.88357e+10,1.44885e+11
3.30724e+06,334861,155318,3.8473e+10,1.44982e+11
3.31355e+06,335951,156158,3.811e+10,1.45078e+11
3.31986e+06,337042,157000,3.77468e+10,1.45173e+11
3.32617e+06,338133,157845,3.73834e+10,1.45267e+11
3.33248e+06,339225,158693,3.70197e+10,1.4536e+11
3.33879e+06,340318,159543,3.66558e+10,1.45452e+11
3.34511e+06,341411,160396,3.62917e+10,1.45543e+11
3.35142e+06,342505,161252,3.59273e+10,1.45634e+11
3.35773e+06,343600,162110,3.55627e+10,1.45723e+11
3.36404e+06,344695,162972,3.51979e+10,1.45812e+11
3.37035e+06,345791,163836,3.48329e+10,1.45899e+11
3.37666e+06,346888,164702,3.44676e+10,1.45986e+11
3.38297e+06,347985,165572,3.41021e+10,1.46072e+11
3.38929e+06,349083,166444,3.37365e+10,1.46157e+11
3.3956e+06,350181,167319,3.33706e+10,1.46241e+11
3.40191e+06,351281,168197,3.30045e+10,1.46324e+11
3.40822e+06,352381,169078,3.26382e+10,1.46406e+11
3.41453e+06,353481,169961,3.22717e+10,1.46487e+11
3.42084e+06,354582,170847,3.19049e+10,1.46568e+11
3.42716e+06,355684,171736,3.1538e+10,1.46647e+11
3.43347e+06,356786,172627,3.11709e+10,1.46725e+11
3.43978e+06,357889,173522,3.08036e+10,1.46803e+11
3.44609e+06,358992,174419,3.04361e+10,1.4688e+11
3.4524e+06,360096,175318,3.00684e+10,1.46955e+11
3.45871e+06,361201,176221,2.97005e+10,1.4703e+11
3.46502e+06,362306,177126,2.93325e+10,1.47104e+11
3.47134e+06,363412,178035,2.89642e+10,1.47177e+11
3.47765e+06,364518,178945,2.85958e+10,1.47249e+11
3.48396e+06,365625,179859,2.82272e+10,1.4732e+11
3.49027e+06,366732,180776,2.78584e+10,1.4739e+11
3.49658e+06,367840,181695,2.74895e+10,1.47459e+11
3.50289e+06,368948,182617,2.71203e+10,1.47528e+11
3.50921e+06,370057,183541,2.6751e+10,1.47595e+11
3.51552e+06,371166,184469,2.63816e+10,1.47662e+11
3.52183e+06,372276,185399,2.60119e+10,1.47727e+11
3.52814e+06,373386,186332,2.56421e+10,1.47792e+11
3.53445e+06,374497,187268,2.52722e+10,1.47856e+11
3.54076e+06,375608,188207,2.4902e+10,1.47918e+11
3.54707e+06,376720,189148,2.45318e+10,1.4798e+11
3.55339e+06,377832,190093,2.41613e+10,1.48041e+11
3.5597e+06,378945,191039,2.37908e+10,1.48101e+11
3.56601e+06,380058,191989,2.342e+10,1.4816e+11
3.57232e+06,381172,192942,2.30492e+10,1.48218e+11
3.57863e+06,382286,193897,2.26782e+10,1.48276e+11
3.58494e+06,383400,194855,2.2307e+10,1.48332e+11
3.59125e+06,384515,195816,2.19357e+10,1.48387e+11
3.59757e+06,385630,196780,2.15643e+10,1.48442e+11
3.60388e+06,386746,197746,2.11927e+10,1.48495e+11
3.61019e+06,387862,198716,2.0821e+10,1.48548e+11
3.6165e+06,388978,199688,2.04491e+10,1.48599e+11
3.62281e+06,390095,200663,2.00772e+10,1.4865e+11
3.62912e+06,391212,201640,1.97051e+10,1.487e+11
3.63544e+06,392330,202621,1.93329e+10,1.48749e+11
3.64175e+06,393448,203604,1.89606e+10,1.48797e+11
3.64806e+06,394566,204590,1.85881e+10,1.48844e+11
3.65437e+06,395685,205579,1.82155e+10,1.4889e+11
3.66068e+06,396804,206571,1.78429e+10,1.48935e+11
3.66699e+06,397923,207565,1.74701e+10,1.48979e+11
3.6733e+06,399043,208563,1.70972e+10,1.49022e+11
3.67962e+06,400163,209563,1.67241e+10,1.49065e+11
3.68593e+06,401283,210566,1.6351e+10,1.49106e+11
3.69224e+06,402403,211571,1.59778e+10,1.49146e+11
3.69855e+06,403524,212580,1.56045e+10,1.49186e+11
3.70486e+06,404646,213591,1.52311e+10,1.49225e+11
3.71117e+06,405767,214605,1.48576e+10,1.49262e+11
3.71749e+06,406889,215622,1.4484e+10,1.49299e+11
3.7238e+06,408011,216642,1.41103e+10,1.49335e+11
3.73011e+06,409133,217664,1.37365e+10,1.4937e+11
3.73642e+06,410256,218690,1.33626e+10,1.49403e+11
3.74273e+06,411378,219718,1.29887e+10,1.49436e+11
3.74904e+06,412501,220749,1.26146e+10,1.49469e+11
3.75535e+06,413625,221783,1.22405e+10,1.495e+11
3.76167e+06,414748,222819,1.18663e+10,1.4953e+11
3.76798e+06,415872,223859,1.14921e+10,1.49559e+11
3.77429e+06,416996,224901,1.11177e+10,1.49587e+11
3.7806e+06,418120,225946,1.07433e+10,1.49615e+11
3.78691e+06,419244,226994,1.03688e+10,1.49641e+11
3.79322e+06,420369,228044,9.99431e+09,1.49667e+11
3.79954e+06,421494,229098,9.61971e+09,1.49691e+11
3.80585e+06,422619,230154,9.24505e+09,1.49715e+11
3.81216e+06,423744,231213,8.87033e+09,1.49737e+11
3.81847e+06,424869,232275,8.49556e+09,1.49759e+11
3.82478e+06,425994,233340,8.12073e+09,1.4978e+11
3.83109e+06,427120,234407,7.74585e+09,1.498e+11
3.8374e+06,428246,235478,7.37092e+09,1.49819e+11
3.84372e+06,429372,236551,6.99595e+09,1.49837e+11
3.85003e+06,430498,237627,6.62093e+09,1.49854e+11
3.85634e+06,431624,238706,6.24587e+09,1.4987e+11
3.86265e+06,432750,239787,5.87078e+09,1.49885e+11
3.86896e+06,433876,240872,5.49564e+09,1.49899e+11
3.87527e+06,435003,241959,5.12047e+09,1.49912e+11
3.88158e+06,436129,243049,4.74527e+09,1.49925e+11
3.8879e+06,437256,244142,4.37004e+09,1.49936e+11
3.89421e+06,438383,245238,3.99479e+09,1.49947e+11
3.90052e+06,439509,246336,3.6195e+09,1.49956e+11
3.90683e+06,440636,247438,3.2442e+09,1.49965e+11
3.91314e+06,441763,248542,2.86887e+09,1.49972e+11
3.91945e+06,442890,249649,2.49353e+09,1.49979e+11
3.92577e+06,444017,250759,2.11817e+09,1.49985e+11
3.93208e+06,445144,251871,1.7428e+09,1.4999e+11
3.93839e+06,446271,252987,1.36741e+09,1.49994e+11
3.9447e+06,447399,254105,9.92021e+08,1.49997e+11
3.95101e+06,448526,255226,6.16623e+08,1.49999e+11
3.95732e+06,449653,256350,2.41221e+08,1.5e+11
3.96363e+06,450780,257477,-1.34183e+08,1.5e+11
3.96995e+06,451907,258607,-5.09586e+08,1.49999e+11
3.97626e+06,453034,259739,-8.84985e+08,1.49997e+11
3.98257e+06,454161,260874,-1.26038e+09,1.49995e+11
3.98888e+06,455288,262012,-1.63577e+09,1.49991e+11
3.99519e+06,456416,263153,-2.01114e+09,1.49986e+11
4.0015e+06,457543,264297,-2.3865e+09,1.49981e+11
4.00782e+06,458670,265443,-2.76185e+09,1.49974e+11
4.01413e+06,459797,266593,-3.13718e+09,1.49967e+11
4.02044e+06,460923,267745,-3.5125e+09,1.49959e+11
4.02675e+06,462050,268900,-3.88778e+09,1.49949e+11
4.03306e+06,463177,270057,-4.26305e+09,1.49939e+11
4.03937e+06,464304,271218,-4.63829e+09,1.49928e+11
4.04568e+06,465430,272381,-5.0135e+09,1.49916e+11
4.052e+06,466557,273548,-5.38868e+09,1.49903e+11
4.05831e+06,467683,274717,-5.76382e+09,1.49889e+11
4.06462e+06,468809,275889,-6.13893e+09,1.49874e+11
4.07093e+06,469935,277063,-6.514e+09,1.49858e+11
4.07724e+06,471061,278241,-6.88903e+09,1.49842e+11
4.08355e+06,472187,279421,-7.26401e+09,1.49824e+11
4.08986e+06,473313,280604,-7.63895e+09,1.49805e+11
4.09618e+06,474439,281790,-8.01384e+09,1.49786e+11
4.10249e+06,475564,282979,-8.38869e+09,1.49765e+11
4.1088e+06,476690,284171,-8.76348e+09,1.49744e+11
4.11511e+06,477815,285365,-9.13821e+09,1.49721e+11
4.12142e+06,478940,286562,-9.51289e+09,1.49698e+11
4.12773e+06,480064,287762,-9.88751e+09,1.49674e+11
4.13405e+06,481189,288965,-1.02621e+10,1.49648e+11
4.14036e+06,482313,290171,-1.06366e+10,1.49622e+11
4.14667e+06,483438,291379,-1.1011e+10,1.49595e+11
4.15298e+06,484562,292591,-1.13853e+10,1.49567e+11
4.15929e+06,485685,293805,-1.17596e+10,1.49538e+11
4.1656e+06,486809,295022,-1.21338e+10,1.49508e+11
4.17191e+06,487932,296242,-1.2508e+10,1.49477e+11
4.17823e+06,489056,297464,-1.2882e+10,1.49446e+11
4.18454e+06,490178,298689,-1.3256e+10,1.49413e+11
4.19085e+06,491301,299918,-1.36299e+10,1.49379e+11
4.19716e+06,492423,301149,-1.40037e+10,1.49345e+11
4.20347e+06,493545,302382,-1.43774e+10,1.49309e+11
4.20978e+06,494667,303619,-1.4751e+10,1.49273e+11
4.2161e+06,495789,304858,-1.51246e+10,1.49235e+11
4.22241e+06,496910,306101,-1.5498e+10,1.49197e+11
4.22872e+06,498031,307346,-1.58714e+10,1.49158e+11
4.23503e+06,499152,308593,-1.62446e+10,1.49118e+11
4.24134e+06,500272,309844,-1.66178e+10,1.49076e+11
4.24765e+06,501392,311098,-1.69908e+10,1.49034e+11
4.25396e+06,502512,312354,-1.73637e+10,1.48991e+11
4.26028e+06,503631,313613,-1.77366e+10,1.48947e+11
4.26659e+06,504750,314875,-1.81093e+10,1.48903e+11
4.2729e+06,505869,316139,-1.84819e+10,1.48857e+11
4.27921e+06,506988,317407,-1.88544e+10,1.4881e+11
4.28552e+06,508106,318677,-1.92267e+10,1.48762e+11
4.29183e+06,509223,319950,-1.9599e+10,1.48714e+11
4.29815e+06,510341,321226,-1.99711e+10,1.48664e+11
4.30446e+06,511458,322504,-2.03431e+10,1.48614e+11
4.31077e+06,512574,323786,-2.0715e+10,1.48563e+11
4.31708e+06,513690,325070,-2.10867e+10,1.4851e+11
4.32339e+06,514806,326357,-2.14583e+10,1.48457e+11
4.3297e+06,515921,327647,-2.18298e+10,1.48403e+11
4.33601e+06,517036,328939,-2.22011e+10,1.48348e+11
4.34233e+06,518151,330235,-2.25723e+10,1.48292e+11
4.34864e+06,519265,331533,-2.29434e+10,1.48235e+11
4.35495e+06,520379,332834,-2.33143e+10,1.48177e+11
4.36126e+06,521492,334138,-2.36851e+10,1.48118e+11
4.36757e+06,522605,335444,-2.40557e+10,1.48058e+11
4.37388e+06,523717,336754,-2.44262e+10,1.47998e+11
4.38019e+06,524829,338066,-2.47965e+10,1.47936e+11
4.38651e+06,525940,339381,-2.51666e+10,1.47873e+11
4.39282e+06,527051,340698,-2.55366e+10,1.4781e+11
4.39913e+06,528162,342019,-2.59065e+10,1.47746e+11
4.40544e+06,529272,343342,-2.62762e+10,1.4768e+11
4.41175e+06,530381,344668,-2.66457e+10,1.47614e+11
4.41806e+06,531490,345997,-2.7015e+10,1.47547e+11
4.42438e+06,532599,347328,-2.73842e+10,1.47479e+11
4.43069e+06,533706,348663,-2.77532e+10,1.4741e+11
4.437e+06,534814,350000,-2.8122e+10,1.4734e+11
4.44331e+06,535921,351339,-2.84907e+10,1.47269e+11
4.44962e+06,537027,352682,-2.88592e+10,1.47197e+11
4.45593e+06,538133,354027,-2.92275e+10,1.47125e+11
4.46224e+06,539238,355376,-2.95956e+10,1.47051e+11
4.46856e+06,540343,356727,-2.99635e+10,1.46977e+11
4.47487e+06,541447,358080,-3.03313e+10,1.46901e+11
4.48118e+06,542551,359437,-3.06988e+10,1.46825e+11
4.48749e+06,543654,360796,-3.10662e+10,1.46747e+11
4.4938e+06,544756,362158,-3.14334e+10,1.46669e+11
4.50011e+06,545858,363523,-3.18003e+10,1.4659e+11
4.50643e+06,546959,364890,-3.21671e+10,1.4651e+11
4.51274e+06,548060,366260,-3.25337e+10,1.46429e+11
4.51905e+06,549160,367633,-3.29e+10,1.46347e+11
4.52536e+06,550259,369009,-3.32662e+10,1.46264e+11
4.53167e+06,551358,370388,-3.36321e+10,1.46181e+11
4.53798e+06,552456,371769,-3.39979e+10,1.46096e+11
4.54429e+06,553554,373153,-3.43634e+10,1.46011e+11
4.55061e+06,554651,374540,-3.47287e+10,1.45924e+11
4.55692e+06,555747,375929,-3.50938e+10,1.45837e+11
4.56323e+06,556842,377321,-3.54587e+10,1.45748e+11
4.56954e+06,557937,378716,-3.58233e+10,1.45659e+11
4.57585e+06,559031,380114,-3.61878e+10,1.45569e+11
4.58216e+06,560125,381515,-3.6552e+10,1.45478e+11
4.58848e+06,561218,382918,-3.69159e+10,1.45386e+11
4.59479e+06,562310,384324,-3.72797e+10,1.45293e+11
4.6011e+06,563401,385732,-3.76432e+10,1.452e+11
4.60741e+06,564492,387144,-3.80065e+10,1.45105e+11
4.61372e+06,565582,388558,-3.83695e+10,1.45009e+11
4.62003e+06,566671,389975,-3.87323e+10,1.44913e+11
4.62634e+06,567760,391394,-3.90948e+10,1.44815e+11
4.63266e+06,568848,392817,-3.94571e+10,1.44717e+11
4.63897e+06,569935,394242,-3.98192e+10,1.44618e+11
4.64528e+06,571021,395669,-4.0181e+10,1.44518e+11
4.65159e+06,572107,397100,-4.05426e+10,1.44417e+11
4.6579e+06,573192,398533,-4.09039e+10,1.44315e+11
4.66421e+06,574276,399969,-4.12649e+10,1.44212e+11
4.67052e+06,575359,401407,-4.16257e+10,1.44108e+11
4.67684e+06,576441,402849,-4.19862e+10,1.44004e+11
4.68315e+06,577523,404293,-4.23465e+10,1.43898e+11
4.68946e+06,578604,405740,-4.27065e+10,1.43792e+11
4.69577e+06,579684,407189,-4.30662e+10,1.43684e+11
4.70208e+06,580763,408641,-4.34257e+10,1.43576e+11
4.70839e+06,581842,410096,-4.37849e+10,1.43467e+11
4.71471e+06,582919,411553,-4.41438e+10,1.43357e+11
4.72102e+06,583996,413014,-4.45024e+10,1.43246e+11
4.72733e+06,585072,414477,-4.48608e+10,1.43134e+11
4.73364e+06,586147,415942,-4.52189e+10,1.43022e+11
4.73995e+06,587222,417410,-4.55767e+10,1.42908e+11
4.74626e+06,588295,418881,-4.59342e+10,1.42793e+11
4.75257e+06,589368,420355,-4.62914e+10,1.42678e+11
4.75889e+06,590439,421831,-4.66484e+10,1.42562e+11
4.7652e+06,591510,423310,-4.7005e+10,1.42444e+11
4.77151e+06,592580,424792,-4.73613e+10,1.42326e+11
4.77782e+06,593649,426277,-4.77174e+10,1.42207e+11
4.78413e+06,594717,427764,-4.80731e+10,1.42088e+11
4.79044e+06,595785,429253,-4.84286e+10,1.41967e+11
4.79676e+06,596851,430746,-4.87837e+10,1.41845e+11
4.80307e+06,597916,432241,-4.91386e+10,1.41723e+11
4.80938e+06,598981,433739,-4.94931e+10,1.41599e+11
4.81569e+06,600044,435239,-4.98473e+10,1.41475e+11
4.822e+06,601107,436742,-5.02013e+10,1.4135e+11
4.82831e+06,602169,438248,-5.05549e+10,1.41224e+11
4.83462e+06,603229,439756,-5.09081e+10,1.41097e+11
4.84094e+06,604289,441267,-5.12611e+10,1.40969e+11
4.84725e+06,605348,442781,-5.16137e+10,1.4084e+11
4.85356e+06,606406,444297,-5.19661e+10,1.4071e+11
4.85987e+06,607463,445816,-5.2318e+10,1.4058e+11
4.86618e+06,608519,447338,-5.26697e+10,1.40449e+11
4.87249e+06,609573,448862,-5.3021e+10,1.40316e+11
4.8788e+06,610627,450389,-5.3372e+10,1.40183e+11
4.88512e+06,611680,451919,-5.37227e+10,1.40049e+11
4.89143e+06,612732,453451,-5.4073e+10,1.39914e+11
4.89774e+06,613783,454985,-5.4423e+10,1.39778e+11
4.90405e+06,614833,456523,-5.47727e+10,1.39642e+11
4.91036e+06,615882,458063,-5.5122e+10,1.39504e+11
4.91667e+06,616929,459606,-5.5471e+10,1.39366e+11
4.92299e+06,617976,461151,-5.58196e+10,1.39227e+11
4.9293e+06,619022,462699,-5.61678e+10,1.39087e+11
4.93561e+06,620066,464249,-5.65158e+10,1.38946e+11
4.94192e+06,621110,465803,-5.68633e+10,1.38804e+11
4.94823e+06,622152,467358,-5.72105e+10,1.38661e+11
4.95454e+06,623194,468917,-5.75574e+10,1.38517e+11
4.96085e+06,624234,470478,-5.79039e+10,1.38373e+11
4.96717e+06,625273,472041,-5.825e+10,1.38227e+11
4.97348e+06,626312,473607,-5.85957e+10,1.38081e+11
4.97979e+06,627349,475176,-5.89411e+10,1.37934e+11
4.9861e+06,628385,476748,-5.92861e+10,1.37786e+11
4.99241e+06,629419,478321,-5.96308e+10,1.37637e+11
4.99872e+06,630453,479898,-5.99751e+10,1.37488e+11
5.00504e+06,631486,481477,-6.0319e+10,1.37337e+11
5.01135e+06,632517,483059,-6.06625e+10,1.37186e+11
5.01766e+06,633547,484643,-6.10056e+10,1.37034e+11
5.02397e+06,634577,486230,-6.13484e+10,1.3688e+11
5.03028e+06,635604,487819,-6.16908e+10,1.36726e+11
5.03659e+06,636631,489411,-6.20328e+10,1.36572e+11
5.0429e+06,637657,491006,-6.23744e+10,1.36416e+11
5.04922e+06,638681,492603,-6.27156e+10,1.36259e+11
5.05553e+06,639705,494203,-6.30564e+10,1.36102e+11
5.06184e+06,640727,495805,-6.33968e+10,1.35944e+11
5.06815e+06,641748,497410,-6.37369e+10,1.35785e+11
5.07446e+06,642768,499017,-6.40765e+10,1.35625e+11
5.08077e+06,643786,500627,-6.44157e+10,1.35464e+11
5.08709e+06,644803,502240,-6.47545e+10,1.35302e+11
5.0934e+06,645820,503855,-6.50929e+10,1.3514e+11
5.09971e+06,646834,505472,-6.5431e+10,1.34977e+11
5.10602e+06,647848,507092,-6.57686e+10,1.34812e+11
5.11233e+06,648860,508715,-6.61057e+10,1.34647e+11
5.11864e+06,649872,510340,-6.64425e+10,1.34481e+11
5.12495e+06,650882,511968,-6.67789e+10,1.34315e+11
5.13127e+06,651890,513598,-6.71148e+10,1.34147e+11
5.13758e+06,652898,515231,-6.74503e+10,1.33979e+11
5.14389e+06,653904,516866,-6.77854e+10,1.3381e+11
5.1502e+06,654909,518504,-6.81201e+10,1.3364e+11
5.15651e+06,655912,520144,-6.84543e+10,1.33469e+11
5.16282e+06,656914,521787,-6.87882e+10,1.33297e+11
5.16913e+06,657915,523432,-6.91215e+10,1.33124e+11
5.17545e+06,658915,525080,-6.94545e+10,1.32951e+11
5.18176e+06,659914,526731,-6.9787e+10,1.32777e+11
5.18807e+06,660911,528383,-7.01191e+10,1.32602e+11
5.19438e+06,661906,530039,-7.04507e+10,1.32426e+11
5.20069e+06,662901,531696,-7.07819e+10,1.32249e+11
5.207e+06,663894,533357,-7.11127e+10,1.32071e+11
5.21332e+06,664886,535020,-7.1443e+10,1.31893e+11
5.21963e+06,665876,536685,-7.17729e+10,1.31714e+11
5.22594e+06,666865,538353,-7.21023e+10,1.31534e+11
5.23225e+06,667853,540023,-7.24312e+10,1.31353e+11
5.23856e+06,668839,541695,-7.27598e+10,1.31171e+11
5.24487e+06,669824,543371,-7.30878e+10,1.30989e+11
5.25118e+06,670808,545048,-7.34154e+10,1.30805e+11
5.2575e+06,671790,546728,-7.37425e+10,1.30621e+11
5.26381e+06,672771,548411,-7.40692e+10,1.30436e+11
5.27012e+06,673750,550096,-7.43954e+10,1.3025e+11
5.27643e+06,674728,551783,-7.47212e+10,1.30064e+11
5.28274e+06,675705,553473,-7.50464e+10,1.29876e+11
5.28905e+06,676680,555165,-7.53712e+10,1.29688e+11
5.29537e+06,677654,556860,-7.56956e+10,1.29499e+11
5.30168e+06,678626,558557,-7.60194e+10,1.29309e+11
5.30799e+06,679597,560257,-7.63428e+10,1.29119e+11
5.3143e+06,680567,561959,-7.66657e+10,1.28927e+11
5.32061e+06,681535,563663,-7.69881e+10,1.28735e+11
5.32692e+06,682502,565370,-7.73101e+10,1.28542e+11
5.33323e+06,683467,567080,-7.76315e+10,1.28348e+11
5.33955e+06,684431,568791,-7.79525e+10,1.28153e+11
5.34586e+06,685393,570505,-7.8273e+10,1.27958e+11
5.35217e+06,686354,572222,-7.8593e+10,1.27761e+11
5.35848e+06,687313,573941,-7.89125e+10,1.27564e+11
5.36479e+06,688271,575662,-7.92315e+10,1.27366e+11
5.3711e+06,689227,577386,-7.955e+10,1.27168e+11
5.37742e+06,690182,579112,-7.9868e+10,1.26968e+11
5.38373e+06,691135,580841,-8.01855e+10,1.26768e+11
5.39004e+06,692087,582571,-8.05025e+10,1.26567e+11
5.39635e+06,693037,584305,-8.08191e+10,1.26365e+11
5.40266e+06,693986,586040,-8.11351e+10,1.26162e+11
5.40897e+06,694933,587778,-8.14505e+10,1.25959e+11
5.41528e+06,695879,589519,-8.17655e+10,1.25755e+11
5.4216e+06,696823,591262,-8.208e+10,1.2555e+11
5.42791e+06,697766,593007,-8.23939e+10,1.25344e+11
5.43422e+06,698707,594754,-8.27074e+10,1.25137e+11
5.44053e+06,699647,596504,-8.30203e+10,1.2493e+11
5.44684e+06,700585,598256,-8.33327e+10,1.24722e+11
5.45315e+06,701521,600011,-8.36446e+10,1.24513e+11
5.45946e+06,702456,601768,-8.39559e+10,1.24303e+11
5.46578e+06,703389,603527,-8.42668e+10,1.24093e+11
5.47209e+06,704321,605288,-8.45771e+10,1.23881e+11
5.4784e+06,705251,607052,-8.48868e+10,1.23669e+11
5.48471e+06,706179,608818,-8.51961e+10,1.23456e+11
5.49102e+06,707106,610587,-8.55048e+10,1.23243e+11
5.49733e+06,708032,612358,-8.5813e+10,1.23028e+11
5.50365e+06,708955,614131,-8.61206e+10,1.22813e+11
5.50996e+06,709877,615906,-8.64277e+10,1.22597e+11
5.51627e+06,710798,617684,-8.67342e+10,1.22381e+11
5.52258e+06,711717,619464,-8.70402e+10,1.22163e+11
5.52889e+06,712634,621247,-8.73457e+10,1.21945e+11
5.5352e+06,713549,623031,-8.76506e+10,1.21726e+11
5.54151e+06,714463,624818,-8.7955e+10,1.21506e+11
5.54783e+06,715375,626607,-8.82588e+10,1.21286e+11
5.55414e+06,716286,628399,-8.85621e+10,1.21064e+11
5.56045e+06,717195,630193,-8.88648e+10,1.20842e+11
5.56676e+06,718102,631989,-8.91669e+10,1.2062e+11
5.57307e+06,719008,633787,-8.94685e+10,1.20396e+11
5.57938e+06,719911,635588,-8.97696e+10,1.20172e+11
5.5857e+06,720814,637391,-9.007e+10,1.19947e+11
5.59201e+06,721714,639196,-9.03699e+10,1.19721e+11
5.59832e+06,722613,641003,-9.06693e+10,1.19494e+11
5.60463e+06,723510,642813,-9.0968e+10,1.19267e+11
5.61094e+06,724405,644624,-9.12663e+10,1.19039e+11
5.61725e+06,725299,646439,-9.15639e+10,1.1881e+11
5.62356e+06,726191,648255,-9.18609e+10,1.18581e+11
5.62988e+06,727081,650073,-9.21574e+10,1.1835e+11
5.63619e+06,727969,651894,-9.24533e+10,1.18119e+11
5.6425e+06,728856,653717,-9.27487e+10,1.17888e+11
5.64881e+06,729741,655542,-9.30434e+10,1.17655e+11
5.65512e+06,730624,657370,-9.33376e+10,1.17422e+11
5.66143e+06,731506,659199,-9.36311e+10,1.17188e+11
5.66774e+06,732386,661031,-9.39241e+10,1.16953e+11
5.67406e+06,733264,662865,-9.42165e+10,1.16718e+11
5.68037e+06,734140,664702,-9.45083e+10,1.16482e+11
5.68668e+06,735014,666540,-9.47996e+10,1.16245e+11
5.69299e+06,735887,668381,-9.50902e+10,1.16007e+11
5.6993e+06,736758,670223,-9.53802e+10,1.15769e+11
5.70561e+06,737627,672068,-9.56697e+10,1.1553e+11
5.71193e+06,738494,673916,-9.59585e+10,1.1529e+11
5.71824e+06,739359,675765,-9.62467e+10,1.15049e+11
5.72455e+06,740223,677616,-9.65344e+10,1.14808e+11
5.73086e+06,741085,679470,-9.68214e+10,1.14566e+11
5.73717e+06,741945,681326,-9.71078e+10,1.14324e+11
5.74348e+06,742803,683184,-9.73936e+10,1.1408e+11
5.74979e+06,743659,685044,-9.76788e+10,1.13836e+11
5.75611e+06,744514,686906,-9.79634e+10,1.13591e+11
5.76242e+06,745366,688770,-9.82474e+10,1.13346e+11
5.76873e+06,746217,690637,-9.85308e+10,1.13099e+11
5.77504e+06,747066,692506,-9.88135e+10,1.12853e+11
5.78135e+06,747913,694376,-9.90956e+10,1.12605e+11
5.78766e+06,748758,696249,-9.93771e+10,1.12357e+11
5.79398e+06,749602,698124,-9.9658e+10,1.12107e+11
5.80029e+06,750443,700001,-9.99383e+10,1.11858e+11
5.8066e+06,751283,701880,-1.00218e+11,1.11607e+11
5.81291e+06,752120,703762,-1.00497e+11,1.11356e+11
5.81922e+06,752956,705645,-1.00775e+11,1.11104e+11
5.82553e+06,753790,707531,-1.01053e+11,1.10852e+11
5.83184e+06,754622,709418,-1.0133e+11,1.10598e+11
5.83816e+06,755452,711308,-1.01607e+11,1.10344e+11
5.84447e+06,756281,713199,-1.01882e+11,1.1009e+11
5.85078e+06,757107,715093,-1.02158e+11,1.09834e+11
5.85709e+06,757931,716989,-1.02432e+11,1.09578e+11
5.8634e+06,758754,718887,-1.02706e+11,1.09322e+11
5.86971e+06,759574,720787,-1.02979e+11,1.09064e+11
5.87603e+06,760393,722689,-1.03252e+11,1.08806e+11
5.88234e+06,761209,724593,-1.03524e+11,1.08548e+11
5.88865e+06,762024,726499,-1.03795e+11,1.08288e+11
5.89496e+06,762837,728407,-1.04066e+11,1.08028e+11
5.90127e+06,763648,730317,-1.04336e+11,1.07767e+11
5.90758e+06,764456,732230,-1.04605e+11,1.07506e+11
5.91389e+06,765263,734144,-1.04874e+11,1.07244e+11
5.92021e+06,766068,736060,-1.05142e+11,1.06981e+11
5.92652e+06,766871,737978,-1.0541e+11,1.06717e+11
5.93283e+06,767672,739899,-1.05676e+11,1.06453e+11
5.93914e+06,768471,741821,-1.05942e+11,1.06188e+11
5.94545e+06,769268,743745,-1.06208e+11,1.05923e+11
5.95176e+06,770063,745671,-1.06473e+11,1.05657e+11
5.95807e+06,770856,747600,-1.06737e+11,1.0539e+11
5.96439e+06,771647,749530,-1.07e+11,1.05122e+11
5.9707e+06,772436,751462,-1.07263e+11,1.04854e+11
5.97701e+06,773222,753396,-1.07525e+11,1.04586e+11
5.98332e+06,774007,755332,-1.07786e+11,1.04316e+11
5.98963e+06,774790,757270,-1.08047e+11,1.04046e+11
5.99594e+06,775571,759210,-1.08307e+11,1.03775e+11
6.00226e+06,776350,761152,-1.08567e+11,1.03504e+11
6.00857e+06,777127,763096,-1.08825e+11,1.03232e+11
6.01488e+06,777901,765042,-1.09083e+11,1.02959e+11
6.02119e+06,778674,766990,-1.09341e+11,1.02686e+11
6.0275e+06,779444,768940,-1.09597e+11,1.02412e+11
6.03381e+06,780213,770891,-1.09853e+11,1.02137e+11
6.04012e+06,780979,772845,-1.10109e+11,1.01862e+11
6.04644e+06,781744,774801,-1.10363e+11,1.01586e+11
6.05275e+06,782506,776758,-1.10617e+11,1.0131e+11
6.05906e+06,783266,778717,-1.1087e+11,1.01032e+11
6.06537e+06,784025,780679,-1.11123e+11,1.00755e+11
6.07168e+06,784781,782642,-1.11375e+11,1.00476e+11
6.07799e+06,785535,784607,-1.11626e+11,1.00197e+11
6.08431e+06,786286,786574,-1.11876e+11,9.99175e+10
6.09062e+06,787036,788542,-1.12126e+11,9.96372e+10
6.09693e+06,787784,790513,-1.12375e+11,9.93563e+10
6.10324e+06,788529,792486,-1.12623e+11,9.90748e+10
6.10955e+06,789273,794460,-1.12871e+11,9.87926e+10
6.11586e+06,790014,796436,-1.13118e+11,9.85098e+10
6.12217e+06,790753,798414,-1.13364e+11,9.82264e+10
6.12849e+06,791490,800394,-1.13609e+11,9.79424e+10
6.1348e+06,792225,802376,-1.13854e+11,9.76577e+10
6.14111e+06,792958,804360,-1.14098e+11,9.73725e+10
6.14742e+06,793689,806345,-1.14341e+11,9.70866e+10
6.15373e+06,794417,808332,-1.14584e+11,9.68001e+10
6.16004e+06,795143,810322,-1.14826e+11,9.65131e+10
6.16636e+06,795868,812312,-1.15067e+11,9.62254e+10
6.17267e+06,796590,814305,-1.15308e+11,9.59371e+10
6.17898e+06,797309,816300,-1.15547e+11,9.56482e+10
6.18529e+06,798027,818296,-1.15786e+11,9.53587e+10
6.1916e+06,798742,820294,-1.16025e+11,9.50687e+10
6.19791e+06,799456,822294,-1.16262e+11,9.4778e+10
6.20422e+06,800167,824296,-1.16499e+11,9.44867e+10
6.21054e+06,800876,826299,-1.16735e+11,9.41949e+10
6.21685e+06,801582,828304,-1.1697e+11,9.39024e+10
6.22316e+06,802287,830311,-1.17205e+11,9.36094e+10
6.22947e+06,802989,832320,-1.17439e+11,9.33157e+10
6.23578e+06,803689,834331,-1.17672e+11,9.30215e+10
6.24209e+06,804387,836343,-1.17905e+11,9.27267e+10
6.2484e+06,805083,838357,-1.18136e+11,9.24314e+10
6.25472e+06,805776,840373,-1.18367e+11,9.21354e+10
6.26103e+06,806468,842390,-1.18597e+11,9.18389e+10
6.26734e+06,807157,844409,-1.18827e+11,9.15418e+10
6.27365e+06,807843,846430,-1.19056e+11,9.12441e+10
6.27996e+06,808528,848453,-1.19284e+11,9.09459e+10
6.28627e+06,809210,850477,-1.19511e+11,9.0647e+10
6.29259e+06,809890,852503,-1.19737e+11,9.03477e+10
6.2989e+06,810568,854531,-1.19963e+11,9.00477e+10
6.30521e+06,811243,856561,-1.20188e+11,8.97472e+10
6.31152e+06,811917,858592,-1.20412e+11,8.94461e+10
6.31783e+06,812588,860625,-1.20636e+11,8.91445e+10
6.32414e+06,813256,862659,-1.20859e+11,8.88423e+10
6.33045e+06,813923,864695,-1.2108e+11,8.85395e+10
6.33677e+06,814587,866733,-1.21302e+11,8.82362e+10
6.34308e+06,815249,868773,-1.21522e+11,8.79324e+10
6.34939e+06,815909,870814,-1.21742e+11,8.76279e+10
6.3557e+06,816566,872857,-1.21961e+11,8.7323e+10
6.36201e+06,817221,874901,-1.22179e+11,8.70175e+10
6.36832e+06,817874,876947,-1.22396e+11,8.67114e+10
6.37464e+06,818524,878995,-1.22613e+11,8.64048e+10
6.38095e+06,819172,881044,-1.22829e+11,8.60977e+10
6.38726e+06,819818,883095,-1.23044e+11,8.579e+10
6.39357e+06,820462,885148,-1.23258e+11,8.54818e+10
6.39988e+06,821103,887202,-1.23472e+11,8.51731e+10
6.40619e+06,821742,889258,-1.23685e+11,8.48638e+10
6.4125e+06,822378,891315,-1.23897e+11,8.4554e+10
6.41882e+06,823012,893374,-1.24108e+11,8.42436e+10
6.42513e+06,823644,895435,-1.24318e+11,8.39328e+10
6.43144e+06,824274,897497,-1.24528e+11,8.36214e+10
6.43775e+06,824901,899560,-1.24737e+11,8.33094e+10
6.44406e+06,825526,901626,-1.24945e+11,8.2997e+10
6.45037e+06,826148,903692,-1.25152e+11,8.2684e+10
6.45668e+06,826768,905761,-1.25359e+11,8.23706e+10
6.463e+06,827386,907831,-1.25564e+11,8.20566e+10
6.46931e+06,828002,909902,-1.25769e+11,8.1742e+10
6.47562e+06,828615,911975,-1.25974e+11,8.1427e+10
6.48193e+06,829225,914050,-1.26177e+11,8.11115e+10
6.48824e+06,829834,916126,-1.2638e+11,8.07955e+10
6.49455e+06,830440,918203,-1.26581e+11,8.04789e+10
6.50087e+06,831043,920283,-1.26782e+11,8.01619e+10
6.50718e+06,831644,922363,-1.26983e+11,7.98443e+10
6.51349e+06,832243,924445,-1.27182e+11,7.95263e+10
6.5198e+06,832839,926529,-1.27381e+11,7.92077e+10
6.52611e+06,833433,928614,-1.27579e+11,7.88887e+10
6.53242e+06,834025,930701,-1.27776e+11,7.85691e+10
6.53873e+06,834614,932789,-1.27972e+11,7.82491e+10
6.54505e+06,835201,934878,-1.28167e+11,7.79286e+10
6.55136e+06,835785,936969,-1.28362e+11,7.76076e+10
6.55767e+06,836367,939062,-1.28556e+11,7.72861e+10
6.56398e+06,836947,941156,-1.28749e+11,7.69641e+10
6.57029e+06,837524,943251,-1.28941e+11,7.66416e+10
6.5766e+06,838099,945348,-1.29132e+11,7.63187e+10
6.58292e+06,838671,947446,-1.29323e+11,7.59953e+10
6.58923e+06,839241,949546,-1.29513e+11,7.56714e+10
6.59554e+06,839808,951647,-1.29702e+11,7.5347e+10
6.60185e+06,840373,953749,-1.2989e+11,7.50221e+10
6.60816e+06,840936,955853,-1.30077e+11,7.46968e+10
6.61447e+06,841496,957958,-1.30264e+11,7.43711e+10
6.62078e+06,842053,960065,-1.30449e+11,7.40448e+10
6.6271e+06,842609,962173,-1.30634e+11,7.37181e+10
6.63341e+06,843161,964283,-1.30818e+11,7.33909e+10
6.63972e+06,843711,966394,-1.31002e+11,7.30633e+10
6.64603e+06,844259,968506,-1.31184e+11,7.27352e+10
6.65234e+06,844805,970619,-1.31366e+11,7.24067e+10
6.65865e+06,845347,972734,-1.31547e+11,7.20777e+10
6.66497e+06,845888,974851,-1.31727e+11,7.17482e+10
6.67128e+06,846426,976968,-1.31906e+11,7.14183e+10
6.67759e+06,846961,979087,-1.32084e+11,7.1088e+10
6.6839e+06,847494,981208,-1.32261e+11,7.07572e+10
6.69021e+06,848024,983329,-1.32438e+11,7.04259e+10
6.69652e+06,848552,985452,-1.32614e+11,7.00943e+10
6.70283e+06,849078,987577,-1.32789e+11,6.97621e+10
6.70915e+06,849601,989702,-1.32963e+11,6.94296e+10
6.71546e+06,850121,991829,-1.33137e+11,6.90966e+10
6.72177e+06,850639,993958,-1.33309e+11,6.87632e+10
6.72808e+06,851155,996087,-1.33481e+11,6.84293e+10
6.73439e+06,851668,998218,-1.33652e+11,6.80951e+10
6.7407e+06,852178,1.00035e+06,-1.33822e+11,6.77604e+10
6.74701e+06,852686,1.00248e+06,-1.33991e+11,6.74252e+10
6.75333e+06,853191,1.00462e+06,-1.34159e+11,6.70897e+10
6.75964e+06,853694,1.00675e+06,-1.34327e+11,6.67537e+10
6.76595e+06,854195,1.00889e+06,-1.34493e+11,6.64173e+10
6.77226e+06,854692,1.01103e+06,-1.34659e+11,6.60805e+10
6.77857e+06,855188,1.01317e+06,-1.34824e+11,6.57433e+10
6.78488e+06,855680,1.01531e+06,-1.34988e+11,6.54057e+10
6.7912e+06,856171,1.01745e+06,-1.35151e+11,6.50676e+10
6.79751e+06,856658,1.0196e+06,-1.35314e+11,6.47292e+10
6.80382e+06,857143,1.02174e+06,-1.35475e+11,6.43903e+10
6.81013e+06,857626,1.02389e+06,-1.35636e+11,6.4051e+10
6.81644e+06,858106,1.02603e+06,-1.35796e+11,6.37114e+10
6.82275e+06,858584,1.02818e+06,-1.35955e+11,6.33713e+10
6.82906e+06,859058,1.03033e+06,-1.36113e+11,6.30309e+10
6.83538e+06,859531,1.03248e+06,-1.3627e+11,6.269e+10
6.84169e+06,860001,1.03463e+06,-1.36427e+11,6.23488e+10
6.848e+06,860468,1.03679e+06,-1.36582e+11,6.20072e+10
6.85431e+06,860932,1.03894e+06,-1.36737e+11,6.16651e+10
6.86062e+06,861395,1.0411e+06,-1.36891e+11,6.13227e+10
6.86693e+06,861854,1.04325e+06,-1.37044e+11,6.09799e+10
6.87325e+06,862311,1.04541e+06,-1.37196e+11,6.06368e+10
6.87956e+06,862765,1.04757e+06,-1.37348e+11,6.02932e+10
6.88587e+06,863217,1.04973e+06,-1.37498e+11,5.99493e+10
6.89218e+06,863666,1.05189e+06,-1.37648e+11,5.9605e+10
6.89849e+06,864113,1.05405e+06,-1.37796e+11,5.92603e+10
6.9048e+06,864557,1.05621e+06,-1.37944e+11,5.89152e+10
6.91111e+06,864998,1.05838e+06,-1.38091e+11,5.85698e+10
6.91743e+06,865437,1.06054e+06,-1.38238e+11,5.8224e+10
6.92374e+06,865873,1.06271e+06,-1.38383e+11,5.78779e+10
6.93005e+06,866307,1.06488e+06,-1.38527e+11,5.75314e+10
6.93636e+06,866738,1.06705e+06,-1.38671e+11,5.71845e+10
6.94267e+06,867166,1.06922e+06,-1.38813e+11,5.68373e+10
6.94898e+06,867592,1.07139e+06,-1.38955e+11,5.64897e+10
6.9553e+06,868015,1.07356e+06,-1.39096e+11,5.61417e+10
6.96161e+06,868436,1.07573e+06,-1.39236e+11,5.57934e+10
6.96792e+06,868854,1.07791e+06,-1.39375e+11,5.54448e+10
6.97423e+06,869269,1.08008e+06,-1.39514e+11,5.50958e+10
6.98054e+06,869682,1.08226e+06,-1.39651e+11,5.47465e+10
6.98685e+06,870092,1.08443e+06,-1.39788e+11,5.43968e+10
6.99316e+06,870499,1.08661e+06,-1.39923e+11,5.40468e+10
6.99948e+06,870904,1.08879e+06,-1.40058e+11,5.36964e+10
7.00579e+06,871306,1.09097e+06,-1.40192e+11,5.33457e+10
7.0121e+06,871706,1.09315e+06,-1.40325e+11,5.29947e+10
7.01841e+06,872103,1.09533e+06,-1.40458e+11,5.26433e+10
7.02472e+06,872497,1.09752e+06,-1.40589e+11,5.22916e+10
7.03103e+06,872889,1.0997e+06,-1.40719e+11,5.19396e+10
7.03734e+06,873278,1.10189e+06,-1.40849e+11,5.15873e+10
7.04366e+06,873664,1.10407e+06,-1.40977e+11,5.12346e+10
7.04997e+06,874047,1.10626e+06,-1.41105e+11,5.08816e+10
7.05628e+06,874428,1.10845e+06,-1.41232e+11,5.05283e+10
7.06259e+06,874807,1.11064e+06,-1.41358e+11,5.01747e+10
7.0689e+06,875183,1.11283e+06,-1.41483e+11,4.98207e+10
7.07521e+06,875556,1.11502e+06,-1.41608e+11,4.94665e+10
7.08153e+06,875926,1.11721e+06,-1.41731e+11,4.91119e+10
7.08784e+06,876294,1.1194e+06,-1.41853e+11,4.87571e+10
7.09415e+06,876659,1.12159e+06,-1.41975e+11,4.84019e+10
7.10046e+06,877021,1.12379e+06,-1.42096e+11,4.80464e+10
7.10677e+06,877381,1.12598e+06,-1.42215e+11,4.76907e+10
7.11308e+06,877738,1.12818e+06,-1.42334e+11,4.73346e+10
7.11939e+06,878092,1.13038e+06,-1.42452e+11,4.69782e+10
7.12571e+06,878444,1.13258e+06,-1.42569e+11,4.66215e+10
7.13202e+06,878793,1.13478e+06,-1.42686e+11,4.62646e+10
7.13833e+06,879139,1.13697e+06,-1.42801e+11,4.59073e+10
7.14464e+06,879483,1.13918e+06,-1.42915e+11,4.55498e+10
7.15095e+06,879824,1.14138e+06,-1.43029e+11,4.5192e+10
7.15726e+06,880162,1.14358e+06,-1.43142e+11,4.48339e+10
7.16358e+06,880497,1.14578e+06,-1.43253e+11,4.44755e+10
7.16989e+06,880830,1.14799e+06,-1.43364e+11,4.41168e+10
7.1762e+06,881160,1.15019e+06,-1.43474e+11,4.37579e+10
7.18251e+06,881488,1.1524e+06,-1.43583e+11,4.33987e+10
7.18882e+06,881813,1.1546e+06,-1.43691e+11,4.30392e+10
7.19513e+06,882135,1.15681e+06,-1.43799e+11,4.26794e+10
7.20144e+06,882454,1.15902e+06,-1.43905e+11,4.23194e+10
7.20776e+06,882771,1.16123e+06,-1.44011e+11,4.19591e+10
7.21407e+06,883085,1.16344e+06,-1.44115e+11,4.15986e+10
7.22038e+06,883396,1.16565e+06,-1.44219e+11,4.12378e+10
7.22669e+06,883704,1.16786e+06,-1.44321e+11,4.08767e+10
7.233e+06,884010,1.17007e+06,-1.44423e+11,4.05154e+10
7.23931e+06,884313,1.17228e+06,-1.44524e+11,4.01538e+10
7.24562e+06,884614,1.1745e+06,-1.44624e+11,3.9792e+10
7.25194e+06,884911,1.17671e+06,-1.44723e+11,3.94299e+10
7.25825e+06,885206,1.17893e+06,-1.44822e+11,3.90676e+10
7.26456e+06,885498,1.18114e+06,-1.44919e+11,3.8705e+10
7.27087e+06,885788,1.18336e+06,-1.45015e+11,3.83422e+10
7.27718e+06,886075,1.18558e+06,-1.45111e+11,3.79791e+10
7.28349e+06,886359,1.18779e+06,-1.45205e+11,3.76159e+10
7.28981e+06,886640,1.19001e+06,-1.45299e+11,3.72523e+10
7.29612e+06,886918,1.19223e+06,-1.45392e+11,3.68886e+10
7.30243e+06,887194,1.19445e+06,-1.45484e+11,3.65246e+10
7.30874e+06,887467,1.19667e+06,-1.45575e+11,3.61604e+10
7.31505e+06,887738,1.19889e+06,-1.45665e+11,3.57959e+10
7.32136e+06,888005,1.20112e+06,-1.45754e+11,3.54312e+10
7.32767e+06,888270,1.20334e+06,-1.45842e+11,3.50664e+10
7.33399e+06,888532,1.20556e+06,-1.45929e+11,3.47012e+10
7.3403e+06,888792,1.20779e+06,-1.46016e+11,3.43359e+10
7.34661e+06,889048,1.21001e+06,-1.46101e+11,3.39704e+10
7.35292e+06,889302,1.21224e+06,-1.46186e+11,3.36046e+10
7.35923e+06,889553,1.21446e+06,-1.4627e+11,3.32386e+10
7.36554e+06,889802,1.21669e+06,-1.46352e+11,3.28725e+10
7.37186e+06,890047,1.21892e+06,-1.46434e+11,3.25061e+10
7.37817e+06,890290,1.22114e+06,-1.46515e+11,3.21395e+10
7.38448e+06,890530,1.22337e+06,-1.46595e+11,3.17727e+10
7.39079e+06,890768,1.2256e+06,-1.46674e+11,3.14057e+10
7.3971e+06,891002,1.22783e+06,-1.46752e+11,3.10385e+10
7.40341e+06,891234,1.23006e+06,-1.46829e+11,3.06712e+10
7.40972e+06,891463,1.23229e+06,-1.46906e+11,3.03036e+10
7.41604e+06,891690,1.23452e+06,-1.46981e+11,2.99358e+10
7.42235e+06,891913,1.23676e+06,-1.47055e+11,2.95679e+10
7.42866e+06,892134,1.23899e+06,-1.47129e+11,2.91998e+10
7.43497e+06,892352,1.24122e+06,-1.47202e+11,2.88315e+10
7.44128e+06,892567,1.24346e+06,-1.47273e+11,2.8463e+10
7.44759e+06,892780,1.24569e+06,-1.47344e+11,2.80943e+10
7.45391e+06,892989,1.24792e+06,-1.47414e+11,2.77254e+10
7.46022e+06,893196,1.25016e+06,-1.47483e+11,2.73564e+10
7.46653e+06,893400,1.25239e+06,-1.47551e+11,2.69872e+10
7.47284e+06,893602,1.25463e+06,-1.47618e+11,2.66179e+10
7.47915e+06,893800,1.25687e+06,-1.47684e+11,2.62483e+10
7.48546e+06,893996,1.2591e+06,-1.47749e+11,2.58786e+10
7.49177e+06,894189,1.26134e+06,-1.47814e+11,2.55088e+10
7.49809e+06,894380,1.26358e+06,-1.47877e+11,2.51388e+10
7.5044e+06,894567,1.26582e+06,-1.47939e+11,2.47686e+10
7.51071e+06,894752,1.26806e+06,-1.48001e+11,2.43983e+10
7.51702e+06,894934,1.2703e+06,-1.48062e+11,2.40278e+10
7.52333e+06,895113,1.27254e+06,-1.48121e+11,2.36572e+10
7.52964e+06,895289,1.27478e+06,-1.4818e+11,2.32864e+10
7.53595e+06,895463,1.27702e+06,-1.48238e+11,2.29154e+10
7.54227e+06,895634,1.27926e+06,-1.48295e+11,2.25444e+10
7.54858e+06,895802,1.2815e+06,-1.48351e+11,2.21732e+10
7.55489e+06,895967,1.28374e+06,-1.48406e+11,2.18018e+10
7.5612e+06,896129,1.28599e+06,-1.4846e+11,2.14303e+10
7.56751e+06,896289,1.28823e+06,-1.48513e+11,2.10587e+10
7.57382e+06,896446,1.29047e+06,-1.48565e+11,2.0687e+10
7.58014e+06,896600,1.29272e+06,-1.48616e+11,2.03151e+10
7.58645e+06,896751,1.29496e+06,-1.48667e+11,1.99431e+10
7.59276e+06,896900,1.29721e+06,-1.48716e+11,1.95709e+10
7.59907e+06,897045,1.29945e+06,-1.48765e+11,1.91987e+10
7.60538e+06,897188,1.3017e+06,-1.48812e+11,1.88263e+10
7.61169e+06,897328,1.30394e+06,-1.48859e+11,1.84538e+10
7.618e+06,897465,1.30619e+06,-1.48905e+11,1.80812e+10
7.62432e+06,897600,1.30843e+06,-1.48949e+11,1.77085e+10
7.63063e+06,897732,1.31068e+06,-1.48993e+11,1.73356e+10
7.63694e+06,897860,1.31293e+06,-1.49036e+11,1.69627e+10
7.64325e+06,897986,1.31517e+06,-1.49078e+11,1.65897e+10
7.64956e+06,898110,1.31742e+06,-1.49119e+11,1.62165e+10
7.65587e+06,898230,1.31967e+06,-1.49159e+11,1.58433e+10
7.66219e+06,898348,1.32192e+06,-1.49199e+11,1.54699e+10
7.6685e+06,898463,1.32417e+06,-1.49237e+11,1.50964e+10
7.67481e+06,898575,1.32641e+06,-1.49274e+11,1.47229e+10
7.68112e+06,898684,1.32866e+06,-1.4931e+11,1.43493e+10
7.68743e+06,898790,1.33091e+06,-1.49346e+11,1.39755e+10
7.69374e+06,898894,1.33316e+06,-1.4938e+11,1.36017e+10
7.70005e+06,898995,1.33541e+06,-1.49414e+11,1.32278e+10
7.70637e+06,899093,1.33766e+06,-1.49447e+11,1.28538e+10
7.71268e+06,899188,1.33991e+06,-1.49478e+11,1.24798e+10
7.71899e+06,899280,1.34216e+06,-1.49509e+11,1.21056e+10
7.7253e+06,899370,1.34441e+06,-1.49539e+11,1.17314e+10
7.73161e+06,899456,1.34666e+06,-1.49568e+11,1.13571e+10
7.73792e+06,899540,1.34892e+06,-1.49596e+11,1.09828e+10
7.74424e+06,899622,1.35117e+06,-1.49623e+11,1.06083e+10
7.75055e+06,899700,1.35342e+06,-1.49649e+11,1.02338e+10
7.75686e+06,899775,1.35567e+06,-1.49674e+11,9.85928e+09
7.76317e+06,899848,1.35792e+06,-1.49698e+11,9.48466e+09
7.76948e+06,899918,1.36018e+06,-1.49721e+11,9.10998e+09
7.77579e+06,899985,1.36243e+06,-1.49744e+11,8.73524e+09
7.7821e+06,900049,1.36468e+06,-1.49765e+11,8.36044e+09
7.78842e+06,900110,1.36693e+06,-1.49786e+11,7.9856e+09
7.79473e+06,900169,1.36919e+06,-1.49805e+11,7.6107e+09
7.80104e+06,900225,1.37144e+06,-1.49824e+11,7.23576e+09
7.80735e+06,900278,1.37369e+06,-1.49841e+11,6.86077e+09
7.81366e+06,900328,1.37594e+06,-1.49858e+11,6.48574e+09
7.81997e+06,900375,1.3782e+06,-1.49874e+11,6.11067e+09
7.82628e+06,900420,1.38045e+06,-1.49889e+11,5.73555e+09
7.8326e+06,900461,1.3827e+06,-1.49903e+11,5.36041e+09
7.83891e+06,900500,1.38496e+06,-1.49915e+11,4.98523e+09
7.84522e+06,900536,1.38721e+06,-1.49927e+11,4.61002e+09
7.85153e+06,900570,1.38947e+06,-1.49939e+11,4.23478e+09
7.85784e+06,900600,1.39172e+06,-1.49949e+11,3.85951e+09
7.86415e+06,900628,1.39397e+06,-1.49958e+11,3.48422e+09
7.87047e+06,900652,1.39623e+06,-1.49966e+11,3.1089e+09
7.87678e+06,900674,1.39848e+06,-1.49973e+11,2.73357e+09
7.88309e+06,900693,1.40074e+06,-1.4998e+11,2.35822e+09
7.8894e+06,900710,1.40299e+06,-1.49985e+11,1.98286e+09
7.89571e+06,900723,1.40524e+06,-1.4999e+11,1.60748e+09
7.90202e+06,900734,1.4075e+06,-1.49993e+11,1.23209e+09
7.90833e+06,900742,1.40975e+06,-1.49996e+11,8.567e+08
7.91465e+06,900747,1.41201e+06,-1.49998e+11,4.813e+08
7.92096e+06,900749,1.41426e+06,-1.49998e+11,1.05897e+08
7.92727e+06,900748,1.41652e+06,-1.49998e+11,-2.69506e+08
7.93358e+06,900745,1.41877e+06,-1.49997e+11,-6.44908e+08
7.93989e+06,900739,1.42102e+06,-1.49995e+11,-1.02031e+09
7.9462e+06,900729,1.42328e+06,-1.49992e+11,-1.3957e+09
7.95252e+06,900718,1.42553e+06,-1.49988e+11,-1.77108e+09
7.95883e+06,900703,1.42779e+06,-1.49983e+11,-2.14645e+09
7.96514e+06,900685,1.43004e+06,-1.49977e+11,-2.52181e+09
7.97145e+06,900665,1.4323e+06,-1.4997e+11,-2.89715e+09
7.97776e+06,900642,1.43455e+06,-1.49963e+11,-3.27248e+09
7.98407e+06,900616,1.4368e+06,-1.49954e+11,-3.64778e+09
7.99038e+06,900587,1.43906e+06,-1.49944e+11,-4.02306e+09
7.9967e+06,900555,1.44131e+06,-1.49934e+11,-4.39832e+09
8.00301e+06,900521,1.44357e+06,-1.49922e+11,-4.77354e+09
8.00932e+06,900483,1.44582e+06,-1.4991e+11,-5.14874e+09
8.01563e+06,900443,1.44807e+06,-1.49896e+11,-5.52391e+09
8.02194e+06,900400,1.45033e+06,-1.49882e+11,-5.89904e+09
8.02825e+06,900355,1.45258e+06,-1.49867e+11,-6.27413e+09
8.03456e+06,900306,1.45483e+06,-1.49851e+11,-6.64919e+09
8.04088e+06,900255,1.45709e+06,-1.49834e+11,-7.0242e+09
8.04719e+06,900200,1.45934e+06,-1.49816e+11,-7.39917e+09
8.0535e+06,900143,1.46159e+06,-1.49797e+11,-7.77409e+09
8.05981e+06,900084,1.46384e+06,-1.49777e+11,-8.14897e+09
8.06612e+06,900021,1.4661e+06,-1.49756e+11,-8.52379e+09
8.07243e+06,899955,1.46835e+06,-1.49734e+11,-8.89856e+09
8.07875e+06,899887,1.4706e+06,-1.49711e+11,-9.27327e+09
8.08506e+06,899816,1.47285e+06,-1.49688e+11,-9.64793e+09
8.09137e+06,899742,1.47511e+06,-1.49663e+11,-1.00225e+10
8.09768e+06,899665,1.47736e+06,-1.49637e+11,-1.03971e+10
8.10399e+06,899586,1.47961e+06,-1.49611e+11,-1.07715e+10
8.1103e+06,899504,1.48186e+06,-1.49583e+11,-1.11459e+10
8.11661e+06,899418,1.48411e+06,-1.49555e+11,-1.15203e+10
8.12293e+06,899330,1.48636e+06,-1.49526e+11,-1.18945e+10
8.12924e+06,899240,1.48861e+06,-1.49496e+11,-1.22687e+10
8.13555e+06,899146,1.49086e+06,-1.49464e+11,-1.26428e+10
8.14186e+06,899050,1.49311e+06,-1.49432e+11,-1.30168e+10
8.14817e+06,898950,1.49536e+06,-1.49399e+11,-1.33908e+10
8.15448e+06,898848,1.49761e+06,-1.49365e+11,-1.37646e+10
8.1608e+06,898743,1.49986e+06,-1.4933e+11,-1.41384e+10
8.16711e+06,898636,1.50211e+06,-1.49294e+11,-1.45121e+10
8.17342e+06,898525,1.50436e+06,-1.49258e+11,-1.48857e+10
8.17973e+06,898412,1.50661e+06,-1.4922e+11,-1.52592e+10
8.18604e+06,898296,1.50886e+06,-1.49181e+11,-1.56326e+10
8.19235e+06,898177,1.51111e+06,-1.49142e+11,-1.60059e+10
8.19866e+06,898055,1.51335e+06,-1.49101e+11,-1.63791e+10
8.20498e+06,897931,1.5156e+06,-1.4906e+11,-1.67522e+10
8.21129e+06,897804,1.51785e+06,-1.49017e+11,-1.71252e+10
8.2176e+06,897674,1.52009e+06,-1.48974e+11,-1.74981e+10
8.22391e+06,897541,1.52234e+06,-1.4893e+11,-1.78709e+10
8.23022e+06,897405,1.52459e+06,-1.48885e+11,-1.82436e+10
8.23653e+06,897266,1.52683e+06,-1.48838e+11,-1.86161e+10
8.24285e+06,897125,1.52908e+06,-1.48791e+11,-1.89886e+10
8.24916e+06,896981,1.53132e+06,-1.48743e+11,-1.93609e+10
8.25547e+06,896834,1.53357e+06,-1.48694e+11,-1.97331e+10
8.26178e+06,896684,1.53581e+06,-1.48645e+11,-2.01052e+10
8.26809e+06,896532,1.53806e+06,-1.48594e+11,-2.04771e+10
8.2744e+06,896377,1.5403e+06,-1.48542e+11,-2.0849e+10
8.28071e+06,896219,1.54254e+06,-1.48489e+11,-2.12207e+10
8.28703e+06,896058,1.54479e+06,-1.48436e+11,-2.15922e+10
8.29334e+06,895894,1.54703e+06,-1.48381e+11,-2.19637e+10
8.29965e+06,895728,1.54927e+06,-1.48326e+11,-2.23349e+10
8.30596e+06,895558,1.55151e+06,-1.4827e+11,-2.27061e+10
8.31227e+06,895386,1.55375e+06,-1.48212e+11,-2.30771e+10
8.31858e+06,895212,1.55599e+06,-1.48154e+11,-2.3448e+10
8.32489e+06,895034,1.55823e+06,-1.48095e+11,-2.38187e+10
8.33121e+06,894854,1.56047e+06,-1.48035e+11,-2.41892e+10
8.33752e+06,894670,1.56271e+06,-1.47974e+11,-2.45596e+10
8.34383e+06,894484,1.56495e+06,-1.47912e+11,-2.49299e+10
8.35014e+06,894296,1.56719e+06,-1.47849e+11,-2.53e+10
8.35645e+06,894104,1.56943e+06,-1.47785e+11,-2.567e+10
8.36276e+06,893910,1.57167e+06,-1.4772e+11,-2.60397e+10
8.36908e+06,893713,1.5739e+06,-1.47655e+11,-2.64094e+10
8.37539e+06,893513,1.57614e+06,-1.47588e+11,-2.67788e+10
8.3817e+06,893310,1.57837e+06,-1.47521e+11,-2.71481e+10
8.38801e+06,893105,1.58061e+06,-1.47452e+11,-2.75172e+10
8.39432e+06,892897,1.58284e+06,-1.47383e+11,-2.78862e+10
8.40063e+06,892686,1.58508e+06,-1.47313e+11,-2.82549e+10
8.40694e+06,892472,1.58731e+06,-1.47242e+11,-2.86235e+10
8.41326e+06,892256,1.58955e+06,-1.4717e+11,-2.89919e+10
8.41957e+06,892036,1.59178e+06,-1.47096e+11,-2.93602e+10
8.42588e+06,891814,1.59401e+06,-1.47023e+11,-2.97282e+10
8.43219e+06,891590,1.59624e+06,-1.46948e+11,-3.00961e+10
8.4385e+06,891362,1.59847e+06,-1.46872e+11,-3.04638e+10
8.44481e+06,891132,1.6007e+06,-1.46795e+11,-3.08312e+10
8.45113e+06,890899,1.60293e+06,-1.46718e+11,-3.11985e+10
8.45744e+06,890663,1.60516e+06,-1.46639e+11,-3.15656e+10
8.46375e+06,890424,1.60739e+06,-1.4656e+11,-3.19325e+10
8.47006e+06,890183,1.60962e+06,-1.46479e+11,-3.22992e+10
8.47637e+06,889939,1.61185e+06,-1.46398e+11,-3.26657e+10
8.48268e+06,889692,1.61408e+06,-1.46316e+11,-3.3032e+10
8.48899e+06,889442,1.6163e+06,-1.46233e+11,-3.33981e+10
8.49531e+06,889190,1.61853e+06,-1.46148e+11,-3.3764e+10
8.50162e+06,888935,1.62075e+06,-1.46064e+11,-3.41296e+10
8.50793e+06,888677,1.62298e+06,-1.45978e+11,-3.44951e+10
8.51424e+06,888416,1.6252e+06,-1.45891e+11,-3.48603e+10
8.52055e+06,888153,1.62742e+06,-1.45803e+11,-3.52253e+10
8.52686e+06,887887,1.62965e+06,-1.45715e+11,-3.55901e+10
8.53318e+06,887618,1.63187e+06,-1.45625e+11,-3.59547e+10
8.53949e+06,887347,1.63409e+06,-1.45535e+11,-3.6319e+10
8.5458e+06,887072,1.63631e+06,-1.45443e+11,-3.66832e+10
8.55211e+06,886795,1.63853e+06,-1.45351e+11,-3.7047e+10
8.55842e+06,886515,1.64075e+06,-1.45258e+11,-3.74107e+10
8.56473e+06,886233,1.64297e+06,-1.45164e+11,-3.77741e+10
8.57104e+06,885948,1.64518e+06,-1.45069e+11,-3.81373e+10
8.57736e+06,885660,1.6474e+06,-1.44973e+11,-3.85003e+10
8.58367e+06,885369,1.64962e+06,-1.44876e+11,-3.8863e+10
8.58998e+06,885076,1.65183e+06,-1.44778e+11,-3.92254e+10
8.59629e+06,884780,1.65405e+06,-1.4468e+11,-3.95876e+10
8.6026e+06,884481,1.65626e+06,-1.4458e+11,-3.99496e+10
8.60891e+06,884179,1.65847e+06,-1.4448e+11,-4.03113e+10
8.61522e+06,883875,1.66069e+06,-1.44378e+11,-4.06728e+10
8.62154e+06,883568,1.6629e+06,-1.44276e+11,-4.1034e+10
8.62785e+06,883258,1.66511e+06,-1.44173e+11,-4.1395e+10
8.63416e+06,882946,1.66732e+06,-1.44069e+11,-4.17556e+10
8.64047e+06,882631,1.66953e+06,-1.43964e+11,-4.21161e+10
8.64678e+06,882313,1.67174e+06,-1.43858e+11,-4.24762e+10
8.65309e+06,881992,1.67395e+06,-1.43751e+11,-4.28362e+10
8.65941e+06,881669,1.67615e+06,-1.43644e+11,-4.31958e+10
8.66572e+06,881343,1.67836e+06,-1.43535e+11,-4.35551e+10
8.67203e+06,881014,1.68056e+06,-1.43426e+11,-4.39142e+10
8.67834e+06,880683,1.68277e+06,-1.43315e+11,-4.42731e+10
8.68465e+06,880349,1.68497e+06,-1.43204e+11,-4.46316e+10
8.69096e+06,880012,1.68718e+06,-1.43092e+11,-4.49899e+10
8.69727e+06,879673,1.68938e+06,-1.42979e+11,-4.53478e+10
8.70359e+06,879331,1.69158e+06,-1.42865e+11,-4.57055e+10
8.7099e+06,878986,1.69378e+06,-1.4275e+11,-4.60629e+10
8.71621e+06,878638,1.69598e+06,-1.42634e+11,-4.64201e+10
8.72252e+06,878288,1.69818e+06,-1.42518e+11,-4.67769e+10
8.72883e+06,877935,1.70037e+06,-1.424e+11,-4.71334e+10
8.73514e+06,877580,1.70257e+06,-1.42282e+11,-4.74897e+10
8.74146e+06,877222,1.70477e+06,-1.42162e+11,-4.78456e+10
8.74777e+06,876861,1.70696e+06,-1.42042e+11,-4.82012e+10
8.75408e+06,876497,1.70916e+06,-1.41921e+11,-4.85566e+10
8.76039e+06,876131,1.71135e+06,-1.41799e+11,-4.89116e+10
8.7667e+06,875762,1.71354e+06,-1.41676e+11,-4.92663e+10
8.77301e+06,875391,1.71573e+06,-1.41553e+11,-4.96208e+10
8.77932e+06,875016,1.71792e+06,-1.41428e+11,-4.99749e+10
8.78564e+06,874639,1.72011e+06,-1.41302e+11,-5.03287e+10
8.79195e+06,874260,1.7223e+06,-1.41176e+11,-5.06822e+10
8.79826e+06,873878,1.72449e+06,-1.41049e+11,-5.10353e+10
8.80457e+06,873493,1.72667e+06,-1.40921e+11,-5.13882e+10
8.81088e+06,873105,1.72886e+06,-1.40791e+11,-5.17407e+10
8.81719e+06,872715,1.73105e+06,-1.40662e+11,-5.20929e+10
8.8235e+06,872322,1.73323e+06,-1.40531e+11,-5.24448e+10
8.82982e+06,871927,1.73541e+06,-1.40399e+11,-5.27963e+10
8.83613e+06,871529,1.73759e+06,-1.40266e+11,-5.31475e+10
8.84244e+06,871128,1.73977e+06,-1.40133e+11,-5.34984e+10
8.84875e+06,870725,1.74195e+06,-1.39999e+11,-5.38489e+10
8.85506e+06,870319,1.74413e+06,-1.39863e+11,-5.41992e+10
8.86137e+06,869910,1.74631e+06,-1.39727e+11,-5.4549e+10
8.86769e+06,869499,1.74849e+06,-1.3959e+11,-5.48986e+10
8.874e+06,869085,1.75066e+06,-1.39453e+11,-5.52477e+10
8.88031e+06,868669,1.75284e+06,-1.39314e+11,-5.55966e+10
8.88662e+06,868250,1.75501e+06,-1.39174e+11,-5.59451e+10
8.89293e+06,867828,1.75718e+06,-1.39034e+11,-5.62932e+10
8.89924e+06,867404,1.75935e+06,-1.38892e+11,-5.6641e+10
8.90555e+06,866977,1.76152e+06,-1.3875e+11,-5.69884e+10
8.91187e+06,866547,1.76369e+06,-1.38607e+11,-5.73355e+10
8.91818e+06,866115,1.76586e+06,-1.38463e+11,-5.76822e+10
8.92449e+06,865680,1.76803e+06,-1.38318e+11,-5.80286e+10
8.9308e+06,865243,1.77019e+06,-1.38173e+11,-5.83746e+10
8.93711e+06,864803,1.77236e+06,-1.38026e+11,-5.87202e+10
8.94342e+06,864360,1.77452e+06,-1.37879e+11,-5.90654e+10
8.94974e+06,863915,1.77669e+06,-1.37731e+11,-5.94103e+10
8.95605e+06,863467,1.77885e+06,-1.37582e+11,-5.97548e+10
8.96236e+06,863017,1.78101e+06,-1.37432e+11,-6.0099e+10
8.96867e+06,862564,1.78317e+06,-1.37281e+11,-6.04427e+10
8.97498e+06,862109,1.78533e+06,-1.37129e+11,-6.07861e+10
8.98129e+06,861651,1.78748e+06,-1.36976e+11,-6.11291e+10
8.9876e+06,861190,1.78964e+06,-1.36823e+11,-6.14717e+10
8.99392e+06,860727,1.79179e+06,-1.36669e+11,-6.1814e+10
9.00023e+06,860261,1.79395e+06,-1.36514e+11,-6.21558e+10
9.00654e+06,859793,1.7961e+06,-1.36358e+11,-6.24973e+10
9.01285e+06,859322,1.79825e+06,-1.36201e+11,-6.28384e+10
9.01916e+06,858848,1.8004e+06,-1.36043e+11,-6.3179e+10
9.02547e+06,858372,1.80255e+06,-1.35884e+11,-6.35193e+10
9.03179e+06,857894,1.8047e+06,-1.35725e+11,-6.38592e+10
9.0381e+06,857412,1.80684e+06,-1.35565e+11,-6.41987e+10
9.04441e+06,856929,1.80899e+06,-1.35404e+11,-6.45378e+10
9.05072e+06,856442,1.81113e+06,-1.35242e+11,-6.48764e+10
9.05703e+06,855954,1.81328e+06,-1.35079e+11,-6.52147e+10
9.06334e+06,855462,1.81542e+06,-1.34915e+11,-6.55526e+10
9.06965e+06,854968,1.81756e+06,-1.34751e+11,-6.589e+10
9.07597e+06,854472,1.8197e+06,-1.34586e+11,-6.62271e+10
9.08228e+06,853973,1.82183e+06,-1.34419e+11,-6.65637e+10
9.08859e+06,853472,1.82397e+06,-1.34252e+11,-6.68999e+10
9.0949e+06,852968,1.82611e+06,-1.34085e+11,-6.72357e+10
9.10121e+06,852461,1.82824e+06,-1.33916e+11,-6.7571e+10
9.10752e+06,851952,1.83037e+06,-1.33746e+11,-6.7906e+10
9.11383e+06,851441,1.8325e+06,-1.33576e+11,-6.82405e+10
9.12015e+06,850927,1.83464e+06,-1.33405e+11,-6.85746e+10
9.12646e+06,850410,1.83676e+06,-1.33233e+11,-6.89082e+10
9.13277e+06,849891,1.83889e+06,-1.3306e+11,-6.92415e+10
9.13908e+06,849369,1.84102e+06,-1.32886e+11,-6.95743e+10
9.14539e+06,848845,1.84314e+06,-1.32712e+11,-6.99066e+10
9.1517e+06,848319,1.84527e+06,-1.32536e+11,-7.02385e+10
9.15802e+06,847790,1.84739e+06,-1.3236e+11,-7.057e+10
9.16433e+06,847258,1.84951e+06,-1.32183e+11,-7.09011e+10
9.17064e+06,846724,1.85163e+06,-1.32005e+11,-7.12317e+10
9.17695e+06,846188,1.85375e+06,-1.31826e+11,-7.15618e+10
9.18326e+06,845649,1.85587e+06,-1.31647e+11,-7.18915e+10
9.18957e+06,845107,1.85798e+06,-1.31466e+11,-7.22208e+10
9.19588e+06,844563,1.8601e+06,-1.31285e+11,-7.25495e+10
9.2022e+06,844017,1.86221e+06,-1.31103e+11,-7.28779e+10
9.20851e+06,843468,1.86432e+06,-1.30921e+11,-7.32058e+10
9.21482e+06,842916,1.86643e+06,-1.30737e+11,-7.35332e+10
9.22113e+06,842363,1.86854e+06,-1.30552e+11,-7.38602e+10
9.22744e+06,841806,1.87065e+06,-1.30367e+11,-7.41867e+10
9.23375e+06,841248,1.87275e+06,-1.30181e+11,-7.45127e+10
9.24007e+06,840687,1.87486e+06,-1.29994e+11,-7.48383e+10
9.24638e+06,840123,1.87696e+06,-1.29807e+11,-7.51634e+10
9.25269e+06,839557,1.87906e+06,-1.29618e+11,-7.5488e+10
9.259e+06,838988,1.88116e+06,-1.29429e+11,-7.58122e+10
9.26531e+06,838418,1.88326e+06,-1.29239e+11,-7.61359e+10
9.27162e+06,837844,1.88536e+06,-1.29048e+11,-7.64591e+10
9.27793e+06,837268,1.88746e+06,-1.28856e+11,-7.67818e+10
9.28425e+06,836690,1.88955e+06,-1.28663e+11,-7.71041e+10
9.29056e+06,836110,1.89164e+06,-1.2847e+11,-7.74258e+10
9.29687e+06,835527,1.89374e+06,-1.28276e+11,-7.77471e+10
9.30318e+06,834941,1.89583e+06,-1.28081e+11,-7.80679e+10
9.30949e+06,834353,1.89792e+06,-1.27885e+11,-7.83882e+10
9.3158e+06,833763,1.9e+06,-1.27688e+11,-7.8708e+10
9.32212e+06,833170,1.90209e+06,-1.27491e+11,-7.90273e+10
9.32843e+06,832575,1.90417e+06,-1.27293e+11,-7.93462e+10
9.33474e+06,831978,1.90626e+06,-1.27094e+11,-7.96645e+10
9.34105e+06,831378,1.90834e+06,-1.26894e+11,-7.99823e+10
9.34736e+06,830776,1.91042e+06,-1.26693e+11,-8.02997e+10
9.35367e+06,830171,1.9125e+06,-1.26492e+11,-8.06165e+10
9.35998e+06,829564,1.91457e+06,-1.2629e+11,-8.09328e+10
9.3663e+06,828955,1.91665e+06,-1.26087e+11,-8.12486e+10
9.37261e+06,828343,1.91872e+06,-1.25883e+11,-8.15639e+10
9.37892e+06,827729,1.92079e+06,-1.25679e+11,-8.18787e+10
9.38523e+06,827113,1.92287e+06,-1.25473e+11,-8.2193e+10
9.39154e+06,826494,1.92493e+06,-1.25267e+11,-8.25068e+10
9.39785e+06,825872,1.927e+06,-1.2506e+11,-8.282e+10
9.40416e+06,825249,1.92907e+06,-1.24853e+11,-8.31328e+10
9.41048e+06,824623,1.93113e+06,-1.24644e+11,-8.3445e+10
9.41679e+06,823995,1.9332e+06,-1.24435e+11,-8.37567e+10
9.4231e+06,823364,1.93526e+06,-1.24225e+11,-8.40678e+10
9.42941e+06,822731,1.93732e+06,-1.24014e+11,-8.43785e+10
9.43572e+06,822096,1.93938e+06,-1.23803e+11,-8.46886e+10
9.44203e+06,821459,1.94143e+06,-1.2359e+11,-8.49981e+10
9.44835e+06,820819,1.94349e+06,-1.23377e+11,-8.53072e+10
9.45466e+06,820177,1.94554e+06,-1.23163e+11,-8.56157e+10
9.46097e+06,819532,1.94759e+06,-1.22949e+11,-8.59237e+10
9.46728e+06,818885,1.94964e+06,-1.22733e+11,-8.62311e+10
9.47359e+06,818236,1.95169e+06,-1.22517e+11,-8.6538e+10
9.4799e+06,817585,1.95374e+06,-1.223e+11,-8.68444e+10
9.48621e+06,816931,1.95578e+06,-1.22082e+11,-8.71502e+10
9.49253e+06,816275,1.95783e+06,-1.21864e+11,-8.74554e+10
9.49884e+06,815616,1.95987e+06,-1.21645e+11,-8.77601e+10
9.50515e+06,814956,1.96191e+06,-1.21424e+11,-8.80643e+10
9.51146e+06,814293,1.96395e+06,-1.21204e+11,-8.83679e+10
9.51777e+06,813628,1.96599e+06,-1.20982e+11,-8.8671e+10
9.52408e+06,812960,1.96802e+06,-1.2076e+11,-8.89735e+10
9.5304e+06,812291,1.97005e+06,-1.20537e+11,-8.92754e+10
9.53671e+06,811619,1.97209e+06,-1.20313e+11,-8.95768e+10
9.54302e+06,810944,1.97412e+06,-1.20088e+11,-8.98777e+10
9.54933e+06,810268,1.97615e+06,-1.19863e+11,-9.01779e+10
9.55564e+06,809589,1.97817e+06,-1.19637e+11,-9.04776e+10
9.56195e+06,808908,1.9802e+06,-1.1941e+11,-9.07768e+10
9.56826e+06,808225,1.98222e+06,-1.19183e+11,-9.10753e+10
9.57458e+06,807539,1.98424e+06,-1.18954e+11,-9.13733e+10
9.58089e+06,806851,1.98626e+06,-1.18725e+11,-9.16708e+10
9.5872e+06,806161,1.98828e+06,-1.18495e+11,-9.19676e+10
9.59351e+06,805469,1.9903e+06,-1.18265e+11,-9.22639e+10
9.59982e+06,804775,1.99231e+06,-1.18034e+11,-9.25596e+10
9.60613e+06,804078,1.99433e+06,-1.17802e+11,-9.28547e+10
9.61244e+06,803379,1.99634e+06,-1.17569e+11,-9.31492e+10
9.61876e+06,802678,1.99835e+06,-1.17335e+11,-9.34432e+10
9.62507e+06,801975,2.00036e+06,-1.17101e+11,-9.37365e+10
9.63138e+06,801269,2.00236e+06,-1.16866e+11,-9.40293e+10
9.63769e+06,800562,2.00437e+06,-1.1663e+11,-9.43215e+10
9.644e+06,799852,2.00637e+06,-1.16394e+11,-9.46131e+10
9.65031e+06,799140,2.00837e+06,-1.16157e+11,-9.49041e+10
9.65663e+06,798426,2.01037e+06,-1.15919e+11,-9.51945e+10
9.66294e+06,797709,2.01237e+06,-1.1568e+11,-9.54843e+10
9.66925e+06,796990,2.01436e+06,-1.15441e+11,-9.57735e+10
9.67556e+06,796270,2.01636e+06,-1.15201e+11,-9.60622e+10
9.68187e+06,795547,2.01835e+06,-1.1496e+11,-9.63502e+10
9.68818e+06,794822,2.02034e+06,-1.14719e+11,-9.66376e+10
9.69449e+06,794094,2.02233e+06,-1.14477e+11,-9.69244e+10
9.70081e+06,793365,2.02431e+06,-1.14234e+11,-9.72106e+10
9.70712e+06,792633,2.0263e+06,-1.1399e+11,-9.74962e+10
9.71343e+06,791900,2.02828e+06,-1.13746e+11,-9.77812e+10
9.71974e+06,791164,2.03026e+06,-1.135e+11,-9.80655e+10
9.72605e+06,790426,2.03224e+06,-1.13255e+11,-9.83493e+10
9.73236e+06,789686,2.03422e+06,-1.13008e+11,-9.86324e+10
9.73868e+06,788943,2.03619e+06,-1.12761e+11,-9.89149e+10
9.74499e+06,788199,2.03817e+06,-1.12513e+11,-9.91968e+10
9.7513e+06,787453,2.04014e+06,-1.12264e+11,-9.94781e+10
9.75761e+06,786704,2.04211e+06,-1.12015e+11,-9.97588e+10
9.76392e+06,785953,2.04408e+06,-1.11765e+11,-1.00039e+11
9.77023e+06,785201,2.04604e+06,-1.11514e+11,-1.00318e+11
9.77654e+06,784446,2.04801e+06,-1.11263e+11,-1.00597e+11
9.78286e+06,783689,2.04997e+06,-1.11011e+11,-1.00875e+11
9.78917e+06,782930,2.05193e+06,-1.10758e+11,-1.01153e+11
9.79548e+06,782168,2.05389e+06,-1.10505e+11,-1.0143e+11
9.80179e+06,781405,2.05584e+06,-1.1025e+11,-1.01706e+11
9.8081e+06,780640,2.0578e+06,-1.09995e+11,-1.01981e+11
9.81441e+06,779873,2.05975e+06,-1.0974e+11,-1.02256e+11
9.82073e+06,779103,2.0617e+06,-1.09484e+11,-1.02531e+11
9.82704e+06,778332,2.06365e+06,-1.09227e+11,-1.02804e+11
9.83335e+06,777558,2.0656e+06,-1.08969e+11,-1.03077e+11
9.83966e+06,776782,2.06754e+06,-1.08711e+11,-1.0335e+11
9.84597e+06,776005,2.06949e+06,-1.08452e+11,-1.03622e+11
9.85228e+06,775225,2.07143e+06,-1.08192e+11,-1.03893e+11
9.85859e+06,774443,2.07337e+06,-1.07932e+11,-1.04163e+11
9.86491e+06,773660,2.0753e+06,-1.07671e+11,-1.04433e+11
9.87122e+06,772874,2.07724e+06,-1.07409e+11,-1.04702e+11
9.87753e+06,772086,2.07917e+06,-1.07147e+11,-1.04971e+11
9.88384e+06,771296,2.0811e+06,-1.06883e+11,-1.05238e+11
9.89015e+06,770504,2.08303e+06,-1.0662e+11,-1.05505e+11
9.89646e+06,769711,2.08496e+06,-1.06355e+11,-1.05772e+11
9.90277e+06,768915,2.08689e+06,-1.0609e+11,-1.06038e+11
9.90909e+06,768117,2.08881e+06,-1.05825e+11,-1.06303e+11
9.9154e+06,767317,2.09073e+06,-1.05558e+11,-1.06568e+11
9.92171e+06,766515,2.09265e+06,-1.05291e+11,-1.06831e+11
9.92802e+06,765712,2.09457e+06,-1.05023e+11,-1.07095e+11
9.93433e+06,764906,2.09648e+06,-1.04755e+11,-1.07357e+11
9.94064e+06,764098,2.0984e+06,-1.04486e+11,-1.07619e+11
9.94696e+06,763288,2.10031e+06,-1.04216e+11,-1.0788e+11
9.95327e+06,762477,2.10222e+06,-1.03946e+11,-1.08141e+11
9.95958e+06,761663,2.10412e+06,-1.03675e+11,-1.084e+11
9.96589e+06,760848,2.10603e+06,-1.03404e+11,-1.0866e+11
9.9722e+06,760030,2.10793e+06,-1.03131e+11,-1.08918e+11
9.97851e+06,759211,2.10983e+06,-1.02858e+11,-1.09176e+11
9.98482e+06,758389,2.11173e+06,-1.02585e+11,-1.09433e+11
9.99114e+06,757566,2.11363e+06,-1.02311e+11,-1.09689e+11
9.99745e+06,756741,2.11552e+06,-1.02036e+11,-1.09945e+11
1.00038e+07,755914,2.11742e+06,-1.0176e+11,-1.102e+11
1.00101e+07,755084,2.11931e+06,-1.01484e+11,-1.10454e+11
1.00164e+07,754254,2.1212e+06,-1.01207e+11,-1.10708e+11
1.00227e+07,753421,2.12308e+06,-1.0093e+11,-1.10961e+11
1.0029e+07,752586,2.12497e+06,-1.00652e+11,-1.11213e+11
1.00353e+07,751749,2.12685e+06,-1.00373e+11,-1.11465e+11
1.00416e+07,750911,2.12873e+06,-1.00094e+11,-1.11716e+11
1.00479e+07,750070,2.13061e+06,-9.98141e+10,-1.11966e+11
1.00543e+07,749228,2.13249e+06,-9.95336e+10,-1.12215e+11
1.00606e+07,748384,2.13436e+06,-9.92524e+10,-1.12464e+11
1.00669e+07,747538,2.13623e+06,-9.89706e+10,-1.12712e+11
1.00732e+07,746690,2.1381e+06,-9.86882e+10,-1.12959e+11
1.00795e+07,745840,2.13997e+06,-9.84052e+10,-1.13206e+11
1.00858e+07,744988,2.14183e+06,-9.81216e+10,-1.13452e+11
1.00921e+07,744135,2.1437e+06,-9.78373e+10,-1.13697e+11
1.00984e+07,743280,2.14556e+06,-9.75525e+10,-1.13942e+11
1.01047e+07,742423,2.14742e+06,-9.7267e+10,-1.14185e+11
1.01111e+07,741564,2.14928e+06,-9.69809e+10,-1.14428e+11
1.01174e+07,740703,2.15113e+06,-9.66942e+10,-1.14671e+11
1.01237e+07,739840,2.15298e+06,-9.64069e+10,-1.14912e+11
1.013e+07,738976,2.15483e+06,-9.6119e+10,-1.15153e+11
1.01363e+07,738110,2.15668e+06,-9.58305e+10,-1.15394e+11
1.01426e+07,737241,2.15853e+06,-9.55414e+10,-1.15633e+11
1.01489e+07,736372,2.16037e+06,-9.52517e+10,-1.15872e+11
1.01552e+07,735500,2.16221e+06,-9.49614e+10,-1.1611e+11
1.01615e+07,734627,2.16405e+06,-9.46705e+10,-1.16347e+11
1.01679e+07,733751,2.16589e+06,-9.4379e+10,-1.16584e+11
1.01742e+07,732874,2.16773e+06,-9.4087e+10,-1.1682e+11
1.01805e+07,731996,2.16956e+06,-9.37943e+10,-1.17055e+11
1.01868e+07,731115,2.17139e+06,-9.35011e+10,-1.17289e+11
1.01931e+07,730233,2.17322e+06,-9.32072e+10,-1.17523e+11
1.01994e+07,729349,2.17505e+06,-9.29128e+10,-1.17756e+11
1.02057e+07,728463,2.17687e+06,-9.26178e+10,-1.17988e+11
1.0212e+07,727576,2.17869e+06,-9.23222e+10,-1.18219e+11
1.02184e+07,726687,2.18051e+06,-9.2026e+10,-1.1845e+11
1.02247e+07,725796,2.18233e+06,-9.17293e+10,-1.1868e+11
1.0231e+07,724903,2.18414e+06,-9.1432e+10,-1.18909e+11
1.02373e+07,724009,2.18596e+06,-9.11341e+10,-1.19137e+11
1.02436e+07,723112,2.18777e+06,-9.08357e+10,-1.19365e+11
1.02499e+07,722215,2.18958e+06,-9.05366e+10,-1.19592e+11
1.02562e+07,721315,2.19138e+06,-9.0237e+10,-1.19818e+11
1.02625e+07,720414,2.19319e+06,-8.99369e+10,-1.20044e+11
1.02688e+07,719511,2.19499e+06,-8.96362e+10,-1.20268e+11
1.02752e+07,718606,2.19679e+06,-8.93349e+10,-1.20492e+11
1.02815e+07,717700,2.19859e+06,-8.9033e+10,-1.20716e+11
1.02878e+07,716792,2.20038e+06,-8.87306e+10,-1.20938e+11
1.02941e+07,715882,2.20217e+06,-8.84277e+10,-1.2116e+11
1.03004e+07,714971,2.20396e+06,-8.81242e+10,-1.21381e+11
1.03067e+07,714058,2.20575e+06,-8.78201e+10,-1.21601e+11
1.0313e+07,713144,2.20754e+06,-8.75155e+10,-1.2182e+11
1.03193e+07,712227,2.20932e+06,-8.72103e+10,-1.22039e+11
1.03256e+07,711309,2.2111e+06,-8.69046e+10,-1.22257e+11
1.0332e+07,710390,2.21288e+06,-8.65984e+10,-1.22474e+11
1.03383e+07,709469,2.21466e+06,-8.62916e+10,-1.2269e+11
1.03446e+07,708546,2.21643e+06,-8.59843e+10,-1.22906e+11
1.03509e+07,707622,2.21821e+06,-8.56764e+10,-1.23121e+11
1.03572e+07,706696,2.21998e+06,-8.5368e+10,-1.23335e+11
1.03635e+07,705768,2.22174e+06,-8.5059e+10,-1.23548e+11
1.03698e+07,704839,2.22351e+06,-8.47496e+10,-1.2376e+11
1.03761e+07,703908,2.22527e+06,-8.44396e+10,-1.23972e+11
1.03825e+07,702976,2.22703e+06,-8.4129e+10,-1.24183e+11
1.03888e+07,702042,2.22879e+06,-8.3818e+10,-1.24393e+11
1.03951e+07,701106,2.23055e+06,-8.35064e+10,-1.24603e+11
1.04014e+07,700169,2.2323e+06,-8.31943e+10,-1.24811e+11
1.04077e+07,699230,2.23405e+06,-8.28816e+10,-1.25019e+11
1.0414e+07,698290,2.2358e+06,-8.25685e+10,-1.25226e+11
1.04203e+07,697348,2.23755e+06,-8.22548e+10,-1.25432e+11
1.04266e+07,696405,2.23929e+06,-8.19406e+10,-1.25638e+11
1.04329e+07,695460,2.24103e+06,-8.16259e+10,-1.25843e+11
1.04393e+07,694514,2.24277e+06,-8.13107e+10,-1.26046e+11
1.04456e+07,693566,2.24451e+06,-8.0995e+10,-1.2625e+11
1.04519e+07,692616,2.24624e+06,-8.06788e+10,-1.26452e+11
1.04582e+07,691665,2.24797e+06,-8.03621e+10,-1.26653e+11
1.04645e+07,690713,2.2497e+06,-8.00448e+10,-1.26854e+11
1.04708e+07,689759,2.25143e+06,-7.97271e+10,-1.27054e+11
1.04771e+07,688803,2.25316e+06,-7.94089e+10,-1.27253e+11
1.04834e+07,687846,2.25488e+06,-7.90901e+10,-1.27451e+11
1.04897e+07,686888,2.2566e+06,-7.87709e+10,-1.27649e+11
1.04961e+07,685928,2.25832e+06,-7.84512e+10,-1.27846e+11
1.05024e+07,684966,2.26003e+06,-7.8131e+10,-1.28042e+11
1.05087e+07,684003,2.26175e+06,-7.78103e+10,-1.28237e+11
1.0515e+07,683039,2.26346e+06,-7.74891e+10,-1.28431e+11
1.05213e+07,682073,2.26516e+06,-7.71674e+10,-1.28625e+11
1.05276e+07,681106,2.26687e+06,-7.68453e+10,-1.28817e+11
1.05339e+07,680137,2.26857e+06,-7.65226e+10,-1.29009e+11
1.05402e+07,679167,2.27028e+06,-7.61995e+10,-1.292e+11
1.05465e+07,678196,2.27197e+06,-7.58759e+10,-1.29391e+11
1.05529e+07,677223,2.27367e+06,-7.55518e+10,-1.2958e+11
1.05592e+07,676248,2.27536e+06,-7.52273e+10,-1.29769e+11
1.05655e+07,675272,2.27705e+06,-7.49023e+10,-1.29957e+11
1.05718e+07,674295,2.27874e+06,-7.45768e+10,-1.30144e+11
1.05781e+07,673316,2.28043e+06,-7.42508e+10,-1.3033e+11
1.05844e+07,672336,2.28211e+06,-7.39244e+10,-1.30516e+11
1.05907e+07,671355,2.2838e+06,-7.35976e+10,-1.307e+11
1.0597e+07,670372,2.28547e+06,-7.32702e+10,-1.30884e+11
1.06034e+07,669388,2.28715e+06,-7.29424e+10,-1.31067e+11
1.06097e+07,668402,2.28882e+06,-7.26142e+10,-1.31249e+11
1.0616e+07,667415,2.2905e+06,-7.22854e+10,-1.3143e+11
1.06223e+07,666427,2.29217e+06,-7.19563e+10,-1.31611e+11
1.06286e+07,665437,2.29383e+06,-7.16267e+10,-1.31791e+11
1.06349e+07,664446,2.2955e+06,-7.12966e+10,-1.31969e+11
1.06412e+07,663454,2.29716e+06,-7.09661e+10,-1.32147e+11
1.06475e+07,662460,2.29882e+06,-7.06351e+10,-1.32325e+11
1.06538e+07,661465,2.30047e+06,-7.03038e+10,-1.32501e+11
1.06602e+07,660469,2.30213e+06,-6.99719e+10,-1.32676e+11
1.06665e+07,659471,2.30378e+06,-6.96396e+10,-1.32851e+11
1.06728e+07,658472,2.30543e+06,-6.93069e+10,-1.33025e+11
1.06791e+07,657472,2.30708e+06,-6.89738e+10,-1.33198e+11
1.06854e+07,656470,2.30872e+06,-6.86402e+10,-1.3337e+11
1.06917e+07,655467,2.31036e+06,-6.83062e+10,-1.33542e+11
1.0698e+07,654463,2.312e+06,-6.79718e+10,-1.33712e+11
1.07043e+07,653458,2.31364e+06,-6.76369e+10,-1.33882e+11
1.07106e+07,652451,2.31527e+06,-6.73016e+10,-1.34051e+11
1.0717e+07,651443,2.3169e+06,-6.69659e+10,-1.34219e+11
1.07233e+07,650434,2.31853e+06,-6.66298e+10,-1.34386e+11
1.07296e+07,649423,2.32016e+06,-6.62933e+10,-1.34552e+11
1.07359e+07,648412,2.32178e+06,-6.59563e+10,-1.34718e+11
1.07422e+07,647399,2.3234e+06,-6.56189e+10,-1.34882e+11
1.07485e+07,646385,2.32502e+06,-6.52811e+10,-1.35046e+11
1.07548e+07,645369,2.32664e+06,-6.4943e+10,-1.35209e+11
1.07611e+07,644353,2.32825e+06,-6.46044e+10,-1.35371e+11
1.07675e+07,643335,2.32986e+06,-6.42654e+10,-1.35533e+11
1.07738e+07,642316,2.33147e+06,-6.3926e+10,-1.35693e+11
1.07801e+07,641295,2.33308e+06,-6.35861e+10,-1.35853e+11
1.07864e+07,640274,2.33468e+06,-6.32459e+10,-1.36011e+11
1.07927e+07,639251,2.33628e+06,-6.29053e+10,-1.36169e+11
1.0799e+07,638227,2.33788e+06,-6.25644e+10,-1.36326e+11
1.08053e+07,637202,2.33948e+06,-6.2223e+10,-1.36482e+11
1.08116e+07,636176,2.34107e+06,-6.18812e+10,-1.36638e+11
1.08179e+07,635149,2.34266e+06,-6.1539e+10,-1.36792e+11
1.08243e+07,634120,2.34425e+06,-6.11965e+10,-1.36946e+11
1.08306e+07,633091,2.34584e+06,-6.08536e+10,-1.37098e+11
1.08369e+07,632060,2.34742e+06,-6.05102e+10,-1.3725e+11
1.08432e+07,631028,2.349e+06,-6.01665e+10,-1.37401e+11
1.08495e+07,629995,2.35058e+06,-5.98225e+10,-1.37551e+11
1.08558e+07,628961,2.35215e+06,-5.9478e+10,-1.37701e+11
1.08621e+07,627925,2.35373e+06,-5.91332e+10,-1.37849e+11
1.08684e+07,626889,2.3553e+06,-5.8788e+10,-1.37997e+11
1.08747e+07,625851,2.35687e+06,-5.84425e+10,-1.38143e+11
1.08811e+07,624813,2.35843e+06,-5.80966e+10,-1.38289e+11
1.08874e+07,623773,2.35999e+06,-5.77503e+10,-1.38434e+11
1.08937e+07,622732,2.36155e+06,-5.74036e+10,-1.38578e+11
1.09e+07,621690,2.36311e+06,-5.70566e+10,-1.38721e+11
1.09063e+07,620647,2.36466e+06,-5.67093e+10,-1.38864e+11
1.09126e+07,619603,2.36622e+06,-5.63615e+10,-1.39005e+11
1.09189e+07,618558,2.36777e+06,-5.60135e+10,-1.39146e+11
1.09252e+07,617512,2.36931e+06,-5.56651e+10,-1.39286e+11
1.09316e+07,616465,2.37086e+06,-5.53163e+10,-1.39425e+11
1.09379e+07,615417,2.3724e+06,-5.49672e+10,-1.39563e+11
1.09442e+07,614367,2.37394e+06,-5.46177e+10,-1.397e+11
1.09505e+07,613317,2.37547e+06,-5.42679e+10,-1.39836e+11
1.09568e+07,612266,2.37701e+06,-5.39178e+10,-1.39971e+11
1.09631e+07,611214,2.37854e+06,-5.35673e+10,-1.40106e+11
1.09694e+07,610160,2.38007e+06,-5.32165e+10,-1.40239e+11
1.09757e+07,609106,2.38159e+06,-5.28653e+10,-1.40372e+11
1.0982e+07,608051,2.38312e+06,-5.25138e+10,-1.40504e+11
1.09884e+07,606994,2.38464e+06,-5.2162e+10,-1.40635e+11
1.09947e+07,605937,2.38615e+06,-5.18099e+10,-1.40765e+11
1.1001e+07,604879,2.38767e+06,-5.14574e+10,-1.40894e+11
1.10073e+07,603819,2.38918e+06,-5.11046e+10,-1.41023e+11
1.10136e+07,602759,2.39069e+06,-5.07515e+10,-1.4115e+11
1.10199e+07,601698,2.3922e+06,-5.03981e+10,-1.41277e+11
1.10262e+07,600636,2.3937e+06,-5.00444e+10,-1.41402e+11
1.10325e+07,599573,2.3952e+06,-4.96903e+10,-1.41527e+11
1.10388e+07,598509,2.3967e+06,-4.9336e+10,-1.41651e+11
1.10452e+07,597444,2.3982e+06,-4.89813e+10,-1.41774e+11
1.10515e+07,596378,2.39969e+06,-4.86263e+10,-1.41896e+11
1.10578e+07,595312,2.40119e+06,-4.8271e+10,-1.42018e+11
1.10641e+07,594244,2.40267e+06,-4.79155e+10,-1.42138e+11
1.10704e+07,593175,2.40416e+06,-4.75596e+10,-1.42257e+11
1.10767e+07,592106,2.40564e+06,-4.72034e+10,-1.42376e+11
1.1083e+07,591036,2.40712e+06,-4.68469e+10,-1.42494e+11
1.10893e+07,589964,2.4086e+06,-4.64901e+10,-1.42611e+11
1.10957e+07,588892,2.41008e+06,-4.61331e+10,-1.42726e+11
1.1102e+07,587819,2.41155e+06,-4.57757e+10,-1.42841e+11
1.11083e+07,586746,2.41302e+06,-4.54181e+10,-1.42956e+11
1.11146e+07,585671,2.41449e+06,-4.50602e+10,-1.43069e+11
1.11209e+07,584595,2.41595e+06,-4.4702e+10,-1.43181e+11
1.11272e+07,583519,2.41741e+06,-4.43435e+10,-1.43293e+11
1.11335e+07,582442,2.41887e+06,-4.39847e+10,-1.43403e+11
1.11398e+07,581364,2.42033e+06,-4.36257e+10,-1.43513e+11
1.11461e+07,580285,2.42178e+06,-4.32664e+10,-1.43621e+11
1.11525e+07,579205,2.42323e+06,-4.29068e+10,-1.43729e+11
1.11588e+07,578125,2.42468e+06,-4.25469e+10,-1.43836e+11
1.11651e+07,577044,2.42613e+06,-4.21868e+10,-1.43942e+11
1.11714e+07,575961,2.42757e+06,-4.18264e+10,-1.44047e+11
1.11777e+07,574879,2.42901e+06,-4.14658e+10,-1.44152e+11
1.1184e+07,573795,2.43045e+06,-4.11049e+10,-1.44255e+11
1.11903e+07,572711,2.43188e+06,-4.07437e+10,-1.44357e+11
1.11966e+07,571625,2.43331e+06,-4.03823e+10,-1.44459e+11
1.12029e+07,570540,2.43474e+06,-4.00206e+10,-1.44559e+11
1.12093e+07,569453,2.43617e+06,-3.96587e+10,-1.44659e+11
1.12156e+07,568365,2.43759e+06,-3.92965e+10,-1.44758e+11
1.12219e+07,567277,2.43901e+06,-3.89341e+10,-1.44856e+11
1.12282e+07,566188,2.44043e+06,-3.85715e+10,-1.44953e+11
1.12345e+07,565099,2.44185e+06,-3.82086e+10,-1.45049e+11
1.12408e+07,564008,2.44326e+06,-3.78454e+10,-1.45144e+11
1.12471e+07,562917,2.44467e+06,-3.74821e+10,-1.45238e+11
1.12534e+07,561826,2.44608e+06,-3.71184e+10,-1.45332e+11
1.12598e+07,560733,2.44748e+06,-3.67546e+10,-1.45424e+11
1.12661e+07,559640,2.44888e+06,-3.63905e+10,-1.45516e+11
1.12724e+07,558546,2.45028e+06,-3.60262e+10,-1.45606e+11
1.12787e+07,557452,2.45168e+06,-3.56617e+10,-1.45696e+11
1.1285e+07,556357,2.45307e+06,-3.52969e+10,-1.45785e+11
1.12913e+07,555261,2.45447e+06,-3.4932e+10,-1.45873e+11
1.12976e+07,554164,2.45585e+06,-3.45668e+10,-1.4596e+11
1.13039e+07,553067,2.45724e+06,-3.42014e+10,-1.46046e+11
1.13102e+07,551969,2.45862e+06,-3.38358e+10,-1.46131e+11
1.13166e+07,550871,2.46e+06,-3.34699e+10,-1.46215e+11
1.13229e+07,549772,2.46138e+06,-3.31039e+10,-1.46298e+11
1.13292e+07,548672,2.46275e+06,-3.27376e+10,-1.46381e+11
1.13355e+07,547572,2.46413e+06,-3.23712e+10,-1.46462e+11
1.13418e+07,546471,2.46549e+06,-3.20045e+10,-1.46543e+11
1.13481e+07,545370,2.46686e+06,-3.16377e+10,-1.46622e+11
1.13544e+07,544267,2.46822e+06,-3.12706e+10,-1.46701e+11
1.13607e+07,543165,2.46959e+06,-3.09033e+10,-1.46779e+11
1.1367e+07,542062,2.47094e+06,-3.05359e+10,-1.46856e+11
1.13734e+07,540958,2.4723e+06,-3.01683e+10,-1.46932e+11
1.13797e+07,539853,2.47365e+06,-2.98004e+10,-1.47007e+11
1.1386e+07,538748,2.475e+06,-2.94324e+10,-1.47081e+11
1.13923e+07,537643,2.47635e+06,-2.90642e+10,-1.47154e+11
1.13986e+07,536537,2.47769e+06,-2.86958e+10,-1.47226e+11
1.14049e+07,535430,2.47903e+06,-2.83273e+10,-1.47298e+11
1.14112e+07,534323,2.48037e+06,-2.79585e+10,-1.47368e+11
1.14175e+07,533215,2.48171e+06,-2.75896e+10,-1.47438e+11
1.14239e+07,532107,2.48304e+06,-2.72205e+10,-1.47506e+11
1.14302e+07,530998,2.48437e+06,-2.68513e+10,-1.47574e+11
1.14365e+07,529889,2.4857e+06,-2.64819e+10,-1.47641e+11
1.14428e+07,528780,2.48702e+06,-2.61123e+10,-1.47707e+11
1.14491e+07,527669,2.48835e+06,-2.57425e+10,-1.47771e+11
1.14554e+07,526559,2.48966e+06,-2.53726e+10,-1.47835e+11
1.14617e+07,525448,2.49098e+06,-2.50025e+10,-1.47898e+11
1.1468e+07,524336,2.49229e+06,-2.46323e+10,-1.47961e+11
1.14743e+07,523224,2.49361e+06,-2.42619e+10,-1.48022e+11
1.14807e+07,522111,2.49491e+06,-2.38914e+10,-1.48082e+11
1.1487e+07,520998,2.49622e+06,-2.35207e+10,-1.48141e+11
1.14933e+07,519885,2.49752e+06,-2.31499e+10,-1.482e+11
1.14996e+07,518771,2.49882e+06,-2.27789e+10,-1.48257e+11
1.15059e+07,517657,2.50012e+06,-2.24078e+10,-1.48314e+11
1.15122e+07,516542,2.50141e+06,-2.20365e+10,-1.48369e+11
1.15185e+07,515427,2.5027e+06,-2.16651e+10,-1.48424e+11
1.15248e+07,514311,2.50399e+06,-2.12936e+10,-1.48478e+11
1.15311e+07,513195,2.50528e+06,-2.09219e+10,-1.48531e+11
1.15375e+07,512079,2.50656e+06,-2.05501e+10,-1.48583e+11
1.15438e+07,510962,2.50784e+06,-2.01782e+10,-1.48634e+11
1.15501e+07,509845,2.50912e+06,-1.98061e+10,-1.48684e+11
1.15564e+07,508728,2.51039e+06,-1.9434e+10,-1.48733e+11
1.15627e+07,507610,2.51166e+06,-1.90617e+10,-1.48781e+11
1.1569e+07,506492,2.51293e+06,-1.86892e+10,-1.48828e+11
1.15753e+07,505373,2.5142e+06,-1.83167e+10,-1.48874e+11
1.15816e+07,504254,2.51546e+06,-1.7944e+10,-1.4892e+11
1.1588e+07,503135,2.51672e+06,-1.75713e+10,-1.48964e+11
1.15943e+07,502016,2.51798e+06,-1.71984e+10,-1.49008e+11
1.16006e+07,500896,2.51924e+06,-1.68254e+10,-1.4905e+11
1.16069e+07,499775,2.52049e+06,-1.64523e+10,-1.49092e+11
1.16132e+07,498655,2.52174e+06,-1.60791e+10,-1.49133e+11
1.16195e+07,497534,2.52298e+06,-1.57059e+10,-1.49172e+11
1.16258e+07,496413,2.52423e+06,-1.53325e+10,-1.49211e+11
1.16321e+07,495292,2.52547e+06,-1.4959e+10,-1.49249e+11
1.16384e+07,494170,2.52671e+06,-1.45854e+10,-1.49286e+11
1.16448e+07,493048,2.52794e+06,-1.42117e+10,-1.49322e+11
1.16511e+07,491926,2.52918e+06,-1.3838e+10,-1.49357e+11
1.16574e+07,490803,2.53041e+06,-1.34641e+10,-1.49391e+11
1.16637e+07,489681,2.53163e+06,-1.30902e+10,-1.49425e+11
1.167e+07,488558,2.53286e+06,-1.27162e+10,-1.49457e+11
1.16763e+07,487434,2.53408e+06,-1.23421e+10,-1.49488e+11
1.16826e+07,486311,2.5353e+06,-1.19679e+10,-1.49519e+11
1.16889e+07,485187,2.53651e+06,-1.15937e+10,-1.49548e+11
1.16952e+07,484063,2.53772e+06,-1.12194e+10,-1.49577e+11
1.17016e+07,482939,2.53893e+06,-1.0845e+10,-1.49604e+11
1.17079e+07,481815,2.54014e+06,-1.04705e+10,-1.49631e+11
1.17142e+07,480690,2.54135e+06,-1.0096e+10,-1.49657e+11
1.17205e+07,479566,2.54255e+06,-9.72142e+09,-1.49682e+11
1.17268e+07,478441,2.54375e+06,-9.34678e+09,-1.49705e+11
1.17331e+07,477316,2.54494e+06,-8.97207e+09,-1.49728e+11
1.17394e+07,476191,2.54614e+06,-8.59732e+09,-1.4975e+11
1.17457e+07,475065,2.54733e+06,-8.2225e+09,-1.49771e+11
1.17521e+07,473940,2.54851e+06,-7.84764e+09,-1.49792e+11
1.17584e+07,472814,2.5497e+06,-7.47272e+09,-1.49811e+11
1.17647e+07,471688,2.55088e+06,-7.09776e+09,-1.49829e+11
1.1771e+07,470562,2.55206e+06,-6.72276e+09,-1.49846e+11
1.17773e+07,469436,2.55324e+06,-6.34771e+09,-1.49863e+11
1.17836e+07,468310,2.55441e+06,-5.97262e+09,-1.49878e+11
1.17899e+07,467184,2.55558e+06,-5.5975e+09,-1.49893e+11
1.17962e+07,466057,2.55675e+06,-5.22234e+09,-1.49906e+11
1.18025e+07,464931,2.55791e+06,-4.84715e+09,-1.49919e+11
1.18089e+07,463804,2.55907e+06,-4.47193e+09,-1.4993e+11
1.18152e+07,462677,2.56023e+06,-4.09668e+09,-1.49941e+11
1.18215e+07,461551,2.56139e+06,-3.7214e+09,-1.49951e+11
1.18278e+07,460424,2.56254e+06,-3.3461e+09,-1.4996e+11
1.18341e+07,459297,2.5637e+06,-2.97078e+09,-1.49968e+11
1.18404e+07,458170,2.56484e+06,-2.59544e+09,-1.49975e+11
1.18467e+07,457043,2.56599e+06,-2.22009e+09,-1.49981e+11
1.1853e+07,455916,2.56713e+06,-1.84472e+09,-1.49986e+11
1.18593e+07,454789,2.56827e+06,-1.46934e+09,-1.4999e+11
1.18657e+07,453662,2.56941e+06,-1.09395e+09,-1.49993e+11
1.1872e+07,452535,2.57054e+06,-7.18549e+08,-1.49995e+11
1.18783e+07,451407,2.57167e+06,-3.43147e+08,-1.49997e+11
1.18846e+07,450280,2.5728e+06,3.22562e+07,-1.49997e+11
1.18909e+07,449153,2.57393e+06,4.07659e+08,-1.49996e+11
1.18972e+07,448026,2.57505e+06,7.8306e+08,-1.49995e+11
1.19035e+07,446899,2.57617e+06,1.15846e+09,-1.49993e+11
1.19098e+07,445772,2.57729e+06,1.53384e+09,-1.49989e+11
1.19161e+07,444645,2.5784e+06,1.90922e+09,-1.49985e+11
1.19225e+07,443518,2.57951e+06,2.28459e+09,-1.4998e+11
1.19288e+07,442391,2.58062e+06,2.65994e+09,-1.49973e+11
1.19351e+07,441264,2.58173e+06,3.03528e+09,-1.49966e+11
1.19414e+07,440137,2.58283e+06,3.4106e+09,-1.49958e+11
1.19477e+07,439010,2.58393e+06,3.78589e+09,-1.49949e+11
1.1954e+07,437883,2.58503e+06,4.16116e+09,-1.49939e+11
1.19603e+07,436756,2.58612e+06,4.53641e+09,-1.49928e+11
1.19666e+07,435630,2.58721e+06,4.91163e+09,-1.49917e+11
1.1973e+07,434503,2.5883e+06,5.28681e+09,-1.49904e+11
1.19793e+07,433377,2.58939e+06,5.66197e+09,-1.4989e+11
1.19856e+07,432251,2.59047e+06,6.03709e+09,-1.49875e+11
1.19919e+07,431124,2.59155e+06,6.41217e+09,-1.4986e+11
1.19982e+07,429998,2.59263e+06,6.78721e+09,-1.49843e+11
1.20045e+07,428872,2.5937e+06,7.1622e+09,-1.49826e+11
1.20108e+07,427747,2.59478e+06,7.53716e+09,-1.49808e+11
1.20171e+07,426621,2.59584e+06,7.91206e+09,-1.49788e+11
1.20234e+07,425495,2.59691e+06,8.28692e+09,-1.49768e+11
1.20298e+07,424370,2.59797e+06,8.66172e+09,-1.49747e+11
1.20361e+07,423245,2.59903e+06,9.03647e+09,-1.49725e+11
1.20424e+07,422120,2.60009e+06,9.41117e+09,-1.49702e+11
1.20487e+07,420995,2.60115e+06,9.7858e+09,-1.49677e+11
1.2055e+07,419870,2.6022e+06,1.01604e+10,-1.49653e+11
1.20613e+07,418746,2.60325e+06,1.05349e+10,-1.49627e+11
1.20676e+07,417622,2.6043e+06,1.09093e+10,-1.496e+11
1.20739e+07,416498,2.60534e+06,1.12837e+10,-1.49572e+11
1.20802e+07,415374,2.60638e+06,1.1658e+10,-1.49543e+11
1.20866e+07,414250,2.60742e+06,1.20322e+10,-1.49514e+11
1.20929e+07,413127,2.60845e+06,1.24064e+10,-1.49483e+11
1.20992e+07,412004,2.60949e+06,1.27805e+10,-1.49452e+11
1.21055e+07,410881,2.61052e+06,1.31545e+10,-1.49419e+11
1.21118e+07,409758,2.61154e+06,1.35284e+10,-1.49386e+11
1.21181e+07,408635,2.61257e+06,1.39022e+10,-1.49351e+11
1.21244e+07,407513,2.61359e+06,1.4276e+10,-1.49316e+11
1.21307e+07,406391,2.61461e+06,1.46496e+10,-1.4928e+11
1.21371e+07,405270,2.61562e+06,1.50232e+10,-1.49243e+11
1.21434e+07,404148,2.61664e+06,1.53966e+10,-1.49205e+11
1.21497e+07,403027,2.61765e+06,1.577e+10,-1.49166e+11
1.2156e+07,401907,2.61865e+06,1.61433e+10,-1.49126e+11
1.21623e+07,400786,2.61966e+06,1.65165e+10,-1.49085e+11
1.21686e+07,399666,2.62066e+06,1.68895e+10,-1.49043e+11
1.21749e+07,398546,2.62166e+06,1.72625e+10,-1.49e+11
1.21812e+07,397427,2.62265e+06,1.76354e+10,-1.48957e+11
1.21875e+07,396308,2.62365e+06,1.80081e+10,-1.48912e+11
1.21939e+07,395189,2.62464e+06,1.83807e+10,-1.48867e+11
1.22002e+07,394070,2.62563e+06,1.87532e+10,-1.4882e+11
1.22065e+07,392952,2.62661e+06,1.91256e+10,-1.48773e+11
1.22128e+07,391834,2.62759e+06,1.94979e+10,-1.48724e+11
1.22191e+07,390717,2.62857e+06,1.98701e+10,-1.48675e+11
1.22254e+07,389600,2.62955e+06,2.02421e+10,-1.48625e+11
1.22317e+07,388483,2.63052e+06,2.0614e+10,-1.48574e+11
1.2238e+07,387367,2.63149e+06,2.09858e+10,-1.48522e+11
1.22443e+07,386251,2.63246e+06,2.13574e+10,-1.48469e+11
1.22507e+07,385136,2.63343e+06,2.1729e+10,-1.48415e+11
1.2257e+07,384021,2.63439e+06,2.21003e+10,-1.4836e+11
1.22633e+07,382906,2.63535e+06,2.24716e+10,-1.48304e+11
1.22696e+07,381792,2.6363e+06,2.28427e+10,-1.48248e+11
1.22759e+07,380678,2.63726e+06,2.32136e+10,-1.4819e+11
1.22822e+07,379565,2.63821e+06,2.35844e+10,-1.48131e+11
1.22885e+07,378452,2.63916e+06,2.39551e+10,-1.48072e+11
1.22948e+07,377339,2.6401e+06,2.43256e+10,-1.48011e+11
1.23012e+07,376227,2.64105e+06,2.4696e+10,-1.4795e+11
1.23075e+07,375116,2.64199e+06,2.50662e+10,-1.47888e+11
1.23138e+07,374005,2.64293e+06,2.54362e+10,-1.47825e+11
1.23201e+07,372894,2.64386e+06,2.58061e+10,-1.47761e+11
1.23264e+07,371784,2.64479e+06,2.61758e+10,-1.47696e+11
1.23327e+07,370674,2.64572e+06,2.65454e+10,-1.4763e+11
1.2339e+07,369565,2.64665e+06,2.69148e+10,-1.47563e+11
1.23453e+07,368456,2.64757e+06,2.7284e+10,-1.47495e+11
1.23516e+07,367348,2.64849e+06,2.76531e+10,-1.47426e+11
1.2358e+07,366241,2.64941e+06,2.80219e+10,-1.47356e+11
1.23643e+07,365134,2.65032e+06,2.83906e+10,-1.47286e+11
1.23706e+07,364027,2.65124e+06,2.87592e+10,-1.47214e+11
1.23769e+07,362921,2.65215e+06,2.91275e+10,-1.47142e+11
1.23832e+07,361816,2.65305e+06,2.94957e+10,-1.47069e+11
1.23895e+07,360711,2.65396e+06,2.98637e+10,-1.46994e+11
1.23958e+07,359607,2.65486e+06,3.02315e+10,-1.46919e+11
1.24021e+07,358503,2.65576e+06,3.05991e+10,-1.46843e+11
1.24084e+07,357400,2.65665e+06,3.09665e+10,-1.46766e+11
1.24148e+07,356297,2.65755e+06,3.13337e+10,-1.46688e+11
1.24211e+07,355195,2.65844e+06,3.17007e+10,-1.46609e+11
1.24274e+07,354094,2.65932e+06,3.20676e+10,-1.46529e+11
1.24337e+07,352993,2.66021e+06,3.24342e+10,-1.46449e+11
1.244e+07,351893,2.66109e+06,3.28006e+10,-1.46367e+11
1.24463e+07,350793,2.66197e+06,3.31668e+10,-1.46284e+11
1.24526e+07,349694,2.66285e+06,3.35328e+10,-1.46201e+11
1.24589e+07,348596,2.66372e+06,3.38986e+10,-1.46117e+11
1.24653e+07,347498,2.66459e+06,3.42642e+10,-1.46031e+11
1.24716e+07,346401,2.66546e+06,3.46296e+10,-1.45945e+11
1.24779e+07,345305,2.66633e+06,3.49947e+10,-1.45858e+11
1.24842e+07,344209,2.66719e+06,3.53597e+10,-1.4577e+11
1.24905e+07,343114,2.66805e+06,3.57244e+10,-1.45681e+11
1.24968e+07,342020,2.66891e+06,3.60889e+10,-1.45591e+11
1.25031e+07,340926,2.66976e+06,3.64531e+10,-1.455e+11
1.25094e+07,339833,2.67061e+06,3.68172e+10,-1.45409e+11
1.25157e+07,338741,2.67146e+06,3.7181e+10,-1.45316e+11
1.25221e+07,337649,2.67231e+06,3.75445e+10,-1.45222e+11
1.25284e+07,336558,2.67315e+06,3.79079e+10,-1.45128e+11
1.25347e+07,335468,2.67399e+06,3.8271e+10,-1.45033e+11
1.2541e+07,334378,2.67483e+06,3.86338e+10,-1.44936e+11
1.25473e+07,333290,2.67567e+06,3.89965e+10,-1.44839e+11
1.25536e+07,332202,2.6765e+06,3.93588e+10,-1.44741e+11
1.25599e+07,331114,2.67733e+06,3.9721e+10,-1.44642e+11
1.25662e+07,330028,2.67816e+06,4.00828e+10,-1.44542e+11
1.25725e+07,328942,2.67898e+06,4.04445e+10,-1.44442e+11
1.25789e+07,327857,2.6798e+06,4.08058e+10,-1.4434e+11
1.25852e+07,326773,2.68062e+06,4.1167e+10,-1.44237e+11
1.25915e+07,325689,2.68144e+06,4.15278e+10,-1.44134e+11
1.25978e+07,324607,2.68225e+06,4.18884e+10,-1.4403e+11
1.26041e+07,323525,2.68306e+06,4.22487e+10,-1.43924e+11
1.26104e+07,322443,2.68387e+06,4.26088e+10,-1.43818e+11
1.26167e+07,321363,2.68468e+06,4.29686e+10,-1.43711e+11
1.2623e+07,320284,2.68548e+06,4.33282e+10,-1.43603e+11
1.26294e+07,319205,2.68628e+06,4.36874e+10,-1.43494e+11
1.26357e+07,318127,2.68708e+06,4.40464e+10,-1.43384e+11
1.2642e+07,317050,2.68787e+06,4.44051e+10,-1.43274e+11
1.26483e+07,315974,2.68866e+06,4.47636e+10,-1.43162e+11
1.26546e+07,314898,2.68945e+06,4.51217e+10,-1.4305e+11
1.26609e+07,313824,2.69024e+06,4.54796e+10,-1.42936e+11
1.26672e+07,312750,2.69103e+06,4.58372e+10,-1.42822e+11
1.26735e+07,311677,2.69181e+06,4.61945e+10,-1.42707e+11
1.26798e+07,310606,2.69259e+06,4.65515e+10,-1.42591e+11
1.26862e+07,309534,2.69336e+06,4.69082e+10,-1.42474e+11
1.26925e+07,308464,2.69413e+06,4.72647e+10,-1.42356e+11
1.26988e+07,307395,2.69491e+06,4.76208e+10,-1.42237e+11
1.27051e+07,306327,2.69567e+06,4.79766e+10,-1.42118e+11
1.27114e+07,305259,2.69644e+06,4.83322e+10,-1.41997e+11
1.27177e+07,304192,2.6972e+06,4.86874e+10,-1.41876e+11
1.2724e+07,303127,2.69796e+06,4.90423e+10,-1.41753e+11
1.27303e+07,302062,2.69872e+06,4.93969e+10,-1.4163e+11
1.27366e+07,300998,2.69947e+06,4.97512e+10,-1.41506e+11
1.2743e+07,299935,2.70023e+06,5.01052e+10,-1.41381e+11
1.27493e+07,298873,2.70097e+06,5.04589e+10,-1.41255e+11
1.27556e+07,297812,2.70172e+06,5.08123e+10,-1.41129e+11
1.27619e+07,296752,2.70247e+06,5.11653e+10,-1.41001e+11
1.27682e+07,295693,2.70321e+06,5.15181e+10,-1.40873e+11
1.27745e+07,294635,2.70395e+06,5.18705e+10,-1.40743e+11
1.27808e+07,293578,2.70468e+06,5.22226e+10,-1.40613e+11
1.27871e+07,292522,2.70541e+06,5.25743e+10,-1.40482e+11
1.27935e+07,291467,2.70615e+06,5.29257e+10,-1.4035e+11
1.27998e+07,290413,2.70687e+06,5.32768e+10,-1.40217e+11
1.28061e+07,289359,2.7076e+06,5.36276e+10,-1.40083e+11
1.28124e+07,288307,2.70832e+06,5.3978e+10,-1.39948e+11
1.28187e+07,287256,2.70904e+06,5.43281e+10,-1.39813e+11
1.2825e+07,286206,2.70976e+06,5.46779e+10,-1.39677e+11
1.28313e+07,285157,2.71047e+06,5.50273e+10,-1.39539e+11
1.28376e+07,284109,2.71119e+06,5.53763e+10,-1.39401e+11
1.28439e+07,283062,2.7119e+06,5.5725e+10,-1.39262e+11
1.28503e+07,282016,2.7126e+06,5.60734e+10,-1.39122e+11
1.28566e+07,280971,2.71331e+06,5.64214e+10,-1.38981e+11
1.28629e+07,279927,2.71401e+06,5.67691e+10,-1.3884e+11
1.28692e+07,278884,2.71471e+06,5.71164e+10,-1.38697e+11
1.28755e+07,277843,2.71541e+06,5.74633e+10,-1.38554e+11
1.28818e+07,276802,2.7161e+06,5.78099e+10,-1.3841e+11
1.28881e+07,275763,2.71679e+06,5.81561e+10,-1.38264e+11
1.28944e+07,274724,2.71748e+06,5.8502e+10,-1.38119e+11
1.29007e+07,273687,2.71817e+06,5.88475e+10,-1.37972e+11
1.29071e+07,272651,2.71885e+06,5.91926e+10,-1.37824e+11
1.29134e+07,271615,2.71953e+06,5.95373e+10,-1.37675e+11
1.29197e+07,270581,2.72021e+06,5.98817e+10,-1.37526e+11
1.2926e+07,269549,2.72089e+06,6.02257e+10,-1.37376e+11
1.29323e+07,268517,2.72156e+06,6.05693e+10,-1.37225e+11
1.29386e+07,267486,2.72223e+06,6.09126e+10,-1.37072e+11
1.29449e+07,266457,2.7229e+06,6.12555e+10,-1.3692e+11
1.29512e+07,265428,2.72356e+06,6.15979e+10,-1.36766e+11
1.29576e+07,264401,2.72423e+06,6.194e+10,-1.36611e+11
1.29639e+07,263375,2.72489e+06,6.22818e+10,-1.36456e+11
1.29702e+07,262350,2.72554e+06,6.26231e+10,-1.363e+11
1.29765e+07,261327,2.7262e+06,6.2964e+10,-1.36142e+11
1.29828e+07,260304,2.72685e+06,6.33045e+10,-1.35984e+11
1.29891e+07,259283,2.7275e+06,6.36447e+10,-1.35826e+11
1.29954e+07,258263,2.72815e+06,6.39844e+10,-1.35666e+11
1.30017e+07,257244,2.7288e+06,6.43237e+10,-1.35505e+11
1.3008e+07,256227,2.72944e+06,6.46627e+10,-1.35344e+11
1.30144e+07,255210,2.73008e+06,6.50012e+10,-1.35182e+11
1.30207e+07,254195,2.73072e+06,6.53393e+10,-1.35019e+11
1.3027e+07,253181,2.73135e+06,6.5677e+10,-1.34855e+11
1.30333e+07,252168,2.73198e+06,6.60143e+10,-1.3469e+11
1.30396e+07,251157,2.73261e+06,6.63512e+10,-1.34524e+11
1.30459e+07,250146,2.73324e+06,6.66877e+10,-1.34358e+11
1.30522e+07,249137,2.73386e+06,6.70237e+10,-1.3419e+11
1.30585e+07,248130,2.73449e+06,6.73594e+10,-1.34022e+11
1.30648e+07,247123,2.73511e+06,6.76946e+10,-1.33853e+11
1.30712e+07,246118,2.73572e+06,6.80294e+10,-1.33683e+11
1.30775e+07,245114,2.73634e+06,6.83637e+10,-1.33513e+11
1.30838e+07,244111,2.73695e+06,6.86977e+10,-1.33341e+11
1.30901e+07,243110,2.73756e+06,6.90312e+10,-1.33169e+11
1.30964e+07,242110,2.73817e+06,6.93643e+10,-1.32996e+11
1.31027e+07,241111,2.73877e+06,6.96969e+10,-1.32822e+11
1.3109e+07,240114,2.73937e+06,7.00291e+10,-1.32647e+11
1.31153e+07,239118,2.73997e+06,7.03609e+10,-1.32471e+11
1.31217e+07,238123,2.74057e+06,7.06922e+10,-1.32295e+11
1.3128e+07,237129,2.74117e+06,7.10231e+10,-1.32117e+11
1.31343e+07,236137,2.74176e+06,7.13535e+10,-1.31939e+11
1.31406e+07,235146,2.74235e+06,7.16835e+10,-1.3176e+11
1.31469e+07,234157,2.74294e+06,7.2013e+10,-1.3158e+11
1.31532e+07,233169,2.74352e+06,7.23421e+10,-1.314e+11
1.31595e+07,232182,2.7441e+06,7.26707e+10,-1.31218e+11
1.31658e+07,231197,2.74468e+06,7.29989e+10,-1.31036e+11
1.31721e+07,230213,2.74526e+06,7.33266e+10,-1.30853e+11
1.31785e+07,229230,2.74583e+06,7.36539e+10,-1.30669e+11
1.31848e+07,228249,2.74641e+06,7.39807e+10,-1.30484e+11
1.31911e+07,227269,2.74698e+06,7.4307e+10,-1.30299e+11
1.31974e+07,226291,2.74754e+06,7.46329e+10,-1.30112e+11
1.32037e+07,225314,2.74811e+06,7.49583e+10,-1.29925e+11
1.321e+07,224338,2.74867e+06,7.52832e+10,-1.29737e+11
1.32163e+07,223364,2.74923e+06,7.56077e+10,-1.29548e+11
1.32226e+07,222391,2.74979e+06,7.59317e+10,-1.29359e+11
1.32289e+07,221420,2.75035e+06,7.62552e+10,-1.29168e+11
1.32353e+07,220450,2.7509e+06,7.65782e+10,-1.28977e+11
1.32416e+07,219481,2.75145e+06,7.69008e+10,-1.28785e+11
1.32479e+07,218514,2.752e+06,7.72229e+10,-1.28592e+11
1.32542e+07,217549,2.75254e+06,7.75445e+10,-1.28398e+11
1.32605e+07,216585,2.75309e+06,7.78656e+10,-1.28204e+11
1.32668e+07,215622,2.75363e+06,7.81862e+10,-1.28009e+11
1.32731e+07,214661,2.75417e+06,7.85063e+10,-1.27812e+11
1.32794e+07,213701,2.7547e+06,7.88259e+10,-1.27616e+11
1.32857e+07,212743,2.75524e+06,7.91451e+10,-1.27418e+11
1.32921e+07,211786,2.75577e+06,7.94637e+10,-1.27219e+11
1.32984e+07,210831,2.7563e+06,7.97819e+10,-1.2702e+11
1.33047e+07,209877,2.75682e+06,8.00995e+10,-1.2682e+11
1.3311e+07,208925,2.75735e+06,8.04167e+10,-1.26619e+11
1.33173e+07,207974,2.75787e+06,8.07333e+10,-1.26418e+11
1.33236e+07,207025,2.75839e+06,8.10495e+10,-1.26215e+11
1.33299e+07,206077,2.7589e+06,8.13651e+10,-1.26012e+11
1.33362e+07,205131,2.75942e+06,8.16802e+10,-1.25808e+11
1.33426e+07,204186,2.75993e+06,8.19948e+10,-1.25603e+11
1.33489e+07,203243,2.76044e+06,8.23089e+10,-1.25397e+11
1.33552e+07,202302,2.76095e+06,8.26225e+10,-1.25191e+11
1.33615e+07,201362,2.76145e+06,8.29356e+10,-1.24984e+11
1.33678e+07,200423,2.76196e+06,8.32481e+10,-1.24776e+11
1.33741e+07,199487,2.76246e+06,8.35601e+10,-1.24567e+11
1.33804e+07,198551,2.76295e+06,8.38716e+10,-1.24358e+11
1.33867e+07,197618,2.76345e+06,8.41826e+10,-1.24147e+11
1.3393e+07,196686,2.76394e+06,8.44931e+10,-1.23936e+11
1.33994e+07,195755,2.76443e+06,8.4803e+10,-1.23725e+11
1.34057e+07,194826,2.76492e+06,8.51124e+10,-1.23512e+11
1.3412e+07,193899,2.76541e+06,8.54212e+10,-1.23298e+11
1.34183e+07,192973,2.76589e+06,8.57295e+10,-1.23084e+11
1.34246e+07,192049,2.76638e+06,8.60373e+10,-1.22869e+11
1.34309e+07,191126,2.76686e+06,8.63445e+10,-1.22654e+11
1.34372e+07,190206,2.76733e+06,8.66512e+10,-1.22437e+11
1.34435e+07,189286,2.76781e+06,8.69574e+10,-1.2222e+11
1.34498e+07,188369,2.76828e+06,8.7263e+10,-1.22002e+11
1.34562e+07,187453,2.76875e+06,8.75681e+10,-1.21783e+11
1.34625e+07,186538,2.76922e+06,8.78726e+10,-1.21564e+11
1.34688e+07,185626,2.76968e+06,8.81766e+10,-1.21343e+11
1.34751e+07,184715,2.77015e+06,8.848e+10,-1.21122e+11
1.34814e+07,183805,2.77061e+06,8.87828e+10,-1.209e+11
1.34877e+07,182898,2.77107e+06,8.90852e+10,-1.20678e+11
1.3494e+07,181992,2.77152e+06,8.93869e+10,-1.20455e+11
1.35003e+07,181087,2.77198e+06,8.96881e+10,-1.2023e+11
1.35067e+07,180185,2.77243e+06,8.99887e+10,-1.20006e+11
1.3513e+07,179284,2.77288e+06,9.02888e+10,-1.1978e+11
1.35193e+07,178385,2.77333e+06,9.05883e+10,-1.19554e+11
1.35256e+07,177487,2.77377e+06,9.08872e+10,-1.19327e+11
1.35319e+07,176591,2.77422e+06,9.11856e+10,-1.19099e+11
1.35382e+07,175697,2.77466e+06,9.14834e+10,-1.1887e+11
1.35445e+07,174805,2.7751e+06,9.17806e+10,-1.18641e+11
1.35508e+07,173914,2.77553e+06,9.20772e+10,-1.18411e+11
1.35571e+07,173025,2.77597e+06,9.23733e+10,-1.1818e+11
1.35635e+07,172138,2.7764e+06,9.26688e+10,-1.17948e+11
1.35698e+07,171252,2.77683e+06,9.29637e+10,-1.17716e+11
1.35761e+07,170369,2.77726e+06,9.3258e+10,-1.17483e+11
1.35824e+07,169487,2.77768e+06,9.35517e+10,-1.17249e+11
1.35887e+07,168607,2.7781e+06,9.38449e+10,-1.17015e+11
1.3595e+07,167728,2.77852e+06,9.41374e+10,-1.1678e+11
1.36013e+07,166851,2.77894e+06,9.44294e+10,-1.16544e+11
1.36076e+07,165977,2.77936e+06,9.47208e+10,-1.16307e+11
1.36139e+07,165103,2.77977e+06,9.50116e+10,-1.1607e+11
1.36203e+07,164232,2.78019e+06,9.53018e+10,-1.15831e+11
1.36266e+07,163363,2.7806e+06,9.55914e+10,-1.15593e+11
1.36329e+07,162495,2.781e+06,9.58804e+10,-1.15353e+11
1.36392e+07,161629,2.78141e+06,9.61688e+10,-1.15113e+11
1.36455e+07,160765,2.78181e+06,9.64566e+10,-1.14872e+11
1.36518e+07,159903,2.78221e+06,9.67438e+10,-1.1463e+11
1.36581e+07,159042,2.78261e+06,9.70304e+10,-1.14387e+11
1.36644e+07,158183,2.78301e+06,9.73163e+10,-1.14144e+11
1.36708e+07,157327,2.7834e+06,9.76017e+10,-1.139e+11
1.36771e+07,156472,2.7838e+06,9.78865e+10,-1.13656e+11
1.36834e+07,155618,2.78419e+06,9.81706e+10,-1.1341e+11
1.36897e+07,154767,2.78458e+06,9.84541e+10,-1.13164e+11
1.3696e+07,153918,2.78496e+06,9.87371e+10,-1.12917e+11
1.37023e+07,153070,2.78535e+06,9.90194e+10,-1.1267e+11
1.37086e+07,152224,2.78573e+06,9.9301e+10,-1.12422e+11
1.37149e+07,151380,2.78611e+06,9.95821e+10,-1.12173e+11
1.37212e+07,150538,2.78649e+06,9.98625e+10,-1.11923e+11
1.37276e+07,149698,2.78686e+06,1.00142e+11,-1.11673e+11
1.37339e+07,148860,2.78724e+06,1.00421e+11,-1.11422e+11
1.37402e+07,148024,2.78761e+06,1.007e+11,-1.1117e+11
1.37465e+07,147189,2.78798e+06,1.00978e+11,-1.10918e+11
1.37528e+07,146357,2.78834e+06,1.01255e+11,-1.10665e+11
1.37591e+07,145526,2.78871e+06,1.01532e+11,-1.10411e+11
1.37654e+07,144697,2.78907e+06,1.01808e+11,-1.10157e+11
1.37717e+07,143871,2.78943e+06,1.02083e+11,-1.09902e+11
1.3778e+07,143046,2.78979e+06,1.02358e+11,-1.09646e+11
1.37844e+07,142223,2.79015e+06,1.02632e+11,-1.09389e+11
1.37907e+07,141402,2.7905e+06,1.02906e+11,-1.09132e+11
1.3797e+07,140583,2.79086e+06,1.03178e+11,-1.08874e+11
1.38033e+07,139765,2.79121e+06,1.03451e+11,-1.08616e+11
1.38096e+07,138950,2.79156e+06,1.03722e+11,-1.08356e+11
1.38159e+07,138137,2.7919e+06,1.03993e+11,-1.08097e+11
1.38222e+07,137326,2.79225e+06,1.04263e+11,-1.07836e+11
1.38285e+07,136516,2.79259e+06,1.04533e+11,-1.07575e+11
1.38349e+07,135709,2.79293e+06,1.04802e+11,-1.07313e+11
1.38412e+07,134903,2.79327e+06,1.0507e+11,-1.0705e+11
1.38475e+07,134100,2.79361e+06,1.05337e+11,-1.06787e+11
1.38538e+07,133298,2.79394e+06,1.05604e+11,-1.06523e+11
1.38601e+07,132499,2.79427e+06,1.05871e+11,-1.06258e+11
1.38664e+07,131702,2.7946e+06,1.06136e+11,-1.05993e+11
1.38727e+07,130906,2.79493e+06,1.06401e+11,-1.05727e+11
1.3879e+07,130113,2.79526e+06,1.06665e+11,-1.0546e+11
1.38853e+07,129321,2.79558e+06,1.06929e+11,-1.05193e+11
1.38917e+07,128532,2.79591e+06,1.07192e+11,-1.04925e+11
1.3898e+07,127744,2.79623e+06,1.07454e+11,-1.04657e+11
1.39043e+07,126959,2.79655e+06,1.07716e+11,-1.04387e+11
1.39106e+07,126175,2.79686e+06,1.07977e+11,-1.04117e+11
1.39169e+07,125394,2.79718e+06,1.08237e+11,-1.03847e+11
1.39232e+07,124615,2.79749e+06,1.08497e+11,-1.03576e+11
1.39295e+07,123837,2.7978e+06,1.08755e+11,-1.03304e+11
1.39358e+07,123062,2.79811e+06,1.09014e+11,-1.03031e+11
1.39421e+07,122289,2.79842e+06,1.09271e+11,-1.02758e+11
1.39485e+07,121518,2.79872e+06,1.09528e+11,-1.02484e+11
1.39548e+07,120749,2.79903e+06,1.09784e+11,-1.0221e+11
1.39611e+07,119981,2.79933e+06,1.1004e+11,-1.01935e+11
1.39674e+07,119217,2.79963e+06,1.10294e+11,-1.01659e+11
1.39737e+07,118454,2.79992e+06,1.10549e+11,-1.01383e+11
1.398e+07,117693,2.80022e+06,1.10802e+11,-1.01106e+11
1.39863e+07,116934,2.80051e+06,1.11055e+11,-1.00828e+11
1.39926e+07,116177,2.8008e+06,1.11307e+11,-1.0055e+11
1.3999e+07,115423,2.80109e+06,1.11558e+11,-1.00271e+11
1.40053e+07,114670,2.80138e+06,1.11809e+11,-9.99915e+10
1.40116e+07,113920,2.80167e+06,1.12058e+11,-9.97113e+10
1.40179e+07,113172,2.80195e+06,1.12308e+11,-9.94306e+10
1.40242e+07,112426,2.80224e+06,1.12556e+11,-9.91492e+10
1.40305e+07,111682,2.80252e+06,1.12804e+11,-9.88672e+10
1.40368e+07,110940,2.80279e+06,1.13051e+11,-9.85845e+10
1.40431e+07,110200,2.80307e+06,1.13297e+11,-9.83013e+10
1.40494e+07,109462,2.80335e+06,1.13543e+11,-9.80175e+10
1.40558e+07,108727,2.80362e+06,1.13788e+11,-9.7733e+10
1.40621e+07,107994,2.80389e+06,1.14032e+11,-9.74479e+10
1.40684e+07,107262,2.80416e+06,1.14276e+11,-9.71622e+10
1.40747e+07,106533,2.80443e+06,1.14519e+11,-9.68759e+10
1.4081e+07,105806,2.80469e+06,1.14761e+11,-9.6589e+10
1.40873e+07,105082,2.80496e+06,1.15002e+11,-9.63015e+10
1.40936e+07,104359,2.80522e+06,1.15243e+11,-9.60134e+10
1.40999e+07,103639,2.80548e+06,1.15483e+11,-9.57247e+10
1.41062e+07,102920,2.80574e+06,1.15722e+11,-9.54353e+10
1.41126e+07,102204,2.80599e+06,1.1596e+11,-9.51454e+10
1.41189e+07,101491,2.80625e+06,1.16198e+11,-9.48549e+10
1.41252e+07,100779,2.8065e+06,1.16435e+11,-9.45638e+10
1.41315e+07,100069,2.80675e+06,1.16671e+11,-9.42721e+10
1.41378e+07,99362,2.807e+06,1.16907e+11,-9.39798e+10
1.41441e+07,98656.9,2.80725e+06,1.17142e+11,-9.36869e+10
1.41504e+07,97954,2.8075e+06,1.17376e+11,-9.33935e+10
1.41567e+07,97253.3,2.80774e+06,1.17609e+11,-9.30994e+10
1.41631e+07,96554.8,2.80798e+06,1.17842e+11,-9.28048e+10
1.41694e+07,95858.5,2.80822e+06,1.18074e+11,-9.25096e+10
1.41757e+07,95164.4,2.80846e+06,1.18305e+11,-9.22138e+10
1.4182e+07,94472.6,2.8087e+06,1.18536e+11,-9.19174e+10
1.41883e+07,93783,2.80894e+06,1.18765e+11,-9.16205e+10
1.41946e+07,93095.6,2.80917e+06,1.18994e+11,-9.1323e+10
1.42009e+07,92410.5,2.8094e+06,1.19222e+11,-9.10249e+10
1.42072e+07,91727.6,2.80963e+06,1.1945e+11,-9.07262e+10
1.42135e+07,91046.9,2.80986e+06,1.19676e+11,-9.0427e+10
1.42199e+07,90368.5,2.81009e+06,1.19902e+11,-9.01272e+10
1.42262e+07,89692.4,2.81031e+06,1.20128e+11,-8.98268e+10
1.42325e+07,89018.5,2.81054e+06,1.20352e+11,-8.95259e+10
1.42388e+07,88346.9,2.81076e+06,1.20576e+11,-8.92244e+10
1.42451e+07,87677.5,2.81098e+06,1.20799e+11,-8.89224e+10
1.42514e+07,87010.4,2.8112e+06,1.21021e+11,-8.86198e+10
1.42577e+07,86345.6,2.81142e+06,1.21242e+11,-8.83166e+10
1.4264e+07,85683.1,2.81163e+06,1.21463e+11,-8.80129e+10
1.42703e+07,85022.9,2.81184e+06,1.21683e+11,-8.77087e+10
1.42767e+07,84364.9,2.81206e+06,1.21902e+11,-8.74038e+10
1.4283e+07,83709.3,2.81227e+06,1.2212e+11,-8.70985e+10
1.42893e+07,83055.9,2.81247e+06,1.22338e+11,-8.67926e+10
1.42956e+07,82404.8,2.81268e+06,1.22555e+11,-8.64861e+10
1.43019e+07,81756.1,2.81289e+06,1.22771e+11,-8.61792e+10
1.43082e+07,81109.6,2.81309e+06,1.22986e+11,-8.58716e+10
1.43145e+07,80465.5,2.81329e+06,1.23201e+11,-8.55636e+10
1.43208e+07,79823.7,2.81349e+06,1.23414e+11,-8.5255e+10
1.43272e+07,79184.2,2.81369e+06,1.23627e+11,-8.49458e+10
1.43335e+07,78547,2.81389e+06,1.2384e+11,-8.46362e+10
1.43398e+07,77912.2,2.81409e+06,1.24051e+11,-8.4326e+10
1.43461e+07,77279.7,2.81428e+06,1.24262e+11,-8.40152e+10
1.43524e+07,76649.5,2.81447e+06,1.24472e+11,-8.3704e+10
1.43587e+07,76021.6,2.81466e+06,1.24681e+11,-8.33922e+10
1.4365e+07,75396.2,2.81485e+06,1.24889e+11,-8.30799e+10
1.43713e+07,74773,2.81504e+06,1.25097e+11,-8.27671e+10
1.43776e+07,74152.2,2.81523e+06,1.25303e+11,-8.24538e+10
1.4384e+07,73533.8,2.81541e+06,1.25509e+11,-8.21399e+10
1.43903e+07,72917.7,2.8156e+06,1.25714e+11,-8.18255e+10
1.43966e+07,72304,2.81578e+06,1.25919e+11,-8.15107e+10
1.44029e+07,71692.7,2.81596e+06,1.26122e+11,-8.11953e+10
1.44092e+07,71083.7,2.81614e+06,1.26325e+11,-8.08794e+10
1.44155e+07,70477.1,2.81631e+06,1.26527e+11,-8.0563e+10
1.44218e+07,69872.9,2.81649e+06,1.26729e+11,-8.0246e+10
1.44281e+07,69271.1,2.81666e+06,1.26929e+11,-7.99286e+10
1.44344e+07,68671.7,2.81684e+06,1.27129e+11,-7.96107e+10
1.44408e+07,68074.6,2.81701e+06,1.27327e+11,-7.92923e+10
1.44471e+07,67480,2.81718e+06,1.27526e+11,-7.89734e+10
1.44534e+07,66887.7,2.81734e+06,1.27723e+11,-7.8654e+10
1.44597e+07,66297.8,2.81751e+06,1.27919e+11,-7.83341e+10
1.4466e+07,65710.4,2.81768e+06,1.28115e+11,-7.80137e+10
1.44723e+07,65125.4,2.81784e+06,1.2831e+11,-7.76928e+10
1.44786e+07,64542.7,2.818e+06,1.28504e+11,-7.73715e+10
1.44849e+07,63962.5,2.81816e+06,1.28697e+11,-7.70496e+10
1.44912e+07,63384.7,2.81832e+06,1.28889e+11,-7.67273e+10
1.44976e+07,62809.4,2.81848e+06,1.29081e+11,-7.64045e+10
1.45039e+07,62236.4,2.81864e+06,1.29272e+11,-7.60812e+10
1.45102e+07,61665.9,2.81879e+06,1.29462e+11,-7.57574e+10
1.45165e+07,61097.8,2.81895e+06,1.29651e+11,-7.54332e+10
1.45228e+07,60532.2,2.8191e+06,1.29839e+11,-7.51085e+10
1.45291e+07,59969,2.81925e+06,1.30027e+11,-7.47833e+10
1.45354e+07,59408.3,2.8194e+06,1.30214e+11,-7.44576e+10
1.45417e+07,58850,2.81955e+06,1.304e+11,-7.41315e+10
1.45481e+07,58294.1,2.81969e+06,1.30585e+11,-7.38049e+10
1.45544e+07,57740.7,2.81984e+06,1.30769e+11,-7.34779e+10
1.45607e+07,57189.8,2.81998e+06,1.30953e+11,-7.31504e+10
1.4567e+07,56641.3,2.82012e+06,1.31135e+11,-7.28224e+10
1.45733e+07,56095.3,2.82027e+06,1.31317e+11,-7.2494e+10
1.45796e+07,55551.8,2.8204e+06,1.31498e+11,-7.21651e+10
1.45859e+07,55010.7,2.82054e+06,1.31678e+11,-7.18358e+10
1.45922e+07,54472.2,2.82068e+06,1.31858e+11,-7.1506e+10
1.45985e+07,53936.1,2.82082e+06,1.32036e+11,-7.11758e+10
1.46049e+07,53402.4,2.82095e+06,1.32214e+11,-7.08451e+10
1.46112e+07,52871.3,2.82108e+06,1.32391e+11,-7.0514e+10
1.46175e+07,52342.7,2.82121e+06,1.32567e+11,-7.01825e+10
1.46238e+07,51816.5,2.82135e+06,1.32742e+11,-6.98505e+10
1.46301e+07,51292.9,2.82147e+06,1.32917e+11,-6.9518e+10
1.46364e+07,50771.7,2.8216e+06,1.3309e+11,-6.91852e+10
1.46427e+07,50253,2.82173e+06,1.33263e+11,-6.88519e+10
1.4649e+07,49736.9,2.82185e+06,1.33435e+11,-6.85181e+10
1.46553e+07,49223.3,2.82198e+06,1.33606e+11,-6.8184e+10
1.46617e+07,48712.1,2.8221e+06,1.33776e+11,-6.78494e+10
1.4668e+07,48203.5,2.82222e+06,1.33946e+11,-6.75144e+10
1.46743e+07,47697.4,2.82234e+06,1.34114e+11,-6.71789e+10
1.46806e+07,47193.9,2.82246e+06,1.34282e+11,-6.68431e+10
1.46869e+07,46692.8,2.82258e+06,1.34449e+11,-6.65068e+10
1.46932e+07,46194.3,2.82269e+06,1.34615e+11,-6.61701e+10
1.46995e+07,45698.3,2.82281e+06,1.3478e+11,-6.5833e+10
1.47058e+07,45204.9,2.82292e+06,1.34944e+11,-6.54955e+10
1.47122e+07,44714,2.82303e+06,1.35108e+11,-6.51576e+10
1.47185e+07,44225.6,2.82315e+06,1.3527e+11,-6.48192e+10
1.47248e+07,43739.8,2.82326e+06,1.35432e+11,-6.44805e+10
1.47311e+07,43256.5,2.82337e+06,1.35593e+11,-6.41413e+10
1.47374e+07,42775.8,2.82347e+06,1.35753e+11,-6.38018e+10
1.47437e+07,42297.6,2.82358e+06,1.35913e+11,-6.34618e+10
1.475e+07,41822,2.82368e+06,1.36071e+11,-6.31215e+10
1.47563e+07,41348.9,2.82379e+06,1.36229e+11,-6.27808e+10
1.47626e+07,40878.4,2.82389e+06,1.36385e+11,-6.24396e+10
1.4769e+07,40410.5,2.82399e+06,1.36541e+11,-6.20981e+10
1.47753e+07,39945.1,2.82409e+06,1.36696e+11,-6.17562e+10
1.47816e+07,39482.3,2.82419e+06,1.3685e+11,-6.14139e+10
1.47879e+07,39022.1,2.82429e+06,1.37004e+11,-6.10712e+10
1.47942e+07,38564.5,2.82439e+06,1.37156e+11,-6.07281e+10
1.48005e+07,38109.4,2.82448e+06,1.37307e+11,-6.03847e+10
1.48068e+07,37656.9,2.82458e+06,1.37458e+11,-6.00409e+10
1.48131e+07,37207,2.82467e+06,1.37608e+11,-5.96967e+10
1.48194e+07,36759.7,2.82477e+06,1.37757e+11,-5.93521e+10
1.48258e+07,36315,2.82486e+06,1.37905e+11,-5.90071e+10
1.48321e+07,35872.9,2.82495e+06,1.38052e+11,-5.86618e+10
1.48384e+07,35433.4,2.82504e+06,1.38199e+11,-5.83161e+10
1.48447e+07,34996.4,2.82512e+06,1.38344e+11,-5.79701e+10
1.4851e+07,34562.1,2.82521e+06,1.38489e+11,-5.76237e+10
1.48573e+07,34130.4,2.8253e+06,1.38633e+11,-5.72769e+10
1.48636e+07,33701.3,2.82538e+06,1.38776e+11,-5.69297e+10
1.48699e+07,33274.7,2.82547e+06,1.38918e+11,-5.65823e+10
1.48763e+07,32850.9,2.82555e+06,1.39059e+11,-5.62344e+10
1.48826e+07,32429.6,2.82563e+06,1.39199e+11,-5.58862e+10
1.48889e+07,32010.9,2.82571e+06,1.39339e+11,-5.55377e+10
1.48952e+07,31594.9,2.82579e+06,1.39477e+11,-5.51888e+10
1.49015e+07,31181.5,2.82587e+06,1.39615e+11,-5.48395e+10
1.49078e+07,30770.7,2.82595e+06,1.39752e+11,-5.44899e+10
1.49141e+07,30362.5,2.82602e+06,1.39888e+11,-5.414e+10
1.49204e+07,29957,2.8261e+06,1.40023e+11,-5.37898e+10
1.49267e+07,29554.1,2.82617e+06,1.40157e+11,-5.34392e+10
1.49331e+07,29153.8,2.82625e+06,1.4029e+11,-5.30882e+10
1.49394e+07,28756.2,2.82632e+06,1.40423e+11,-5.27369e+10
1.49457e+07,28361.2,2.82639e+06,1.40554e+11,-5.23853e+10
1.4952e+07,27968.8,2.82646e+06,1.40685e+11,-5.20334e+10
1.49583e+07,27579.1,2.82653e+06,1.40815e+11,-5.16812e+10
1.49646e+07,27192.1,2.8266e+06,1.40944e+11,-5.13286e+10
1.49709e+07,26807.7,2.82667e+06,1.41072e+11,-5.09757e+10
1.49772e+07,26426,2.82673e+06,1.41199e+11,-5.06225e+10
1.49835e+07,26046.9,2.8268e+06,1.41325e+11,-5.02689e+10
1.49899e+07,25670.4,2.82686e+06,1.4145e+11,-4.99151e+10
1.49962e+07,25296.7,2.82693e+06,1.41575e+11,-4.95609e+10
1.50025e+07,24925.6,2.82699e+06,1.41698e+11,-4.92065e+10
1.50088e+07,24557.1,2.82705e+06,1.41821e+11,-4.88517e+10
1.50151e+07,24191.3,2.82711e+06,1.41943e+11,-4.84966e+10
1.50214e+07,23828.2,2.82717e+06,1.42064e+11,-4.81412e+10
1.50277e+07,23467.8,2.82723e+06,1.42184e+11,-4.77855e+10
1.5034e+07,23110,2.82729e+06,1.42303e+11,-4.74295e+10
1.50404e+07,22754.9,2.82735e+06,1.42421e+11,-4.70732e+10
1.50467e+07,22402.5,2.8274e+06,1.42539e+11,-4.67166e+10
1.5053e+07,22052.8,2.82746e+06,1.42655e+11,-4.63598e+10
1.50593e+07,21705.8,2.82752e+06,1.42771e+11,-4.60026e+10
1.50656e+07,21361.4,2.82757e+06,1.42885e+11,-4.56451e+10
1.50719e+07,21019.7,2.82762e+06,1.42999e+11,-4.52874e+10
1.50782e+07,20680.8,2.82767e+06,1.43112e+11,-4.49294e+10
1.50845e+07,20344.5,2.82773e+06,1.43224e+11,-4.45711e+10
1.50908e+07,20010.9,2.82778e+06,1.43335e+11,-4.42125e+10
1.50972e+07,19680,2.82783e+06,1.43446e+11,-4.38536e+10
1.51035e+07,19351.8,2.82787e+06,1.43555e+11,-4.34945e+10
1.51098e+07,19026.3,2.82792e+06,1.43663e+11,-4.31351e+10
1.51161e+07,18703.5,2.82797e+06,1.43771e+11,-4.27754e+10
1.51224e+07,18383.4,2.82802e+06,1.43877e+11,-4.24154e+10
1.51287e+07,18066,2.82806e+06,1.43983e+11,-4.20552e+10
1.5135e+07,17751.3,2.82811e+06,1.44088e+11,-4.16948e+10
1.51413e+07,17439.3,2.82815e+06,1.44192e+11,-4.1334e+10
1.51476e+07,17130,2.82819e+06,1.44295e+11,-4.0973e+10
1.5154e+07,16823.5,2.82824e+06,1.44397e+11,-4.06118e+10
1.51603e+07,16519.7,2.82828e+06,1.44498e+11,-4.02503e+10
1.51666e+07,16218.5,2.82832e+06,1.44598e+11,-3.98885e+10
1.51729e+07,15920.1,2.82836e+06,1.44698e+11,-3.95265e+10
1.51792e+07,15624.5,2.8284e+06,1.44796e+11,-3.91642e+10
1.51855e+07,15331.5,2.82844e+06,1.44894e+11,-3.88017e+10
1.51918e+07,15041.3,2.82848e+06,1.4499e+11,-3.8439e+10
1.51981e+07,14753.8,2.82851e+06,1.45086e+11,-3.8076e+10
1.52045e+07,14469,2.82855e+06,1.45181e+11,-3.77128e+10
1.52108e+07,14187,2.82859e+06,1.45275e+11,-3.73493e+10
1.52171e+07,13907.6,2.82862e+06,1.45368e+11,-3.69856e+10
1.52234e+07,13631.1,2.82866e+06,1.4546e+11,-3.66217e+10
1.52297e+07,13357.2,2.82869e+06,1.45551e+11,-3.62575e+10
1.5236e+07,13086.1,2.82872e+06,1.45642e+11,-3.58931e+10
1.52423e+07,12817.8,2.82875e+06,1.45731e+11,-3.55285e+10
1.52486e+07,12552.1,2.82879e+06,1.45819e+11,-3.51637e+10
1.52549e+07,12289.2,2.82882e+06,1.45907e+11,-3.47987e+10
1.52613e+07,12029.1,2.82885e+06,1.45994e+11,-3.44334e+10
1.52676e+07,11771.7,2.82888e+06,1.46079e+11,-3.40679e+10
1.52739e+07,11517.1,2.82891e+06,1.46164e+11,-3.37022e+10
1.52802e+07,11265.2,2.82894e+06,1.46248e+11,-3.33363e+10
1.52865e+07,11016,2.82896e+06,1.46331e+11,-3.29702e+10
1.52928e+07,10769.6,2.82899e+06,1.46413e+11,-3.26039e+10
1.52991e+07,10526,2.82902e+06,1.46494e+11,-3.22373e+10
1.53054e+07,10285.1,2.82904e+06,1.46575e+11,-3.18706e+10
1.53117e+07,10047,2.82907e+06,1.46654e+11,-3.15037e+10
1.53181e+07,9811.6,2.82909e+06,1.46732e+11,-3.11365e+10
1.53244e+07,9578.99,2.82912e+06,1.4681e+11,-3.07692e+10
1.53307e+07,9349.13,2.82914e+06,1.46886e+11,-3.04017e+10
1.5337e+07,9122.05,2.82916e+06,1.46962e+11,-3.0034e+10
1.53433e+07,8897.72,2.82919e+06,1.47037e+11,-2.96661e+10
1.53496e+07,8676.16,2.82921e+06,1.4711e+11,-2.9298e+10
1.53559e+07,8457.37,2.82923e+06,1.47183e+11,-2.89298e+10
1.53622e+07,8241.34,2.82925e+06,1.47255e+11,-2.85613e+10
1.53686e+07,8028.08,2.82927e+06,1.47326e+11,-2.81927e+10
1.53749e+07,7817.6,2.82929e+06,1.47396e+11,-2.78239e+10
1.53812e+07,7609.88,2.82931e+06,1.47465e+11,-2.74549e+10
1.53875e+07,7404.94,2.82933e+06,1.47534e+11,-2.70858e+10
1.53938e+07,7202.78,2.82935e+06,1.47601e+11,-2.67165e+10
1.54001e+07,7003.39,2.82937e+06,1.47667e+11,-2.6347e+10
1.54064e+07,6806.77,2.82938e+06,1.47733e+11,-2.59773e+10
1.54127e+07,6612.94,2.8294e+06,1.47798e+11,-2.56075e+10
1.5419e+07,6421.88,2.82942e+06,1.47861e+11,-2.52375e+10
1.54254e+07,6233.61,2.82943e+06,1.47924e+11,-2.48674e+10
1.54317e+07,6048.11,2.82945e+06,1.47986e+11,-2.44971e+10
1.5438e+07,5865.4,2.82946e+06,1.48047e+11,-2.41267e+10
1.54443e+07,5685.48,2.82948e+06,1.48106e+11,-2.37561e+10
1.54506e+07,5508.34,2.82949e+06,1.48165e+11,-2.33854e+10
1.54569e+07,5333.98,2.8295e+06,1.48223e+11,-2.30145e+10
1.54632e+07,5162.42,2.82952e+06,1.48281e+11,-2.26434e+10
1.54695e+07,4993.64,2.82953e+06,1.48337e+11,-2.22723e+10
1.54758e+07,4827.65,2.82954e+06,1.48392e+11,-2.1901e+10
1.54822e+07,4664.45,2.82955e+06,1.48446e+11,-2.15295e+10
1.54885e+07,4504.05,2.82957e+06,1.485e+11,-2.11579e+10
1.54948e+07,4346.44,2.82958e+06,1.48552e+11,-2.07862e+10
1.55011e+07,4191.62,2.82959e+06,1.48604e+11,-2.04144e+10
1.55074e+07,4039.59,2.8296e+06,1.48655e+11,-2.00424e+10
1.55137e+07,3890.36,2.82961e+06,1.48704e+11,-1.96703e+10
1.552e+07,3743.93,2.82962e+06,1.48753e+11,-1.92981e+10
1.55263e+07,3600.29,2.82963e+06,1.48801e+11,-1.89257e+10
1.55327e+07,3459.46,2.82963e+06,1.48848e+11,-1.85533e+10
1.5539e+07,3321.42,2.82964e+06,1.48894e+11,-1.81807e+10
1.55453e+07,3186.18,2.82965e+06,1.48939e+11,-1.7808e+10
1.55516e+07,3053.75,2.82966e+06,1.48983e+11,-1.74352e+10
1.55579e+07,2924.11,2.82967e+06,1.49026e+11,-1.70623e+10
1.55642e+07,2797.28,2.82967e+06,1.49068e+11,-1.66893e+10
1.55705e+07,2673.25,2.82968e+06,1.4911e+11,-1.63161e+10
1.55768e+07,2552.03,2.82969e+06,1.4915e+11,-1.59429e+10
1.55831e+07,2433.61,2.82969e+06,1.49189e+11,-1.55696e+10
1.55895e+07,2317.99,2.8297e+06,1.49228e+11,-1.51962e+10
1.55958e+07,2205.19,2.82971e+06,1.49266e+11,-1.48226e+10
1.56021e+07,2095.19,2.82971e+06,1.49302e+11,-1.4449e+10
1.56084e+07,1987.99,2.82972e+06,1.49338e+11,-1.40753e+10
1.56147e+07,1883.61,2.82972e+06,1.49373e+11,-1.37015e+10
1.5621e+07,1782.03,2.82973e+06,1.49406e+11,-1.33277e+10
1.56273e+07,1683.27,2.82973e+06,1.49439e+11,-1.29537e+10
1.56336e+07,1587.31,2.82973e+06,1.49471e+11,-1.25797e+10
1.56399e+07,1494.17,2.82974e+06,1.49502e+11,-1.22055e+10
1.56463e+07,1403.84,2.82974e+06,1.49532e+11,-1.18313e+10
1.56526e+07,1316.32,2.82974e+06,1.49562e+11,-1.14571e+10
1.56589e+07,1231.61,2.82975e+06,1.4959e+11,-1.10827e+10
1.56652e+07,1149.72,2.82975e+06,1.49617e+11,-1.07083e+10
1.56715e+07,1070.64,2.82975e+06,1.49643e+11,-1.03338e+10
1.56778e+07,994.369,2.82976e+06,1.49669e+11,-9.9593e+09
1.56841e+07,920.917,2.82976e+06,1.49693e+11,-9.58469e+09
1.56904e+07,850.281,2.82976e+06,1.49717e+11,-9.21002e+09
1.56968e+07,782.46,2.82976e+06,1.49739e+11,-8.8353e+09
1.57031e+07,717.455,2.82976e+06,1.49761e+11,-8.46052e+09
1.57094e+07,655.266,2.82977e+06,1.49782e+11,-8.08569e+09
1.57157e+07,595.895,2.82977e+06,1.49802e+11,-7.71081e+09
1.5722e+07,539.34,2.82977e+06,1.4982e+11,-7.33588e+09
1.57283e+07,485.603,2.82977e+06,1.49838e+11,-6.9609e+09
1.57346e+07,434.684,2.82977e+06,1.49855e+11,-6.58588e+09
1.57409e+07,386.584,2.82977e+06,1.49871e+11,-6.21082e+09
1.57472e+07,341.301,2.82977e+06,1.49886e+11,-5.83572e+09
1.57536e+07,298.838,2.82977e+06,1.499e+11,-5.46058e+09
1.57599e+07,259.193,2.82978e+06,1.49914e+11,-5.08541e+09
1.57662e+07,222.368,2.82978e+06,1.49926e+11,-4.71021e+09
1.57725e+07,188.362,2.82978e+06,1.49937e+11,-4.33497e+09
1.57788e+07,157.176,2.82978e+06,1.49948e+11,-3.95971e+09
1.57851e+07,128.81,2.82978e+06,1.49957e+11,-3.58443e+09
1.57914e+07,103.264,2.82978e+06,1.49966e+11,-3.20912e+09
1.57977e+07,80.5389,2.82978e+06,1.49973e+11,-2.83379e+09
1.5804e+07,60.6337,2.82978e+06,1.4998e+11,-2.45845e+09
1.58104e+07,43.549,2.82978e+06,1.49985e+11,-2.08309e+09
1.58167e+07,29.285,2.82978e+06,1.4999e+11,-1.70771e+09
1.5823e+07,17.8418,2.82978e+06,1.49994e+11,-1.33233e+09
1.58293e+07,9.21931,2.82978e+06,1.49997e+11,-9.56936e+08
1.58356e+07,3.41772,2.82978e+06,1.49999e+11,-5.81537e+08
1.58419e+07,0.437028,2.82978e+06,1.5e+11,-2.06135e+08
1.58482e+07,0.277252,2.82978e+06,1.5e+11,1.69269e+08
1.58545e+07,2.9384,2.82978e+06,1.49999e+11,5.44672e+08
1.58608e+07,8.42044,2.82978e+06,1.49997e+11,9.20071e+08
1.58672e+07,16.7234,2.82978e+06,1.49994e+11,1.29546e+09
1.58735e+07,27.8471,2.82978e+06,1.49991e+11,1.67085e+09
1.58798e+07,41.7916,2.82978e+06,1.49986e+11,2.04622e+09
1.58861e+07,58.5567,2.82978e+06,1.4998e+11,2.42159e+09
1.58924e+07,78.1424,2.82978e+06,1.49974e+11,2.79693e+09
1.58987e+07,100.548,2.82978e+06,1.49967e+11,3.17226e+09
1.5905e+07,125.775,2.82978e+06,1.49958e+11,3.54757e+09
1.59113e+07,153.821,2.82978e+06,1.49949e+11,3.92286e+09
1.59177e+07,184.688,2.82978e+06,1.49938e+11,4.29812e+09
1.5924e+07,218.374,2.82978e+06,1.49927e+11,4.67336e+09
1.59303e+07,254.88,2.82978e+06,1.49915e+11,5.04857e+09
1.59366e+07,294.205,2.82978e+06,1.49902e+11,5.42374e+09
1.59429e+07,336.349,2.82978e+06,1.49888e+11,5.79888e+09
1.59492e+07,381.312,2.82978e+06,1.49873e+11,6.17399e+09
1.59555e+07,429.094,2.82978e+06,1.49857e+11,6.54905e+09
1.59618e+07,479.694,2.82979e+06,1.4984e+11,6.92408e+09
1.59681e+07,533.111,2.82979e+06,1.49822e+11,7.29906e+09
1.59745e+07,589.347,2.82979e+06,1.49804e+11,7.674e+09
1.59808e+07,648.399,2.82979e+06,1.49784e+11,8.04889e+09
1.59871e+07,710.269,2.82979e+06,1.49763e+11,8.42372e+09
1.59934e+07,774.955,2.82979e+06,1.49742e+11,8.79851e+09
1.59997e+07,842.456,2.8298e+06,1.49719e+11,9.17324e+09
1.6006e+07,912.774,2.8298e+06,1.49696e+11,9.54791e+09
1.60123e+07,985.907,2.8298e+06,1.49672e+11,9.92252e+09
1.60186e+07,1061.85,2.8298e+06,1.49646e+11,1.02971e+10
1.60249e+07,1140.62,2.82981e+06,1.4962e+11,1.06716e+10
1.60313e+07,1222.19,2.82981e+06,1.49593e+11,1.1046e+10
1.60376e+07,1306.58,2.82981e+06,1.49565e+11,1.14203e+10
1.60439e+07,1393.78,2.82981e+06,1.49536e+11,1.17946e+10
1.60502e+07,1483.8,2.82982e+06,1.49506e+11,1.21688e+10
1.60565e+07,1576.62,2.82982e+06,1.49475e+11,1.25429e+10
1.60628e+07,1672.26,2.82983e+06,1.49443e+11,1.2917e+10
1.60691e+07,1770.7,2.82983e+06,1.4941e+11,1.3291e+10
1.60754e+07,1871.96,2.82983e+06,1.49377e+11,1.36648e+10
1.60818e+07,1976.03,2.82984e+06,1.49342e+11,1.40386e+10
1.60881e+07,2082.9,2.82984e+06,1.49306e+11,1.44124e+10
1.60944e+07,2192.58,2.82985e+06,1.4927e+11,1.4786e+10
1.61007e+07,2305.07,2.82986e+06,1.49232e+11,1.51595e+10
1.6107e+07,2420.37,2.82986e+06,1.49194e+11,1.55329e+10
1.61133e+07,2538.47,2.82987e+06,1.49155e+11,1.59063e+10
1.61196e+07,2659.38,2.82987e+06,1.49114e+11,1.62795e+10
1.61259e+07,2783.09,2.82988e+06,1.49073e+11,1.66527e+10
1.61322e+07,2909.6,2.82989e+06,1.49031e+11,1.70257e+10
1.61386e+07,3038.92,2.8299e+06,1.48988e+11,1.73986e+10
1.61449e+07,3171.04,2.8299e+06,1.48944e+11,1.77714e+10
1.61512e+07,3305.96,2.82991e+06,1.48899e+11,1.81441e+10
1.61575e+07,3443.68,2.82992e+06,1.48853e+11,1.85167e+10
1.61638e+07,3584.2,2.82993e+06,1.48806e+11,1.88892e+10
1.61701e+07,3727.52,2.82994e+06,1.48759e+11,1.92616e+10
1.61764e+07,3873.63,2.82995e+06,1.4871e+11,1.96338e+10
1.61827e+07,4022.55,2.82996e+06,1.4866e+11,2.00059e+10
1.6189e+07,4174.25,2.82997e+06,1.4861e+11,2.03779e+10
1.61954e+07,4328.76,2.82998e+06,1.48558e+11,2.07498e+10
1.62017e+07,4486.05,2.82999e+06,1.48506e+11,2.11215e+10
1.6208e+07,4646.14,2.83e+06,1.48453e+11,2.14931e+10
1.62143e+07,4809.02,2.83001e+06,1.48398e+11,2.18645e+10
1.62206e+07,4974.7,2.83002e+06,1.48343e+11,2.22359e+10
1.62269e+07,5143.16,2.83004e+06,1.48287e+11,2.26071e+10
1.62332e+07,5314.41,2.83005e+06,1.4823e+11,2.29781e+10
1.62395e+07,5488.45,2.83006e+06,1.48172e+11,2.3349e+10
1.62459e+07,5665.27,2.83008e+06,1.48113e+11,2.37198e+10
1.62522e+07,5844.88,2.83009e+06,1.48053e+11,2.40904e+10
1.62585e+07,6027.28,2.83011e+06,1.47993e+11,2.44608e+10
1.62648e+07,6212.46,2.83012e+06,1.47931e+11,2.48311e+10
1.62711e+07,6400.42,2.83014e+06,1.47868e+11,2.52013e+10
1.62774e+07,6591.16,2.83015e+06,1.47805e+11,2.55713e+10
1.62837e+07,6784.68,2.83017e+06,1.4774e+11,2.59411e+10
1.629e+07,6980.97,2.83019e+06,1.47675e+11,2.63108e+10
1.62963e+07,7180.05,2.83021e+06,1.47609e+11,2.66803e+10
1.63027e+07,7381.9,2.83022e+06,1.47541e+11,2.70496e+10
1.6309e+07,7586.53,2.83024e+06,1.47473e+11,2.74188e+10
1.63153e+07,7793.93,2.83026e+06,1.47404e+11,2.77878e+10
1.63216e+07,8004.1,2.83028e+06,1.47334e+11,2.81566e+10
1.63279e+07,8217.04,2.8303e+06,1.47263e+11,2.85252e+10
1.63342e+07,8432.76,2.83032e+06,1.47191e+11,2.88937e+10
1.63405e+07,8651.24,2.83034e+06,1.47119e+11,2.9262e+10
1.63468e+07,8872.48,2.83037e+06,1.47045e+11,2.96301e+10
1.63531e+07,9096.5,2.83039e+06,1.4697e+11,2.9998e+10
1.63595e+07,9323.27,2.83041e+06,1.46895e+11,3.03657e+10
1.63658e+07,9552.81,2.83044e+06,1.46818e+11,3.07333e+10
1.63721e+07,9785.11,2.83046e+06,1.46741e+11,3.11006e+10
1.63784e+07,10020.2,2.83048e+06,1.46663e+11,3.14677e+10
1.63847e+07,10258,2.83051e+06,1.46584e+11,3.18347e+10
1.6391e+07,10498.6,2.83054e+06,1.46503e+11,3.22015e+10
1.63973e+07,10741.9,2.83056e+06,1.46422e+11,3.2568e+10
1.64036e+07,10988,2.83059e+06,1.4634e+11,3.29344e+10
1.641e+07,11236.8,2.83062e+06,1.46258e+11,3.33005e+10
1.64163e+07,11488.4,2.83065e+06,1.46174e+11,3.36664e+10
1.64226e+07,11742.7,2.83068e+06,1.46089e+11,3.40321e+10
1.64289e+07,11999.8,2.83071e+06,1.46003e+11,3.43977e+10
1.64352e+07,12259.6,2.83074e+06,1.45917e+11,3.4763e+10
1.64415e+07,12522.2,2.83077e+06,1.45829e+11,3.5128e+10
1.64478e+07,12787.5,2.8308e+06,1.45741e+11,3.54929e+10
1.64541e+07,13055.6,2.83083e+06,1.45652e+11,3.58575e+10
1.64604e+07,13326.4,2.83086e+06,1.45562e+11,3.62219e+10
1.64668e+07,13599.9,2.8309e+06,1.4547e+11,3.65861e+10
1.64731e+07,13876.2,2.83093e+06,1.45378e+11,3.69501e+10
1.64794e+07,14155.2,2.83097e+06,1.45286e+11,3.73138e+10
1.64857e+07,14436.9,2.831e+06,1.45192e+11,3.76773e+10
1.6492e+07,14721.4,2.83104e+06,1.45097e+11,3.80405e+10
1.64983e+07,15008.6,2.83108e+06,1.45001e+11,3.84035e+10
1.65046e+07,15298.5,2.83111e+06,1.44905e+11,3.87663e+10
1.65109e+07,15591.1,2.83115e+06,1.44807e+11,3.91288e+10
1.65172e+07,15886.5,2.83119e+06,1.44709e+11,3.94911e+10
1.65236e+07,16184.6,2.83123e+06,1.4461e+11,3.98532e+10
1.65299e+07,16485.4,2.83127e+06,1.44509e+11,4.02149e+10
1.65362e+07,16788.9,2.83131e+06,1.44408e+11,4.05765e+10
1.65425e+07,17095.2,2.83136e+06,1.44306e+11,4.09378e+10
1.65488e+07,17404.1,2.8314e+06,1.44203e+11,4.12988e+10
1.65551e+07,17715.8,2.83144e+06,1.441e+11,4.16596e+10
1.65614e+07,18030.2,2.83149e+06,1.43995e+11,4.20201e+10
1.65677e+07,18347.3,2.83153e+06,1.43889e+11,4.23803e+10
1.65741e+07,18667.1,2.83158e+06,1.43783e+11,4.27403e+10
1.65804e+07,18989.6,2.83163e+06,1.43675e+11,4.31e+10
1.65867e+07,19314.8,2.83168e+06,1.43567e+11,4.34594e+10
1.6593e+07,19642.7,2.83172e+06,1.43458e+11,4.38186e+10
1.65993e+07,19973.2,2.83177e+06,1.43348e+11,4.41775e+10
1.66056e+07,20306.5,2.83182e+06,1.43237e+11,4.45361e+10
1.66119e+07,20642.5,2.83188e+06,1.43125e+11,4.48945e+10
1.66182e+07,20981.2,2.83193e+06,1.43012e+11,4.52525e+10
1.66245e+07,21322.6,2.83198e+06,1.42898e+11,4.56103e+10
1.66309e+07,21666.6,2.83203e+06,1.42784e+11,4.59678e+10
1.66372e+07,22013.4,2.83209e+06,1.42668e+11,4.6325e+10
1.66435e+07,22362.8,2.83214e+06,1.42552e+11,4.66819e+10
1.66498e+07,22714.9,2.8322e+06,1.42435e+11,4.70385e+10
1.66561e+07,23069.7,2.83226e+06,1.42317e+11,4.73948e+10
1.66624e+07,23427.1,2.83232e+06,1.42197e+11,4.77508e+10
1.66687e+07,23787.3,2.83238e+06,1.42078e+11,4.81066e+10
1.6675e+07,24150.1,2.83244e+06,1.41957e+11,4.8462e+10
1.66813e+07,24515.5,2.8325e+06,1.41835e+11,4.88171e+10
1.66877e+07,24883.7,2.83256e+06,1.41712e+11,4.91719e+10
1.6694e+07,25254.5,2.83262e+06,1.41589e+11,4.95264e+10
1.67003e+07,25628,2.83268e+06,1.41464e+11,4.98806e+10
1.67066e+07,26004.1,2.83275e+06,1.41339e+11,5.02345e+10
1.67129e+07,26382.9,2.83282e+06,1.41213e+11,5.05881e+10
1.67192e+07,26764.3,2.83288e+06,1.41086e+11,5.09414e+10
1.67255e+07,27148.4,2.83295e+06,1.40958e+11,5.12943e+10
1.67318e+07,27535.2,2.83302e+06,1.40829e+11,5.16469e+10
1.67382e+07,27924.6,2.83309e+06,1.407e+11,5.19992e+10
1.67445e+07,28316.6,2.83316e+06,1.40569e+11,5.23512e+10
1.67508e+07,28711.3,2.83323e+06,1.40438e+11,5.27028e+10
1.67571e+07,29108.6,2.8333e+06,1.40305e+11,5.30541e+10
1.67634e+07,29508.6,2.83337e+06,1.40172e+11,5.34051e+10
1.67697e+07,29911.2,2.83345e+06,1.40038e+11,5.37557e+10
1.6776e+07,30316.4,2.83352e+06,1.39903e+11,5.4106e+10
1.67823e+07,30724.3,2.8336e+06,1.39767e+11,5.4456e+10
1.67886e+07,31134.8,2.83368e+06,1.3963e+11,5.48056e+10
1.6795e+07,31547.9,2.83376e+06,1.39493e+11,5.51549e+10
1.68013e+07,31963.6,2.83384e+06,1.39354e+11,5.55038e+10
1.68076e+07,32382,2.83392e+06,1.39215e+11,5.58524e+10
1.68139e+07,32803,2.834e+06,1.39075e+11,5.62006e+10
1.68202e+07,33226.6,2.83408e+06,1.38934e+11,5.65485e+10
1.68265e+07,33652.8,2.83416e+06,1.38792e+11,5.68961e+10
1.68328e+07,34081.6,2.83425e+06,1.38649e+11,5.72432e+10
1.68391e+07,34513.1,2.83433e+06,1.38505e+11,5.75901e+10
1.68454e+07,34947.1,2.83442e+06,1.38361e+11,5.79365e+10
1.68518e+07,35383.7,2.83451e+06,1.38215e+11,5.82826e+10
1.68581e+07,35823,2.8346e+06,1.38069e+11,5.86283e+10
1.68644e+07,36264.8,2.83469e+06,1.37922e+11,5.89737e+10
1.68707e+07,36709.2,2.83478e+06,1.37774e+11,5.93187e+10
1.6877e+07,37156.2,2.83487e+06,1.37625e+11,5.96633e+10
1.68833e+07,37605.8,2.83497e+06,1.37475e+11,6.00075e+10
1.68896e+07,38058,2.83506e+06,1.37325e+11,6.03514e+10
1.68959e+07,38512.8,2.83516e+06,1.37173e+11,6.06949e+10
1.69023e+07,38970.2,2.83525e+06,1.37021e+11,6.1038e+10
1.69086e+07,39430.1,2.83535e+06,1.36868e+11,6.13807e+10
1.69149e+07,39892.6,2.83545e+06,1.36714e+11,6.17231e+10
1.69212e+07,40357.7,2.83555e+06,1.36559e+11,6.2065e+10
1.69275e+07,40825.3,2.83565e+06,1.36403e+11,6.24066e+10
1.69338e+07,41295.5,2.83576e+06,1.36246e+11,6.27478e+10
1.69401e+07,41768.3,2.83586e+06,1.36089e+11,6.30886e+10
1.69464e+07,42243.6,2.83596e+06,1.35931e+11,6.3429e+10
1.69527e+07,42721.5,2.83607e+06,1.35771e+11,6.3769e+10
1.69591e+07,43201.9,2.83618e+06,1.35611e+11,6.41086e+10
1.69654e+07,43684.9,2.83629e+06,1.35451e+11,6.44478e+10
1.69717e+07,44170.5,2.8364e+06,1.35289e+11,6.47865e+10
1.6978e+07,44658.5,2.83651e+06,1.35126e+11,6.51249e+10
1.69843e+07,45149.2,2.83662e+06,1.34963e+11,6.54629e+10
1.69906e+07,45642.3,2.83673e+06,1.34799e+11,6.58005e+10
1.69969e+07,46138,2.83685e+06,1.34634e+11,6.61376e+10
1.70032e+07,46636.2,2.83697e+06,1.34468e+11,6.64744e+10
1.70095e+07,47137,2.83708e+06,1.34301e+11,6.68107e+10
1.70159e+07,47640.3,2.8372e+06,1.34133e+11,6.71466e+10
1.70222e+07,48146.1,2.83732e+06,1.33965e+11,6.74821e+10
1.70285e+07,48654.4,2.83744e+06,1.33795e+11,6.78171e+10
1.70348e+07,49165.2,2.83756e+06,1.33625e+11,6.81518e+10
1.70411e+07,49678.6,2.83769e+06,1.33454e+11,6.8486e+10
1.70474e+07,50194.4,2.83781e+06,1.33283e+11,6.88198e+10
1.70537e+07,50712.8,2.83794e+06,1.3311e+11,6.91531e+10
1.706e+07,51233.7,2.83807e+06,1.32936e+11,6.9486e+10
1.70664e+07,51757.1,2.8382e+06,1.32762e+11,6.98185e+10
1.70727e+07,52282.9,2.83833e+06,1.32587e+11,7.01505e+10
1.7079e+07,52811.3,2.83846e+06,1.32411e+11,7.04821e+10
1.70853e+07,53342.1,2.83859e+06,1.32234e+11,7.08133e+10
1.70916e+07,53875.5,2.83872e+06,1.32057e+11,7.1144e+10
1.70979e+07,54411.3,2.83886e+06,1.31878e+11,7.14743e+10
1.71042e+07,54949.6,2.839e+06,1.31699e+11,7.18041e+10
1.71105e+07,55490.4,2.83914e+06,1.31519e+11,7.21335e+10
1.71168e+07,56033.6,2.83927e+06,1.31338e+11,7.24624e+10
1.71232e+07,56579.4,2.83942e+06,1.31156e+11,7.27909e+10
1.71295e+07,57127.6,2.83956e+06,1.30973e+11,7.31189e+10
1.71358e+07,57678.2,2.8397e+06,1.3079e+11,7.34465e+10
1.71421e+07,58231.3,2.83985e+06,1.30606e+11,7.37736e+10
1.71484e+07,58786.9,2.83999e+06,1.30421e+11,7.41002e+10
1.71547e+07,59344.9,2.84014e+06,1.30235e+11,7.44264e+10
1.7161e+07,59905.4,2.84029e+06,1.30048e+11,7.47521e+10
1.71673e+07,60468.3,2.84044e+06,1.29861e+11,7.50773e+10
1.71736e+07,61033.6,2.84059e+06,1.29672e+11,7.54021e+10
1.718e+07,61601.4,2.84075e+06,1.29483e+11,7.57264e+10
1.71863e+07,62171.7,2.8409e+06,1.29293e+11,7.60502e+10
1.71926e+07,62744.3,2.84106e+06,1.29103e+11,7.63735e+10
1.71989e+07,63319.4,2.84122e+06,1.28911e+11,7.66964e+10
1.72052e+07,63896.9,2.84137e+06,1.28719e+11,7.70188e+10
1.72115e+07,64476.9,2.84154e+06,1.28526e+11,7.73407e+10
1.72178e+07,65059.2,2.8417e+06,1.28332e+11,7.76621e+10
1.72241e+07,65644,2.84186e+06,1.28137e+11,7.7983e+10
1.72304e+07,66231.2,2.84203e+06,1.27941e+11,7.83035e+10
1.72368e+07,66820.8,2.84219e+06,1.27745e+11,7.86234e+10
1.72431e+07,67412.7,2.84236e+06,1.27548e+11,7.89429e+10
1.72494e+07,68007.1,2.84253e+06,1.2735e+11,7.92619e+10
1.72557e+07,68603.9,2.8427e+06,1.27151e+11,7.95803e+10
1.7262e+07,69203.1,2.84287e+06,1.26952e+11,7.98983e+10
1.72683e+07,69804.6,2.84305e+06,1.26751e+11,8.02158e+10
1.72746e+07,70408.6,2.84322e+06,1.2655e+11,8.05327e+10
1.72809e+07,71014.9,2.8434e+06,1.26348e+11,8.08492e+10
1.72873e+07,71623.6,2.84358e+06,1.26145e+11,8.11652e+10
1.72936e+07,72234.7,2.84376e+06,1.25942e+11,8.14806e+10
1.72999e+07,72848.1,2.84394e+06,1.25738e+11,8.17955e+10
1.73062e+07,73463.9,2.84412e+06,1.25533e+11,8.211e+10
1.73125e+07,74082.1,2.84431e+06,1.25327e+11,8.24239e+10
1.73188e+07,74702.6,2.84449e+06,1.2512e+11,8.27373e+10
1.73251e+07,75325.5,2.84468e+06,1.24913e+11,8.30502e+10
1.73314e+07,75950.7,2.84487e+06,1.24704e+11,8.33625e+10
1.73377e+07,76578.2,2.84506e+06,1.24495e+11,8.36743e+10
1.73441e+07,77208.2,2.84525e+06,1.24285e+11,8.39857e+10
1.73504e+07,77840.4,2.84545e+06,1.24075e+11,8.42964e+10
1.73567e+07,78475,2.84564e+06,1.23864e+11,8.46067e+10
1.7363e+07,79111.9,2.84584e+06,1.23651e+11,8.49164e+10
1.73693e+07,79751.1,2.84604e+06,1.23439e+11,8.52256e+10
1.73756e+07,80392.7,2.84624e+06,1.23225e+11,8.55343e+10
1.73819e+07,81036.5,2.84644e+06,1.2301e+11,8.58424e+10
1.73882e+07,81682.7,2.84665e+06,1.22795e+11,8.615e+10
1.73945e+07,82331.2,2.84685e+06,1.22579e+11,8.6457e+10
1.74009e+07,82982,2.84706e+06,1.22362e+11,8.67636e+10
1.74072e+07,83635.1,2.84727e+06,1.22145e+11,8.70695e+10
1.74135e+07,84290.5,2.84748e+06,1.21927e+11,8.73749e+10
1.74198e+07,84948.2,2.84769e+06,1.21708e+11,8.76798e+10
1.74261e+07,85608.2,2.8479e+06,1.21488e+11,8.79841e+10
1.74324e+07,86270.5,2.84812e+06,1.21267e+11,8.82879e+10
1.74387e+07,86935,2.84833e+06,1.21046e+11,8.85911e+10
1.7445e+07,87601.8,2.84855e+06,1.20824e+11,8.88938e+10
1.74514e+07,88270.9,2.84877e+06,1.20601e+11,8.91959e+10
1.74577e+07,88942.3,2.84899e+06,1.20377e+11,8.94974e+10
1.7464e+07,89615.9,2.84922e+06,1.20153e+11,8.97984e+10
1.74703e+07,90291.8,2.84944e+06,1.19928e+11,9.00988e+10
1.74766e+07,90970,2.84967e+06,1.19702e+11,9.03987e+10
1.74829e+07,91650.3,2.8499e+06,1.19475e+11,9.0698e+10
1.74892e+07,92333,2.85013e+06,1.19248e+11,9.09967e+10
1.74955e+07,93017.9,2.85036e+06,1.1902e+11,9.12949e+10
1.75018e+07,93705,2.85059e+06,1.18791e+11,9.15925e+10
1.75082e+07,94394.3,2.85083e+06,1.18562e+11,9.18895e+10
1.75145e+07,95085.9,2.85107e+06,1.18331e+11,9.21859e+10
1.75208e+07,95779.7,2.8513e+06,1.181e+11,9.24818e+10
1.75271e+07,96475.8,2.85155e+06,1.17868e+11,9.2777e+10
1.75334e+07,97174,2.85179e+06,1.17636e+11,9.30717e+10
1.75397e+07,97874.5,2.85203e+06,1.17402e+11,9.33659e+10
1.7546e+07,98577.1,2.85228e+06,1.17168e+11,9.36594e+10
1.75523e+07,99282,2.85252e+06,1.16934e+11,9.39523e+10
1.75586e+07,99989.1,2.85277e+06,1.16698e+11,9.42447e+10
1.7565e+07,100698,2.85303e+06,1.16462e+11,9.45365e+10
1.75713e+07,101410,2.85328e+06,1.16225e+11,9.48276e+10
1.75776e+07,102123,2.85353e+06,1.15987e+11,9.51182e+10
1.75839e+07,102839,2.85379e+06,1.15749e+11,9.54082e+10
1.75902e+07,103557,2.85405e+06,1.1551e+11,9.56976e+10
1.75965e+07,104277,2.85431e+06,1.1527e+11,9.59864e+10
1.76028e+07,105000,2.85457e+06,1.15029e+11,9.62745e+10
1.76091e+07,105724,2.85483e+06,1.14788e+11,9.65621e+10
1.76155e+07,106451,2.8551e+06,1.14546e+11,9.68491e+10
1.76218e+07,107180,2.85537e+06,1.14303e+11,9.71355e+10
1.76281e+07,107911,2.85564e+06,1.1406e+11,9.74212e+10
1.76344e+07,108644,2.85591e+06,1.13816e+11,9.77064e+10
1.76407e+07,109379,2.85618e+06,1.13571e+11,9.79909e+10
1.7647e+07,110116,2.85645e+06,1.13325e+11,9.82748e+10
1.76533e+07,110856,2.85673e+06,1.13079e+11,9.85582e+10
1.76596e+07,111598,2.85701e+06,1.12832e+11,9.88408e+10
1.76659e+07,112341,2.85729e+06,1.12584e+11,9.91229e+10
1.76723e+07,113087,2.85757e+06,1.12336e+11,9.94044e+10
1.76786e+07,113835,2.85786e+06,1.12087e+11,9.96852e+10
1.76849e+07,114585,2.85814e+06,1.11837e+11,9.99654e+10
1.76912e+07,115338,2.85843e+06,1.11586e+11,1.00245e+11
1.76975e+07,116092,2.85872e+06,1.11335e+11,1.00524e+11
1.77038e+07,116848,2.85901e+06,1.11083e+11,1.00802e+11
1.77101e+07,117607,2.8593e+06,1.10831e+11,1.0108e+11
1.77164e+07,118367,2.8596e+06,1.10577e+11,1.01357e+11
1.77227e+07,119130,2.8599e+06,1.10323e+11,1.01633e+11
1.77291e+07,119895,2.86019e+06,1.10069e+11,1.01909e+11
1.77354e+07,120662,2.8605e+06,1.09813e+11,1.02184e+11
1.77417e+07,121430,2.8608e+06,1.09557e+11,1.02459e+11
1.7748e+07,122201,2.8611e+06,1.093e+11,1.02733e+11
1.77543e+07,122974,2.86141e+06,1.09043e+11,1.03006e+11
1.77606e+07,123749,2.86172e+06,1.08785e+11,1.03279e+11
1.77669e+07,124526,2.86203e+06,1.08526e+11,1.0355e+11
1.77732e+07,125305,2.86234e+06,1.08266e+11,1.03822e+11
1.77796e+07,126087,2.86266e+06,1.08006e+11,1.04092e+11
1.77859e+07,126870,2.86297e+06,1.07745e+11,1.04362e+11
1.77922e+07,127655,2.86329e+06,1.07484e+11,1.04632e+11
1.77985e+07,128442,2.86361e+06,1.07222e+11,1.049e+11
1.78048e+07,129232,2.86393e+06,1.06959e+11,1.05168e+11
1.78111e+07,130023,2.86426e+06,1.06695e+11,1.05436e+11
1.78174e+07,130816,2.86459e+06,1.06431e+11,1.05702e+11
1.78237e+07,131611,2.86491e+06,1.06166e+11,1.05968e+11
1.783e+07,132409,2.86524e+06,1.05901e+11,1.06234e+11
1.78364e+07,133208,2.86558e+06,1.05635e+11,1.06499e+11
1.78427e+07,134009,2.86591e+06,1.05368e+11,1.06763e+11
1.7849e+07,134812,2.86625e+06,1.051e+11,1.07026e+11
1.78553e+07,135617,2.86659e+06,1.04832e+11,1.07289e+11
1.78616e+07,136425,2.86693e+06,1.04563e+11,1.07551e+11
1.78679e+07,137234,2.86727e+06,1.04294e+11,1.07812e+11
1.78742e+07,138045,2.86761e+06,1.04024e+11,1.08073e+11
1.78805e+07,138858,2.86796e+06,1.03753e+11,1.08333e+11
1.78868e+07,139673,2.86831e+06,1.03481e+11,1.08592e+11
1.78932e+07,140490,2.86866e+06,1.03209e+11,1.08851e+11
1.78995e+07,141309,2.86901e+06,1.02937e+11,1.09109e+11
1.79058e+07,142130,2.86937e+06,1.02663e+11,1.09366e+11
1.79121e+07,142952,2.86972e+06,1.02389e+11,1.09622e+11
1.79184e+07,143777,2.87008e+06,1.02114e+11,1.09878e+11
1.79247e+07,144604,2.87044e+06,1.01839e+11,1.10134e+11
1.7931e+07,145432,2.87081e+06,1.01563e+11,1.10388e+11
1.79373e+07,146263,2.87117e+06,1.01287e+11,1.10642e+11
1.79437e+07,147095,2.87154e+06,1.01009e+11,1.10895e+11
1.795e+07,147929,2.87191e+06,1.00732e+11,1.11148e+11
1.79563e+07,148765,2.87228e+06,1.00453e+11,1.11399e+11
1.79626e+07,149603,2.87265e+06,1.00174e+11,1.1165e+11
1.79689e+07,150443,2.87303e+06,9.98942e+10,1.11901e+11
1.79752e+07,151285,2.8734e+06,9.96139e+10,1.1215e+11
1.79815e+07,152129,2.87378e+06,9.93329e+10,1.12399e+11
1.79878e+07,152974,2.87417e+06,9.90513e+10,1.12648e+11
1.79941e+07,153822,2.87455e+06,9.87691e+10,1.12895e+11
1.80005e+07,154671,2.87494e+06,9.84862e+10,1.13142e+11
1.80068e+07,155522,2.87532e+06,9.82028e+10,1.13388e+11
1.80131e+07,156375,2.87571e+06,9.79187e+10,1.13633e+11
1.80194e+07,157230,2.87611e+06,9.7634e+10,1.13878e+11
1.80257e+07,158086,2.8765e+06,9.73487e+10,1.14122e+11
1.8032e+07,158945,2.8769e+06,9.70628e+10,1.14365e+11
1.80383e+07,159805,2.8773e+06,9.67763e+10,1.14608e+11
1.80446e+07,160667,2.8777e+06,9.64891e+10,1.1485e+11
1.80509e+07,161531,2.8781e+06,9.62014e+10,1.15091e+11
1.80573e+07,162397,2.87851e+06,9.59131e+10,1.15331e+11
1.80636e+07,163264,2.87891e+06,9.56242e+10,1.15571e+11
1.80699e+07,164134,2.87932e+06,9.53346e+10,1.1581e+11
1.80762e+07,165005,2.87974e+06,9.50445e+10,1.16048e+11
1.80825e+07,165878,2.88015e+06,9.47538e+10,1.16286e+11
1.80888e+07,166752,2.88057e+06,9.44625e+10,1.16523e+11
1.80951e+07,167629,2.88098e+06,9.41705e+10,1.16759e+11
1.81014e+07,168507,2.8814e+06,9.3878e+10,1.16994e+11
1.81078e+07,169387,2.88183e+06,9.3585e+10,1.17228e+11
1.81141e+07,170269,2.88225e+06,9.32913e+10,1.17462e+11
1.81204e+07,171152,2.88268e+06,9.2997e+10,1.17695e+11
1.81267e+07,172037,2.88311e+06,9.27022e+10,1.17928e+11
1.8133e+07,172924,2.88354e+06,9.24068e+10,1.18159e+11
1.81393e+07,173813,2.88397e+06,9.21108e+10,1.1839e+11
1.81456e+07,174704,2.88441e+06,9.18142e+10,1.1862e+11
1.81519e+07,175596,2.88485e+06,9.1517e+10,1.1885e+11
1.81582e+07,176490,2.88529e+06,9.12193e+10,1.19079e+11
1.81646e+07,177385,2.88573e+06,9.0921e+10,1.19306e+11
1.81709e+07,178283,2.88618e+06,9.06222e+10,1.19534e+11
1.81772e+07,179182,2.88663e+06,9.03227e+10,1.1976e+11
1.81835e+07,180083,2.88707e+06,9.00227e+10,1.19986e+11
1.81898e+07,180985,2.88753e+06,8.97222e+10,1.20211e+11
1.81961e+07,181889,2.88798e+06,8.9421e+10,1.20435e+11
1.82024e+07,182795,2.88844e+06,8.91194e+10,1.20658e+11
1.82087e+07,183702,2.8889e+06,8.88171e+10,1.20881e+11
1.8215e+07,184612,2.88936e+06,8.85143e+10,1.21103e+11
1.82214e+07,185522,2.88982e+06,8.8211e+10,1.21324e+11
1.82277e+07,186435,2.89029e+06,8.79071e+10,1.21544e+11
1.8234e+07,187349,2.89075e+06,8.76026e+10,1.21764e+11
1.82403e+07,188265,2.89122e+06,8.72976e+10,1.21983e+11
1.82466e+07,189182,2.8917e+06,8.69921e+10,1.22201e+11
1.82529e+07,190101,2.89217e+06,8.6686e+10,1.22418e+11
1.82592e+07,191022,2.89265e+06,8.63793e+10,1.22635e+11
1.82655e+07,191944,2.89313e+06,8.60721e+10,1.22851e+11
1.82719e+07,192868,2.89361e+06,8.57644e+10,1.23066e+11
1.82782e+07,193794,2.89409e+06,8.54562e+10,1.2328e+11
1.82845e+07,194721,2.89458e+06,8.51474e+10,1.23493e+11
1.82908e+07,195650,2.89507e+06,8.4838e+10,1.23706e+11
1.82971e+07,196580,2.89556e+06,8.45282e+10,1.23918e+11
1.83034e+07,197512,2.89605e+06,8.42178e+10,1.24129e+11
1.83097e+07,198445,2.89655e+06,8.39069e+10,1.2434e+11
1.8316e+07,199381,2.89704e+06,8.35954e+10,1.24549e+11
1.83223e+07,200317,2.89754e+06,8.32835e+10,1.24758e+11
1.83287e+07,201256,2.89805e+06,8.2971e+10,1.24966e+11
1.8335e+07,202195,2.89855e+06,8.2658e+10,1.25173e+11
1.83413e+07,203137,2.89906e+06,8.23445e+10,1.2538e+11
1.83476e+07,204080,2.89957e+06,8.20304e+10,1.25585e+11
1.83539e+07,205024,2.90008e+06,8.17159e+10,1.2579e+11
1.83602e+07,205970,2.90059e+06,8.14008e+10,1.25995e+11
1.83665e+07,206918,2.90111e+06,8.10852e+10,1.26198e+11
1.83728e+07,207867,2.90163e+06,8.07692e+10,1.264e+11
1.83791e+07,208817,2.90215e+06,8.04526e+10,1.26602e+11
1.83855e+07,209769,2.90267e+06,8.01355e+10,1.26803e+11
1.83918e+07,210723,2.9032e+06,7.98179e+10,1.27003e+11
1.83981e+07,211678,2.90373e+06,7.94998e+10,1.27203e+11
1.84044e+07,212634,2.90426e+06,7.91812e+10,1.27401e+11
1.84107e+07,213592,2.90479e+06,7.88621e+10,1.27599e+11
1.8417e+07,214552,2.90533e+06,7.85425e+10,1.27796e+11
1.84233e+07,215513,2.90587e+06,7.82225e+10,1.27992e+11
1.84296e+07,216476,2.90641e+06,7.79019e+10,1.28187e+11
1.84359e+07,217439,2.90695e+06,7.75809e+10,1.28382e+11
1.84423e+07,218405,2.9075e+06,7.72593e+10,1.28576e+11
1.84486e+07,219372,2.90804e+06,7.69373e+10,1.28769e+11
1.84549e+07,220340,2.90859e+06,7.66148e+10,1.28961e+11
1.84612e+07,221310,2.90915e+06,7.62918e+10,1.29152e+11
1.84675e+07,222281,2.9097e+06,7.59684e+10,1.29343e+11
1.84738e+07,223254,2.91026e+06,7.56444e+10,1.29532e+11
1.84801e+07,224228,2.91082e+06,7.532e+10,1.29721e+11
1.84864e+07,225203,2.91138e+06,7.49951e+10,1.29909e+11
1.84928e+07,226180,2.91195e+06,7.46698e+10,1.30097e+11
1.84991e+07,227158,2.91251e+06,7.4344e+10,1.30283e+11
1.85054e+07,228138,2.91308e+06,7.40177e+10,1.30469e+11
1.85117e+07,229119,2.91366e+06,7.36909e+10,1.30654e+11
1.8518e+07,230101,2.91423e+06,7.33637e+10,1.30838e+11
1.85243e+07,231085,2.91481e+06,7.30361e+10,1.31021e+11
1.85306e+07,232071,2.91539e+06,7.27079e+10,1.31203e+11
1.85369e+07,233057,2.91597e+06,7.23793e+10,1.31385e+11
1.85432e+07,234045,2.91655e+06,7.20503e+10,1.31566e+11
1.85496e+07,235034,2.91714e+06,7.17208e+10,1.31745e+11
1.85559e+07,236025,2.91773e+06,7.13909e+10,1.31925e+11
1.85622e+07,237017,2.91832e+06,7.10605e+10,1.32103e+11
1.85685e+07,238010,2.91892e+06,7.07297e+10,1.3228e+11
1.85748e+07,239005,2.91951e+06,7.03984e+10,1.32457e+11
1.85811e+07,240001,2.92011e+06,7.00667e+10,1.32633e+11
1.85874e+07,240998,2.92072e+06,6.97345e+10,1.32808e+11
1.85937e+07,241997,2.92132e+06,6.9402e+10,1.32982e+11
1.86e+07,242997,2.92193e+06,6.90689e+10,1.33155e+11
1.86064e+07,243998,2.92254e+06,6.87355e+10,1.33327e+11
1.86127e+07,245000,2.92315e+06,6.84016e+10,1.33499e+11
1.8619e+07,246004,2.92376e+06,6.80673e+10,1.3367e+11
1.86253e+07,247009,2.92438e+06,6.77325e+10,1.3384e+11
1.86316e+07,248016,2.925e+06,6.73974e+10,1.34009e+11
1.86379e+07,249023,2.92562e+06,6.70618e+10,1.34177e+11
1.86442e+07,250032,2.92625e+06,6.67258e+10,1.34344e+11
1.86505e+07,251042,2.92687e+06,6.63894e+10,1.34511e+11
1.86569e+07,252053,2.9275e+06,6.60525e+10,1.34677e+11
1.86632e+07,253066,2.92813e+06,6.57153e+10,1.34842e+11
1.86695e+07,254080,2.92877e+06,6.53776e+10,1.35006e+11
1.86758e+07,255095,2.92941e+06,6.50395e+10,1.35169e+11
1.86821e+07,256111,2.93005e+06,6.4701e+10,1.35331e+11
1.86884e+07,257129,2.93069e+06,6.43622e+10,1.35493e+11
1.86947e+07,258148,2.93133e+06,6.40229e+10,1.35653e+11
1.8701e+07,259167,2.93198e+06,6.36832e+10,1.35813e+11
1.87073e+07,260189,2.93263e+06,6.33431e+10,1.35972e+11
1.87137e+07,261211,2.93328e+06,6.30026e+10,1.3613e+11
1.872e+07,262234,2.93394e+06,6.26617e+10,1.36287e+11
1.87263e+07,263259,2.93459e+06,6.23204e+10,1.36444e+11
1.87326e+07,264285,2.93525e+06,6.19788e+10,1.36599e+11
1.87389e+07,265312,2.93592e+06,6.16367e+10,1.36754e+11
1.87452e+07,266340,2.93658e+06,6.12943e+10,1.36908e+11
1.87515e+07,267369,2.93725e+06,6.09515e+10,1.37061e+11
1.87578e+07,268400,2.93792e+06,6.06083e+10,1.37213e+11
1.87641e+07,269432,2.93859e+06,6.02647e+10,1.37364e+11
1.87705e+07,270464,2.93927e+06,5.99207e+10,1.37515e+11
1.87768e+07,271498,2.93995e+06,5.95764e+10,1.37664e+11
1.87831e+07,272533,2.94063e+06,5.92317e+10,1.37813e+11
1.87894e+07,273569,2.94131e+06,5.88866e+10,1.37961e+11
1.87957e+07,274607,2.942e+06,5.85411e+10,1.38108e+11
1.8802e+07,275645,2.94269e+06,5.81953e+10,1.38254e+11
1.88083e+07,276684,2.94338e+06,5.78491e+10,1.38399e+11
1.88146e+07,277725,2.94407e+06,5.75026e+10,1.38543e+11
1.8821e+07,278766,2.94477e+06,5.71557e+10,1.38687e+11
1.88273e+07,279809,2.94547e+06,5.68084e+10,1.38829e+11
1.88336e+07,280853,2.94617e+06,5.64608e+10,1.38971e+11
1.88399e+07,281898,2.94687e+06,5.61128e+10,1.39112e+11
1.88462e+07,282943,2.94758e+06,5.57645e+10,1.39252e+11
1.88525e+07,283990,2.94829e+06,5.54158e+10,1.39391e+11
1.88588e+07,285038,2.949e+06,5.50668e+10,1.39529e+11
1.88651e+07,286087,2.94972e+06,5.47174e+10,1.39667e+11
1.88714e+07,287137,2.95043e+06,5.43677e+10,1.39803e+11
1.88778e+07,288188,2.95115e+06,5.40177e+10,1.39939e+11
1.88841e+07,289240,2.95188e+06,5.36673e+10,1.40074e+11
1.88904e+07,290293,2.9526e+06,5.33166e+10,1.40207e+11
1.88967e+07,291347,2.95333e+06,5.29655e+10,1.4034e+11
1.8903e+07,292402,2.95406e+06,5.26141e+10,1.40473e+11
1.89093e+07,293458,2.95479e+06,5.22624e+10,1.40604e+11
1.89156e+07,294515,2.95553e+06,5.19104e+10,1.40734e+11
1.89219e+07,295573,2.95627e+06,5.1558e+10,1.40864e+11
1.89282e+07,296632,2.95701e+06,5.12053e+10,1.40992e+11
1.89346e+07,297692,2.95775e+06,5.08523e+10,1.4112e+11
1.89409e+07,298753,2.9585e+06,5.0499e+10,1.41247e+11
1.89472e+07,299815,2.95925e+06,5.01453e+10,1.41373e+11
1.89535e+07,300878,2.96e+06,4.97914e+10,1.41498e+11
1.89598e+07,301942,2.96075e+06,4.94371e+10,1.41622e+11
1.89661e+07,303006,2.96151e+06,4.90825e+10,1.41745e+11
1.89724e+07,304072,2.96227e+06,4.87276e+10,1.41868e+11
1.89787e+07,305138,2.96303e+06,4.83724e+10,1.41989e+11
1.89851e+07,306206,2.9638e+06,4.80169e+10,1.4211e+11
1.89914e+07,307274,2.96456e+06,4.76611e+10,1.42229e+11
1.89977e+07,308343,2.96533e+06,4.7305e+10,1.42348e+11
1.9004e+07,309413,2.96611e+06,4.69486e+10,1.42466e+11
1.90103e+07,310484,2.96688e+06,4.65919e+10,1.42583e+11
1.90166e+07,311556,2.96766e+06,4.6235e+10,1.42699e+11
1.90229e+07,312629,2.96844e+06,4.58777e+10,1.42815e+11
1.90292e+07,313702,2.96923e+06,4.55201e+10,1.42929e+11
1.90355e+07,314777,2.97001e+06,4.51623e+10,1.43043e+11
1.90419e+07,315852,2.9708e+06,4.48042e+10,1.43155e+11
1.90482e+07,316928,2.97159e+06,4.44458e+10,1.43267e+11
1.90545e+07,318005,2.97239e+06,4.40871e+10,1.43378e+11
1.90608e+07,319083,2.97319e+06,4.37281e+10,1.43487e+11
1.90671e+07,320161,2.97399e+06,4.33689e+10,1.43596e+11
1.90734e+07,321241,2.97479e+06,4.30094e+10,1.43705e+11
1.90797e+07,322321,2.97559e+06,4.26496e+10,1.43812e+11
1.9086e+07,323402,2.9764e+06,4.22896e+10,1.43918e+11
1.90923e+07,324484,2.97721e+06,4.19292e+10,1.44023e+11
1.90987e+07,325567,2.97803e+06,4.15687e+10,1.44128e+11
1.9105e+07,326650,2.97884e+06,4.12078e+10,1.44231e+11
1.91113e+07,327734,2.97966e+06,4.08468e+10,1.44334e+11
1.91176e+07,328819,2.98048e+06,4.04854e+10,1.44436e+11
1.91239e+07,329905,2.98131e+06,4.01238e+10,1.44537e+11
1.91302e+07,330991,2.98213e+06,3.9762e+10,1.44637e+11
1.91365e+07,332078,2.98296e+06,3.93999e+10,1.44736e+11
1.91428e+07,333166,2.9838e+06,3.90375e+10,1.44834e+11
1.91492e+07,334255,2.98463e+06,3.86749e+10,1.44931e+11
1.91555e+07,335344,2.98547e+06,3.83121e+10,1.45028e+11
1.91618e+07,336435,2.98631e+06,3.7949e+10,1.45123e+11
1.91681e+07,337525,2.98715e+06,3.75857e+10,1.45217e+11
1.91744e+07,338617,2.988e+06,3.72222e+10,1.45311e+11
1.91807e+07,339709,2.98885e+06,3.68584e+10,1.45404e+11
1.9187e+07,340802,2.9897e+06,3.64944e+10,1.45496e+11
1.91933e+07,341896,2.99055e+06,3.61301e+10,1.45586e+11
1.91996e+07,342990,2.99141e+06,3.57657e+10,1.45676e+11
1.9206e+07,344085,2.99227e+06,3.5401e+10,1.45765e+11
1.92123e+07,345181,2.99313e+06,3.50361e+10,1.45854e+11
1.92186e+07,346277,2.994e+06,3.4671e+10,1.45941e+11
1.92249e+07,347374,2.99487e+06,3.43056e+10,1.46027e+11
1.92312e+07,348472,2.99574e+06,3.394e+10,1.46113e+11
1.92375e+07,349570,2.99661e+06,3.35743e+10,1.46197e+11
1.92438e+07,350669,2.99749e+06,3.32083e+10,1.46281e+11
1.92501e+07,351768,2.99837e+06,3.28421e+10,1.46363e+11
1.92564e+07,352868,2.99925e+06,3.24757e+10,1.46445e+11
1.92628e+07,353969,3.00013e+06,3.21091e+10,1.46526e+11
1.92691e+07,355070,3.00102e+06,3.17423e+10,1.46606e+11
1.92754e+07,356172,3.00191e+06,3.13753e+10,1.46685e+11
1.92817e+07,357275,3.0028e+06,3.10081e+10,1.46763e+11
1.9288e+07,358378,3.0037e+06,3.06407e+10,1.4684e+11
1.92943e+07,359482,3.0046e+06,3.02731e+10,1.46916e+11
1.93006e+07,360586,3.0055e+06,2.99053e+10,1.46991e+11
1.93069e+07,361691,3.0064e+06,2.95374e+10,1.47066e+11
1.93133e+07,362796,3.00731e+06,2.91692e+10,1.47139e+11
1.93196e+07,363902,3.00822e+06,2.88009e+10,1.47212e+11
1.93259e+07,365008,3.00913e+06,2.84324e+10,1.47283e+11
1.93322e+07,366115,3.01004e+06,2.80637e+10,1.47354e+11
1.93385e+07,367223,3.01096e+06,2.76949e+10,1.47424e+11
1.93448e+07,368331,3.01188e+06,2.73258e+10,1.47493e+11
1.93511e+07,369439,3.0128e+06,2.69566e+10,1.47561e+11
1.93574e+07,370549,3.01373e+06,2.65872e+10,1.47628e+11
1.93637e+07,371658,3.01466e+06,2.62177e+10,1.47694e+11
1.93701e+07,372768,3.01559e+06,2.5848e+10,1.47759e+11
1.93764e+07,373879,3.01652e+06,2.54781e+10,1.47823e+11
1.93827e+07,374990,3.01746e+06,2.51081e+10,1.47886e+11
1.9389e+07,376101,3.0184e+06,2.47379e+10,1.47949e+11
1.93953e+07,377213,3.01934e+06,2.43676e+10,1.4801e+11
1.94016e+07,378326,3.02029e+06,2.39971e+10,1.48071e+11
1.94079e+07,379438,3.02124e+06,2.36264e+10,1.4813e+11
1.94142e+07,380552,3.02219e+06,2.32556e+10,1.48189e+11
1.94205e+07,381665,3.02314e+06,2.28847e+10,1.48247e+11
1.94269e+07,382780,3.0241e+06,2.25136e+10,1.48304e+11
1.94332e+07,383894,3.02506e+06,2.21424e+10,1.48359e+11
1.94395e+07,385009,3.02602e+06,2.1771e+10,1.48414e+11
1.94458e+07,386125,3.02699e+06,2.13995e+10,1.48468e+11
1.94521e+07,387240,3.02795e+06,2.10279e+10,1.48522e+11
1.94584e+07,388357,3.02892e+06,2.06561e+10,1.48574e+11
1.94647e+07,389473,3.0299e+06,2.02843e+10,1.48625e+11
1.9471e+07,390590,3.03087e+06,1.99122e+10,1.48675e+11
1.94774e+07,391708,3.03185e+06,1.95401e+10,1.48725e+11
1.94837e+07,392825,3.03283e+06,1.91678e+10,1.48773e+11
1.949e+07,393944,3.03382e+06,1.87954e+10,1.4882e+11
1.94963e+07,395062,3.03481e+06,1.84229e+10,1.48867e+11
1.95026e+07,396181,3.0358e+06,1.80503e+10,1.48913e+11
1.95089e+07,397300,3.03679e+06,1.76776e+10,1.48957e+11
1.95152e+07,398419,3.03779e+06,1.73047e+10,1.49001e+11
1.95215e+07,399539,3.03878e+06,1.69318e+10,1.49044e+11
1.95278e+07,400659,3.03979e+06,1.65587e+10,1.49086e+11
1.95342e+07,401780,3.04079e+06,1.61856e+10,1.49127e+11
1.95405e+07,402900,3.0418e+06,1.58123e+10,1.49167e+11
1.95468e+07,404021,3.04281e+06,1.54389e+10,1.49206e+11
1.95531e+07,405143,3.04382e+06,1.50655e+10,1.49244e+11
1.95594e+07,406264,3.04483e+06,1.46919e+10,1.49281e+11
1.95657e+07,407386,3.04585e+06,1.43183e+10,1.49318e+11
1.9572e+07,408508,3.04687e+06,1.39446e+10,1.49353e+11
1.95783e+07,409631,3.0479e+06,1.35707e+10,1.49388e+11
1.95846e+07,410753,3.04892e+06,1.31968e+10,1.49421e+11
1.9591e+07,411876,3.04995e+06,1.28228e+10,1.49454e+11
1.95973e+07,412999,3.05098e+06,1.24488e+10,1.49485e+11
1.96036e+07,414123,3.05202e+06,1.20746e+10,1.49516e+11
1.96099e+07,415246,3.05306e+06,1.17004e+10,1.49546e+11
1.96162e+07,416370,3.0541e+06,1.13261e+10,1.49574e+11
1.96225e+07,417494,3.05514e+06,1.09517e+10,1.49602e+11
1.96288e+07,418619,3.05619e+06,1.05773e+10,1.49629e+11
1.96351e+07,419743,3.05724e+06,1.02028e+10,1.49655e+11
1.96415e+07,420868,3.05829e+06,9.82823e+09,1.4968e+11
1.96478e+07,421992,3.05934e+06,9.45361e+09,1.49704e+11
1.96541e+07,423117,3.0604e+06,9.07892e+09,1.49728e+11
1.96604e+07,424243,3.06146e+06,8.70418e+09,1.4975e+11
1.96667e+07,425368,3.06252e+06,8.32938e+09,1.49771e+11
1.9673e+07,426493,3.06359e+06,7.95453e+09,1.49792e+11
1.96793e+07,427619,3.06466e+06,7.57963e+09,1.49811e+11
1.96856e+07,428745,3.06573e+06,7.20468e+09,1.4983e+11
1.96919e+07,429871,3.06681e+06,6.82969e+09,1.49847e+11
1.96983e+07,430997,3.06788e+06,6.45465e+09,1.49864e+11
1.97046e+07,432123,3.06896e+06,6.07958e+09,1.49879e+11
1.97109e+07,433249,3.07005e+06,5.70446e+09,1.49894e+11
1.97172e+07,434376,3.07113e+06,5.32931e+09,1.49908e+11
1.97235e+07,435502,3.07222e+06,4.95413e+09,1.49921e+11
1.97298e+07,436629,3.07331e+06,4.57892e+09,1.49933e+11
1.97361e+07,437755,3.07441e+06,4.20367e+09,1.49944e+11
1.97424e+07,438882,3.0755e+06,3.8284e+09,1.49954e+11
1.97487e+07,440009,3.0766e+06,3.45311e+09,1.49963e+11
1.97551e+07,441136,3.0777e+06,3.0778e+09,1.49971e+11
1.97614e+07,442263,3.07881e+06,2.70246e+09,1.49978e+11
1.97677e+07,443390,3.07992e+06,2.32711e+09,1.49985e+11
1.9774e+07,444517,3.08103e+06,1.95175e+09,1.4999e+11
1.97803e+07,445644,3.08214e+06,1.57637e+09,1.49994e+11
1.97866e+07,446771,3.08326e+06,1.20098e+09,1.49998e+11
1.97929e+07,447898,3.08438e+06,8.25585e+08,1.5e+11
1.97992e+07,449025,3.0855e+06,4.50185e+08,1.50002e+11
1.98055e+07,450153,3.08663e+06,7.47815e+07,1.50003e+11
1.98119e+07,451280,3.08776e+06,-3.00622e+08,1.50002e+11
1.98182e+07,452407,3.08889e+06,-6.76024e+08,1.50001e+11
1.98245e+07,453534,3.09002e+06,-1.05142e+09,1.49999e+11
1.98308e+07,454661,3.09116e+06,-1.42681e+09,1.49996e+11
1.98371e+07,455788,3.0923e+06,-1.80219e+09,1.49992e+11
1.98434e+07,456915,3.09344e+06,-2.17756e+09,1.49987e+11
1.98497e+07,458042,3.09458e+06,-2.55292e+09,1.49981e+11
1.9856e+07,459169,3.09573e+06,-2.92826e+09,1.49974e+11
1.98624e+07,460296,3.09688e+06,-3.30358e+09,1.49966e+11
1.98687e+07,461423,3.09803e+06,-3.67889e+09,1.49958e+11
1.9875e+07,462550,3.09919e+06,-4.05417e+09,1.49948e+11
1.98813e+07,463676,3.10035e+06,-4.42942e+09,1.49937e+11
1.98876e+07,464803,3.10151e+06,-4.80464e+09,1.49926e+11
1.98939e+07,465930,3.10268e+06,-5.17984e+09,1.49913e+11
1.99002e+07,467056,3.10384e+06,-5.555e+09,1.499e+11
1.99065e+07,468182,3.10501e+06,-5.93013e+09,1.49885e+11
1.99128e+07,469309,3.10619e+06,-6.30522e+09,1.4987e+11
1.99192e+07,470435,3.10736e+06,-6.68028e+09,1.49854e+11
1.99255e+07,471561,3.10854e+06,-7.05529e+09,1.49837e+11
1.99318e+07,472687,3.10972e+06,-7.43025e+09,1.49819e+11
1.99381e+07,473812,3.11091e+06,-7.80517e+09,1.49799e+11
1.99444e+07,474938,3.1121e+06,-8.18004e+09,1.49779e+11
1.99507e+07,476063,3.11329e+06,-8.55486e+09,1.49758e+11
1.9957e+07,477188,3.11448e+06,-8.92962e+09,1.49737e+11
1.99633e+07,478313,3.11567e+06,-9.30433e+09,1.49714e+11
1.99696e+07,479438,3.11687e+06,-9.67899e+09,1.4969e+11
1.9976e+07,480563,3.11807e+06,-1.00536e+10,1.49665e+11
1.99823e+07,481688,3.11928e+06,-1.04281e+10,1.4964e+11
1.99886e+07,482812,3.12048e+06,-1.08026e+10,1.49613e+11
1.99949e+07,483936,3.12169e+06,-1.1177e+10,1.49586e+11
2.00012e+07,485060,3.12291e+06,-1.15513e+10,1.49557e+11
2.00075e+07,486184,3.12412e+06,-1.19255e+10,1.49528e+11
2.00138e+07,487307,3.12534e+06,-1.22997e+10,1.49498e+11
2.00201e+07,488430,3.12656e+06,-1.26738e+10,1.49466e+11
2.00265e+07,489553,3.12779e+06,-1.30478e+10,1.49434e+11
2.00328e+07,490676,3.12901e+06,-1.34218e+10,1.49401e+11
2.00391e+07,491799,3.13024e+06,-1.37956e+10,1.49367e+11
2.00454e+07,492921,3.13147e+06,-1.41694e+10,1.49332e+11
2.00517e+07,494043,3.13271e+06,-1.45431e+10,1.49296e+11
2.0058e+07,495165,3.13395e+06,-1.49167e+10,1.49259e+11
2.00643e+07,496286,3.13519e+06,-1.52902e+10,1.49221e+11
2.00706e+07,497407,3.13643e+06,-1.56636e+10,1.49183e+11
2.00769e+07,498528,3.13768e+06,-1.60369e+10,1.49143e+11
2.00833e+07,499649,3.13893e+06,-1.64101e+10,1.49102e+11
2.00896e+07,500769,3.14018e+06,-1.67832e+10,1.49061e+11
2.00959e+07,501889,3.14143e+06,-1.71562e+10,1.49018e+11
2.01022e+07,503008,3.14269e+06,-1.7529e+10,1.48975e+11
2.01085e+07,504128,3.14395e+06,-1.79018e+10,1.48931e+11
2.01148e+07,505246,3.14521e+06,-1.82745e+10,1.48885e+11
2.01211e+07,506365,3.14648e+06,-1.8647e+10,1.48839e+11
2.01274e+07,507483,3.14775e+06,-1.90195e+10,1.48792e+11
2.01337e+07,508601,3.14902e+06,-1.93918e+10,1.48744e+11
2.01401e+07,509719,3.15029e+06,-1.9764e+10,1.48695e+11
2.01464e+07,510836,3.15157e+06,-2.0136e+10,1.48645e+11
2.01527e+07,511953,3.15285e+06,-2.0508e+10,1.48594e+11
2.0159e+07,513069,3.15413e+06,-2.08798e+10,1.48542e+11
2.01653e+07,514185,3.15542e+06,-2.12515e+10,1.4849e+11
2.01716e+07,515301,3.15671e+06,-2.1623e+10,1.48436e+11
2.01779e+07,516416,3.158e+06,-2.19944e+10,1.48381e+11
2.01842e+07,517530,3.15929e+06,-2.23657e+10,1.48326e+11
2.01906e+07,518645,3.16059e+06,-2.27369e+10,1.48269e+11
2.01969e+07,519759,3.16189e+06,-2.31079e+10,1.48212e+11
2.02032e+07,520872,3.16319e+06,-2.34787e+10,1.48154e+11
2.02095e+07,521985,3.16449e+06,-2.38494e+10,1.48094e+11
2.02158e+07,523098,3.1658e+06,-2.422e+10,1.48034e+11
2.02221e+07,524210,3.16711e+06,-2.45904e+10,1.47973e+11
2.02284e+07,525322,3.16843e+06,-2.49606e+10,1.47911e+11
2.02347e+07,526433,3.16974e+06,-2.53307e+10,1.47848e+11
2.0241e+07,527544,3.17106e+06,-2.57006e+10,1.47784e+11
2.02474e+07,528654,3.17238e+06,-2.60704e+10,1.4772e+11
2.02537e+07,529764,3.17371e+06,-2.644e+10,1.47654e+11
2.026e+07,530873,3.17503e+06,-2.68095e+10,1.47587e+11
2.02663e+07,531982,3.17636e+06,-2.71787e+10,1.4752e+11
2.02726e+07,533090,3.1777e+06,-2.75478e+10,1.47451e+11
2.02789e+07,534198,3.17903e+06,-2.79168e+10,1.47382e+11
2.02852e+07,535305,3.18037e+06,-2.82855e+10,1.47312e+11
2.02915e+07,536411,3.18171e+06,-2.86541e+10,1.4724e+11
2.02978e+07,537518,3.18306e+06,-2.90225e+10,1.47168e+11
2.03042e+07,538623,3.1844e+06,-2.93907e+10,1.47095e+11
2.03105e+07,539728,3.18575e+06,-2.97588e+10,1.47021e+11
2.03168e+07,540833,3.1871e+06,-3.01266e+10,1.46946e+11
2.03231e+07,541937,3.18846e+06,-3.04943e+10,1.4687e+11
2.03294e+07,543040,3.18982e+06,-3.08617e+10,1.46793e+11
2.03357e+07,544143,3.19118e+06,-3.1229e+10,1.46716e+11
2.0342e+07,545245,3.19254e+06,-3.15961e+10,1.46637e+11
2.03483e+07,546346,3.19391e+06,-3.1963e+10,1.46558e+11
2.03547e+07,547447,3.19528e+06,-3.23296e+10,1.46477e+11
2.0361e+07,548548,3.19665e+06,-3.26961e+10,1.46396e+11
2.03673e+07,549647,3.19802e+06,-3.30624e+10,1.46313e+11
2.03736e+07,550746,3.1994e+06,-3.34285e+10,1.4623e+11
2.03799e+07,551845,3.20078e+06,-3.37943e+10,1.46146e+11
2.03862e+07,552943,3.20216e+06,-3.416e+10,1.46061e+11
2.03925e+07,554040,3.20355e+06,-3.45254e+10,1.45975e+11
2.03988e+07,555137,3.20493e+06,-3.48906e+10,1.45888e+11
2.04051e+07,556233,3.20632e+06,-3.52556e+10,1.458e+11
2.04115e+07,557328,3.20772e+06,-3.56204e+10,1.45712e+11
2.04178e+07,558422,3.20911e+06,-3.59849e+10,1.45622e+11
2.04241e+07,559516,3.21051e+06,-3.63493e+10,1.45532e+11
2.04304e+07,560609,3.21191e+06,-3.67134e+10,1.4544e+11
2.04367e+07,561702,3.21332e+06,-3.70772e+10,1.45348e+11
2.0443e+07,562794,3.21473e+06,-3.74409e+10,1.45255e+11
2.04493e+07,563885,3.21614e+06,-3.78043e+10,1.45161e+11
2.04556e+07,564975,3.21755e+06,-3.81674e+10,1.45065e+11
2.04619e+07,566065,3.21896e+06,-3.85304e+10,1.44969e+11
2.04683e+07,567154,3.22038e+06,-3.88931e+10,1.44873e+11
2.04746e+07,568242,3.2218e+06,-3.92555e+10,1.44775e+11
2.04809e+07,569330,3.22323e+06,-3.96177e+10,1.44676e+11
2.04872e+07,570417,3.22465e+06,-3.99796e+10,1.44576e+11
2.04935e+07,571503,3.22608e+06,-4.03413e+10,1.44476e+11
2.04998e+07,572588,3.22751e+06,-4.07028e+10,1.44375e+11
2.05061e+07,573672,3.22895e+06,-4.1064e+10,1.44272e+11
2.05124e+07,574756,3.23038e+06,-4.14249e+10,1.44169e+11
2.05188e+07,575839,3.23182e+06,-4.17856e+10,1.44065e+11
2.05251e+07,576921,3.23327e+06,-4.2146e+10,1.4396e+11
2.05314e+07,578002,3.23471e+06,-4.25061e+10,1.43854e+11
2.05377e+07,579083,3.23616e+06,-4.2866e+10,1.43747e+11
2.0544e+07,580163,3.23761e+06,-4.32256e+10,1.43639e+11
2.05503e+07,581242,3.23906e+06,-4.3585e+10,1.43531e+11
2.05566e+07,582320,3.24052e+06,-4.39441e+10,1.43421e+11
2.05629e+07,583397,3.24198e+06,-4.43028e+10,1.43311e+11
2.05692e+07,584473,3.24344e+06,-4.46614e+10,1.43199e+11
2.05756e+07,585549,3.2449e+06,-4.50196e+10,1.43087e+11
2.05819e+07,586624,3.24637e+06,-4.53776e+10,1.42974e+11
2.05882e+07,587698,3.24784e+06,-4.57352e+10,1.4286e+11
2.05945e+07,588771,3.24931e+06,-4.60926e+10,1.42745e+11
2.06008e+07,589843,3.25079e+06,-4.64497e+10,1.42629e+11
2.06071e+07,590914,3.25226e+06,-4.68065e+10,1.42513e+11
2.06134e+07,591985,3.25375e+06,-4.7163e+10,1.42395e+11
2.06197e+07,593054,3.25523e+06,-4.75192e+10,1.42277e+11
2.0626e+07,594123,3.25671e+06,-4.78752e+10,1.42157e+11
2.06324e+07,595191,3.2582e+06,-4.82308e+10,1.42037e+11
2.06387e+07,596257,3.25969e+06,-4.85861e+10,1.41916e+11
2.0645e+07,597323,3.26119e+06,-4.89411e+10,1.41794e+11
2.06513e+07,598388,3.26268e+06,-4.92958e+10,1.41671e+11
2.06576e+07,599453,3.26418e+06,-4.96502e+10,1.41547e+11
2.06639e+07,600516,3.26568e+06,-5.00043e+10,1.41422e+11
2.06702e+07,601578,3.26719e+06,-5.03581e+10,1.41297e+11
2.06765e+07,602639,3.26869e+06,-5.07115e+10,1.4117e+11
2.06829e+07,603699,3.2702e+06,-5.10647e+10,1.41043e+11
2.06892e+07,604759,3.27172e+06,-5.14175e+10,1.40915e+11
2.06955e+07,605817,3.27323e+06,-5.177e+10,1.40786e+11
2.07018e+07,606875,3.27475e+06,-5.21222e+10,1.40656e+11
2.07081e+07,607931,3.27627e+06,-5.2474e+10,1.40525e+11
2.07144e+07,608986,3.27779e+06,-5.28255e+10,1.40393e+11
2.07207e+07,610041,3.27932e+06,-5.31767e+10,1.4026e+11
2.0727e+07,611094,3.28084e+06,-5.35276e+10,1.40127e+11
2.07333e+07,612147,3.28238e+06,-5.38781e+10,1.39992e+11
2.07397e+07,613198,3.28391e+06,-5.42283e+10,1.39857e+11
2.0746e+07,614249,3.28544e+06,-5.45781e+10,1.39721e+11
2.07523e+07,615298,3.28698e+06,-5.49276e+10,1.39584e+11
2.07586e+07,616346,3.28852e+06,-5.52768e+10,1.39446e+11
2.07649e+07,617394,3.29007e+06,-5.56256e+10,1.39307e+11
2.07712e+07,618440,3.29161e+06,-5.5974e+10,1.39167e+11
2.07775e+07,619485,3.29316e+06,-5.63221e+10,1.39027e+11
2.07838e+07,620529,3.29472e+06,-5.66699e+10,1.38886e+11
2.07901e+07,621572,3.29627e+06,-5.70173e+10,1.38743e+11
2.07965e+07,622614,3.29783e+06,-5.73643e+10,1.386e+11
2.08028e+07,623655,3.29939e+06,-5.7711e+10,1.38456e+11
2.08091e+07,624695,3.30095e+06,-5.80574e+10,1.38311e+11
2.08154e+07,625734,3.30251e+06,-5.84033e+10,1.38166e+11
2.08217e+07,626771,3.30408e+06,-5.87489e+10,1.38019e+11
2.0828e+07,627808,3.30565e+06,-5.90941e+10,1.37871e+11
2.08343e+07,628843,3.30722e+06,-5.9439e+10,1.37723e+11
2.08406e+07,629878,3.3088e+06,-5.97835e+10,1.37574e+11
2.0847e+07,630911,3.31038e+06,-6.01276e+10,1.37424e+11
2.08533e+07,631943,3.31196e+06,-6.04713e+10,1.37273e+11
2.08596e+07,632974,3.31354e+06,-6.08147e+10,1.37121e+11
2.08659e+07,634004,3.31512e+06,-6.11577e+10,1.36969e+11
2.08722e+07,635032,3.31671e+06,-6.15002e+10,1.36815e+11
2.08785e+07,636060,3.3183e+06,-6.18425e+10,1.36661e+11
2.08848e+07,637086,3.3199e+06,-6.21843e+10,1.36506e+11
2.08911e+07,638111,3.32149e+06,-6.25257e+10,1.3635e+11
2.08974e+07,639135,3.32309e+06,-6.28667e+10,1.36193e+11
2.09038e+07,640158,3.32469e+06,-6.32074e+10,1.36035e+11
2.09101e+07,641180,3.32629e+06,-6.35476e+10,1.35876e+11
2.09164e+07,642200,3.3279e+06,-6.38875e+10,1.35717e+11
2.09227e+07,643219,3.32951e+06,-6.42269e+10,1.35556e+11
2.0929e+07,644237,3.33112e+06,-6.4566e+10,1.35395e+11
2.09353e+07,645254,3.33273e+06,-6.49046e+10,1.35233e+11
2.09416e+07,646270,3.33435e+06,-6.52429e+10,1.3507e+11
2.09479e+07,647284,3.33597e+06,-6.55807e+10,1.34907e+11
2.09542e+07,648297,3.33759e+06,-6.59181e+10,1.34742e+11
2.09606e+07,649309,3.33921e+06,-6.62551e+10,1.34577e+11
2.09669e+07,650320,3.34084e+06,-6.65917e+10,1.3441e+11
2.09732e+07,651329,3.34247e+06,-6.69279e+10,1.34243e+11
2.09795e+07,652337,3.3441e+06,-6.72636e+10,1.34075e+11
2.09858e+07,653344,3.34573e+06,-6.7599e+10,1.33907e+11
2.09921e+07,654349,3.34737e+06,-6.79339e+10,1.33737e+11
2.09984e+07,655354,3.34901e+06,-6.82683e+10,1.33567e+11
2.10047e+07,656357,3.35065e+06,-6.86024e+10,1.33395e+11
2.10111e+07,657358,3.35229e+06,-6.8936e+10,1.33223e+11
2.10174e+07,658359,3.35394e+06,-6.92692e+10,1.3305e+11
2.10237e+07,659358,3.35559e+06,-6.9602e+10,1.32877e+11
2.103e+07,660356,3.35724e+06,-6.99343e+10,1.32702e+11
2.10363e+07,661352,3.3589e+06,-7.02662e+10,1.32527e+11
2.10426e+07,662347,3.36055e+06,-7.05976e+10,1.3235e+11
2.10489e+07,663341,3.36221e+06,-7.09286e+10,1.32173e+11
2.10552e+07,664334,3.36387e+06,-7.12592e+10,1.31995e+11
2.10615e+07,665325,3.36554e+06,-7.15893e+10,1.31816e+11
2.10679e+07,666315,3.3672e+06,-7.1919e+10,1.31637e+11
2.10742e+07,667303,3.36887e+06,-7.22482e+10,1.31456e+11
2.10805e+07,668290,3.37054e+06,-7.25769e+10,1.31275e+11
2.10868e+07,669276,3.37222e+06,-7.29053e+10,1.31093e+11
2.10931e+07,670260,3.37389e+06,-7.32331e+10,1.3091e+11
2.10994e+07,671243,3.37557e+06,-7.35605e+10,1.30727e+11
2.11057e+07,672225,3.37725e+06,-7.38874e+10,1.30542e+11
2.1112e+07,673205,3.37894e+06,-7.42139e+10,1.30357e+11
2.11183e+07,674184,3.38062e+06,-7.45399e+10,1.30171e+11
2.11247e+07,675162,3.38231e+06,-7.48654e+10,1.29984e+11
2.1131e+07,676138,3.384e+06,-7.51905e+10,1.29796e+11
2.11373e+07,677112,3.38569e+06,-7.55151e+10,1.29607e+11
2.11436e+07,678085,3.38739e+06,-7.58392e+10,1.29418e+11
2.11499e+07,679057,3.38909e+06,-7.61629e+10,1.29228e+11
2.11562e+07,680027,3.39079e+06,-7.6486e+10,1.29037e+11
2.11625e+07,680996,3.39249e+06,-7.68087e+10,1.28845e+11
2.11688e+07,681964,3.3942e+06,-7.71309e+10,1.28652e+11
2.11751e+07,682930,3.39591e+06,-7.74527e+10,1.28459e+11
2.11815e+07,683894,3.39762e+06,-7.77739e+10,1.28265e+11
2.11878e+07,684857,3.39933e+06,-7.80947e+10,1.2807e+11
2.11941e+07,685819,3.40104e+06,-7.84149e+10,1.27874e+11
2.12004e+07,686779,3.40276e+06,-7.87347e+10,1.27677e+11
2.12067e+07,687738,3.40448e+06,-7.9054e+10,1.2748e+11
2.1213e+07,688695,3.4062e+06,-7.93728e+10,1.27281e+11
2.12193e+07,689651,3.40793e+06,-7.96911e+10,1.27082e+11
2.12256e+07,690605,3.40966e+06,-8.00089e+10,1.26882e+11
2.1232e+07,691557,3.41139e+06,-8.03261e+10,1.26682e+11
2.12383e+07,692509,3.41312e+06,-8.06429e+10,1.2648e+11
2.12446e+07,693458,3.41485e+06,-8.09592e+10,1.26278e+11
2.12509e+07,694406,3.41659e+06,-8.1275e+10,1.26075e+11
2.12572e+07,695353,3.41833e+06,-8.15903e+10,1.25871e+11
2.12635e+07,696298,3.42007e+06,-8.1905e+10,1.25667e+11
2.12698e+07,697242,3.42181e+06,-8.22192e+10,1.25461e+11
2.12761e+07,698183,3.42356e+06,-8.2533e+10,1.25255e+11
2.12824e+07,699124,3.42531e+06,-8.28462e+10,1.25048e+11
2.12888e+07,700063,3.42706e+06,-8.31589e+10,1.2484e+11
2.12951e+07,701000,3.42881e+06,-8.3471e+10,1.24632e+11
2.13014e+07,701936,3.43057e+06,-8.37827e+10,1.24423e+11
2.13077e+07,702870,3.43233e+06,-8.40938e+10,1.24213e+11
2.1314e+07,703802,3.43409e+06,-8.44044e+10,1.24002e+11
2.13203e+07,704733,3.43585e+06,-8.47145e+10,1.2379e+11
2.13266e+07,705663,3.43761e+06,-8.5024e+10,1.23578e+11
2.13329e+07,706591,3.43938e+06,-8.5333e+10,1.23365e+11
2.13392e+07,707517,3.44115e+06,-8.56415e+10,1.23151e+11
2.13456e+07,708441,3.44292e+06,-8.59494e+10,1.22936e+11
2.13519e+07,709364,3.4447e+06,-8.62568e+10,1.2272e+11
2.13582e+07,710286,3.44647e+06,-8.65637e+10,1.22504e+11
2.13645e+07,711205,3.44825e+06,-8.687e+10,1.22287e+11
2.13708e+07,712123,3.45003e+06,-8.71757e+10,1.22069e+11
2.13771e+07,713040,3.45182e+06,-8.7481e+10,1.21851e+11
2.13834e+07,713955,3.4536e+06,-8.77856e+10,1.21631e+11
2.13897e+07,714868,3.45539e+06,-8.80898e+10,1.21411e+11
2.13961e+07,715779,3.45718e+06,-8.83933e+10,1.2119e+11
2.14024e+07,716689,3.45897e+06,-8.86963e+10,1.20969e+11
2.14087e+07,717597,3.46077e+06,-8.89988e+10,1.20747e+11
2.1415e+07,718504,3.46256e+06,-8.93007e+10,1.20523e+11
2.14213e+07,719408,3.46436e+06,-8.96021e+10,1.203e+11
2.14276e+07,720312,3.46616e+06,-8.99028e+10,1.20075e+11
2.14339e+07,721213,3.46797e+06,-9.02031e+10,1.1985e+11
2.14402e+07,722113,3.46977e+06,-9.05027e+10,1.19623e+11
2.14465e+07,723011,3.47158e+06,-9.08018e+10,1.19397e+11
2.14529e+07,723907,3.47339e+06,-9.11003e+10,1.19169e+11
2.14592e+07,724802,3.47521e+06,-9.13983e+10,1.18941e+11
2.14655e+07,725695,3.47702e+06,-9.16957e+10,1.18711e+11
2.14718e+07,726586,3.47884e+06,-9.19925e+10,1.18482e+11
2.14781e+07,727475,3.48066e+06,-9.22887e+10,1.18251e+11
2.14844e+07,728363,3.48248e+06,-9.25843e+10,1.1802e+11
2.14907e+07,729249,3.4843e+06,-9.28794e+10,1.17788e+11
2.1497e+07,730133,3.48613e+06,-9.31739e+10,1.17555e+11
2.15033e+07,731015,3.48796e+06,-9.34678e+10,1.17321e+11
2.15097e+07,731896,3.48979e+06,-9.37611e+10,1.17087e+11
2.1516e+07,732775,3.49162e+06,-9.40538e+10,1.16852e+11
2.15223e+07,733652,3.49346e+06,-9.4346e+10,1.16616e+11
2.15286e+07,734528,3.49529e+06,-9.46375e+10,1.1638e+11
2.15349e+07,735401,3.49713e+06,-9.49285e+10,1.16142e+11
2.15412e+07,736273,3.49898e+06,-9.52189e+10,1.15904e+11
2.15475e+07,737143,3.50082e+06,-9.55086e+10,1.15666e+11
2.15538e+07,738011,3.50267e+06,-9.57978e+10,1.15426e+11
2.15602e+07,738878,3.50451e+06,-9.60864e+10,1.15186e+11
2.15665e+07,739742,3.50636e+06,-9.63743e+10,1.14945e+11
2.15728e+07,740605,3.50822e+06,-9.66617e+10,1.14704e+11
2.15791e+07,741466,3.51007e+06,-9.69485e+10,1.14462e+11
2.15854e+07,742325,3.51193e+06,-9.72346e+10,1.14219e+11
2.15917e+07,743183,3.51379e+06,-9.75201e+10,1.13975e+11
2.1598e+07,744038,3.51565e+06,-9.78051e+10,1.1373e+11
2.16043e+07,744892,3.51751e+06,-9.80894e+10,1.13485e+11
2.16106e+07,745744,3.51938e+06,-9.83731e+10,1.13239e+11
2.1617e+07,746594,3.52124e+06,-9.86562e+10,1.12993e+11
2.16233e+07,747442,3.52311e+06,-9.89387e+10,1.12746e+11
2.16296e+07,748288,3.52498e+06,-9.92205e+10,1.12498e+11
2.16359e+07,749132,3.52686e+06,-9.95017e+10,1.12249e+11
2.16422e+07,749975,3.52873e+06,-9.97823e+10,1.12e+11
2.16485e+07,750816,3.53061e+06,-1.00062e+11,1.1175e+11
2.16548e+07,751654,3.53249e+06,-1.00342e+11,1.11499e+11
2.16611e+07,752491,3.53437e+06,-1.0062e+11,1.11247e+11
2.16674e+07,753326,3.53626e+06,-1.00898e+11,1.10995e+11
2.16738e+07,754159,3.53815e+06,-1.01176e+11,1.10742e+11
2.16801e+07,754990,3.54003e+06,-1.01453e+11,1.10489e+11
2.16864e+07,755820,3.54192e+06,-1.01729e+11,1.10234e+11
2.16927e+07,756647,3.54382e+06,-1.02005e+11,1.0998e+11
2.1699e+07,757473,3.54571e+06,-1.02279e+11,1.09724e+11
2.17053e+07,758296,3.54761e+06,-1.02554e+11,1.09468e+11
2.17116e+07,759118,3.54951e+06,-1.02827e+11,1.09211e+11
2.17179e+07,759937,3.55141e+06,-1.031e+11,1.08953e+11
2.17243e+07,760755,3.55331e+06,-1.03373e+11,1.08694e+11
2.17306e+07,761571,3.55522e+06,-1.03644e+11,1.08435e+11
2.17369e+07,762385,3.55712e+06,-1.03915e+11,1.08176e+11
2.17432e+07,763196,3.55903e+06,-1.04186e+11,1.07915e+11
2.17495e+07,764006,3.56094e+06,-1.04456e+11,1.07654e+11
2.17558e+07,764814,3.56286e+06,-1.04725e+11,1.07392e+11
2.17621e+07,765620,3.56477e+06,-1.04993e+11,1.0713e+11
2.17684e+07,766424,3.56669e+06,-1.05261e+11,1.06867e+11
2.17747e+07,767226,3.56861e+06,-1.05528e+11,1.06603e+11
2.17811e+07,768026,3.57053e+06,-1.05794e+11,1.06339e+11
2.17874e+07,768824,3.57245e+06,-1.0606e+11,1.06074e+11
2.17937e+07,769621,3.57438e+06,-1.06325e+11,1.05808e+11
2.18e+07,770415,3.5763e+06,-1.0659e+11,1.05541e+11
2.18063e+07,771207,3.57823e+06,-1.06854e+11,1.05274e+11
2.18126e+07,771997,3.58016e+06,-1.07117e+11,1.05007e+11
2.18189e+07,772785,3.5821e+06,-1.07379e+11,1.04738e+11
2.18252e+07,773571,3.58403e+06,-1.07641e+11,1.04469e+11
2.18315e+07,774355,3.58597e+06,-1.07902e+11,1.04199e+11
2.18379e+07,775137,3.58791e+06,-1.08163e+11,1.03929e+11
2.18442e+07,775917,3.58985e+06,-1.08422e+11,1.03658e+11
2.18505e+07,776694,3.59179e+06,-1.08681e+11,1.03386e+11
2.18568e+07,777470,3.59374e+06,-1.0894e+11,1.03114e+11
2.18631e+07,778244,3.59568e+06,-1.09197e+11,1.02841e+11
2.18694e+07,779016,3.59763e+06,-1.09455e+11,1.02567e+11
2.18757e+07,779785,3.59958e+06,-1.09711e+11,1.02293e+11
2.1882e+07,780553,3.60154e+06,-1.09967e+11,1.02018e+11
2.18884e+07,781319,3.60349e+06,-1.10221e+11,1.01743e+11
2.18947e+07,782082,3.60545e+06,-1.10476e+11,1.01466e+11
2.1901e+07,782843,3.6074e+06,-1.10729e+11,1.0119e+11
2.19073e+07,783603,3.60936e+06,-1.10982e+11,1.00912e+11
2.19136e+07,784360,3.61133e+06,-1.11234e+11,1.00634e+11
2.19199e+07,785115,3.61329e+06,-1.11486e+11,1.00355e+11
2.19262e+07,785868,3.61526e+06,-1.11737e+11,1.00076e+11
2.19325e+07,786619,3.61722e+06,-1.11987e+11,9.97962e+10
2.19388e+07,787368,3.61919e+06,-1.12236e+11,9.95156e+10
2.19452e+07,788115,3.62117e+06,-1.12485e+11,9.92344e+10
2.19515e+07,788859,3.62314e+06,-1.12733e+11,9.89526e+10
2.19578e+07,789602,3.62511e+06,-1.1298e+11,9.86701e+10
2.19641e+07,790342,3.62709e+06,-1.13227e+11,9.8387e+10
2.19704e+07,791080,3.62907e+06,-1.13473e+11,9.81034e+10
2.19767e+07,791816,3.63105e+06,-1.13718e+11,9.78191e+10
2.1983e+07,792550,3.63303e+06,-1.13962e+11,9.75342e+10
2.19893e+07,793282,3.63502e+06,-1.14206e+11,9.72486e+10
2.19956e+07,794012,3.637e+06,-1.14449e+11,9.69625e+10
2.2002e+07,794739,3.63899e+06,-1.14691e+11,9.66758e+10
2.20083e+07,795465,3.64098e+06,-1.14933e+11,9.63884e+10
2.20146e+07,796188,3.64297e+06,-1.15174e+11,9.61005e+10
2.20209e+07,796909,3.64497e+06,-1.15414e+11,9.58119e+10
2.20272e+07,797628,3.64696e+06,-1.15653e+11,9.55228e+10
2.20335e+07,798344,3.64896e+06,-1.15892e+11,9.5233e+10
2.20398e+07,799059,3.65096e+06,-1.1613e+11,9.49427e+10
2.20461e+07,799771,3.65296e+06,-1.16367e+11,9.46517e+10
2.20525e+07,800481,3.65496e+06,-1.16604e+11,9.43602e+10
2.20588e+07,801189,3.65697e+06,-1.1684e+11,9.40681e+10
2.20651e+07,801895,3.65897e+06,-1.17075e+11,9.37754e+10
2.20714e+07,802599,3.66098e+06,-1.17309e+11,9.34821e+10
2.20777e+07,803300,3.66299e+06,-1.17542e+11,9.31882e+10
2.2084e+07,803999,3.665e+06,-1.17775e+11,9.28937e+10
2.20903e+07,804696,3.66701e+06,-1.18007e+11,9.25987e+10
2.20966e+07,805391,3.66903e+06,-1.18239e+11,9.23031e+10
2.21029e+07,806083,3.67105e+06,-1.18469e+11,9.20069e+10
2.21093e+07,806773,3.67306e+06,-1.18699e+11,9.17101e+10
2.21156e+07,807461,3.67508e+06,-1.18928e+11,9.14127e+10
2.21219e+07,808147,3.6771e+06,-1.19157e+11,9.11148e+10
2.21282e+07,808831,3.67913e+06,-1.19384e+11,9.08163e+10
2.21345e+07,809512,3.68115e+06,-1.19611e+11,9.05172e+10
2.21408e+07,810191,3.68318e+06,-1.19838e+11,9.02176e+10
2.21471e+07,810868,3.68521e+06,-1.20063e+11,8.99174e+10
2.21534e+07,811542,3.68724e+06,-1.20288e+11,8.96166e+10
2.21597e+07,812215,3.68927e+06,-1.20511e+11,8.93153e+10
2.21661e+07,812884,3.6913e+06,-1.20735e+11,8.90134e+10
2.21724e+07,813552,3.69334e+06,-1.20957e+11,8.87109e+10
2.21787e+07,814218,3.69538e+06,-1.21179e+11,8.84079e+10
2.2185e+07,814881,3.69742e+06,-1.214e+11,8.81044e+10
2.21913e+07,815542,3.69946e+06,-1.2162e+11,8.78003e+10
2.21976e+07,816200,3.7015e+06,-1.21839e+11,8.74956e+10
2.22039e+07,816857,3.70354e+06,-1.22058e+11,8.71904e+10
2.22102e+07,817511,3.70559e+06,-1.22275e+11,8.68847e+10
2.22166e+07,818162,3.70763e+06,-1.22492e+11,8.65784e+10
2.22229e+07,818812,3.70968e+06,-1.22709e+11,8.62716e+10
2.22292e+07,819459,3.71173e+06,-1.22924e+11,8.59642e+10
2.22355e+07,820104,3.71378e+06,-1.23139e+11,8.56563e+10
2.22418e+07,820746,3.71584e+06,-1.23353e+11,8.53478e+10
2.22481e+07,821386,3.71789e+06,-1.23566e+11,8.50388e+10
2.22544e+07,822024,3.71995e+06,-1.23779e+11,8.47293e+10
2.22607e+07,822660,3.72201e+06,-1.2399e+11,8.44193e+10
2.2267e+07,823293,3.72407e+06,-1.24201e+11,8.41087e+10
2.22734e+07,823924,3.72613e+06,-1.24411e+11,8.37976e+10
2.22797e+07,824552,3.72819e+06,-1.24621e+11,8.3486e+10
2.2286e+07,825178,3.73025e+06,-1.24829e+11,8.31738e+10
2.22923e+07,825802,3.73232e+06,-1.25037e+11,8.28611e+10
2.22986e+07,826423,3.73439e+06,-1.25244e+11,8.25479e+10
2.23049e+07,827043,3.73646e+06,-1.2545e+11,8.22342e+10
2.23112e+07,827659,3.73853e+06,-1.25655e+11,8.192e+10
2.23175e+07,828274,3.7406e+06,-1.2586e+11,8.16053e+10
2.23238e+07,828886,3.74267e+06,-1.26064e+11,8.129e+10
2.23302e+07,829495,3.74475e+06,-1.26267e+11,8.09743e+10
2.23365e+07,830103,3.74682e+06,-1.26469e+11,8.0658e+10
2.23428e+07,830707,3.7489e+06,-1.26671e+11,8.03412e+10
2.23491e+07,831310,3.75098e+06,-1.26871e+11,8.0024e+10
2.23554e+07,831910,3.75306e+06,-1.27071e+11,7.97062e+10
2.23617e+07,832508,3.75515e+06,-1.2727e+11,7.93879e+10
2.2368e+07,833103,3.75723e+06,-1.27469e+11,7.90691e+10
2.23743e+07,833696,3.75932e+06,-1.27666e+11,7.87499e+10
2.23806e+07,834287,3.7614e+06,-1.27863e+11,7.84301e+10
2.2387e+07,834875,3.76349e+06,-1.28059e+11,7.81099e+10
2.23933e+07,835460,3.76558e+06,-1.28254e+11,7.77891e+10
2.23996e+07,836044,3.76767e+06,-1.28448e+11,7.74679e+10
2.24059e+07,836625,3.76977e+06,-1.28641e+11,7.71462e+10
2.24122e+07,837203,3.77186e+06,-1.28834e+11,7.6824e+10
2.24185e+07,837779,3.77396e+06,-1.29026e+11,7.65013e+10
2.24248e+07,838353,3.77606e+06,-1.29217e+11,7.61782e+10
2.24311e+07,838924,3.77815e+06,-1.29407e+11,7.58545e+10
2.24375e+07,839493,3.78025e+06,-1.29597e+11,7.55304e+10
2.24438e+07,840059,3.78236e+06,-1.29785e+11,7.52059e+10
2.24501e+07,840623,3.78446e+06,-1.29973e+11,7.48808e+10
2.24564e+07,841184,3.78656e+06,-1.3016e+11,7.45553e+10
2.24627e+07,841743,3.78867e+06,-1.30346e+11,7.42293e+10
2.2469e+07,842300,3.79078e+06,-1.30532e+11,7.39028e+10
2.24753e+07,842854,3.79289e+06,-1.30716e+11,7.35759e+10
2.24816e+07,843405,3.795e+06,-1.309e+11,7.32486e+10
2.24879e+07,843955,3.79711e+06,-1.31083e+11,7.29207e+10
2.24943e+07,844501,3.79922e+06,-1.31265e+11,7.25924e+10
2.25006e+07,845046,3.80133e+06,-1.31446e+11,7.22637e+10
2.25069e+07,845587,3.80345e+06,-1.31626e+11,7.19345e+10
2.25132e+07,846127,3.80557e+06,-1.31806e+11,7.16048e+10
2.25195e+07,846663,3.80769e+06,-1.31985e+11,7.12747e+10
2.25258e+07,847198,3.80981e+06,-1.32163e+11,7.09442e+10
2.25321e+07,847730,3.81193e+06,-1.3234e+11,7.06132e+10
2.25384e+07,848259,3.81405e+06,-1.32516e+11,7.02818e+10
2.25447e+07,848786,3.81617e+06,-1.32692e+11,6.99499e+10
2.25511e+07,849310,3.8183e+06,-1.32866e+11,6.96176e+10
2.25574e+07,849832,3.82042e+06,-1.3304e+11,6.92848e+10
2.25637e+07,850351,3.82255e+06,-1.33213e+11,6.89517e+10
2.257e+07,850868,3.82468e+06,-1.33385e+11,6.86181e+10
2.25763e+07,851382,3.82681e+06,-1.33557e+11,6.8284e+10
2.25826e+07,851894,3.82894e+06,-1.33727e+11,6.79495e+10
2.25889e+07,852404,3.83107e+06,-1.33897e+11,6.76147e+10
2.25952e+07,852910,3.83321e+06,-1.34065e+11,6.72793e+10
2.26016e+07,853415,3.83534e+06,-1.34233e+11,6.69436e+10
2.26079e+07,853916,3.83748e+06,-1.34401e+11,6.66074e+10
2.26142e+07,854416,3.83962e+06,-1.34567e+11,6.62709e+10
2.26205e+07,854912,3.84176e+06,-1.34732e+11,6.59339e+10
2.26268e+07,855407,3.8439e+06,-1.34897e+11,6.55965e+10
2.26331e+07,855898,3.84604e+06,-1.35061e+11,6.52587e+10
2.26394e+07,856387,3.84818e+06,-1.35223e+11,6.49204e+10
2.26457e+07,856874,3.85032e+06,-1.35385e+11,6.45818e+10
2.2652e+07,857358,3.85247e+06,-1.35547e+11,6.42428e+10
2.26584e+07,857839,3.85462e+06,-1.35707e+11,6.39033e+10
2.26647e+07,858318,3.85676e+06,-1.35866e+11,6.35635e+10
2.2671e+07,858794,3.85891e+06,-1.36025e+11,6.32233e+10
2.26773e+07,859268,3.86106e+06,-1.36183e+11,6.28826e+10
2.26836e+07,859739,3.86321e+06,-1.3634e+11,6.25416e+10
2.26899e+07,860208,3.86537e+06,-1.36496e+11,6.22002e+10
2.26962e+07,860674,3.86752e+06,-1.36651e+11,6.18584e+10
2.27025e+07,861138,3.86967e+06,-1.36806e+11,6.15162e+10
2.27088e+07,861599,3.87183e+06,-1.36959e+11,6.11736e+10
2.27152e+07,862057,3.87399e+06,-1.37112e+11,6.08307e+10
2.27215e+07,862513,3.87614e+06,-1.37264e+11,6.04873e+10
2.27278e+07,862966,3.8783e+06,-1.37414e+11,6.01436e+10
2.27341e+07,863417,3.88046e+06,-1.37565e+11,5.97995e+10
2.27404e+07,863865,3.88263e+06,-1.37714e+11,5.9455e+10
2.27467e+07,864310,3.88479e+06,-1.37862e+11,5.91102e+10
2.2753e+07,864753,3.88695e+06,-1.3801e+11,5.8765e+10
2.27593e+07,865193,3.88912e+06,-1.38156e+11,5.84194e+10
2.27657e+07,865631,3.89128e+06,-1.38302e+11,5.80734e+10
2.2772e+07,866066,3.89345e+06,-1.38447e+11,5.77271e+10
2.27783e+07,866498,3.89562e+06,-1.38591e+11,5.73804e+10
2.27846e+07,866928,3.89779e+06,-1.38734e+11,5.70334e+10
2.27909e+07,867355,3.89996e+06,-1.38876e+11,5.6686e+10
2.27972e+07,867780,3.90213e+06,-1.39018e+11,5.63383e+10
2.28035e+07,868202,3.9043e+06,-1.39158e+11,5.59902e+10
2.28098e+07,868621,3.90647e+06,-1.39298e+11,5.56417e+10
2.28161e+07,869038,3.90865e+06,-1.39437e+11,5.52929e+10
2.28225e+07,869452,3.91082e+06,-1.39575e+11,5.49438e+10
2.28288e+07,869864,3.913e+06,-1.39712e+11,5.45943e+10
2.28351e+07,870273,3.91518e+06,-1.39848e+11,5.42445e+10
2.28414e+07,870679,3.91736e+06,-1.39983e+11,5.38943e+10
2.28477e+07,871083,3.91954e+06,-1.40118e+11,5.35438e+10
2.2854e+07,871484,3.92172e+06,-1.40251e+11,5.31929e+10
2.28603e+07,871882,3.9239e+06,-1.40384e+11,5.28418e+10
2.28666e+07,872278,3.92608e+06,-1.40516e+11,5.24903e+10
2.28729e+07,872671,3.92826e+06,-1.40647e+11,5.21384e+10
2.28793e+07,873061,3.93045e+06,-1.40777e+11,5.17863e+10
2.28856e+07,873449,3.93263e+06,-1.40906e+11,5.14338e+10
2.28919e+07,873834,3.93482e+06,-1.41034e+11,5.1081e+10
2.28982e+07,874217,3.93701e+06,-1.41162e+11,5.07278e+10
2.29045e+07,874597,3.9392e+06,-1.41288e+11,5.03744e+10
2.29108e+07,874974,3.94139e+06,-1.41414e+11,5.00206e+10
2.29171e+07,875348,3.94358e+06,-1.41538e+11,4.96666e+10
2.29234e+07,875720,3.94577e+06,-1.41662e+11,4.93122e+10
2.29298e+07,876089,3.94796e+06,-1.41785e+11,4.89575e+10
2.29361e+07,876456,3.95015e+06,-1.41907e+11,4.86025e+10
2.29424e+07,876820,3.95235e+06,-1.42029e+11,4.82472e+10
2.29487e+07,877181,3.95454e+06,-1.42149e+11,4.78916e+10
2.2955e+07,877539,3.95674e+06,-1.42268e+11,4.75356e+10
2.29613e+07,877895,3.95893e+06,-1.42387e+11,4.71794e+10
2.29676e+07,878248,3.96113e+06,-1.42504e+11,4.68229e+10
2.29739e+07,878599,3.96333e+06,-1.42621e+11,4.64661e+10
2.29802e+07,878947,3.96553e+06,-1.42737e+11,4.61091e+10
2.29866e+07,879292,3.96773e+06,-1.42852e+11,4.57517e+10
2.29929e+07,879634,3.96993e+06,-1.42966e+11,4.5394e+10
2.29992e+07,879974,3.97213e+06,-1.43079e+11,4.50361e+10
2.30055e+07,880311,3.97433e+06,-1.43191e+11,4.46779e+10
2.30118e+07,880645,3.97654e+06,-1.43303e+11,4.43193e+10
2.30181e+07,880977,3.97874e+06,-1.43413e+11,4.39606e+10
2.30244e+07,881306,3.98095e+06,-1.43523e+11,4.36015e+10
2.30307e+07,881632,3.98315e+06,-1.43631e+11,4.32422e+10
2.3037e+07,881956,3.98536e+06,-1.43739e+11,4.28826e+10
2.30434e+07,882277,3.98757e+06,-1.43846e+11,4.25227e+10
2.30497e+07,882595,3.98978e+06,-1.43952e+11,4.21626e+10
2.3056e+07,882910,3.99199e+06,-1.44057e+11,4.18021e+10
2.30623e+07,883223,3.9942e+06,-1.44161e+11,4.14415e+10
2.30686e+07,883533,3.99641e+06,-1.44264e+11,4.10806e+10
2.30749e+07,883840,3.99862e+06,-1.44367e+11,4.07194e+10
2.30812e+07,884145,4.00083e+06,-1.44468e+11,4.03579e+10
2.30875e+07,884447,4.00304e+06,-1.44569e+11,3.99963e+10
2.30939e+07,884746,4.00526e+06,-1.44668e+11,3.96343e+10
2.31002e+07,885042,4.00747e+06,-1.44767e+11,3.92721e+10
2.31065e+07,885336,4.00969e+06,-1.44865e+11,3.89097e+10
2.31128e+07,885627,4.0119e+06,-1.44962e+11,3.8547e+10
2.31191e+07,885915,4.01412e+06,-1.45058e+11,3.81841e+10
2.31254e+07,886201,4.01634e+06,-1.45153e+11,3.78209e+10
2.31317e+07,886484,4.01856e+06,-1.45247e+11,3.74575e+10
2.3138e+07,886764,4.02078e+06,-1.4534e+11,3.70939e+10
2.31443e+07,887041,4.023e+06,-1.45433e+11,3.673e+10
2.31507e+07,887316,4.02522e+06,-1.45524e+11,3.6366e+10
2.3157e+07,887588,4.02744e+06,-1.45615e+11,3.60016e+10
2.31633e+07,887857,4.02966e+06,-1.45704e+11,3.56371e+10
2.31696e+07,888123,4.03188e+06,-1.45793e+11,3.52723e+10
2.31759e+07,888387,4.0341e+06,-1.45881e+11,3.49073e+10
2.31822e+07,888648,4.03633e+06,-1.45968e+11,3.45421e+10
2.31885e+07,888906,4.03855e+06,-1.46054e+11,3.41767e+10
2.31948e+07,889161,4.04078e+06,-1.46139e+11,3.38111e+10
2.32011e+07,889414,4.043e+06,-1.46223e+11,3.34452e+10
2.32075e+07,889664,4.04523e+06,-1.46306e+11,3.30792e+10
2.32138e+07,889911,4.04746e+06,-1.46389e+11,3.27129e+10
2.32201e+07,890155,4.04968e+06,-1.4647e+11,3.23464e+10
2.32264e+07,890397,4.05191e+06,-1.46551e+11,3.19797e+10
2.32327e+07,890636,4.05414e+06,-1.4663e+11,3.16129e+10
2.3239e+07,890872,4.05637e+06,-1.46709e+11,3.12458e+10
2.32453e+07,891105,4.0586e+06,-1.46786e+11,3.08785e+10
2.32516e+07,891336,4.06083e+06,-1.46863e+11,3.05111e+10
2.3258e+07,891564,4.06306e+06,-1.46939e+11,3.01434e+10
2.32643e+07,891789,4.06529e+06,-1.47014e+11,2.97756e+10
2.32706e+07,892011,4.06752e+06,-1.47088e+11,2.94075e+10
2.32769e+07,892231,4.06976e+06,-1.47161e+11,2.90393e+10
2.32832e+07,892448,4.07199e+06,-1.47233e+11,2.86709e+10
2.32895e+07,892662,4.07422e+06,-1.47305e+11,2.83024e+10
2.32958e+07,892873,4.07646e+06,-1.47375e+11,2.79336e+10
2.33021e+07,893081,4.07869e+06,-1.47445e+11,2.75647e+10
2.33084e+07,893287,4.08093e+06,-1.47513e+11,2.71956e+10
2.33148e+07,893490,4.08316e+06,-1.47581e+11,2.68263e+10
2.33211e+07,893690,4.0854e+06,-1.47647e+11,2.64569e+10
2.33274e+07,893888,4.08764e+06,-1.47713e+11,2.60873e+10
2.33337e+07,894082,4.08987e+06,-1.47778e+11,2.57175e+10
2.334e+07,894274,4.09211e+06,-1.47842e+11,2.53476e+10
2.33463e+07,894463,4.09435e+06,-1.47905e+11,2.49775e+10
2.33526e+07,894649,4.09659e+06,-1.47967e+11,2.46073e+10
2.33589e+07,894833,4.09883e+06,-1.48028e+11,2.42369e+10
2.33652e+07,895014,4.10107e+06,-1.48088e+11,2.38663e+10
2.33716e+07,895192,4.10331e+06,-1.48147e+11,2.34956e+10
2.33779e+07,895367,4.10555e+06,-1.48206e+11,2.31248e+10
2.33842e+07,895539,4.10779e+06,-1.48263e+11,2.27538e+10
2.33905e+07,895709,4.11003e+06,-1.4832e+11,2.23826e+10
2.33968e+07,895875,4.11227e+06,-1.48375e+11,2.20114e+10
2.34031e+07,896039,4.11452e+06,-1.4843e+11,2.164e+10
2.34094e+07,896200,4.11676e+06,-1.48483e+11,2.12684e+10
2.34157e+07,896359,4.119e+06,-1.48536e+11,2.08967e+10
2.34221e+07,896514,4.12125e+06,-1.48588e+11,2.05249e+10
2.34284e+07,896667,4.12349e+06,-1.48639e+11,2.0153e+10
2.34347e+07,896817,4.12573e+06,-1.48689e+11,1.97809e+10
2.3441e+07,896965,4.12798e+06,-1.48738e+11,1.94087e+10
2.34473e+07,897109,4.13022e+06,-1.48786e+11,1.90364e+10
2.34536e+07,897251,4.13247e+06,-1.48833e+11,1.8664e+10
2.34599e+07,897389,4.13471e+06,-1.48879e+11,1.82915e+10
2.34662e+07,897525,4.13696e+06,-1.48925e+11,1.79188e+10
2.34725e+07,897659,4.13921e+06,-1.48969e+11,1.7546e+10
2.34789e+07,897789,4.14145e+06,-1.49012e+11,1.71731e+10
2.34852e+07,897917,4.1437e+06,-1.49055e+11,1.68002e+10
2.34915e+07,898041,4.14595e+06,-1.49097e+11,1.64271e+10
2.34978e+07,898163,4.1482e+06,-1.49137e+11,1.60539e+10
2.35041e+07,898283,4.15044e+06,-1.49177e+11,1.56806e+10
2.35104e+07,898399,4.15269e+06,-1.49216e+11,1.53072e+10
2.35167e+07,898513,4.15494e+06,-1.49253e+11,1.49337e+10
2.3523e+07,898623,4.15719e+06,-1.4929e+11,1.45601e+10
2.35293e+07,898731,4.15944e+06,-1.49326e+11,1.41864e+10
2.35357e+07,898837,4.16169e+06,-1.49361e+11,1.38126e+10
2.3542e+07,898939,4.16394e+06,-1.49395e+11,1.34388e+10
2.35483e+07,899038,4.16619e+06,-1.49429e+11,1.30649e+10
2.35546e+07,899135,4.16844e+06,-1.49461e+11,1.26908e+10
2.35609e+07,899229,4.17069e+06,-1.49492e+11,1.23167e+10
2.35672e+07,899320,4.17294e+06,-1.49522e+11,1.19426e+10
2.35735e+07,899409,4.17519e+06,-1.49552e+11,1.15683e+10
2.35798e+07,899494,4.17744e+06,-1.4958e+11,1.1194e+10
2.35862e+07,899577,4.17969e+06,-1.49608e+11,1.08196e+10
2.35925e+07,899657,4.18194e+06,-1.49634e+11,1.04451e+10
2.35988e+07,899734,4.1842e+06,-1.4966e+11,1.00706e+10
2.36051e+07,899808,4.18645e+06,-1.49685e+11,9.69603e+09
2.36114e+07,899879,4.1887e+06,-1.49709e+11,9.32138e+09
2.36177e+07,899948,4.19095e+06,-1.49731e+11,8.94667e+09
2.3624e+07,900014,4.1932e+06,-1.49753e+11,8.57191e+09
2.36303e+07,900077,4.19546e+06,-1.49774e+11,8.19709e+09
2.36366e+07,900137,4.19771e+06,-1.49794e+11,7.82222e+09
2.3643e+07,900194,4.19996e+06,-1.49813e+11,7.4473e+09
2.36493e+07,900249,4.20222e+06,-1.49832e+11,7.07234e+09
2.36556e+07,900300,4.20447e+06,-1.49849e+11,6.69733e+09
2.36619e+07,900349,4.20672e+06,-1.49865e+11,6.32228e+09
2.36682e+07,900395,4.20897e+06,-1.4988e+11,5.94719e+09
2.36745e+07,900439,4.21123e+06,-1.49895e+11,5.57206e+09
2.36808e+07,900479,4.21348e+06,-1.49908e+11,5.1969e+09
2.36871e+07,900517,4.21574e+06,-1.49921e+11,4.82171e+09
2.36934e+07,900551,4.21799e+06,-1.49932e+11,4.44648e+09
2.36998e+07,900583,4.22024e+06,-1.49943e+11,4.07123e+09
2.37061e+07,900613,4.2225e+06,-1.49953e+11,3.69595e+09
2.37124e+07,900639,4.22475e+06,-1.49962e+11,3.32065e+09
2.37187e+07,900662,4.22701e+06,-1.49969e+11,2.94533e+09
2.3725e+07,900683,4.22926e+06,-1.49976e+11,2.56999e+09
2.37313e+07,900701,4.23151e+06,-1.49982e+11,2.19463e+09
2.37376e+07,900716,4.23377e+06,-1.49987e+11,1.81926e+09
2.37439e+07,900728,4.23602e+06,-1.49991e+11,1.44388e+09
2.37502e+07,900738,4.23828e+06,-1.49994e+11,1.06849e+09
2.37566e+07,900744,4.24053e+06,-1.49997e+11,6.93093e+08
2.37629e+07,900748,4.24278e+06,-1.49998e+11,3.17691e+08
2.37692e+07,900749,4.24504e+06,-1.49998e+11,-5.77123e+07
2.37755e+07,900747,4.24729e+06,-1.49998e+11,-4.33115e+08
2.37818e+07,900742,4.24955e+06,-1.49996e+11,-8.08516e+08
2.37881e+07,900735,4.2518e+06,-1.49994e+11,-1.18391e+09
2.37944e+07,900724,4.25406e+06,-1.4999e+11,-1.5593e+09
2.38007e+07,900711,4.25631e+06,-1.49986e+11,-1.93468e+09
2.38071e+07,900695,4.25856e+06,-1.4998e+11,-2.31004e+09
2.38134e+07,900677,4.26082e+06,-1.49974e+11,-2.68539e+09
2.38197e+07,900655,4.26307e+06,-1.49967e+11,-3.06073e+09
2.3826e+07,900630,4.26533e+06,-1.49959e+11,-3.43604e+09
2.38323e+07,900603,4.26758e+06,-1.4995e+11,-3.81134e+09
2.38386e+07,900573,4.26983e+06,-1.4994e+11,-4.18661e+09
2.38449e+07,900540,4.27209e+06,-1.49929e+11,-4.56185e+09
2.38512e+07,900505,4.27434e+06,-1.49917e+11,-4.93707e+09
2.38575e+07,900466,4.2766e+06,-1.49904e+11,-5.31225e+09
2.38639e+07,900425,4.27885e+06,-1.4989e+11,-5.6874e+09
2.38702e+07,900380,4.2811e+06,-1.49876e+11,-6.06252e+09
2.38765e+07,900333,4.28336e+06,-1.4986e+11,-6.43759e+09
2.38828e+07,900284,4.28561e+06,-1.49843e+11,-6.81263e+09
2.38891e+07,900231,4.28786e+06,-1.49826e+11,-7.18762e+09
2.38954e+07,900176,4.29012e+06,-1.49807e+11,-7.56257e+09
2.39017e+07,900117,4.29237e+06,-1.49788e+11,-7.93747e+09
2.3908e+07,900056,4.29462e+06,-1.49768e+11,-8.31233e+09
2.39143e+07,899992,4.29687e+06,-1.49746e+11,-8.68713e+09
2.39207e+07,899926,4.29913e+06,-1.49724e+11,-9.06187e+09
2.3927e+07,899856,4.30138e+06,-1.49701e+11,-9.43656e+09
2.39333e+07,899784,4.30363e+06,-1.49677e+11,-9.81119e+09
2.39396e+07,899709,4.30588e+06,-1.49652e+11,-1.01858e+10
2.39459e+07,899631,4.30813e+06,-1.49626e+11,-1.05603e+10
2.39522e+07,899550,4.31038e+06,-1.49599e+11,-1.09347e+10
2.39585e+07,899466,4.31264e+06,-1.49571e+11,-1.13091e+10
2.39648e+07,899380,4.31489e+06,-1.49542e+11,-1.16834e+10
2.39712e+07,899290,4.31714e+06,-1.49513e+11,-1.20576e+10
2.39775e+07,899198,4.31939e+06,-1.49482e+11,-1.24317e+10
2.39838e+07,899104,4.32164e+06,-1.4945e+11,-1.28058e+10
2.39901e+07,899006,4.32389e+06,-1.49418e+11,-1.31798e+10
2.39964e+07,898905,4.32614e+06,-1.49384e+11,-1.35537e+10
2.40027e+07,898802,4.32839e+06,-1.4935e+11,-1.39275e+10
2.4009e+07,898696,4.33064e+06,-1.49315e+11,-1.43013e+10
2.40153e+07,898587,4.33289e+06,-1.49278e+11,-1.46749e+10
2.40216e+07,898475,4.33514e+06,-1.49241e+11,-1.50485e+10
2.4028e+07,898361,4.33738e+06,-1.49203e+11,-1.54219e+10
2.40343e+07,898244,4.33963e+06,-1.49164e+11,-1.57953e+10
2.40406e+07,898123,4.34188e+06,-1.49124e+11,-1.61686e+10
2.40469e+07,898001,4.34413e+06,-1.49083e+11,-1.65417e+10
2.40532e+07,897875,4.34637e+06,-1.49041e+11,-1.69148e+10
2.40595e+07,897746,4.34862e+06,-1.48998e+11,-1.72877e+10
2.40658e+07,897615,4.35087e+06,-1.48954e+11,-1.76606e+10
2.40721e+07,897481,4.35311e+06,-1.4891e+11,-1.80333e+10
2.40784e+07,897344,4.35536e+06,-1.48864e+11,-1.8406e+10
2.40848e+07,897204,4.35761e+06,-1.48818e+11,-1.87785e+10
2.40911e+07,897062,4.35985e+06,-1.4877e+11,-1.91508e+10
2.40974e+07,896916,4.3621e+06,-1.48722e+11,-1.95231e+10
2.41037e+07,896768,4.36434e+06,-1.48672e+11,-1.98953e+10
2.411e+07,896617,4.36659e+06,-1.48622e+11,-2.02673e+10
2.41163e+07,896463,4.36883e+06,-1.48571e+11,-2.06392e+10
2.41226e+07,896307,4.37107e+06,-1.48519e+11,-2.1011e+10
2.41289e+07,896148,4.37332e+06,-1.48466e+11,-2.13826e+10
2.41353e+07,895985,4.37556e+06,-1.48412e+11,-2.17541e+10
2.41416e+07,895821,4.3778e+06,-1.48357e+11,-2.21255e+10
2.41479e+07,895653,4.38004e+06,-1.48301e+11,-2.24967e+10
2.41542e+07,895482,4.38228e+06,-1.48244e+11,-2.28678e+10
2.41605e+07,895309,4.38452e+06,-1.48187e+11,-2.32387e+10
2.41668e+07,895133,4.38676e+06,-1.48128e+11,-2.36095e+10
2.41731e+07,894954,4.389e+06,-1.48068e+11,-2.39801e+10
2.41794e+07,894773,4.39124e+06,-1.48008e+11,-2.43506e+10
2.41857e+07,894588,4.39348e+06,-1.47946e+11,-2.4721e+10
2.41921e+07,894401,4.39572e+06,-1.47884e+11,-2.50912e+10
2.41984e+07,894211,4.39796e+06,-1.47821e+11,-2.54612e+10
2.42047e+07,894018,4.4002e+06,-1.47757e+11,-2.58311e+10
2.4211e+07,893823,4.40243e+06,-1.47691e+11,-2.62008e+10
2.42173e+07,893625,4.40467e+06,-1.47625e+11,-2.65704e+10
2.42236e+07,893423,4.40691e+06,-1.47558e+11,-2.69397e+10
2.42299e+07,893220,4.40914e+06,-1.47491e+11,-2.73089e+10
2.42362e+07,893013,4.41138e+06,-1.47422e+11,-2.7678e+10
2.42425e+07,892804,4.41361e+06,-1.47352e+11,-2.80469e+10
2.42489e+07,892591,4.41585e+06,-1.47281e+11,-2.84155e+10
2.42552e+07,892376,4.41808e+06,-1.4721e+11,-2.87841e+10
2.42615e+07,892159,4.42031e+06,-1.47137e+11,-2.91524e+10
2.42678e+07,891938,4.42255e+06,-1.47064e+11,-2.95205e+10
2.42741e+07,891715,4.42478e+06,-1.46989e+11,-2.98885e+10
2.42804e+07,891489,4.42701e+06,-1.46914e+11,-3.02563e+10
2.42867e+07,891260,4.42924e+06,-1.46838e+11,-3.06239e+10
2.4293e+07,891029,4.43147e+06,-1.46761e+11,-3.09913e+10
2.42994e+07,890794,4.4337e+06,-1.46683e+11,-3.13585e+10
2.43057e+07,890557,4.43593e+06,-1.46604e+11,-3.17255e+10
2.4312e+07,890318,4.43816e+06,-1.46524e+11,-3.20923e+10
2.43183e+07,890075,4.44039e+06,-1.46443e+11,-3.24589e+10
2.43246e+07,889830,4.44261e+06,-1.46362e+11,-3.28253e+10
2.43309e+07,889582,4.44484e+06,-1.46279e+11,-3.31915e+10
2.43372e+07,889331,4.44707e+06,-1.46195e+11,-3.35575e+10
2.43435e+07,889077,4.44929e+06,-1.46111e+11,-3.39233e+10
2.43498e+07,888821,4.45152e+06,-1.46026e+11,-3.42889e+10
2.43562e+07,888562,4.45374e+06,-1.45939e+11,-3.46542e+10
2.43625e+07,888300,4.45596e+06,-1.45852e+11,-3.50193e+10
2.43688e+07,888035,4.45819e+06,-1.45764e+11,-3.53843e+10
2.43751e+07,887768,4.46041e+06,-1.45675e+11,-3.5749e+10
2.43814e+07,887498,4.46263e+06,-1.45585e+11,-3.61134e+10
2.43877e+07,887225,4.46485e+06,-1.45494e+11,-3.64777e+10
2.4394e+07,886950,4.46707e+06,-1.45402e+11,-3.68417e+10
2.44003e+07,886672,4.46929e+06,-1.4531e+11,-3.72055e+10
2.44066e+07,886391,4.47151e+06,-1.45216e+11,-3.7569e+10
2.4413e+07,886107,4.47373e+06,-1.45122e+11,-3.79323e+10
2.44193e+07,885820,4.47595e+06,-1.45026e+11,-3.82954e+10
2.44256e+07,885531,4.47816e+06,-1.4493e+11,-3.86583e+10
2.44319e+07,885239,4.48038e+06,-1.44833e+11,-3.90209e+10
2.44382e+07,884945,4.48259e+06,-1.44735e+11,-3.93832e+10
2.44445e+07,884647,4.48481e+06,-1.44636e+11,-3.97453e+10
2.44508e+07,884347,4.48702e+06,-1.44536e+11,-4.01072e+10
2.44571e+07,884045,4.48923e+06,-1.44435e+11,-4.04688e+10
2.44635e+07,883739,4.49145e+06,-1.44333e+11,-4.08301e+10
2.44698e+07,883431,4.49366e+06,-1.4423e+11,-4.11912e+10
2.44761e+07,883120,4.49587e+06,-1.44127e+11,-4.15521e+10
2.44824e+07,882806,4.49808e+06,-1.44022e+11,-4.19127e+10
2.44887e+07,882490,4.50029e+06,-1.43917e+11,-4.2273e+10
2.4495e+07,882171,4.50249e+06,-1.43811e+11,-4.2633e+10
2.45013e+07,881849,4.5047e+06,-1.43704e+11,-4.29928e+10
2.45076e+07,881525,4.50691e+06,-1.43596e+11,-4.33523e+10
2.45139e+07,881198,4.50911e+06,-1.43487e+11,-4.37116e+10
2.45203e+07,880868,4.51132e+06,-1.43377e+11,-4.40705e+10
2.45266e+07,880535,4.51352e+06,-1.43266e+11,-4.44292e+10
2.45329e+07,880200,4.51573e+06,-1.43154e+11,-4.47876e+10
2.45392e+07,879862,4.51793e+06,-1.43042e+11,-4.51458e+10
2.45455e+07,879521,4.52013e+06,-1.42928e+11,-4.55036e+10
2.45518e+07,879178,4.52233e+06,-1.42814e+11,-4.58612e+10
2.45581e+07,878832,4.52453e+06,-1.42699e+11,-4.62185e+10
2.45644e+07,878483,4.52673e+06,-1.42583e+11,-4.65755e+10
2.45707e+07,878132,4.52893e+06,-1.42466e+11,-4.69322e+10
2.45771e+07,877778,4.53113e+06,-1.42348e+11,-4.72886e+10
2.45834e+07,877421,4.53332e+06,-1.42229e+11,-4.76447e+10
2.45897e+07,877062,4.53552e+06,-1.42109e+11,-4.80005e+10
2.4596e+07,876700,4.53771e+06,-1.41989e+11,-4.8356e+10
2.46023e+07,876335,4.53991e+06,-1.41867e+11,-4.87112e+10
2.46086e+07,875968,4.5421e+06,-1.41745e+11,-4.90661e+10
2.46149e+07,875598,4.54429e+06,-1.41622e+11,-4.94207e+10
2.46212e+07,875225,4.54648e+06,-1.41497e+11,-4.9775e+10
2.46276e+07,874850,4.54867e+06,-1.41372e+11,-5.01289e+10
2.46339e+07,874471,4.55086e+06,-1.41246e+11,-5.04826e+10
2.46402e+07,874091,4.55305e+06,-1.4112e+11,-5.08359e+10
2.46465e+07,873707,4.55524e+06,-1.40992e+11,-5.1189e+10
2.46528e+07,873321,4.55742e+06,-1.40863e+11,-5.15417e+10
2.46591e+07,872933,4.55961e+06,-1.40734e+11,-5.18941e+10
2.46654e+07,872541,4.56179e+06,-1.40604e+11,-5.22461e+10
2.46717e+07,872147,4.56397e+06,-1.40472e+11,-5.25978e+10
2.4678e+07,871751,4.56616e+06,-1.4034e+11,-5.29492e+10
2.46844e+07,871352,4.56834e+06,-1.40207e+11,-5.33003e+10
2.46907e+07,870950,4.57052e+06,-1.40074e+11,-5.3651e+10
2.4697e+07,870545,4.5727e+06,-1.39939e+11,-5.40014e+10
2.47033e+07,870138,4.57488e+06,-1.39803e+11,-5.43515e+10
2.47096e+07,869728,4.57705e+06,-1.39667e+11,-5.47012e+10
2.47159e+07,869316,4.57923e+06,-1.39529e+11,-5.50506e+10
2.47222e+07,868901,4.5814e+06,-1.39391e+11,-5.53996e+10
2.47285e+07,868483,4.58358e+06,-1.39252e+11,-5.57483e+10
2.47348e+07,868063,4.58575e+06,-1.39112e+11,-5.60966e+10
2.47412e+07,867640,4.58792e+06,-1.38971e+11,-5.64446e+10
2.47475e+07,867215,4.59009e+06,-1.3883e+11,-5.67922e+10
2.47538e+07,866787,4.59226e+06,-1.38687e+11,-5.71395e+10
2.47601e+07,866356,4.59443e+06,-1.38544e+11,-5.74864e+10
2.47664e+07,865923,4.5966e+06,-1.38399e+11,-5.7833e+10
2.47727e+07,865487,4.59877e+06,-1.38254e+11,-5.81792e+10
2.4779e+07,865048,4.60093e+06,-1.38108e+11,-5.8525e+10
2.47853e+07,864607,4.6031e+06,-1.37961e+11,-5.88705e+10
2.47917e+07,864163,4.60526e+06,-1.37813e+11,-5.92156e+10
2.4798e+07,863717,4.60742e+06,-1.37665e+11,-5.95603e+10
2.48043e+07,863268,4.60958e+06,-1.37515e+11,-5.99046e+10
2.48106e+07,862817,4.61174e+06,-1.37365e+11,-6.02486e+10
2.48169e+07,862363,4.6139e+06,-1.37214e+11,-6.05922e+10
2.48232e+07,861906,4.61606e+06,-1.37061e+11,-6.09354e+10
2.48295e+07,861447,4.61822e+06,-1.36908e+11,-6.12783e+10
2.48358e+07,860985,4.62037e+06,-1.36755e+11,-6.16207e+10
2.48421e+07,860521,4.62253e+06,-1.366e+11,-6.19628e+10
2.48485e+07,860054,4.62468e+06,-1.36445e+11,-6.23044e+10
2.48548e+07,859584,4.62683e+06,-1.36288e+11,-6.26457e+10
2.48611e+07,859112,4.62898e+06,-1.36131e+11,-6.29866e+10
2.48674e+07,858637,4.63113e+06,-1.35973e+11,-6.33271e+10
2.48737e+07,858160,4.63328e+06,-1.35814e+11,-6.36672e+10
2.488e+07,857681,4.63543e+06,-1.35654e+11,-6.40069e+10
2.48863e+07,857198,4.63757e+06,-1.35494e+11,-6.43462e+10
2.48926e+07,856713,4.63972e+06,-1.35332e+11,-6.46851e+10
2.48989e+07,856226,4.64186e+06,-1.3517e+11,-6.50236e+10
2.49053e+07,855736,4.644e+06,-1.35007e+11,-6.53617e+10
2.49116e+07,855244,4.64614e+06,-1.34843e+11,-6.56994e+10
2.49179e+07,854749,4.64828e+06,-1.34678e+11,-6.60367e+10
2.49242e+07,854251,4.65042e+06,-1.34512e+11,-6.63735e+10
2.49305e+07,853751,4.65256e+06,-1.34345e+11,-6.671e+10
2.49368e+07,853249,4.6547e+06,-1.34178e+11,-6.7046e+10
2.49431e+07,852743,4.65683e+06,-1.3401e+11,-6.73816e+10
2.49494e+07,852236,4.65896e+06,-1.33841e+11,-6.77168e+10
2.49558e+07,851726,4.6611e+06,-1.33671e+11,-6.80515e+10
2.49621e+07,851213,4.66323e+06,-1.335e+11,-6.83858e+10
2.49684e+07,850698,4.66536e+06,-1.33329e+11,-6.87197e+10
2.49747e+07,850180,4.66749e+06,-1.33156e+11,-6.90532e+10
2.4981e+07,849660,4.66961e+06,-1.32983e+11,-6.93862e+10
2.49873e+07,849137,4.67174e+06,-1.32809e+11,-6.97188e+10
2.49936e+07,848612,4.67386e+06,-1.32634e+11,-7.0051e+10
2.49999e+07,848084,4.67599e+06,-1.32458e+11,-7.03827e+10
2.50062e+07,847554,4.67811e+06,-1.32282e+11,-7.0714e+10
2.50126e+07,847022,4.68023e+06,-1.32104e+11,-7.10449e+10
2.50189e+07,846486,4.68235e+06,-1.31926e+11,-7.13753e+10
2.50252e+07,845949,4.68447e+06,-1.31747e+11,-7.17052e+10
2.50315e+07,845409,4.68658e+06,-1.31567e+11,-7.20347e+10
2.50378e+07,844866,4.6887e+06,-1.31386e+11,-7.23638e+10
2.50441e+07,844321,4.69081e+06,-1.31205e+11,-7.26923e+10
2.50504e+07,843774,4.69292e+06,-1.31022e+11,-7.30205e+10
2.50567e+07,843224,4.69503e+06,-1.30839e+11,-7.33482e+10
2.5063e+07,842671,4.69714e+06,-1.30655e+11,-7.36754e+10
2.50694e+07,842116,4.69925e+06,-1.3047e+11,-7.40022e+10
2.50757e+07,841559,4.70136e+06,-1.30285e+11,-7.43285e+10
2.5082e+07,840999,4.70346e+06,-1.30098e+11,-7.46543e+10
2.50883e+07,840437,4.70557e+06,-1.29911e+11,-7.49797e+10
2.50946e+07,839872,4.70767e+06,-1.29723e+11,-7.53046e+10
2.51009e+07,839305,4.70977e+06,-1.29534e+11,-7.5629e+10
2.51072e+07,838736,4.71187e+06,-1.29344e+11,-7.59529e+10
2.51135e+07,838164,4.71397e+06,-1.29154e+11,-7.62764e+10
2.51198e+07,837589,4.71607e+06,-1.28963e+11,-7.65994e+10
2.51262e+07,837012,4.71816e+06,-1.28771e+11,-7.69219e+10
2.51325e+07,836433,4.72026e+06,-1.28578e+11,-7.7244e+10
2.51388e+07,835851,4.72235e+06,-1.28384e+11,-7.75655e+10
2.51451e+07,835267,4.72444e+06,-1.28189e+11,-7.78866e+10
2.51514e+07,834681,4.72653e+06,-1.27994e+11,-7.82071e+10
2.51577e+07,834092,4.72862e+06,-1.27798e+11,-7.85272e+10
2.5164e+07,833501,4.73071e+06,-1.27601e+11,-7.88468e+10
2.51703e+07,832907,4.73279e+06,-1.27403e+11,-7.91659e+10
2.51767e+07,832311,4.73487e+06,-1.27205e+11,-7.94845e+10
2.5183e+07,831712,4.73696e+06,-1.27005e+11,-7.98026e+10
2.51893e+07,831111,4.73904e+06,-1.26805e+11,-8.01203e+10
2.51956e+07,830508,4.74112e+06,-1.26604e+11,-8.04374e+10
2.52019e+07,829902,4.74319e+06,-1.26403e+11,-8.0754e+10
2.52082e+07,829294,4.74527e+06,-1.262e+11,-8.10701e+10
2.52145e+07,828684,4.74735e+06,-1.25997e+11,-8.13857e+10
2.52208e+07,828071,4.74942e+06,-1.25793e+11,-8.17007e+10
2.52271e+07,827456,4.75149e+06,-1.25588e+11,-8.20153e+10
2.52335e+07,826838,4.75356e+06,-1.25382e+11,-8.23294e+10
2.52398e+07,826219,4.75563e+06,-1.25176e+11,-8.26429e+10
2.52461e+07,825596,4.7577e+06,-1.24968e+11,-8.29559e+10
2.52524e+07,824972,4.75976e+06,-1.2476e+11,-8.32684e+10
2.52587e+07,824345,4.76183e+06,-1.24552e+11,-8.35804e+10
2.5265e+07,823716,4.76389e+06,-1.24342e+11,-8.38918e+10
2.52713e+07,823084,4.76595e+06,-1.24132e+11,-8.42028e+10
2.52776e+07,822450,4.76801e+06,-1.2392e+11,-8.45132e+10
2.52839e+07,821814,4.77007e+06,-1.23709e+11,-8.48231e+10
2.52903e+07,821175,4.77212e+06,-1.23496e+11,-8.51324e+10
2.52966e+07,820534,4.77418e+06,-1.23282e+11,-8.54412e+10
2.53029e+07,819891,4.77623e+06,-1.23068e+11,-8.57495e+10
2.53092e+07,819245,4.77828e+06,-1.22853e+11,-8.60572e+10
2.53155e+07,818598,4.78033e+06,-1.22637e+11,-8.63644e+10
2.53218e+07,817947,4.78238e+06,-1.22421e+11,-8.66711e+10
2.53281e+07,817295,4.78442e+06,-1.22204e+11,-8.69772e+10
2.53344e+07,816640,4.78647e+06,-1.21986e+11,-8.72827e+10
2.53408e+07,815983,4.78851e+06,-1.21767e+11,-8.75878e+10
2.53471e+07,815324,4.79055e+06,-1.21547e+11,-8.78922e+10
2.53534e+07,814662,4.79259e+06,-1.21327e+11,-8.81962e+10
2.53597e+07,813998,4.79463e+06,-1.21106e+11,-8.84995e+10
2.5366e+07,813332,4.79667e+06,-1.20884e+11,-8.88024e+10
2.53723e+07,812664,4.7987e+06,-1.20661e+11,-8.91046e+10
2.53786e+07,811993,4.80073e+06,-1.20438e+11,-8.94063e+10
2.53849e+07,811320,4.80277e+06,-1.20214e+11,-8.97075e+10
2.53912e+07,810645,4.8048e+06,-1.19989e+11,-9.0008e+10
2.53976e+07,809967,4.80682e+06,-1.19763e+11,-9.0308e+10
2.54039e+07,809287,4.80885e+06,-1.19537e+11,-9.06075e+10
2.54102e+07,808605,4.81087e+06,-1.19309e+11,-9.09064e+10
2.54165e+07,807921,4.8129e+06,-1.19082e+11,-9.12047e+10
2.54228e+07,807235,4.81492e+06,-1.18853e+11,-9.15024e+10
2.54291e+07,806546,4.81694e+06,-1.18623e+11,-9.17996e+10
2.54354e+07,805855,4.81895e+06,-1.18393e+11,-9.20962e+10
2.54417e+07,805162,4.82097e+06,-1.18162e+11,-9.23922e+10
2.5448e+07,804466,4.82299e+06,-1.17931e+11,-9.26877e+10
2.54544e+07,803769,4.825e+06,-1.17699e+11,-9.29825e+10
2.54607e+07,803069,4.82701e+06,-1.17465e+11,-9.32768e+10
2.5467e+07,802367,4.82902e+06,-1.17232e+11,-9.35705e+10
2.54733e+07,801662,4.83102e+06,-1.16997e+11,-9.38636e+10
2.54796e+07,800956,4.83303e+06,-1.16762e+11,-9.41561e+10
2.54859e+07,800247,4.83503e+06,-1.16526e+11,-9.4448e+10
2.54922e+07,799536,4.83704e+06,-1.16289e+11,-9.47394e+10
2.54985e+07,798823,4.83904e+06,-1.16052e+11,-9.50301e+10
2.55049e+07,798108,4.84103e+06,-1.15813e+11,-9.53202e+10
2.55112e+07,797391,4.84303e+06,-1.15574e+11,-9.56098e+10
2.55175e+07,796671,4.84503e+06,-1.15335e+11,-9.58987e+10
2.55238e+07,795949,4.84702e+06,-1.15094e+11,-9.61871e+10
2.55301e+07,795226,4.84901e+06,-1.14853e+11,-9.64748e+10
2.55364e+07,794499,4.851e+06,-1.14611e+11,-9.6762e+10
2.55427e+07,793771,4.85299e+06,-1.14369e+11,-9.70485e+10
2.5549e+07,793041,4.85497e+06,-1.14126e+11,-9.73345e+10
2.55553e+07,792308,4.85696e+06,-1.13882e+11,-9.76198e+10
2.55617e+07,791574,4.85894e+06,-1.13637e+11,-9.79045e+10
2.5568e+07,790837,4.86092e+06,-1.13392e+11,-9.81886e+10
2.55743e+07,790098,4.8629e+06,-1.13145e+11,-9.84721e+10
2.55806e+07,789357,4.86487e+06,-1.12899e+11,-9.87549e+10
2.55869e+07,788614,4.86685e+06,-1.12651e+11,-9.90372e+10
2.55932e+07,787868,4.86882e+06,-1.12403e+11,-9.93188e+10
2.55995e+07,787121,4.87079e+06,-1.12154e+11,-9.95998e+10
2.56058e+07,786371,4.87276e+06,-1.11904e+11,-9.98802e+10
2.56121e+07,785620,4.87473e+06,-1.11654e+11,-1.0016e+11
2.56185e+07,784866,4.87669e+06,-1.11403e+11,-1.00439e+11
2.56248e+07,784110,4.87866e+06,-1.11151e+11,-1.00718e+11
2.56311e+07,783352,4.88062e+06,-1.10899e+11,-1.00995e+11
2.56374e+07,782592,4.88258e+06,-1.10646e+11,-1.01273e+11
2.56437e+07,781830,4.88453e+06,-1.10392e+11,-1.01549e+11
2.565e+07,781066,4.88649e+06,-1.10137e+11,-1.01825e+11
2.56563e+07,780300,4.88844e+06,-1.09882e+11,-1.02101e+11
2.56626e+07,779532,4.8904e+06,-1.09626e+11,-1.02375e+11
2.5669e+07,778761,4.89235e+06,-1.0937e+11,-1.02649e+11
2.56753e+07,777989,4.89429e+06,-1.09112e+11,-1.02923e+11
2.56816e+07,777214,4.89624e+06,-1.08855e+11,-1.03195e+11
2.56879e+07,776438,4.89818e+06,-1.08596e+11,-1.03468e+11
2.56942e+07,775659,4.90013e+06,-1.08337e+11,-1.03739e+11
2.57005e+07,774879,4.90207e+06,-1.08077e+11,-1.0401e+11
2.57068e+07,774096,4.904e+06,-1.07816e+11,-1.0428e+11
2.57131e+07,773311,4.90594e+06,-1.07555e+11,-1.04549e+11
2.57194e+07,772525,4.90788e+06,-1.07293e+11,-1.04818e+11
2.57258e+07,771736,4.90981e+06,-1.0703e+11,-1.05086e+11
2.57321e+07,770945,4.91174e+06,-1.06767e+11,-1.05354e+11
2.57384e+07,770153,4.91367e+06,-1.06503e+11,-1.05621e+11
2.57447e+07,769358,4.91559e+06,-1.06238e+11,-1.05887e+11
2.5751e+07,768561,4.91752e+06,-1.05973e+11,-1.06153e+11
2.57573e+07,767763,4.91944e+06,-1.05707e+11,-1.06418e+11
2.57636e+07,766962,4.92136e+06,-1.0544e+11,-1.06682e+11
2.57699e+07,766159,4.92328e+06,-1.05173e+11,-1.06945e+11
2.57762e+07,765355,4.9252e+06,-1.04905e+11,-1.07208e+11
2.57826e+07,764548,4.92711e+06,-1.04636e+11,-1.0747e+11
2.57889e+07,763739,4.92902e+06,-1.04367e+11,-1.07732e+11
2.57952e+07,762929,4.93093e+06,-1.04097e+11,-1.07993e+11
2.58015e+07,762116,4.93284e+06,-1.03826e+11,-1.08253e+11
2.58078e+07,761302,4.93475e+06,-1.03555e+11,-1.08513e+11
2.58141e+07,760485,4.93665e+06,-1.03283e+11,-1.08771e+11
2.58204e+07,759667,4.93855e+06,-1.0301e+11,-1.0903e+11
2.58267e+07,758847,4.94045e+06,-1.02737e+11,-1.09287e+11
2.58331e+07,758024,4.94235e+06,-1.02463e+11,-1.09544e+11
2.58394e+07,757200,4.94425e+06,-1.02189e+11,-1.098e+11
2.58457e+07,756374,4.94614e+06,-1.01914e+11,-1.10055e+11
2.5852e+07,755546,4.94803e+06,-1.01638e+11,-1.1031e+11
2.58583e+07,754716,4.94992e+06,-1.01361e+11,-1.10564e+11
2.58646e+07,753885,4.95181e+06,-1.01084e+11,-1.10817e+11
2.58709e+07,753051,4.9537e+06,-1.00807e+11,-1.1107e+11
2.58772e+07,752215,4.95558e+06,-1.00528e+11,-1.11322e+11
2.58835e+07,751378,4.95746e+06,-1.0025e+11,-1.11573e+11
2.58899e+07,750538,4.95934e+06,-9.997e+10,-1.11824e+11
2.58962e+07,749697,4.96122e+06,-9.96898e+10,-1.12074e+11
2.59025e+07,748854,4.96309e+06,-9.9409e+10,-1.12323e+11
2.59088e+07,748009,4.96497e+06,-9.91275e+10,-1.12571e+11
2.59151e+07,747162,4.96684e+06,-9.88455e+10,-1.12819e+11
2.59214e+07,746313,4.96871e+06,-9.85628e+10,-1.13066e+11
2.59277e+07,745463,4.97057e+06,-9.82795e+10,-1.13312e+11
2.5934e+07,744610,4.97244e+06,-9.79956e+10,-1.13558e+11
2.59403e+07,743756,4.9743e+06,-9.77111e+10,-1.13803e+11
2.59467e+07,742900,4.97616e+06,-9.7426e+10,-1.14047e+11
2.5953e+07,742042,4.97802e+06,-9.71402e+10,-1.1429e+11
2.59593e+07,741182,4.97988e+06,-9.68539e+10,-1.14533e+11
2.59656e+07,740321,4.98173e+06,-9.65669e+10,-1.14775e+11
2.59719e+07,739457,4.98358e+06,-9.62793e+10,-1.15016e+11
2.59782e+07,738592,4.98543e+06,-9.59912e+10,-1.15257e+11
2.59845e+07,737725,4.98728e+06,-9.57024e+10,-1.15497e+11
2.59908e+07,736856,4.98912e+06,-9.5413e+10,-1.15736e+11
2.59972e+07,735985,4.99097e+06,-9.51231e+10,-1.15975e+11
2.60035e+07,735113,4.99281e+06,-9.48325e+10,-1.16212e+11
2.60098e+07,734239,4.99465e+06,-9.45414e+10,-1.16449e+11
2.60161e+07,733363,4.99648e+06,-9.42496e+10,-1.16685e+11
2.60224e+07,732485,4.99832e+06,-9.39573e+10,-1.16921e+11
2.60287e+07,731606,5.00015e+06,-9.36644e+10,-1.17156e+11
2.6035e+07,730724,5.00198e+06,-9.33708e+10,-1.1739e+11
2.60413e+07,729841,5.00381e+06,-9.30768e+10,-1.17623e+11
2.60476e+07,728957,5.00563e+06,-9.27821e+10,-1.17856e+11
2.6054e+07,728070,5.00746e+06,-9.24868e+10,-1.18088e+11
2.60603e+07,727182,5.00928e+06,-9.2191e+10,-1.18319e+11
2.60666e+07,726292,5.0111e+06,-9.18946e+10,-1.18549e+11
2.60729e+07,725400,5.01291e+06,-9.15976e+10,-1.18779e+11
2.60792e+07,724507,5.01473e+06,-9.13e+10,-1.19008e+11
2.60855e+07,723611,5.01654e+06,-9.10019e+10,-1.19236e+11
2.60918e+07,722715,5.01835e+06,-9.07031e+10,-1.19463e+11
2.60981e+07,721816,5.02016e+06,-9.04039e+10,-1.1969e+11
2.61044e+07,720916,5.02196e+06,-9.0104e+10,-1.19916e+11
2.61108e+07,720014,5.02376e+06,-8.98036e+10,-1.20141e+11
2.61171e+07,719110,5.02557e+06,-8.95027e+10,-1.20365e+11
2.61234e+07,718205,5.02736e+06,-8.92011e+10,-1.20589e+11
2.61297e+07,717298,5.02916e+06,-8.8899e+10,-1.20812e+11
2.6136e+07,716389,5.03095e+06,-8.85964e+10,-1.21034e+11
2.61423e+07,715479,5.03275e+06,-8.82932e+10,-1.21255e+11
2.61486e+07,714567,5.03454e+06,-8.79894e+10,-1.21476e+11
2.61549e+07,713653,5.03632e+06,-8.76851e+10,-1.21695e+11
2.61613e+07,712738,5.03811e+06,-8.73803e+10,-1.21914e+11
2.61676e+07,711821,5.03989e+06,-8.70749e+10,-1.22133e+11
2.61739e+07,710902,5.04167e+06,-8.67689e+10,-1.2235e+11
2.61802e+07,709982,5.04345e+06,-8.64624e+10,-1.22567e+11
2.61865e+07,709060,5.04522e+06,-8.61554e+10,-1.22783e+11
2.61928e+07,708136,5.047e+06,-8.58478e+10,-1.22998e+11
2.61991e+07,707211,5.04877e+06,-8.55397e+10,-1.23213e+11
2.62054e+07,706285,5.05054e+06,-8.52311e+10,-1.23427e+11
2.62117e+07,705356,5.0523e+06,-8.49219e+10,-1.23639e+11
2.62181e+07,704426,5.05407e+06,-8.46122e+10,-1.23852e+11
2.62244e+07,703495,5.05583e+06,-8.43019e+10,-1.24063e+11
2.62307e+07,702562,5.05759e+06,-8.39912e+10,-1.24274e+11
2.6237e+07,701627,5.05935e+06,-8.36799e+10,-1.24483e+11
2.62433e+07,700691,5.0611e+06,-8.33681e+10,-1.24692e+11
2.62496e+07,699753,5.06285e+06,-8.30557e+10,-1.24901e+11
2.62559e+07,698814,5.0646e+06,-8.27429e+10,-1.25108e+11
2.62622e+07,697873,5.06635e+06,-8.24295e+10,-1.25315e+11
2.62685e+07,696930,5.0681e+06,-8.21156e+10,-1.25521e+11
2.62749e+07,695986,5.06984e+06,-8.18012e+10,-1.25726e+11
2.62812e+07,695041,5.07158e+06,-8.14862e+10,-1.2593e+11
2.62875e+07,694094,5.07332e+06,-8.11708e+10,-1.26134e+11
2.62938e+07,693145,5.07505e+06,-8.08549e+10,-1.26336e+11
2.63001e+07,692195,5.07679e+06,-8.05384e+10,-1.26538e+11
2.63064e+07,691243,5.07852e+06,-8.02215e+10,-1.2674e+11
2.63127e+07,690290,5.08025e+06,-7.9904e+10,-1.2694e+11
2.6319e+07,689335,5.08197e+06,-7.95861e+10,-1.2714e+11
2.63253e+07,688379,5.0837e+06,-7.92676e+10,-1.27338e+11
2.63317e+07,687422,5.08542e+06,-7.89487e+10,-1.27536e+11
2.6338e+07,686462,5.08714e+06,-7.86292e+10,-1.27734e+11
2.63443e+07,685502,5.08886e+06,-7.83093e+10,-1.2793e+11
2.63506e+07,684540,5.09057e+06,-7.79888e+10,-1.28125e+11
2.63569e+07,683576,5.09228e+06,-7.76679e+10,-1.2832e+11
2.63632e+07,682611,5.09399e+06,-7.73465e+10,-1.28514e+11
2.63695e+07,681645,5.0957e+06,-7.70246e+10,-1.28707e+11
2.63758e+07,680677,5.0974e+06,-7.67023e+10,-1.289e+11
2.63822e+07,679707,5.09911e+06,-7.63794e+10,-1.29091e+11
2.63885e+07,678737,5.10081e+06,-7.60561e+10,-1.29282e+11
2.63948e+07,677764,5.1025e+06,-7.57323e+10,-1.29472e+11
2.64011e+07,676791,5.1042e+06,-7.5408e+10,-1.29661e+11
2.64074e+07,675816,5.10589e+06,-7.50833e+10,-1.29849e+11
2.64137e+07,674839,5.10758e+06,-7.4758e+10,-1.30037e+11
2.642e+07,673861,5.10927e+06,-7.44323e+10,-1.30224e+11
2.64263e+07,672882,5.11095e+06,-7.41062e+10,-1.3041e+11
2.64326e+07,671901,5.11264e+06,-7.37796e+10,-1.30595e+11
2.6439e+07,670919,5.11432e+06,-7.34525e+10,-1.30779e+11
2.64453e+07,669936,5.116e+06,-7.31249e+10,-1.30962e+11
2.64516e+07,668951,5.11767e+06,-7.27969e+10,-1.31145e+11
2.64579e+07,667965,5.11934e+06,-7.24685e+10,-1.31327e+11
2.64642e+07,666977,5.12101e+06,-7.21396e+10,-1.31508e+11
2.64705e+07,665988,5.12268e+06,-7.18102e+10,-1.31688e+11
2.64768e+07,664998,5.12435e+06,-7.14804e+10,-1.31867e+11
2.64831e+07,664006,5.12601e+06,-7.11501e+10,-1.32046e+11
2.64894e+07,663013,5.12767e+06,-7.08194e+10,-1.32223e+11
2.64958e+07,662019,5.12933e+06,-7.04883e+10,-1.324e+11
2.65021e+07,661023,5.13099e+06,-7.01567e+10,-1.32576e+11
2.65084e+07,660027,5.13264e+06,-6.98247e+10,-1.32751e+11
2.65147e+07,659028,5.13429e+06,-6.94922e+10,-1.32926e+11
2.6521e+07,658029,5.13594e+06,-6.91593e+10,-1.33099e+11
2.65273e+07,657028,5.13758e+06,-6.88259e+10,-1.33272e+11
2.65336e+07,656026,5.13923e+06,-6.84922e+10,-1.33444e+11
2.65399e+07,655022,5.14087e+06,-6.8158e+10,-1.33615e+11
2.65463e+07,654018,5.1425e+06,-6.78234e+10,-1.33785e+11
2.65526e+07,653012,5.14414e+06,-6.74883e+10,-1.33954e+11
2.65589e+07,652004,5.14577e+06,-6.71528e+10,-1.34123e+11
2.65652e+07,650996,5.1474e+06,-6.6817e+10,-1.3429e+11
2.65715e+07,649986,5.14903e+06,-6.64806e+10,-1.34457e+11
2.65778e+07,648975,5.15066e+06,-6.61439e+10,-1.34623e+11
2.65841e+07,647963,5.15228e+06,-6.58068e+10,-1.34788e+11
2.65904e+07,646949,5.1539e+06,-6.54692e+10,-1.34952e+11
2.65967e+07,645935,5.15552e+06,-6.51313e+10,-1.35116e+11
2.66031e+07,644919,5.15713e+06,-6.47929e+10,-1.35278e+11
2.66094e+07,643901,5.15875e+06,-6.44541e+10,-1.3544e+11
2.66157e+07,642883,5.16036e+06,-6.41149e+10,-1.35601e+11
2.6622e+07,641863,5.16196e+06,-6.37753e+10,-1.35761e+11
2.66283e+07,640843,5.16357e+06,-6.34354e+10,-1.3592e+11
2.66346e+07,639821,5.16517e+06,-6.3095e+10,-1.36079e+11
2.66409e+07,638797,5.16677e+06,-6.27542e+10,-1.36236e+11
2.66472e+07,637773,5.16837e+06,-6.2413e+10,-1.36393e+11
2.66535e+07,636748,5.16996e+06,-6.20715e+10,-1.36548e+11
2.66599e+07,635721,5.17156e+06,-6.17295e+10,-1.36703e+11
2.66662e+07,634693,5.17315e+06,-6.13872e+10,-1.36857e+11
2.66725e+07,633664,5.17473e+06,-6.10445e+10,-1.37011e+11
2.66788e+07,632634,5.17632e+06,-6.07014e+10,-1.37163e+11
2.66851e+07,631603,5.1779e+06,-6.03579e+10,-1.37314e+11
2.66914e+07,630570,5.17948e+06,-6.0014e+10,-1.37465e+11
2.66977e+07,629537,5.18106e+06,-5.96698e+10,-1.37615e+11
2.6704e+07,628502,5.18263e+06,-5.93252e+10,-1.37764e+11
2.67104e+07,627466,5.1842e+06,-5.89802e+10,-1.37912e+11
2.67167e+07,626429,5.18577e+06,-5.86349e+10,-1.38059e+11
2.6723e+07,625391,5.18734e+06,-5.82892e+10,-1.38205e+11
2.67293e+07,624352,5.1889e+06,-5.79431e+10,-1.38351e+11
2.67356e+07,623312,5.19046e+06,-5.75966e+10,-1.38495e+11
2.67419e+07,622270,5.19202e+06,-5.72498e+10,-1.38639e+11
2.67482e+07,621228,5.19358e+06,-5.69027e+10,-1.38782e+11
2.67545e+07,620185,5.19513e+06,-5.65551e+10,-1.38924e+11
2.67608e+07,619140,5.19668e+06,-5.62073e+10,-1.39065e+11
2.67672e+07,618095,5.19823e+06,-5.5859e+10,-1.39205e+11
2.67735e+07,617048,5.19978e+06,-5.55105e+10,-1.39345e+11
2.67798e+07,616000,5.20132e+06,-5.51615e+10,-1.39483e+11
2.67861e+07,614952,5.20286e+06,-5.48123e+10,-1.39621e+11
2.67924e+07,613902,5.2044e+06,-5.44627e+10,-1.39757e+11
2.67987e+07,612851,5.20593e+06,-5.41127e+10,-1.39893e+11
2.6805e+07,611799,5.20746e+06,-5.37624e+10,-1.40028e+11
2.68113e+07,610747,5.20899e+06,-5.34118e+10,-1.40162e+11
2.68176e+07,609693,5.21052e+06,-5.30608e+10,-1.40296e+11
2.6824e+07,608638,5.21205e+06,-5.27095e+10,-1.40428e+11
2.68303e+07,607582,5.21357e+06,-5.23579e+10,-1.40559e+11
2.68366e+07,606526,5.21509e+06,-5.20059e+10,-1.4069e+11
2.68429e+07,605468,5.2166e+06,-5.16537e+10,-1.4082e+11
2.68492e+07,604409,5.21812e+06,-5.13011e+10,-1.40949e+11
2.68555e+07,603350,5.21963e+06,-5.09481e+10,-1.41077e+11
2.68618e+07,602289,5.22114e+06,-5.05949e+10,-1.41204e+11
2.68681e+07,601227,5.22264e+06,-5.02413e+10,-1.4133e+11
2.68745e+07,600165,5.22415e+06,-4.98874e+10,-1.41455e+11
2.68808e+07,599101,5.22565e+06,-4.95333e+10,-1.41579e+11
2.68871e+07,598037,5.22715e+06,-4.91788e+10,-1.41703e+11
2.68934e+07,596972,5.22864e+06,-4.8824e+10,-1.41826e+11
2.68997e+07,595905,5.23013e+06,-4.84688e+10,-1.41947e+11
2.6906e+07,594838,5.23162e+06,-4.81134e+10,-1.42068e+11
2.69123e+07,593770,5.23311e+06,-4.77577e+10,-1.42188e+11
2.69186e+07,592701,5.2346e+06,-4.74017e+10,-1.42307e+11
2.69249e+07,591631,5.23608e+06,-4.70454e+10,-1.42425e+11
2.69313e+07,590561,5.23756e+06,-4.66888e+10,-1.42543e+11
2.69376e+07,589489,5.23903e+06,-4.63319e+10,-1.42659e+11
2.69439e+07,588417,5.24051e+06,-4.59747e+10,-1.42775e+11
2.69502e+07,587343,5.24198e+06,-4.56172e+10,-1.42889e+11
2.69565e+07,586269,5.24345e+06,-4.52594e+10,-1.43003e+11
2.69628e+07,585194,5.24491e+06,-4.49014e+10,-1.43116e+11
2.69691e+07,584118,5.24638e+06,-4.45431e+10,-1.43228e+11
2.69754e+07,583041,5.24784e+06,-4.41844e+10,-1.43339e+11
2.69817e+07,581964,5.2493e+06,-4.38256e+10,-1.43449e+11
2.69881e+07,580886,5.25075e+06,-4.34664e+10,-1.43558e+11
2.69944e+07,579806,5.2522e+06,-4.3107e+10,-1.43667e+11
2.70007e+07,578726,5.25365e+06,-4.27473e+10,-1.43774e+11
2.7007e+07,577646,5.2551e+06,-4.23873e+10,-1.4388e+11
2.70133e+07,576564,5.25654e+06,-4.20271e+10,-1.43986e+11
2.70196e+07,575482,5.25799e+06,-4.16666e+10,-1.44091e+11
2.70259e+07,574398,5.25942e+06,-4.13058e+10,-1.44195e+11
2.70322e+07,573314,5.26086e+06,-4.09448e+10,-1.44298e+11
2.70386e+07,572230,5.26229e+06,-4.05835e+10,-1.444e+11
2.70449e+07,571144,5.26372e+06,-4.0222e+10,-1.44501e+11
2.70512e+07,570058,5.26515e+06,-3.98602e+10,-1.44601e+11
2.70575e+07,568971,5.26658e+06,-3.94982e+10,-1.447e+11
2.70638e+07,567883,5.268e+06,-3.91359e+10,-1.44799e+11
2.70701e+07,566795,5.26942e+06,-3.87734e+10,-1.44896e+11
2.70764e+07,565705,5.27084e+06,-3.84106e+10,-1.44993e+11
2.70827e+07,564616,5.27225e+06,-3.80476e+10,-1.45088e+11
2.7089e+07,563525,5.27366e+06,-3.76844e+10,-1.45183e+11
2.70954e+07,562434,5.27507e+06,-3.73209e+10,-1.45277e+11
2.71017e+07,561341,5.27648e+06,-3.69572e+10,-1.4537e+11
2.7108e+07,560249,5.27788e+06,-3.65932e+10,-1.45462e+11
2.71143e+07,559155,5.27928e+06,-3.6229e+10,-1.45553e+11
2.71206e+07,558061,5.28068e+06,-3.58646e+10,-1.45643e+11
2.71269e+07,556966,5.28208e+06,-3.55e+10,-1.45733e+11
2.71332e+07,555871,5.28347e+06,-3.51352e+10,-1.45821e+11
2.71395e+07,554775,5.28486e+06,-3.47701e+10,-1.45909e+11
2.71458e+07,553678,5.28625e+06,-3.44048e+10,-1.45995e+11
2.71522e+07,552581,5.28763e+06,-3.40393e+10,-1.46081e+11
2.71585e+07,551482,5.28901e+06,-3.36736e+10,-1.46166e+11
2.71648e+07,550384,5.29039e+06,-3.33077e+10,-1.46249e+11
2.71711e+07,549284,5.29177e+06,-3.29415e+10,-1.46332e+11
2.71774e+07,548184,5.29314e+06,-3.25752e+10,-1.46414e+11
2.71837e+07,547084,5.29451e+06,-3.22086e+10,-1.46495e+11
2.719e+07,545983,5.29588e+06,-3.18419e+10,-1.46575e+11
2.71963e+07,544881,5.29724e+06,-3.14749e+10,-1.46655e+11
2.72027e+07,543779,5.29861e+06,-3.11078e+10,-1.46733e+11
2.7209e+07,542676,5.29997e+06,-3.07405e+10,-1.4681e+11
2.72153e+07,541572,5.30132e+06,-3.03729e+10,-1.46887e+11
2.72216e+07,540468,5.30268e+06,-3.00052e+10,-1.46962e+11
2.72279e+07,539363,5.30403e+06,-2.96373e+10,-1.47037e+11
2.72342e+07,538258,5.30538e+06,-2.92692e+10,-1.47111e+11
2.72405e+07,537152,5.30672e+06,-2.89009e+10,-1.47184e+11
2.72468e+07,536046,5.30806e+06,-2.85325e+10,-1.47255e+11
2.72531e+07,534939,5.3094e+06,-2.81638e+10,-1.47326e+11
2.72595e+07,533832,5.31074e+06,-2.7795e+10,-1.47396e+11
2.72658e+07,532724,5.31208e+06,-2.7426e+10,-1.47465e+11
2.72721e+07,531616,5.31341e+06,-2.70569e+10,-1.47534e+11
2.72784e+07,530507,5.31474e+06,-2.66875e+10,-1.47601e+11
2.72847e+07,529397,5.31606e+06,-2.6318e+10,-1.47667e+11
2.7291e+07,528287,5.31739e+06,-2.59484e+10,-1.47733e+11
2.72973e+07,527177,5.31871e+06,-2.55785e+10,-1.47797e+11
2.73036e+07,526066,5.32003e+06,-2.52086e+10,-1.47861e+11
2.73099e+07,524955,5.32134e+06,-2.48384e+10,-1.47923e+11
2.73163e+07,523843,5.32265e+06,-2.44681e+10,-1.47985e+11
2.73226e+07,522731,5.32396e+06,-2.40977e+10,-1.48046e+11
2.73289e+07,521618,5.32527e+06,-2.37271e+10,-1.48106e+11
2.73352e+07,520505,5.32657e+06,-2.33563e+10,-1.48165e+11
2.73415e+07,519391,5.32788e+06,-2.29854e+10,-1.48223e+11
2.73478e+07,518277,5.32917e+06,-2.26144e+10,-1.4828e+11
2.73541e+07,517163,5.33047e+06,-2.22432e+10,-1.48336e+11
2.73604e+07,516048,5.33176e+06,-2.18719e+10,-1.48391e+11
2.73668e+07,514932,5.33305e+06,-2.15004e+10,-1.48445e+11
2.73731e+07,513817,5.33434e+06,-2.11288e+10,-1.48499e+11
2.73794e+07,512701,5.33562e+06,-2.07571e+10,-1.48551e+11
2.73857e+07,511584,5.33691e+06,-2.03852e+10,-1.48602e+11
2.7392e+07,510467,5.33819e+06,-2.00132e+10,-1.48653e+11
2.73983e+07,509350,5.33946e+06,-1.96411e+10,-1.48703e+11
2.74046e+07,508232,5.34074e+06,-1.92689e+10,-1.48751e+11
2.74109e+07,507114,5.34201e+06,-1.88965e+10,-1.48799e+11
2.74172e+07,505996,5.34327e+06,-1.85241e+10,-1.48846e+11
2.74236e+07,504877,5.34454e+06,-1.81515e+10,-1.48892e+11
2.74299e+07,503758,5.3458e+06,-1.77788e+10,-1.48937e+11
2.74362e+07,502639,5.34706e+06,-1.7406e+10,-1.48981e+11
2.74425e+07,501519,5.34832e+06,-1.70331e+10,-1.49024e+11
2.74488e+07,500399,5.34957e+06,-1.666e+10,-1.49066e+11
2.74551e+07,499279,5.35082e+06,-1.62869e+10,-1.49107e+11
2.74614e+07,498158,5.35207e+06,-1.59137e+10,-1.49148e+11
2.74677e+07,497037,5.35331e+06,-1.55403e+10,-1.49187e+11
2.7474e+07,495916,5.35456e+06,-1.51669e+10,-1.49225e+11
2.74804e+07,494794,5.3558e+06,-1.47934e+10,-1.49263e+11
2.74867e+07,493673,5.35703e+06,-1.44197e+10,-1.49299e+11
2.7493e+07,492550,5.35827e+06,-1.4046e+10,-1.49335e+11
2.74993e+07,491428,5.3595e+06,-1.36722e+10,-1.4937e+11
2.75056e+07,490306,5.36073e+06,-1.32984e+10,-1.49403e+11
2.75119e+07,489183,5.36195e+06,-1.29244e+10,-1.49436e+11
2.75182e+07,488060,5.36318e+06,-1.25503e+10,-1.49468e+11
2.75245e+07,486936,5.3644e+06,-1.21762e+10,-1.49499e+11
2.75309e+07,485813,5.36561e+06,-1.1802e+10,-1.49529e+11
2.75372e+07,484689,5.36683e+06,-1.14277e+10,-1.49558e+11
2.75435e+07,483565,5.36804e+06,-1.10534e+10,-1.49586e+11
2.75498e+07,482441,5.36925e+06,-1.0679e+10,-1.49614e+11
2.75561e+07,481316,5.37045e+06,-1.03045e+10,-1.4964e+11
2.75624e+07,480192,5.37166e+06,-9.92994e+09,-1.49665e+11
2.75687e+07,479067,5.37286e+06,-9.55533e+09,-1.49689e+11
2.7575e+07,477942,5.37406e+06,-9.18066e+09,-1.49713e+11
2.75813e+07,476817,5.37525e+06,-8.80593e+09,-1.49735e+11
2.75877e+07,475692,5.37644e+06,-8.43114e+09,-1.49757e+11
2.7594e+07,474566,5.37763e+06,-8.05631e+09,-1.49778e+11
2.76003e+07,473441,5.37882e+06,-7.68142e+09,-1.49797e+11
2.76066e+07,472315,5.38e+06,-7.30649e+09,-1.49816e+11
2.76129e+07,471189,5.38118e+06,-6.93151e+09,-1.49834e+11
2.76192e+07,470063,5.38236e+06,-6.55648e+09,-1.49851e+11
2.76255e+07,468937,5.38353e+06,-6.18142e+09,-1.49867e+11
2.76318e+07,467811,5.38471e+06,-5.80631e+09,-1.49882e+11
2.76381e+07,466684,5.38588e+06,-5.43117e+09,-1.49896e+11
2.76445e+07,465558,5.38704e+06,-5.056e+09,-1.49909e+11
2.76508e+07,464431,5.38821e+06,-4.68079e+09,-1.49921e+11
2.76571e+07,463305,5.38937e+06,-4.30556e+09,-1.49932e+11
2.76634e+07,462178,5.39053e+06,-3.9303e+09,-1.49943e+11
2.76697e+07,461051,5.39168e+06,-3.55501e+09,-1.49952e+11
2.7676e+07,459924,5.39283e+06,-3.1797e+09,-1.4996e+11
2.76823e+07,458797,5.39398e+06,-2.80437e+09,-1.49968e+11
2.76886e+07,457670,5.39513e+06,-2.42902e+09,-1.49975e+11
2.76949e+07,456543,5.39627e+06,-2.05366e+09,-1.4998e+11
2.77013e+07,455416,5.39741e+06,-1.67829e+09,-1.49985e+11
2.77076e+07,454289,5.39855e+06,-1.3029e+09,-1.49989e+11
2.77139e+07,453162,5.39969e+06,-9.2751e+08,-1.49991e+11
2.77202e+07,452035,5.40082e+06,-5.52111e+08,-1.49993e+11
2.77265e+07,450908,5.40195e+06,-1.76708e+08,-1.49994e+11
2.77328e+07,449780,5.40308e+06,1.98695e+08,-1.49994e+11
2.77391e+07,448653,5.4042e+06,5.74098e+08,-1.49993e+11
2.77454e+07,447526,5.40532e+06,9.49497e+08,-1.49991e+11
2.77518e+07,446399,5.40644e+06,1.32489e+09,-1.49988e+11
2.77581e+07,445272,5.40756e+06,1.70027e+09,-1.49985e+11
2.77644e+07,444145,5.40867e+06,2.07565e+09,-1.4998e+11
2.77707e+07,443018,5.40978e+06,2.45101e+09,-1.49974e+11
2.7777e+07,441891,5.41089e+06,2.82635e+09,-1.49968e+11
2.77833e+07,440764,5.41199e+06,3.20168e+09,-1.4996e+11
2.77896e+07,439637,5.4131e+06,3.57699e+09,-1.49952e+11
2.77959e+07,438510,5.41419e+06,3.95228e+09,-1.49942e+11
2.78022e+07,437384,5.41529e+06,4.32754e+09,-1.49932e+11
2.78086e+07,436257,5.41638e+06,4.70277e+09,-1.4992e+11
2.78149e+07,435130,5.41747e+06,5.07797e+09,-1.49908e+11
2.78212e+07,434004,5.41856e+06,5.45315e+09,-1.49895e+11
2.78275e+07,432878,5.41965e+06,5.82828e+09,-1.49881e+11
2.78338e+07,431751,5.42073e+06,6.20339e+09,-1.49866e+11
2.78401e+07,430625,5.42181e+06,6.57845e+09,-1.4985e+11
2.78464e+07,429499,5.42288e+06,6.95347e+09,-1.49833e+11
2.78527e+07,428373,5.42396e+06,7.32845e+09,-1.49815e+11
2.7859e+07,427248,5.42503e+06,7.70338e+09,-1.49796e+11
2.78654e+07,426122,5.4261e+06,8.07826e+09,-1.49777e+11
2.78717e+07,424997,5.42716e+06,8.4531e+09,-1.49756e+11
2.7878e+07,423871,5.42822e+06,8.82788e+09,-1.49734e+11
2.78843e+07,422746,5.42928e+06,9.2026e+09,-1.49712e+11
2.78906e+07,421621,5.43034e+06,9.57727e+09,-1.49688e+11
2.78969e+07,420496,5.43139e+06,9.95188e+09,-1.49664e+11
2.79032e+07,419372,5.43244e+06,1.03264e+10,-1.49638e+11
2.79095e+07,418247,5.43349e+06,1.07009e+10,-1.49612e+11
2.79159e+07,417123,5.43454e+06,1.10753e+10,-1.49585e+11
2.79222e+07,415999,5.43558e+06,1.14497e+10,-1.49557e+11
2.79285e+07,414876,5.43662e+06,1.18239e+10,-1.49527e+11
2.79348e+07,413752,5.43766e+06,1.21981e+10,-1.49497e+11
2.79411e+07,412629,5.43869e+06,1.25723e+10,-1.49466e+11
2.79474e+07,411506,5.43972e+06,1.29463e+10,-1.49434e+11
2.79537e+07,410383,5.44075e+06,1.33203e+10,-1.49402e+11
2.796e+07,409260,5.44178e+06,1.36941e+10,-1.49368e+11
2.79663e+07,408138,5.4428e+06,1.40679e+10,-1.49333e+11
2.79727e+07,407016,5.44382e+06,1.44416e+10,-1.49297e+11
2.7979e+07,405894,5.44484e+06,1.48152e+10,-1.49261e+11
2.79853e+07,404773,5.44585e+06,1.51888e+10,-1.49223e+11
2.79916e+07,403651,5.44686e+06,1.55622e+10,-1.49185e+11
2.79979e+07,402530,5.44787e+06,1.59355e+10,-1.49145e+11
2.80042e+07,401410,5.44888e+06,1.63088e+10,-1.49105e+11
2.80105e+07,400289,5.44988e+06,1.66819e+10,-1.49064e+11
2.80168e+07,399169,5.45088e+06,1.70549e+10,-1.49022e+11
2.80231e+07,398050,5.45188e+06,1.74278e+10,-1.48978e+11
2.80295e+07,396930,5.45287e+06,1.78006e+10,-1.48934e+11
2.80358e+07,395811,5.45386e+06,1.81733e+10,-1.48889e+11
2.80421e+07,394693,5.45485e+06,1.85459e+10,-1.48843e+11
2.80484e+07,393574,5.45584e+06,1.89184e+10,-1.48796e+11
2.80547e+07,392456,5.45682e+06,1.92907e+10,-1.48749e+11
2.8061e+07,391339,5.4578e+06,1.96629e+10,-1.487e+11
2.80673e+07,390222,5.45878e+06,2.0035e+10,-1.4865e+11
2.80736e+07,389105,5.45976e+06,2.0407e+10,-1.486e+11
2.808e+07,387988,5.46073e+06,2.07789e+10,-1.48548e+11
2.80863e+07,386872,5.4617e+06,2.11506e+10,-1.48496e+11
2.80926e+07,385756,5.46267e+06,2.15222e+10,-1.48442e+11
2.80989e+07,384641,5.46363e+06,2.18936e+10,-1.48388e+11
2.81052e+07,383526,5.46459e+06,2.22649e+10,-1.48333e+11
2.81115e+07,382412,5.46555e+06,2.26361e+10,-1.48276e+11
2.81178e+07,381298,5.46651e+06,2.30071e+10,-1.48219e+11
2.81241e+07,380184,5.46746e+06,2.3378e+10,-1.48161e+11
2.81304e+07,379071,5.46841e+06,2.37488e+10,-1.48102e+11
2.81368e+07,377958,5.46936e+06,2.41194e+10,-1.48042e+11
2.81431e+07,376846,5.4703e+06,2.44898e+10,-1.47982e+11
2.81494e+07,375734,5.47124e+06,2.48601e+10,-1.4792e+11
2.81557e+07,374623,5.47218e+06,2.52302e+10,-1.47857e+11
2.8162e+07,373512,5.47312e+06,2.56002e+10,-1.47794e+11
2.81683e+07,372402,5.47405e+06,2.597e+10,-1.47729e+11
2.81746e+07,371292,5.47498e+06,2.63397e+10,-1.47664e+11
2.81809e+07,370182,5.47591e+06,2.67092e+10,-1.47597e+11
2.81872e+07,369074,5.47683e+06,2.70785e+10,-1.4753e+11
2.81936e+07,367965,5.47776e+06,2.74476e+10,-1.47462e+11
2.81999e+07,366857,5.47868e+06,2.78166e+10,-1.47392e+11
2.82062e+07,365750,5.47959e+06,2.81854e+10,-1.47322e+11
2.82125e+07,364643,5.48051e+06,2.85541e+10,-1.47251e+11
2.82188e+07,363537,5.48142e+06,2.89225e+10,-1.47179e+11
2.82251e+07,362431,5.48233e+06,2.92908e+10,-1.47107e+11
2.82314e+07,361326,5.48323e+06,2.96589e+10,-1.47033e+11
2.82377e+07,360221,5.48414e+06,3.00268e+10,-1.46958e+11
2.82441e+07,359117,5.48504e+06,3.03945e+10,-1.46883e+11
2.82504e+07,358014,5.48593e+06,3.0762e+10,-1.46806e+11
2.82567e+07,356911,5.48683e+06,3.11293e+10,-1.46729e+11
2.8263e+07,355809,5.48772e+06,3.14965e+10,-1.4665e+11
2.82693e+07,354707,5.48861e+06,3.18634e+10,-1.46571e+11
2.82756e+07,353606,5.48949e+06,3.22301e+10,-1.46491e+11
2.82819e+07,352505,5.49038e+06,3.25967e+10,-1.4641e+11
2.82882e+07,351405,5.49126e+06,3.2963e+10,-1.46328e+11
2.82945e+07,350306,5.49214e+06,3.33291e+10,-1.46245e+11
2.83009e+07,349207,5.49301e+06,3.3695e+10,-1.46161e+11
2.83072e+07,348109,5.49389e+06,3.40607e+10,-1.46076e+11
2.83135e+07,347012,5.49476e+06,3.44262e+10,-1.4599e+11
2.83198e+07,345915,5.49562e+06,3.47915e+10,-1.45904e+11
2.83261e+07,344819,5.49649e+06,3.51566e+10,-1.45816e+11
2.83324e+07,343724,5.49735e+06,3.55214e+10,-1.45728e+11
2.83387e+07,342629,5.49821e+06,3.5886e+10,-1.45638e+11
2.8345e+07,341535,5.49906e+06,3.62504e+10,-1.45548e+11
2.83513e+07,340441,5.49992e+06,3.66146e+10,-1.45457e+11
2.83577e+07,339349,5.50077e+06,3.69785e+10,-1.45365e+11
2.8364e+07,338257,5.50162e+06,3.73422e+10,-1.45272e+11
2.83703e+07,337165,5.50246e+06,3.77057e+10,-1.45178e+11
2.83766e+07,336075,5.5033e+06,3.80689e+10,-1.45083e+11
2.83829e+07,334985,5.50414e+06,3.84319e+10,-1.44987e+11
2.83892e+07,333896,5.50498e+06,3.87946e+10,-1.44891e+11
2.83955e+07,332807,5.50581e+06,3.91571e+10,-1.44793e+11
2.84018e+07,331719,5.50665e+06,3.95194e+10,-1.44695e+11
2.84082e+07,330633,5.50747e+06,3.98814e+10,-1.44595e+11
2.84145e+07,329546,5.5083e+06,4.02432e+10,-1.44495e+11
2.84208e+07,328461,5.50912e+06,4.06047e+10,-1.44394e+11
2.84271e+07,327376,5.50994e+06,4.0966e+10,-1.44292e+11
2.84334e+07,326292,5.51076e+06,4.1327e+10,-1.44189e+11
2.84397e+07,325209,5.51158e+06,4.16877e+10,-1.44085e+11
2.8446e+07,324127,5.51239e+06,4.20482e+10,-1.4398e+11
2.84523e+07,323045,5.5132e+06,4.24084e+10,-1.43875e+11
2.84586e+07,321964,5.51401e+06,4.27684e+10,-1.43768e+11
2.8465e+07,320884,5.51481e+06,4.31281e+10,-1.4366e+11
2.84713e+07,319805,5.51561e+06,4.34875e+10,-1.43552e+11
2.84776e+07,318727,5.51641e+06,4.38466e+10,-1.43443e+11
2.84839e+07,317649,5.51721e+06,4.42055e+10,-1.43333e+11
2.84902e+07,316573,5.518e+06,4.45641e+10,-1.43222e+11
2.84965e+07,315497,5.51879e+06,4.49224e+10,-1.4311e+11
2.85028e+07,314422,5.51958e+06,4.52804e+10,-1.42997e+11
2.85091e+07,313348,5.52037e+06,4.56382e+10,-1.42883e+11
2.85154e+07,312275,5.52115e+06,4.59956e+10,-1.42768e+11
2.85218e+07,311202,5.52193e+06,4.63528e+10,-1.42653e+11
2.85281e+07,310131,5.52271e+06,4.67097e+10,-1.42536e+11
2.85344e+07,309060,5.52348e+06,4.70663e+10,-1.42419e+11
2.85407e+07,307990,5.52425e+06,4.74226e+10,-1.42301e+11
2.8547e+07,306921,5.52502e+06,4.77786e+10,-1.42182e+11
2.85533e+07,305853,5.52579e+06,4.81343e+10,-1.42061e+11
2.85596e+07,304786,5.52656e+06,4.84897e+10,-1.41941e+11
2.85659e+07,303720,5.52732e+06,4.88448e+10,-1.41819e+11
2.85723e+07,302655,5.52808e+06,4.91996e+10,-1.41696e+11
2.85786e+07,301590,5.52883e+06,4.95541e+10,-1.41573e+11
2.85849e+07,300527,5.52958e+06,4.99082e+10,-1.41448e+11
2.85912e+07,299464,5.53034e+06,5.02621e+10,-1.41323e+11
2.85975e+07,298403,5.53108e+06,5.06156e+10,-1.41196e+11
2.86038e+07,297342,5.53183e+06,5.09689e+10,-1.41069e+11
2.86101e+07,296283,5.53257e+06,5.13218e+10,-1.40941e+11
2.86164e+07,295224,5.53331e+06,5.16744e+10,-1.40812e+11
2.86227e+07,294166,5.53405e+06,5.20266e+10,-1.40683e+11
2.86291e+07,293110,5.53478e+06,5.23786e+10,-1.40552e+11
2.86354e+07,292054,5.53552e+06,5.27302e+10,-1.40421e+11
2.86417e+07,290999,5.53625e+06,5.30814e+10,-1.40288e+11
2.8648e+07,289946,5.53697e+06,5.34324e+10,-1.40155e+11
2.86543e+07,288893,5.5377e+06,5.3783e+10,-1.40021e+11
2.86606e+07,287841,5.53842e+06,5.41333e+10,-1.39886e+11
2.86669e+07,286790,5.53914e+06,5.44832e+10,-1.3975e+11
2.86732e+07,285741,5.53986e+06,5.48328e+10,-1.39613e+11
2.86795e+07,284692,5.54057e+06,5.51821e+10,-1.39475e+11
2.86859e+07,283645,5.54128e+06,5.5531e+10,-1.39337e+11
2.86922e+07,282598,5.54199e+06,5.58795e+10,-1.39197e+11
2.86985e+07,281553,5.54269e+06,5.62277e+10,-1.39057e+11
2.87048e+07,280508,5.5434e+06,5.65756e+10,-1.38916e+11
2.87111e+07,279465,5.5441e+06,5.69231e+10,-1.38774e+11
2.87174e+07,278422,5.5448e+06,5.72702e+10,-1.38631e+11
2.87237e+07,277381,5.54549e+06,5.7617e+10,-1.38487e+11
2.873e+07,276341,5.54619e+06,5.79634e+10,-1.38343e+11
2.87364e+07,275302,5.54688e+06,5.83095e+10,-1.38197e+11
2.87427e+07,274264,5.54756e+06,5.86552e+10,-1.38051e+11
2.8749e+07,273227,5.54825e+06,5.90005e+10,-1.37903e+11
2.87553e+07,272191,5.54893e+06,5.93455e+10,-1.37755e+11
2.87616e+07,271157,5.54961e+06,5.96901e+10,-1.37606e+11
2.87679e+07,270123,5.55029e+06,6.00343e+10,-1.37457e+11
2.87742e+07,269091,5.55096e+06,6.03781e+10,-1.37306e+11
2.87805e+07,268060,5.55163e+06,6.07216e+10,-1.37154e+11
2.87868e+07,267030,5.5523e+06,6.10647e+10,-1.37002e+11
2.87932e+07,266001,5.55297e+06,6.14074e+10,-1.36849e+11
2.87995e+07,264973,5.55364e+06,6.17497e+10,-1.36695e+11
2.88058e+07,263946,5.5543e+06,6.20916e+10,-1.3654e+11
2.88121e+07,262921,5.55496e+06,6.24331e+10,-1.36384e+11
2.88184e+07,261896,5.55561e+06,6.27743e+10,-1.36227e+11
2.88247e+07,260873,5.55627e+06,6.3115e+10,-1.3607e+11
2.8831e+07,259851,5.55692e+06,6.34554e+10,-1.35911e+11
2.88373e+07,258831,5.55757e+06,6.37953e+10,-1.35752e+11
2.88436e+07,257811,5.55822e+06,6.41349e+10,-1.35592e+11
2.885e+07,256793,5.55886e+06,6.44741e+10,-1.35431e+11
2.88563e+07,255776,5.5595e+06,6.48128e+10,-1.35269e+11
2.88626e+07,254760,5.56014e+06,6.51512e+10,-1.35107e+11
2.88689e+07,253745,5.56078e+06,6.54891e+10,-1.34943e+11
2.88752e+07,252732,5.56141e+06,6.58266e+10,-1.34779e+11
2.88815e+07,251720,5.56204e+06,6.61637e+10,-1.34614e+11
2.88878e+07,250709,5.56267e+06,6.65005e+10,-1.34448e+11
2.88941e+07,249699,5.5633e+06,6.68367e+10,-1.34281e+11
2.89005e+07,248690,5.56392e+06,6.71726e+10,-1.34113e+11
2.89068e+07,247683,5.56454e+06,6.75081e+10,-1.33945e+11
2.89131e+07,246677,5.56516e+06,6.78431e+10,-1.33775e+11
2.89194e+07,245673,5.56578e+06,6.81777e+10,-1.33605e+11
2.89257e+07,244669,5.56639e+06,6.85119e+10,-1.33434e+11
2.8932e+07,243667,5.567e+06,6.88456e+10,-1.33262e+11
2.89383e+07,242666,5.56761e+06,6.91789e+10,-1.33089e+11
2.89446e+07,241667,5.56821e+06,6.95118e+10,-1.32916e+11
2.89509e+07,240669,5.56882e+06,6.98442e+10,-1.32741e+11
2.89573e+07,239672,5.56942e+06,7.01762e+10,-1.32566e+11
2.89636e+07,238676,5.57002e+06,7.05078e+10,-1.3239e+11
2.89699e+07,237682,5.57061e+06,7.08389e+10,-1.32213e+11
2.89762e+07,236689,5.57121e+06,7.11696e+10,-1.32036e+11
2.89825e+07,235698,5.5718e+06,7.14998e+10,-1.31857e+11
2.89888e+07,234708,5.57239e+06,7.18296e+10,-1.31678e+11
2.89951e+07,233719,5.57297e+06,7.2159e+10,-1.31497e+11
2.90014e+07,232731,5.57356e+06,7.24879e+10,-1.31316e+11
2.90077e+07,231745,5.57414e+06,7.28163e+10,-1.31135e+11
2.90141e+07,230760,5.57472e+06,7.31443e+10,-1.30952e+11
2.90204e+07,229777,5.57529e+06,7.34718e+10,-1.30769e+11
2.90267e+07,228795,5.57587e+06,7.37988e+10,-1.30584e+11
2.9033e+07,227814,5.57644e+06,7.41254e+10,-1.30399e+11
2.90393e+07,226835,5.57701e+06,7.44516e+10,-1.30213e+11
2.90456e+07,225857,5.57757e+06,7.47772e+10,-1.30026e+11
2.90519e+07,224881,5.57814e+06,7.51024e+10,-1.29839e+11
2.90582e+07,223906,5.5787e+06,7.54271e+10,-1.29651e+11
2.90645e+07,222932,5.57926e+06,7.57514e+10,-1.29461e+11
2.90709e+07,221960,5.57982e+06,7.60752e+10,-1.29271e+11
2.90772e+07,220990,5.58037e+06,7.63985e+10,-1.29081e+11
2.90835e+07,220020,5.58092e+06,7.67213e+10,-1.28889e+11
2.90898e+07,219052,5.58147e+06,7.70436e+10,-1.28697e+11
2.90961e+07,218086,5.58202e+06,7.73655e+10,-1.28503e+11
2.91024e+07,217121,5.58256e+06,7.76869e+10,-1.28309e+11
2.91087e+07,216158,5.5831e+06,7.80078e+10,-1.28115e+11
2.9115e+07,215196,5.58364e+06,7.83282e+10,-1.27919e+11
2.91214e+07,214235,5.58418e+06,7.86481e+10,-1.27722e+11
2.91277e+07,213276,5.58472e+06,7.89675e+10,-1.27525e+11
2.9134e+07,212318,5.58525e+06,7.92864e+10,-1.27327e+11
2.91403e+07,211362,5.58578e+06,7.96049e+10,-1.27128e+11
2.91466e+07,210408,5.58631e+06,7.99228e+10,-1.26929e+11
2.91529e+07,209455,5.58683e+06,8.02402e+10,-1.26728e+11
2.91592e+07,208503,5.58736e+06,8.05571e+10,-1.26527e+11
2.91655e+07,207553,5.58788e+06,8.08736e+10,-1.26325e+11
2.91718e+07,206605,5.58839e+06,8.11895e+10,-1.26122e+11
2.91782e+07,205658,5.58891e+06,8.15049e+10,-1.25919e+11
2.91845e+07,204712,5.58942e+06,8.18198e+10,-1.25714e+11
2.91908e+07,203768,5.58994e+06,8.21341e+10,-1.25509e+11
2.91971e+07,202826,5.59044e+06,8.2448e+10,-1.25303e+11
2.92034e+07,201885,5.59095e+06,8.27614e+10,-1.25097e+11
2.92097e+07,200946,5.59145e+06,8.30742e+10,-1.24889e+11
2.9216e+07,200008,5.59196e+06,8.33865e+10,-1.24681e+11
2.92223e+07,199072,5.59246e+06,8.36983e+10,-1.24472e+11
2.92286e+07,198137,5.59295e+06,8.40096e+10,-1.24262e+11
2.9235e+07,197204,5.59345e+06,8.43203e+10,-1.24051e+11
2.92413e+07,196273,5.59394e+06,8.46305e+10,-1.2384e+11
2.92476e+07,195343,5.59443e+06,8.49402e+10,-1.23627e+11
2.92539e+07,194415,5.59492e+06,8.52494e+10,-1.23415e+11
2.92602e+07,193488,5.5954e+06,8.5558e+10,-1.23201e+11
2.92665e+07,192563,5.59589e+06,8.5866e+10,-1.22986e+11
2.92728e+07,191640,5.59637e+06,8.61736e+10,-1.22771e+11
2.92791e+07,190718,5.59685e+06,8.64806e+10,-1.22555e+11
2.92855e+07,189798,5.59732e+06,8.67871e+10,-1.22338e+11
2.92918e+07,188879,5.5978e+06,8.7093e+10,-1.22121e+11
2.92981e+07,187962,5.59827e+06,8.73983e+10,-1.21902e+11
2.93044e+07,187047,5.59874e+06,8.77032e+10,-1.21683e+11
2.93107e+07,186134,5.5992e+06,8.80074e+10,-1.21463e+11
2.9317e+07,185222,5.59967e+06,8.83112e+10,-1.21243e+11
2.93233e+07,184311,5.60013e+06,8.86143e+10,-1.21021e+11
2.93296e+07,183403,5.60059e+06,8.89169e+10,-1.20799e+11
2.93359e+07,182496,5.60105e+06,8.9219e+10,-1.20576e+11
2.93423e+07,181591,5.6015e+06,8.95205e+10,-1.20352e+11
2.93486e+07,180687,5.60196e+06,8.98214e+10,-1.20128e+11
2.93549e+07,179785,5.60241e+06,9.01218e+10,-1.19903e+11
2.93612e+07,178885,5.60286e+06,9.04216e+10,-1.19677e+11
2.93675e+07,177986,5.6033e+06,9.07209e+10,-1.1945e+11
2.93738e+07,177090,5.60375e+06,9.10196e+10,-1.19223e+11
2.93801e+07,176195,5.60419e+06,9.13177e+10,-1.18995e+11
2.93864e+07,175301,5.60463e+06,9.16152e+10,-1.18766e+11
2.93927e+07,174410,5.60507e+06,9.19122e+10,-1.18536e+11
2.93991e+07,173520,5.6055e+06,9.22085e+10,-1.18306e+11
2.94054e+07,172631,5.60594e+06,9.25044e+10,-1.18075e+11
2.94117e+07,171745,5.60637e+06,9.27996e+10,-1.17843e+11
2.9418e+07,170860,5.6068e+06,9.30942e+10,-1.1761e+11
2.94243e+07,169977,5.60722e+06,9.33883e+10,-1.17377e+11
2.94306e+07,169096,5.60765e+06,9.36818e+10,-1.17143e+11
2.94369e+07,168217,5.60807e+06,9.39747e+10,-1.16908e+11
2.94432e+07,167339,5.60849e+06,9.4267e+10,-1.16672e+11
2.94496e+07,166463,5.60891e+06,9.45587e+10,-1.16436e+11
2.94559e+07,165589,5.60932e+06,9.48498e+10,-1.16199e+11
2.94622e+07,164717,5.60973e+06,9.51403e+10,-1.15961e+11
2.94685e+07,163846,5.61015e+06,9.54303e+10,-1.15723e+11
2.94748e+07,162978,5.61055e+06,9.57196e+10,-1.15484e+11
2.94811e+07,162111,5.61096e+06,9.60083e+10,-1.15244e+11
2.94874e+07,161246,5.61137e+06,9.62965e+10,-1.15003e+11
2.94937e+07,160382,5.61177e+06,9.6584e+10,-1.14762e+11
2.95e+07,159521,5.61217e+06,9.68709e+10,-1.1452e+11
2.95064e+07,158661,5.61257e+06,9.71572e+10,-1.14277e+11
2.95127e+07,157803,5.61296e+06,9.74429e+10,-1.14033e+11
2.9519e+07,156947,5.61336e+06,9.7728e+10,-1.13789e+11
2.95253e+07,156093,5.61375e+06,9.80125e+10,-1.13544e+11
2.95316e+07,155241,5.61414e+06,9.82964e+10,-1.13298e+11
2.95379e+07,154390,5.61453e+06,9.85797e+10,-1.13052e+11
2.95442e+07,153542,5.61491e+06,9.88623e+10,-1.12805e+11
2.95505e+07,152695,5.61529e+06,9.91443e+10,-1.12557e+11
2.95568e+07,151850,5.61568e+06,9.94257e+10,-1.12309e+11
2.95632e+07,151007,5.61605e+06,9.97065e+10,-1.1206e+11
2.95695e+07,150166,5.61643e+06,9.99866e+10,-1.1181e+11
2.95758e+07,149327,5.61681e+06,1.00266e+11,-1.11559e+11
2.95821e+07,148489,5.61718e+06,1.00545e+11,-1.11308e+11
2.95884e+07,147654,5.61755e+06,1.00823e+11,-1.11056e+11
2.95947e+07,146820,5.61792e+06,1.01101e+11,-1.10803e+11
2.9601e+07,145988,5.61828e+06,1.01378e+11,-1.1055e+11
2.96073e+07,145158,5.61865e+06,1.01654e+11,-1.10296e+11
2.96137e+07,144331,5.61901e+06,1.0193e+11,-1.10041e+11
2.962e+07,143505,5.61937e+06,1.02205e+11,-1.09786e+11
2.96263e+07,142681,5.61973e+06,1.0248e+11,-1.09529e+11
2.96326e+07,141858,5.62009e+06,1.02753e+11,-1.09273e+11
2.96389e+07,141038,5.62044e+06,1.03027e+11,-1.09015e+11
2.96452e+07,140220,5.62079e+06,1.03299e+11,-1.08757e+11
2.96515e+07,139404,5.62114e+06,1.03571e+11,-1.08498e+11
2.96578e+07,138589,5.62149e+06,1.03842e+11,-1.08238e+11
2.96641e+07,137777,5.62183e+06,1.04113e+11,-1.07978e+11
2.96705e+07,136966,5.62218e+06,1.04383e+11,-1.07717e+11
2.96768e+07,136158,5.62252e+06,1.04652e+11,-1.07456e+11
2.96831e+07,135351,5.62286e+06,1.04921e+11,-1.07194e+11
2.96894e+07,134547,5.6232e+06,1.05189e+11,-1.06931e+11
2.96957e+07,133744,5.62353e+06,1.05456e+11,-1.06667e+11
2.9702e+07,132944,5.62387e+06,1.05723e+11,-1.06403e+11
2.97083e+07,132145,5.6242e+06,1.05988e+11,-1.06138e+11
2.97146e+07,131349,5.62453e+06,1.06254e+11,-1.05872e+11
2.97209e+07,130554,5.62486e+06,1.06518e+11,-1.05606e+11
2.97273e+07,129761,5.62518e+06,1.06782e+11,-1.05339e+11
2.97336e+07,128971,5.62551e+06,1.07046e+11,-1.05072e+11
2.97399e+07,128182,5.62583e+06,1.07308e+11,-1.04803e+11
2.97462e+07,127396,5.62615e+06,1.0757e+11,-1.04534e+11
2.97525e+07,126611,5.62647e+06,1.07832e+11,-1.04265e+11
2.97588e+07,125829,5.62678e+06,1.08092e+11,-1.03995e+11
2.97651e+07,125048,5.6271e+06,1.08352e+11,-1.03724e+11
2.97714e+07,124270,5.62741e+06,1.08611e+11,-1.03452e+11
2.97778e+07,123493,5.62772e+06,1.0887e+11,-1.0318e+11
2.97841e+07,122719,5.62803e+06,1.09128e+11,-1.02907e+11
2.97904e+07,121947,5.62833e+06,1.09385e+11,-1.02634e+11
2.97967e+07,121176,5.62864e+06,1.09642e+11,-1.0236e+11
2.9803e+07,120408,5.62894e+06,1.09898e+11,-1.02085e+11
2.98093e+07,119642,5.62924e+06,1.10153e+11,-1.0181e+11
2.98156e+07,118878,5.62954e+06,1.10407e+11,-1.01534e+11
2.98219e+07,118116,5.62983e+06,1.10661e+11,-1.01257e+11
2.98282e+07,117356,5.63013e+06,1.10914e+11,-1.0098e+11
2.98346e+07,116598,5.63042e+06,1.11166e+11,-1.00702e+11
2.98409e+07,115843,5.63071e+06,1.11418e+11,-1.00423e+11
2.98472e+07,115089,5.631e+06,1.11669e+11,-1.00144e+11
2.98535e+07,114338,5.63129e+06,1.11919e+11,-9.98645e+10
2.98598e+07,113588,5.63157e+06,1.12169e+11,-9.95841e+10
2.98661e+07,112841,5.63186e+06,1.12418e+11,-9.93031e+10
2.98724e+07,112096,5.63214e+06,1.12666e+11,-9.90214e+10
2.98787e+07,111353,5.63242e+06,1.12914e+11,-9.87391e+10
2.9885e+07,110612,5.6327e+06,1.1316e+11,-9.84562e+10
2.98914e+07,109873,5.63297e+06,1.13406e+11,-9.81727e+10
2.98977e+07,109136,5.63325e+06,1.13652e+11,-9.78886e+10
2.9904e+07,108402,5.63352e+06,1.13896e+11,-9.76038e+10
2.99103e+07,107669,5.63379e+06,1.1414e+11,-9.73185e+10
2.99166e+07,106939,5.63406e+06,1.14384e+11,-9.70325e+10
2.99229e+07,106211,5.63432e+06,1.14626e+11,-9.67459e+10
2.99292e+07,105485,5.63459e+06,1.14868e+11,-9.64588e+10
2.99355e+07,104761,5.63485e+06,1.15109e+11,-9.6171e+10
2.99419e+07,104039,5.63511e+06,1.15349e+11,-9.58826e+10
2.99482e+07,103320,5.63537e+06,1.15589e+11,-9.55936e+10
2.99545e+07,102603,5.63563e+06,1.15828e+11,-9.5304e+10
2.99608e+07,101888,5.63589e+06,1.16066e+11,-9.50139e+10
2.99671e+07,101175,5.63614e+06,1.16303e+11,-9.47231e+10
2.99734e+07,100464,5.63639e+06,1.1654e+11,-9.44317e+10
2.99797e+07,99755.4,5.63664e+06,1.16776e+11,-9.41398e+10
2.9986e+07,99049.1,5.63689e+06,1.17011e+11,-9.38472e+10
2.99923e+07,98345,5.63714e+06,1.17246e+11,-9.35541e+10
2.99987e+07,97643,5.63738e+06,1.1748e+11,-9.32604e+10
3.0005e+07,96943.3,5.63763e+06,1.17713e+11,-9.2966e+10
3.00113e+07,96245.8,5.63787e+06,1.17945e+11,-9.26712e+10
3.00176e+07,95550.5,5.63811e+06,1.18177e+11,-9.23757e+10
3.00239e+07,94857.4,5.63835e+06,1.18407e+11,-9.20796e+10
3.00302e+07,94166.6,5.63858e+06,1.18637e+11,-9.1783e+10
3.00365e+07,93477.9,5.63882e+06,1.18867e+11,-9.14858e+10
3.00428e+07,92791.6,5.63905e+06,1.19095e+11,-9.1188e+10
3.00491e+07,92107.4,5.63928e+06,1.19323e+11,-9.08897e+10
3.00555e+07,91425.5,5.63951e+06,1.1955e+11,-9.05908e+10
3.00618e+07,90745.9,5.63974e+06,1.19777e+11,-9.02913e+10
3.00681e+07,90068.5,5.63997e+06,1.20002e+11,-8.99913e+10
3.00744e+07,89393.3,5.64019e+06,1.20227e+11,-8.96906e+10
3.00807e+07,88720.4,5.64041e+06,1.20451e+11,-8.93895e+10
3.0087e+07,88049.8,5.64064e+06,1.20675e+11,-8.90877e+10
3.00933e+07,87381.5,5.64085e+06,1.20897e+11,-8.87855e+10
3.00996e+07,86715.4,5.64107e+06,1.21119e+11,-8.84826e+10
3.0106e+07,86051.6,5.64129e+06,1.2134e+11,-8.81792e+10
3.01123e+07,85390.1,5.6415e+06,1.2156e+11,-8.78753e+10
3.01186e+07,84730.9,5.64172e+06,1.2178e+11,-8.75707e+10
3.01249e+07,84073.9,5.64193e+06,1.21999e+11,-8.72657e+10
3.01312e+07,83419.3,5.64214e+06,1.22217e+11,-8.69601e+10
3.01375e+07,82767,5.64234e+06,1.22434e+11,-8.6654e+10
3.01438e+07,82116.9,5.64255e+06,1.22651e+11,-8.63473e+10
3.01501e+07,81469.2,5.64276e+06,1.22866e+11,-8.604e+10
3.01564e+07,80823.8,5.64296e+06,1.23081e+11,-8.57323e+10
3.01628e+07,80180.7,5.64316e+06,1.23295e+11,-8.5424e+10
3.01691e+07,79539.9,5.64336e+06,1.23509e+11,-8.51151e+10
3.01754e+07,78901.4,5.64356e+06,1.23722e+11,-8.48058e+10
3.01817e+07,78265.3,5.64376e+06,1.23933e+11,-8.44959e+10
3.0188e+07,77631.4,5.64395e+06,1.24145e+11,-8.41854e+10
3.01943e+07,77000,5.64414e+06,1.24355e+11,-8.38745e+10
3.02006e+07,76370.8,5.64434e+06,1.24564e+11,-8.3563e+10
3.02069e+07,75744,5.64453e+06,1.24773e+11,-8.3251e+10
3.02132e+07,75119.6,5.64471e+06,1.24981e+11,-8.29385e+10
3.02196e+07,74497.5,5.6449e+06,1.25188e+11,-8.26254e+10
3.02259e+07,73877.8,5.64509e+06,1.25395e+11,-8.23118e+10
3.02322e+07,73260.4,5.64527e+06,1.256e+11,-8.19978e+10
3.02385e+07,72645.4,5.64545e+06,1.25805e+11,-8.16832e+10
3.02448e+07,72032.7,5.64564e+06,1.26009e+11,-8.13681e+10
3.02511e+07,71422.4,5.64582e+06,1.26212e+11,-8.10524e+10
3.02574e+07,70814.5,5.64599e+06,1.26415e+11,-8.07363e+10
3.02637e+07,70209,5.64617e+06,1.26617e+11,-8.04197e+10
3.027e+07,69605.8,5.64634e+06,1.26817e+11,-8.01025e+10
3.02764e+07,69005,5.64652e+06,1.27018e+11,-7.97849e+10
3.02827e+07,68406.7,5.64669e+06,1.27217e+11,-7.94668e+10
3.0289e+07,67810.7,5.64686e+06,1.27415e+11,-7.91481e+10
3.02953e+07,67217.1,5.64703e+06,1.27613e+11,-7.8829e+10
3.03016e+07,66625.9,5.6472e+06,1.2781e+11,-7.85094e+10
3.03079e+07,66037.1,5.64736e+06,1.28006e+11,-7.81893e+10
3.03142e+07,65450.7,5.64753e+06,1.28201e+11,-7.78687e+10
3.03205e+07,64866.7,5.64769e+06,1.28396e+11,-7.75476e+10
3.03269e+07,64285.2,5.64785e+06,1.2859e+11,-7.7226e+10
3.03332e+07,63706,5.64801e+06,1.28782e+11,-7.69039e+10
3.03395e+07,63129.3,5.64817e+06,1.28975e+11,-7.65814e+10
3.03458e+07,62555,5.64833e+06,1.29166e+11,-7.62584e+10
3.03521e+07,61983.2,5.64848e+06,1.29356e+11,-7.59349e+10
3.03584e+07,61413.8,5.64864e+06,1.29546e+11,-7.56109e+10
3.03647e+07,60846.8,5.64879e+06,1.29735e+11,-7.52864e+10
3.0371e+07,60282.2,5.64894e+06,1.29923e+11,-7.49615e+10
3.03773e+07,59720.1,5.64909e+06,1.3011e+11,-7.46361e+10
3.03837e+07,59160.4,5.64924e+06,1.30296e+11,-7.43103e+10
3.039e+07,58603.2,5.64939e+06,1.30482e+11,-7.3984e+10
3.03963e+07,58048.5,5.64954e+06,1.30667e+11,-7.36572e+10
3.04026e+07,57496.2,5.64968e+06,1.30851e+11,-7.33299e+10
3.04089e+07,56946.3,5.64982e+06,1.31034e+11,-7.30022e+10
3.04152e+07,56399,5.64996e+06,1.31216e+11,-7.2674e+10
3.04215e+07,55854,5.65011e+06,1.31398e+11,-7.23454e+10
3.04278e+07,55311.6,5.65024e+06,1.31578e+11,-7.20163e+10
3.04341e+07,54771.6,5.65038e+06,1.31758e+11,-7.16868e+10
3.04405e+07,54234.2,5.65052e+06,1.31937e+11,-7.13568e+10
3.04468e+07,53699.2,5.65065e+06,1.32115e+11,-7.10264e+10
3.04531e+07,53166.6,5.65079e+06,1.32293e+11,-7.06956e+10
3.04594e+07,52636.6,5.65092e+06,1.32469e+11,-7.03643e+10
3.04657e+07,52109.1,5.65105e+06,1.32645e+11,-7.00325e+10
3.0472e+07,51584,5.65118e+06,1.3282e+11,-6.97003e+10
3.04783e+07,51061.5,5.65131e+06,1.32994e+11,-6.93677e+10
3.04846e+07,50541.4,5.65144e+06,1.33167e+11,-6.90346e+10
3.0491e+07,50023.9,5.65156e+06,1.33339e+11,-6.87011e+10
3.04973e+07,49508.9,5.65169e+06,1.33511e+11,-6.83672e+10
3.05036e+07,48996.3,5.65181e+06,1.33682e+11,-6.80329e+10
3.05099e+07,48486.3,5.65193e+06,1.33851e+11,-6.76981e+10
3.05162e+07,47978.8,5.65205e+06,1.3402e+11,-6.73629e+10
3.05225e+07,47473.9,5.65217e+06,1.34189e+11,-6.70273e+10
3.05288e+07,46971.4,5.65229e+06,1.34356e+11,-6.66912e+10
3.05351e+07,46471.5,5.65241e+06,1.34522e+11,-6.63548e+10
3.05414e+07,45974.1,5.65252e+06,1.34688e+11,-6.60179e+10
3.05478e+07,45479.2,5.65264e+06,1.34853e+11,-6.56806e+10
3.05541e+07,44986.9,5.65275e+06,1.35017e+11,-6.53429e+10
3.05604e+07,44497.1,5.65286e+06,1.3518e+11,-6.50048e+10
3.05667e+07,44009.9,5.65297e+06,1.35342e+11,-6.46663e+10
3.0573e+07,43525.2,5.65308e+06,1.35504e+11,-6.43273e+10
3.05793e+07,43043.1,5.65319e+06,1.35664e+11,-6.3988e+10
3.05856e+07,42563.5,5.6533e+06,1.35824e+11,-6.36483e+10
3.05919e+07,42086.4,5.6534e+06,1.35983e+11,-6.33082e+10
3.05982e+07,41611.9,5.65351e+06,1.36141e+11,-6.29677e+10
3.06046e+07,41140,5.65361e+06,1.36298e+11,-6.26267e+10
3.06109e+07,40670.7,5.65371e+06,1.36454e+11,-6.22854e+10
3.06172e+07,40203.9,5.65382e+06,1.3661e+11,-6.19437e+10
3.06235e+07,39739.6,5.65392e+06,1.36765e+11,-6.16016e+10
3.06298e+07,39278,5.65401e+06,1.36918e+11,-6.12592e+10
3.06361e+07,38818.9,5.65411e+06,1.37071e+11,-6.09163e+10
3.06424e+07,38362.4,5.65421e+06,1.37223e+11,-6.05731e+10
3.06487e+07,37908.5,5.6543e+06,1.37374e+11,-6.02295e+10
3.06551e+07,37457.1,5.6544e+06,1.37525e+11,-5.98855e+10
3.06614e+07,37008.4,5.65449e+06,1.37674e+11,-5.95411e+10
3.06677e+07,36562.2,5.65458e+06,1.37823e+11,-5.91964e+10
3.0674e+07,36118.7,5.65468e+06,1.37971e+11,-5.88512e+10
3.06803e+07,35677.7,5.65476e+06,1.38117e+11,-5.85058e+10
3.06866e+07,35239.3,5.65485e+06,1.38263e+11,-5.81599e+10
3.06929e+07,34803.5,5.65494e+06,1.38409e+11,-5.78137e+10
3.06992e+07,34370.4,5.65503e+06,1.38553e+11,-5.74671e+10
3.07055e+07,33939.8,5.65511e+06,1.38696e+11,-5.71202e+10
3.07119e+07,33511.8,5.6552e+06,1.38839e+11,-5.67729e+10
3.07182e+07,33086.5,5.65528e+06,1.3898e+11,-5.64252e+10
3.07245e+07,32663.7,5.65536e+06,1.39121e+11,-5.60772e+10
3.07308e+07,32243.6,5.65544e+06,1.39261e+11,-5.57289e+10
3.07371e+07,31826.1,5.65552e+06,1.394e+11,-5.53802e+10
3.07434e+07,31411.3,5.6556e+06,1.39538e+11,-5.50311e+10
3.07497e+07,30999,5.65568e+06,1.39676e+11,-5.46817e+10
3.0756e+07,30589.4,5.65576e+06,1.39812e+11,-5.4332e+10
3.07623e+07,30182.4,5.65584e+06,1.39948e+11,-5.39819e+10
3.07687e+07,29778,5.65591e+06,1.40082e+11,-5.36315e+10
3.0775e+07,29376.3,5.65598e+06,1.40216e+11,-5.32808e+10
3.07813e+07,28977.2,5.65606e+06,1.40349e+11,-5.29297e+10
3.07876e+07,28580.7,5.65613e+06,1.40481e+11,-5.25783e+10
3.07939e+07,28186.9,5.6562e+06,1.40612e+11,-5.22265e+10
3.08002e+07,27795.7,5.65627e+06,1.40743e+11,-5.18745e+10
3.08065e+07,27407.2,5.65634e+06,1.40872e+11,-5.15221e+10
3.08128e+07,27021.3,5.65641e+06,1.41e+11,-5.11693e+10
3.08192e+07,26638.1,5.65647e+06,1.41128e+11,-5.08163e+10
3.08255e+07,26257.6,5.65654e+06,1.41255e+11,-5.04629e+10
3.08318e+07,25879.6,5.65661e+06,1.41381e+11,-5.01093e+10
3.08381e+07,25504.4,5.65667e+06,1.41506e+11,-4.97553e+10
3.08444e+07,25131.8,5.65673e+06,1.4163e+11,-4.9401e+10
3.08507e+07,24761.9,5.6568e+06,1.41753e+11,-4.90464e+10
3.0857e+07,24394.6,5.65686e+06,1.41875e+11,-4.86914e+10
3.08633e+07,24030,5.65692e+06,1.41997e+11,-4.83362e+10
3.08696e+07,23668.1,5.65698e+06,1.42117e+11,-4.79807e+10
3.0876e+07,23308.8,5.65704e+06,1.42237e+11,-4.76249e+10
3.08823e+07,22952.3,5.65709e+06,1.42356e+11,-4.72687e+10
3.08886e+07,22598.4,5.65715e+06,1.42474e+11,-4.69123e+10
3.08949e+07,22247.2,5.65721e+06,1.4259e+11,-4.65556e+10
3.09012e+07,21898.6,5.65726e+06,1.42707e+11,-4.61986e+10
3.09075e+07,21552.8,5.65732e+06,1.42822e+11,-4.58413e+10
3.09138e+07,21209.6,5.65737e+06,1.42936e+11,-4.54837e+10
3.09201e+07,20869.1,5.65742e+06,1.43049e+11,-4.51259e+10
3.09264e+07,20531.3,5.65748e+06,1.43162e+11,-4.47677e+10
3.09328e+07,20196.2,5.65753e+06,1.43274e+11,-4.44093e+10
3.09391e+07,19863.8,5.65758e+06,1.43384e+11,-4.40506e+10
3.09454e+07,19534.1,5.65763e+06,1.43494e+11,-4.36916e+10
3.09517e+07,19207.1,5.65767e+06,1.43603e+11,-4.33323e+10
3.0958e+07,18882.8,5.65772e+06,1.43711e+11,-4.29728e+10
3.09643e+07,18561.2,5.65777e+06,1.43818e+11,-4.2613e+10
3.09706e+07,18242.3,5.65781e+06,1.43924e+11,-4.22529e+10
3.09769e+07,17926.1,5.65786e+06,1.4403e+11,-4.18926e+10
3.09833e+07,17612.6,5.6579e+06,1.44134e+11,-4.1532e+10
3.09896e+07,17301.9,5.65795e+06,1.44238e+11,-4.11712e+10
3.09959e+07,16993.8,5.65799e+06,1.4434e+11,-4.08101e+10
3.10022e+07,16688.4,5.65803e+06,1.44442e+11,-4.04487e+10
3.10085e+07,16385.8,5.65807e+06,1.44543e+11,-4.00871e+10
3.10148e+07,16085.9,5.65812e+06,1.44643e+11,-3.97252e+10
3.10211e+07,15788.7,5.65816e+06,1.44742e+11,-3.93631e+10
3.10274e+07,15494.2,5.65819e+06,1.4484e+11,-3.90007e+10
3.10337e+07,15202.5,5.65823e+06,1.44937e+11,-3.86381e+10
3.10401e+07,14913.5,5.65827e+06,1.45033e+11,-3.82752e+10
3.10464e+07,14627.2,5.65831e+06,1.45128e+11,-3.79122e+10
3.10527e+07,14343.6,5.65834e+06,1.45223e+11,-3.75488e+10
3.1059e+07,14062.8,5.65838e+06,1.45316e+11,-3.71853e+10
3.10653e+07,13784.7,5.65841e+06,1.45409e+11,-3.68215e+10
3.10716e+07,13509.3,5.65845e+06,1.45501e+11,-3.64574e+10
3.10779e+07,13236.7,5.65848e+06,1.45591e+11,-3.60932e+10
3.10842e+07,12966.8,5.65851e+06,1.45681e+11,-3.57287e+10
3.10905e+07,12699.6,5.65855e+06,1.4577e+11,-3.5364e+10
3.10969e+07,12435.2,5.65858e+06,1.45858e+11,-3.49991e+10
3.11032e+07,12173.6,5.65861e+06,1.45946e+11,-3.46339e+10
3.11095e+07,11914.7,5.65864e+06,1.46032e+11,-3.42685e+10
3.11158e+07,11658.5,5.65867e+06,1.46117e+11,-3.3903e+10
3.11221e+07,11405,5.6587e+06,1.46202e+11,-3.35372e+10
3.11284e+07,11154.4,5.65873e+06,1.46285e+11,-3.31712e+10
3.11347e+07,10906.4,5.65875e+06,1.46368e+11,-3.2805e+10
3.1141e+07,10661.3,5.65878e+06,1.46449e+11,-3.24385e+10
3.11474e+07,10418.8,5.65881e+06,1.4653e+11,-3.20719e+10
3.11537e+07,10179.2,5.65883e+06,1.4661e+11,-3.17051e+10
3.116e+07,9942.28,5.65886e+06,1.46689e+11,-3.13381e+10
3.11663e+07,9708.13,5.65888e+06,1.46767e+11,-3.09709e+10
3.11726e+07,9476.74,5.65891e+06,1.46844e+11,-3.06035e+10
3.11789e+07,9248.11,5.65893e+06,1.4692e+11,-3.02359e+10
3.11852e+07,9022.25,5.65895e+06,1.46995e+11,-2.98681e+10
3.11915e+07,8799.15,5.65897e+06,1.47069e+11,-2.95001e+10
3.11978e+07,8578.81,5.659e+06,1.47143e+11,-2.91319e+10
3.12042e+07,8361.25,5.65902e+06,1.47215e+11,-2.87636e+10
3.12105e+07,8146.45,5.65904e+06,1.47287e+11,-2.83951e+10
3.12168e+07,7934.42,5.65906e+06,1.47357e+11,-2.80264e+10
3.12231e+07,7725.16,5.65908e+06,1.47427e+11,-2.76575e+10
3.12294e+07,7518.68,5.6591e+06,1.47496e+11,-2.72884e+10
3.12357e+07,7314.97,5.65912e+06,1.47564e+11,-2.69192e+10
3.1242e+07,7114.03,5.65913e+06,1.47631e+11,-2.65498e+10
3.12483e+07,6915.87,5.65915e+06,1.47697e+11,-2.61803e+10
3.12546e+07,6720.49,5.65917e+06,1.47762e+11,-2.58106e+10
3.1261e+07,6527.89,5.65918e+06,1.47826e+11,-2.54407e+10
3.12673e+07,6338.07,5.6592e+06,1.47889e+11,-2.50706e+10
3.12736e+07,6151.02,5.65922e+06,1.47951e+11,-2.47004e+10
3.12799e+07,5966.76,5.65923e+06,1.48013e+11,-2.43301e+10
3.12862e+07,5785.29,5.65925e+06,1.48073e+11,-2.39596e+10
3.12925e+07,5606.6,5.65926e+06,1.48133e+11,-2.35889e+10
3.12988e+07,5430.69,5.65927e+06,1.48191e+11,-2.32181e+10
3.13051e+07,5257.57,5.65929e+06,1.48249e+11,-2.28472e+10
3.13115e+07,5087.24,5.6593e+06,1.48306e+11,-2.24761e+10
3.13178e+07,4919.7,5.65931e+06,1.48361e+11,-2.21048e+10
3.13241e+07,4754.95,5.65933e+06,1.48416e+11,-2.17335e+10
3.13304e+07,4592.99,5.65934e+06,1.4847e+11,-2.1362e+10
3.13367e+07,4433.82,5.65935e+06,1.48523e+11,-2.09903e+10
3.1343e+07,4277.45,5.65936e+06,1.48575e+11,-2.06185e+10
3.13493e+07,4123.87,5.65937e+06,1.48627e+11,-2.02466e+10
3.13556e+07,3973.08,5.65938e+06,1.48677e+11,-1.98746e+10
3.13619e+07,3825.09,5.65939e+06,1.48726e+11,-1.95024e+10
3.13683e+07,3679.9,5.6594e+06,1.48774e+11,-1.91302e+10
3.13746e+07,3537.51,5.65941e+06,1.48822e+11,-1.87578e+10
3.13809e+07,3397.91,5.65942e+06,1.48868e+11,-1.83853e+10
3.13872e+07,3261.12,5.65943e+06,1.48914e+11,-1.80126e+10
3.13935e+07,3127.12,5.65943e+06,1.48958e+11,-1.76399e+10
3.13998e+07,2995.93,5.65944e+06,1.49002e+11,-1.7267e+10
3.14061e+07,2867.53,5.65945e+06,1.49045e+11,-1.68941e+10
3.14124e+07,2741.94,5.65946e+06,1.49087e+11,-1.6521e+10
3.14187e+07,2619.16,5.65946e+06,1.49128e+11,-1.61478e+10
3.14251e+07,2499.18,5.65947e+06,1.49168e+11,-1.57746e+10
3.14314e+07,2382,5.65947e+06,1.49207e+11,-1.54012e+10
3.14377e+07,2267.63,5.65948e+06,1.49245e+11,-1.50277e+10
3.1444e+07,2156.07,5.65949e+06,1.49282e+11,-1.46542e+10
3.14503e+07,2047.31,5.65949e+06,1.49318e+11,-1.42805e+10
3.14566e+07,1941.37,5.6595e+06,1.49353e+11,-1.39068e+10
3.14629e+07,1838.23,5.6595e+06,1.49388e+11,-1.3533e+10
3.14692e+07,1737.9,5.65951e+06,1.49421e+11,-1.3159e+10
3.14756e+07,1640.38,5.65951e+06,1.49454e+11,-1.2785e+10
3.14819e+07,1545.67,5.65951e+06,1.49485e+11,-1.2411e+10
3.14882e+07,1453.77,5.65952e+06,1.49516e+11,-1.20368e+10
3.14945e+07,1364.69,5.65952e+06,1.49545e+11,-1.16626e+10
3.15008e+07,1278.41,5.65952e+06,1.49574e+11,-1.12883e+10
3.15071e+07,1194.95,5.65953e+06,1.49602e+11,-1.09139e+10
3.15134e+07,1114.31,5.65953e+06,1.49629e+11,-1.05395e+10
3.15197e+07,1036.47,5.65953e+06,1.49655e+11,-1.0165e+10
3.1526e+07,961.456,5.65954e+06,1.4968e+11,-9.79039e+09
3.15324e+07,889.252,5.65954e+06,1.49704e+11,-9.41576e+09
3.15387e+07,819.864,5.65954e+06,1.49727e+11,-9.04106e+09
3.1545e+07,753.292,5.65954e+06,1.49749e+11,-8.66632e+09
3.15513e+07,689.535,5.65954e+06,1.4977e+11,-8.29151e+09
3.15576e+07,628.596,5.65955e+06,1.49791e+11,-7.91666e+09
3.15639e+07,570.473,5.65955e+06,1.4981e+11,-7.54175e+09
3.15702e+07,515.168,5.65955e+06,1.49828e+11,-7.1668e+09
3.15765e+07,462.68,5.65955e+06,1.49846e+11,-6.79181e+09
3.15828e+07,413.011,5.65955e+06,1.49862e+11,-6.41677e+09
3.15892e+07,366.159,5.65955e+06,1.49878e+11,-6.04169e+09
3.15955e+07,322.127,5.65955e+06,1.49893e+11,-5.66657e+09
3.16018e+07,280.913,5.65955e+06,1.49906e+11,-5.29142e+09
3.16081e+07,242.518,5.65955e+06,1.49919e+11,-4.91623e+09
3.16144e+07,206.943,5.65955e+06,1.49931e+11,-4.54102e+09
3.16207e+07,174.188,5.65955e+06,1.49942e+11,-4.16577e+09
3.1627e+07,144.252,5.65955e+06,1.49952e+11,-3.7905e+09
3.16333e+07,117.136,5.65956e+06,1.49961e+11,-3.4152e+09
3.16396e+07,92.8408,5.65956e+06,1.49969e+11,-3.03989e+09
3.1646e+07,71.3657,5.65956e+06,1.49976e+11,-2.66455e+09
3.16523e+07,52.711,5.65956e+06,1.49982e+11,-2.2892e+09
3.16586e+07,36.8769,5.65956e+06,1.49988e+11,-1.91383e+09
3.16649e+07,23.8635,5.65956e+06,1.49992e+11,-1.53845e+09
3.16712e+07,13.6708,5.65956e+06,1.49995e+11,-1.16307e+09
3.16775e+07,6.29903,5.65956e+06,1.49998e+11,-7.8767e+08
3.16838e+07,1.74811,5.65956e+06,1.49999e+11,-4.12269e+08
3.16901e+07,0.0180992,5.65956e+06,1.5e+11,-3.68659e+07
3.16965e+07,1.10901,5.65956e+06,1.5e+11,3.38538e+08
3.17028e+07,5.02083,5.65956e+06,1.49998e+11,7.13939e+08
3.17091e+07,11.7535,5.65956e+06,1.49996e+11,1.08934e+09
3.17154e+07,21.3071,5.65956e+06,1.49993e+11,1.46473e+09
3.17217e+07,33.6814,5.65956e+06,1.49989e+11,1.84011e+09
3.1728e+07,48.8765,5.65956e+06,1.49984e+11,2.21548e+09
3.17343e+07,66.8922,5.65956e+06,1.49978e+11,2.59083e+09
3.17406e+07,87.7283,5.65956e+06,1.49971e+11,2.96617e+09
3.17469e+07,111.385,5.65956e+06,1.49963e+11,3.34149e+09
3.17533e+07,137.862,5.65956e+06,1.49954e+11,3.71679e+09
3.17596e+07,167.158,5.65956e+06,1.49944e+11,4.09207e+09
3.17659e+07,199.275,5.65956e+06,1.49934e+11,4.46732e+09
3.17722e+07,234.212,5.65956e+06,1.49922e+11,4.84255e+09
3.17785e+07,271.967,5.65956e+06,1.49909e+11,5.21774e+09
3.17848e+07,312.542,5.65956e+06,1.49896e+11,5.5929e+09
3.17911e+07,355.936,5.65956e+06,1.49881e+11,5.96802e+09
3.17974e+07,402.149,5.65956e+06,1.49866e+11,6.34311e+09
3.18037e+07,451.18,5.65956e+06,1.4985e+11,6.71816e+09
3.18101e+07,503.029,5.65956e+06,1.49832e+11,7.09317e+09
3.18164e+07,557.696,5.65957e+06,1.49814e+11,7.46813e+09
3.18227e+07,615.181,5.65957e+06,1.49795e+11,7.84304e+09
3.1829e+07,675.482,5.65957e+06,1.49775e+11,8.21791e+09
3.18353e+07,738.6,5.65957e+06,1.49754e+11,8.59273e+09
3.18416e+07,804.535,5.65957e+06,1.49732e+11,8.96749e+09
3.18479e+07,873.285,5.65957e+06,1.49709e+11,9.34219e+09
3.18542e+07,944.851,5.65958e+06,1.49685e+11,9.71684e+09
3.18606e+07,1019.23,5.65958e+06,1.49661e+11,1.00914e+10
3.18669e+07,1096.43,5.65958e+06,1.49635e+11,1.04659e+10
3.18732e+07,1176.44,5.65958e+06,1.49608e+11,1.08404e+10
3.18795e+07,1259.26,5.65959e+06,1.49581e+11,1.12148e+10
3.18858e+07,1344.9,5.65959e+06,1.49552e+11,1.15891e+10
3.18921e+07,1433.34,5.65959e+06,1.49523e+11,1.19634e+10
3.18984e+07,1524.6,5.6596e+06,1.49492e+11,1.23375e+10
3.19047e+07,1618.68,5.6596e+06,1.49461e+11,1.27116e+10
3.1911e+07,1715.56,5.65961e+06,1.49429e+11,1.30856e+10
3.19174e+07,1815.25,5.65961e+06,1.49395e+11,1.34596e+10
3.19237e+07,1917.75,5.65962e+06,1.49361e+11,1.38334e+10
3.193e+07,2023.06,5.65962e+06,1.49326e+11,1.42072e+10
3.19363e+07,2131.18,5.65963e+06,1.4929e+11,1.45809e+10
3.19426e+07,2242.11,5.65963e+06,1.49253e+11,1.49544e+10
3.19489e+07,2355.84,5.65964e+06,1.49215e+11,1.53279e+10
3.19552e+07,2472.38,5.65964e+06,1.49177e+11,1.57013e+10
3.19615e+07,2591.73,5.65965e+06,1.49137e+11,1.60746e+10
3.19678e+07,2713.88,5.65966e+06,1.49096e+11,1.64478e+10
3.19742e+07,2838.83,5.65966e+06,1.49055e+11,1.68209e+10
3.19805e+07,2966.59,5.65967e+06,1.49012e+11,1.71939e+10
3.19868e+07,3097.15,5.65968e+06,1.48968e+11,1.75667e+10
3.19931e+07,3230.51,5.65969e+06,1.48924e+11,1.79395e+10
3.19994e+07,3366.67,5.65969e+06,1.48879e+11,1.83122e+10
3.20057e+07,3505.64,5.6597e+06,1.48832e+11,1.86847e+10
3.2012e+07,3647.4,5.65971e+06,1.48785e+11,1.90571e+10
3.20183e+07,3791.95,5.65972e+06,1.48737e+11,1.94294e+10
3.20247e+07,3939.31,5.65973e+06,1.48688e+11,1.98016e+10
3.2031e+07,4089.46,5.65974e+06,1.48638e+11,2.01737e+10
3.20373e+07,4242.41,5.65975e+06,1.48587e+11,2.05456e+10
3.20436e+07,4398.15,5.65976e+06,1.48535e+11,2.09174e+10
3.20499e+07,4556.69,5.65977e+06,1.48482e+11,2.12891e+10
3.20562e+07,4718.01,5.65978e+06,1.48429e+11,2.16606e+10
3.20625e+07,4882.13,5.6598e+06,1.48374e+11,2.2032e+10
3.20688e+07,5049.04,5.65981e+06,1.48318e+11,2.24033e+10
3.20751e+07,5218.74,5.65982e+06,1.48262e+11,2.27744e+10
3.20815e+07,5391.23,5.65983e+06,1.48204e+11,2.31454e+10
3.20878e+07,5566.5,5.65985e+06,1.48146e+11,2.35162e+10
3.20941e+07,5744.56,5.65986e+06,1.48087e+11,2.38869e+10
3.21004e+07,5925.41,5.65988e+06,1.48027e+11,2.42575e+10
3.21067e+07,6109.03,5.65989e+06,1.47965e+11,2.46279e+10
3.2113e+07,6295.45,5.65991e+06,1.47903e+11,2.49981e+10
3.21193e+07,6484.64,5.65992e+06,1.4784e+11,2.53682e+10
3.21256e+07,6676.61,5.65994e+06,1.47776e+11,2.57381e+10
3.21319e+07,6871.36,5.65996e+06,1.47711e+11,2.61078e+10
3.21383e+07,7068.89,5.65997e+06,1.47646e+11,2.64774e+10
3.21446e+07,7269.2,5.65999e+06,1.47579e+11,2.68469e+10
3.21509e+07,7472.28,5.66001e+06,1.47511e+11,2.72161e+10
3.21572e+07,7678.14,5.66003e+06,1.47443e+11,2.75852e+10
3.21635e+07,7886.77,5.66005e+06,1.47373e+11,2.79541e+10
3.21698e+07,8098.17,5.66007e+06,1.47303e+11,2.83229e+10
3.21761e+07,8312.34,5.66009e+06,1.47232e+11,2.86914e+10
3.21824e+07,8529.28,5.66011e+06,1.47159e+11,2.90598e+10
3.21888e+07,8748.99,5.66013e+06,1.47086e+11,2.9428e+10
3.21951e+07,8971.46,5.66015e+06,1.47012e+11,2.9796e+10
3.22014e+07,9196.7,5.66018e+06,1.46937e+11,3.01639e+10
3.22077e+07,9424.7,5.6602e+06,1.46861e+11,3.05315e+10
3.2214e+07,9655.46,5.66022e+06,1.46784e+11,3.0899e+10
3.22203e+07,9888.99,5.66025e+06,1.46706e+11,3.12662e+10
3.22266e+07,10125.3,5.66027e+06,1.46628e+11,3.16333e+10
3.22329e+07,10364.3,5.6603e+06,1.46548e+11,3.20002e+10
3.22392e+07,10606.1,5.66033e+06,1.46468e+11,3.23668e+10
3.22456e+07,10850.7,5.66035e+06,1.46386e+11,3.27333e+10
3.22519e+07,11098,5.66038e+06,1.46304e+11,3.30995e+10
3.22582e+07,11348,5.66041e+06,1.4622e+11,3.34656e+10
3.22645e+07,11600.8,5.66044e+06,1.46136e+11,3.38314e+10
3.22708e+07,11856.4,5.66047e+06,1.46051e+11,3.41971e+10
3.22771e+07,12114.7,5.6605e+06,1.45965e+11,3.45625e+10
3.22834e+07,12375.7,5.66053e+06,1.45878e+11,3.49277e+10
3.22897e+07,12639.5,5.66056e+06,1.4579e+11,3.52926e+10
3.2296e+07,12906,5.66059e+06,1.45702e+11,3.56574e+10
3.23024e+07,13175.3,5.66062e+06,1.45612e+11,3.60219e+10
3.23087e+07,13447.3,5.66066e+06,1.45521e+11,3.63862e+10
3.2315e+07,13722.1,5.66069e+06,1.4543e+11,3.67503e+10
3.23213e+07,13999.5,5.66073e+06,1.45337e+11,3.71142e+10
3.23276e+07,14279.8,5.66076e+06,1.45244e+11,3.74778e+10
3.23339e+07,14562.7,5.6608e+06,1.4515e+11,3.78412e+10
3.23402e+07,14848.4,5.66083e+06,1.45055e+11,3.82043e+10
3.23465e+07,15136.8,5.66087e+06,1.44959e+11,3.85672e+10
3.23529e+07,15427.9,5.66091e+06,1.44862e+11,3.89299e+10
3.23592e+07,15721.8,5.66095e+06,1.44764e+11,3.92923e+10
3.23655e+07,16018.3,5.66099e+06,1.44665e+11,3.96545e+10
3.23718e+07,16317.6,5.66103e+06,1.44565e+11,4.00164e+10
3.23781e+07,16619.6,5.66107e+06,1.44465e+11,4.03781e+10
3.23844e+07,16924.4,5.66111e+06,1.44363e+11,4.07395e+10
3.23907e+07,17231.8,5.66115e+06,1.44261e+11,4.11007e+10
3.2397e+07,17542,5.6612e+06,1.44158e+11,4.14616e+10
3.24033e+07,17854.8,5.66124e+06,1.44053e+11,4.18223e+10
3.24097e+07,18170.4,5.66129e+06,1.43948e+11,4.21826e+10
3.2416e+07,18488.7,5.66133e+06,1.43842e+11,4.25428e+10
3.24223e+07,18809.7,5.66138e+06,1.43735e+11,4.29026e+10
3.24286e+07,19133.4,5.66143e+06,1.43628e+11,4.32622e+10
3.24349e+07,19459.8,5.66148e+06,1.43519e+11,4.36215e+10
3.24412e+07,19788.9,5.66152e+06,1.43409e+11,4.39806e+10
3.24475e+07,20120.7,5.66157e+06,1.43299e+11,4.43394e+10
3.24538e+07,20455.2,5.66163e+06,1.43187e+11,4.46979e+10
3.24601e+07,20792.4,5.66168e+06,1.43075e+11,4.50561e+10
3.24665e+07,21132.2,5.66173e+06,1.42962e+11,4.5414e+10
3.24728e+07,21474.8,5.66178e+06,1.42848e+11,4.57716e+10
3.24791e+07,21820,5.66184e+06,1.42733e+11,4.6129e+10
3.24854e+07,22168,5.66189e+06,1.42617e+11,4.64861e+10
3.24917e+07,22518.6,5.66195e+06,1.425e+11,4.68429e+10
3.2498e+07,22871.9,5.662e+06,1.42382e+11,4.71993e+10
3.25043e+07,23227.8,5.66206e+06,1.42264e+11,4.75555e+10
3.25106e+07,23586.5,5.66212e+06,1.42144e+11,4.79114e+10
3.2517e+07,23947.8,5.66218e+06,1.42024e+11,4.8267e+10
3.25233e+07,24311.8,5.66224e+06,1.41903e+11,4.86223e+10
3.25296e+07,24678.4,5.6623e+06,1.41781e+11,4.89773e+10
3.25359e+07,25047.8,5.66236e+06,1.41658e+11,4.9332e+10
3.25422e+07,25419.7,5.66243e+06,1.41534e+11,4.96864e+10
3.25485e+07,25794.4,5.66249e+06,1.41409e+11,5.00404e+10
3.25548e+07,26171.7,5.66256e+06,1.41283e+11,5.03942e+10
3.25611e+07,26551.7,5.66262e+06,1.41157e+11,5.07476e+10
3.25674e+07,26934.3,5.66269e+06,1.41029e+11,5.11007e+10
3.25738e+07,27319.6,5.66276e+06,1.40901e+11,5.14535e+10
3.25801e+07,27707.5,5.66283e+06,1.40772e+11,5.1806e+10
3.25864e+07,28098.1,5.6629e+06,1.40642e+11,5.21581e+10
3.25927e+07,28491.3,5.66297e+06,1.40511e+11,5.25099e+10
3.2599e+07,28887.1,5.66304e+06,1.40379e+11,5.28614e+10
3.26053e+07,29285.6,5.66311e+06,1.40246e+11,5.32126e+10
3.26116e+07,29686.8,5.66319e+06,1.40113e+11,5.35634e+10
3.26179e+07,30090.5,5.66326e+06,1.39978e+11,5.39139e+10
3.26242e+07,30496.9,5.66334e+06,1.39843e+11,5.4264e+10
3.26306e+07,30906,5.66341e+06,1.39707e+11,5.46139e+10
3.26369e+07,31317.6,5.66349e+06,1.3957e+11,5.49633e+10
3.26432e+07,31731.9,5.66357e+06,1.39432e+11,5.53125e+10
3.26495e+07,32148.8,5.66365e+06,1.39293e+11,5.56612e+10
3.26558e+07,32568.3,5.66373e+06,1.39153e+11,5.60097e+10
3.26621e+07,32990.5,5.66381e+06,1.39012e+11,5.63578e+10
3.26684e+07,33415.2,5.6639e+06,1.38871e+11,5.67055e+10
3.26747e+07,33842.6,5.66398e+06,1.38729e+11,5.70529e+10
3.26811e+07,34272.6,5.66406e+06,1.38585e+11,5.73999e+10
3.26874e+07,34705.2,5.66415e+06,1.38441e+11,5.77465e+10
3.26937e+07,35140.4,5.66424e+06,1.38296e+11,5.80928e+10
3.27e+07,35578.1,5.66433e+06,1.38151e+11,5.84388e+10
3.27063e+07,36018.5,5.66442e+06,1.38004e+11,5.87843e+10
3.27126e+07,36461.5,5.66451e+06,1.37856e+11,5.91295e+10
3.27189e+07,36907.1,5.6646e+06,1.37708e+11,5.94743e+10
3.27252e+07,37355.2,5.66469e+06,1.37559e+11,5.98188e+10
3.27315e+07,37806,5.66479e+06,1.37409e+11,6.01629e+10
3.27379e+07,38259.3,5.66488e+06,1.37258e+11,6.05066e+10
3.27442e+07,38715.3,5.66498e+06,1.37106e+11,6.08499e+10
3.27505e+07,39173.7,5.66508e+06,1.36953e+11,6.11928e+10
3.27568e+07,39634.8,5.66517e+06,1.36799e+11,6.15354e+10
3.27631e+07,40098.5,5.66527e+06,1.36645e+11,6.18776e+10
3.27694e+07,40564.7,5.66537e+06,1.3649e+11,6.22194e+10
3.27757e+07,41033.5,5.66548e+06,1.36334e+11,6.25608e+10
3.2782e+07,41504.8,5.66558e+06,1.36177e+11,6.29018e+10
3.27883e+07,41978.7,5.66568e+06,1.36019e+11,6.32424e+10
3.27947e+07,42455.2,5.66579e+06,1.3586e+11,6.35826e+10
3.2801e+07,42934.2,5.6659e+06,1.35701e+11,6.39224e+10
3.28073e+07,43415.7,5.666e+06,1.3554e+11,6.42618e+10
3.28136e+07,43899.9,5.66611e+06,1.35379e+11,6.46008e+10
3.28199e+07,44386.5,5.66622e+06,1.35217e+11,6.49394e+10
3.28262e+07,44875.7,5.66634e+06,1.35054e+11,6.52777e+10
3.28325e+07,45367.5,5.66645e+06,1.3489e+11,6.56154e+10
3.28388e+07,45861.8,5.66656e+06,1.34726e+11,6.59528e+10
3.28452e+07,46358.6,5.66668e+06,1.3456e+11,6.62898e+10
3.28515e+07,46857.9,5.6668e+06,1.34394e+11,6.66264e+10
3.28578e+07,47359.8,5.66691e+06,1.34227e+11,6.69625e+10
3.28641e+07,47864.2,5.66703e+06,1.34059e+11,6.72982e+10
3.28704e+07,48371.1,5.66715e+06,1.3389e+11,6.76335e+10
3.28767e+07,48880.6,5.66727e+06,1.3372e+11,6.79684e+10
3.2883e+07,49392.5,5.6674e+06,1.3355e+11,6.83028e+10
3.28893e+07,49907,5.66752e+06,1.33378e+11,6.86368e+10
3.28956e+07,50424,5.66765e+06,1.33206e+11,6.89704e+10
3.2902e+07,50943.4,5.66777e+06,1.33033e+11,6.93036e+10
3.29083e+07,51465.4,5.6679e+06,1.32859e+11,6.96363e+10
3.29146e+07,51989.9,5.66803e+06,1.32685e+11,6.99686e+10
3.29209e+07,52516.9,5.66816e+06,1.32509e+11,7.03004e+10
3.29272e+07,53046.3,5.66829e+06,1.32333e+11,7.06319e+10
3.29335e+07,53578.3,5.66843e+06,1.32156e+11,7.09628e+10
3.29398e+07,54112.7,5.66856e+06,1.31978e+11,7.12933e+10
3.29461e+07,54649.7,5.6687e+06,1.31799e+11,7.16234e+10
3.29524e+07,55189.1,5.66884e+06,1.31619e+11,7.1953e+10
3.29588e+07,55730.9,5.66898e+06,1.31439e+11,7.22822e+10
3.29651e+07,56275.3,5.66912e+06,1.31257e+11,7.26109e+10
3.29714e+07,56822.1,5.66926e+06,1.31075e+11,7.29392e+10
3.29777e+07,57371.4,5.6694e+06,1.30892e+11,7.3267e+10
3.2984e+07,57923.1,5.66954e+06,1.30708e+11,7.35944e+10
3.29903e+07,58477.3,5.66969e+06,1.30524e+11,7.39213e+10
3.29966e+07,59034,5.66984e+06,1.30338e+11,7.42477e+10
3.30029e+07,59593.1,5.66999e+06,1.30152e+11,7.45737e+10
3.30092e+07,60154.6,5.67014e+06,1.29965e+11,7.48992e+10
3.30156e+07,60718.6,5.67029e+06,1.29777e+11,7.52242e+10
3.30219e+07,61285.1,5.67044e+06,1.29589e+11,7.55488e+10
3.30282e+07,61854,5.67059e+06,1.29399e+11,7.58728e+10
3.30345e+07,62425.3,5.67075e+06,1.29209e+11,7.61964e+10
3.30408e+07,62999,5.67091e+06,1.29018e+11,7.65196e+10
3.30471e+07,63575.2,5.67106e+06,1.28826e+11,7.68422e+10
3.30534e+07,64153.8,5.67122e+06,1.28633e+11,7.71644e+10
3.30597e+07,64734.8,5.67139e+06,1.2844e+11,7.74861e+10
3.30661e+07,65318.2,5.67155e+06,1.28245e+11,7.78073e+10
3.30724e+07,65904,5.67171e+06,1.2805e+11,7.8128e+10
3.30787e+07,66492.3,5.67188e+06,1.27854e+11,7.84482e+10
3.3085e+07,67082.9,5.67204e+06,1.27658e+11,7.8768e+10
3.30913e+07,67676,5.67221e+06,1.2746e+11,7.90872e+10
3.30976e+07,68271.4,5.67238e+06,1.27262e+11,7.94059e+10
3.31039e+07,68869.3,5.67256e+06,1.27063e+11,7.97242e+10
3.31102e+07,69469.5,5.67273e+06,1.26863e+11,8.00419e+10
3.31165e+07,70072.1,5.6729e+06,1.26662e+11,8.03592e+10
3.31229e+07,70677.1,5.67308e+06,1.26461e+11,8.06759e+10
3.31292e+07,71284.5,5.67326e+06,1.26258e+11,8.09922e+10
3.31355e+07,71894.2,5.67344e+06,1.26055e+11,8.13079e+10
3.31418e+07,72506.3,5.67362e+06,1.25851e+11,8.16231e+10
3.31481e+07,73120.8,5.6738e+06,1.25647e+11,8.19378e+10
3.31544e+07,73737.7,5.67398e+06,1.25441e+11,8.2252e+10
3.31607e+07,74356.9,5.67417e+06,1.25235e+11,8.25657e+10
3.3167e+07,74978.4,5.67435e+06,1.25028e+11,8.28789e+10
3.31733e+07,75602.4,5.67454e+06,1.2482e+11,8.31915e+10
3.31797e+07,76228.6,5.67473e+06,1.24612e+11,8.35037e+10
3.3186e+07,76857.2,5.67492e+06,1.24402e+11,8.38153e+10
3.31923e+07,77488.2,5.67512e+06,1.24192e+11,8.41263e+10
3.31986e+07,78121.5,5.67531e+06,1.23981e+11,8.44369e+10
3.32049e+07,78757.1,5.67551e+06,1.2377e+11,8.47469e+10
3.32112e+07,79395,5.67571e+06,1.23557e+11,8.50564e+10
3.32175e+07,80035.3,5.67591e+06,1.23344e+11,8.53654e+10
3.32238e+07,80677.9,5.67611e+06,1.2313e+11,8.56738e+10
3.32302e+07,81322.8,5.67631e+06,1.22915e+11,8.59817e+10
3.32365e+07,81970,5.67651e+06,1.227e+11,8.6289e+10
3.32428e+07,82619.5,5.67672e+06,1.22483e+11,8.65958e+10
3.32491e+07,83271.3,5.67693e+06,1.22266e+11,8.69021e+10
3.32554e+07,83925.4,5.67714e+06,1.22048e+11,8.72078e+10
3.32617e+07,84581.8,5.67735e+06,1.2183e+11,8.7513e+10
3.3268e+07,85240.6,5.67756e+06,1.2161e+11,8.78176e+10
3.32743e+07,85901.5,5.67777e+06,1.2139e+11,8.81217e+10
3.32806e+07,86564.8,5.67799e+06,1.21169e+11,8.84252e+10
3.3287e+07,87230.4,5.67821e+06,1.20948e+11,8.87282e+10
3.32933e+07,87898.2,5.67843e+06,1.20725e+11,8.90306e+10
3.32996e+07,88568.3,5.67865e+06,1.20502e+11,8.93325e+10
3.33059e+07,89240.7,5.67887e+06,1.20278e+11,8.96338e+10
3.33122e+07,89915.3,5.67909e+06,1.20053e+11,8.99345e+10
3.33185e+07,90592.2,5.67932e+06,1.19828e+11,9.02347e+10
3.33248e+07,91271.3,5.67955e+06,1.19602e+11,9.05343e+10
3.33311e+07,91952.7,5.67978e+06,1.19375e+11,9.08333e+10
3.33374e+07,92636.4,5.68001e+06,1.19147e+11,9.11318e+10
3.33438e+07,93322.2,5.68024e+06,1.18919e+11,9.14297e+10
3.33501e+07,94010.3,5.68048e+06,1.18689e+11,9.17271e+10
3.33564e+07,94700.7,5.68071e+06,1.1846e+11,9.20238e+10
3.33627e+07,95393.3,5.68095e+06,1.18229e+11,9.232e+10
3.3369e+07,96088.1,5.68119e+06,1.17997e+11,9.26156e+10
3.33753e+07,96785.1,5.68143e+06,1.17765e+11,9.29106e+10
3.33816e+07,97484.3,5.68167e+06,1.17532e+11,9.3205e+10
3.33879e+07,98185.7,5.68192e+06,1.17299e+11,9.34989e+10
3.33943e+07,98889.4,5.68216e+06,1.17064e+11,9.37922e+10
3.34006e+07,99595.2,5.68241e+06,1.16829e+11,9.40849e+10
3.34069e+07,100303,5.68266e+06,1.16594e+11,9.43769e+10
3.34132e+07,101014,5.68292e+06,1.16357e+11,9.46684e+10
3.34195e+07,101726,5.68317e+06,1.1612e+11,9.49594e+10
3.34258e+07,102441,5.68342e+06,1.15882e+11,9.52497e+10
3.34321e+07,103157,5.68368e+06,1.15643e+11,9.55394e+10
3.34384e+07,103876,5.68394e+06,1.15404e+11,9.58285e+10
3.34447e+07,104597,5.6842e+06,1.15163e+11,9.6117e+10
3.34511e+07,105321,5.68446e+06,1.14922e+11,9.64049e+10
3.34574e+07,106046,5.68473e+06,1.14681e+11,9.66923e+10
3.34637e+07,106774,5.685e+06,1.14439e+11,9.6979e+10
3.347e+07,107504,5.68526e+06,1.14195e+11,9.72651e+10
3.34763e+07,108235,5.68553e+06,1.13952e+11,9.75506e+10
3.34826e+07,108970,5.68581e+06,1.13707e+11,9.78354e+10
3.34889e+07,109706,5.68608e+06,1.13462e+11,9.81197e+10
3.34952e+07,110444,5.68635e+06,1.13216e+11,9.84034e+10
3.35015e+07,111185,5.68663e+06,1.1297e+11,9.86864e+10
3.35079e+07,111927,5.68691e+06,1.12722e+11,9.89688e+10
3.35142e+07,112672,5.68719e+06,1.12474e+11,9.92506e+10
3.35205e+07,113419,5.68747e+06,1.12225e+11,9.95318e+10
3.35268e+07,114168,5.68776e+06,1.11976e+11,9.98123e+10
3.35331e+07,114919,5.68805e+06,1.11726e+11,1.00092e+11
3.35394e+07,115672,5.68833e+06,1.11475e+11,1.00372e+11
3.35457e+07,116427,5.68863e+06,1.11223e+11,1.0065e+11
3.3552e+07,117184,5.68892e+06,1.10971e+11,1.00928e+11
3.35584e+07,117944,5.68921e+06,1.10718e+11,1.01206e+11
3.35647e+07,118705,5.68951e+06,1.10465e+11,1.01482e+11
3.3571e+07,119469,5.68981e+06,1.1021e+11,1.01759e+11
3.35773e+07,120234,5.69011e+06,1.09955e+11,1.02034e+11
3.35836e+07,121002,5.69041e+06,1.097e+11,1.02309e+11
3.35899e+07,121772,5.69071e+06,1.09443e+11,1.02583e+11
3.35962e+07,122544,5.69102e+06,1.09186e+11,1.02857e+11
3.36025e+07,123318,5.69132e+06,1.08929e+11,1.0313e+11
3.36088e+07,124094,5.69163e+06,1.0867e+11,1.03402e+11
3.36152e+07,124872,5.69195e+06,1.08411e+11,1.03674e+11
3.36215e+07,125652,5.69226e+06,1.08151e+11,1.03945e+11
3.36278e+07,126434,5.69258e+06,1.07891e+11,1.04215e+11
3.36341e+07,127218,5.69289e+06,1.0763e+11,1.04485e+11
3.36404e+07,128004,5.69321e+06,1.07368e+11,1.04754e+11
3.36467e+07,128792,5.69353e+06,1.07105e+11,1.05022e+11
3.3653e+07,129582,5.69386e+06,1.06842e+11,1.0529e+11
3.36593e+07,130374,5.69418e+06,1.06578e+11,1.05557e+11
3.36656e+07,131168,5.69451e+06,1.06314e+11,1.05823e+11
3.3672e+07,131965,5.69484e+06,1.06049e+11,1.06089e+11
3.36783e+07,132763,5.69517e+06,1.05783e+11,1.06354e+11
3.36846e+07,133563,5.6955e+06,1.05516e+11,1.06619e+11
3.36909e+07,134365,5.69584e+06,1.05249e+11,1.06882e+11
3.36972e+07,135169,5.69618e+06,1.04981e+11,1.07145e+11
3.37035e+07,135975,5.69651e+06,1.04713e+11,1.07408e+11
3.37098e+07,136783,5.69686e+06,1.04444e+11,1.07669e+11
3.37161e+07,137593,5.6972e+06,1.04174e+11,1.07931e+11
3.37225e+07,138405,5.69754e+06,1.03904e+11,1.08191e+11
3.37288e+07,139219,5.69789e+06,1.03633e+11,1.08451e+11
3.37351e+07,140035,5.69824e+06,1.03361e+11,1.0871e+11
3.37414e+07,140853,5.69859e+06,1.03088e+11,1.08968e+11
3.37477e+07,141672,5.69895e+06,1.02815e+11,1.09226e+11
3.3754e+07,142494,5.6993e+06,1.02542e+11,1.09483e+11
3.37603e+07,143318,5.69966e+06,1.02267e+11,1.09739e+11
3.37666e+07,144143,5.70002e+06,1.01992e+11,1.09994e+11
3.37729e+07,144971,5.70038e+06,1.01717e+11,1.10249e+11
3.37793e+07,145800,5.70075e+06,1.01441e+11,1.10504e+11
3.37856e+07,146631,5.70111e+06,1.01164e+11,1.10757e+11
3.37919e+07,147465,5.70148e+06,1.00886e+11,1.1101e+11
3.37982e+07,148300,5.70185e+06,1.00608e+11,1.11262e+11
3.38045e+07,149137,5.70222e+06,1.00329e+11,1.11514e+11
3.38108e+07,149975,5.7026e+06,1.0005e+11,1.11764e+11
3.38171e+07,150816,5.70297e+06,9.977e+10,1.12014e+11
3.38234e+07,151659,5.70335e+06,9.94894e+10,1.12264e+11
3.38297e+07,152503,5.70373e+06,9.92081e+10,1.12512e+11
3.38361e+07,153350,5.70411e+06,9.89262e+10,1.1276e+11
3.38424e+07,154198,5.7045e+06,9.86437e+10,1.13007e+11
3.38487e+07,155048,5.70489e+06,9.83606e+10,1.13254e+11
3.3855e+07,155900,5.70527e+06,9.80769e+10,1.135e+11
3.38613e+07,156754,5.70567e+06,9.77925e+10,1.13745e+11
3.38676e+07,157609,5.70606e+06,9.75076e+10,1.13989e+11
3.38739e+07,158467,5.70645e+06,9.7222e+10,1.14233e+11
3.38802e+07,159326,5.70685e+06,9.69358e+10,1.14476e+11
3.38866e+07,160187,5.70725e+06,9.6649e+10,1.14718e+11
3.38929e+07,161050,5.70765e+06,9.63617e+10,1.1496e+11
3.38992e+07,161915,5.70806e+06,9.60737e+10,1.152e+11
3.39055e+07,162781,5.70846e+06,9.57851e+10,1.15441e+11
3.39118e+07,163649,5.70887e+06,9.54959e+10,1.1568e+11
3.39181e+07,164520,5.70928e+06,9.52061e+10,1.15919e+11
3.39244e+07,165391,5.7097e+06,9.49157e+10,1.16156e+11
3.39307e+07,166265,5.71011e+06,9.46247e+10,1.16394e+11
3.3937e+07,167141,5.71053e+06,9.43331e+10,1.1663e+11
3.39434e+07,168018,5.71095e+06,9.40409e+10,1.16866e+11
3.39497e+07,168897,5.71137e+06,9.37482e+10,1.17101e+11
3.3956e+07,169778,5.71179e+06,9.34548e+10,1.17335e+11
3.39623e+07,170660,5.71222e+06,9.31609e+10,1.17569e+11
3.39686e+07,171544,5.71265e+06,9.28664e+10,1.17801e+11
3.39749e+07,172431,5.71308e+06,9.25713e+10,1.18033e+11
3.39812e+07,173318,5.71351e+06,9.22756e+10,1.18265e+11
3.39875e+07,174208,5.71395e+06,9.19794e+10,1.18495e+11
3.39938e+07,175099,5.71438e+06,9.16825e+10,1.18725e+11
3.40002e+07,175992,5.71482e+06,9.13851e+10,1.18954e+11
3.40065e+07,176887,5.71526e+06,9.10871e+10,1.19183e+11
3.40128e+07,177783,5.71571e+06,9.07886e+10,1.1941e+11
3.40191e+07,178681,5.71615e+06,9.04895e+10,1.19637e+11
3.40254e+07,179581,5.7166e+06,9.01898e+10,1.19863e+11
3.40317e+07,180482,5.71705e+06,8.98895e+10,1.20088e+11
3.4038e+07,181386,5.71751e+06,8.95887e+10,1.20313e+11
3.40443e+07,182291,5.71796e+06,8.92874e+10,1.20537e+11
3.40507e+07,183197,5.71842e+06,8.89854e+10,1.2076e+11
3.4057e+07,184105,5.71888e+06,8.86829e+10,1.20982e+11
3.40633e+07,185015,5.71934e+06,8.83799e+10,1.21204e+11
3.40696e+07,185927,5.7198e+06,8.80763e+10,1.21425e+11
3.40759e+07,186840,5.72027e+06,8.77721e+10,1.21645e+11
3.40822e+07,187755,5.72074e+06,8.74674e+10,1.21864e+11
3.40885e+07,188671,5.72121e+06,8.71622e+10,1.22082e+11
3.40948e+07,189590,5.72168e+06,8.68564e+10,1.223e+11
3.41011e+07,190509,5.72216e+06,8.65501e+10,1.22517e+11
3.41075e+07,191431,5.72264e+06,8.62432e+10,1.22733e+11
3.41138e+07,192354,5.72312e+06,8.59358e+10,1.22949e+11
3.41201e+07,193278,5.7236e+06,8.56278e+10,1.23164e+11
3.41264e+07,194205,5.72408e+06,8.53193e+10,1.23377e+11
3.41327e+07,195133,5.72457e+06,8.50103e+10,1.23591e+11
3.4139e+07,196062,5.72506e+06,8.47007e+10,1.23803e+11
3.41453e+07,196993,5.72555e+06,8.43906e+10,1.24015e+11
3.41516e+07,197926,5.72605e+06,8.408e+10,1.24225e+11
3.41579e+07,198860,5.72654e+06,8.37689e+10,1.24435e+11
3.41643e+07,199796,5.72704e+06,8.34572e+10,1.24645e+11
3.41706e+07,200733,5.72754e+06,8.3145e+10,1.24853e+11
3.41769e+07,201672,5.72805e+06,8.28323e+10,1.25061e+11
3.41832e+07,202612,5.72855e+06,8.25191e+10,1.25268e+11
3.41895e+07,203555,5.72906e+06,8.22053e+10,1.25474e+11
3.41958e+07,204498,5.72957e+06,8.1891e+10,1.25679e+11
3.42021e+07,205443,5.73009e+06,8.15763e+10,1.25884e+11
3.42084e+07,206390,5.7306e+06,8.1261e+10,1.26088e+11
3.42147e+07,207338,5.73112e+06,8.09452e+10,1.26291e+11
3.42211e+07,208288,5.73164e+06,8.06289e+10,1.26493e+11
3.42274e+07,209239,5.73216e+06,8.03121e+10,1.26694e+11
3.42337e+07,210192,5.73269e+06,7.99947e+10,1.26895e+11
3.424e+07,211146,5.73321e+06,7.96769e+10,1.27095e+11
3.42463e+07,212102,5.73374e+06,7.93586e+10,1.27294e+11
3.42526e+07,213059,5.73427e+06,7.90398e+10,1.27492e+11
3.42589e+07,214018,5.73481e+06,7.87205e+10,1.27689e+11
3.42652e+07,214978,5.73535e+06,7.84007e+10,1.27886e+11
3.42716e+07,215940,5.73589e+06,7.80804e+10,1.28082e+11
3.42779e+07,216903,5.73643e+06,7.77596e+10,1.28277e+11
3.42842e+07,217867,5.73697e+06,7.74384e+10,1.28471e+11
3.42905e+07,218833,5.73752e+06,7.71166e+10,1.28664e+11
3.42968e+07,219801,5.73807e+06,7.67944e+10,1.28857e+11
3.43031e+07,220770,5.73862e+06,7.64717e+10,1.29049e+11
3.43094e+07,221740,5.73917e+06,7.61485e+10,1.2924e+11
3.43157e+07,222712,5.73973e+06,7.58248e+10,1.2943e+11
3.4322e+07,223685,5.74029e+06,7.55007e+10,1.29619e+11
3.43284e+07,224660,5.74085e+06,7.5176e+10,1.29808e+11
3.43347e+07,225636,5.74141e+06,7.48509e+10,1.29995e+11
3.4341e+07,226614,5.74198e+06,7.45254e+10,1.30182e+11
3.43473e+07,227592,5.74254e+06,7.41994e+10,1.30368e+11
3.43536e+07,228573,5.74312e+06,7.38729e+10,1.30554e+11
3.43599e+07,229554,5.74369e+06,7.35459e+10,1.30738e+11
3.43662e+07,230538,5.74426e+06,7.32185e+10,1.30922e+11
3.43725e+07,231522,5.74484e+06,7.28906e+10,1.31105e+11
3.43788e+07,232508,5.74542e+06,7.25623e+10,1.31287e+11
3.43852e+07,233495,5.74601e+06,7.22335e+10,1.31468e+11
3.43915e+07,234483,5.74659e+06,7.19043e+10,1.31648e+11
3.43978e+07,235473,5.74718e+06,7.15746e+10,1.31828e+11
3.44041e+07,236465,5.74777e+06,7.12445e+10,1.32006e+11
3.44104e+07,237457,5.74836e+06,7.09139e+10,1.32184e+11
3.44167e+07,238451,5.74896e+06,7.05829e+10,1.32361e+11
3.4423e+07,239446,5.74956e+06,7.02514e+10,1.32538e+11
3.44293e+07,240443,5.75016e+06,6.99195e+10,1.32713e+11
3.44357e+07,241441,5.75076e+06,6.95871e+10,1.32888e+11
3.4442e+07,242440,5.75137e+06,6.92544e+10,1.33061e+11
3.44483e+07,243440,5.75197e+06,6.89211e+10,1.33234e+11
3.44546e+07,244442,5.75258e+06,6.85875e+10,1.33406e+11
3.44609e+07,245445,5.7532e+06,6.82534e+10,1.33578e+11
3.44672e+07,246450,5.75381e+06,6.79189e+10,1.33748e+11
3.44735e+07,247455,5.75443e+06,6.7584e+10,1.33918e+11
3.44798e+07,248462,5.75505e+06,6.72486e+10,1.34086e+11
3.44861e+07,249470,5.75568e+06,6.69129e+10,1.34254e+11
3.44925e+07,250480,5.7563e+06,6.65767e+10,1.34421e+11
3.44988e+07,251490,5.75693e+06,6.62401e+10,1.34587e+11
3.45051e+07,252502,5.75756e+06,6.5903e+10,1.34753e+11
3.45114e+07,253515,5.75819e+06,6.55656e+10,1.34917e+11
3.45177e+07,254530,5.75883e+06,6.52278e+10,1.35081e+11
3.4524e+07,255545,5.75947e+06,6.48895e+10,1.35244e+11
3.45303e+07,256562,5.76011e+06,6.45508e+10,1.35406e+11
3.45366e+07,257580,5.76075e+06,6.42118e+10,1.35567e+11
3.45429e+07,258600,5.7614e+06,6.38723e+10,1.35727e+11
3.45493e+07,259620,5.76205e+06,6.35324e+10,1.35887e+11
3.45556e+07,260642,5.7627e+06,6.31922e+10,1.36045e+11
3.45619e+07,261665,5.76335e+06,6.28515e+10,1.36203e+11
3.45682e+07,262689,5.76401e+06,6.25105e+10,1.3636e+11
3.45745e+07,263714,5.76466e+06,6.2169e+10,1.36516e+11
3.45808e+07,264740,5.76533e+06,6.18272e+10,1.36671e+11
3.45871e+07,265768,5.76599e+06,6.14849e+10,1.36825e+11
3.45934e+07,266796,5.76666e+06,6.11423e+10,1.36979e+11
3.45998e+07,267826,5.76733e+06,6.07993e+10,1.37131e+11
3.46061e+07,268857,5.768e+06,6.0456e+10,1.37283e+11
3.46124e+07,269889,5.76867e+06,6.01122e+10,1.37434e+11
3.46187e+07,270923,5.76935e+06,5.97681e+10,1.37584e+11
3.4625e+07,271957,5.77003e+06,5.94236e+10,1.37733e+11
3.46313e+07,272992,5.77071e+06,5.90787e+10,1.37881e+11
3.46376e+07,274029,5.77139e+06,5.87335e+10,1.38029e+11
3.46439e+07,275067,5.77208e+06,5.83878e+10,1.38175e+11
3.46502e+07,276106,5.77277e+06,5.80419e+10,1.38321e+11
3.46566e+07,277145,5.77346e+06,5.76955e+10,1.38466e+11
3.46629e+07,278186,5.77416e+06,5.73488e+10,1.3861e+11
3.46692e+07,279229,5.77486e+06,5.70018e+10,1.38753e+11
3.46755e+07,280272,5.77556e+06,5.66543e+10,1.38895e+11
3.46818e+07,281316,5.77626e+06,5.63066e+10,1.39036e+11
3.46881e+07,282361,5.77696e+06,5.59584e+10,1.39177e+11
3.46944e+07,283407,5.77767e+06,5.561e+10,1.39317e+11
3.47007e+07,284455,5.77838e+06,5.52611e+10,1.39455e+11
3.4707e+07,285503,5.7791e+06,5.4912e+10,1.39593e+11
3.47134e+07,286553,5.77981e+06,5.45624e+10,1.3973e+11
3.47197e+07,287603,5.78053e+06,5.42126e+10,1.39866e+11
3.4726e+07,288655,5.78125e+06,5.38624e+10,1.40001e+11
3.47323e+07,289707,5.78197e+06,5.35119e+10,1.40136e+11
3.47386e+07,290760,5.7827e+06,5.3161e+10,1.40269e+11
3.47449e+07,291815,5.78343e+06,5.28098e+10,1.40402e+11
3.47512e+07,292870,5.78416e+06,5.24582e+10,1.40534e+11
3.47575e+07,293927,5.7849e+06,5.21064e+10,1.40665e+11
3.47639e+07,294984,5.78563e+06,5.17542e+10,1.40794e+11
3.47702e+07,296043,5.78637e+06,5.14017e+10,1.40924e+11
3.47765e+07,297102,5.78711e+06,5.10488e+10,1.41052e+11
3.47828e+07,298163,5.78786e+06,5.06957e+10,1.41179e+11
3.47891e+07,299224,5.78861e+06,5.03422e+10,1.41305e+11
3.47954e+07,300286,5.78936e+06,4.99884e+10,1.41431e+11
3.48017e+07,301349,5.79011e+06,4.96343e+10,1.41556e+11
3.4808e+07,302413,5.79087e+06,4.92799e+10,1.41679e+11
3.48143e+07,303478,5.79162e+06,4.89252e+10,1.41802e+11
3.48207e+07,304544,5.79238e+06,4.85702e+10,1.41924e+11
3.4827e+07,305611,5.79315e+06,4.82148e+10,1.42045e+11
3.48333e+07,306679,5.79391e+06,4.78592e+10,1.42166e+11
3.48396e+07,307748,5.79468e+06,4.75033e+10,1.42285e+11
3.48459e+07,308817,5.79545e+06,4.7147e+10,1.42403e+11
3.48522e+07,309888,5.79623e+06,4.67905e+10,1.42521e+11
3.48585e+07,310959,5.79701e+06,4.64337e+10,1.42638e+11
3.48648e+07,312031,5.79779e+06,4.60766e+10,1.42753e+11
3.48711e+07,313105,5.79857e+06,4.57192e+10,1.42868e+11
3.48775e+07,314179,5.79935e+06,4.53615e+10,1.42982e+11
3.48838e+07,315253,5.80014e+06,4.50035e+10,1.43095e+11
3.48901e+07,316329,5.80093e+06,4.46453e+10,1.43208e+11
3.48964e+07,317405,5.80172e+06,4.42868e+10,1.43319e+11
3.49027e+07,318483,5.80252e+06,4.3928e+10,1.43429e+11
3.4909e+07,319561,5.80332e+06,4.35689e+10,1.43539e+11
3.49153e+07,320640,5.80412e+06,4.32095e+10,1.43647e+11
3.49216e+07,321720,5.80492e+06,4.28499e+10,1.43755e+11
3.4928e+07,322800,5.80573e+06,4.249e+10,1.43862e+11
3.49343e+07,323882,5.80654e+06,4.21298e+10,1.43968e+11
3.49406e+07,324964,5.80735e+06,4.17694e+10,1.44073e+11
3.49469e+07,326047,5.80816e+06,4.14087e+10,1.44177e+11
3.49532e+07,327131,5.80898e+06,4.10478e+10,1.4428e+11
3.49595e+07,328215,5.8098e+06,4.06866e+10,1.44382e+11
3.49658e+07,329300,5.81062e+06,4.03251e+10,1.44484e+11
3.49721e+07,330386,5.81145e+06,3.99634e+10,1.44584e+11
3.49784e+07,331473,5.81228e+06,3.96015e+10,1.44684e+11
3.49848e+07,332561,5.81311e+06,3.92392e+10,1.44782e+11
3.49911e+07,333649,5.81394e+06,3.88768e+10,1.4488e+11
3.49974e+07,334738,5.81478e+06,3.85141e+10,1.44977e+11
3.50037e+07,335828,5.81562e+06,3.81512e+10,1.45073e+11
3.501e+07,336918,5.81646e+06,3.7788e+10,1.45168e+11
3.50163e+07,338009,5.81731e+06,3.74246e+10,1.45262e+11
3.50226e+07,339101,5.81815e+06,3.70609e+10,1.45355e+11
3.50289e+07,340194,5.819e+06,3.6697e+10,1.45447e+11
3.50352e+07,341287,5.81986e+06,3.63329e+10,1.45539e+11
3.50416e+07,342381,5.82071e+06,3.59686e+10,1.45629e+11
3.50479e+07,343476,5.82157e+06,3.5604e+10,1.45719e+11
3.50542e+07,344571,5.82243e+06,3.52392e+10,1.45807e+11
3.50605e+07,345667,5.82329e+06,3.48742e+10,1.45895e+11
3.50668e+07,346763,5.82416e+06,3.4509e+10,1.45982e+11
3.50731e+07,347861,5.82503e+06,3.41436e+10,1.46068e+11
3.50794e+07,348958,5.8259e+06,3.37779e+10,1.46153e+11
3.50857e+07,350057,5.82678e+06,3.3412e+10,1.46237e+11
3.50921e+07,351156,5.82765e+06,3.3046e+10,1.4632e+11
3.50984e+07,352256,5.82853e+06,3.26797e+10,1.46402e+11
3.51047e+07,353356,5.82942e+06,3.23132e+10,1.46484e+11
3.5111e+07,354457,5.8303e+06,3.19465e+10,1.46564e+11
3.51173e+07,355559,5.83119e+06,3.15796e+10,1.46644e+11
3.51236e+07,356661,5.83208e+06,3.12125e+10,1.46722e+11
3.51299e+07,357764,5.83298e+06,3.08452e+10,1.468e+11
3.51362e+07,358867,5.83387e+06,3.04778e+10,1.46877e+11
3.51425e+07,359971,5.83477e+06,3.01101e+10,1.46952e+11
3.51489e+07,361076,5.83567e+06,2.97422e+10,1.47027e+11
3.51552e+07,362181,5.83658e+06,2.93742e+10,1.47101e+11
3.51615e+07,363286,5.83749e+06,2.9006e+10,1.47174e+11
3.51678e+07,364392,5.8384e+06,2.86376e+10,1.47246e+11
3.51741e+07,365499,5.83931e+06,2.8269e+10,1.47318e+11
3.51804e+07,366606,5.84023e+06,2.79002e+10,1.47388e+11
3.51867e+07,367714,5.84115e+06,2.75313e+10,1.47457e+11
3.5193e+07,368822,5.84207e+06,2.71621e+10,1.47526e+11
3.51993e+07,369931,5.84299e+06,2.67929e+10,1.47593e+11
3.52057e+07,371040,5.84392e+06,2.64234e+10,1.4766e+11
3.5212e+07,372150,5.84485e+06,2.60538e+10,1.47726e+11
3.52183e+07,373260,5.84578e+06,2.5684e+10,1.4779e+11
3.52246e+07,374371,5.84672e+06,2.53141e+10,1.47854e+11
3.52309e+07,375482,5.84766e+06,2.4944e+10,1.47917e+11
3.52372e+07,376594,5.8486e+06,2.45737e+10,1.47979e+11
3.52435e+07,377706,5.84954e+06,2.42033e+10,1.4804e+11
3.52498e+07,378819,5.85049e+06,2.38328e+10,1.481e+11
3.52562e+07,379932,5.85144e+06,2.3462e+10,1.48159e+11
3.52625e+07,381045,5.85239e+06,2.30912e+10,1.48218e+11
3.52688e+07,382159,5.85334e+06,2.27202e+10,1.48275e+11
3.52751e+07,383274,5.8543e+06,2.2349e+10,1.48331e+11
3.52814e+07,384389,5.85526e+06,2.19778e+10,1.48387e+11
3.52877e+07,385504,5.85623e+06,2.16063e+10,1.48441e+11
3.5294e+07,386619,5.85719e+06,2.12348e+10,1.48495e+11
3.53003e+07,387735,5.85816e+06,2.08631e+10,1.48548e+11
3.53066e+07,388852,5.85913e+06,2.04913e+10,1.48599e+11
3.5313e+07,389969,5.86011e+06,2.01193e+10,1.4865e+11
3.53193e+07,391086,5.86109e+06,1.97473e+10,1.487e+11
3.53256e+07,392203,5.86207e+06,1.93751e+10,1.48749e+11
3.53319e+07,393321,5.86305e+06,1.90027e+10,1.48797e+11
3.53382e+07,394439,5.86403e+06,1.86303e+10,1.48844e+11
3.53445e+07,395558,5.86502e+06,1.82577e+10,1.4889e+11
3.53508e+07,396677,5.86601e+06,1.78851e+10,1.48935e+11
3.53571e+07,397796,5.86701e+06,1.75123e+10,1.4898e+11
3.53634e+07,398916,5.86801e+06,1.71394e+10,1.49023e+11
3.53698e+07,400036,5.86901e+06,1.67664e+10,1.49066e+11
3.53761e+07,401156,5.87001e+06,1.63933e+10,1.49107e+11
3.53824e+07,402277,5.87101e+06,1.60201e+10,1.49148e+11
3.53887e+07,403397,5.87202e+06,1.56468e+10,1.49187e+11
3.5395e+07,404519,5.87303e+06,1.52734e+10,1.49226e+11
3.54013e+07,405640,5.87405e+06,1.48999e+10,1.49264e+11
3.54076e+07,406762,5.87506e+06,1.45263e+10,1.49301e+11
3.54139e+07,407884,5.87608e+06,1.41526e+10,1.49336e+11
3.54203e+07,409006,5.8771e+06,1.37788e+10,1.49371e+11
3.54266e+07,410128,5.87813e+06,1.3405e+10,1.49405e+11
3.54329e+07,411251,5.87916e+06,1.3031e+10,1.49438e+11
3.54392e+07,412374,5.88019e+06,1.2657e+10,1.49471e+11
3.54455e+07,413497,5.88122e+06,1.22829e+10,1.49502e+11
3.54518e+07,414621,5.88226e+06,1.19087e+10,1.49532e+11
3.54581e+07,415745,5.8833e+06,1.15345e+10,1.49561e+11
3.54644e+07,416869,5.88434e+06,1.11601e+10,1.4959e+11
3.54707e+07,417993,5.88538e+06,1.07857e+10,1.49617e+11
3.54771e+07,419117,5.88643e+06,1.04113e+10,1.49644e+11
3.54834e+07,420242,5.88748e+06,1.00367e+10,1.49669e+11
3.54897e+07,421366,5.88853e+06,9.66215e+09,1.49694e+11
3.5496e+07,422491,5.88959e+06,9.28749e+09,1.49718e+11
3.55023e+07,423616,5.89065e+06,8.91278e+09,1.4974e+11
3.55086e+07,424742,5.89171e+06,8.53801e+09,1.49762e+11
3.55149e+07,425867,5.89278e+06,8.16319e+09,1.49783e+11
3.55212e+07,426993,5.89384e+06,7.78832e+09,1.49803e+11
3.55275e+07,428118,5.89491e+06,7.4134e+09,1.49822e+11
3.55339e+07,429244,5.89599e+06,7.03843e+09,1.4984e+11
3.55402e+07,430370,5.89706e+06,6.66342e+09,1.49857e+11
3.55465e+07,431496,5.89814e+06,6.28836e+09,1.49874e+11
3.55528e+07,432622,5.89922e+06,5.91327e+09,1.49889e+11
3.55591e+07,433749,5.9003e+06,5.53814e+09,1.49903e+11
3.55654e+07,434875,5.90139e+06,5.16298e+09,1.49917e+11
3.55717e+07,436002,5.90248e+06,4.78778e+09,1.49929e+11
3.5578e+07,437128,5.90357e+06,4.41255e+09,1.49941e+11
3.55843e+07,438255,5.90467e+06,4.0373e+09,1.49951e+11
3.55907e+07,439382,5.90577e+06,3.66202e+09,1.49961e+11
3.5597e+07,440509,5.90687e+06,3.28671e+09,1.49969e+11
3.56033e+07,441636,5.90797e+06,2.91139e+09,1.49977e+11
3.56096e+07,442763,5.90908e+06,2.53605e+09,1.49984e+11
3.56159e+07,443890,5.91019e+06,2.16069e+09,1.4999e+11
3.56222e+07,445017,5.9113e+06,1.78532e+09,1.49995e+11
3.56285e+07,446144,5.91242e+06,1.40994e+09,1.49999e+11
3.56348e+07,447271,5.91353e+06,1.03455e+09,1.50002e+11
3.56412e+07,448398,5.91466e+06,6.59148e+08,1.50004e+11
3.56475e+07,449525,5.91578e+06,2.83746e+08,1.50005e+11
3.56538e+07,450652,5.91691e+06,-9.16576e+07,1.50005e+11
3.56601e+07,451779,5.91803e+06,-4.67061e+08,1.50005e+11
3.56664e+07,452907,5.91917e+06,-8.42461e+08,1.50003e+11
3.56727e+07,454034,5.9203e+06,-1.21786e+09,1.50001e+11
3.5679e+07,455161,5.92144e+06,-1.59324e+09,1.49997e+11
3.56853e+07,456288,5.92258e+06,-1.96862e+09,1.49993e+11
3.56916e+07,457415,5.92372e+06,-2.34398e+09,1.49987e+11
3.5698e+07,458542,5.92487e+06,-2.71933e+09,1.49981e+11
3.57043e+07,459669,5.92602e+06,-3.09467e+09,1.49974e+11
3.57106e+07,460796,5.92717e+06,-3.46998e+09,1.49965e+11
3.57169e+07,461923,5.92832e+06,-3.84527e+09,1.49956e+11
3.57232e+07,463049,5.92948e+06,-4.22054e+09,1.49946e+11
3.57295e+07,464176,5.93064e+06,-4.59578e+09,1.49935e+11
3.57358e+07,465303,5.93181e+06,-4.971e+09,1.49923e+11
3.57421e+07,466429,5.93297e+06,-5.34618e+09,1.4991e+11
3.57484e+07,467555,5.93414e+06,-5.72133e+09,1.49896e+11
3.57548e+07,468682,5.93531e+06,-6.09644e+09,1.49882e+11
3.57611e+07,469808,5.93649e+06,-6.47151e+09,1.49866e+11
3.57674e+07,470934,5.93766e+06,-6.84655e+09,1.49849e+11
3.57737e+07,472060,5.93884e+06,-7.22154e+09,1.49832e+11
3.578e+07,473186,5.94003e+06,-7.59648e+09,1.49813e+11
3.57863e+07,474311,5.94121e+06,-7.97138e+09,1.49794e+11
3.57926e+07,475437,5.9424e+06,-8.34623e+09,1.49773e+11
3.57989e+07,476562,5.94359e+06,-8.72102e+09,1.49752e+11
3.58053e+07,477687,5.94479e+06,-9.09576e+09,1.49729e+11
3.58116e+07,478812,5.94598e+06,-9.47045e+09,1.49706e+11
3.58179e+07,479937,5.94718e+06,-9.84507e+09,1.49682e+11
3.58242e+07,481062,5.94838e+06,-1.02196e+10,1.49657e+11
3.58305e+07,482186,5.94959e+06,-1.05941e+10,1.49631e+11
3.58368e+07,483310,5.9508e+06,-1.09686e+10,1.49604e+11
3.58431e+07,484434,5.95201e+06,-1.13429e+10,1.49576e+11
3.58494e+07,485558,5.95322e+06,-1.17172e+10,1.49547e+11
3.58557e+07,486682,5.95444e+06,-1.20914e+10,1.49517e+11
3.58621e+07,487805,5.95566e+06,-1.24656e+10,1.49487e+11
3.58684e+07,488928,5.95688e+06,-1.28397e+10,1.49455e+11
3.58747e+07,490051,5.95811e+06,-1.32136e+10,1.49422e+11
3.5881e+07,491174,5.95933e+06,-1.35875e+10,1.49389e+11
3.58873e+07,492296,5.96057e+06,-1.39614e+10,1.49354e+11
3.58936e+07,493418,5.9618e+06,-1.43351e+10,1.49319e+11
3.58999e+07,494540,5.96303e+06,-1.47087e+10,1.49283e+11
3.59062e+07,495662,5.96427e+06,-1.50823e+10,1.49245e+11
3.59125e+07,496783,5.96552e+06,-1.54557e+10,1.49207e+11
3.59189e+07,497904,5.96676e+06,-1.58291e+10,1.49168e+11
3.59252e+07,499025,5.96801e+06,-1.62023e+10,1.49128e+11
3.59315e+07,500145,5.96926e+06,-1.65755e+10,1.49087e+11
3.59378e+07,501265,5.97051e+06,-1.69486e+10,1.49045e+11
3.59441e+07,502385,5.97177e+06,-1.73215e+10,1.49002e+11
3.59504e+07,503505,5.97303e+06,-1.76943e+10,1.48958e+11
3.59567e+07,504624,5.97429e+06,-1.80671e+10,1.48913e+11
3.5963e+07,505742,5.97555e+06,-1.84397e+10,1.48868e+11
3.59694e+07,506861,5.97682e+06,-1.88122e+10,1.48821e+11
3.59757e+07,507979,5.97809e+06,-1.91846e+10,1.48774e+11
3.5982e+07,509097,5.97936e+06,-1.95568e+10,1.48725e+11
3.59883e+07,510214,5.98064e+06,-1.9929e+10,1.48676e+11
3.59946e+07,511331,5.98192e+06,-2.0301e+10,1.48625e+11
3.60009e+07,512448,5.9832e+06,-2.06728e+10,1.48574e+11
3.60072e+07,513564,5.98448e+06,-2.10446e+10,1.48522e+11
3.60135e+07,514680,5.98577e+06,-2.14162e+10,1.48469e+11
3.60198e+07,515795,5.98706e+06,-2.17877e+10,1.48415e+11
3.60262e+07,516910,5.98835e+06,-2.21591e+10,1.4836e+11
3.60325e+07,518025,5.98964e+06,-2.25303e+10,1.48304e+11
3.60388e+07,519139,5.99094e+06,-2.29014e+10,1.48247e+11
3.60451e+07,520252,5.99224e+06,-2.32723e+10,1.48189e+11
3.60514e+07,521366,5.99355e+06,-2.36431e+10,1.4813e+11
3.60577e+07,522479,5.99485e+06,-2.40137e+10,1.48071e+11
3.6064e+07,523591,5.99616e+06,-2.43842e+10,1.4801e+11
3.60703e+07,524703,5.99747e+06,-2.47545e+10,1.47949e+11
3.60766e+07,525814,5.99879e+06,-2.51247e+10,1.47886e+11
3.6083e+07,526925,6.0001e+06,-2.54947e+10,1.47823e+11
3.60893e+07,528036,6.00143e+06,-2.58646e+10,1.47759e+11
3.60956e+07,529146,6.00275e+06,-2.62343e+10,1.47693e+11
3.61019e+07,530255,6.00407e+06,-2.66038e+10,1.47627e+11
3.61082e+07,531364,6.0054e+06,-2.69732e+10,1.4756e+11
3.61145e+07,532473,6.00673e+06,-2.73424e+10,1.47492e+11
3.61208e+07,533581,6.00807e+06,-2.77114e+10,1.47423e+11
3.61271e+07,534688,6.0094e+06,-2.80803e+10,1.47354e+11
3.61335e+07,535795,6.01074e+06,-2.8449e+10,1.47283e+11
3.61398e+07,536902,6.01209e+06,-2.88175e+10,1.47211e+11
3.61461e+07,538008,6.01343e+06,-2.91858e+10,1.47139e+11
3.61524e+07,539113,6.01478e+06,-2.95539e+10,1.47065e+11
3.61587e+07,540218,6.01613e+06,-2.99219e+10,1.46991e+11
3.6165e+07,541322,6.01748e+06,-3.02896e+10,1.46915e+11
3.61713e+07,542426,6.01884e+06,-3.06572e+10,1.46839e+11
3.61776e+07,543529,6.0202e+06,-3.10246e+10,1.46762e+11
3.61839e+07,544631,6.02156e+06,-3.13918e+10,1.46684e+11
3.61903e+07,545733,6.02292e+06,-3.17588e+10,1.46605e+11
3.61966e+07,546835,6.02429e+06,-3.21256e+10,1.46525e+11
3.62029e+07,547935,6.02566e+06,-3.24922e+10,1.46444e+11
3.62092e+07,549035,6.02703e+06,-3.28585e+10,1.46362e+11
3.62155e+07,550135,6.02841e+06,-3.32247e+10,1.4628e+11
3.62218e+07,551234,6.02979e+06,-3.35907e+10,1.46196e+11
3.62281e+07,552332,6.03117e+06,-3.39565e+10,1.46111e+11
3.62344e+07,553429,6.03255e+06,-3.4322e+10,1.46026e+11
3.62407e+07,554526,6.03394e+06,-3.46873e+10,1.4594e+11
3.62471e+07,555623,6.03533e+06,-3.50525e+10,1.45852e+11
3.62534e+07,556718,6.03672e+06,-3.54174e+10,1.45764e+11
3.62597e+07,557813,6.03811e+06,-3.5782e+10,1.45675e+11
3.6266e+07,558907,6.03951e+06,-3.61465e+10,1.45585e+11
3.62723e+07,560001,6.04091e+06,-3.65107e+10,1.45494e+11
3.62786e+07,561094,6.04231e+06,-3.68747e+10,1.45402e+11
3.62849e+07,562186,6.04372e+06,-3.72385e+10,1.4531e+11
3.62912e+07,563278,6.04513e+06,-3.7602e+10,1.45216e+11
3.62976e+07,564368,6.04654e+06,-3.79653e+10,1.45121e+11
3.63039e+07,565459,6.04795e+06,-3.83284e+10,1.45026e+11
3.63102e+07,566548,6.04937e+06,-3.86912e+10,1.44929e+11
3.63165e+07,567637,6.05079e+06,-3.90538e+10,1.44832e+11
3.63228e+07,568725,6.05221e+06,-3.94161e+10,1.44734e+11
3.63291e+07,569812,6.05364e+06,-3.97782e+10,1.44635e+11
3.63354e+07,570898,6.05506e+06,-4.014e+10,1.44535e+11
3.63417e+07,571984,6.05649e+06,-4.05016e+10,1.44434e+11
3.6348e+07,573069,6.05793e+06,-4.0863e+10,1.44332e+11
3.63544e+07,574153,6.05936e+06,-4.1224e+10,1.44229e+11
3.63607e+07,575236,6.0608e+06,-4.15849e+10,1.44126e+11
3.6367e+07,576319,6.06224e+06,-4.19454e+10,1.44021e+11
3.63733e+07,577401,6.06369e+06,-4.23057e+10,1.43916e+11
3.63796e+07,578482,6.06513e+06,-4.26657e+10,1.43809e+11
3.63859e+07,579562,6.06658e+06,-4.30255e+10,1.43702e+11
3.63922e+07,580641,6.06803e+06,-4.3385e+10,1.43594e+11
3.63985e+07,581720,6.06949e+06,-4.37442e+10,1.43485e+11
3.64048e+07,582797,6.07094e+06,-4.41032e+10,1.43375e+11
3.64112e+07,583874,6.0724e+06,-4.44618e+10,1.43264e+11
3.64175e+07,584950,6.07387e+06,-4.48202e+10,1.43153e+11
3.64238e+07,586026,6.07533e+06,-4.51783e+10,1.4304e+11
3.64301e+07,587100,6.0768e+06,-4.55362e+10,1.42926e+11
3.64364e+07,588174,6.07827e+06,-4.58937e+10,1.42812e+11
3.64427e+07,589246,6.07974e+06,-4.6251e+10,1.42697e+11
3.6449e+07,590318,6.08122e+06,-4.66079e+10,1.42581e+11
3.64553e+07,591389,6.0827e+06,-4.69646e+10,1.42463e+11
3.64617e+07,592459,6.08418e+06,-4.7321e+10,1.42345e+11
3.6468e+07,593528,6.08566e+06,-4.76771e+10,1.42227e+11
3.64743e+07,594596,6.08715e+06,-4.80329e+10,1.42107e+11
3.64806e+07,595664,6.08864e+06,-4.83883e+10,1.41986e+11
3.64869e+07,596730,6.09013e+06,-4.87435e+10,1.41865e+11
3.64932e+07,597796,6.09163e+06,-4.90984e+10,1.41742e+11
3.64995e+07,598860,6.09312e+06,-4.9453e+10,1.41619e+11
3.65058e+07,599924,6.09463e+06,-4.98072e+10,1.41495e+11
3.65121e+07,600987,6.09613e+06,-5.01612e+10,1.4137e+11
3.65185e+07,602048,6.09763e+06,-5.05148e+10,1.41244e+11
3.65248e+07,603109,6.09914e+06,-5.08681e+10,1.41117e+11
3.65311e+07,604169,6.10065e+06,-5.12211e+10,1.40989e+11
3.65374e+07,605228,6.10217e+06,-5.15738e+10,1.4086e+11
3.65437e+07,606286,6.10368e+06,-5.19262e+10,1.40731e+11
3.655e+07,607343,6.1052e+06,-5.22782e+10,1.406e+11
3.65563e+07,608399,6.10672e+06,-5.26299e+10,1.40469e+11
3.65626e+07,609454,6.10825e+06,-5.29813e+10,1.40337e+11
3.65689e+07,610508,6.10977e+06,-5.33323e+10,1.40204e+11
3.65753e+07,611561,6.1113e+06,-5.3683e+10,1.4007e+11
3.65816e+07,612613,6.11283e+06,-5.40334e+10,1.39935e+11
3.65879e+07,613664,6.11437e+06,-5.43834e+10,1.398e+11
3.65942e+07,614714,6.1159e+06,-5.47331e+10,1.39663e+11
3.66005e+07,615763,6.11744e+06,-5.50824e+10,1.39526e+11
3.66068e+07,616811,6.11899e+06,-5.54314e+10,1.39387e+11
3.66131e+07,617858,6.12053e+06,-5.57801e+10,1.39248e+11
3.66194e+07,618903,6.12208e+06,-5.61284e+10,1.39108e+11
3.66258e+07,619948,6.12363e+06,-5.64764e+10,1.38967e+11
3.66321e+07,620992,6.12518e+06,-5.6824e+10,1.38825e+11
3.66384e+07,622034,6.12674e+06,-5.71712e+10,1.38683e+11
3.66447e+07,623076,6.1283e+06,-5.75181e+10,1.38539e+11
3.6651e+07,624116,6.12986e+06,-5.78646e+10,1.38395e+11
3.66573e+07,625156,6.13142e+06,-5.82108e+10,1.3825e+11
3.66636e+07,626194,6.13299e+06,-5.85566e+10,1.38103e+11
3.66699e+07,627231,6.13455e+06,-5.8902e+10,1.37957e+11
3.66762e+07,628267,6.13613e+06,-5.92471e+10,1.37809e+11
3.66826e+07,629302,6.1377e+06,-5.95918e+10,1.3766e+11
3.66889e+07,630336,6.13928e+06,-5.99361e+10,1.3751e+11
3.66952e+07,631369,6.14085e+06,-6.028e+10,1.3736e+11
3.67015e+07,632400,6.14244e+06,-6.06236e+10,1.37209e+11
3.67078e+07,633431,6.14402e+06,-6.09668e+10,1.37056e+11
3.67141e+07,634460,6.14561e+06,-6.13096e+10,1.36903e+11
3.67204e+07,635488,6.1472e+06,-6.1652e+10,1.3675e+11
3.67267e+07,636515,6.14879e+06,-6.19941e+10,1.36595e+11
3.6733e+07,637541,6.15038e+06,-6.23357e+10,1.36439e+11
3.67394e+07,638565,6.15198e+06,-6.2677e+10,1.36283e+11
3.67457e+07,639589,6.15358e+06,-6.30178e+10,1.36126e+11
3.6752e+07,640611,6.15518e+06,-6.33583e+10,1.35967e+11
3.67583e+07,641632,6.15678e+06,-6.36984e+10,1.35808e+11
3.67646e+07,642652,6.15839e+06,-6.4038e+10,1.35649e+11
3.67709e+07,643671,6.16e+06,-6.43773e+10,1.35488e+11
3.67772e+07,644688,6.16161e+06,-6.47162e+10,1.35326e+11
3.67835e+07,645705,6.16323e+06,-6.50546e+10,1.35164e+11
3.67899e+07,646720,6.16485e+06,-6.53927e+10,1.35001e+11
3.67962e+07,647733,6.16646e+06,-6.57303e+10,1.34837e+11
3.68025e+07,648746,6.16809e+06,-6.60676e+10,1.34672e+11
3.68088e+07,649757,6.16971e+06,-6.64044e+10,1.34506e+11
3.68151e+07,650767,6.17134e+06,-6.67408e+10,1.34339e+11
3.68214e+07,651776,6.17297e+06,-6.70768e+10,1.34172e+11
3.68277e+07,652784,6.1746e+06,-6.74123e+10,1.34004e+11
3.6834e+07,653790,6.17624e+06,-6.77475e+10,1.33834e+11
3.68403e+07,654795,6.17787e+06,-6.80822e+10,1.33664e+11
3.68467e+07,655799,6.17951e+06,-6.84165e+10,1.33494e+11
3.6853e+07,656801,6.18116e+06,-6.87504e+10,1.33322e+11
3.68593e+07,657802,6.1828e+06,-6.90838e+10,1.3315e+11
3.68656e+07,658802,6.18445e+06,-6.94168e+10,1.32976e+11
3.68719e+07,659801,6.1861e+06,-6.97494e+10,1.32802e+11
3.68782e+07,660798,6.18775e+06,-7.00815e+10,1.32627e+11
3.68845e+07,661794,6.18941e+06,-7.04132e+10,1.32451e+11
3.68908e+07,662788,6.19106e+06,-7.07444e+10,1.32275e+11
3.68971e+07,663781,6.19272e+06,-7.10752e+10,1.32097e+11
3.69035e+07,664773,6.19439e+06,-7.14056e+10,1.31919e+11
3.69098e+07,665764,6.19605e+06,-7.17355e+10,1.3174e+11
3.69161e+07,666753,6.19772e+06,-7.2065e+10,1.3156e+11
3.69224e+07,667741,6.19939e+06,-7.2394e+10,1.31379e+11
3.69287e+07,668728,6.20106e+06,-7.27226e+10,1.31197e+11
3.6935e+07,669713,6.20274e+06,-7.30507e+10,1.31015e+11
3.69413e+07,670696,6.20441e+06,-7.33783e+10,1.30832e+11
3.69476e+07,671679,6.20609e+06,-7.37055e+10,1.30648e+11
3.69539e+07,672660,6.20778e+06,-7.40322e+10,1.30463e+11
3.69603e+07,673639,6.20946e+06,-7.43585e+10,1.30277e+11
3.69666e+07,674618,6.21115e+06,-7.46843e+10,1.30091e+11
3.69729e+07,675594,6.21284e+06,-7.50096e+10,1.29903e+11
3.69792e+07,676570,6.21453e+06,-7.53345e+10,1.29715e+11
3.69855e+07,677544,6.21622e+06,-7.56589e+10,1.29526e+11
3.69918e+07,678516,6.21792e+06,-7.59828e+10,1.29337e+11
3.69981e+07,679488,6.21962e+06,-7.63062e+10,1.29146e+11
3.70044e+07,680457,6.22132e+06,-7.66292e+10,1.28955e+11
3.70108e+07,681425,6.22303e+06,-7.69516e+10,1.28762e+11
3.70171e+07,682392,6.22473e+06,-7.72736e+10,1.28569e+11
3.70234e+07,683358,6.22644e+06,-7.75952e+10,1.28376e+11
3.70297e+07,684321,6.22815e+06,-7.79162e+10,1.28181e+11
3.7036e+07,685284,6.22987e+06,-7.82367e+10,1.27986e+11
3.70423e+07,686245,6.23158e+06,-7.85568e+10,1.27789e+11
3.70486e+07,687204,6.2333e+06,-7.88763e+10,1.27592e+11
3.70549e+07,688162,6.23502e+06,-7.91954e+10,1.27395e+11
3.70612e+07,689119,6.23675e+06,-7.9514e+10,1.27196e+11
3.70676e+07,690074,6.23847e+06,-7.9832e+10,1.26997e+11
3.70739e+07,691027,6.2402e+06,-8.01496e+10,1.26796e+11
3.70802e+07,691979,6.24193e+06,-8.04667e+10,1.26595e+11
3.70865e+07,692930,6.24366e+06,-8.07832e+10,1.26394e+11
3.70928e+07,693879,6.2454e+06,-8.10993e+10,1.26191e+11
3.70991e+07,694826,6.24714e+06,-8.14148e+10,1.25988e+11
3.71054e+07,695772,6.24888e+06,-8.17299e+10,1.25784e+11
3.71117e+07,696717,6.25062e+06,-8.20444e+10,1.25579e+11
3.7118e+07,697659,6.25236e+06,-8.23584e+10,1.25373e+11
3.71244e+07,698601,6.25411e+06,-8.26719e+10,1.25166e+11
3.71307e+07,699540,6.25586e+06,-8.29849e+10,1.24959e+11
3.7137e+07,700478,6.25761e+06,-8.32973e+10,1.24751e+11
3.71433e+07,701415,6.25937e+06,-8.36093e+10,1.24542e+11
3.71496e+07,702350,6.26112e+06,-8.39207e+10,1.24332e+11
3.71559e+07,703284,6.26288e+06,-8.42316e+10,1.24122e+11
3.71622e+07,704215,6.26464e+06,-8.45419e+10,1.23911e+11
3.71685e+07,705146,6.26641e+06,-8.48518e+10,1.23699e+11
3.71749e+07,706074,6.26817e+06,-8.51611e+10,1.23486e+11
3.71812e+07,707001,6.26994e+06,-8.54698e+10,1.23273e+11
3.71875e+07,707927,6.27171e+06,-8.57781e+10,1.23058e+11
3.71938e+07,708851,6.27349e+06,-8.60858e+10,1.22843e+11
3.72001e+07,709773,6.27526e+06,-8.63929e+10,1.22627e+11
3.72064e+07,710694,6.27704e+06,-8.66995e+10,1.22411e+11
3.72127e+07,711613,6.27882e+06,-8.70056e+10,1.22193e+11
3.7219e+07,712530,6.2806e+06,-8.73111e+10,1.21975e+11
3.72253e+07,713446,6.28239e+06,-8.76161e+10,1.21756e+11
3.72317e+07,714360,6.28417e+06,-8.79205e+10,1.21537e+11
3.7238e+07,715272,6.28596e+06,-8.82244e+10,1.21316e+11
3.72443e+07,716183,6.28775e+06,-8.85277e+10,1.21095e+11
3.72506e+07,717092,6.28955e+06,-8.88305e+10,1.20873e+11
3.72569e+07,717999,6.29134e+06,-8.91327e+10,1.20651e+11
3.72632e+07,718905,6.29314e+06,-8.94344e+10,1.20427e+11
3.72695e+07,719809,6.29494e+06,-8.97355e+10,1.20203e+11
3.72758e+07,720711,6.29674e+06,-9.0036e+10,1.19978e+11
3.72821e+07,721612,6.29855e+06,-9.0336e+10,1.19752e+11
3.72885e+07,722511,6.30035e+06,-9.06354e+10,1.19526e+11
3.72948e+07,723408,6.30216e+06,-9.09342e+10,1.19299e+11
3.73011e+07,724304,6.30398e+06,-9.12325e+10,1.19071e+11
3.73074e+07,725198,6.30579e+06,-9.15302e+10,1.18842e+11
3.73137e+07,726090,6.30761e+06,-9.18273e+10,1.18612e+11
3.732e+07,726980,6.30942e+06,-9.21239e+10,1.18382e+11
3.73263e+07,727869,6.31124e+06,-9.24198e+10,1.18151e+11
3.73326e+07,728756,6.31307e+06,-9.27152e+10,1.1792e+11
3.7339e+07,729641,6.31489e+06,-9.301e+10,1.17687e+11
3.73453e+07,730524,6.31672e+06,-9.33043e+10,1.17454e+11
3.73516e+07,731406,6.31855e+06,-9.35979e+10,1.1722e+11
3.73579e+07,732286,6.32038e+06,-9.3891e+10,1.16986e+11
3.73642e+07,733164,6.32221e+06,-9.41834e+10,1.1675e+11
3.73705e+07,734041,6.32405e+06,-9.44753e+10,1.16514e+11
3.73768e+07,734915,6.32589e+06,-9.47666e+10,1.16277e+11
3.73831e+07,735788,6.32773e+06,-9.50573e+10,1.1604e+11
3.73894e+07,736659,6.32957e+06,-9.53474e+10,1.15802e+11
3.73958e+07,737528,6.33142e+06,-9.56369e+10,1.15563e+11
3.74021e+07,738396,6.33326e+06,-9.59258e+10,1.15323e+11
3.74084e+07,739261,6.33511e+06,-9.62141e+10,1.15082e+11
3.74147e+07,740125,6.33696e+06,-9.65018e+10,1.14841e+11
3.7421e+07,740987,6.33882e+06,-9.67889e+10,1.14599e+11
3.74273e+07,741847,6.34067e+06,-9.70754e+10,1.14357e+11
3.74336e+07,742706,6.34253e+06,-9.73613e+10,1.14113e+11
3.74399e+07,743562,6.34439e+06,-9.76465e+10,1.13869e+11
3.74462e+07,744417,6.34625e+06,-9.79312e+10,1.13625e+11
3.74526e+07,745270,6.34812e+06,-9.82153e+10,1.13379e+11
3.74589e+07,746121,6.34998e+06,-9.84987e+10,1.13133e+11
3.74652e+07,746970,6.35185e+06,-9.87815e+10,1.12886e+11
3.74715e+07,747817,6.35372e+06,-9.90637e+10,1.12639e+11
3.74778e+07,748663,6.35559e+06,-9.93453e+10,1.1239e+11
3.74841e+07,749506,6.35747e+06,-9.96262e+10,1.12141e+11
3.74904e+07,750348,6.35934e+06,-9.99065e+10,1.11892e+11
3.74967e+07,751188,6.36122e+06,-1.00186e+11,1.11641e+11
3.75031e+07,752026,6.3631e+06,-1.00465e+11,1.1139e+11
3.75094e+07,752862,6.36499e+06,-1.00744e+11,1.11138e+11
3.75157e+07,753696,6.36687e+06,-1.01022e+11,1.10886e+11
3.7522e+07,754528,6.36876e+06,-1.01299e+11,1.10633e+11
3.75283e+07,755358,6.37065e+06,-1.01575e+11,1.10379e+11
3.75346e+07,756187,6.37254e+06,-1.01851e+11,1.10124e+11
3.75409e+07,757013,6.37443e+06,-1.02127e+11,1.09869e+11
3.75472e+07,757838,6.37633e+06,-1.02401e+11,1.09613e+11
3.75535e+07,758661,6.37823e+06,-1.02675e+11,1.09357e+11
3.75599e+07,759481,6.38013e+06,-1.02948e+11,1.09099e+11
3.75662e+07,760300,6.38203e+06,-1.03221e+11,1.08841e+11
3.75725e+07,761117,6.38393e+06,-1.03493e+11,1.08583e+11
3.75788e+07,761932,6.38584e+06,-1.03765e+11,1.08323e+11
3.75851e+07,762745,6.38775e+06,-1.04035e+11,1.08063e+11
3.75914e+07,763556,6.38966e+06,-1.04306e+11,1.07802e+11
3.75977e+07,764365,6.39157e+06,-1.04575e+11,1.07541e+11
3.7604e+07,765172,6.39348e+06,-1.04844e+11,1.07279e+11
3.76103e+07,765977,6.3954e+06,-1.05112e+11,1.07016e+11
3.76167e+07,766780,6.39732e+06,-1.05379e+11,1.06753e+11
3.7623e+07,767581,6.39924e+06,-1.05646e+11,1.06489e+11
3.76293e+07,768380,6.40116e+06,-1.05912e+11,1.06224e+11
3.76356e+07,769178,6.40308e+06,-1.06178e+11,1.05959e+11
3.76419e+07,769973,6.40501e+06,-1.06443e+11,1.05693e+11
3.76482e+07,770766,6.40694e+06,-1.06707e+11,1.05426e+11
3.76545e+07,771557,6.40887e+06,-1.0697e+11,1.05158e+11
3.76608e+07,772346,6.4108e+06,-1.07233e+11,1.0489e+11
3.76672e+07,773133,6.41273e+06,-1.07495e+11,1.04622e+11
3.76735e+07,773919,6.41467e+06,-1.07757e+11,1.04352e+11
3.76798e+07,774702,6.41661e+06,-1.08018e+11,1.04082e+11
3.76861e+07,775483,6.41855e+06,-1.08278e+11,1.03812e+11
3.76924e+07,776262,6.42049e+06,-1.08537e+11,1.0354e+11
3.76987e+07,777039,6.42243e+06,-1.08796e+11,1.03268e+11
3.7705e+07,777814,6.42438e+06,-1.09054e+11,1.02996e+11
3.77113e+07,778586,6.42633e+06,-1.09312e+11,1.02723e+11
3.77176e+07,779357,6.42827e+06,-1.09568e+11,1.02449e+11
3.7724e+07,780126,6.43023e+06,-1.09824e+11,1.02174e+11
3.77303e+07,780893,6.43218e+06,-1.1008e+11,1.01899e+11
3.77366e+07,781657,6.43414e+06,-1.10334e+11,1.01623e+11
3.77429e+07,782420,6.43609e+06,-1.10588e+11,1.01347e+11
3.77492e+07,783180,6.43805e+06,-1.10842e+11,1.0107e+11
3.77555e+07,783939,6.44001e+06,-1.11094e+11,1.00792e+11
3.77618e+07,784695,6.44198e+06,-1.11346e+11,1.00514e+11
3.77681e+07,785449,6.44394e+06,-1.11597e+11,1.00235e+11
3.77744e+07,786201,6.44591e+06,-1.11848e+11,9.99549e+10
3.77808e+07,786951,6.44788e+06,-1.12097e+11,9.96747e+10
3.77871e+07,787699,6.44985e+06,-1.12347e+11,9.93938e+10
3.77934e+07,788445,6.45182e+06,-1.12595e+11,9.91123e+10
3.77997e+07,789189,6.45379e+06,-1.12843e+11,9.88302e+10
3.7806e+07,789930,6.45577e+06,-1.1309e+11,9.85475e+10
3.78123e+07,790670,6.45775e+06,-1.13336e+11,9.82642e+10
3.78186e+07,791407,6.45973e+06,-1.13581e+11,9.79802e+10
3.78249e+07,792142,6.46171e+06,-1.13826e+11,9.76956e+10
3.78313e+07,792875,6.46369e+06,-1.1407e+11,9.74105e+10
3.78376e+07,793606,6.46568e+06,-1.14314e+11,9.71247e+10
3.78439e+07,794335,6.46766e+06,-1.14557e+11,9.68383e+10
3.78502e+07,795061,6.46965e+06,-1.14799e+11,9.65513e+10
3.78565e+07,795786,6.47164e+06,-1.1504e+11,9.62637e+10
3.78628e+07,796508,6.47364e+06,-1.1528e+11,9.59754e+10
3.78691e+07,797228,6.47563e+06,-1.1552e+11,9.56866e+10
3.78754e+07,797946,6.47763e+06,-1.15759e+11,9.53972e+10
3.78817e+07,798662,6.47962e+06,-1.15998e+11,9.51072e+10
3.78881e+07,799375,6.48162e+06,-1.16235e+11,9.48166e+10
3.78944e+07,800086,6.48362e+06,-1.16472e+11,9.45254e+10
3.79007e+07,800796,6.48563e+06,-1.16708e+11,9.42336e+10
3.7907e+07,801503,6.48763e+06,-1.16944e+11,9.39412e+10
3.79133e+07,802207,6.48964e+06,-1.17179e+11,9.36483e+10
3.79196e+07,802910,6.49165e+06,-1.17413e+11,9.33547e+10
3.79259e+07,803610,6.49366e+06,-1.17646e+11,9.30606e+10
3.79322e+07,804308,6.49567e+06,-1.17878e+11,9.27658e+10
3.79385e+07,805004,6.49768e+06,-1.1811e+11,9.24705e+10
3.79449e+07,805698,6.4997e+06,-1.18341e+11,9.21746e+10
3.79512e+07,806389,6.50172e+06,-1.18571e+11,9.18782e+10
3.79575e+07,807079,6.50374e+06,-1.18801e+11,9.15811e+10
3.79638e+07,807766,6.50576e+06,-1.1903e+11,9.12835e+10
3.79701e+07,808450,6.50778e+06,-1.19258e+11,9.09853e+10
3.79764e+07,809133,6.5098e+06,-1.19485e+11,9.06866e+10
3.79827e+07,809813,6.51183e+06,-1.19712e+11,9.03873e+10
3.7989e+07,810491,6.51386e+06,-1.19938e+11,9.00874e+10
3.79954e+07,811167,6.51589e+06,-1.20163e+11,8.97869e+10
3.80017e+07,811841,6.51792e+06,-1.20387e+11,8.94859e+10
3.8008e+07,812512,6.51995e+06,-1.20611e+11,8.91843e+10
3.80143e+07,813181,6.52198e+06,-1.20833e+11,8.88822e+10
3.80206e+07,813848,6.52402e+06,-1.21055e+11,8.85795e+10
3.80269e+07,814512,6.52606e+06,-1.21277e+11,8.82763e+10
3.80332e+07,815174,6.5281e+06,-1.21497e+11,8.79725e+10
3.80395e+07,815834,6.53014e+06,-1.21717e+11,8.76681e+10
3.80458e+07,816492,6.53218e+06,-1.21936e+11,8.73632e+10
3.80522e+07,817147,6.53423e+06,-1.22154e+11,8.70578e+10
3.80585e+07,817800,6.53627e+06,-1.22372e+11,8.67518e+10
3.80648e+07,818451,6.53832e+06,-1.22588e+11,8.64453e+10
3.80711e+07,819099,6.54037e+06,-1.22804e+11,8.61382e+10
3.80774e+07,819745,6.54242e+06,-1.2302e+11,8.58306e+10
3.80837e+07,820389,6.54447e+06,-1.23234e+11,8.55224e+10
3.809e+07,821030,6.54653e+06,-1.23448e+11,8.52137e+10
3.80963e+07,821669,6.54858e+06,-1.2366e+11,8.49045e+10
3.81026e+07,822306,6.55064e+06,-1.23873e+11,8.45947e+10
3.8109e+07,822941,6.5527e+06,-1.24084e+11,8.42845e+10
3.81153e+07,823573,6.55476e+06,-1.24294e+11,8.39737e+10
3.81216e+07,824202,6.55682e+06,-1.24504e+11,8.36623e+10
3.81279e+07,824830,6.55888e+06,-1.24713e+11,8.33505e+10
3.81342e+07,825455,6.56095e+06,-1.24921e+11,8.30381e+10
3.81405e+07,826078,6.56301e+06,-1.25129e+11,8.27252e+10
3.81468e+07,826698,6.56508e+06,-1.25335e+11,8.24117e+10
3.81531e+07,827316,6.56715e+06,-1.25541e+11,8.20978e+10
3.81594e+07,827932,6.56922e+06,-1.25746e+11,8.17834e+10
3.81658e+07,828545,6.5713e+06,-1.25951e+11,8.14684e+10
3.81721e+07,829156,6.57337e+06,-1.26154e+11,8.11529e+10
3.81784e+07,829765,6.57545e+06,-1.26357e+11,8.08369e+10
3.81847e+07,830371,6.57752e+06,-1.26559e+11,8.05205e+10
3.8191e+07,830975,6.5796e+06,-1.2676e+11,8.02035e+10
3.81973e+07,831576,6.58168e+06,-1.2696e+11,7.9886e+10
3.82036e+07,832175,6.58377e+06,-1.2716e+11,7.9568e+10
3.82099e+07,832772,6.58585e+06,-1.27358e+11,7.92495e+10
3.82163e+07,833366,6.58793e+06,-1.27556e+11,7.89305e+10
3.82226e+07,833958,6.59002e+06,-1.27753e+11,7.8611e+10
3.82289e+07,834548,6.59211e+06,-1.2795e+11,7.8291e+10
3.82352e+07,835135,6.5942e+06,-1.28145e+11,7.79706e+10
3.82415e+07,835719,6.59629e+06,-1.2834e+11,7.76496e+10
3.82478e+07,836301,6.59838e+06,-1.28534e+11,7.73282e+10
3.82541e+07,836881,6.60047e+06,-1.28727e+11,7.70062e+10
3.82604e+07,837459,6.60257e+06,-1.28919e+11,7.66838e+10
3.82667e+07,838034,6.60467e+06,-1.29111e+11,7.63609e+10
3.82731e+07,838606,6.60676e+06,-1.29301e+11,7.60376e+10
3.82794e+07,839176,6.60886e+06,-1.29491e+11,7.57137e+10
3.82857e+07,839744,6.61096e+06,-1.2968e+11,7.53894e+10
3.8292e+07,840309,6.61307e+06,-1.29869e+11,7.50646e+10
3.82983e+07,840872,6.61517e+06,-1.30056e+11,7.47394e+10
3.83046e+07,841432,6.61728e+06,-1.30243e+11,7.44136e+10
3.83109e+07,841990,6.61938e+06,-1.30428e+11,7.40874e+10
3.83172e+07,842546,6.62149e+06,-1.30613e+11,7.37608e+10
3.83235e+07,843099,6.6236e+06,-1.30798e+11,7.34337e+10
3.83299e+07,843649,6.62571e+06,-1.30981e+11,7.31061e+10
3.83362e+07,844197,6.62782e+06,-1.31164e+11,7.27781e+10
3.83425e+07,844743,6.62994e+06,-1.31345e+11,7.24496e+10
3.83488e+07,845286,6.63205e+06,-1.31526e+11,7.21206e+10
3.83551e+07,845827,6.63417e+06,-1.31706e+11,7.17912e+10
3.83614e+07,846365,6.63628e+06,-1.31885e+11,7.14614e+10
3.83677e+07,846901,6.6384e+06,-1.32064e+11,7.11311e+10
3.8374e+07,847434,6.64052e+06,-1.32241e+11,7.08003e+10
3.83804e+07,847965,6.64265e+06,-1.32418e+11,7.04691e+10
3.83867e+07,848493,6.64477e+06,-1.32594e+11,7.01375e+10
3.8393e+07,849019,6.64689e+06,-1.32769e+11,6.98055e+10
3.83993e+07,849542,6.64902e+06,-1.32943e+11,6.94729e+10
3.84056e+07,850063,6.65114e+06,-1.33117e+11,6.914e+10
3.84119e+07,850581,6.65327e+06,-1.3329e+11,6.88066e+10
3.84182e+07,851096,6.6554e+06,-1.33461e+11,6.84728e+10
3.84245e+07,851610,6.65753e+06,-1.33632e+11,6.81386e+10
3.84308e+07,852120,6.65966e+06,-1.33802e+11,6.7804e+10
3.84372e+07,852629,6.6618e+06,-1.33972e+11,6.74689e+10
3.84435e+07,853134,6.66393e+06,-1.3414e+11,6.71334e+10
3.84498e+07,853637,6.66607e+06,-1.34308e+11,6.67974e+10
3.84561e+07,854138,6.66821e+06,-1.34474e+11,6.64611e+10
3.84624e+07,854636,6.67034e+06,-1.3464e+11,6.61243e+10
3.84687e+07,855132,6.67248e+06,-1.34805e+11,6.57872e+10
3.8475e+07,855625,6.67462e+06,-1.34969e+11,6.54496e+10
3.84813e+07,856115,6.67677e+06,-1.35133e+11,6.51116e+10
3.84876e+07,856603,6.67891e+06,-1.35295e+11,6.47732e+10
3.8494e+07,857089,6.68105e+06,-1.35457e+11,6.44344e+10
3.85003e+07,857572,6.6832e+06,-1.35618e+11,6.40952e+10
3.85066e+07,858052,6.68535e+06,-1.35778e+11,6.37555e+10
3.85129e+07,858530,6.68749e+06,-1.35937e+11,6.34155e+10
3.85192e+07,859005,6.68964e+06,-1.36095e+11,6.30751e+10
3.85255e+07,859477,6.69179e+06,-1.36253e+11,6.27343e+10
3.85318e+07,859948,6.69395e+06,-1.36409e+11,6.23931e+10
3.85381e+07,860415,6.6961e+06,-1.36565e+11,6.20515e+10
3.85445e+07,860880,6.69825e+06,-1.3672e+11,6.17096e+10
3.85508e+07,861342,6.70041e+06,-1.36874e+11,6.13672e+10
3.85571e+07,861802,6.70256e+06,-1.37027e+11,6.10244e+10
3.85634e+07,862259,6.70472e+06,-1.37179e+11,6.06813e+10
3.85697e+07,862714,6.70688e+06,-1.37331e+11,6.03378e+10
3.8576e+07,863166,6.70904e+06,-1.37481e+11,5.99939e+10
3.85823e+07,863616,6.7112e+06,-1.37631e+11,5.96496e+10
3.85886e+07,864062,6.71336e+06,-1.3778e+11,5.9305e+10
3.85949e+07,864507,6.71552e+06,-1.37928e+11,5.896e+10
3.86013e+07,864948,6.71769e+06,-1.38075e+11,5.86146e+10
3.86076e+07,865388,6.71985e+06,-1.38221e+11,5.82689e+10
3.86139e+07,865824,6.72202e+06,-1.38366e+11,5.79228e+10
3.86202e+07,866258,6.72419e+06,-1.38511e+11,5.75763e+10
3.86265e+07,866689,6.72636e+06,-1.38655e+11,5.72295e+10
3.86328e+07,867118,6.72853e+06,-1.38797e+11,5.68823e+10
3.86391e+07,867544,6.7307e+06,-1.38939e+11,5.65347e+10
3.86454e+07,867967,6.73287e+06,-1.3908e+11,5.61868e+10
3.86517e+07,868388,6.73504e+06,-1.3922e+11,5.58386e+10
3.86581e+07,868807,6.73722e+06,-1.3936e+11,5.549e+10
3.86644e+07,869222,6.73939e+06,-1.39498e+11,5.5141e+10
3.86707e+07,869635,6.74157e+06,-1.39636e+11,5.47917e+10
3.8677e+07,870046,6.74374e+06,-1.39772e+11,5.44421e+10
3.86833e+07,870453,6.74592e+06,-1.39908e+11,5.40921e+10
3.86896e+07,870858,6.7481e+06,-1.40043e+11,5.37418e+10
3.86959e+07,871261,6.75028e+06,-1.40177e+11,5.33911e+10
3.87022e+07,871661,6.75246e+06,-1.4031e+11,5.30401e+10
3.87086e+07,872058,6.75464e+06,-1.40443e+11,5.26888e+10
3.87149e+07,872452,6.75683e+06,-1.40574e+11,5.23371e+10
3.87212e+07,872844,6.75901e+06,-1.40705e+11,5.19852e+10
3.87275e+07,873234,6.76119e+06,-1.40834e+11,5.16329e+10
3.87338e+07,873620,6.76338e+06,-1.40963e+11,5.12802e+10
3.87401e+07,874004,6.76557e+06,-1.41091e+11,5.09273e+10
3.87464e+07,874385,6.76776e+06,-1.41218e+11,5.0574e+10
3.87527e+07,874764,6.76994e+06,-1.41344e+11,5.02204e+10
3.8759e+07,875140,6.77213e+06,-1.41469e+11,4.98665e+10
3.87654e+07,875513,6.77432e+06,-1.41593e+11,4.95123e+10
3.87717e+07,875884,6.77652e+06,-1.41717e+11,4.91578e+10
3.8778e+07,876252,6.77871e+06,-1.4184e+11,4.88029e+10
3.87843e+07,876617,6.7809e+06,-1.41961e+11,4.84478e+10
3.87906e+07,876980,6.7831e+06,-1.42082e+11,4.80924e+10
3.87969e+07,877340,6.78529e+06,-1.42202e+11,4.77366e+10
3.88032e+07,877697,6.78749e+06,-1.42321e+11,4.73806e+10
3.88095e+07,878052,6.78969e+06,-1.42439e+11,4.70243e+10
3.88158e+07,878404,6.79188e+06,-1.42556e+11,4.66676e+10
3.88222e+07,878753,6.79408e+06,-1.42673e+11,4.63107e+10
3.88285e+07,879100,6.79628e+06,-1.42788e+11,4.59535e+10
3.88348e+07,879444,6.79848e+06,-1.42903e+11,4.5596e+10
3.88411e+07,879785,6.80068e+06,-1.43016e+11,4.52382e+10
3.88474e+07,880124,6.80289e+06,-1.43129e+11,4.48801e+10
3.88537e+07,880460,6.80509e+06,-1.43241e+11,4.45218e+10
3.886e+07,880793,6.80729e+06,-1.43352e+11,4.41631e+10
3.88663e+07,881123,6.8095e+06,-1.43462e+11,4.38042e+10
3.88727e+07,881451,6.8117e+06,-1.43571e+11,4.3445e+10
3.8879e+07,881776,6.81391e+06,-1.43679e+11,4.30856e+10
3.88853e+07,882098,6.81612e+06,-1.43787e+11,4.27259e+10
3.88916e+07,882418,6.81833e+06,-1.43893e+11,4.23659e+10
3.88979e+07,882735,6.82053e+06,-1.43999e+11,4.20056e+10
3.89042e+07,883049,6.82274e+06,-1.44103e+11,4.16451e+10
3.89105e+07,883361,6.82495e+06,-1.44207e+11,4.12843e+10
3.89168e+07,883670,6.82717e+06,-1.4431e+11,4.09233e+10
3.89231e+07,883976,6.82938e+06,-1.44412e+11,4.0562e+10
3.89295e+07,884279,6.83159e+06,-1.44513e+11,4.02004e+10
3.89358e+07,884580,6.8338e+06,-1.44613e+11,3.98386e+10
3.89421e+07,884878,6.83602e+06,-1.44712e+11,3.94766e+10
3.89484e+07,885173,6.83823e+06,-1.44811e+11,3.91143e+10
3.89547e+07,885465,6.84045e+06,-1.44908e+11,3.87518e+10
3.8961e+07,885755,6.84266e+06,-1.45005e+11,3.8389e+10
3.89673e+07,886042,6.84488e+06,-1.451e+11,3.80259e+10
3.89736e+07,886327,6.8471e+06,-1.45195e+11,3.76627e+10
3.89799e+07,886608,6.84932e+06,-1.45289e+11,3.72992e+10
3.89863e+07,886887,6.85154e+06,-1.45381e+11,3.69354e+10
3.89926e+07,887163,6.85376e+06,-1.45473e+11,3.65715e+10
3.89989e+07,887437,6.85598e+06,-1.45565e+11,3.62073e+10
3.90052e+07,887707,6.8582e+06,-1.45655e+11,3.58429e+10
3.90115e+07,887975,6.86042e+06,-1.45744e+11,3.54782e+10
3.90178e+07,888240,6.86264e+06,-1.45832e+11,3.51134e+10
3.90241e+07,888503,6.86487e+06,-1.4592e+11,3.47483e+10
3.90304e+07,888762,6.86709e+06,-1.46006e+11,3.4383e+10
3.90368e+07,889019,6.86932e+06,-1.46092e+11,3.40174e+10
3.90431e+07,889274,6.87154e+06,-1.46176e+11,3.36517e+10
3.90494e+07,889525,6.87377e+06,-1.4626e+11,3.32858e+10
3.90557e+07,889774,6.87599e+06,-1.46343e+11,3.29196e+10
3.9062e+07,890020,6.87822e+06,-1.46425e+11,3.25533e+10
3.90683e+07,890263,6.88045e+06,-1.46506e+11,3.21867e+10
3.90746e+07,890503,6.88268e+06,-1.46586e+11,3.18199e+10
3.90809e+07,890741,6.88491e+06,-1.46665e+11,3.1453e+10
3.90872e+07,890976,6.88714e+06,-1.46743e+11,3.10858e+10
3.90936e+07,891208,6.88937e+06,-1.46821e+11,3.07185e+10
3.90999e+07,891437,6.8916e+06,-1.46897e+11,3.03509e+10
3.91062e+07,891664,6.89383e+06,-1.46972e+11,2.99832e+10
3.91125e+07,891888,6.89606e+06,-1.47047e+11,2.96152e+10
3.91188e+07,892109,6.89829e+06,-1.47121e+11,2.92471e+10
3.91251e+07,892327,6.90052e+06,-1.47193e+11,2.88788e+10
3.91314e+07,892543,6.90276e+06,-1.47265e+11,2.85104e+10
3.91377e+07,892756,6.90499e+06,-1.47336e+11,2.81417e+10
3.9144e+07,892966,6.90723e+06,-1.47406e+11,2.77729e+10
3.91504e+07,893173,6.90946e+06,-1.47475e+11,2.74039e+10
3.91567e+07,893377,6.9117e+06,-1.47543e+11,2.70347e+10
3.9163e+07,893579,6.91393e+06,-1.4761e+11,2.66654e+10
3.91693e+07,893778,6.91617e+06,-1.47677e+11,2.62959e+10
3.91756e+07,893974,6.91841e+06,-1.47742e+11,2.59262e+10
3.91819e+07,894168,6.92065e+06,-1.47806e+11,2.55563e+10
3.91882e+07,894358,6.92288e+06,-1.4787e+11,2.51864e+10
3.91945e+07,894546,6.92512e+06,-1.47932e+11,2.48162e+10
3.92009e+07,894731,6.92736e+06,-1.47994e+11,2.44459e+10
3.92072e+07,894913,6.9296e+06,-1.48055e+11,2.40754e+10
3.92135e+07,895093,6.93184e+06,-1.48114e+11,2.37048e+10
3.92198e+07,895270,6.93408e+06,-1.48173e+11,2.3334e+10
3.92261e+07,895443,6.93632e+06,-1.48231e+11,2.29631e+10
3.92324e+07,895615,6.93856e+06,-1.48288e+11,2.25921e+10
3.92387e+07,895783,6.9408e+06,-1.48344e+11,2.22209e+10
3.9245e+07,895948,6.94305e+06,-1.48399e+11,2.18496e+10
3.92513e+07,896111,6.94529e+06,-1.48454e+11,2.14781e+10
3.92577e+07,896271,6.94753e+06,-1.48507e+11,2.11065e+10
3.9264e+07,896428,6.94978e+06,-1.48559e+11,2.07347e+10
3.92703e+07,896583,6.95202e+06,-1.48611e+11,2.03629e+10
3.92766e+07,896734,6.95426e+06,-1.48661e+11,1.99909e+10
3.92829e+07,896883,6.95651e+06,-1.48711e+11,1.96188e+10
3.92892e+07,897029,6.95875e+06,-1.48759e+11,1.92465e+10
3.92955e+07,897172,6.961e+06,-1.48807e+11,1.88742e+10
3.93018e+07,897312,6.96324e+06,-1.48854e+11,1.85017e+10
3.93081e+07,897450,6.96549e+06,-1.489e+11,1.81291e+10
3.93145e+07,897585,6.96773e+06,-1.48944e+11,1.77564e+10
3.93208e+07,897717,6.96998e+06,-1.48988e+11,1.73835e+10
3.93271e+07,897846,6.97223e+06,-1.49031e+11,1.70106e+10
3.93334e+07,897972,6.97448e+06,-1.49073e+11,1.66376e+10
3.93397e+07,898096,6.97672e+06,-1.49115e+11,1.62644e+10
3.9346e+07,898217,6.97897e+06,-1.49155e+11,1.58912e+10
3.93523e+07,898335,6.98122e+06,-1.49194e+11,1.55179e+10
3.93586e+07,898450,6.98347e+06,-1.49233e+11,1.51444e+10
3.9365e+07,898562,6.98572e+06,-1.4927e+11,1.47709e+10
3.93713e+07,898672,6.98797e+06,-1.49306e+11,1.43973e+10
3.93776e+07,898778,6.99021e+06,-1.49342e+11,1.40235e+10
3.93839e+07,898882,6.99246e+06,-1.49377e+11,1.36497e+10
3.93902e+07,898983,6.99471e+06,-1.4941e+11,1.32758e+10
3.93965e+07,899082,6.99696e+06,-1.49443e+11,1.29019e+10
3.94028e+07,899177,6.99921e+06,-1.49475e+11,1.25278e+10
3.94091e+07,899270,7.00146e+06,-1.49506e+11,1.21537e+10
3.94154e+07,899360,7.00372e+06,-1.49536e+11,1.17795e+10
3.94218e+07,899447,7.00597e+06,-1.49565e+11,1.14052e+10
3.94281e+07,899531,7.00822e+06,-1.49593e+11,1.10308e+10
3.94344e+07,899612,7.01047e+06,-1.4962e+11,1.06564e+10
3.94407e+07,899691,7.01272e+06,-1.49646e+11,1.02819e+10
3.9447e+07,899767,7.01497e+06,-1.49671e+11,9.90737e+09
3.94533e+07,899840,7.01722e+06,-1.49696e+11,9.53276e+09
3.94596e+07,899910,7.01948e+06,-1.49719e+11,9.15808e+09
3.94659e+07,899977,7.02173e+06,-1.49741e+11,8.78335e+09
3.94722e+07,900042,7.02398e+06,-1.49763e+11,8.40856e+09
3.94786e+07,900104,7.02623e+06,-1.49783e+11,8.03372e+09
3.94849e+07,900163,7.02849e+06,-1.49803e+11,7.65883e+09
3.94912e+07,900219,7.03074e+06,-1.49822e+11,7.28389e+09
3.94975e+07,900272,7.03299e+06,-1.49839e+11,6.90891e+09
3.95038e+07,900322,7.03525e+06,-1.49856e+11,6.53388e+09
3.95101e+07,900370,7.0375e+06,-1.49872e+11,6.15881e+09
3.95164e+07,900415,7.03975e+06,-1.49887e+11,5.78371e+09
3.95227e+07,900457,7.04201e+06,-1.49901e+11,5.40857e+09
3.9529e+07,900496,7.04426e+06,-1.49914e+11,5.03339e+09
3.95354e+07,900532,7.04651e+06,-1.49926e+11,4.65818e+09
3.95417e+07,900566,7.04877e+06,-1.49937e+11,4.28294e+09
3.9548e+07,900597,7.05102e+06,-1.49948e+11,3.90768e+09
3.95543e+07,900625,7.05327e+06,-1.49957e+11,3.53239e+09
3.95606e+07,900650,7.05553e+06,-1.49965e+11,3.15708e+09
3.95669e+07,900672,7.05778e+06,-1.49973e+11,2.78175e+09
3.95732e+07,900691,7.06004e+06,-1.49979e+11,2.4064e+09
3.95795e+07,900708,7.06229e+06,-1.49985e+11,2.03104e+09
3.95859e+07,900722,7.06455e+06,-1.49989e+11,1.65566e+09
3.95922e+07,900733,7.0668e+06,-1.49993e+11,1.28028e+09
3.95985e+07,900741,7.06905e+06,-1.49996e+11,9.04884e+08
3.96048e+07,900746,7.07131e+06,-1.49997e+11,5.29485e+08
3.96111e+07,900749,7.07356e+06,-1.49998e+11,1.54082e+08
3.96174e+07,900748,7.07582e+06,-1.49998e+11,-2.21322e+08
3.96237e+07,900745,7.07807e+06,-1.49997e+11,-5.96724e+08
3.963e+07,900739,7.08033e+06,-1.49995e+11,-9.72122e+08
3.96363e+07,900731,7.08258e+06,-1.49992e+11,-1.34751e+09
3.96427e+07,900719,7.08483e+06,-1.49988e+11,-1.7229e+09
3.9649e+07,900705,7.08709e+06,-1.49983e+11,-2.09827e+09
3.96553e+07,900687,7.08934e+06,-1.49978e+11,-2.47363e+09
3.96616e+07,900667,7.0916e+06,-1.49971e+11,-2.84897e+09
3.96679e+07,900644,7.09385e+06,-1.49963e+11,-3.2243e+09
3.96742e+07,900619,7.0961e+06,-1.49955e+11,-3.59961e+09
3.96805e+07,900590,7.09836e+06,-1.49945e+11,-3.97489e+09
3.96868e+07,900559,7.10061e+06,-1.49935e+11,-4.35015e+09
3.96931e+07,900525,7.10287e+06,-1.49924e+11,-4.72538e+09
3.96995e+07,900488,7.10512e+06,-1.49911e+11,-5.10058e+09
3.97058e+07,900448,7.10737e+06,-1.49898e+11,-5.47575e+09
3.97121e+07,900405,7.10963e+06,-1.49884e+11,-5.85089e+09
3.97184e+07,900360,7.11188e+06,-1.49869e+11,-6.22598e+09
3.97247e+07,900312,7.11413e+06,-1.49853e+11,-6.60104e+09
3.9731e+07,900261,7.11639e+06,-1.49836e+11,-6.97606e+09
3.97373e+07,900207,7.11864e+06,-1.49818e+11,-7.35104e+09
3.97436e+07,900150,7.12089e+06,-1.49799e+11,-7.72597e+09
3.975e+07,900091,7.12315e+06,-1.49779e+11,-8.10084e+09
3.97563e+07,900028,7.1254e+06,-1.49758e+11,-8.47567e+09
3.97626e+07,899963,7.12765e+06,-1.49737e+11,-8.85045e+09
3.97689e+07,899895,7.1299e+06,-1.49714e+11,-9.22517e+09
3.97752e+07,899824,7.13215e+06,-1.4969e+11,-9.59983e+09
3.97815e+07,899751,7.13441e+06,-1.49666e+11,-9.97444e+09
3.97878e+07,899674,7.13666e+06,-1.4964e+11,-1.0349e+10
3.97941e+07,899595,7.13891e+06,-1.49614e+11,-1.07235e+10
3.98004e+07,899513,7.14116e+06,-1.49587e+11,-1.10979e+10
3.98068e+07,899428,7.14341e+06,-1.49558e+11,-1.14722e+10
3.98131e+07,899340,7.14566e+06,-1.49529e+11,-1.18465e+10
3.98194e+07,899250,7.14791e+06,-1.49499e+11,-1.22207e+10
3.98257e+07,899157,7.15016e+06,-1.49468e+11,-1.25948e+10
3.9832e+07,899061,7.15241e+06,-1.49436e+11,-1.29688e+10
3.98383e+07,898962,7.15466e+06,-1.49403e+11,-1.33428e+10
3.98446e+07,898860,7.15691e+06,-1.49369e+11,-1.37166e+10
3.98509e+07,898755,7.15916e+06,-1.49334e+11,-1.40904e+10
3.98572e+07,898648,7.16141e+06,-1.49299e+11,-1.44641e+10
3.98636e+07,898538,7.16366e+06,-1.49262e+11,-1.48377e+10
3.98699e+07,898425,7.16591e+06,-1.49224e+11,-1.52112e+10
3.98762e+07,898309,7.16816e+06,-1.49186e+11,-1.55847e+10
3.98825e+07,898191,7.17041e+06,-1.49146e+11,-1.5958e+10
3.98888e+07,898069,7.17265e+06,-1.49106e+11,-1.63312e+10
3.98951e+07,897945,7.1749e+06,-1.49064e+11,-1.67043e+10
3.99014e+07,897818,7.17715e+06,-1.49022e+11,-1.70773e+10
3.99077e+07,897688,7.1794e+06,-1.48979e+11,-1.74502e+10
3.99141e+07,897556,7.18164e+06,-1.48935e+11,-1.7823e+10
3.99204e+07,897420,7.18389e+06,-1.4889e+11,-1.81957e+10
3.99267e+07,897282,7.18613e+06,-1.48844e+11,-1.85683e+10
3.9933e+07,897141,7.18838e+06,-1.48797e+11,-1.89407e+10
3.99393e+07,896997,7.19062e+06,-1.48749e+11,-1.93131e+10
3.99456e+07,896851,7.19287e+06,-1.487e+11,-1.96853e+10
3.99519e+07,896702,7.19511e+06,-1.4865e+11,-2.00574e+10
3.99582e+07,896549,7.19736e+06,-1.486e+11,-2.04294e+10
3.99645e+07,896394,7.1996e+06,-1.48548e+11,-2.08012e+10
3.99709e+07,896237,7.20184e+06,-1.48495e+11,-2.11729e+10
3.99772e+07,896076,7.20409e+06,-1.48442e+11,-2.15445e+10
3.99835e+07,895913,7.20633e+06,-1.48388e+11,-2.19159e+10
3.99898e+07,895747,7.20857e+06,-1.48332e+11,-2.22872e+10
3.99961e+07,895578,7.21081e+06,-1.48276e+11,-2.26584e+10
4.00024e+07,895406,7.21305e+06,-1.48219e+11,-2.30294e+10
4.00087e+07,895231,7.2153e+06,-1.48161e+11,-2.34003e+10
4.0015e+07,895054,7.21754e+06,-1.48102e+11,-2.3771e+10
4.00213e+07,894874,7.21978e+06,-1.48042e+11,-2.41416e+10
4.00277e+07,894691,7.22201e+06,-1.47981e+11,-2.4512e+10
4.0034e+07,894506,7.22425e+06,-1.47919e+11,-2.48823e+10
4.00403e+07,894317,7.22649e+06,-1.47856e+11,-2.52524e+10
4.00466e+07,894126,7.22873e+06,-1.47792e+11,-2.56224e+10
4.00529e+07,893932,7.23097e+06,-1.47728e+11,-2.59922e+10
4.00592e+07,893735,7.2332e+06,-1.47662e+11,-2.63618e+10
4.00655e+07,893536,7.23544e+06,-1.47596e+11,-2.67313e+10
4.00718e+07,893333,7.23768e+06,-1.47528e+11,-2.71006e+10
4.00782e+07,893128,7.23991e+06,-1.4746e+11,-2.74698e+10
4.00845e+07,892920,7.24215e+06,-1.47391e+11,-2.78387e+10
4.00908e+07,892710,7.24438e+06,-1.47321e+11,-2.82075e+10
4.00971e+07,892496,7.24662e+06,-1.4725e+11,-2.85761e+10
4.01034e+07,892280,7.24885e+06,-1.47178e+11,-2.89446e+10
4.01097e+07,892061,7.25108e+06,-1.47105e+11,-2.93128e+10
4.0116e+07,891840,7.25331e+06,-1.47031e+11,-2.96809e+10
4.01223e+07,891615,7.25555e+06,-1.46956e+11,-3.00488e+10
4.01286e+07,891388,7.25778e+06,-1.46881e+11,-3.04165e+10
4.0135e+07,891158,7.26001e+06,-1.46804e+11,-3.0784e+10
4.01413e+07,890925,7.26224e+06,-1.46726e+11,-3.11513e+10
4.01476e+07,890690,7.26447e+06,-1.46648e+11,-3.15184e+10
4.01539e+07,890451,7.2667e+06,-1.46569e+11,-3.18853e+10
4.01602e+07,890210,7.26892e+06,-1.46488e+11,-3.2252e+10
4.01665e+07,889967,7.27115e+06,-1.46407e+11,-3.26186e+10
4.01728e+07,889720,7.27338e+06,-1.46325e+11,-3.29849e+10
4.01791e+07,889471,7.27561e+06,-1.46242e+11,-3.3351e+10
4.01854e+07,889219,7.27783e+06,-1.46158e+11,-3.37169e+10
4.01918e+07,888964,7.28006e+06,-1.46073e+11,-3.40826e+10
4.01981e+07,888706,7.28228e+06,-1.45987e+11,-3.4448e+10
4.02044e+07,888446,7.2845e+06,-1.45901e+11,-3.48133e+10
4.02107e+07,888183,7.28673e+06,-1.45813e+11,-3.51783e+10
4.0217e+07,887917,7.28895e+06,-1.45725e+11,-3.55431e+10
4.02233e+07,887649,7.29117e+06,-1.45635e+11,-3.59077e+10
4.02296e+07,887377,7.29339e+06,-1.45545e+11,-3.62721e+10
4.02359e+07,887103,7.29561e+06,-1.45454e+11,-3.66363e+10
4.02423e+07,886827,7.29783e+06,-1.45361e+11,-3.70002e+10
4.02486e+07,886547,7.30005e+06,-1.45268e+11,-3.73639e+10
4.02549e+07,886265,7.30227e+06,-1.45174e+11,-3.77273e+10
4.02612e+07,885980,7.30449e+06,-1.45079e+11,-3.80905e+10
4.02675e+07,885693,7.30671e+06,-1.44984e+11,-3.84535e+10
4.02738e+07,885402,7.30892e+06,-1.44887e+11,-3.88162e+10
4.02801e+07,885109,7.31114e+06,-1.44789e+11,-3.91787e+10
4.02864e+07,884813,7.31335e+06,-1.44691e+11,-3.9541e+10
4.02927e+07,884515,7.31557e+06,-1.44591e+11,-3.9903e+10
4.02991e+07,884213,7.31778e+06,-1.44491e+11,-4.02647e+10
4.03054e+07,883909,7.31999e+06,-1.4439e+11,-4.06262e+10
4.03117e+07,883603,7.3222e+06,-1.44288e+11,-4.09874e+10
4.0318e+07,883293,7.32442e+06,-1.44185e+11,-4.13484e+10
4.03243e+07,882981,7.32663e+06,-1.44081e+11,-4.17091e+10
4.03306e+07,882666,7.32884e+06,-1.43976e+11,-4.20696e+10
4.03369e+07,882349,7.33104e+06,-1.4387e+11,-4.24298e+10
4.03432e+07,882029,7.33325e+06,-1.43763e+11,-4.27897e+10
4.03495e+07,881706,7.33546e+06,-1.43656e+11,-4.31494e+10
4.03559e+07,881380,7.33767e+06,-1.43547e+11,-4.35088e+10
4.03622e+07,881052,7.33987e+06,-1.43438e+11,-4.38679e+10
4.03685e+07,880721,7.34208e+06,-1.43328e+11,-4.42268e+10
4.03748e+07,880387,7.34428e+06,-1.43217e+11,-4.45853e+10
4.03811e+07,880050,7.34648e+06,-1.43105e+11,-4.49436e+10
4.03874e+07,879711,7.34868e+06,-1.42992e+11,-4.53016e+10
4.03937e+07,879370,7.35089e+06,-1.42878e+11,-4.56594e+10
4.04e+07,879025,7.35309e+06,-1.42763e+11,-4.60168e+10
4.04064e+07,878678,7.35528e+06,-1.42647e+11,-4.6374e+10
4.04127e+07,878328,7.35748e+06,-1.42531e+11,-4.67308e+10
4.0419e+07,877975,7.35968e+06,-1.42413e+11,-4.70874e+10
4.04253e+07,877620,7.36188e+06,-1.42295e+11,-4.74437e+10
4.04316e+07,877262,7.36407e+06,-1.42176e+11,-4.77996e+10
4.04379e+07,876902,7.36627e+06,-1.42056e+11,-4.81553e+10
4.04442e+07,876538,7.36846e+06,-1.41935e+11,-4.85107e+10
4.04505e+07,876173,7.37066e+06,-1.41813e+11,-4.88658e+10
4.04568e+07,875804,7.37285e+06,-1.4169e+11,-4.92205e+10
4.04632e+07,875433,7.37504e+06,-1.41567e+11,-4.9575e+10
4.04695e+07,875059,7.37723e+06,-1.41442e+11,-4.99291e+10
4.04758e+07,874682,7.37942e+06,-1.41317e+11,-5.0283e+10
4.04821e+07,874303,7.38161e+06,-1.4119e+11,-5.06365e+10
4.04884e+07,873921,7.3838e+06,-1.41063e+11,-5.09897e+10
4.04947e+07,873537,7.38598e+06,-1.40935e+11,-5.13426e+10
4.0501e+07,873149,7.38817e+06,-1.40806e+11,-5.16951e+10
4.05073e+07,872760,7.39035e+06,-1.40676e+11,-5.20473e+10
4.05136e+07,872367,7.39254e+06,-1.40546e+11,-5.23993e+10
4.052e+07,871972,7.39472e+06,-1.40414e+11,-5.27508e+10
4.05263e+07,871574,7.3969e+06,-1.40281e+11,-5.31021e+10
4.05326e+07,871174,7.39908e+06,-1.40148e+11,-5.3453e+10
4.05389e+07,870771,7.40126e+06,-1.40014e+11,-5.38036e+10
4.05452e+07,870365,7.40344e+06,-1.39879e+11,-5.41538e+10
4.05515e+07,869957,7.40562e+06,-1.39743e+11,-5.45037e+10
4.05578e+07,869546,7.4078e+06,-1.39606e+11,-5.48533e+10
4.05641e+07,869132,7.40997e+06,-1.39468e+11,-5.52025e+10
4.05705e+07,868716,7.41215e+06,-1.3933e+11,-5.55514e+10
4.05768e+07,868297,7.41432e+06,-1.3919e+11,-5.58999e+10
4.05831e+07,867876,7.41649e+06,-1.3905e+11,-5.62481e+10
4.05894e+07,867452,7.41866e+06,-1.38909e+11,-5.65959e+10
4.05957e+07,867025,7.42083e+06,-1.38766e+11,-5.69434e+10
4.0602e+07,866596,7.423e+06,-1.38623e+11,-5.72905e+10
4.06083e+07,866164,7.42517e+06,-1.3848e+11,-5.76373e+10
4.06146e+07,865730,7.42734e+06,-1.38335e+11,-5.79837e+10
4.06209e+07,865293,7.42951e+06,-1.38189e+11,-5.83297e+10
4.06273e+07,864853,7.43167e+06,-1.38043e+11,-5.86754e+10
4.06336e+07,864411,7.43383e+06,-1.37896e+11,-5.90207e+10
4.06399e+07,863966,7.436e+06,-1.37747e+11,-5.93656e+10
4.06462e+07,863518,7.43816e+06,-1.37598e+11,-5.97102e+10
4.06525e+07,863068,7.44032e+06,-1.37449e+11,-6.00543e+10
4.06588e+07,862616,7.44248e+06,-1.37298e+11,-6.03982e+10
4.06651e+07,862160,7.44464e+06,-1.37146e+11,-6.07416e+10
4.06714e+07,861703,7.44679e+06,-1.36994e+11,-6.10846e+10
4.06777e+07,861242,7.44895e+06,-1.3684e+11,-6.14273e+10
4.06841e+07,860779,7.45111e+06,-1.36686e+11,-6.17696e+10
4.06904e+07,860314,7.45326e+06,-1.36531e+11,-6.21115e+10
4.06967e+07,859846,7.45541e+06,-1.36375e+11,-6.2453e+10
4.0703e+07,859375,7.45756e+06,-1.36219e+11,-6.27941e+10
4.07093e+07,858902,7.45971e+06,-1.36061e+11,-6.31348e+10
4.07156e+07,858426,7.46186e+06,-1.35903e+11,-6.34751e+10
4.07219e+07,857948,7.46401e+06,-1.35743e+11,-6.38151e+10
4.07282e+07,857467,7.46616e+06,-1.35583e+11,-6.41546e+10
4.07346e+07,856984,7.4683e+06,-1.35422e+11,-6.44937e+10
4.07409e+07,856498,7.47045e+06,-1.3526e+11,-6.48324e+10
4.07472e+07,856009,7.47259e+06,-1.35097e+11,-6.51707e+10
4.07535e+07,855518,7.47473e+06,-1.34934e+11,-6.55087e+10
4.07598e+07,855025,7.47687e+06,-1.3477e+11,-6.58462e+10
4.07661e+07,854528,7.47901e+06,-1.34604e+11,-6.61832e+10
4.07724e+07,854030,7.48115e+06,-1.34438e+11,-6.65199e+10
4.07787e+07,853529,7.48329e+06,-1.34271e+11,-6.68562e+10
4.0785e+07,853025,7.48542e+06,-1.34104e+11,-6.7192e+10
4.07914e+07,852519,7.48755e+06,-1.33935e+11,-6.75274e+10
4.07977e+07,852010,7.48969e+06,-1.33766e+11,-6.78624e+10
4.0804e+07,851499,7.49182e+06,-1.33595e+11,-6.8197e+10
4.08103e+07,850985,7.49395e+06,-1.33424e+11,-6.85311e+10
4.08166e+07,850469,7.49608e+06,-1.33252e+11,-6.88648e+10
4.08229e+07,849950,7.49821e+06,-1.33079e+11,-6.91981e+10
4.08292e+07,849429,7.50033e+06,-1.32906e+11,-6.95309e+10
4.08355e+07,848905,7.50246e+06,-1.32731e+11,-6.98633e+10
4.08418e+07,848378,7.50458e+06,-1.32556e+11,-7.01953e+10
4.08482e+07,847850,7.50671e+06,-1.3238e+11,-7.05268e+10
4.08545e+07,847318,7.50883e+06,-1.32203e+11,-7.08579e+10
4.08608e+07,846785,7.51095e+06,-1.32025e+11,-7.11886e+10
4.08671e+07,846248,7.51306e+06,-1.31847e+11,-7.15188e+10
4.08734e+07,845710,7.51518e+06,-1.31667e+11,-7.18485e+10
4.08797e+07,845169,7.5173e+06,-1.31487e+11,-7.21778e+10
4.0886e+07,844625,7.51941e+06,-1.31306e+11,-7.25067e+10
4.08923e+07,844079,7.52153e+06,-1.31124e+11,-7.28351e+10
4.08986e+07,843530,7.52364e+06,-1.30941e+11,-7.3163e+10
4.0905e+07,842979,7.52575e+06,-1.30758e+11,-7.34905e+10
4.09113e+07,842426,7.52786e+06,-1.30573e+11,-7.38175e+10
4.09176e+07,841870,7.52996e+06,-1.30388e+11,-7.41441e+10
4.09239e+07,841311,7.53207e+06,-1.30202e+11,-7.44701e+10
4.09302e+07,840750,7.53418e+06,-1.30015e+11,-7.47958e+10
4.09365e+07,840187,7.53628e+06,-1.29828e+11,-7.51209e+10
4.09428e+07,839621,7.53838e+06,-1.29639e+11,-7.54456e+10
4.09491e+07,839053,7.54048e+06,-1.2945e+11,-7.57698e+10
4.09555e+07,838482,7.54258e+06,-1.2926e+11,-7.60936e+10
4.09618e+07,837909,7.54468e+06,-1.29069e+11,-7.64168e+10
4.09681e+07,837334,7.54678e+06,-1.28878e+11,-7.67396e+10
4.09744e+07,836756,7.54887e+06,-1.28685e+11,-7.70619e+10
4.09807e+07,836175,7.55096e+06,-1.28492e+11,-7.73837e+10
4.0987e+07,835593,7.55306e+06,-1.28298e+11,-7.77051e+10
4.09933e+07,835008,7.55515e+06,-1.28103e+11,-7.80259e+10
4.09996e+07,834420,7.55723e+06,-1.27907e+11,-7.83463e+10
4.10059e+07,833830,7.55932e+06,-1.27711e+11,-7.86662e+10
4.10123e+07,833238,7.56141e+06,-1.27513e+11,-7.89855e+10
4.10186e+07,832643,7.56349e+06,-1.27315e+11,-7.93044e+10
4.10249e+07,832046,7.56558e+06,-1.27116e+11,-7.96228e+10
4.10312e+07,831446,7.56766e+06,-1.26917e+11,-7.99407e+10
4.10375e+07,830844,7.56974e+06,-1.26716e+11,-8.02581e+10
4.10438e+07,830240,7.57182e+06,-1.26515e+11,-8.0575e+10
4.10501e+07,829633,7.57389e+06,-1.26313e+11,-8.08913e+10
4.10564e+07,829024,7.57597e+06,-1.2611e+11,-8.12072e+10
4.10627e+07,828412,7.57804e+06,-1.25906e+11,-8.15226e+10
4.10691e+07,827799,7.58012e+06,-1.25702e+11,-8.18374e+10
4.10754e+07,827182,7.58219e+06,-1.25497e+11,-8.21518e+10
4.10817e+07,826564,7.58426e+06,-1.25291e+11,-8.24656e+10
4.1088e+07,825943,7.58632e+06,-1.25084e+11,-8.27789e+10
4.10943e+07,825320,7.58839e+06,-1.24876e+11,-8.30917e+10
4.11006e+07,824694,7.59046e+06,-1.24668e+11,-8.3404e+10
4.11069e+07,824066,7.59252e+06,-1.24459e+11,-8.37157e+10
4.11132e+07,823436,7.59458e+06,-1.24249e+11,-8.40269e+10
4.11196e+07,822803,7.59664e+06,-1.24038e+11,-8.43376e+10
4.11259e+07,822168,7.5987e+06,-1.23827e+11,-8.46478e+10
4.11322e+07,821531,7.60076e+06,-1.23614e+11,-8.49574e+10
4.11385e+07,820891,7.60281e+06,-1.23401e+11,-8.52665e+10
4.11448e+07,820249,7.60486e+06,-1.23188e+11,-8.55751e+10
4.11511e+07,819605,7.60692e+06,-1.22973e+11,-8.58831e+10
4.11574e+07,818959,7.60897e+06,-1.22758e+11,-8.61906e+10
4.11637e+07,818310,7.61102e+06,-1.22542e+11,-8.64976e+10
4.117e+07,817658,7.61306e+06,-1.22325e+11,-8.6804e+10
4.11764e+07,817005,7.61511e+06,-1.22107e+11,-8.71099e+10
4.11827e+07,816349,7.61715e+06,-1.21889e+11,-8.74152e+10
4.1189e+07,815691,7.61919e+06,-1.21669e+11,-8.772e+10
4.11953e+07,815031,7.62123e+06,-1.21449e+11,-8.80242e+10
4.12016e+07,814368,7.62327e+06,-1.21229e+11,-8.83279e+10
4.12079e+07,813703,7.62531e+06,-1.21007e+11,-8.8631e+10
4.12142e+07,813036,7.62735e+06,-1.20785e+11,-8.89336e+10
4.12205e+07,812366,7.62938e+06,-1.20562e+11,-8.92356e+10
4.12268e+07,811695,7.63141e+06,-1.20338e+11,-8.95371e+10
4.12332e+07,811021,7.63344e+06,-1.20114e+11,-8.9838e+10
4.12395e+07,810344,7.63547e+06,-1.19889e+11,-9.01383e+10
4.12458e+07,809666,7.6375e+06,-1.19663e+11,-9.04381e+10
4.12521e+07,808985,7.63953e+06,-1.19436e+11,-9.07373e+10
4.12584e+07,808302,7.64155e+06,-1.19208e+11,-9.10359e+10
4.12647e+07,807617,7.64357e+06,-1.1898e+11,-9.13339e+10
4.1271e+07,806929,7.64559e+06,-1.18751e+11,-9.16314e+10
4.12773e+07,806240,7.64761e+06,-1.18522e+11,-9.19283e+10
4.12837e+07,805548,7.64963e+06,-1.18291e+11,-9.22247e+10
4.129e+07,804854,7.65164e+06,-1.1806e+11,-9.25204e+10
4.12963e+07,804157,7.65366e+06,-1.17828e+11,-9.28156e+10
4.13026e+07,803459,7.65567e+06,-1.17595e+11,-9.31102e+10
4.13089e+07,802758,7.65768e+06,-1.17362e+11,-9.34042e+10
4.13152e+07,802055,7.65969e+06,-1.17128e+11,-9.36977e+10
4.13215e+07,801349,7.66169e+06,-1.16893e+11,-9.39905e+10
4.13278e+07,800642,7.6637e+06,-1.16657e+11,-9.42828e+10
4.13341e+07,799932,7.6657e+06,-1.16421e+11,-9.45744e+10
4.13405e+07,799221,7.6677e+06,-1.16184e+11,-9.48655e+10
4.13468e+07,798507,7.6697e+06,-1.15946e+11,-9.5156e+10
4.13531e+07,797790,7.6717e+06,-1.15707e+11,-9.54459e+10
4.13594e+07,797072,7.67369e+06,-1.15468e+11,-9.57352e+10
4.13657e+07,796351,7.67569e+06,-1.15228e+11,-9.60238e+10
4.1372e+07,795629,7.67768e+06,-1.14988e+11,-9.63119e+10
4.13783e+07,794904,7.67967e+06,-1.14746e+11,-9.65994e+10
4.13846e+07,794177,7.68166e+06,-1.14504e+11,-9.68863e+10
4.13909e+07,793448,7.68364e+06,-1.14261e+11,-9.71725e+10
4.13973e+07,792716,7.68563e+06,-1.14018e+11,-9.74582e+10
4.14036e+07,791983,7.68761e+06,-1.13773e+11,-9.77432e+10
4.14099e+07,791247,7.68959e+06,-1.13528e+11,-9.80277e+10
4.14162e+07,790510,7.69157e+06,-1.13283e+11,-9.83115e+10
4.14225e+07,789770,7.69355e+06,-1.13036e+11,-9.85947e+10
4.14288e+07,789028,7.69553e+06,-1.12789e+11,-9.88773e+10
4.14351e+07,788284,7.6975e+06,-1.12541e+11,-9.91593e+10
4.14414e+07,787537,7.69947e+06,-1.12293e+11,-9.94406e+10
4.14478e+07,786789,7.70144e+06,-1.12043e+11,-9.97213e+10
4.14541e+07,786038,7.70341e+06,-1.11793e+11,-1.00001e+11
4.14604e+07,785286,7.70538e+06,-1.11543e+11,-1.00281e+11
4.14667e+07,784531,7.70734e+06,-1.11291e+11,-1.0056e+11
4.1473e+07,783775,7.7093e+06,-1.11039e+11,-1.00838e+11
4.14793e+07,783016,7.71126e+06,-1.10787e+11,-1.01116e+11
4.14856e+07,782255,7.71322e+06,-1.10533e+11,-1.01393e+11
4.14919e+07,781492,7.71518e+06,-1.10279e+11,-1.01669e+11
4.14982e+07,780727,7.71713e+06,-1.10024e+11,-1.01945e+11
4.15046e+07,779960,7.71909e+06,-1.09769e+11,-1.0222e+11
4.15109e+07,779190,7.72104e+06,-1.09513e+11,-1.02494e+11
4.15172e+07,778419,7.72299e+06,-1.09256e+11,-1.02768e+11
4.15235e+07,777646,7.72493e+06,-1.08998e+11,-1.03041e+11
4.15298e+07,776870,7.72688e+06,-1.0874e+11,-1.03313e+11
4.15361e+07,776093,7.72882e+06,-1.08481e+11,-1.03585e+11
4.15424e+07,775313,7.73076e+06,-1.08221e+11,-1.03856e+11
4.15487e+07,774532,7.7327e+06,-1.07961e+11,-1.04127e+11
4.1555e+07,773748,7.73464e+06,-1.077e+11,-1.04397e+11
4.15614e+07,772963,7.73658e+06,-1.07439e+11,-1.04666e+11
4.15677e+07,772175,7.73851e+06,-1.07176e+11,-1.04934e+11
4.1574e+07,771386,7.74044e+06,-1.06913e+11,-1.05202e+11
4.15803e+07,770594,7.74237e+06,-1.0665e+11,-1.0547e+11
4.15866e+07,769801,7.7443e+06,-1.06385e+11,-1.05736e+11
4.15929e+07,769005,7.74622e+06,-1.0612e+11,-1.06002e+11
4.15992e+07,768207,7.74815e+06,-1.05855e+11,-1.06267e+11
4.16055e+07,767408,7.75007e+06,-1.05588e+11,-1.06532e+11
4.16119e+07,766606,7.75199e+06,-1.05321e+11,-1.06796e+11
4.16182e+07,765803,7.75391e+06,-1.05054e+11,-1.07059e+11
4.16245e+07,764997,7.75582e+06,-1.04786e+11,-1.07322e+11
4.16308e+07,764190,7.75774e+06,-1.04517e+11,-1.07584e+11
4.16371e+07,763380,7.75965e+06,-1.04247e+11,-1.07845e+11
4.16434e+07,762569,7.76156e+06,-1.03977e+11,-1.08105e+11
4.16497e+07,761755,7.76346e+06,-1.03706e+11,-1.08365e+11
4.1656e+07,760940,7.76537e+06,-1.03434e+11,-1.08625e+11
4.16623e+07,760123,7.76727e+06,-1.03162e+11,-1.08883e+11
4.16687e+07,759304,7.76917e+06,-1.02889e+11,-1.09141e+11
4.1675e+07,758482,7.77107e+06,-1.02616e+11,-1.09398e+11
4.16813e+07,757659,7.77297e+06,-1.02342e+11,-1.09655e+11
4.16876e+07,756834,7.77487e+06,-1.02067e+11,-1.0991e+11
4.16939e+07,756007,7.77676e+06,-1.01791e+11,-1.10165e+11
4.17002e+07,755179,7.77865e+06,-1.01515e+11,-1.1042e+11
4.17065e+07,754348,7.78054e+06,-1.01239e+11,-1.10674e+11
4.17128e+07,753515,7.78243e+06,-1.00961e+11,-1.10927e+11
4.17191e+07,752681,7.78431e+06,-1.00683e+11,-1.11179e+11
4.17255e+07,751844,7.78619e+06,-1.00405e+11,-1.11431e+11
4.17318e+07,751006,7.78807e+06,-1.00126e+11,-1.11681e+11
4.17381e+07,750166,7.78995e+06,-9.98458e+10,-1.11932e+11
4.17444e+07,749323,7.79183e+06,-9.95654e+10,-1.12181e+11
4.17507e+07,748479,7.7937e+06,-9.92843e+10,-1.1243e+11
4.1757e+07,747634,7.79558e+06,-9.90026e+10,-1.12678e+11
4.17633e+07,746786,7.79745e+06,-9.87202e+10,-1.12926e+11
4.17696e+07,745936,7.79931e+06,-9.84373e+10,-1.13172e+11
4.1776e+07,745085,7.80118e+06,-9.81537e+10,-1.13418e+11
4.17823e+07,744232,7.80304e+06,-9.78695e+10,-1.13664e+11
4.17886e+07,743377,7.8049e+06,-9.75848e+10,-1.13908e+11
4.17949e+07,742520,7.80676e+06,-9.72993e+10,-1.14152e+11
4.18012e+07,741661,7.80862e+06,-9.70133e+10,-1.14395e+11
4.18075e+07,740800,7.81048e+06,-9.67267e+10,-1.14638e+11
4.18138e+07,739938,7.81233e+06,-9.64395e+10,-1.14879e+11
4.18201e+07,739074,7.81418e+06,-9.61517e+10,-1.1512e+11
4.18264e+07,738208,7.81603e+06,-9.58632e+10,-1.15361e+11
4.18328e+07,737340,7.81787e+06,-9.55742e+10,-1.156e+11
4.18391e+07,736470,7.81972e+06,-9.52846e+10,-1.15839e+11
4.18454e+07,735599,7.82156e+06,-9.49943e+10,-1.16077e+11
4.18517e+07,734726,7.8234e+06,-9.47035e+10,-1.16315e+11
4.1858e+07,733851,7.82524e+06,-9.44121e+10,-1.16551e+11
4.18643e+07,732974,7.82707e+06,-9.41201e+10,-1.16787e+11
4.18706e+07,732095,7.82891e+06,-9.38275e+10,-1.17022e+11
4.18769e+07,731215,7.83074e+06,-9.35343e+10,-1.17257e+11
4.18832e+07,730333,7.83257e+06,-9.32405e+10,-1.17491e+11
4.18896e+07,729449,7.83439e+06,-9.29462e+10,-1.17724e+11
4.18959e+07,728564,7.83622e+06,-9.26512e+10,-1.17956e+11
4.19022e+07,727676,7.83804e+06,-9.23557e+10,-1.18187e+11
4.19085e+07,726787,7.83986e+06,-9.20596e+10,-1.18418e+11
4.19148e+07,725897,7.84168e+06,-9.1763e+10,-1.18648e+11
4.19211e+07,725004,7.84349e+06,-9.14657e+10,-1.18877e+11
4.19274e+07,724110,7.84531e+06,-9.11679e+10,-1.19106e+11
4.19337e+07,723214,7.84712e+06,-9.08695e+10,-1.19334e+11
4.19401e+07,722316,7.84893e+06,-9.05705e+10,-1.19561e+11
4.19464e+07,721417,7.85073e+06,-9.0271e+10,-1.19787e+11
4.19527e+07,720516,7.85254e+06,-8.99709e+10,-1.20013e+11
4.1959e+07,719613,7.85434e+06,-8.96703e+10,-1.20237e+11
4.19653e+07,718709,7.85614e+06,-8.9369e+10,-1.20461e+11
4.19716e+07,717803,7.85794e+06,-8.90673e+10,-1.20685e+11
4.19779e+07,716895,7.85973e+06,-8.87649e+10,-1.20907e+11
4.19842e+07,715986,7.86153e+06,-8.8462e+10,-1.21129e+11
4.19905e+07,715074,7.86332e+06,-8.81586e+10,-1.2135e+11
4.19969e+07,714162,7.86511e+06,-8.78546e+10,-1.2157e+11
4.20032e+07,713247,7.86689e+06,-8.755e+10,-1.2179e+11
4.20095e+07,712331,7.86868e+06,-8.72449e+10,-1.22009e+11
4.20158e+07,711414,7.87046e+06,-8.69393e+10,-1.22226e+11
4.20221e+07,710494,7.87224e+06,-8.66331e+10,-1.22444e+11
4.20284e+07,709573,7.87401e+06,-8.63264e+10,-1.2266e+11
4.20347e+07,708651,7.87579e+06,-8.60191e+10,-1.22876e+11
4.2041e+07,707726,7.87756e+06,-8.57113e+10,-1.23091e+11
4.20473e+07,706801,7.87933e+06,-8.54029e+10,-1.23305e+11
4.20537e+07,705873,7.8811e+06,-8.50941e+10,-1.23518e+11
4.206e+07,704944,7.88286e+06,-8.47846e+10,-1.23731e+11
4.20663e+07,704014,7.88463e+06,-8.44747e+10,-1.23943e+11
4.20726e+07,703081,7.88639e+06,-8.41642e+10,-1.24154e+11
4.20789e+07,702148,7.88815e+06,-8.38532e+10,-1.24364e+11
4.20852e+07,701212,7.8899e+06,-8.35417e+10,-1.24573e+11
4.20915e+07,700275,7.89166e+06,-8.32296e+10,-1.24782e+11
4.20978e+07,699337,7.89341e+06,-8.29171e+10,-1.2499e+11
4.21041e+07,698397,7.89516e+06,-8.2604e+10,-1.25197e+11
4.21105e+07,697455,7.8969e+06,-8.22904e+10,-1.25403e+11
4.21168e+07,696512,7.89865e+06,-8.19762e+10,-1.25609e+11
4.21231e+07,695567,7.90039e+06,-8.16616e+10,-1.25814e+11
4.21294e+07,694621,7.90213e+06,-8.13465e+10,-1.26018e+11
4.21357e+07,693673,7.90387e+06,-8.10308e+10,-1.26221e+11
4.2142e+07,692724,7.9056e+06,-8.07146e+10,-1.26423e+11
4.21483e+07,691773,7.90733e+06,-8.0398e+10,-1.26625e+11
4.21546e+07,690821,7.90906e+06,-8.00808e+10,-1.26826e+11
4.2161e+07,689867,7.91079e+06,-7.97631e+10,-1.27026e+11
4.21673e+07,688912,7.91252e+06,-7.94449e+10,-1.27225e+11
4.21736e+07,687955,7.91424e+06,-7.91263e+10,-1.27423e+11
4.21799e+07,686996,7.91596e+06,-7.88071e+10,-1.27621e+11
4.21862e+07,686037,7.91768e+06,-7.84874e+10,-1.27818e+11
4.21925e+07,685075,7.91939e+06,-7.81673e+10,-1.28014e+11
4.21988e+07,684113,7.92111e+06,-7.78466e+10,-1.28209e+11
4.22051e+07,683148,7.92282e+06,-7.75255e+10,-1.28404e+11
4.22114e+07,682183,7.92453e+06,-7.72039e+10,-1.28597e+11
4.22178e+07,681216,7.92623e+06,-7.68818e+10,-1.2879e+11
4.22241e+07,680247,7.92794e+06,-7.65592e+10,-1.28982e+11
4.22304e+07,679277,7.92964e+06,-7.62361e+10,-1.29173e+11
4.22367e+07,678306,7.93134e+06,-7.59126e+10,-1.29364e+11
4.2243e+07,677333,7.93303e+06,-7.55886e+10,-1.29553e+11
4.22493e+07,676359,7.93473e+06,-7.52641e+10,-1.29742e+11
4.22556e+07,675383,7.93642e+06,-7.49391e+10,-1.2993e+11
4.22619e+07,674406,7.93811e+06,-7.46137e+10,-1.30117e+11
4.22682e+07,673427,7.93979e+06,-7.42878e+10,-1.30303e+11
4.22746e+07,672447,7.94148e+06,-7.39614e+10,-1.30489e+11
4.22809e+07,671466,7.94316e+06,-7.36346e+10,-1.30674e+11
4.22872e+07,670483,7.94484e+06,-7.33073e+10,-1.30857e+11
4.22935e+07,669499,7.94652e+06,-7.29796e+10,-1.31041e+11
4.22998e+07,668514,7.94819e+06,-7.26514e+10,-1.31223e+11
4.23061e+07,667527,7.94986e+06,-7.23227e+10,-1.31404e+11
4.23124e+07,666539,7.95153e+06,-7.19936e+10,-1.31585e+11
4.23187e+07,665549,7.9532e+06,-7.1664e+10,-1.31765e+11
4.23251e+07,664558,7.95486e+06,-7.1334e+10,-1.31943e+11
4.23314e+07,663566,7.95653e+06,-7.10036e+10,-1.32122e+11
4.23377e+07,662573,7.95819e+06,-7.06727e+10,-1.32299e+11
4.2344e+07,661578,7.95984e+06,-7.03413e+10,-1.32475e+11
4.23503e+07,660582,7.9615e+06,-7.00095e+10,-1.32651e+11
4.23566e+07,659584,7.96315e+06,-6.96773e+10,-1.32826e+11
4.23629e+07,658585,7.9648e+06,-6.93446e+10,-1.33e+11
4.23692e+07,657585,7.96645e+06,-6.90115e+10,-1.33173e+11
4.23755e+07,656584,7.96809e+06,-6.8678e+10,-1.33345e+11
4.23819e+07,655581,7.96973e+06,-6.83441e+10,-1.33517e+11
4.23882e+07,654577,7.97137e+06,-6.80097e+10,-1.33687e+11
4.23945e+07,653572,7.97301e+06,-6.76749e+10,-1.33857e+11
4.24008e+07,652565,7.97464e+06,-6.73396e+10,-1.34026e+11
4.24071e+07,651557,7.97627e+06,-6.7004e+10,-1.34194e+11
4.24134e+07,650548,7.9779e+06,-6.66679e+10,-1.34361e+11
4.24197e+07,649538,7.97953e+06,-6.63314e+10,-1.34528e+11
4.2426e+07,648526,7.98115e+06,-6.59945e+10,-1.34693e+11
4.24323e+07,647514,7.98278e+06,-6.56572e+10,-1.34858e+11
4.24387e+07,646500,7.9844e+06,-6.53194e+10,-1.35022e+11
4.2445e+07,645484,7.98601e+06,-6.49813e+10,-1.35185e+11
4.24513e+07,644468,7.98763e+06,-6.46427e+10,-1.35347e+11
4.24576e+07,643450,7.98924e+06,-6.43038e+10,-1.35509e+11
4.24639e+07,642431,7.99085e+06,-6.39644e+10,-1.35669e+11
4.24702e+07,641411,7.99245e+06,-6.36247e+10,-1.35829e+11
4.24765e+07,640390,7.99406e+06,-6.32845e+10,-1.35988e+11
4.24828e+07,639367,7.99566e+06,-6.29439e+10,-1.36146e+11
4.24892e+07,638343,7.99726e+06,-6.2603e+10,-1.36303e+11
4.24955e+07,637319,7.99885e+06,-6.22617e+10,-1.36459e+11
4.25018e+07,636293,8.00045e+06,-6.19199e+10,-1.36614e+11
4.25081e+07,635265,8.00204e+06,-6.15778e+10,-1.36769e+11
4.25144e+07,634237,8.00363e+06,-6.12353e+10,-1.36923e+11
4.25207e+07,633207,8.00521e+06,-6.08924e+10,-1.37075e+11
4.2527e+07,632177,8.0068e+06,-6.05492e+10,-1.37227e+11
4.25333e+07,631145,8.00838e+06,-6.02055e+10,-1.37378e+11
4.25396e+07,630112,8.00996e+06,-5.98615e+10,-1.37529e+11
4.2546e+07,629078,8.01153e+06,-5.95171e+10,-1.37678e+11
4.25523e+07,628043,8.01311e+06,-5.91723e+10,-1.37827e+11
4.25586e+07,627006,8.01468e+06,-5.88272e+10,-1.37974e+11
4.25649e+07,625969,8.01624e+06,-5.84816e+10,-1.38121e+11
4.25712e+07,624931,8.01781e+06,-5.81358e+10,-1.38267e+11
4.25775e+07,623891,8.01937e+06,-5.77895e+10,-1.38412e+11
4.25838e+07,622850,8.02093e+06,-5.74429e+10,-1.38556e+11
4.25901e+07,621808,8.02249e+06,-5.7096e+10,-1.387e+11
4.25964e+07,620766,8.02404e+06,-5.67486e+10,-1.38842e+11
4.26028e+07,619722,8.0256e+06,-5.6401e+10,-1.38984e+11
4.26091e+07,618677,8.02715e+06,-5.60529e+10,-1.39124e+11
4.26154e+07,617631,8.02869e+06,-5.57045e+10,-1.39264e+11
4.26217e+07,616584,8.03024e+06,-5.53558e+10,-1.39403e+11
4.2628e+07,615536,8.03178e+06,-5.50067e+10,-1.39541e+11
4.26343e+07,614486,8.03332e+06,-5.46573e+10,-1.39679e+11
4.26406e+07,613436,8.03486e+06,-5.43075e+10,-1.39815e+11
4.26469e+07,612385,8.03639e+06,-5.39574e+10,-1.3995e+11
4.26533e+07,611333,8.03792e+06,-5.3607e+10,-1.40085e+11
4.26596e+07,610280,8.03945e+06,-5.32562e+10,-1.40219e+11
4.26659e+07,609225,8.04098e+06,-5.29051e+10,-1.40352e+11
4.26722e+07,608170,8.0425e+06,-5.25537e+10,-1.40484e+11
4.26785e+07,607114,8.04402e+06,-5.22019e+10,-1.40615e+11
4.26848e+07,606057,8.04554e+06,-5.18498e+10,-1.40745e+11
4.26911e+07,604999,8.04705e+06,-5.14974e+10,-1.40874e+11
4.26974e+07,603940,8.04857e+06,-5.11446e+10,-1.41003e+11
4.27037e+07,602879,8.05008e+06,-5.07916e+10,-1.4113e+11
4.27101e+07,601818,8.05158e+06,-5.04382e+10,-1.41257e+11
4.27164e+07,600756,8.05309e+06,-5.00845e+10,-1.41383e+11
4.27227e+07,599693,8.05459e+06,-4.97305e+10,-1.41508e+11
4.2729e+07,598630,8.05609e+06,-4.93761e+10,-1.41632e+11
4.27353e+07,597565,8.05759e+06,-4.90215e+10,-1.41755e+11
4.27416e+07,596499,8.05908e+06,-4.86665e+10,-1.41877e+11
4.27479e+07,595432,8.06057e+06,-4.83113e+10,-1.41998e+11
4.27542e+07,594365,8.06206e+06,-4.79558e+10,-1.42119e+11
4.27605e+07,593296,8.06355e+06,-4.75999e+10,-1.42238e+11
4.27669e+07,592227,8.06503e+06,-4.72438e+10,-1.42357e+11
4.27732e+07,591157,8.06651e+06,-4.68873e+10,-1.42475e+11
4.27795e+07,590086,8.06799e+06,-4.65306e+10,-1.42592e+11
4.27858e+07,589014,8.06947e+06,-4.61735e+10,-1.42708e+11
4.27921e+07,587941,8.07094e+06,-4.58162e+10,-1.42823e+11
4.27984e+07,586867,8.07241e+06,-4.54586e+10,-1.42937e+11
4.28047e+07,585793,8.07388e+06,-4.51007e+10,-1.4305e+11
4.2811e+07,584717,8.07534e+06,-4.47425e+10,-1.43163e+11
4.28174e+07,583641,8.0768e+06,-4.43841e+10,-1.43274e+11
4.28237e+07,582564,8.07826e+06,-4.40254e+10,-1.43385e+11
4.283e+07,581486,8.07972e+06,-4.36664e+10,-1.43495e+11
4.28363e+07,580407,8.08117e+06,-4.33071e+10,-1.43604e+11
4.28426e+07,579328,8.08262e+06,-4.29475e+10,-1.43711e+11
4.28489e+07,578247,8.08407e+06,-4.25877e+10,-1.43818e+11
4.28552e+07,577166,8.08552e+06,-4.22276e+10,-1.43925e+11
4.28615e+07,576084,8.08696e+06,-4.18673e+10,-1.4403e+11
4.28678e+07,575001,8.0884e+06,-4.15066e+10,-1.44134e+11
4.28742e+07,573918,8.08984e+06,-4.11458e+10,-1.44238e+11
4.28805e+07,572834,8.09127e+06,-4.07846e+10,-1.4434e+11
4.28868e+07,571748,8.09271e+06,-4.04233e+10,-1.44442e+11
4.28931e+07,570663,8.09414e+06,-4.00616e+10,-1.44542e+11
4.28994e+07,569576,8.09556e+06,-3.96997e+10,-1.44642e+11
4.29057e+07,568489,8.09699e+06,-3.93376e+10,-1.44741e+11
4.2912e+07,567401,8.09841e+06,-3.89752e+10,-1.44839e+11
4.29183e+07,566312,8.09983e+06,-3.86126e+10,-1.44936e+11
4.29246e+07,565222,8.10124e+06,-3.82497e+10,-1.45032e+11
4.2931e+07,564132,8.10266e+06,-3.78866e+10,-1.45128e+11
4.29373e+07,563041,8.10407e+06,-3.75232e+10,-1.45222e+11
4.29436e+07,561949,8.10547e+06,-3.71596e+10,-1.45316e+11
4.29499e+07,560857,8.10688e+06,-3.67958e+10,-1.45408e+11
4.29562e+07,559764,8.10828e+06,-3.64318e+10,-1.455e+11
4.29625e+07,558670,8.10968e+06,-3.60675e+10,-1.4559e+11
4.29688e+07,557576,8.11108e+06,-3.5703e+10,-1.4568e+11
4.29751e+07,556481,8.11247e+06,-3.53383e+10,-1.45769e+11
4.29815e+07,555385,8.11386e+06,-3.49733e+10,-1.45857e+11
4.29878e+07,554289,8.11525e+06,-3.46082e+10,-1.45944e+11
4.29941e+07,553191,8.11664e+06,-3.42428e+10,-1.4603e+11
4.30004e+07,552094,8.11802e+06,-3.38772e+10,-1.46116e+11
4.30067e+07,550995,8.1194e+06,-3.35114e+10,-1.462e+11
4.3013e+07,549896,8.12078e+06,-3.31453e+10,-1.46283e+11
4.30193e+07,548797,8.12215e+06,-3.27791e+10,-1.46366e+11
4.30256e+07,547697,8.12353e+06,-3.24127e+10,-1.46447e+11
4.30319e+07,546596,8.1249e+06,-3.20461e+10,-1.46528e+11
4.30383e+07,545494,8.12626e+06,-3.16792e+10,-1.46608e+11
4.30446e+07,544392,8.12763e+06,-3.13122e+10,-1.46687e+11
4.30509e+07,543290,8.12899e+06,-3.0945e+10,-1.46765e+11
4.30572e+07,542187,8.13035e+06,-3.05775e+10,-1.46842e+11
4.30635e+07,541083,8.1317e+06,-3.02099e+10,-1.46918e+11
4.30698e+07,539978,8.13305e+06,-2.98421e+10,-1.46993e+11
4.30761e+07,538874,8.1344e+06,-2.94741e+10,-1.47067e+11
4.30824e+07,537768,8.13575e+06,-2.91059e+10,-1.4714e+11
4.30887e+07,536662,8.1371e+06,-2.87376e+10,-1.47213e+11
4.30951e+07,535556,8.13844e+06,-2.8369e+10,-1.47284e+11
4.31014e+07,534448,8.13978e+06,-2.80003e+10,-1.47355e+11
4.31077e+07,533341,8.14111e+06,-2.76314e+10,-1.47424e+11
4.3114e+07,532233,8.14245e+06,-2.72624e+10,-1.47493e+11
4.31203e+07,531124,8.14378e+06,-2.68931e+10,-1.47561e+11
4.31266e+07,530015,8.1451e+06,-2.65237e+10,-1.47628e+11
4.31329e+07,528905,8.14643e+06,-2.61542e+10,-1.47694e+11
4.31392e+07,527795,8.14775e+06,-2.57844e+10,-1.47759e+11
4.31456e+07,526685,8.14907e+06,-2.54145e+10,-1.47823e+11
4.31519e+07,525573,8.15039e+06,-2.50445e+10,-1.47886e+11
4.31582e+07,524462,8.1517e+06,-2.46743e+10,-1.47948e+11
4.31645e+07,523350,8.15301e+06,-2.43039e+10,-1.48009e+11
4.31708e+07,522237,8.15432e+06,-2.39334e+10,-1.4807e+11
4.31771e+07,521124,8.15563e+06,-2.35627e+10,-1.48129e+11
4.31834e+07,520011,8.15693e+06,-2.31919e+10,-1.48188e+11
4.31897e+07,518897,8.15823e+06,-2.28209e+10,-1.48245e+11
4.3196e+07,517783,8.15953e+06,-2.24498e+10,-1.48302e+11
4.32024e+07,516668,8.16082e+06,-2.20786e+10,-1.48358e+11
4.32087e+07,515553,8.16211e+06,-2.17072e+10,-1.48412e+11
4.3215e+07,514438,8.1634e+06,-2.13357e+10,-1.48466e+11
4.32213e+07,513322,8.16469e+06,-2.0964e+10,-1.48519e+11
4.32276e+07,512206,8.16597e+06,-2.05922e+10,-1.48571e+11
4.32339e+07,511089,8.16725e+06,-2.02203e+10,-1.48622e+11
4.32402e+07,509972,8.16853e+06,-1.98483e+10,-1.48672e+11
4.32465e+07,508854,8.1698e+06,-1.94761e+10,-1.48722e+11
4.32528e+07,507737,8.17108e+06,-1.91038e+10,-1.4877e+11
4.32592e+07,506618,8.17235e+06,-1.87314e+10,-1.48817e+11
4.32655e+07,505500,8.17361e+06,-1.83589e+10,-1.48864e+11
4.32718e+07,504381,8.17488e+06,-1.79863e+10,-1.48909e+11
4.32781e+07,503262,8.17614e+06,-1.76135e+10,-1.48954e+11
4.32844e+07,502142,8.1774e+06,-1.72407e+10,-1.48997e+11
4.32907e+07,501023,8.17865e+06,-1.68677e+10,-1.4904e+11
4.3297e+07,499902,8.1799e+06,-1.64946e+10,-1.49082e+11
4.33033e+07,498782,8.18115e+06,-1.61214e+10,-1.49122e+11
4.33097e+07,497661,8.1824e+06,-1.57481e+10,-1.49162e+11
4.3316e+07,496540,8.18364e+06,-1.53748e+10,-1.49201e+11
4.33223e+07,495419,8.18489e+06,-1.50013e+10,-1.49239e+11
4.33286e+07,494297,8.18612e+06,-1.46277e+10,-1.49276e+11
4.33349e+07,493175,8.18736e+06,-1.42541e+10,-1.49313e+11
4.33412e+07,492053,8.18859e+06,-1.38803e+10,-1.49348e+11
4.33475e+07,490930,8.18982e+06,-1.35065e+10,-1.49382e+11
4.33538e+07,489808,8.19105e+06,-1.31326e+10,-1.49415e+11
4.33601e+07,488685,8.19227e+06,-1.27586e+10,-1.49448e+11
4.33665e+07,487562,8.1935e+06,-1.23845e+10,-1.49479e+11
4.33728e+07,486438,8.19471e+06,-1.20103e+10,-1.4951e+11
4.33791e+07,485315,8.19593e+06,-1.16361e+10,-1.49539e+11
4.33854e+07,484191,8.19714e+06,-1.12618e+10,-1.49568e+11
4.33917e+07,483067,8.19835e+06,-1.08874e+10,-1.49596e+11
4.3398e+07,481942,8.19956e+06,-1.05129e+10,-1.49622e+11
4.34043e+07,480818,8.20077e+06,-1.01384e+10,-1.49648e+11
4.34106e+07,479693,8.20197e+06,-9.76386e+09,-1.49673e+11
4.34169e+07,478568,8.20317e+06,-9.38922e+09,-1.49697e+11
4.34233e+07,477443,8.20436e+06,-9.01452e+09,-1.4972e+11
4.34296e+07,476318,8.20556e+06,-8.63977e+09,-1.49742e+11
4.34359e+07,475193,8.20675e+06,-8.26496e+09,-1.49763e+11
4.34422e+07,474067,8.20794e+06,-7.8901e+09,-1.49784e+11
4.34485e+07,472942,8.20912e+06,-7.5152e+09,-1.49803e+11
4.34548e+07,471816,8.2103e+06,-7.14024e+09,-1.49821e+11
4.34611e+07,470690,8.21148e+06,-6.76524e+09,-1.49839e+11
4.34674e+07,469564,8.21266e+06,-6.3902e+09,-1.49855e+11
4.34737e+07,468438,8.21383e+06,-6.01512e+09,-1.49871e+11
4.34801e+07,467311,8.215e+06,-5.64e+09,-1.49885e+11
4.34864e+07,466185,8.21617e+06,-5.26484e+09,-1.49899e+11
4.34927e+07,465058,8.21734e+06,-4.88965e+09,-1.49912e+11
4.3499e+07,463932,8.2185e+06,-4.51443e+09,-1.49923e+11
4.35053e+07,462805,8.21966e+06,-4.13918e+09,-1.49934e+11
4.35116e+07,461678,8.22082e+06,-3.76391e+09,-1.49944e+11
4.35179e+07,460551,8.22197e+06,-3.38861e+09,-1.49953e+11
4.35242e+07,459425,8.22312e+06,-3.0133e+09,-1.49961e+11
4.35306e+07,458298,8.22427e+06,-2.63796e+09,-1.49968e+11
4.35369e+07,457171,8.22542e+06,-2.26261e+09,-1.49974e+11
4.35432e+07,456044,8.22656e+06,-1.88724e+09,-1.49979e+11
4.35495e+07,454916,8.2277e+06,-1.51186e+09,-1.49984e+11
4.35558e+07,453789,8.22884e+06,-1.13647e+09,-1.49987e+11
4.35621e+07,452662,8.22997e+06,-7.61073e+08,-1.49989e+11
4.35684e+07,451535,8.2311e+06,-3.85673e+08,-1.49991e+11
4.35747e+07,450408,8.23223e+06,-1.02692e+07,-1.49991e+11
4.3581e+07,449281,8.23336e+06,3.65134e+08,-1.49991e+11
4.35874e+07,448154,8.23448e+06,7.40535e+08,-1.4999e+11
4.35937e+07,447026,8.2356e+06,1.11593e+09,-1.49987e+11
4.36e+07,445899,8.23672e+06,1.49132e+09,-1.49984e+11
4.36063e+07,444772,8.23783e+06,1.8667e+09,-1.4998e+11
4.36126e+07,443645,8.23894e+06,2.24207e+09,-1.49975e+11
4.36189e+07,442518,8.24005e+06,2.61742e+09,-1.49969e+11
4.36252e+07,441391,8.24116e+06,2.99276e+09,-1.49962e+11
4.36315e+07,440264,8.24226e+06,3.36808e+09,-1.49954e+11
4.36378e+07,439138,8.24336e+06,3.74338e+09,-1.49945e+11
4.36442e+07,438011,8.24446e+06,4.11865e+09,-1.49935e+11
4.36505e+07,436884,8.24555e+06,4.4939e+09,-1.49924e+11
4.36568e+07,435757,8.24665e+06,4.86912e+09,-1.49912e+11
4.36631e+07,434631,8.24773e+06,5.24431e+09,-1.499e+11
4.36694e+07,433505,8.24882e+06,5.61947e+09,-1.49886e+11
4.36757e+07,432378,8.2499e+06,5.99459e+09,-1.49872e+11
4.3682e+07,431252,8.25098e+06,6.36968e+09,-1.49856e+11
4.36883e+07,430126,8.25206e+06,6.74472e+09,-1.4984e+11
4.36947e+07,429000,8.25314e+06,7.11973e+09,-1.49822e+11
4.3701e+07,427874,8.25421e+06,7.49468e+09,-1.49804e+11
4.37073e+07,426749,8.25528e+06,7.8696e+09,-1.49785e+11
4.37136e+07,425623,8.25635e+06,8.24446e+09,-1.49765e+11
4.37199e+07,424498,8.25741e+06,8.61927e+09,-1.49744e+11
4.37262e+07,423372,8.25847e+06,8.99402e+09,-1.49721e+11
4.37325e+07,422247,8.25953e+06,9.36872e+09,-1.49699e+11
4.37388e+07,421122,8.26058e+06,9.74336e+09,-1.49675e+11
4.37451e+07,419998,8.26164e+06,1.01179e+10,-1.4965e+11
4.37515e+07,418873,8.26269e+06,1.04925e+10,-1.49624e+11
4.37578e+07,417749,8.26373e+06,1.08669e+10,-1.49597e+11
4.37641e+07,416625,8.26478e+06,1.12413e+10,-1.4957e+11
4.37704e+07,415501,8.26582e+06,1.16156e+10,-1.49541e+11
4.37767e+07,414377,8.26686e+06,1.19898e+10,-1.49511e+11
4.3783e+07,413254,8.26789e+06,1.2364e+10,-1.49481e+11
4.37893e+07,412131,8.26893e+06,1.27381e+10,-1.4945e+11
4.37956e+07,411008,8.26996e+06,1.31121e+10,-1.49417e+11
4.38019e+07,409885,8.27098e+06,1.3486e+10,-1.49384e+11
4.38083e+07,408763,8.27201e+06,1.38599e+10,-1.4935e+11
4.38146e+07,407640,8.27303e+06,1.42336e+10,-1.49315e+11
4.38209e+07,406518,8.27405e+06,1.46073e+10,-1.49278e+11
4.38272e+07,405397,8.27506e+06,1.49809e+10,-1.49241e+11
4.38335e+07,404275,8.27608e+06,1.53543e+10,-1.49203e+11
4.38398e+07,403154,8.27709e+06,1.57277e+10,-1.49165e+11
4.38461e+07,402034,8.2781e+06,1.6101e+10,-1.49125e+11
4.38524e+07,400913,8.2791e+06,1.64742e+10,-1.49084e+11
4.38588e+07,399793,8.2801e+06,1.68473e+10,-1.49042e+11
4.38651e+07,398673,8.2811e+06,1.72203e+10,-1.49e+11
4.38714e+07,397553,8.2821e+06,1.75931e+10,-1.48956e+11
4.38777e+07,396434,8.28309e+06,1.79659e+10,-1.48912e+11
4.3884e+07,395315,8.28408e+06,1.83385e+10,-1.48866e+11
4.38903e+07,394197,8.28507e+06,1.87111e+10,-1.4882e+11
4.38966e+07,393079,8.28605e+06,1.90835e+10,-1.48773e+11
4.39029e+07,391961,8.28704e+06,1.94558e+10,-1.48724e+11
4.39092e+07,390843,8.28802e+06,1.98279e+10,-1.48675e+11
4.39156e+07,389726,8.28899e+06,2.02e+10,-1.48625e+11
4.39219e+07,388610,8.28997e+06,2.05719e+10,-1.48574e+11
4.39282e+07,387493,8.29094e+06,2.09437e+10,-1.48522e+11
4.39345e+07,386377,8.29191e+06,2.13154e+10,-1.48469e+11
4.39408e+07,385262,8.29287e+06,2.16869e+10,-1.48415e+11
4.39471e+07,384147,8.29384e+06,2.20583e+10,-1.48361e+11
4.39534e+07,383032,8.2948e+06,2.24295e+10,-1.48305e+11
4.39597e+07,381918,8.29575e+06,2.28006e+10,-1.48248e+11
4.3966e+07,380804,8.29671e+06,2.31716e+10,-1.48191e+11
4.39724e+07,379691,8.29766e+06,2.35424e+10,-1.48132e+11
4.39787e+07,378578,8.29861e+06,2.39131e+10,-1.48073e+11
4.3985e+07,377465,8.29955e+06,2.42836e+10,-1.48013e+11
4.39913e+07,376353,8.3005e+06,2.4654e+10,-1.47951e+11
4.39976e+07,375241,8.30144e+06,2.50242e+10,-1.47889e+11
4.40039e+07,374130,8.30238e+06,2.53943e+10,-1.47826e+11
4.40102e+07,373020,8.30331e+06,2.57642e+10,-1.47762e+11
4.40165e+07,371910,8.30424e+06,2.61339e+10,-1.47697e+11
4.40229e+07,370800,8.30517e+06,2.65035e+10,-1.47631e+11
4.40292e+07,369691,8.3061e+06,2.68729e+10,-1.47565e+11
4.40355e+07,368582,8.30702e+06,2.72422e+10,-1.47497e+11
4.40418e+07,367474,8.30794e+06,2.76113e+10,-1.47428e+11
4.40481e+07,366366,8.30886e+06,2.79802e+10,-1.47359e+11
4.40544e+07,365259,8.30978e+06,2.83489e+10,-1.47288e+11
4.40607e+07,364153,8.31069e+06,2.87174e+10,-1.47217e+11
4.4067e+07,363047,8.3116e+06,2.90858e+10,-1.47144e+11
4.40733e+07,361941,8.31251e+06,2.9454e+10,-1.47071e+11
4.40797e+07,360836,8.31341e+06,2.9822e+10,-1.46997e+11
4.4086e+07,359732,8.31431e+06,3.01898e+10,-1.46922e+11
4.40923e+07,358628,8.31521e+06,3.05574e+10,-1.46846e+11
4.40986e+07,357525,8.31611e+06,3.09249e+10,-1.46769e+11
4.41049e+07,356422,8.317e+06,3.12921e+10,-1.46691e+11
4.41112e+07,355320,8.31789e+06,3.16592e+10,-1.46612e+11
4.41175e+07,354219,8.31878e+06,3.2026e+10,-1.46533e+11
4.41238e+07,353118,8.31967e+06,3.23927e+10,-1.46452e+11
4.41301e+07,352017,8.32055e+06,3.27591e+10,-1.46371e+11
4.41365e+07,350918,8.32143e+06,3.31253e+10,-1.46288e+11
4.41428e+07,349819,8.3223e+06,3.34914e+10,-1.46205e+11
4.41491e+07,348720,8.32318e+06,3.38572e+10,-1.4612e+11
4.41554e+07,347623,8.32405e+06,3.42228e+10,-1.46035e+11
4.41617e+07,346526,8.32492e+06,3.45882e+10,-1.45949e+11
4.4168e+07,345429,8.32578e+06,3.49534e+10,-1.45862e+11
4.41743e+07,344333,8.32665e+06,3.53183e+10,-1.45774e+11
4.41806e+07,343238,8.32751e+06,3.56831e+10,-1.45685e+11
4.4187e+07,342144,8.32837e+06,3.60476e+10,-1.45596e+11
4.41933e+07,341050,8.32922e+06,3.64119e+10,-1.45505e+11
4.41996e+07,339957,8.33007e+06,3.67759e+10,-1.45413e+11
4.42059e+07,338864,8.33092e+06,3.71398e+10,-1.45321e+11
4.42122e+07,337773,8.33177e+06,3.75034e+10,-1.45227e+11
4.42185e+07,336682,8.33261e+06,3.78667e+10,-1.45133e+11
4.42248e+07,335591,8.33345e+06,3.82299e+10,-1.45038e+11
4.42311e+07,334502,8.33429e+06,3.85927e+10,-1.44942e+11
4.42374e+07,333413,8.33513e+06,3.89554e+10,-1.44845e+11
4.42438e+07,332325,8.33596e+06,3.93178e+10,-1.44747e+11
4.42501e+07,331237,8.33679e+06,3.96799e+10,-1.44648e+11
4.42564e+07,330151,8.33762e+06,4.00419e+10,-1.44548e+11
4.42627e+07,329065,8.33844e+06,4.04035e+10,-1.44448e+11
4.4269e+07,327980,8.33927e+06,4.07649e+10,-1.44346e+11
4.42753e+07,326896,8.34009e+06,4.11261e+10,-1.44243e+11
4.42816e+07,325812,8.3409e+06,4.14869e+10,-1.4414e+11
4.42879e+07,324729,8.34172e+06,4.18476e+10,-1.44036e+11
4.42942e+07,323647,8.34253e+06,4.22079e+10,-1.43931e+11
4.43006e+07,322566,8.34334e+06,4.2568e+10,-1.43825e+11
4.43069e+07,321486,8.34414e+06,4.29279e+10,-1.43718e+11
4.43132e+07,320406,8.34495e+06,4.32875e+10,-1.4361e+11
4.43195e+07,319327,8.34575e+06,4.36467e+10,-1.43501e+11
4.43258e+07,318249,8.34654e+06,4.40058e+10,-1.43391e+11
4.43321e+07,317172,8.34734e+06,4.43645e+10,-1.43281e+11
4.43384e+07,316096,8.34813e+06,4.4723e+10,-1.43169e+11
4.43447e+07,315020,8.34892e+06,4.50812e+10,-1.43057e+11
4.43511e+07,313946,8.34971e+06,4.54391e+10,-1.42944e+11
4.43574e+07,312872,8.35049e+06,4.57967e+10,-1.42829e+11
4.43637e+07,311799,8.35127e+06,4.6154e+10,-1.42714e+11
4.437e+07,310727,8.35205e+06,4.65111e+10,-1.42598e+11
4.43763e+07,309656,8.35283e+06,4.68678e+10,-1.42481e+11
4.43826e+07,308585,8.3536e+06,4.72243e+10,-1.42364e+11
4.43889e+07,307516,8.35437e+06,4.75805e+10,-1.42245e+11
4.43952e+07,306448,8.35514e+06,4.79363e+10,-1.42126e+11
4.44015e+07,305380,8.35591e+06,4.82919e+10,-1.42005e+11
4.44079e+07,304313,8.35667e+06,4.86472e+10,-1.41884e+11
4.44142e+07,303247,8.35743e+06,4.90021e+10,-1.41762e+11
4.44205e+07,302183,8.35819e+06,4.93568e+10,-1.41639e+11
4.44268e+07,301119,8.35894e+06,4.97111e+10,-1.41515e+11
4.44331e+07,300056,8.3597e+06,5.00652e+10,-1.4139e+11
4.44394e+07,298994,8.36045e+06,5.04189e+10,-1.41264e+11
4.44457e+07,297933,8.36119e+06,5.07723e+10,-1.41137e+11
4.4452e+07,296872,8.36194e+06,5.11254e+10,-1.4101e+11
4.44583e+07,295813,8.36268e+06,5.14781e+10,-1.40881e+11
4.44647e+07,294755,8.36342e+06,5.18306e+10,-1.40752e+11
4.4471e+07,293698,8.36415e+06,5.21827e+10,-1.40622e+11
4.44773e+07,292642,8.36489e+06,5.25345e+10,-1.40491e+11
4.44836e+07,291586,8.36562e+06,5.2886e+10,-1.40359e+11
4.44899e+07,290532,8.36635e+06,5.32371e+10,-1.40226e+11
4.44962e+07,289479,8.36707e+06,5.35879e+10,-1.40093e+11
4.45025e+07,288426,8.3678e+06,5.39383e+10,-1.39958e+11
4.45088e+07,287375,8.36852e+06,5.42885e+10,-1.39823e+11
4.45152e+07,286325,8.36923e+06,5.46383e+10,-1.39686e+11
4.45215e+07,285276,8.36995e+06,5.49877e+10,-1.39549e+11
4.45278e+07,284228,8.37066e+06,5.53368e+10,-1.39411e+11
4.45341e+07,283180,8.37137e+06,5.56855e+10,-1.39272e+11
4.45404e+07,282134,8.37208e+06,5.60339e+10,-1.39132e+11
4.45467e+07,281089,8.37278e+06,5.6382e+10,-1.38992e+11
4.4553e+07,280045,8.37349e+06,5.67297e+10,-1.3885e+11
4.45593e+07,279002,8.37419e+06,5.7077e+10,-1.38708e+11
4.45656e+07,277961,8.37488e+06,5.7424e+10,-1.38564e+11
4.4572e+07,276920,8.37558e+06,5.77706e+10,-1.3842e+11
4.45783e+07,275880,8.37627e+06,5.81169e+10,-1.38275e+11
4.45846e+07,274842,8.37696e+06,5.84628e+10,-1.38129e+11
4.45909e+07,273804,8.37765e+06,5.88083e+10,-1.37983e+11
4.45972e+07,272768,8.37833e+06,5.91535e+10,-1.37835e+11
4.46035e+07,271733,8.37901e+06,5.94983e+10,-1.37687e+11
4.46098e+07,270698,8.37969e+06,5.98427e+10,-1.37537e+11
4.46161e+07,269665,8.38037e+06,6.01868e+10,-1.37387e+11
4.46224e+07,268634,8.38104e+06,6.05304e+10,-1.37236e+11
4.46288e+07,267603,8.38171e+06,6.08737e+10,-1.37084e+11
4.46351e+07,266573,8.38238e+06,6.12166e+10,-1.36931e+11
4.46414e+07,265545,8.38304e+06,6.15592e+10,-1.36778e+11
4.46477e+07,264518,8.38371e+06,6.19013e+10,-1.36623e+11
4.4654e+07,263491,8.38437e+06,6.22431e+10,-1.36468e+11
4.46603e+07,262466,8.38503e+06,6.25844e+10,-1.36312e+11
4.46666e+07,261443,8.38568e+06,6.29254e+10,-1.36155e+11
4.46729e+07,260420,8.38634e+06,6.3266e+10,-1.35997e+11
4.46793e+07,259399,8.38699e+06,6.36062e+10,-1.35838e+11
4.46856e+07,258379,8.38763e+06,6.39459e+10,-1.35678e+11
4.46919e+07,257360,8.38828e+06,6.42853e+10,-1.35518e+11
4.46982e+07,256342,8.38892e+06,6.46243e+10,-1.35357e+11
4.47045e+07,255325,8.38956e+06,6.49629e+10,-1.35194e+11
4.47108e+07,254310,8.3902e+06,6.5301e+10,-1.35031e+11
4.47171e+07,253296,8.39083e+06,6.56388e+10,-1.34868e+11
4.47234e+07,252283,8.39147e+06,6.59761e+10,-1.34703e+11
4.47297e+07,251271,8.3921e+06,6.63131e+10,-1.34537e+11
4.47361e+07,250261,8.39273e+06,6.66496e+10,-1.34371e+11
4.47424e+07,249252,8.39335e+06,6.69857e+10,-1.34204e+11
4.47487e+07,248244,8.39397e+06,6.73214e+10,-1.34036e+11
4.4755e+07,247237,8.39459e+06,6.76566e+10,-1.33867e+11
4.47613e+07,246232,8.39521e+06,6.79915e+10,-1.33697e+11
4.47676e+07,245228,8.39583e+06,6.83259e+10,-1.33526e+11
4.47739e+07,244225,8.39644e+06,6.86599e+10,-1.33355e+11
4.47802e+07,243223,8.39705e+06,6.89934e+10,-1.33183e+11
4.47865e+07,242223,8.39766e+06,6.93265e+10,-1.3301e+11
4.47929e+07,241224,8.39826e+06,6.96592e+10,-1.32836e+11
4.47992e+07,240227,8.39886e+06,6.99915e+10,-1.32661e+11
4.48055e+07,239230,8.39946e+06,7.03233e+10,-1.32485e+11
4.48118e+07,238235,8.40006e+06,7.06547e+10,-1.32309e+11
4.48181e+07,237242,8.40066e+06,7.09856e+10,-1.32132e+11
4.48244e+07,236250,8.40125e+06,7.13161e+10,-1.31954e+11
4.48307e+07,235259,8.40184e+06,7.16461e+10,-1.31775e+11
4.4837e+07,234269,8.40243e+06,7.19757e+10,-1.31595e+11
4.48433e+07,233281,8.40301e+06,7.23048e+10,-1.31415e+11
4.48497e+07,232294,8.40359e+06,7.26335e+10,-1.31233e+11
4.4856e+07,231308,8.40417e+06,7.29618e+10,-1.31051e+11
4.48623e+07,230324,8.40475e+06,7.32895e+10,-1.30868e+11
4.48686e+07,229341,8.40533e+06,7.36168e+10,-1.30684e+11
4.48749e+07,228360,8.4059e+06,7.39437e+10,-1.30499e+11
4.48812e+07,227380,8.40647e+06,7.42701e+10,-1.30314e+11
4.48875e+07,226402,8.40704e+06,7.4596e+10,-1.30128e+11
4.48938e+07,225424,8.4076e+06,7.49215e+10,-1.29941e+11
4.49002e+07,224449,8.40817e+06,7.52465e+10,-1.29753e+11
4.49065e+07,223474,8.40873e+06,7.5571e+10,-1.29564e+11
4.49128e+07,222501,8.40928e+06,7.5895e+10,-1.29374e+11
4.49191e+07,221530,8.40984e+06,7.62186e+10,-1.29184e+11
4.49254e+07,220560,8.41039e+06,7.65417e+10,-1.28993e+11
4.49317e+07,219591,8.41094e+06,7.68643e+10,-1.28801e+11
4.4938e+07,218624,8.41149e+06,7.71864e+10,-1.28608e+11
4.49443e+07,217658,8.41204e+06,7.75081e+10,-1.28415e+11
4.49506e+07,216694,8.41258e+06,7.78292e+10,-1.2822e+11
4.4957e+07,215731,8.41312e+06,7.81499e+10,-1.28025e+11
4.49633e+07,214770,8.41366e+06,7.84701e+10,-1.27829e+11
4.49696e+07,213810,8.4142e+06,7.87898e+10,-1.27632e+11
4.49759e+07,212851,8.41473e+06,7.9109e+10,-1.27435e+11
4.49822e+07,211894,8.41526e+06,7.94277e+10,-1.27236e+11
4.49885e+07,210939,8.41579e+06,7.97459e+10,-1.27037e+11
4.49948e+07,209985,8.41632e+06,8.00636e+10,-1.26837e+11
4.50011e+07,209033,8.41684e+06,8.03808e+10,-1.26636e+11
4.50074e+07,208082,8.41736e+06,8.06975e+10,-1.26435e+11
4.50138e+07,207132,8.41788e+06,8.10137e+10,-1.26232e+11
4.50201e+07,206185,8.4184e+06,8.13294e+10,-1.26029e+11
4.50264e+07,205238,8.41892e+06,8.16445e+10,-1.25825e+11
4.50327e+07,204293,8.41943e+06,8.19592e+10,-1.25621e+11
4.5039e+07,203350,8.41994e+06,8.22734e+10,-1.25415e+11
4.50453e+07,202408,8.42045e+06,8.2587e+10,-1.25209e+11
4.50516e+07,201468,8.42095e+06,8.29001e+10,-1.25002e+11
4.50579e+07,200530,8.42146e+06,8.32127e+10,-1.24794e+11
4.50643e+07,199593,8.42196e+06,8.35248e+10,-1.24585e+11
4.50706e+07,198657,8.42245e+06,8.38364e+10,-1.24376e+11
4.50769e+07,197723,8.42295e+06,8.41474e+10,-1.24166e+11
4.50832e+07,196791,8.42344e+06,8.44579e+10,-1.23955e+11
4.50895e+07,195860,8.42394e+06,8.47679e+10,-1.23743e+11
4.50958e+07,194931,8.42442e+06,8.50773e+10,-1.2353e+11
4.51021e+07,194004,8.42491e+06,8.53862e+10,-1.23317e+11
4.51084e+07,193078,8.4254e+06,8.56946e+10,-1.23103e+11
4.51147e+07,192153,8.42588e+06,8.60025e+10,-1.22888e+11
4.51211e+07,191231,8.42636e+06,8.63098e+10,-1.22672e+11
4.51274e+07,190310,8.42683e+06,8.66165e+10,-1.22456e+11
4.51337e+07,189390,8.42731e+06,8.69228e+10,-1.22239e+11
4.514e+07,188473,8.42778e+06,8.72284e+10,-1.22021e+11
4.51463e+07,187556,8.42825e+06,8.75336e+10,-1.21802e+11
4.51526e+07,186642,8.42872e+06,8.78381e+10,-1.21583e+11
4.51589e+07,185729,8.42919e+06,8.81422e+10,-1.21363e+11
4.51652e+07,184818,8.42965e+06,8.84456e+10,-1.21142e+11
4.51715e+07,183908,8.43011e+06,8.87486e+10,-1.2092e+11
4.51779e+07,183000,8.43057e+06,8.90509e+10,-1.20697e+11
4.51842e+07,182094,8.43103e+06,8.93527e+10,-1.20474e+11
4.51905e+07,181190,8.43148e+06,8.9654e+10,-1.2025e+11
4.51968e+07,180287,8.43194e+06,8.99547e+10,-1.20025e+11
4.52031e+07,179386,8.43239e+06,9.02548e+10,-1.198e+11
4.52094e+07,178486,8.43283e+06,9.05544e+10,-1.19574e+11
4.52157e+07,177589,8.43328e+06,9.08534e+10,-1.19347e+11
4.5222e+07,176693,8.43372e+06,9.11518e+10,-1.19119e+11
4.52284e+07,175798,8.43416e+06,9.14496e+10,-1.1889e+11
4.52347e+07,174906,8.4346e+06,9.17469e+10,-1.18661e+11
4.5241e+07,174015,8.43504e+06,9.20436e+10,-1.18431e+11
4.52473e+07,173126,8.43547e+06,9.23398e+10,-1.182e+11
4.52536e+07,172238,8.43591e+06,9.26353e+10,-1.17969e+11
4.52599e+07,171353,8.43634e+06,9.29303e+10,-1.17737e+11
4.52662e+07,170469,8.43676e+06,9.32247e+10,-1.17504e+11
4.52725e+07,169587,8.43719e+06,9.35185e+10,-1.1727e+11
4.52788e+07,168706,8.43761e+06,9.38117e+10,-1.17036e+11
4.52852e+07,167828,8.43803e+06,9.41043e+10,-1.16801e+11
4.52915e+07,166951,8.43845e+06,9.43964e+10,-1.16565e+11
4.52978e+07,166076,8.43887e+06,9.46878e+10,-1.16328e+11
4.53041e+07,165202,8.43928e+06,9.49787e+10,-1.16091e+11
4.53104e+07,164331,8.4397e+06,9.52689e+10,-1.15853e+11
4.53167e+07,163461,8.44011e+06,9.55586e+10,-1.15614e+11
4.5323e+07,162593,8.44051e+06,9.58477e+10,-1.15374e+11
4.53293e+07,161727,8.44092e+06,9.61361e+10,-1.15134e+11
4.53356e+07,160863,8.44132e+06,9.6424e+10,-1.14893e+11
4.5342e+07,160000,8.44172e+06,9.67113e+10,-1.14652e+11
4.53483e+07,159139,8.44212e+06,9.69979e+10,-1.14409e+11
4.53546e+07,158281,8.44252e+06,9.7284e+10,-1.14166e+11
4.53609e+07,157424,8.44292e+06,9.75694e+10,-1.13922e+11
4.53672e+07,156568,8.44331e+06,9.78542e+10,-1.13678e+11
4.53735e+07,155715,8.4437e+06,9.81385e+10,-1.13432e+11
4.53798e+07,154863,8.44409e+06,9.84221e+10,-1.13186e+11
4.53861e+07,154014,8.44448e+06,9.8705e+10,-1.1294e+11
4.53925e+07,153166,8.44486e+06,9.89874e+10,-1.12692e+11
4.53988e+07,152320,8.44524e+06,9.92692e+10,-1.12444e+11
4.54051e+07,151476,8.44562e+06,9.95503e+10,-1.12196e+11
4.54114e+07,150634,8.446e+06,9.98308e+10,-1.11946e+11
4.54177e+07,149793,8.44638e+06,1.00111e+11,-1.11696e+11
4.5424e+07,148955,8.44675e+06,1.0039e+11,-1.11445e+11
4.54303e+07,148118,8.44712e+06,1.00669e+11,-1.11193e+11
4.54366e+07,147284,8.44749e+06,1.00947e+11,-1.10941e+11
4.54429e+07,146451,8.44786e+06,1.01224e+11,-1.10688e+11
4.54493e+07,145620,8.44822e+06,1.01501e+11,-1.10434e+11
4.54556e+07,144791,8.44859e+06,1.01777e+11,-1.1018e+11
4.54619e+07,143964,8.44895e+06,1.02052e+11,-1.09925e+11
4.54682e+07,143139,8.44931e+06,1.02327e+11,-1.09669e+11
4.54745e+07,142316,8.44967e+06,1.02601e+11,-1.09413e+11
4.54808e+07,141495,8.45002e+06,1.02875e+11,-1.09156e+11
4.54871e+07,140675,8.45037e+06,1.03148e+11,-1.08898e+11
4.54934e+07,139858,8.45072e+06,1.0342e+11,-1.08639e+11
4.54997e+07,139042,8.45107e+06,1.03691e+11,-1.0838e+11
4.55061e+07,138229,8.45142e+06,1.03962e+11,-1.0812e+11
4.55124e+07,137417,8.45177e+06,1.04233e+11,-1.0786e+11
4.55187e+07,136608,8.45211e+06,1.04502e+11,-1.07599e+11
4.5525e+07,135800,8.45245e+06,1.04771e+11,-1.07337e+11
4.55313e+07,134995,8.45279e+06,1.05039e+11,-1.07074e+11
4.55376e+07,134191,8.45313e+06,1.05307e+11,-1.06811e+11
4.55439e+07,133389,8.45346e+06,1.05574e+11,-1.06547e+11
4.55502e+07,132589,8.45379e+06,1.05841e+11,-1.06283e+11
4.55566e+07,131792,8.45412e+06,1.06106e+11,-1.06017e+11
4.55629e+07,130996,8.45445e+06,1.06371e+11,-1.05751e+11
4.55692e+07,130202,8.45478e+06,1.06636e+11,-1.05485e+11
4.55755e+07,129411,8.4551e+06,1.06899e+11,-1.05218e+11
4.55818e+07,128621,8.45543e+06,1.07162e+11,-1.0495e+11
4.55881e+07,127833,8.45575e+06,1.07425e+11,-1.04681e+11
4.55944e+07,127048,8.45607e+06,1.07686e+11,-1.04412e+11
4.56007e+07,126264,8.45638e+06,1.07947e+11,-1.04142e+11
4.5607e+07,125482,8.4567e+06,1.08208e+11,-1.03872e+11
4.56134e+07,124703,8.45701e+06,1.08467e+11,-1.03601e+11
4.56197e+07,123925,8.45732e+06,1.08726e+11,-1.03329e+11
4.5626e+07,123150,8.45763e+06,1.08984e+11,-1.03056e+11
4.56323e+07,122376,8.45794e+06,1.09242e+11,-1.02783e+11
4.56386e+07,121605,8.45824e+06,1.09499e+11,-1.0251e+11
4.56449e+07,120836,8.45855e+06,1.09755e+11,-1.02235e+11
4.56512e+07,120068,8.45885e+06,1.10011e+11,-1.0196e+11
4.56575e+07,119303,8.45915e+06,1.10266e+11,-1.01685e+11
4.56638e+07,118540,8.45945e+06,1.1052e+11,-1.01408e+11
4.56702e+07,117779,8.45974e+06,1.10773e+11,-1.01131e+11
4.56765e+07,117020,8.46004e+06,1.11026e+11,-1.00854e+11
4.56828e+07,116263,8.46033e+06,1.11278e+11,-1.00576e+11
4.56891e+07,115508,8.46062e+06,1.11529e+11,-1.00297e+11
4.56954e+07,114756,8.46091e+06,1.1178e+11,-1.00017e+11
4.57017e+07,114005,8.46119e+06,1.1203e+11,-9.97374e+10
4.5708e+07,113257,8.46148e+06,1.12279e+11,-9.94567e+10
4.57143e+07,112510,8.46176e+06,1.12528e+11,-9.91754e+10
4.57207e+07,111766,8.46204e+06,1.12776e+11,-9.88935e+10
4.5727e+07,111024,8.46232e+06,1.13023e+11,-9.86109e+10
4.57333e+07,110284,8.4626e+06,1.1327e+11,-9.83278e+10
4.57396e+07,109546,8.46287e+06,1.13515e+11,-9.8044e+10
4.57459e+07,108810,8.46314e+06,1.1376e+11,-9.77596e+10
4.57522e+07,108077,8.46342e+06,1.14005e+11,-9.74746e+10
4.57585e+07,107345,8.46369e+06,1.14248e+11,-9.71889e+10
4.57648e+07,106616,8.46395e+06,1.14491e+11,-9.69027e+10
4.57711e+07,105889,8.46422e+06,1.14733e+11,-9.66159e+10
4.57775e+07,105164,8.46448e+06,1.14975e+11,-9.63284e+10
4.57838e+07,104441,8.46475e+06,1.15216e+11,-9.60404e+10
4.57901e+07,103720,8.46501e+06,1.15456e+11,-9.57517e+10
4.57964e+07,103002,8.46526e+06,1.15695e+11,-9.54625e+10
4.58027e+07,102285,8.46552e+06,1.15933e+11,-9.51726e+10
4.5809e+07,101571,8.46578e+06,1.16171e+11,-9.48822e+10
4.58153e+07,100859,8.46603e+06,1.16408e+11,-9.45912e+10
4.58216e+07,100150,8.46628e+06,1.16645e+11,-9.42995e+10
4.58279e+07,99442,8.46653e+06,1.1688e+11,-9.40073e+10
4.58343e+07,98736.6,8.46678e+06,1.17115e+11,-9.37145e+10
4.58406e+07,98033.5,8.46703e+06,1.1735e+11,-9.34211e+10
4.58469e+07,97332.5,8.46727e+06,1.17583e+11,-9.31271e+10
4.58532e+07,96633.8,8.46751e+06,1.17816e+11,-9.28325e+10
4.58595e+07,95937.2,8.46775e+06,1.18048e+11,-9.25374e+10
4.58658e+07,95242.9,8.46799e+06,1.18279e+11,-9.22417e+10
4.58721e+07,94550.8,8.46823e+06,1.18509e+11,-9.19454e+10
4.58784e+07,93861,8.46847e+06,1.18739e+11,-9.16485e+10
4.58848e+07,93173.3,8.4687e+06,1.18968e+11,-9.1351e+10
4.58911e+07,92488,8.46893e+06,1.19196e+11,-9.1053e+10
4.58974e+07,91804.8,8.46916e+06,1.19424e+11,-9.07544e+10
4.59037e+07,91123.9,8.46939e+06,1.19651e+11,-9.04552e+10
4.591e+07,90445.3,8.46962e+06,1.19877e+11,-9.01555e+10
4.59163e+07,89768.9,8.46984e+06,1.20102e+11,-8.98552e+10
4.59226e+07,89094.7,8.47007e+06,1.20327e+11,-8.95544e+10
4.59289e+07,88422.8,8.47029e+06,1.2055e+11,-8.92529e+10
4.59352e+07,87753.2,8.47051e+06,1.20773e+11,-8.8951e+10
4.59416e+07,87085.9,8.47073e+06,1.20996e+11,-8.86484e+10
4.59479e+07,86420.8,8.47095e+06,1.21217e+11,-8.83453e+10
4.59542e+07,85758,8.47116e+06,1.21438e+11,-8.80417e+10
4.59605e+07,85097.5,8.47138e+06,1.21658e+11,-8.77375e+10
4.59668e+07,84439.3,8.47159e+06,1.21877e+11,-8.74327e+10
4.59731e+07,83783.4,8.4718e+06,1.22096e+11,-8.71274e+10
4.59794e+07,83129.8,8.47201e+06,1.22313e+11,-8.68216e+10
4.59857e+07,82478.5,8.47221e+06,1.2253e+11,-8.65152e+10
4.5992e+07,81829.5,8.47242e+06,1.22746e+11,-8.62083e+10
4.59984e+07,81182.7,8.47262e+06,1.22962e+11,-8.59008e+10
4.60047e+07,80538.3,8.47283e+06,1.23176e+11,-8.55928e+10
4.6011e+07,79896.3,8.47303e+06,1.2339e+11,-8.52843e+10
4.60173e+07,79256.5,8.47323e+06,1.23603e+11,-8.49752e+10
4.60236e+07,78619.1,8.47342e+06,1.23816e+11,-8.46656e+10
4.60299e+07,77984,8.47362e+06,1.24027e+11,-8.43555e+10
4.60362e+07,77351.2,8.47381e+06,1.24238e+11,-8.40448e+10
4.60425e+07,76720.8,8.47401e+06,1.24448e+11,-8.37336e+10
4.60488e+07,76092.7,8.4742e+06,1.24657e+11,-8.34219e+10
4.60552e+07,75466.9,8.47439e+06,1.24865e+11,-8.31097e+10
4.60615e+07,74843.5,8.47458e+06,1.25073e+11,-8.27969e+10
4.60678e+07,74222.4,8.47476e+06,1.2528e+11,-8.24836e+10
4.60741e+07,73603.7,8.47495e+06,1.25486e+11,-8.21698e+10
4.60804e+07,72987.4,8.47513e+06,1.25691e+11,-8.18555e+10
4.60867e+07,72373.4,8.47531e+06,1.25896e+11,-8.15407e+10
4.6093e+07,71761.8,8.47549e+06,1.26099e+11,-8.12254e+10
4.60993e+07,71152.6,8.47567e+06,1.26302e+11,-8.09095e+10
4.61057e+07,70545.7,8.47585e+06,1.26504e+11,-8.05932e+10
4.6112e+07,69941.3,8.47603e+06,1.26706e+11,-8.02763e+10
4.61183e+07,69339.2,8.4762e+06,1.26906e+11,-7.9959e+10
4.61246e+07,68739.4,8.47637e+06,1.27106e+11,-7.96411e+10
4.61309e+07,68142.1,8.47654e+06,1.27305e+11,-7.93227e+10
4.61372e+07,67547.2,8.47671e+06,1.27503e+11,-7.90039e+10
4.61435e+07,66954.7,8.47688e+06,1.277e+11,-7.86845e+10
4.61498e+07,66364.5,8.47705e+06,1.27897e+11,-7.83647e+10
4.61561e+07,65776.8,8.47721e+06,1.28093e+11,-7.80444e+10
4.61625e+07,65191.5,8.47738e+06,1.28288e+11,-7.77235e+10
4.61688e+07,64608.6,8.47754e+06,1.28482e+11,-7.74022e+10
4.61751e+07,64028.1,8.4777e+06,1.28675e+11,-7.70804e+10
4.61814e+07,63450.1,8.47786e+06,1.28868e+11,-7.67582e+10
4.61877e+07,62874.4,8.47802e+06,1.29059e+11,-7.64354e+10
4.6194e+07,62301.2,8.47818e+06,1.2925e+11,-7.61122e+10
4.62003e+07,61730.4,8.47833e+06,1.2944e+11,-7.57885e+10
4.62066e+07,61162.1,8.47848e+06,1.2963e+11,-7.54643e+10
4.62129e+07,60596.2,8.47864e+06,1.29818e+11,-7.51396e+10
4.62193e+07,60032.7,8.47879e+06,1.30006e+11,-7.48145e+10
4.62256e+07,59471.7,8.47894e+06,1.30193e+11,-7.44889e+10
4.62319e+07,58913.1,8.47909e+06,1.30379e+11,-7.41628e+10
4.62382e+07,58357,8.47923e+06,1.30564e+11,-7.38363e+10
4.62445e+07,57803.3,8.47938e+06,1.30748e+11,-7.35093e+10
4.62508e+07,57252.1,8.47952e+06,1.30932e+11,-7.31818e+10
4.62571e+07,56703.3,8.47966e+06,1.31115e+11,-7.28539e+10
4.62634e+07,56157.1,8.47981e+06,1.31297e+11,-7.25256e+10
4.62698e+07,55613.2,8.47995e+06,1.31478e+11,-7.21967e+10
4.62761e+07,55071.9,8.48008e+06,1.31658e+11,-7.18675e+10
4.62824e+07,54533,8.48022e+06,1.31838e+11,-7.15377e+10
4.62887e+07,53996.7,8.48036e+06,1.32016e+11,-7.12076e+10
4.6295e+07,53462.8,8.48049e+06,1.32194e+11,-7.0877e+10
4.63013e+07,52931.3,8.48062e+06,1.32371e+11,-7.05459e+10
4.63076e+07,52402.4,8.48076e+06,1.32547e+11,-7.02144e+10
4.63139e+07,51876,8.48089e+06,1.32722e+11,-6.98824e+10
4.63202e+07,51352,8.48102e+06,1.32897e+11,-6.95501e+10
4.63266e+07,50830.6,8.48114e+06,1.33071e+11,-6.92172e+10
4.63329e+07,50311.7,8.48127e+06,1.33243e+11,-6.8884e+10
4.63392e+07,49795.2,8.4814e+06,1.33415e+11,-6.85503e+10
4.63455e+07,49281.3,8.48152e+06,1.33587e+11,-6.82162e+10
4.63518e+07,48769.9,8.48164e+06,1.33757e+11,-6.78817e+10
4.63581e+07,48261,8.48176e+06,1.33926e+11,-6.75467e+10
4.63644e+07,47754.6,8.48188e+06,1.34095e+11,-6.72113e+10
4.63707e+07,47250.8,8.482e+06,1.34263e+11,-6.68755e+10
4.6377e+07,46749.5,8.48212e+06,1.3443e+11,-6.65393e+10
4.63834e+07,46250.7,8.48224e+06,1.34596e+11,-6.62026e+10
4.63897e+07,45754.4,8.48235e+06,1.34761e+11,-6.58656e+10
4.6396e+07,45260.7,8.48247e+06,1.34926e+11,-6.55281e+10
4.64023e+07,44769.5,8.48258e+06,1.35089e+11,-6.51902e+10
4.64086e+07,44280.8,8.48269e+06,1.35252e+11,-6.48519e+10
4.64149e+07,43794.7,8.4828e+06,1.35414e+11,-6.45132e+10
4.64212e+07,43311.1,8.48291e+06,1.35575e+11,-6.41741e+10
4.64275e+07,42830.1,8.48302e+06,1.35735e+11,-6.38346e+10
4.64339e+07,42351.6,8.48312e+06,1.35895e+11,-6.34947e+10
4.64402e+07,41875.7,8.48323e+06,1.36053e+11,-6.31544e+10
4.64465e+07,41402.4,8.48333e+06,1.36211e+11,-6.28137e+10
4.64528e+07,40931.6,8.48344e+06,1.36368e+11,-6.24726e+10
4.64591e+07,40463.4,8.48354e+06,1.36523e+11,-6.21311e+10
4.64654e+07,39997.7,8.48364e+06,1.36679e+11,-6.17893e+10
4.64717e+07,39534.6,8.48374e+06,1.36833e+11,-6.1447e+10
4.6478e+07,39074.1,8.48384e+06,1.36986e+11,-6.11044e+10
4.64843e+07,38616.2,8.48393e+06,1.37139e+11,-6.07614e+10
4.64907e+07,38160.8,8.48403e+06,1.3729e+11,-6.04179e+10
4.6497e+07,37708.1,8.48412e+06,1.37441e+11,-6.00742e+10
4.65033e+07,37257.9,8.48422e+06,1.37591e+11,-5.973e+10
4.65096e+07,36810.3,8.48431e+06,1.3774e+11,-5.93855e+10
4.65159e+07,36365.3,8.4844e+06,1.37888e+11,-5.90406e+10
4.65222e+07,35922.8,8.48449e+06,1.38036e+11,-5.86953e+10
4.65285e+07,35483,8.48458e+06,1.38182e+11,-5.83496e+10
4.65348e+07,35045.8,8.48467e+06,1.38328e+11,-5.80036e+10
4.65411e+07,34611.2,8.48476e+06,1.38473e+11,-5.76573e+10
4.65475e+07,34179.1,8.48484e+06,1.38616e+11,-5.73105e+10
4.65538e+07,33749.7,8.48493e+06,1.3876e+11,-5.69634e+10
4.65601e+07,33322.9,8.48501e+06,1.38902e+11,-5.6616e+10
4.65664e+07,32898.7,8.4851e+06,1.39043e+11,-5.62682e+10
4.65727e+07,32477.2,8.48518e+06,1.39183e+11,-5.592e+10
4.6579e+07,32058.2,8.48526e+06,1.39323e+11,-5.55715e+10
4.65853e+07,31641.9,8.48534e+06,1.39462e+11,-5.52227e+10
4.65916e+07,31228.2,8.48542e+06,1.39599e+11,-5.48734e+10
4.6598e+07,30817.1,8.48549e+06,1.39736e+11,-5.45239e+10
4.66043e+07,30408.6,8.48557e+06,1.39872e+11,-5.4174e+10
4.66106e+07,30002.8,8.48565e+06,1.40007e+11,-5.38238e+10
4.66169e+07,29599.6,8.48572e+06,1.40142e+11,-5.34732e+10
4.66232e+07,29199,8.48579e+06,1.40275e+11,-5.31223e+10
4.66295e+07,28801.1,8.48587e+06,1.40408e+11,-5.27711e+10
4.66358e+07,28405.8,8.48594e+06,1.40539e+11,-5.24195e+10
4.66421e+07,28013.2,8.48601e+06,1.4067e+11,-5.20676e+10
4.66484e+07,27623.2,8.48608e+06,1.408e+11,-5.17154e+10
4.66548e+07,27235.8,8.48615e+06,1.40929e+11,-5.13629e+10
4.66611e+07,26851.1,8.48622e+06,1.41057e+11,-5.101e+10
4.66674e+07,26469.1,8.48628e+06,1.41184e+11,-5.06568e+10
4.66737e+07,26089.7,8.48635e+06,1.41311e+11,-5.03033e+10
4.668e+07,25712.9,8.48641e+06,1.41436e+11,-4.99495e+10
4.66863e+07,25338.9,8.48648e+06,1.41561e+11,-4.95954e+10
4.66926e+07,24967.5,8.48654e+06,1.41684e+11,-4.9241e+10
4.66989e+07,24598.7,8.4866e+06,1.41807e+11,-4.88862e+10
4.67052e+07,24232.6,8.48666e+06,1.41929e+11,-4.85312e+10
4.67116e+07,23869.2,8.48672e+06,1.4205e+11,-4.81758e+10
4.67179e+07,23508.5,8.48678e+06,1.4217e+11,-4.78201e+10
4.67242e+07,23150.4,8.48684e+06,1.4229e+11,-4.74642e+10
4.67305e+07,22795,8.4869e+06,1.42408e+11,-4.71079e+10
4.67368e+07,22442.3,8.48695e+06,1.42525e+11,-4.67514e+10
4.67431e+07,22092.3,8.48701e+06,1.42642e+11,-4.63945e+10
4.67494e+07,21744.9,8.48707e+06,1.42758e+11,-4.60374e+10
4.67557e+07,21400.3,8.48712e+06,1.42873e+11,-4.568e+10
4.67621e+07,21058.3,8.48717e+06,1.42986e+11,-4.53223e+10
4.67684e+07,20719,8.48722e+06,1.43099e+11,-4.49643e+10
4.67747e+07,20382.4,8.48728e+06,1.43212e+11,-4.4606e+10
4.6781e+07,20048.5,8.48733e+06,1.43323e+11,-4.42475e+10
4.67873e+07,19717.3,8.48738e+06,1.43433e+11,-4.38886e+10
4.67936e+07,19388.8,8.48743e+06,1.43542e+11,-4.35295e+10
4.67999e+07,19063,8.48747e+06,1.43651e+11,-4.31701e+10
4.68062e+07,18739.9,8.48752e+06,1.43759e+11,-4.28105e+10
4.68125e+07,18419.5,8.48757e+06,1.43865e+11,-4.24506e+10
4.68189e+07,18101.8,8.48761e+06,1.43971e+11,-4.20904e+10
4.68252e+07,17786.8,8.48766e+06,1.44076e+11,-4.17299e+10
4.68315e+07,17474.5,8.4877e+06,1.4418e+11,-4.13692e+10
4.68378e+07,17164.9,8.48775e+06,1.44283e+11,-4.10083e+10
4.68441e+07,16858.1,8.48779e+06,1.44385e+11,-4.0647e+10
4.68504e+07,16553.9,8.48783e+06,1.44487e+11,-4.02856e+10
4.68567e+07,16252.5,8.48787e+06,1.44587e+11,-3.99238e+10
4.6863e+07,15953.8,8.48791e+06,1.44687e+11,-3.95618e+10
4.68693e+07,15657.8,8.48795e+06,1.44785e+11,-3.91996e+10
4.68757e+07,15364.6,8.48799e+06,1.44883e+11,-3.88371e+10
4.6882e+07,15074,8.48803e+06,1.4498e+11,-3.84744e+10
4.68883e+07,14786.2,8.48806e+06,1.45075e+11,-3.81115e+10
4.68946e+07,14501.1,8.4881e+06,1.4517e+11,-3.77483e+10
4.69009e+07,14218.8,8.48814e+06,1.45264e+11,-3.73848e+10
4.69072e+07,13939.1,8.48817e+06,1.45358e+11,-3.70212e+10
4.69135e+07,13662.3,8.48821e+06,1.4545e+11,-3.66573e+10
4.69198e+07,13388.1,8.48824e+06,1.45541e+11,-3.62931e+10
4.69262e+07,13116.7,8.48827e+06,1.45631e+11,-3.59288e+10
4.69325e+07,12848,8.48831e+06,1.45721e+11,-3.55642e+10
4.69388e+07,12582.1,8.48834e+06,1.45809e+11,-3.51994e+10
4.69451e+07,12318.9,8.48837e+06,1.45897e+11,-3.48344e+10
4.69514e+07,12058.4,8.4884e+06,1.45984e+11,-3.44691e+10
4.69577e+07,11800.7,8.48843e+06,1.4607e+11,-3.41037e+10
4.6964e+07,11545.8,8.48846e+06,1.46155e+11,-3.3738e+10
4.69703e+07,11293.6,8.48849e+06,1.46239e+11,-3.33721e+10
4.69766e+07,11044.1,8.48852e+06,1.46322e+11,-3.3006e+10
4.6983e+07,10797.4,8.48854e+06,1.46404e+11,-3.26397e+10
4.69893e+07,10553.4,8.48857e+06,1.46485e+11,-3.22732e+10
4.69956e+07,10312.3,8.4886e+06,1.46565e+11,-3.19065e+10
4.70019e+07,10073.8,8.48862e+06,1.46645e+11,-3.15396e+10
4.70082e+07,9838.12,8.48865e+06,1.46723e+11,-3.11725e+10
4.70145e+07,9605.2,8.48867e+06,1.46801e+11,-3.08052e+10
4.70208e+07,9375.03,8.48869e+06,1.46878e+11,-3.04377e+10
4.70271e+07,9147.63,8.48872e+06,1.46953e+11,-3.007e+10
4.70334e+07,8922.99,8.48874e+06,1.47028e+11,-2.97021e+10
4.70398e+07,8701.12,8.48876e+06,1.47102e+11,-2.93341e+10
4.70461e+07,8482.01,8.48878e+06,1.47175e+11,-2.89658e+10
4.70524e+07,8265.67,8.4888e+06,1.47247e+11,-2.85974e+10
4.70587e+07,8052.1,8.48883e+06,1.47318e+11,-2.82288e+10
4.7065e+07,7841.3,8.48885e+06,1.47388e+11,-2.786e+10
4.70713e+07,7633.27,8.48886e+06,1.47458e+11,-2.74911e+10
4.70776e+07,7428.02,8.48888e+06,1.47526e+11,-2.71219e+10
4.70839e+07,7225.54,8.4889e+06,1.47594e+11,-2.67526e+10
4.70903e+07,7025.83,8.48892e+06,1.4766e+11,-2.63832e+10
4.70966e+07,6828.91,8.48894e+06,1.47726e+11,-2.60135e+10
4.71029e+07,6634.76,8.48895e+06,1.4779e+11,-2.56437e+10
4.71092e+07,6443.39,8.48897e+06,1.47854e+11,-2.52738e+10
4.71155e+07,6254.8,8.48899e+06,1.47917e+11,-2.49037e+10
4.71218e+07,6068.99,8.489e+06,1.47979e+11,-2.45334e+10
4.71281e+07,5885.96,8.48902e+06,1.4804e+11,-2.4163e+10
4.71344e+07,5705.72,8.48903e+06,1.481e+11,-2.37924e+10
4.71407e+07,5528.27,8.48904e+06,1.48159e+11,-2.34217e+10
4.71471e+07,5353.6,8.48906e+06,1.48217e+11,-2.30508e+10
4.71534e+07,5181.71,8.48907e+06,1.48274e+11,-2.26798e+10
4.71597e+07,5012.62,8.48908e+06,1.48331e+11,-2.23087e+10
4.7166e+07,4846.31,8.4891e+06,1.48386e+11,-2.19374e+10
4.71723e+07,4682.8,8.48911e+06,1.4844e+11,-2.15659e+10
4.71786e+07,4522.08,8.48912e+06,1.48494e+11,-2.11944e+10
4.71849e+07,4364.15,8.48913e+06,1.48547e+11,-2.08227e+10
4.71912e+07,4209.01,8.48914e+06,1.48598e+11,-2.04508e+10
4.71975e+07,4056.67,8.48915e+06,1.48649e+11,-2.00789e+10
4.72039e+07,3907.13,8.48916e+06,1.48699e+11,-1.97068e+10
4.72102e+07,3760.38,8.48917e+06,1.48748e+11,-1.93346e+10
4.72165e+07,3616.42,8.48918e+06,1.48796e+11,-1.89623e+10
4.72228e+07,3475.27,8.48919e+06,1.48843e+11,-1.85898e+10
4.72291e+07,3336.92,8.4892e+06,1.48889e+11,-1.82172e+10
4.72354e+07,3201.36,8.48921e+06,1.48934e+11,-1.78446e+10
4.72417e+07,3068.61,8.48921e+06,1.48978e+11,-1.74718e+10
4.7248e+07,2938.66,8.48922e+06,1.49021e+11,-1.70989e+10
4.72544e+07,2811.51,8.48923e+06,1.49064e+11,-1.67259e+10
4.72607e+07,2687.16,8.48924e+06,1.49105e+11,-1.63527e+10
4.7267e+07,2565.62,8.48924e+06,1.49146e+11,-1.59795e+10
4.72733e+07,2446.88,8.48925e+06,1.49185e+11,-1.56062e+10
4.72796e+07,2330.95,8.48926e+06,1.49224e+11,-1.52328e+10
4.72859e+07,2217.82,8.48926e+06,1.49261e+11,-1.48593e+10
4.72922e+07,2107.5,8.48927e+06,1.49298e+11,-1.44857e+10
4.72985e+07,1999.99,8.48927e+06,1.49334e+11,-1.4112e+10
4.73048e+07,1895.29,8.48928e+06,1.49369e+11,-1.37382e+10
4.73112e+07,1793.4,8.48928e+06,1.49403e+11,-1.33644e+10
4.73175e+07,1694.32,8.48929e+06,1.49436e+11,-1.29904e+10
4.73238e+07,1598.04,8.48929e+06,1.49468e+11,-1.26164e+10
4.73301e+07,1504.58,8.48929e+06,1.49499e+11,-1.22423e+10
4.73364e+07,1413.93,8.4893e+06,1.49529e+11,-1.18681e+10
4.73427e+07,1326.09,8.4893e+06,1.49558e+11,-1.14938e+10
4.7349e+07,1241.06,8.4893e+06,1.49587e+11,-1.11195e+10
4.73553e+07,1158.85,8.48931e+06,1.49614e+11,-1.07451e+10
4.73616e+07,1079.45,8.48931e+06,1.4964e+11,-1.03706e+10
4.7368e+07,1002.87,8.48931e+06,1.49666e+11,-9.99607e+09
4.73743e+07,929.096,8.48931e+06,1.49691e+11,-9.62147e+09
4.73806e+07,858.141,8.48932e+06,1.49714e+11,-9.24681e+09
4.73869e+07,790.001,8.48932e+06,1.49737e+11,-8.87209e+09
4.73932e+07,724.677,8.48932e+06,1.49759e+11,-8.49732e+09
4.73995e+07,662.17,8.48932e+06,1.49779e+11,-8.12249e+09
4.74058e+07,602.479,8.48932e+06,1.49799e+11,-7.74762e+09
4.74121e+07,545.605,8.48933e+06,1.49818e+11,-7.37269e+09
4.74184e+07,491.549,8.48933e+06,1.49836e+11,-6.99772e+09
4.74248e+07,440.311,8.48933e+06,1.49853e+11,-6.6227e+09
4.74311e+07,391.891,8.48933e+06,1.49869e+11,-6.24765e+09
4.74374e+07,346.289,8.48933e+06,1.49885e+11,-5.87255e+09
4.74437e+07,303.506,8.48933e+06,1.49899e+11,-5.49742e+09
4.745e+07,263.542,8.48933e+06,1.49912e+11,-5.12225e+09
4.74563e+07,226.398,8.48933e+06,1.49925e+11,-4.74705e+09
4.74626e+07,192.073,8.48933e+06,1.49936e+11,-4.37182e+09
4.74689e+07,160.567,8.48933e+06,1.49947e+11,-3.99656e+09
4.74753e+07,131.882,8.48933e+06,1.49956e+11,-3.62128e+09
4.74816e+07,106.017,8.48933e+06,1.49965e+11,-3.24598e+09
4.74879e+07,82.9716,8.48933e+06,1.49972e+11,-2.87065e+09
4.74942e+07,62.7469,8.48933e+06,1.49979e+11,-2.49531e+09
4.75005e+07,45.3427,8.48933e+06,1.49985e+11,-2.11995e+09
4.75068e+07,30.7592,8.48933e+06,1.4999e+11,-1.74458e+09
4.75131e+07,18.9964,8.48933e+06,1.49994e+11,-1.36919e+09
4.75194e+07,10.0544,8.48933e+06,1.49997e+11,-9.93801e+08
4.75257e+07,3.93325,8.48933e+06,1.49999e+11,-6.18403e+08
4.75321e+07,0.633002,8.48933e+06,1.5e+11,-2.43001e+08
4.75384e+07,0.153675,8.48933e+06,1.5e+11,1.32403e+08
4.75447e+07,2.49527,8.48933e+06,1.49999e+11,5.07806e+08
4.7551e+07,7.65776,8.48933e+06,1.49997e+11,8.83206e+08
4.75573e+07,15.6411,8.48933e+06,1.49995e+11,1.2586e+09
4.75636e+07,26.4453,8.48933e+06,1.49991e+11,1.63399e+09
4.75699e+07,40.0703,8.48933e+06,1.49987e+11,2.00936e+09
4.75762e+07,56.5159,8.48933e+06,1.49981e+11,2.38473e+09
4.75825e+07,75.7821,8.48933e+06,1.49975e+11,2.76008e+09
4.75889e+07,97.8687,8.48933e+06,1.49967e+11,3.13541e+09
4.75952e+07,122.776,8.48934e+06,1.49959e+11,3.51072e+09
4.76015e+07,150.503,8.48934e+06,1.4995e+11,3.88601e+09
4.76078e+07,181.05,8.48934e+06,1.4994e+11,4.26128e+09
4.76141e+07,214.417,8.48934e+06,1.49929e+11,4.63651e+09
4.76204e+07,250.603,8.48934e+06,1.49917e+11,5.01172e+09
4.76267e+07,289.609,8.48934e+06,1.49904e+11,5.3869e+09
4.7633e+07,331.434,8.48934e+06,1.4989e+11,5.76205e+09
4.76394e+07,376.077,8.48934e+06,1.49875e+11,6.13716e+09
4.76457e+07,423.54,8.48934e+06,1.49859e+11,6.51223e+09
4.7652e+07,473.82,8.48934e+06,1.49842e+11,6.88726e+09
4.76583e+07,526.919,8.48934e+06,1.49825e+11,7.26225e+09
4.76646e+07,582.835,8.48934e+06,1.49806e+11,7.63719e+09
4.76709e+07,641.568,8.48935e+06,1.49786e+11,8.01208e+09
4.76772e+07,703.119,8.48935e+06,1.49766e+11,8.38692e+09
4.76835e+07,767.486,8.48935e+06,1.49744e+11,8.76172e+09
4.76898e+07,834.668,8.48935e+06,1.49722e+11,9.13645e+09
4.76962e+07,904.667,8.48935e+06,1.49699e+11,9.51113e+09
4.77025e+07,977.481,8.48936e+06,1.49674e+11,9.88575e+09
4.77088e+07,1053.11,8.48936e+06,1.49649e+11,1.02603e+10
4.77151e+07,1131.55,8.48936e+06,1.49623e+11,1.06348e+10
4.77214e+07,1212.81,8.48936e+06,1.49596e+11,1.10092e+10
4.77277e+07,1296.88,8.48937e+06,1.49568e+11,1.13836e+10
4.7734e+07,1383.76,8.48937e+06,1.49539e+11,1.17579e+10
4.77403e+07,1473.46,8.48937e+06,1.49509e+11,1.21321e+10
4.77466e+07,1565.96,8.48938e+06,1.49478e+11,1.25062e+10
4.7753e+07,1661.28,8.48938e+06,1.49447e+11,1.28803e+10
4.77593e+07,1759.41,8.48939e+06,1.49414e+11,1.32543e+10
4.77656e+07,1860.35,8.48939e+06,1.4938e+11,1.36282e+10
4.77719e+07,1964.1,8.4894e+06,1.49346e+11,1.4002e+10
4.77782e+07,2070.65,8.4894e+06,1.4931e+11,1.43757e+10
4.77845e+07,2180.02,8.48941e+06,1.49274e+11,1.47493e+10
4.77908e+07,2292.19,8.48941e+06,1.49237e+11,1.51229e+10
4.77971e+07,2407.17,8.48942e+06,1.49198e+11,1.54963e+10
4.78035e+07,2524.95,8.48942e+06,1.49159e+11,1.58697e+10
4.78098e+07,2645.54,8.48943e+06,1.49119e+11,1.62429e+10
4.78161e+07,2768.93,8.48944e+06,1.49078e+11,1.66161e+10
4.78224e+07,2895.13,8.48944e+06,1.49036e+11,1.69891e+10
4.78287e+07,3024.13,8.48945e+06,1.48993e+11,1.7362e+10
4.7835e+07,3155.93,8.48946e+06,1.48949e+11,1.77349e+10
4.78413e+07,3290.54,8.48947e+06,1.48904e+11,1.81076e+10
4.78476e+07,3427.94,8.48948e+06,1.48858e+11,1.84802e+10
4.78539e+07,3568.14,8.48948e+06,1.48812e+11,1.88527e+10
4.78603e+07,3711.14,8.48949e+06,1.48764e+11,1.9225e+10
4.78666e+07,3856.94,8.4895e+06,1.48715e+11,1.95973e+10
4.78729e+07,4005.54,8.48951e+06,1.48666e+11,1.99694e+10
4.78792e+07,4156.93,8.48952e+06,1.48616e+11,2.03414e+10
4.78855e+07,4311.12,8.48953e+06,1.48564e+11,2.07133e+10
4.78918e+07,4468.1,8.48954e+06,1.48512e+11,2.1085e+10
4.78981e+07,4627.87,8.48956e+06,1.48459e+11,2.14567e+10
4.79044e+07,4790.43,8.48957e+06,1.48405e+11,2.18281e+10
4.79107e+07,4955.79,8.48958e+06,1.48349e+11,2.21995e+10
4.79171e+07,5123.94,8.48959e+06,1.48293e+11,2.25707e+10
4.79234e+07,5294.87,8.48961e+06,1.48237e+11,2.29417e+10
4.79297e+07,5468.59,8.48962e+06,1.48179e+11,2.33127e+10
4.7936e+07,5645.1,8.48963e+06,1.4812e+11,2.36834e+10
4.79423e+07,5824.4,8.48965e+06,1.4806e+11,2.40541e+10
4.79486e+07,6006.48,8.48966e+06,1.48e+11,2.44245e+10
4.79549e+07,6191.34,8.48968e+06,1.47938e+11,2.47948e+10
4.79612e+07,6378.98,8.48969e+06,1.47875e+11,2.5165e+10
4.79676e+07,6569.41,8.48971e+06,1.47812e+11,2.5535e+10
4.79739e+07,6762.61,8.48973e+06,1.47748e+11,2.59049e+10
4.79802e+07,6958.6,8.48974e+06,1.47682e+11,2.62746e+10
4.79865e+07,7157.36,8.48976e+06,1.47616e+11,2.66441e+10
4.79928e+07,7358.9,8.48978e+06,1.47549e+11,2.70134e+10
4.79991e+07,7563.21,8.4898e+06,1.47481e+11,2.73826e+10
4.80054e+07,7770.3,8.48982e+06,1.47412e+11,2.77516e+10
4.80117e+07,7980.15,8.48984e+06,1.47342e+11,2.81205e+10
4.8018e+07,8192.78,8.48986e+06,1.47271e+11,2.84891e+10
4.80244e+07,8408.18,8.48988e+06,1.472e+11,2.88576e+10
4.80307e+07,8626.35,8.4899e+06,1.47127e+11,2.92259e+10
4.8037e+07,8847.28,8.48992e+06,1.47053e+11,2.9594e+10
4.80433e+07,9070.98,8.48994e+06,1.46979e+11,2.9962e+10
4.80496e+07,9297.44,8.48997e+06,1.46903e+11,3.03297e+10
4.80559e+07,9526.67,8.48999e+06,1.46827e+11,3.06973e+10
4.80622e+07,9758.66,8.49001e+06,1.4675e+11,3.10647e+10
4.80685e+07,9993.4,8.49004e+06,1.46672e+11,3.14318e+10
4.80748e+07,10230.9,8.49006e+06,1.46593e+11,3.17988e+10
4.80812e+07,10471.2,8.49009e+06,1.46513e+11,3.21656e+10
4.80875e+07,10714.2,8.49012e+06,1.46432e+11,3.25322e+10
4.80938e+07,10960,8.49014e+06,1.4635e+11,3.28985e+10
4.81001e+07,11208.5,8.49017e+06,1.46267e+11,3.32647e+10
4.81064e+07,11459.8,8.4902e+06,1.46183e+11,3.36306e+10
4.81127e+07,11713.8,8.49023e+06,1.46099e+11,3.39964e+10
4.8119e+07,11970.6,8.49026e+06,1.46013e+11,3.43619e+10
4.81253e+07,12230.1,8.49029e+06,1.45927e+11,3.47272e+10
4.81317e+07,12492.3,8.49032e+06,1.45839e+11,3.50923e+10
4.8138e+07,12757.3,8.49035e+06,1.45751e+11,3.54572e+10
4.81443e+07,13025.1,8.49038e+06,1.45662e+11,3.58219e+10
4.81506e+07,13295.6,8.49042e+06,1.45572e+11,3.61863e+10
4.81569e+07,13568.8,8.49045e+06,1.45481e+11,3.65505e+10
4.81632e+07,13844.7,8.49048e+06,1.45389e+11,3.69145e+10
4.81695e+07,14123.4,8.49052e+06,1.45296e+11,3.72783e+10
4.81758e+07,14404.9,8.49055e+06,1.45202e+11,3.76418e+10
4.81821e+07,14689,8.49059e+06,1.45108e+11,3.8005e+10
4.81885e+07,14975.9,8.49063e+06,1.45012e+11,3.83681e+10
4.81948e+07,15265.5,8.49067e+06,1.44916e+11,3.87309e+10
4.82011e+07,15557.8,8.4907e+06,1.44818e+11,3.90934e+10
4.82074e+07,15852.9,8.49074e+06,1.4472e+11,3.94558e+10
4.82137e+07,16150.7,8.49078e+06,1.44621e+11,3.98178e+10
4.822e+07,16451.2,8.49082e+06,1.44521e+11,4.01796e+10
4.82263e+07,16754.4,8.49087e+06,1.4442e+11,4.05412e+10
4.82326e+07,17060.3,8.49091e+06,1.44318e+11,4.09025e+10
4.82389e+07,17369,8.49095e+06,1.44215e+11,4.12636e+10
4.82453e+07,17680.4,8.491e+06,1.44111e+11,4.16244e+10
4.82516e+07,17994.4,8.49104e+06,1.44007e+11,4.19849e+10
4.82579e+07,18311.2,8.49109e+06,1.43901e+11,4.23452e+10
4.82642e+07,18630.7,8.49113e+06,1.43795e+11,4.27052e+10
4.82705e+07,18952.9,8.49118e+06,1.43688e+11,4.30649e+10
4.82768e+07,19277.8,8.49123e+06,1.43579e+11,4.34244e+10
4.82831e+07,19605.4,8.49128e+06,1.4347e+11,4.37836e+10
4.82894e+07,19935.7,8.49132e+06,1.4336e+11,4.41425e+10
4.82958e+07,20268.6,8.49137e+06,1.43249e+11,4.45012e+10
4.83021e+07,20604.3,8.49143e+06,1.43138e+11,4.48595e+10
4.83084e+07,20942.7,8.49148e+06,1.43025e+11,4.52176e+10
4.83147e+07,21283.8,8.49153e+06,1.42911e+11,4.55754e+10
4.8321e+07,21627.5,8.49158e+06,1.42797e+11,4.5933e+10
4.83273e+07,21974,8.49164e+06,1.42681e+11,4.62902e+10
4.83336e+07,22323.1,8.49169e+06,1.42565e+11,4.66471e+10
4.83399e+07,22674.9,8.49175e+06,1.42448e+11,4.70038e+10
4.83462e+07,23029.3,8.49181e+06,1.4233e+11,4.73601e+10
4.83526e+07,23386.5,8.49187e+06,1.42211e+11,4.77162e+10
4.83589e+07,23746.3,8.49193e+06,1.42091e+11,4.8072e+10
4.83652e+07,24108.8,8.49199e+06,1.4197e+11,4.84274e+10
4.83715e+07,24474,8.49205e+06,1.41849e+11,4.87826e+10
4.83778e+07,24841.8,8.49211e+06,1.41726e+11,4.91374e+10
4.83841e+07,25212.4,8.49217e+06,1.41603e+11,4.9492e+10
4.83904e+07,25585.5,8.49223e+06,1.41479e+11,4.98462e+10
4.83967e+07,25961.4,8.4923e+06,1.41353e+11,5.02001e+10
4.8403e+07,26339.8,8.49236e+06,1.41227e+11,5.05537e+10
4.84094e+07,26721,8.49243e+06,1.411e+11,5.0907e+10
4.84157e+07,27104.8,8.4925e+06,1.40973e+11,5.126e+10
4.8422e+07,27491.2,8.49257e+06,1.40844e+11,5.16126e+10
4.84283e+07,27880.3,8.49264e+06,1.40714e+11,5.1965e+10
4.84346e+07,28272.1,8.49271e+06,1.40584e+11,5.2317e+10
4.84409e+07,28666.5,8.49278e+06,1.40453e+11,5.26686e+10
4.84472e+07,29063.5,8.49285e+06,1.4032e+11,5.302e+10
4.84535e+07,29463.1,8.49292e+06,1.40187e+11,5.3371e+10
4.84599e+07,29865.4,8.493e+06,1.40053e+11,5.37217e+10
4.84662e+07,30270.4,8.49307e+06,1.39918e+11,5.4072e+10
4.84725e+07,30678,8.49315e+06,1.39783e+11,5.4422e+10
4.84788e+07,31088.2,8.49323e+06,1.39646e+11,5.47717e+10
4.84851e+07,31501,8.4933e+06,1.39508e+11,5.5121e+10
4.84914e+07,31916.4,8.49338e+06,1.3937e+11,5.547e+10
4.84977e+07,32334.5,8.49346e+06,1.39231e+11,5.58186e+10
4.8504e+07,32755.2,8.49354e+06,1.39091e+11,5.61669e+10
4.85103e+07,33178.5,8.49363e+06,1.3895e+11,5.65148e+10
4.85167e+07,33604.4,8.49371e+06,1.38808e+11,5.68624e+10
4.8523e+07,34032.9,8.4938e+06,1.38665e+11,5.72096e+10
4.85293e+07,34464.1,8.49388e+06,1.38522e+11,5.75564e+10
4.85356e+07,34897.8,8.49397e+06,1.38377e+11,5.79029e+10
4.85419e+07,35334.1,8.49406e+06,1.38232e+11,5.82491e+10
4.85482e+07,35773.1,8.49414e+06,1.38086e+11,5.85948e+10
4.85545e+07,36214.6,8.49423e+06,1.37939e+11,5.89402e+10
4.85608e+07,36658.7,8.49433e+06,1.37791e+11,5.92853e+10
4.85671e+07,37105.5,8.49442e+06,1.37642e+11,5.96299e+10
4.85735e+07,37554.8,8.49451e+06,1.37492e+11,5.99742e+10
4.85798e+07,38006.7,8.49461e+06,1.37342e+11,6.03181e+10
4.85861e+07,38461.2,8.4947e+06,1.3719e+11,6.06617e+10
4.85924e+07,38918.2,8.4948e+06,1.37038e+11,6.10048e+10
4.85987e+07,39377.8,8.4949e+06,1.36885e+11,6.13476e+10
4.8605e+07,39840.1,8.495e+06,1.36731e+11,6.169e+10
4.86113e+07,40304.8,8.4951e+06,1.36576e+11,6.2032e+10
4.86176e+07,40772.2,8.4952e+06,1.36421e+11,6.23736e+10
4.8624e+07,41242.1,8.4953e+06,1.36264e+11,6.27148e+10
4.86303e+07,41714.6,8.4954e+06,1.36107e+11,6.30557e+10
4.86366e+07,42189.6,8.49551e+06,1.35949e+11,6.33961e+10
4.86429e+07,42667.2,8.49562e+06,1.35789e+11,6.37361e+10
4.86492e+07,43147.4,8.49572e+06,1.3563e+11,6.40758e+10
4.86555e+07,43630.1,8.49583e+06,1.35469e+11,6.4415e+10
4.86618e+07,44115.3,8.49594e+06,1.35307e+11,6.47538e+10
4.86681e+07,44603.1,8.49605e+06,1.35145e+11,6.50923e+10
4.86744e+07,45093.4,8.49616e+06,1.34981e+11,6.54303e+10
4.86808e+07,45586.3,8.49628e+06,1.34817e+11,6.57679e+10
4.86871e+07,46081.7,8.49639e+06,1.34652e+11,6.61051e+10
4.86934e+07,46579.7,8.49651e+06,1.34486e+11,6.64419e+10
4.86997e+07,47080.1,8.49663e+06,1.3432e+11,6.67783e+10
4.8706e+07,47583.1,8.49674e+06,1.34152e+11,6.71142e+10
4.87123e+07,48088.6,8.49686e+06,1.33984e+11,6.74497e+10
4.87186e+07,48596.7,8.49698e+06,1.33815e+11,6.77849e+10
4.87249e+07,49107.2,8.49711e+06,1.33645e+11,6.81195e+10
4.87312e+07,49620.3,8.49723e+06,1.33474e+11,6.84538e+10
4.87376e+07,50135.9,8.49736e+06,1.33302e+11,6.87876e+10
4.87439e+07,50654,8.49748e+06,1.33129e+11,6.9121e+10
4.87502e+07,51174.6,8.49761e+06,1.32956e+11,6.9454e+10
4.87565e+07,51697.6,8.49774e+06,1.32782e+11,6.97865e+10
4.87628e+07,52223.2,8.49787e+06,1.32607e+11,7.01186e+10
4.87691e+07,52751.3,8.498e+06,1.32431e+11,7.04503e+10
4.87754e+07,53281.9,8.49813e+06,1.32254e+11,7.07815e+10
4.87817e+07,53814.9,8.49827e+06,1.32077e+11,7.11122e+10
4.8788e+07,54350.5,8.4984e+06,1.31898e+11,7.14426e+10
4.87944e+07,54888.5,8.49854e+06,1.31719e+11,7.17725e+10
4.88007e+07,55429,8.49868e+06,1.31539e+11,7.21019e+10
4.8807e+07,55972,8.49882e+06,1.31358e+11,7.24309e+10
4.88133e+07,56517.4,8.49896e+06,1.31177e+11,7.27594e+10
4.88196e+07,57065.3,8.4991e+06,1.30994e+11,7.30874e+10
4.88259e+07,57615.7,8.49924e+06,1.30811e+11,7.34151e+10
4.88322e+07,58168.5,8.49939e+06,1.30627e+11,7.37422e+10
4.88385e+07,58723.8,8.49953e+06,1.30442e+11,7.40689e+10
4.88449e+07,59281.6,8.49968e+06,1.30256e+11,7.43951e+10
4.88512e+07,59841.8,8.49983e+06,1.30069e+11,7.47209e+10
4.88575e+07,60404.4,8.49998e+06,1.29882e+11,7.50462e+10
4.88638e+07,60969.5,8.50013e+06,1.29694e+11,7.5371e+10
4.88701e+07,61537,8.50029e+06,1.29505e+11,7.56953e+10
4.88764e+07,62107,8.50044e+06,1.29315e+11,7.60192e+10
4.88827e+07,62679.3,8.5006e+06,1.29124e+11,7.63426e+10
4.8889e+07,63254.2,8.50075e+06,1.28933e+11,7.66655e+10
4.88953e+07,63831.4,8.50091e+06,1.28741e+11,7.6988e+10
4.89017e+07,64411.1,8.50107e+06,1.28548e+11,7.73099e+10
4.8908e+07,64993.1,8.50124e+06,1.28354e+11,7.76314e+10
4.89143e+07,65577.6,8.5014e+06,1.28159e+11,7.79524e+10
4.89206e+07,66164.5,8.50156e+06,1.27964e+11,7.82729e+10
4.89269e+07,66753.9,8.50173e+06,1.27767e+11,7.85929e+10
4.89332e+07,67345.6,8.5019e+06,1.2757e+11,7.89124e+10
4.89395e+07,67939.7,8.50207e+06,1.27372e+11,7.92314e+10
4.89458e+07,68536.2,8.50224e+06,1.27174e+11,7.95499e+10
4.89521e+07,69135.1,8.50241e+06,1.26974e+11,7.9868e+10
4.89585e+07,69736.4,8.50258e+06,1.26774e+11,8.01855e+10
4.89648e+07,70340,8.50276e+06,1.26573e+11,8.05025e+10
4.89711e+07,70946.1,8.50294e+06,1.26371e+11,8.0819e+10
4.89774e+07,71554.5,8.50311e+06,1.26168e+11,8.11351e+10
4.89837e+07,72165.3,8.50329e+06,1.25965e+11,8.14506e+10
4.899e+07,72778.5,8.50348e+06,1.25761e+11,8.17656e+10
4.89963e+07,73394,8.50366e+06,1.25556e+11,8.208e+10
4.90026e+07,74011.9,8.50384e+06,1.2535e+11,8.2394e+10
4.9009e+07,74632.2,8.50403e+06,1.25143e+11,8.27075e+10
4.90153e+07,75254.8,8.50422e+06,1.24936e+11,8.30204e+10
4.90216e+07,75879.7,8.50441e+06,1.24728e+11,8.33328e+10
4.90279e+07,76507,8.5046e+06,1.24519e+11,8.36447e+10
4.90342e+07,77136.7,8.50479e+06,1.24309e+11,8.39561e+10
4.90405e+07,77768.7,8.50498e+06,1.24099e+11,8.42669e+10
4.90468e+07,78403,8.50518e+06,1.23888e+11,8.45772e+10
4.90531e+07,79039.6,8.50537e+06,1.23676e+11,8.4887e+10
4.90594e+07,79678.6,8.50557e+06,1.23463e+11,8.51963e+10
4.90658e+07,80319.9,8.50577e+06,1.23249e+11,8.5505e+10
4.90721e+07,80963.5,8.50598e+06,1.23035e+11,8.58132e+10
4.90784e+07,81609.4,8.50618e+06,1.2282e+11,8.61208e+10
4.90847e+07,82257.7,8.50638e+06,1.22604e+11,8.6428e+10
4.9091e+07,82908.2,8.50659e+06,1.22387e+11,8.67345e+10
4.90973e+07,83561,8.5068e+06,1.2217e+11,8.70405e+10
4.91036e+07,84216.2,8.50701e+06,1.21951e+11,8.7346e+10
4.91099e+07,84873.6,8.50722e+06,1.21732e+11,8.7651e+10
4.91162e+07,85533.3,8.50743e+06,1.21513e+11,8.79553e+10
4.91226e+07,86195.3,8.50765e+06,1.21292e+11,8.82592e+10
4.91289e+07,86859.6,8.50786e+06,1.21071e+11,8.85625e+10
4.91352e+07,87526.2,8.50808e+06,1.20849e+11,8.88652e+10
4.91415e+07,88195,8.5083e+06,1.20626e+11,8.91674e+10
4.91478e+07,88866.1,8.50852e+06,1.20403e+11,8.9469e+10
4.91541e+07,89539.5,8.50875e+06,1.20178e+11,8.977e+10
4.91604e+07,90215.1,8.50897e+06,1.19953e+11,9.00705e+10
4.91667e+07,90893,8.5092e+06,1.19728e+11,9.03704e+10
4.91731e+07,91573.2,8.50943e+06,1.19501e+11,9.06698e+10
4.91794e+07,92255.5,8.50966e+06,1.19274e+11,9.09686e+10
4.91857e+07,92940.2,8.50989e+06,1.19046e+11,9.12668e+10
4.9192e+07,93627,8.51012e+06,1.18817e+11,9.15644e+10
4.91983e+07,94316.1,8.51036e+06,1.18588e+11,9.18615e+10
4.92046e+07,95007.5,8.51059e+06,1.18357e+11,9.2158e+10
4.92109e+07,95701,8.51083e+06,1.18126e+11,9.24539e+10
4.92172e+07,96396.8,8.51107e+06,1.17895e+11,9.27493e+10
4.92235e+07,97094.8,8.51132e+06,1.17662e+11,9.30441e+10
4.92299e+07,97795,8.51156e+06,1.17429e+11,9.33382e+10
4.92362e+07,98497.4,8.51181e+06,1.17195e+11,9.36318e+10
4.92425e+07,99202.1,8.51205e+06,1.1696e+11,9.39248e+10
4.92488e+07,99908.9,8.5123e+06,1.16725e+11,9.42173e+10
4.92551e+07,100618,8.51255e+06,1.16489e+11,9.45091e+10
4.92614e+07,101329,8.51281e+06,1.16252e+11,9.48003e+10
4.92677e+07,102042,8.51306e+06,1.16014e+11,9.5091e+10
4.9274e+07,102758,8.51332e+06,1.15776e+11,9.5381e+10
4.92803e+07,103476,8.51357e+06,1.15537e+11,9.56705e+10
4.92867e+07,104196,8.51383e+06,1.15297e+11,9.59593e+10
4.9293e+07,104918,8.5141e+06,1.15057e+11,9.62476e+10
4.92993e+07,105642,8.51436e+06,1.14815e+11,9.65352e+10
4.93056e+07,106369,8.51462e+06,1.14574e+11,9.68223e+10
4.93119e+07,107097,8.51489e+06,1.14331e+11,9.71087e+10
4.93182e+07,107828,8.51516e+06,1.14087e+11,9.73945e+10
4.93245e+07,108561,8.51543e+06,1.13843e+11,9.76798e+10
4.93308e+07,109296,8.5157e+06,1.13599e+11,9.79644e+10
4.93372e+07,110033,8.51598e+06,1.13353e+11,9.82484e+10
4.93435e+07,110772,8.51626e+06,1.13107e+11,9.85318e+10
4.93498e+07,111514,8.51653e+06,1.1286e+11,9.88145e+10
4.93561e+07,112257,8.51681e+06,1.12612e+11,9.90967e+10
4.93624e+07,113003,8.5171e+06,1.12364e+11,9.93782e+10
4.93687e+07,113750,8.51738e+06,1.12115e+11,9.96591e+10
4.9375e+07,114500,8.51766e+06,1.11865e+11,9.99394e+10
4.93813e+07,115252,8.51795e+06,1.11615e+11,1.00219e+11
4.93876e+07,116006,8.51824e+06,1.11364e+11,1.00498e+11
4.9394e+07,116762,8.51853e+06,1.11112e+11,1.00776e+11
4.94003e+07,117521,8.51883e+06,1.10859e+11,1.01054e+11
4.94066e+07,118281,8.51912e+06,1.10606e+11,1.01331e+11
4.94129e+07,119043,8.51942e+06,1.10352e+11,1.01608e+11
4.94192e+07,119808,8.51972e+06,1.10097e+11,1.01884e+11
4.94255e+07,120575,8.52002e+06,1.09842e+11,1.02159e+11
4.94318e+07,121343,8.52032e+06,1.09586e+11,1.02433e+11
4.94381e+07,122114,8.52062e+06,1.09329e+11,1.02707e+11
4.94444e+07,122887,8.52093e+06,1.09072e+11,1.02981e+11
4.94508e+07,123661,8.52124e+06,1.08814e+11,1.03253e+11
4.94571e+07,124438,8.52155e+06,1.08555e+11,1.03525e+11
4.94634e+07,125217,8.52186e+06,1.08296e+11,1.03797e+11
4.94697e+07,125998,8.52218e+06,1.08036e+11,1.04067e+11
4.9476e+07,126781,8.52249e+06,1.07775e+11,1.04337e+11
4.94823e+07,127566,8.52281e+06,1.07514e+11,1.04607e+11
4.94886e+07,128353,8.52313e+06,1.07251e+11,1.04876e+11
4.94949e+07,129142,8.52345e+06,1.06989e+11,1.05144e+11
4.95013e+07,129933,8.52378e+06,1.06725e+11,1.05411e+11
4.95076e+07,130726,8.5241e+06,1.06461e+11,1.05678e+11
4.95139e+07,131521,8.52443e+06,1.06196e+11,1.05944e+11
4.95202e+07,132318,8.52476e+06,1.05931e+11,1.06209e+11
4.95265e+07,133117,8.5251e+06,1.05665e+11,1.06474e+11
4.95328e+07,133918,8.52543e+06,1.05398e+11,1.06738e+11
4.95391e+07,134721,8.52577e+06,1.05131e+11,1.07002e+11
4.95454e+07,135526,8.5261e+06,1.04862e+11,1.07265e+11
4.95517e+07,136333,8.52644e+06,1.04594e+11,1.07527e+11
4.95581e+07,137142,8.52679e+06,1.04324e+11,1.07788e+11
4.95644e+07,137953,8.52713e+06,1.04054e+11,1.08049e+11
4.95707e+07,138766,8.52748e+06,1.03783e+11,1.08309e+11
4.9577e+07,139581,8.52782e+06,1.03512e+11,1.08568e+11
4.95833e+07,140397,8.52818e+06,1.0324e+11,1.08827e+11
4.95896e+07,141216,8.52853e+06,1.02967e+11,1.09085e+11
4.95959e+07,142037,8.52888e+06,1.02694e+11,1.09342e+11
4.96022e+07,142859,8.52924e+06,1.0242e+11,1.09599e+11
4.96085e+07,143684,8.5296e+06,1.02146e+11,1.09855e+11
4.96149e+07,144510,8.52996e+06,1.0187e+11,1.1011e+11
4.96212e+07,145338,8.53032e+06,1.01594e+11,1.10365e+11
4.96275e+07,146168,8.53069e+06,1.01318e+11,1.10619e+11
4.96338e+07,147001,8.53105e+06,1.01041e+11,1.10872e+11
4.96401e+07,147835,8.53142e+06,1.00763e+11,1.11125e+11
4.96464e+07,148671,8.53179e+06,1.00485e+11,1.11376e+11
4.96527e+07,149508,8.53217e+06,1.00206e+11,1.11628e+11
4.9659e+07,150348,8.53254e+06,9.9926e+10,1.11878e+11
4.96654e+07,151190,8.53292e+06,9.96457e+10,1.12128e+11
4.96717e+07,152033,8.5333e+06,9.93648e+10,1.12377e+11
4.9678e+07,152878,8.53368e+06,9.90832e+10,1.12625e+11
4.96843e+07,153725,8.53406e+06,9.88011e+10,1.12873e+11
4.96906e+07,154575,8.53445e+06,9.85183e+10,1.1312e+11
4.96969e+07,155425,8.53484e+06,9.82349e+10,1.13366e+11
4.97032e+07,156278,8.53523e+06,9.79509e+10,1.13611e+11
4.97095e+07,157133,8.53562e+06,9.76663e+10,1.13856e+11
4.97158e+07,157989,8.53601e+06,9.73811e+10,1.141e+11
4.97222e+07,158847,8.53641e+06,9.70952e+10,1.14344e+11
4.97285e+07,159707,8.53681e+06,9.68088e+10,1.14586e+11
4.97348e+07,160569,8.53721e+06,9.65217e+10,1.14828e+11
4.97411e+07,161433,8.53761e+06,9.6234e+10,1.15069e+11
4.97474e+07,162299,8.53802e+06,9.59458e+10,1.1531e+11
4.97537e+07,163166,8.53842e+06,9.56569e+10,1.1555e+11
4.976e+07,164035,8.53883e+06,9.53675e+10,1.15789e+11
4.97663e+07,164906,8.53924e+06,9.50774e+10,1.16027e+11
4.97726e+07,165779,8.53966e+06,9.47867e+10,1.16265e+11
4.9779e+07,166653,8.54007e+06,9.44955e+10,1.16501e+11
4.97853e+07,167529,8.54049e+06,9.42036e+10,1.16738e+11
4.97916e+07,168407,8.54091e+06,9.39112e+10,1.16973e+11
4.97979e+07,169287,8.54134e+06,9.36182e+10,1.17208e+11
4.98042e+07,170169,8.54176e+06,9.33246e+10,1.17442e+11
4.98105e+07,171052,8.54219e+06,9.30304e+10,1.17675e+11
4.98168e+07,171937,8.54262e+06,9.27356e+10,1.17907e+11
4.98231e+07,172824,8.54305e+06,9.24403e+10,1.18139e+11
4.98295e+07,173712,8.54348e+06,9.21443e+10,1.1837e+11
4.98358e+07,174603,8.54392e+06,9.18478e+10,1.186e+11
4.98421e+07,175495,8.54436e+06,9.15507e+10,1.1883e+11
4.98484e+07,176388,8.5448e+06,9.12531e+10,1.19058e+11
4.98547e+07,177284,8.54524e+06,9.09548e+10,1.19286e+11
4.9861e+07,178181,8.54568e+06,9.0656e+10,1.19514e+11
4.98673e+07,179080,8.54613e+06,9.03567e+10,1.1974e+11
4.98736e+07,179980,8.54658e+06,9.00567e+10,1.19966e+11
4.98799e+07,180883,8.54703e+06,8.97562e+10,1.20191e+11
4.98863e+07,181787,8.54749e+06,8.94552e+10,1.20415e+11
4.98926e+07,182692,8.54794e+06,8.91536e+10,1.20639e+11
4.98989e+07,183600,8.5484e+06,8.88514e+10,1.20861e+11
4.99052e+07,184509,8.54886e+06,8.85487e+10,1.21083e+11
4.99115e+07,185419,8.54932e+06,8.82454e+10,1.21305e+11
4.99178e+07,186331,8.54979e+06,8.79415e+10,1.21525e+11
4.99241e+07,187245,8.55026e+06,8.76371e+10,1.21745e+11
4.99304e+07,188161,8.55073e+06,8.73322e+10,1.21964e+11
4.99367e+07,189078,8.5512e+06,8.70267e+10,1.22182e+11
4.99431e+07,189997,8.55167e+06,8.67207e+10,1.22399e+11
4.99494e+07,190918,8.55215e+06,8.64141e+10,1.22616e+11
4.99557e+07,191840,8.55263e+06,8.6107e+10,1.22832e+11
4.9962e+07,192763,8.55311e+06,8.57993e+10,1.23047e+11
4.99683e+07,193689,8.55359e+06,8.54911e+10,1.23261e+11
4.99746e+07,194616,8.55408e+06,8.51824e+10,1.23475e+11
4.99809e+07,195544,8.55457e+06,8.48731e+10,1.23688e+11
4.99872e+07,196475,8.55506e+06,8.45633e+10,1.239e+11
4.99935e+07,197406,8.55555e+06,8.4253e+10,1.24111e+11
4.99999e+07,198340,8.55605e+06,8.39421e+10,1.24321e+11
5.00062e+07,199275,8.55654e+06,8.36308e+10,1.24531e+11
5.00125e+07,200211,8.55704e+06,8.33188e+10,1.2474e+11
5.00188e+07,201149,8.55754e+06,8.30064e+10,1.24948e+11
5.00251e+07,202089,8.55805e+06,8.26935e+10,1.25156e+11
5.00314e+07,203030,8.55856e+06,8.238e+10,1.25362e+11
5.00377e+07,203973,8.55907e+06,8.2066e+10,1.25568e+11
5.0044e+07,204917,8.55958e+06,8.17515e+10,1.25773e+11
5.00504e+07,205863,8.56009e+06,8.14365e+10,1.25977e+11
5.00567e+07,206810,8.56061e+06,8.1121e+10,1.2618e+11
5.0063e+07,207759,8.56113e+06,8.0805e+10,1.26383e+11
5.00693e+07,208709,8.56165e+06,8.04885e+10,1.26585e+11
5.00756e+07,209661,8.56217e+06,8.01714e+10,1.26786e+11
5.00819e+07,210615,8.5627e+06,7.98539e+10,1.26986e+11
5.00882e+07,211570,8.56323e+06,7.95359e+10,1.27186e+11
5.00945e+07,212526,8.56376e+06,7.92173e+10,1.27384e+11
5.01008e+07,213484,8.56429e+06,7.88983e+10,1.27582e+11
5.01072e+07,214443,8.56482e+06,7.85788e+10,1.27779e+11
5.01135e+07,215404,8.56536e+06,7.82588e+10,1.27976e+11
5.01198e+07,216366,8.5659e+06,7.79382e+10,1.28171e+11
5.01261e+07,217330,8.56645e+06,7.76173e+10,1.28366e+11
5.01324e+07,218295,8.56699e+06,7.72958e+10,1.28559e+11
5.01387e+07,219262,8.56754e+06,7.69738e+10,1.28753e+11
5.0145e+07,220230,8.56809e+06,7.66514e+10,1.28945e+11
5.01513e+07,221200,8.56864e+06,7.63284e+10,1.29136e+11
5.01576e+07,222171,8.5692e+06,7.6005e+10,1.29327e+11
5.0164e+07,223143,8.56975e+06,7.56811e+10,1.29517e+11
5.01703e+07,224117,8.57031e+06,7.53568e+10,1.29706e+11
5.01766e+07,225093,8.57087e+06,7.5032e+10,1.29894e+11
5.01829e+07,226069,8.57144e+06,7.47067e+10,1.30081e+11
5.01892e+07,227047,8.57201e+06,7.43809e+10,1.30268e+11
5.01955e+07,228027,8.57258e+06,7.40547e+10,1.30453e+11
5.02018e+07,229008,8.57315e+06,7.3728e+10,1.30638e+11
5.02081e+07,229990,8.57372e+06,7.34008e+10,1.30823e+11
5.02145e+07,230974,8.5743e+06,7.30732e+10,1.31006e+11
5.02208e+07,231959,8.57488e+06,7.27451e+10,1.31188e+11
5.02271e+07,232945,8.57546e+06,7.24166e+10,1.3137e+11
5.02334e+07,233933,8.57604e+06,7.20876e+10,1.31551e+11
5.02397e+07,234922,8.57663e+06,7.17582e+10,1.31731e+11
5.0246e+07,235913,8.57722e+06,7.14283e+10,1.3191e+11
5.02523e+07,236904,8.57781e+06,7.1098e+10,1.32088e+11
5.02586e+07,237898,8.57841e+06,7.07672e+10,1.32266e+11
5.02649e+07,238892,8.579e+06,7.0436e+10,1.32443e+11
5.02713e+07,239888,8.5796e+06,7.01043e+10,1.32618e+11
5.02776e+07,240885,8.5802e+06,6.97722e+10,1.32793e+11
5.02839e+07,241884,8.58081e+06,6.94397e+10,1.32968e+11
5.02902e+07,242883,8.58141e+06,6.91067e+10,1.33141e+11
5.02965e+07,243884,8.58202e+06,6.87733e+10,1.33314e+11
5.03028e+07,244887,8.58263e+06,6.84394e+10,1.33485e+11
5.03091e+07,245890,8.58325e+06,6.81052e+10,1.33656e+11
5.03154e+07,246895,8.58387e+06,6.77705e+10,1.33826e+11
5.03217e+07,247901,8.58448e+06,6.74354e+10,1.33995e+11
5.03281e+07,248909,8.58511e+06,6.70998e+10,1.34164e+11
5.03344e+07,249918,8.58573e+06,6.67639e+10,1.34331e+11
5.03407e+07,250928,8.58636e+06,6.64275e+10,1.34498e+11
5.0347e+07,251939,8.58699e+06,6.60907e+10,1.34664e+11
5.03533e+07,252951,8.58762e+06,6.57535e+10,1.34829e+11
5.03596e+07,253965,8.58825e+06,6.54159e+10,1.34993e+11
5.03659e+07,254980,8.58889e+06,6.50778e+10,1.35156e+11
5.03722e+07,255996,8.58953e+06,6.47394e+10,1.35319e+11
5.03786e+07,257013,8.59017e+06,6.44006e+10,1.3548e+11
5.03849e+07,258032,8.59082e+06,6.40613e+10,1.35641e+11
5.03912e+07,259052,8.59146e+06,6.37217e+10,1.35801e+11
5.03975e+07,260073,8.59211e+06,6.33816e+10,1.3596e+11
5.04038e+07,261095,8.59276e+06,6.30412e+10,1.36118e+11
5.04101e+07,262118,8.59342e+06,6.27003e+10,1.36275e+11
5.04164e+07,263143,8.59408e+06,6.23591e+10,1.36432e+11
5.04227e+07,264169,8.59474e+06,6.20175e+10,1.36587e+11
5.0429e+07,265196,8.5954e+06,6.16755e+10,1.36742e+11
5.04354e+07,266224,8.59606e+06,6.13331e+10,1.36896e+11
5.04417e+07,267253,8.59673e+06,6.09903e+10,1.37049e+11
5.0448e+07,268283,8.5974e+06,6.06471e+10,1.37201e+11
5.04543e+07,269315,8.59807e+06,6.03036e+10,1.37353e+11
5.04606e+07,270347,8.59875e+06,5.99597e+10,1.37503e+11
5.04669e+07,271381,8.59943e+06,5.96154e+10,1.37653e+11
5.04732e+07,272416,8.60011e+06,5.92707e+10,1.37802e+11
5.04795e+07,273452,8.60079e+06,5.89257e+10,1.3795e+11
5.04858e+07,274489,8.60148e+06,5.85803e+10,1.38097e+11
5.04922e+07,275527,8.60216e+06,5.82345e+10,1.38243e+11
5.04985e+07,276566,8.60286e+06,5.78884e+10,1.38388e+11
5.05048e+07,277607,8.60355e+06,5.75419e+10,1.38533e+11
5.05111e+07,278648,8.60424e+06,5.7195e+10,1.38676e+11
5.05174e+07,279691,8.60494e+06,5.68478e+10,1.38819e+11
5.05237e+07,280734,8.60564e+06,5.65002e+10,1.38961e+11
5.053e+07,281779,8.60635e+06,5.61523e+10,1.39102e+11
5.05363e+07,282825,8.60706e+06,5.5804e+10,1.39242e+11
5.05427e+07,283872,8.60776e+06,5.54553e+10,1.39381e+11
5.0549e+07,284919,8.60848e+06,5.51064e+10,1.39519e+11
5.05553e+07,285968,8.60919e+06,5.4757e+10,1.39657e+11
5.05616e+07,287018,8.60991e+06,5.44074e+10,1.39793e+11
5.05679e+07,288069,8.61063e+06,5.40574e+10,1.39929e+11
5.05742e+07,289121,8.61135e+06,5.3707e+10,1.40064e+11
5.05805e+07,290174,8.61207e+06,5.33563e+10,1.40198e+11
5.05868e+07,291228,8.6128e+06,5.30053e+10,1.40331e+11
5.05931e+07,292283,8.61353e+06,5.2654e+10,1.40463e+11
5.05995e+07,293339,8.61426e+06,5.23023e+10,1.40595e+11
5.06058e+07,294396,8.615e+06,5.19503e+10,1.40725e+11
5.06121e+07,295454,8.61574e+06,5.15979e+10,1.40855e+11
5.06184e+07,296512,8.61648e+06,5.12453e+10,1.40983e+11
5.06247e+07,297572,8.61722e+06,5.08923e+10,1.41111e+11
5.0631e+07,298633,8.61797e+06,5.0539e+10,1.41238e+11
5.06373e+07,299695,8.61872e+06,5.01854e+10,1.41364e+11
5.06436e+07,300757,8.61947e+06,4.98315e+10,1.41489e+11
5.06499e+07,301821,8.62022e+06,4.94772e+10,1.41614e+11
5.06563e+07,302886,8.62098e+06,4.91227e+10,1.41737e+11
5.06626e+07,303951,8.62174e+06,4.87678e+10,1.41859e+11
5.06689e+07,305017,8.6225e+06,4.84127e+10,1.41981e+11
5.06752e+07,306085,8.62327e+06,4.80572e+10,1.42102e+11
5.06815e+07,307153,8.62403e+06,4.77014e+10,1.42222e+11
5.06878e+07,308222,8.6248e+06,4.73454e+10,1.4234e+11
5.06941e+07,309292,8.62558e+06,4.6989e+10,1.42459e+11
5.07004e+07,310363,8.62635e+06,4.66324e+10,1.42576e+11
5.07068e+07,311435,8.62713e+06,4.62754e+10,1.42692e+11
5.07131e+07,312507,8.62791e+06,4.59182e+10,1.42807e+11
5.07194e+07,313581,8.62869e+06,4.55606e+10,1.42922e+11
5.07257e+07,314655,8.62948e+06,4.52028e+10,1.43035e+11
5.0732e+07,315730,8.63027e+06,4.48447e+10,1.43148e+11
5.07383e+07,316806,8.63106e+06,4.44864e+10,1.4326e+11
5.07446e+07,317883,8.63185e+06,4.41277e+10,1.43371e+11
5.07509e+07,318961,8.63265e+06,4.37688e+10,1.43481e+11
5.07572e+07,320039,8.63345e+06,4.34096e+10,1.4359e+11
5.07636e+07,321119,8.63425e+06,4.30501e+10,1.43698e+11
5.07699e+07,322199,8.63506e+06,4.26904e+10,1.43805e+11
5.07762e+07,323280,8.63587e+06,4.23304e+10,1.43912e+11
5.07825e+07,324361,8.63668e+06,4.19701e+10,1.44017e+11
5.07888e+07,325444,8.63749e+06,4.16095e+10,1.44122e+11
5.07951e+07,326527,8.6383e+06,4.12487e+10,1.44225e+11
5.08014e+07,327611,8.63912e+06,4.08877e+10,1.44328e+11
5.08077e+07,328696,8.63994e+06,4.05264e+10,1.4443e+11
5.0814e+07,329782,8.64077e+06,4.01648e+10,1.44531e+11
5.08204e+07,330868,8.6416e+06,3.9803e+10,1.44631e+11
5.08267e+07,331955,8.64242e+06,3.94409e+10,1.4473e+11
5.0833e+07,333043,8.64326e+06,3.90786e+10,1.44829e+11
5.08393e+07,334132,8.64409e+06,3.8716e+10,1.44926e+11
5.08456e+07,335221,8.64493e+06,3.83532e+10,1.45022e+11
5.08519e+07,336311,8.64577e+06,3.79902e+10,1.45118e+11
5.08582e+07,337402,8.64661e+06,3.76269e+10,1.45212e+11
5.08645e+07,338493,8.64746e+06,3.72634e+10,1.45306e+11
5.08709e+07,339585,8.64831e+06,3.68996e+10,1.45399e+11
5.08772e+07,340678,8.64916e+06,3.65356e+10,1.45491e+11
5.08835e+07,341772,8.65001e+06,3.61714e+10,1.45582e+11
5.08898e+07,342866,8.65087e+06,3.5807e+10,1.45672e+11
5.08961e+07,343961,8.65173e+06,3.54423e+10,1.45761e+11
5.09024e+07,345057,8.65259e+06,3.50774e+10,1.45849e+11
5.09087e+07,346153,8.65346e+06,3.47123e+10,1.45937e+11
5.0915e+07,347250,8.65432e+06,3.4347e+10,1.46023e+11
5.09213e+07,348347,8.65519e+06,3.39815e+10,1.46109e+11
5.09277e+07,349445,8.65607e+06,3.36157e+10,1.46193e+11
5.0934e+07,350544,8.65694e+06,3.32498e+10,1.46277e+11
5.09403e+07,351644,8.65782e+06,3.28836e+10,1.4636e+11
5.09466e+07,352744,8.6587e+06,3.25172e+10,1.46441e+11
5.09529e+07,353844,8.65959e+06,3.21506e+10,1.46522e+11
5.09592e+07,354946,8.66047e+06,3.17839e+10,1.46602e+11
5.09655e+07,356047,8.66136e+06,3.14169e+10,1.46681e+11
5.09718e+07,357150,8.66226e+06,3.10497e+10,1.4676e+11
5.09781e+07,358253,8.66315e+06,3.06823e+10,1.46837e+11
5.09845e+07,359357,8.66405e+06,3.03148e+10,1.46913e+11
5.09908e+07,360461,8.66495e+06,2.9947e+10,1.46989e+11
5.09971e+07,361565,8.66585e+06,2.95791e+10,1.47063e+11
5.10034e+07,362671,8.66676e+06,2.9211e+10,1.47137e+11
5.10097e+07,363777,8.66767e+06,2.88426e+10,1.47209e+11
5.1016e+07,364883,8.66858e+06,2.84742e+10,1.47281e+11
5.10223e+07,365990,8.6695e+06,2.81055e+10,1.47352e+11
5.10286e+07,367097,8.67041e+06,2.77366e+10,1.47422e+11
5.1035e+07,368205,8.67133e+06,2.73676e+10,1.47491e+11
5.10413e+07,369314,8.67226e+06,2.69984e+10,1.47559e+11
5.10476e+07,370423,8.67318e+06,2.66291e+10,1.47626e+11
5.10539e+07,371532,8.67411e+06,2.62596e+10,1.47692e+11
5.10602e+07,372642,8.67504e+06,2.58899e+10,1.47757e+11
5.10665e+07,373753,8.67598e+06,2.552e+10,1.47822e+11
5.10728e+07,374864,8.67691e+06,2.515e+10,1.47885e+11
5.10791e+07,375975,8.67785e+06,2.47798e+10,1.47947e+11
5.10854e+07,377087,8.67879e+06,2.44095e+10,1.48009e+11
5.10918e+07,378200,8.67974e+06,2.4039e+10,1.4807e+11
5.10981e+07,379312,8.68069e+06,2.36684e+10,1.48129e+11
5.11044e+07,380426,8.68164e+06,2.32976e+10,1.48188e+11
5.11107e+07,381539,8.68259e+06,2.29267e+10,1.48246e+11
5.1117e+07,382653,8.68355e+06,2.25557e+10,1.48303e+11
5.11233e+07,383768,8.68451e+06,2.21845e+10,1.48359e+11
5.11296e+07,384883,8.68547e+06,2.18131e+10,1.48414e+11
5.11359e+07,385998,8.68643e+06,2.14416e+10,1.48468e+11
5.11422e+07,387114,8.6874e+06,2.107e+10,1.48521e+11
5.11486e+07,388230,8.68837e+06,2.06983e+10,1.48573e+11
5.11549e+07,389347,8.68934e+06,2.03264e+10,1.48625e+11
5.11612e+07,390464,8.69032e+06,1.99544e+10,1.48675e+11
5.11675e+07,391581,8.6913e+06,1.95823e+10,1.48725e+11
5.11738e+07,392699,8.69228e+06,1.921e+10,1.48773e+11
5.11801e+07,393817,8.69326e+06,1.88376e+10,1.48821e+11
5.11864e+07,394935,8.69425e+06,1.84651e+10,1.48868e+11
5.11927e+07,396054,8.69524e+06,1.80925e+10,1.48913e+11
5.11991e+07,397173,8.69623e+06,1.77198e+10,1.48958e+11
5.12054e+07,398293,8.69723e+06,1.7347e+10,1.49002e+11
5.12117e+07,399412,8.69823e+06,1.6974e+10,1.49045e+11
5.1218e+07,400532,8.69923e+06,1.6601e+10,1.49087e+11
5.12243e+07,401653,8.70023e+06,1.62278e+10,1.49128e+11
5.12306e+07,402773,8.70124e+06,1.58546e+10,1.49168e+11
5.12369e+07,403894,8.70225e+06,1.54812e+10,1.49207e+11
5.12432e+07,405016,8.70326e+06,1.51078e+10,1.49246e+11
5.12495e+07,406137,8.70427e+06,1.47343e+10,1.49283e+11
5.12559e+07,407259,8.70529e+06,1.43606e+10,1.49319e+11
5.12622e+07,408381,8.70631e+06,1.39869e+10,1.49355e+11
5.12685e+07,409504,8.70734e+06,1.36131e+10,1.49389e+11
5.12748e+07,410626,8.70836e+06,1.32392e+10,1.49423e+11
5.12811e+07,411749,8.70939e+06,1.28652e+10,1.49456e+11
5.12874e+07,412872,8.71042e+06,1.24911e+10,1.49487e+11
5.12937e+07,413996,8.71146e+06,1.2117e+10,1.49518e+11
5.13e+07,415119,8.7125e+06,1.17428e+10,1.49548e+11
5.13063e+07,416243,8.71354e+06,1.13685e+10,1.49577e+11
5.13127e+07,417367,8.71458e+06,1.09941e+10,1.49605e+11
5.1319e+07,418491,8.71563e+06,1.06197e+10,1.49632e+11
5.13253e+07,419616,8.71667e+06,1.02452e+10,1.49658e+11
5.13316e+07,420740,8.71773e+06,9.87067e+09,1.49683e+11
5.13379e+07,421865,8.71878e+06,9.49605e+09,1.49707e+11
5.13442e+07,422990,8.71984e+06,9.12137e+09,1.49731e+11
5.13505e+07,424115,8.7209e+06,8.74663e+09,1.49753e+11
5.13568e+07,425241,8.72196e+06,8.37184e+09,1.49775e+11
5.13631e+07,426366,8.72303e+06,7.99699e+09,1.49795e+11
5.13695e+07,427492,8.72409e+06,7.6221e+09,1.49815e+11
5.13758e+07,428617,8.72517e+06,7.24716e+09,1.49833e+11
5.13821e+07,429743,8.72624e+06,6.87217e+09,1.49851e+11
5.13884e+07,430869,8.72732e+06,6.49714e+09,1.49868e+11
5.13947e+07,431995,8.7284e+06,6.12207e+09,1.49883e+11
5.1401e+07,433122,8.72948e+06,5.74696e+09,1.49898e+11
5.14073e+07,434248,8.73056e+06,5.37181e+09,1.49912e+11
5.14136e+07,435375,8.73165e+06,4.99663e+09,1.49925e+11
5.142e+07,436501,8.73274e+06,4.62142e+09,1.49937e+11
5.14263e+07,437628,8.73384e+06,4.24618e+09,1.49948e+11
5.14326e+07,438755,8.73493e+06,3.87091e+09,1.49958e+11
5.14389e+07,439881,8.73603e+06,3.49562e+09,1.49968e+11
5.14452e+07,441008,8.73714e+06,3.12031e+09,1.49976e+11
5.14515e+07,442135,8.73824e+06,2.74498e+09,1.49983e+11
5.14578e+07,443262,8.73935e+06,2.36963e+09,1.4999e+11
5.14641e+07,444389,8.74046e+06,1.99427e+09,1.49995e+11
5.14704e+07,445516,8.74157e+06,1.61889e+09,1.5e+11
5.14768e+07,446643,8.74269e+06,1.2435e+09,1.50003e+11
5.14831e+07,447771,8.74381e+06,8.6811e+08,1.50006e+11
5.14894e+07,448898,8.74493e+06,4.9271e+08,1.50008e+11
5.14957e+07,450025,8.74606e+06,1.17307e+08,1.50008e+11
5.1502e+07,451152,8.74718e+06,-2.58097e+08,1.50008e+11
5.15083e+07,452279,8.74831e+06,-6.33499e+08,1.50007e+11
5.15146e+07,453406,8.74945e+06,-1.0089e+09,1.50005e+11
5.15209e+07,454533,8.75058e+06,-1.38429e+09,1.50002e+11
5.15272e+07,455661,8.75172e+06,-1.75967e+09,1.49998e+11
5.15336e+07,456788,8.75286e+06,-2.13504e+09,1.49993e+11
5.15399e+07,457915,8.75401e+06,-2.5104e+09,1.49987e+11
5.15462e+07,459042,8.75516e+06,-2.88574e+09,1.49981e+11
5.15525e+07,460168,8.75631e+06,-3.26107e+09,1.49973e+11
5.15588e+07,461295,8.75746e+06,-3.63637e+09,1.49964e+11
5.15651e+07,462422,8.75862e+06,-4.01166e+09,1.49955e+11
5.15714e+07,463549,8.75977e+06,-4.38691e+09,1.49944e+11
5.15777e+07,464675,8.76094e+06,-4.76214e+09,1.49933e+11
5.15841e+07,465802,8.7621e+06,-5.13734e+09,1.4992e+11
5.15904e+07,466928,8.76327e+06,-5.51251e+09,1.49907e+11
5.15967e+07,468055,8.76444e+06,-5.88764e+09,1.49893e+11
5.1603e+07,469181,8.76561e+06,-6.26274e+09,1.49878e+11
5.16093e+07,470307,8.76679e+06,-6.63779e+09,1.49861e+11
5.16156e+07,471433,8.76796e+06,-7.01281e+09,1.49844e+11
5.16219e+07,472559,8.76915e+06,-7.38778e+09,1.49826e+11
5.16282e+07,473685,8.77033e+06,-7.7627e+09,1.49807e+11
5.16345e+07,474810,8.77152e+06,-8.13758e+09,1.49787e+11
5.16409e+07,475936,8.77271e+06,-8.5124e+09,1.49767e+11
5.16472e+07,477061,8.7739e+06,-8.88717e+09,1.49745e+11
5.16535e+07,478186,8.77509e+06,-9.26189e+09,1.49722e+11
5.16598e+07,479311,8.77629e+06,-9.63655e+09,1.49698e+11
5.16661e+07,480436,8.77749e+06,-1.00111e+10,1.49674e+11
5.16724e+07,481560,8.7787e+06,-1.03857e+10,1.49648e+11
5.16787e+07,482685,8.7799e+06,-1.07602e+10,1.49622e+11
5.1685e+07,483809,8.78111e+06,-1.11346e+10,1.49594e+11
5.16913e+07,484933,8.78233e+06,-1.15089e+10,1.49566e+11
5.16977e+07,486056,8.78354e+06,-1.18831e+10,1.49537e+11
5.1704e+07,487180,8.78476e+06,-1.22573e+10,1.49507e+11
5.17103e+07,488303,8.78598e+06,-1.26314e+10,1.49476e+11
5.17166e+07,489426,8.7872e+06,-1.30055e+10,1.49443e+11
5.17229e+07,490549,8.78843e+06,-1.33794e+10,1.4941e+11
5.17292e+07,491672,8.78966e+06,-1.37533e+10,1.49376e+11
5.17355e+07,492794,8.79089e+06,-1.41271e+10,1.49342e+11
5.17418e+07,493916,8.79212e+06,-1.45008e+10,1.49306e+11
5.17482e+07,495038,8.79336e+06,-1.48744e+10,1.49269e+11
5.17545e+07,496159,8.7946e+06,-1.52479e+10,1.49231e+11
5.17608e+07,497280,8.79585e+06,-1.56213e+10,1.49193e+11
5.17671e+07,498401,8.79709e+06,-1.59946e+10,1.49153e+11
5.17734e+07,499522,8.79834e+06,-1.63678e+10,1.49113e+11
5.17797e+07,500642,8.79959e+06,-1.67409e+10,1.49071e+11
5.1786e+07,501762,8.80085e+06,-1.71139e+10,1.49029e+11
5.17923e+07,502881,8.8021e+06,-1.74868e+10,1.48985e+11
5.17986e+07,504001,8.80336e+06,-1.78596e+10,1.48941e+11
5.1805e+07,505120,8.80463e+06,-1.82323e+10,1.48896e+11
5.18113e+07,506238,8.80589e+06,-1.86048e+10,1.4885e+11
5.18176e+07,507357,8.80716e+06,-1.89773e+10,1.48803e+11
5.18239e+07,508475,8.80843e+06,-1.93496e+10,1.48755e+11
5.18302e+07,509592,8.8097e+06,-1.97218e+10,1.48706e+11
5.18365e+07,510709,8.81098e+06,-2.00939e+10,1.48656e+11
5.18428e+07,511826,8.81226e+06,-2.04659e+10,1.48606e+11
5.18491e+07,512943,8.81354e+06,-2.08377e+10,1.48554e+11
5.18554e+07,514059,8.81483e+06,-2.12094e+10,1.48501e+11
5.18618e+07,515174,8.81612e+06,-2.1581e+10,1.48448e+11
5.18681e+07,516289,8.81741e+06,-2.19524e+10,1.48393e+11
5.18744e+07,517404,8.8187e+06,-2.23237e+10,1.48338e+11
5.18807e+07,518519,8.82e+06,-2.26948e+10,1.48281e+11
5.1887e+07,519633,8.8213e+06,-2.30658e+10,1.48224e+11
5.18933e+07,520746,8.8226e+06,-2.34367e+10,1.48166e+11
5.18996e+07,521859,8.8239e+06,-2.38074e+10,1.48107e+11
5.19059e+07,522972,8.82521e+06,-2.4178e+10,1.48047e+11
5.19123e+07,524084,8.82652e+06,-2.45484e+10,1.47986e+11
5.19186e+07,525196,8.82783e+06,-2.49187e+10,1.47924e+11
5.19249e+07,526307,8.82915e+06,-2.52888e+10,1.47861e+11
5.19312e+07,527418,8.83047e+06,-2.56587e+10,1.47797e+11
5.19375e+07,528528,8.83179e+06,-2.60285e+10,1.47733e+11
5.19438e+07,529638,8.83311e+06,-2.63981e+10,1.47667e+11
5.19501e+07,530747,8.83444e+06,-2.67676e+10,1.47601e+11
5.19564e+07,531856,8.83577e+06,-2.71369e+10,1.47533e+11
5.19627e+07,532964,8.8371e+06,-2.7506e+10,1.47465e+11
5.19691e+07,534072,8.83844e+06,-2.7875e+10,1.47395e+11
5.19754e+07,535179,8.83978e+06,-2.82438e+10,1.47325e+11
5.19817e+07,536286,8.84112e+06,-2.86124e+10,1.47254e+11
5.1988e+07,537392,8.84246e+06,-2.89808e+10,1.47182e+11
5.19943e+07,538498,8.84381e+06,-2.9349e+10,1.47109e+11
5.20006e+07,539603,8.84516e+06,-2.97171e+10,1.47035e+11
5.20069e+07,540708,8.84651e+06,-3.00849e+10,1.4696e+11
5.20132e+07,541811,8.84786e+06,-3.04526e+10,1.46884e+11
5.20195e+07,542915,8.84922e+06,-3.08201e+10,1.46808e+11
5.20259e+07,544018,8.85058e+06,-3.11874e+10,1.4673e+11
5.20322e+07,545120,8.85194e+06,-3.15545e+10,1.46652e+11
5.20385e+07,546222,8.85331e+06,-3.19214e+10,1.46572e+11
5.20448e+07,547323,8.85468e+06,-3.22881e+10,1.46492e+11
5.20511e+07,548423,8.85605e+06,-3.26546e+10,1.46411e+11
5.20574e+07,549523,8.85742e+06,-3.30209e+10,1.46328e+11
5.20637e+07,550622,8.8588e+06,-3.3387e+10,1.46245e+11
5.207e+07,551721,8.86018e+06,-3.37529e+10,1.46161e+11
5.20764e+07,552819,8.86156e+06,-3.41186e+10,1.46076e+11
5.20827e+07,553916,8.86294e+06,-3.4484e+10,1.45991e+11
5.2089e+07,555012,8.86433e+06,-3.48493e+10,1.45904e+11
5.20953e+07,556108,8.86572e+06,-3.52143e+10,1.45816e+11
5.21016e+07,557204,8.86712e+06,-3.55791e+10,1.45728e+11
5.21079e+07,558298,8.86851e+06,-3.59437e+10,1.45638e+11
5.21142e+07,559392,8.86991e+06,-3.6308e+10,1.45548e+11
5.21205e+07,560486,8.87131e+06,-3.66721e+10,1.45456e+11
5.21268e+07,561578,8.87272e+06,-3.7036e+10,1.45364e+11
5.21332e+07,562670,8.87412e+06,-3.73997e+10,1.45271e+11
5.21395e+07,563761,8.87553e+06,-3.77631e+10,1.45177e+11
5.21458e+07,564852,8.87694e+06,-3.81263e+10,1.45082e+11
5.21521e+07,565942,8.87836e+06,-3.84893e+10,1.44986e+11
5.21584e+07,567031,8.87978e+06,-3.8852e+10,1.44889e+11
5.21647e+07,568119,8.8812e+06,-3.92145e+10,1.44792e+11
5.2171e+07,569207,8.88262e+06,-3.95767e+10,1.44693e+11
5.21773e+07,570293,8.88405e+06,-3.99387e+10,1.44593e+11
5.21836e+07,571380,8.88548e+06,-4.03004e+10,1.44493e+11
5.219e+07,572465,8.88691e+06,-4.06619e+10,1.44392e+11
5.21963e+07,573549,8.88834e+06,-4.10231e+10,1.4429e+11
5.22026e+07,574633,8.88978e+06,-4.1384e+10,1.44186e+11
5.22089e+07,575716,8.89122e+06,-4.17447e+10,1.44082e+11
5.22152e+07,576798,8.89266e+06,-4.21052e+10,1.43977e+11
5.22215e+07,577880,8.8941e+06,-4.24654e+10,1.43872e+11
5.22278e+07,578961,8.89555e+06,-4.28253e+10,1.43765e+11
5.22341e+07,580040,8.897e+06,-4.31849e+10,1.43657e+11
5.22405e+07,581119,8.89846e+06,-4.35443e+10,1.43549e+11
5.22468e+07,582198,8.89991e+06,-4.39034e+10,1.43439e+11
5.22531e+07,583275,8.90137e+06,-4.42622e+10,1.43329e+11
5.22594e+07,584352,8.90283e+06,-4.46208e+10,1.43218e+11
5.22657e+07,585427,8.90429e+06,-4.4979e+10,1.43106e+11
5.2272e+07,586502,8.90576e+06,-4.5337e+10,1.42993e+11
5.22783e+07,587576,8.90723e+06,-4.56947e+10,1.42879e+11
5.22846e+07,588649,8.9087e+06,-4.60521e+10,1.42764e+11
5.22909e+07,589722,8.91018e+06,-4.64093e+10,1.42648e+11
5.22973e+07,590793,8.91165e+06,-4.67661e+10,1.42532e+11
5.23036e+07,591863,8.91313e+06,-4.71227e+10,1.42414e+11
5.23099e+07,592933,8.91462e+06,-4.74789e+10,1.42296e+11
5.23162e+07,594002,8.9161e+06,-4.78349e+10,1.42176e+11
5.23225e+07,595070,8.91759e+06,-4.81905e+10,1.42056e+11
5.23288e+07,596137,8.91908e+06,-4.85459e+10,1.41935e+11
5.23351e+07,597203,8.92057e+06,-4.89009e+10,1.41813e+11
5.23414e+07,598268,8.92207e+06,-4.92556e+10,1.4169e+11
5.23477e+07,599332,8.92357e+06,-4.96101e+10,1.41567e+11
5.23541e+07,600395,8.92507e+06,-4.99642e+10,1.41442e+11
5.23604e+07,601458,8.92657e+06,-5.0318e+10,1.41317e+11
5.23667e+07,602519,8.92808e+06,-5.06715e+10,1.4119e+11
5.2373e+07,603579,8.92959e+06,-5.10247e+10,1.41063e+11
5.23793e+07,604639,8.9311e+06,-5.13775e+10,1.40935e+11
5.23856e+07,605697,8.93262e+06,-5.17301e+10,1.40806e+11
5.23919e+07,606755,8.93413e+06,-5.20823e+10,1.40676e+11
5.23982e+07,607811,8.93565e+06,-5.24342e+10,1.40545e+11
5.24046e+07,608867,8.93717e+06,-5.27857e+10,1.40413e+11
5.24109e+07,609921,8.9387e+06,-5.31369e+10,1.40281e+11
5.24172e+07,610975,8.94023e+06,-5.34878e+10,1.40148e+11
5.24235e+07,612028,8.94176e+06,-5.38384e+10,1.40013e+11
5.24298e+07,613079,8.94329e+06,-5.41886e+10,1.39878e+11
5.24361e+07,614130,8.94483e+06,-5.45385e+10,1.39742e+11
5.24424e+07,615179,8.94637e+06,-5.4888e+10,1.39605e+11
5.24487e+07,616228,8.94791e+06,-5.52372e+10,1.39467e+11
5.2455e+07,617275,8.94945e+06,-5.55861e+10,1.39329e+11
5.24614e+07,618321,8.951e+06,-5.59346e+10,1.39189e+11
5.24677e+07,619367,8.95254e+06,-5.62827e+10,1.39049e+11
5.2474e+07,620411,8.9541e+06,-5.66305e+10,1.38907e+11
5.24803e+07,621454,8.95565e+06,-5.6978e+10,1.38765e+11
5.24866e+07,622496,8.95721e+06,-5.7325e+10,1.38622e+11
5.24929e+07,623537,8.95877e+06,-5.76718e+10,1.38478e+11
5.24992e+07,624577,8.96033e+06,-5.80181e+10,1.38333e+11
5.25055e+07,625616,8.96189e+06,-5.83641e+10,1.38188e+11
5.25118e+07,626654,8.96346e+06,-5.87098e+10,1.38041e+11
5.25182e+07,627691,8.96503e+06,-5.90551e+10,1.37894e+11
5.25245e+07,628726,8.9666e+06,-5.94e+10,1.37746e+11
5.25308e+07,629761,8.96818e+06,-5.97445e+10,1.37597e+11
5.25371e+07,630794,8.96975e+06,-6.00886e+10,1.37447e+11
5.25434e+07,631826,8.97133e+06,-6.04324e+10,1.37296e+11
5.25497e+07,632857,8.97292e+06,-6.07758e+10,1.37144e+11
5.2556e+07,633887,8.9745e+06,-6.11188e+10,1.36992e+11
5.25623e+07,634916,8.97609e+06,-6.14615e+10,1.36838e+11
5.25687e+07,635944,8.97768e+06,-6.18037e+10,1.36684e+11
5.2575e+07,636970,8.97927e+06,-6.21456e+10,1.36529e+11
5.25813e+07,637995,8.98087e+06,-6.2487e+10,1.36373e+11
5.25876e+07,639019,8.98247e+06,-6.28281e+10,1.36216e+11
5.25939e+07,640042,8.98407e+06,-6.31688e+10,1.36058e+11
5.26002e+07,641064,8.98567e+06,-6.35091e+10,1.359e+11
5.26065e+07,642085,8.98727e+06,-6.3849e+10,1.35741e+11
5.26128e+07,643104,8.98888e+06,-6.41885e+10,1.3558e+11
5.26191e+07,644122,8.99049e+06,-6.45276e+10,1.35419e+11
5.26255e+07,645139,8.99211e+06,-6.48663e+10,1.35257e+11
5.26318e+07,646155,8.99372e+06,-6.52046e+10,1.35095e+11
5.26381e+07,647169,8.99534e+06,-6.55424e+10,1.34931e+11
5.26444e+07,648182,8.99696e+06,-6.58799e+10,1.34766e+11
5.26507e+07,649194,8.99859e+06,-6.6217e+10,1.34601e+11
5.2657e+07,650205,9.00021e+06,-6.65536e+10,1.34435e+11
5.26633e+07,651215,9.00184e+06,-6.68898e+10,1.34268e+11
5.26696e+07,652223,9.00347e+06,-6.72256e+10,1.341e+11
5.26759e+07,653230,9.0051e+06,-6.7561e+10,1.33932e+11
5.26823e+07,654236,9.00674e+06,-6.78959e+10,1.33762e+11
5.26886e+07,655240,9.00838e+06,-6.82305e+10,1.33592e+11
5.26949e+07,656243,9.01002e+06,-6.85646e+10,1.33421e+11
5.27012e+07,657245,9.01166e+06,-6.88983e+10,1.33248e+11
5.27075e+07,658246,9.01331e+06,-6.92315e+10,1.33076e+11
5.27138e+07,659245,9.01496e+06,-6.95643e+10,1.32902e+11
5.27201e+07,660243,9.01661e+06,-6.98967e+10,1.32727e+11
5.27264e+07,661239,9.01826e+06,-7.02286e+10,1.32552e+11
5.27327e+07,662235,9.01992e+06,-7.05601e+10,1.32376e+11
5.27391e+07,663229,9.02158e+06,-7.08912e+10,1.32199e+11
5.27454e+07,664221,9.02324e+06,-7.12218e+10,1.32021e+11
5.27517e+07,665213,9.0249e+06,-7.15519e+10,1.31842e+11
5.2758e+07,666203,9.02657e+06,-7.18816e+10,1.31663e+11
5.27643e+07,667191,9.02824e+06,-7.22109e+10,1.31483e+11
5.27706e+07,668179,9.02991e+06,-7.25397e+10,1.31301e+11
5.27769e+07,669165,9.03158e+06,-7.28681e+10,1.3112e+11
5.27832e+07,670149,9.03326e+06,-7.3196e+10,1.30937e+11
5.27896e+07,671132,9.03494e+06,-7.35234e+10,1.30753e+11
5.27959e+07,672114,9.03662e+06,-7.38504e+10,1.30569e+11
5.28022e+07,673094,9.0383e+06,-7.41769e+10,1.30383e+11
5.28085e+07,674073,9.03999e+06,-7.4503e+10,1.30197e+11
5.28148e+07,675051,9.04167e+06,-7.48286e+10,1.30011e+11
5.28211e+07,676027,9.04337e+06,-7.51537e+10,1.29823e+11
5.28274e+07,677002,9.04506e+06,-7.54783e+10,1.29634e+11
5.28337e+07,677975,9.04675e+06,-7.58025e+10,1.29445e+11
5.284e+07,678947,9.04845e+06,-7.61262e+10,1.29255e+11
5.28464e+07,679918,9.05015e+06,-7.64495e+10,1.29064e+11
5.28527e+07,680887,9.05186e+06,-7.67722e+10,1.28872e+11
5.2859e+07,681854,9.05356e+06,-7.70945e+10,1.2868e+11
5.28653e+07,682820,9.05527e+06,-7.74162e+10,1.28486e+11
5.28716e+07,683785,9.05698e+06,-7.77375e+10,1.28292e+11
5.28779e+07,684748,9.05869e+06,-7.80584e+10,1.28097e+11
5.28842e+07,685710,9.06041e+06,-7.83787e+10,1.27902e+11
5.28905e+07,686670,9.06212e+06,-7.86985e+10,1.27705e+11
5.28968e+07,687629,9.06384e+06,-7.90178e+10,1.27508e+11
5.29032e+07,688587,9.06557e+06,-7.93367e+10,1.27309e+11
5.29095e+07,689542,9.06729e+06,-7.9655e+10,1.27111e+11
5.29158e+07,690497,9.06902e+06,-7.99729e+10,1.26911e+11
5.29221e+07,691450,9.07075e+06,-8.02902e+10,1.2671e+11
5.29284e+07,692401,9.07248e+06,-8.06071e+10,1.26509e+11
5.29347e+07,693351,9.07421e+06,-8.09234e+10,1.26307e+11
5.2941e+07,694299,9.07595e+06,-8.12392e+10,1.26104e+11
5.29473e+07,695246,9.07769e+06,-8.15546e+10,1.259e+11
5.29537e+07,696191,9.07943e+06,-8.18694e+10,1.25696e+11
5.296e+07,697135,9.08117e+06,-8.21837e+10,1.2549e+11
5.29663e+07,698077,9.08292e+06,-8.24975e+10,1.25284e+11
5.29726e+07,699017,9.08467e+06,-8.28107e+10,1.25077e+11
5.29789e+07,699956,9.08642e+06,-8.31235e+10,1.2487e+11
5.29852e+07,700894,9.08817e+06,-8.34357e+10,1.24661e+11
5.29915e+07,701830,9.08992e+06,-8.37474e+10,1.24452e+11
5.29978e+07,702764,9.09168e+06,-8.40586e+10,1.24242e+11
5.30041e+07,703697,9.09344e+06,-8.43692e+10,1.24031e+11
5.30105e+07,704628,9.0952e+06,-8.46794e+10,1.2382e+11
5.30168e+07,705558,9.09697e+06,-8.4989e+10,1.23607e+11
5.30231e+07,706486,9.09874e+06,-8.5298e+10,1.23394e+11
5.30294e+07,707412,9.10051e+06,-8.56066e+10,1.23181e+11
5.30357e+07,708337,9.10228e+06,-8.59146e+10,1.22966e+11
5.3042e+07,709260,9.10405e+06,-8.6222e+10,1.2275e+11
5.30483e+07,710181,9.10583e+06,-8.65289e+10,1.22534e+11
5.30546e+07,711101,9.10761e+06,-8.68353e+10,1.22317e+11
5.30609e+07,712020,9.10939e+06,-8.71411e+10,1.221e+11
5.30673e+07,712936,9.11117e+06,-8.74464e+10,1.21881e+11
5.30736e+07,713851,9.11295e+06,-8.77511e+10,1.21662e+11
5.30799e+07,714764,9.11474e+06,-8.80553e+10,1.21442e+11
5.30862e+07,715676,9.11653e+06,-8.8359e+10,1.21221e+11
5.30925e+07,716586,9.11832e+06,-8.8662e+10,1.21e+11
5.30988e+07,717494,9.12012e+06,-8.89646e+10,1.20777e+11
5.31051e+07,718401,9.12192e+06,-8.92665e+10,1.20554e+11
5.31114e+07,719306,9.12372e+06,-8.9568e+10,1.20331e+11
5.31178e+07,720209,9.12552e+06,-8.98688e+10,1.20106e+11
5.31241e+07,721111,9.12732e+06,-9.01691e+10,1.19881e+11
5.31304e+07,722011,9.12913e+06,-9.04688e+10,1.19655e+11
5.31367e+07,722909,9.13093e+06,-9.0768e+10,1.19428e+11
5.3143e+07,723806,9.13274e+06,-9.10665e+10,1.192e+11
5.31493e+07,724700,9.13456e+06,-9.13646e+10,1.18972e+11
5.31556e+07,725593,9.13637e+06,-9.1662e+10,1.18743e+11
5.31619e+07,726485,9.13819e+06,-9.19589e+10,1.18513e+11
5.31682e+07,727374,9.14001e+06,-9.22552e+10,1.18283e+11
5.31746e+07,728262,9.14183e+06,-9.25509e+10,1.18052e+11
5.31809e+07,729149,9.14365e+06,-9.2846e+10,1.1782e+11
5.31872e+07,730033,9.14548e+06,-9.31406e+10,1.17587e+11
5.31935e+07,730916,9.14731e+06,-9.34345e+10,1.17353e+11
5.31998e+07,731796,9.14914e+06,-9.37279e+10,1.17119e+11
5.32061e+07,732676,9.15097e+06,-9.40207e+10,1.16884e+11
5.32124e+07,733553,9.15281e+06,-9.43129e+10,1.16648e+11
5.32187e+07,734429,9.15464e+06,-9.46045e+10,1.16412e+11
5.3225e+07,735302,9.15648e+06,-9.48956e+10,1.16175e+11
5.32314e+07,736174,9.15832e+06,-9.5186e+10,1.15937e+11
5.32377e+07,737045,9.16017e+06,-9.54758e+10,1.15698e+11
5.3244e+07,737913,9.16201e+06,-9.57651e+10,1.15459e+11
5.32503e+07,738780,9.16386e+06,-9.60537e+10,1.15219e+11
5.32566e+07,739644,9.16571e+06,-9.63417e+10,1.14978e+11
5.32629e+07,740508,9.16756e+06,-9.66292e+10,1.14737e+11
5.32692e+07,741369,9.16942e+06,-9.6916e+10,1.14495e+11
5.32755e+07,742228,9.17127e+06,-9.72022e+10,1.14252e+11
5.32819e+07,743086,9.17313e+06,-9.74878e+10,1.14008e+11
5.32882e+07,743941,9.17499e+06,-9.77728e+10,1.13764e+11
5.32945e+07,744795,9.17686e+06,-9.80572e+10,1.13519e+11
5.33008e+07,745647,9.17872e+06,-9.8341e+10,1.13273e+11
5.33071e+07,746497,9.18059e+06,-9.86241e+10,1.13027e+11
5.33134e+07,747346,9.18246e+06,-9.89067e+10,1.12779e+11
5.33197e+07,748192,9.18433e+06,-9.91886e+10,1.12531e+11
5.3326e+07,749037,9.1862e+06,-9.94699e+10,1.12283e+11
5.33323e+07,749880,9.18808e+06,-9.97506e+10,1.12034e+11
5.33387e+07,750720,9.18996e+06,-1.00031e+11,1.11784e+11
5.3345e+07,751559,9.19184e+06,-1.0031e+11,1.11533e+11
5.33513e+07,752397,9.19372e+06,-1.00589e+11,1.11281e+11
5.33576e+07,753232,9.1956e+06,-1.00867e+11,1.11029e+11
5.33639e+07,754065,9.19749e+06,-1.01145e+11,1.10777e+11
5.33702e+07,754896,9.19938e+06,-1.01421e+11,1.10523e+11
5.33765e+07,755726,9.20127e+06,-1.01698e+11,1.10269e+11
5.33828e+07,756553,9.20316e+06,-1.01973e+11,1.10014e+11
5.33891e+07,757379,9.20505e+06,-1.02248e+11,1.09759e+11
5.33955e+07,758203,9.20695e+06,-1.02523e+11,1.09502e+11
5.34018e+07,759025,9.20885e+06,-1.02796e+11,1.09245e+11
5.34081e+07,759845,9.21075e+06,-1.03069e+11,1.08988e+11
5.34144e+07,760662,9.21265e+06,-1.03342e+11,1.08729e+11
5.34207e+07,761478,9.21456e+06,-1.03614e+11,1.0847e+11
5.3427e+07,762293,9.21646e+06,-1.03885e+11,1.08211e+11
5.34333e+07,763105,9.21837e+06,-1.04155e+11,1.0795e+11
5.34396e+07,763915,9.22028e+06,-1.04425e+11,1.07689e+11
5.3446e+07,764723,9.2222e+06,-1.04694e+11,1.07428e+11
5.34523e+07,765529,9.22411e+06,-1.04963e+11,1.07165e+11
5.34586e+07,766333,9.22603e+06,-1.05231e+11,1.06902e+11
5.34649e+07,767136,9.22795e+06,-1.05498e+11,1.06639e+11
5.34712e+07,767936,9.22987e+06,-1.05764e+11,1.06374e+11
5.34775e+07,768734,9.23179e+06,-1.0603e+11,1.06109e+11
5.34838e+07,769530,9.23371e+06,-1.06295e+11,1.05844e+11
5.34901e+07,770325,9.23564e+06,-1.0656e+11,1.05577e+11
5.34964e+07,771117,9.23757e+06,-1.06824e+11,1.0531e+11
5.35028e+07,771907,9.2395e+06,-1.07087e+11,1.05043e+11
5.35091e+07,772696,9.24143e+06,-1.0735e+11,1.04774e+11
5.35154e+07,773482,9.24337e+06,-1.07611e+11,1.04505e+11
5.35217e+07,774266,9.24531e+06,-1.07873e+11,1.04236e+11
5.3528e+07,775048,9.24724e+06,-1.08133e+11,1.03965e+11
5.35343e+07,775828,9.24919e+06,-1.08393e+11,1.03694e+11
5.35406e+07,776606,9.25113e+06,-1.08652e+11,1.03423e+11
5.35469e+07,777382,9.25307e+06,-1.08911e+11,1.0315e+11
5.35532e+07,778156,9.25502e+06,-1.09168e+11,1.02878e+11
5.35596e+07,778928,9.25697e+06,-1.09425e+11,1.02604e+11
5.35659e+07,779698,9.25892e+06,-1.09682e+11,1.0233e+11
5.35722e+07,780466,9.26087e+06,-1.09938e+11,1.02055e+11
5.35785e+07,781232,9.26282e+06,-1.10193e+11,1.0178e+11
5.35848e+07,781996,9.26478e+06,-1.10447e+11,1.01503e+11
5.35911e+07,782757,9.26674e+06,-1.10701e+11,1.01227e+11
5.35974e+07,783517,9.2687e+06,-1.10954e+11,1.00949e+11
5.36037e+07,784274,9.27066e+06,-1.11206e+11,1.00671e+11
5.36101e+07,785030,9.27262e+06,-1.11457e+11,1.00393e+11
5.36164e+07,785783,9.27459e+06,-1.11708e+11,1.00113e+11
5.36227e+07,786534,9.27656e+06,-1.11959e+11,9.98336e+10
5.3629e+07,787283,9.27853e+06,-1.12208e+11,9.95531e+10
5.36353e+07,788030,9.2805e+06,-1.12457e+11,9.92719e+10
5.36416e+07,788775,9.28247e+06,-1.12705e+11,9.89902e+10
5.36479e+07,789518,9.28445e+06,-1.12952e+11,9.87078e+10
5.36542e+07,790258,9.28642e+06,-1.13199e+11,9.84248e+10
5.36605e+07,790997,9.2884e+06,-1.13445e+11,9.81412e+10
5.36669e+07,791733,9.29038e+06,-1.1369e+11,9.7857e+10
5.36732e+07,792467,9.29236e+06,-1.13935e+11,9.75721e+10
5.36795e+07,793199,9.29435e+06,-1.14178e+11,9.72867e+10
5.36858e+07,793929,9.29634e+06,-1.14422e+11,9.70006e+10
5.36921e+07,794657,9.29832e+06,-1.14664e+11,9.67139e+10
5.36984e+07,795383,9.30031e+06,-1.14906e+11,9.64267e+10
5.37047e+07,796106,9.3023e+06,-1.15147e+11,9.61388e+10
5.3711e+07,796827,9.3043e+06,-1.15387e+11,9.58503e+10
5.37173e+07,797546,9.30629e+06,-1.15626e+11,9.55612e+10
5.37237e+07,798263,9.30829e+06,-1.15865e+11,9.52715e+10
5.373e+07,798978,9.31029e+06,-1.16103e+11,9.49813e+10
5.37363e+07,799691,9.31229e+06,-1.1634e+11,9.46904e+10
5.37426e+07,800401,9.31429e+06,-1.16577e+11,9.43989e+10
5.37489e+07,801109,9.3163e+06,-1.16813e+11,9.41069e+10
5.37552e+07,801815,9.3183e+06,-1.17048e+11,9.38142e+10
5.37615e+07,802519,9.32031e+06,-1.17282e+11,9.3521e+10
5.37678e+07,803221,9.32232e+06,-1.17516e+11,9.32272e+10
5.37742e+07,803920,9.32433e+06,-1.17749e+11,9.29328e+10
5.37805e+07,804617,9.32634e+06,-1.17981e+11,9.26378e+10
5.37868e+07,805312,9.32836e+06,-1.18213e+11,9.23422e+10
5.37931e+07,806005,9.33037e+06,-1.18443e+11,9.20461e+10
5.37994e+07,806695,9.33239e+06,-1.18673e+11,9.17494e+10
5.38057e+07,807384,9.33441e+06,-1.18903e+11,9.14521e+10
5.3812e+07,808070,9.33643e+06,-1.19131e+11,9.11542e+10
5.38183e+07,808753,9.33846e+06,-1.19359e+11,9.08558e+10
5.38246e+07,809435,9.34048e+06,-1.19586e+11,9.05568e+10
5.3831e+07,810114,9.34251e+06,-1.19812e+11,9.02572e+10
5.38373e+07,810791,9.34454e+06,-1.20037e+11,8.99571e+10
5.38436e+07,811466,9.34657e+06,-1.20262e+11,8.96564e+10
5.38499e+07,812138,9.3486e+06,-1.20486e+11,8.93551e+10
5.38562e+07,812809,9.35063e+06,-1.20709e+11,8.90533e+10
5.38625e+07,813477,9.35267e+06,-1.20932e+11,8.87509e+10
5.38688e+07,814142,9.3547e+06,-1.21154e+11,8.8448e+10
5.38751e+07,814806,9.35674e+06,-1.21375e+11,8.81445e+10
5.38814e+07,815467,9.35878e+06,-1.21595e+11,8.78404e+10
5.38878e+07,816126,9.36082e+06,-1.21814e+11,8.75358e+10
5.38941e+07,816782,9.36287e+06,-1.22033e+11,8.72307e+10
5.39004e+07,817437,9.36491e+06,-1.22251e+11,8.6925e+10
5.39067e+07,818089,9.36696e+06,-1.22468e+11,8.66188e+10
5.3913e+07,818738,9.36901e+06,-1.22684e+11,8.6312e+10
5.39193e+07,819386,9.37106e+06,-1.229e+11,8.60047e+10
5.39256e+07,820031,9.37311e+06,-1.23115e+11,8.56968e+10
5.39319e+07,820673,9.37516e+06,-1.23329e+11,8.53884e+10
5.39382e+07,821314,9.37721e+06,-1.23542e+11,8.50795e+10
5.39446e+07,821952,9.37927e+06,-1.23755e+11,8.47701e+10
5.39509e+07,822588,9.38133e+06,-1.23966e+11,8.44601e+10
5.39572e+07,823221,9.38339e+06,-1.24177e+11,8.41496e+10
5.39635e+07,823852,9.38545e+06,-1.24387e+11,8.38385e+10
5.39698e+07,824481,9.38751e+06,-1.24597e+11,8.35269e+10
5.39761e+07,825107,9.38958e+06,-1.24806e+11,8.32149e+10
5.39824e+07,825731,9.39164e+06,-1.25013e+11,8.29022e+10
5.39887e+07,826353,9.39371e+06,-1.2522e+11,8.25891e+10
5.39951e+07,826973,9.39578e+06,-1.25427e+11,8.22755e+10
5.40014e+07,827590,9.39785e+06,-1.25632e+11,8.19613e+10
5.40077e+07,828204,9.39992e+06,-1.25837e+11,8.16466e+10
5.4014e+07,828816,9.40199e+06,-1.26041e+11,8.13314e+10
5.40203e+07,829426,9.40407e+06,-1.26244e+11,8.10157e+10
5.40266e+07,830034,9.40615e+06,-1.26446e+11,8.06995e+10
5.40329e+07,830639,9.40822e+06,-1.26648e+11,8.03828e+10
5.40392e+07,831242,9.4103e+06,-1.26849e+11,8.00656e+10
5.40455e+07,831842,9.41238e+06,-1.27049e+11,7.97479e+10
5.40519e+07,832440,9.41447e+06,-1.27248e+11,7.94297e+10
5.40582e+07,833036,9.41655e+06,-1.27446e+11,7.91109e+10
5.40645e+07,833629,9.41864e+06,-1.27644e+11,7.87917e+10
5.40708e+07,834220,9.42072e+06,-1.2784e+11,7.8472e+10
5.40771e+07,834808,9.42281e+06,-1.28036e+11,7.81518e+10
5.40834e+07,835394,9.4249e+06,-1.28232e+11,7.78312e+10
5.40897e+07,835978,9.42699e+06,-1.28426e+11,7.751e+10
5.4096e+07,836559,9.42909e+06,-1.28619e+11,7.71883e+10
5.41023e+07,837138,9.43118e+06,-1.28812e+11,7.68662e+10
5.41087e+07,837714,9.43328e+06,-1.29004e+11,7.65436e+10
5.4115e+07,838288,9.43537e+06,-1.29195e+11,7.62205e+10
5.41213e+07,838859,9.43747e+06,-1.29386e+11,7.58969e+10
5.41276e+07,839428,9.43957e+06,-1.29575e+11,7.55728e+10
5.41339e+07,839995,9.44167e+06,-1.29764e+11,7.52483e+10
5.41402e+07,840559,9.44378e+06,-1.29952e+11,7.49233e+10
5.41465e+07,841121,9.44588e+06,-1.30139e+11,7.45978e+10
5.41528e+07,841680,9.44799e+06,-1.30325e+11,7.42719e+10
5.41592e+07,842237,9.45009e+06,-1.30511e+11,7.39455e+10
5.41655e+07,842791,9.4522e+06,-1.30695e+11,7.36186e+10
5.41718e+07,843343,9.45431e+06,-1.30879e+11,7.32913e+10
5.41781e+07,843893,9.45642e+06,-1.31062e+11,7.29635e+10
5.41844e+07,844440,9.45854e+06,-1.31244e+11,7.26353e+10
5.41907e+07,844984,9.46065e+06,-1.31426e+11,7.23066e+10
5.4197e+07,845526,9.46277e+06,-1.31606e+11,7.19775e+10
5.42033e+07,846066,9.46488e+06,-1.31786e+11,7.16479e+10
5.42096e+07,846603,9.467e+06,-1.31965e+11,7.13178e+10
5.4216e+07,847137,9.46912e+06,-1.32143e+11,7.09873e+10
5.42223e+07,847669,9.47124e+06,-1.3232e+11,7.06564e+10
5.42286e+07,848199,9.47336e+06,-1.32496e+11,7.0325e+10
5.42349e+07,848726,9.47549e+06,-1.32672e+11,6.99932e+10
5.42412e+07,849251,9.47761e+06,-1.32847e+11,6.96609e+10
5.42475e+07,849773,9.47974e+06,-1.3302e+11,6.93282e+10
5.42538e+07,850293,9.48187e+06,-1.33194e+11,6.89951e+10
5.42601e+07,850810,9.48399e+06,-1.33366e+11,6.86615e+10
5.42664e+07,851324,9.48612e+06,-1.33537e+11,6.83275e+10
5.42728e+07,851836,9.48826e+06,-1.33708e+11,6.79931e+10
5.42791e+07,852346,9.49039e+06,-1.33877e+11,6.76583e+10
5.42854e+07,852853,9.49252e+06,-1.34046e+11,6.7323e+10
5.42917e+07,853358,9.49466e+06,-1.34214e+11,6.69873e+10
5.4298e+07,853860,9.49679e+06,-1.34382e+11,6.66512e+10
5.43043e+07,854359,9.49893e+06,-1.34548e+11,6.63147e+10
5.43106e+07,854856,9.50107e+06,-1.34713e+11,6.59777e+10
5.43169e+07,855351,9.50321e+06,-1.34878e+11,6.56404e+10
5.43233e+07,855843,9.50535e+06,-1.35042e+11,6.53026e+10
5.43296e+07,856332,9.50749e+06,-1.35205e+11,6.49644e+10
5.43359e+07,856819,9.50964e+06,-1.35367e+11,6.46258e+10
5.43422e+07,857303,9.51178e+06,-1.35528e+11,6.42869e+10
5.43485e+07,857785,9.51393e+06,-1.35689e+11,6.39475e+10
5.43548e+07,858264,9.51608e+06,-1.35848e+11,6.36077e+10
5.43611e+07,858741,9.51822e+06,-1.36007e+11,6.32675e+10
5.43674e+07,859215,9.52037e+06,-1.36165e+11,6.29269e+10
5.43737e+07,859686,9.52253e+06,-1.36322e+11,6.25859e+10
5.43801e+07,860155,9.52468e+06,-1.36478e+11,6.22445e+10
5.43864e+07,860621,9.52683e+06,-1.36634e+11,6.19028e+10
5.43927e+07,861085,9.52899e+06,-1.36788e+11,6.15606e+10
5.4399e+07,861547,9.53114e+06,-1.36942e+11,6.12181e+10
5.44053e+07,862005,9.5333e+06,-1.37094e+11,6.08752e+10
5.44116e+07,862461,9.53546e+06,-1.37246e+11,6.05319e+10
5.44179e+07,862915,9.53761e+06,-1.37397e+11,6.01882e+10
5.44242e+07,863366,9.53977e+06,-1.37548e+11,5.98442e+10
5.44305e+07,863814,9.54194e+06,-1.37697e+11,5.94997e+10
5.44369e+07,864260,9.5441e+06,-1.37845e+11,5.91549e+10
5.44432e+07,864703,9.54626e+06,-1.37993e+11,5.88097e+10
5.44495e+07,865143,9.54843e+06,-1.3814e+11,5.84642e+10
5.44558e+07,865581,9.55059e+06,-1.38286e+11,5.81183e+10
5.44621e+07,866017,9.55276e+06,-1.38431e+11,5.7772e+10
5.44684e+07,866449,9.55493e+06,-1.38575e+11,5.74254e+10
5.44747e+07,866880,9.5571e+06,-1.38718e+11,5.70784e+10
5.4481e+07,867307,9.55927e+06,-1.3886e+11,5.6731e+10
5.44874e+07,867732,9.56144e+06,-1.39002e+11,5.63833e+10
5.44937e+07,868154,9.56361e+06,-1.39143e+11,5.60353e+10
5.45e+07,868574,9.56578e+06,-1.39282e+11,5.56869e+10
5.45063e+07,868991,9.56796e+06,-1.39421e+11,5.53381e+10
5.45126e+07,869406,9.57013e+06,-1.39559e+11,5.4989e+10
5.45189e+07,869817,9.57231e+06,-1.39696e+11,5.46396e+10
5.45252e+07,870227,9.57449e+06,-1.39833e+11,5.42898e+10
5.45315e+07,870633,9.57666e+06,-1.39968e+11,5.39396e+10
5.45378e+07,871037,9.57884e+06,-1.40103e+11,5.35892e+10
5.45442e+07,871438,9.58102e+06,-1.40236e+11,5.32384e+10
5.45505e+07,871837,9.58321e+06,-1.40369e+11,5.28872e+10
5.45568e+07,872233,9.58539e+06,-1.40501e+11,5.25358e+10
5.45631e+07,872626,9.58757e+06,-1.40632e+11,5.2184e+10
5.45694e+07,873017,9.58976e+06,-1.40762e+11,5.18318e+10
5.45757e+07,873405,9.59194e+06,-1.40891e+11,5.14794e+10
5.4582e+07,873791,9.59413e+06,-1.4102e+11,5.11266e+10
5.45883e+07,874174,9.59632e+06,-1.41147e+11,5.07735e+10
5.45946e+07,874554,9.5985e+06,-1.41274e+11,5.04201e+10
5.4601e+07,874931,9.60069e+06,-1.414e+11,5.00664e+10
5.46073e+07,875306,9.60288e+06,-1.41524e+11,4.97123e+10
5.46136e+07,875678,9.60507e+06,-1.41648e+11,4.9358e+10
5.46199e+07,876048,9.60727e+06,-1.41771e+11,4.90033e+10
5.46262e+07,876414,9.60946e+06,-1.41894e+11,4.86484e+10
5.46325e+07,876779,9.61165e+06,-1.42015e+11,4.82931e+10
5.46388e+07,877140,9.61385e+06,-1.42135e+11,4.79375e+10
5.46451e+07,877499,9.61604e+06,-1.42255e+11,4.75816e+10
5.46515e+07,877855,9.61824e+06,-1.42373e+11,4.72255e+10
5.46578e+07,878208,9.62044e+06,-1.42491e+11,4.6869e+10
5.46641e+07,878559,9.62264e+06,-1.42608e+11,4.65122e+10
5.46704e+07,878907,9.62484e+06,-1.42724e+11,4.61552e+10
5.46767e+07,879253,9.62704e+06,-1.42839e+11,4.57978e+10
5.4683e+07,879596,9.62924e+06,-1.42953e+11,4.54402e+10
5.46893e+07,879936,9.63144e+06,-1.43066e+11,4.50823e+10
5.46956e+07,880273,9.63364e+06,-1.43179e+11,4.47241e+10
5.47019e+07,880608,9.63584e+06,-1.4329e+11,4.43656e+10
5.47083e+07,880940,9.63805e+06,-1.43401e+11,4.40069e+10
5.47146e+07,881269,9.64025e+06,-1.4351e+11,4.36478e+10
5.47209e+07,881595,9.64246e+06,-1.43619e+11,4.32885e+10
5.47272e+07,881919,9.64467e+06,-1.43727e+11,4.2929e+10
5.47335e+07,882240,9.64687e+06,-1.43834e+11,4.25691e+10
5.47398e+07,882559,9.64908e+06,-1.4394e+11,4.2209e+10
5.47461e+07,882875,9.65129e+06,-1.44045e+11,4.18486e+10
5.47524e+07,883188,9.6535e+06,-1.44149e+11,4.1488e+10
5.47587e+07,883498,9.65571e+06,-1.44253e+11,4.11271e+10
5.47651e+07,883806,9.65792e+06,-1.44355e+11,4.0766e+10
5.47714e+07,884110,9.66014e+06,-1.44457e+11,4.04046e+10
5.47777e+07,884413,9.66235e+06,-1.44557e+11,4.00429e+10
5.4784e+07,884712,9.66456e+06,-1.44657e+11,3.9681e+10
5.47903e+07,885009,9.66678e+06,-1.44756e+11,3.93188e+10
5.47966e+07,885303,9.66899e+06,-1.44854e+11,3.89564e+10
5.48029e+07,885594,9.67121e+06,-1.44951e+11,3.85938e+10
5.48092e+07,885883,9.67343e+06,-1.45047e+11,3.82309e+10
5.48156e+07,886169,9.67564e+06,-1.45142e+11,3.78677e+10
5.48219e+07,886452,9.67786e+06,-1.45237e+11,3.75044e+10
5.48282e+07,886732,9.68008e+06,-1.4533e+11,3.71408e+10
5.48345e+07,887010,9.6823e+06,-1.45422e+11,3.67769e+10
5.48408e+07,887285,9.68452e+06,-1.45514e+11,3.64129e+10
5.48471e+07,887557,9.68674e+06,-1.45605e+11,3.60486e+10
5.48534e+07,887826,9.68896e+06,-1.45694e+11,3.56841e+10
5.48597e+07,888093,9.69118e+06,-1.45783e+11,3.53193e+10
5.4866e+07,888357,9.69341e+06,-1.45871e+11,3.49543e+10
5.48724e+07,888618,9.69563e+06,-1.45958e+11,3.45892e+10
5.48787e+07,888877,9.69786e+06,-1.46044e+11,3.42238e+10
5.4885e+07,889132,9.70008e+06,-1.46129e+11,3.38581e+10
5.48913e+07,889385,9.70231e+06,-1.46214e+11,3.34923e+10
5.48976e+07,889636,9.70453e+06,-1.46297e+11,3.31263e+10
5.49039e+07,889883,9.70676e+06,-1.46379e+11,3.276e+10
5.49102e+07,890128,9.70899e+06,-1.46461e+11,3.23936e+10
5.49165e+07,890370,9.71121e+06,-1.46541e+11,3.20269e+10
5.49228e+07,890609,9.71344e+06,-1.46621e+11,3.16601e+10
5.49292e+07,890845,9.71567e+06,-1.467e+11,3.1293e+10
5.49355e+07,891079,9.7179e+06,-1.46778e+11,3.09258e+10
5.49418e+07,891310,9.72013e+06,-1.46855e+11,3.05584e+10
5.49481e+07,891538,9.72236e+06,-1.46931e+11,3.01907e+10
5.49544e+07,891764,9.7246e+06,-1.47006e+11,2.98229e+10
5.49607e+07,891986,9.72683e+06,-1.4708e+11,2.94549e+10
5.4967e+07,892206,9.72906e+06,-1.47153e+11,2.90867e+10
5.49733e+07,892423,9.73129e+06,-1.47225e+11,2.87183e+10
5.49797e+07,892638,9.73353e+06,-1.47297e+11,2.83498e+10
5.4986e+07,892849,9.73576e+06,-1.47367e+11,2.7981e+10
5.49923e+07,893058,9.738e+06,-1.47437e+11,2.76121e+10
5.49986e+07,893264,9.74023e+06,-1.47505e+11,2.72431e+10
5.50049e+07,893467,9.74247e+06,-1.47573e+11,2.68738e+10
5.50112e+07,893668,9.7447e+06,-1.4764e+11,2.65044e+10
5.50175e+07,893865,9.74694e+06,-1.47706e+11,2.61348e+10
5.50238e+07,894060,9.74918e+06,-1.47771e+11,2.57651e+10
5.50301e+07,894253,9.75142e+06,-1.47835e+11,2.53952e+10
5.50365e+07,894442,9.75365e+06,-1.47898e+11,2.50251e+10
5.50428e+07,894628,9.75589e+06,-1.4796e+11,2.46549e+10
5.50491e+07,894812,9.75813e+06,-1.48021e+11,2.42845e+10
5.50554e+07,894993,9.76037e+06,-1.48081e+11,2.3914e+10
5.50617e+07,895172,9.76261e+06,-1.48141e+11,2.35433e+10
5.5068e+07,895347,9.76485e+06,-1.48199e+11,2.31724e+10
5.50743e+07,895520,9.76709e+06,-1.48257e+11,2.28015e+10
5.50806e+07,895690,9.76933e+06,-1.48313e+11,2.24304e+10
5.50869e+07,895857,9.77158e+06,-1.48369e+11,2.20591e+10
5.50933e+07,896021,9.77382e+06,-1.48424e+11,2.16877e+10
5.50996e+07,896182,9.77606e+06,-1.48477e+11,2.13162e+10
5.51059e+07,896341,9.7783e+06,-1.4853e+11,2.09445e+10
5.51122e+07,896497,9.78055e+06,-1.48582e+11,2.05727e+10
5.51185e+07,896650,9.78279e+06,-1.48633e+11,2.02008e+10
5.51248e+07,896800,9.78504e+06,-1.48683e+11,1.98287e+10
5.51311e+07,896948,9.78728e+06,-1.48732e+11,1.94566e+10
5.51374e+07,897093,9.78953e+06,-1.48781e+11,1.90843e+10
5.51438e+07,897235,9.79177e+06,-1.48828e+11,1.87119e+10
5.51501e+07,897374,9.79402e+06,-1.48874e+11,1.83393e+10
5.51564e+07,897510,9.79626e+06,-1.4892e+11,1.79667e+10
5.51627e+07,897644,9.79851e+06,-1.48964e+11,1.75939e+10
5.5169e+07,897774,9.80076e+06,-1.49008e+11,1.7221e+10
5.51753e+07,897902,9.803e+06,-1.4905e+11,1.68481e+10
5.51816e+07,898027,9.80525e+06,-1.49092e+11,1.6475e+10
5.51879e+07,898150,9.8075e+06,-1.49133e+11,1.61018e+10
5.51942e+07,898269,9.80975e+06,-1.49172e+11,1.57285e+10
5.52006e+07,898386,9.81199e+06,-1.49211e+11,1.53551e+10
5.52069e+07,898500,9.81424e+06,-1.49249e+11,1.49816e+10
5.52132e+07,898611,9.81649e+06,-1.49286e+11,1.46081e+10
5.52195e+07,898719,9.81874e+06,-1.49322e+11,1.42344e+10
5.52258e+07,898825,9.82099e+06,-1.49357e+11,1.38606e+10
5.52321e+07,898927,9.82324e+06,-1.49392e+11,1.34868e+10
5.52384e+07,899027,9.82549e+06,-1.49425e+11,1.31129e+10
5.52447e+07,899124,9.82774e+06,-1.49457e+11,1.27389e+10
5.5251e+07,899219,9.82999e+06,-1.49489e+11,1.23648e+10
5.52574e+07,899310,9.83224e+06,-1.49519e+11,1.19906e+10
5.52637e+07,899399,9.83449e+06,-1.49549e+11,1.16164e+10
5.527e+07,899484,9.83674e+06,-1.49577e+11,1.12421e+10
5.52763e+07,899567,9.83899e+06,-1.49605e+11,1.08677e+10
5.52826e+07,899648,9.84124e+06,-1.49631e+11,1.04932e+10
5.52889e+07,899725,9.8435e+06,-1.49657e+11,1.01187e+10
5.52952e+07,899800,9.84575e+06,-1.49682e+11,9.74412e+09
5.53015e+07,899871,9.848e+06,-1.49706e+11,9.36948e+09
5.53078e+07,899940,9.85025e+06,-1.49729e+11,8.99478e+09
5.53142e+07,900006,9.8525e+06,-1.49751e+11,8.62002e+09
5.53205e+07,900070,9.85476e+06,-1.49772e+11,8.24521e+09
5.53268e+07,900130,9.85701e+06,-1.49792e+11,7.87035e+09
5.53331e+07,900188,9.85926e+06,-1.49811e+11,7.49544e+09
5.53394e+07,900243,9.86152e+06,-1.4983e+11,7.12048e+09
5.53457e+07,900295,9.86377e+06,-1.49847e+11,6.74547e+09
5.5352e+07,900344,9.86602e+06,-1.49863e+11,6.37043e+09
5.53583e+07,900390,9.86828e+06,-1.49879e+11,5.99534e+09
5.53647e+07,900434,9.87053e+06,-1.49893e+11,5.62022e+09
5.5371e+07,900475,9.87278e+06,-1.49907e+11,5.24506e+09
5.53773e+07,900513,9.87504e+06,-1.4992e+11,4.86987e+09
5.53836e+07,900548,9.87729e+06,-1.49931e+11,4.49465e+09
5.53899e+07,900580,9.87954e+06,-1.49942e+11,4.1194e+09
5.53962e+07,900609,9.8818e+06,-1.49952e+11,3.74412e+09
5.54025e+07,900636,9.88405e+06,-1.49961e+11,3.36882e+09
5.54088e+07,900660,9.88631e+06,-1.49969e+11,2.99351e+09
5.54151e+07,900681,9.88856e+06,-1.49976e+11,2.61817e+09
5.54215e+07,900699,9.89081e+06,-1.49982e+11,2.24281e+09
5.54278e+07,900714,9.89307e+06,-1.49987e+11,1.86744e+09
5.54341e+07,900727,9.89532e+06,-1.49991e+11,1.49206e+09
5.54404e+07,900737,9.89758e+06,-1.49994e+11,1.11667e+09
5.54467e+07,900744,9.89983e+06,-1.49996e+11,7.41277e+08
5.5453e+07,900748,9.90209e+06,-1.49998e+11,3.65876e+08
5.54593e+07,900749,9.90434e+06,-1.49998e+11,-9.52733e+06
5.54656e+07,900747,9.90659e+06,-1.49998e+11,-3.84931e+08
5.54719e+07,900743,9.90885e+06,-1.49996e+11,-7.60331e+08
5.54783e+07,900736,9.9111e+06,-1.49994e+11,-1.13573e+09
5.54846e+07,900726,9.91336e+06,-1.49991e+11,-1.51112e+09
5.54909e+07,900713,9.91561e+06,-1.49986e+11,-1.8865e+09
5.54972e+07,900697,9.91787e+06,-1.49981e+11,-2.26186e+09
5.55035e+07,900679,9.92012e+06,-1.49975e+11,-2.63722e+09
5.55098e+07,900658,9.92237e+06,-1.49968e+11,-3.01255e+09
5.55161e+07,900633,9.92463e+06,-1.4996e+11,-3.38787e+09
5.55224e+07,900606,9.92688e+06,-1.49951e+11,-3.76317e+09
5.55288e+07,900577,9.92914e+06,-1.49941e+11,-4.13844e+09
5.55351e+07,900544,9.93139e+06,-1.4993e+11,-4.51369e+09
5.55414e+07,900509,9.93364e+06,-1.49918e+11,-4.8889e+09
5.55477e+07,900470,9.9359e+06,-1.49906e+11,-5.26409e+09
5.5554e+07,900429,9.93815e+06,-1.49892e+11,-5.63925e+09
5.55603e+07,900386,9.9404e+06,-1.49877e+11,-6.01437e+09
5.55666e+07,900339,9.94266e+06,-1.49862e+11,-6.38945e+09
5.55729e+07,900289,9.94491e+06,-1.49845e+11,-6.76449e+09
5.55792e+07,900237,9.94716e+06,-1.49828e+11,-7.13949e+09
5.55856e+07,900182,9.94942e+06,-1.49809e+11,-7.51444e+09
5.55919e+07,900124,9.95167e+06,-1.4979e+11,-7.88935e+09
5.55982e+07,900063,9.95392e+06,-1.4977e+11,-8.26421e+09
5.56045e+07,900000,9.95617e+06,-1.49749e+11,-8.63901e+09
5.56108e+07,899933,9.95843e+06,-1.49727e+11,-9.01376e+09
5.56171e+07,899864,9.96068e+06,-1.49704e+11,-9.38846e+09
5.56234e+07,899792,9.96293e+06,-1.4968e+11,-9.76309e+09
5.56297e+07,899717,9.96518e+06,-1.49655e+11,-1.01377e+10
5.5636e+07,899640,9.96743e+06,-1.49629e+11,-1.05122e+10
5.56424e+07,899559,9.96969e+06,-1.49602e+11,-1.08866e+10
5.56487e+07,899476,9.97194e+06,-1.49574e+11,-1.1261e+10
5.5655e+07,899390,9.97419e+06,-1.49546e+11,-1.16353e+10
5.56613e+07,899301,9.97644e+06,-1.49516e+11,-1.20095e+10
5.56676e+07,899209,9.97869e+06,-1.49485e+11,-1.23837e+10
5.56739e+07,899114,9.98094e+06,-1.49454e+11,-1.27578e+10
5.56802e+07,899017,9.98319e+06,-1.49421e+11,-1.31318e+10
5.56865e+07,898917,9.98544e+06,-1.49388e+11,-1.35057e+10
5.56929e+07,898814,9.98769e+06,-1.49354e+11,-1.38795e+10
5.56992e+07,898708,9.98994e+06,-1.49319e+11,-1.42533e+10
5.57055e+07,898600,9.99219e+06,-1.49282e+11,-1.46269e+10
5.57118e+07,898488,9.99444e+06,-1.49245e+11,-1.50005e+10
5.57181e+07,898374,9.99669e+06,-1.49207e+11,-1.5374e+10
5.57244e+07,898257,9.99893e+06,-1.49168e+11,-1.57474e+10
5.57307e+07,898137,1.00012e+07,-1.49128e+11,-1.61206e+10
5.5737e+07,898015,1.00034e+07,-1.49088e+11,-1.64938e+10
5.57433e+07,897889,1.00057e+07,-1.49046e+11,-1.68669e+10
5.57497e+07,897761,1.00079e+07,-1.49003e+11,-1.72398e+10
5.5756e+07,897630,1.00102e+07,-1.48959e+11,-1.76127e+10
5.57623e+07,897496,1.00124e+07,-1.48915e+11,-1.79855e+10
5.57686e+07,897360,1.00147e+07,-1.48869e+11,-1.83581e+10
5.57749e+07,897220,1.00169e+07,-1.48823e+11,-1.87306e+10
5.57812e+07,897078,1.00192e+07,-1.48776e+11,-1.9103e+10
5.57875e+07,896933,1.00214e+07,-1.48727e+11,-1.94753e+10
5.57938e+07,896785,1.00236e+07,-1.48678e+11,-1.98475e+10
5.58001e+07,896634,1.00259e+07,-1.48628e+11,-2.02195e+10
5.58065e+07,896481,1.00281e+07,-1.48577e+11,-2.05914e+10
5.58128e+07,896325,1.00304e+07,-1.48525e+11,-2.09632e+10
5.58191e+07,896166,1.00326e+07,-1.48472e+11,-2.13348e+10
5.58254e+07,896004,1.00349e+07,-1.48418e+11,-2.17064e+10
5.58317e+07,895839,1.00371e+07,-1.48363e+11,-2.20777e+10
5.5838e+07,895672,1.00393e+07,-1.48307e+11,-2.2449e+10
5.58443e+07,895502,1.00416e+07,-1.48251e+11,-2.28201e+10
5.58506e+07,895329,1.00438e+07,-1.48193e+11,-2.3191e+10
5.5857e+07,895153,1.00461e+07,-1.48135e+11,-2.35618e+10
5.58633e+07,894975,1.00483e+07,-1.48075e+11,-2.39325e+10
5.58696e+07,894793,1.00505e+07,-1.48015e+11,-2.4303e+10
5.58759e+07,894609,1.00528e+07,-1.47953e+11,-2.46734e+10
5.58822e+07,894422,1.0055e+07,-1.47891e+11,-2.50436e+10
5.58885e+07,894233,1.00573e+07,-1.47828e+11,-2.54136e+10
5.58948e+07,894040,1.00595e+07,-1.47764e+11,-2.57835e+10
5.59011e+07,893845,1.00617e+07,-1.47699e+11,-2.61533e+10
5.59074e+07,893647,1.0064e+07,-1.47633e+11,-2.65228e+10
5.59138e+07,893446,1.00662e+07,-1.47566e+11,-2.68922e+10
5.59201e+07,893243,1.00684e+07,-1.47498e+11,-2.72615e+10
5.59264e+07,893036,1.00707e+07,-1.4743e+11,-2.76305e+10
5.59327e+07,892827,1.00729e+07,-1.4736e+11,-2.79994e+10
5.5939e+07,892616,1.00752e+07,-1.47289e+11,-2.83681e+10
5.59453e+07,892401,1.00774e+07,-1.47218e+11,-2.87367e+10
5.59516e+07,892184,1.00796e+07,-1.47146e+11,-2.9105e+10
5.59579e+07,891963,1.00819e+07,-1.47072e+11,-2.94732e+10
5.59642e+07,891740,1.00841e+07,-1.46998e+11,-2.98412e+10
5.59706e+07,891515,1.00863e+07,-1.46923e+11,-3.0209e+10
5.59769e+07,891286,1.00885e+07,-1.46847e+11,-3.05766e+10
5.59832e+07,891055,1.00908e+07,-1.4677e+11,-3.0944e+10
5.59895e+07,890821,1.0093e+07,-1.46692e+11,-3.13112e+10
5.59958e+07,890584,1.00952e+07,-1.46613e+11,-3.16783e+10
5.60021e+07,890345,1.00975e+07,-1.46533e+11,-3.20451e+10
5.60084e+07,890103,1.00997e+07,-1.46452e+11,-3.24117e+10
5.60147e+07,889858,1.01019e+07,-1.46371e+11,-3.27782e+10
5.60211e+07,889610,1.01041e+07,-1.46288e+11,-3.31444e+10
5.60274e+07,889359,1.01064e+07,-1.46205e+11,-3.35104e+10
5.60337e+07,889106,1.01086e+07,-1.46121e+11,-3.38762e+10
5.604e+07,888850,1.01108e+07,-1.46035e+11,-3.42418e+10
5.60463e+07,888591,1.0113e+07,-1.45949e+11,-3.46072e+10
5.60526e+07,888330,1.01153e+07,-1.45862e+11,-3.49723e+10
5.60589e+07,888066,1.01175e+07,-1.45774e+11,-3.53373e+10
5.60652e+07,887799,1.01197e+07,-1.45685e+11,-3.5702e+10
5.60715e+07,887529,1.01219e+07,-1.45595e+11,-3.60665e+10
5.60779e+07,887256,1.01242e+07,-1.45504e+11,-3.64308e+10
5.60842e+07,886981,1.01264e+07,-1.45413e+11,-3.67948e+10
5.60905e+07,886703,1.01286e+07,-1.4532e+11,-3.71586e+10
5.60968e+07,886423,1.01308e+07,-1.45227e+11,-3.75222e+10
5.61031e+07,886139,1.0133e+07,-1.45132e+11,-3.78855e+10
5.61094e+07,885853,1.01353e+07,-1.45037e+11,-3.82486e+10
5.61157e+07,885564,1.01375e+07,-1.44941e+11,-3.86115e+10
5.6122e+07,885273,1.01397e+07,-1.44844e+11,-3.89741e+10
5.61283e+07,884978,1.01419e+07,-1.44746e+11,-3.93365e+10
5.61347e+07,884681,1.01441e+07,-1.44647e+11,-3.96987e+10
5.6141e+07,884381,1.01463e+07,-1.44547e+11,-4.00605e+10
5.61473e+07,884079,1.01485e+07,-1.44446e+11,-4.04222e+10
5.61536e+07,883774,1.01508e+07,-1.44345e+11,-4.07836e+10
5.61599e+07,883466,1.0153e+07,-1.44242e+11,-4.11447e+10
5.61662e+07,883155,1.01552e+07,-1.44139e+11,-4.15055e+10
5.61725e+07,882842,1.01574e+07,-1.44034e+11,-4.18662e+10
5.61788e+07,882526,1.01596e+07,-1.43929e+11,-4.22265e+10
5.61852e+07,882207,1.01618e+07,-1.43823e+11,-4.25866e+10
5.61915e+07,881886,1.0164e+07,-1.43716e+11,-4.29464e+10
5.61978e+07,881562,1.01662e+07,-1.43608e+11,-4.33059e+10
5.62041e+07,881235,1.01684e+07,-1.43499e+11,-4.36652e+10
5.62104e+07,880905,1.01706e+07,-1.43389e+11,-4.40242e+10
5.62167e+07,880573,1.01728e+07,-1.43279e+11,-4.43829e+10
5.6223e+07,880238,1.0175e+07,-1.43167e+11,-4.47414e+10
5.62293e+07,879900,1.01772e+07,-1.43055e+11,-4.50996e+10
5.62356e+07,879560,1.01794e+07,-1.42941e+11,-4.54574e+10
5.6242e+07,879217,1.01816e+07,-1.42827e+11,-4.5815e+10
5.62483e+07,878871,1.01838e+07,-1.42712e+11,-4.61724e+10
5.62546e+07,878523,1.0186e+07,-1.42596e+11,-4.65294e+10
5.62609e+07,878172,1.01882e+07,-1.42479e+11,-4.68861e+10
5.62672e+07,877818,1.01904e+07,-1.42361e+11,-4.72425e+10
5.62735e+07,877462,1.01926e+07,-1.42242e+11,-4.75987e+10
5.62798e+07,877103,1.01948e+07,-1.42123e+11,-4.79545e+10
5.62861e+07,876741,1.0197e+07,-1.42002e+11,-4.83101e+10
5.62924e+07,876377,1.01992e+07,-1.41881e+11,-4.86653e+10
5.62988e+07,876009,1.02014e+07,-1.41759e+11,-4.90202e+10
5.63051e+07,875640,1.02036e+07,-1.41636e+11,-4.93749e+10
5.63114e+07,875267,1.02058e+07,-1.41511e+11,-4.97292e+10
5.63177e+07,874892,1.0208e+07,-1.41387e+11,-5.00832e+10
5.6324e+07,874514,1.02102e+07,-1.41261e+11,-5.04369e+10
5.63303e+07,874134,1.02124e+07,-1.41134e+11,-5.07903e+10
5.63366e+07,873751,1.02145e+07,-1.41006e+11,-5.11433e+10
5.63429e+07,873365,1.02167e+07,-1.40878e+11,-5.14961e+10
5.63493e+07,872977,1.02189e+07,-1.40749e+11,-5.18485e+10
5.63556e+07,872586,1.02211e+07,-1.40618e+11,-5.22006e+10
5.63619e+07,872192,1.02233e+07,-1.40487e+11,-5.25523e+10
5.63682e+07,871796,1.02255e+07,-1.40355e+11,-5.29038e+10
5.63745e+07,871397,1.02276e+07,-1.40222e+11,-5.32549e+10
5.63808e+07,870995,1.02298e+07,-1.40089e+11,-5.36057e+10
5.63871e+07,870591,1.0232e+07,-1.39954e+11,-5.39561e+10
5.63934e+07,870184,1.02342e+07,-1.39819e+11,-5.43062e+10
5.63997e+07,869775,1.02364e+07,-1.39682e+11,-5.46559e+10
5.64061e+07,869363,1.02385e+07,-1.39545e+11,-5.50054e+10
5.64124e+07,868948,1.02407e+07,-1.39407e+11,-5.53544e+10
5.64187e+07,868531,1.02429e+07,-1.39268e+11,-5.57032e+10
5.6425e+07,868111,1.02451e+07,-1.39128e+11,-5.60515e+10
5.64313e+07,867688,1.02472e+07,-1.38987e+11,-5.63995e+10
5.64376e+07,867263,1.02494e+07,-1.38846e+11,-5.67472e+10
5.64439e+07,866835,1.02516e+07,-1.38703e+11,-5.70945e+10
5.64502e+07,866405,1.02537e+07,-1.3856e+11,-5.74415e+10
5.64565e+07,865972,1.02559e+07,-1.38416e+11,-5.77881e+10
5.64629e+07,865536,1.02581e+07,-1.3827e+11,-5.81343e+10
5.64692e+07,865098,1.02602e+07,-1.38125e+11,-5.84802e+10
5.64755e+07,864657,1.02624e+07,-1.37978e+11,-5.88257e+10
5.64818e+07,864214,1.02646e+07,-1.3783e+11,-5.91708e+10
5.64881e+07,863768,1.02667e+07,-1.37682e+11,-5.95156e+10
5.64944e+07,863319,1.02689e+07,-1.37532e+11,-5.986e+10
5.65007e+07,862868,1.02711e+07,-1.37382e+11,-6.0204e+10
5.6507e+07,862414,1.02732e+07,-1.37231e+11,-6.05476e+10
5.65134e+07,861958,1.02754e+07,-1.37079e+11,-6.08909e+10
5.65197e+07,861499,1.02775e+07,-1.36926e+11,-6.12338e+10
5.6526e+07,861037,1.02797e+07,-1.36772e+11,-6.15763e+10
5.65323e+07,860573,1.02818e+07,-1.36618e+11,-6.19184e+10
5.65386e+07,860107,1.0284e+07,-1.36462e+11,-6.22601e+10
5.65449e+07,859637,1.02861e+07,-1.36306e+11,-6.26014e+10
5.65512e+07,859166,1.02883e+07,-1.36149e+11,-6.29424e+10
5.65575e+07,858691,1.02904e+07,-1.35991e+11,-6.32829e+10
5.65638e+07,858214,1.02926e+07,-1.35832e+11,-6.36231e+10
5.65702e+07,857735,1.02947e+07,-1.35672e+11,-6.39628e+10
5.65765e+07,857253,1.02969e+07,-1.35512e+11,-6.43022e+10
5.65828e+07,856768,1.0299e+07,-1.3535e+11,-6.46411e+10
5.65891e+07,856281,1.03012e+07,-1.35188e+11,-6.49796e+10
5.65954e+07,855792,1.03033e+07,-1.35025e+11,-6.53178e+10
5.66017e+07,855300,1.03055e+07,-1.34861e+11,-6.56555e+10
5.6608e+07,854805,1.03076e+07,-1.34696e+11,-6.59928e+10
5.66143e+07,854308,1.03097e+07,-1.34531e+11,-6.63297e+10
5.66206e+07,853808,1.03119e+07,-1.34364e+11,-6.66662e+10
5.6627e+07,853306,1.0314e+07,-1.34197e+11,-6.70023e+10
5.66333e+07,852801,1.03161e+07,-1.34029e+11,-6.73379e+10
5.66396e+07,852293,1.03183e+07,-1.3386e+11,-6.76731e+10
5.66459e+07,851784,1.03204e+07,-1.3369e+11,-6.80079e+10
5.66522e+07,851271,1.03225e+07,-1.33519e+11,-6.83423e+10
5.66585e+07,850756,1.03247e+07,-1.33348e+11,-6.86763e+10
5.66648e+07,850239,1.03268e+07,-1.33176e+11,-6.90098e+10
5.66711e+07,849719,1.03289e+07,-1.33003e+11,-6.93429e+10
5.66774e+07,849197,1.03311e+07,-1.32829e+11,-6.96755e+10
5.66838e+07,848672,1.03332e+07,-1.32654e+11,-7.00077e+10
5.66901e+07,848144,1.03353e+07,-1.32478e+11,-7.03395e+10
5.66964e+07,847614,1.03374e+07,-1.32302e+11,-7.06708e+10
5.67027e+07,847082,1.03395e+07,-1.32124e+11,-7.10017e+10
5.6709e+07,846547,1.03417e+07,-1.31946e+11,-7.13322e+10
5.67153e+07,846010,1.03438e+07,-1.31767e+11,-7.16622e+10
5.67216e+07,845470,1.03459e+07,-1.31587e+11,-7.19917e+10
5.67279e+07,844928,1.0348e+07,-1.31407e+11,-7.23208e+10
5.67343e+07,844383,1.03501e+07,-1.31225e+11,-7.26495e+10
5.67406e+07,843836,1.03522e+07,-1.31043e+11,-7.29777e+10
5.67469e+07,843286,1.03544e+07,-1.3086e+11,-7.33054e+10
5.67532e+07,842734,1.03565e+07,-1.30676e+11,-7.36327e+10
5.67595e+07,842179,1.03586e+07,-1.30491e+11,-7.39595e+10
5.67658e+07,841622,1.03607e+07,-1.30306e+11,-7.42859e+10
5.67721e+07,841063,1.03628e+07,-1.3012e+11,-7.46117e+10
5.67784e+07,840501,1.03649e+07,-1.29932e+11,-7.49372e+10
5.67847e+07,839936,1.0367e+07,-1.29744e+11,-7.52621e+10
5.67911e+07,839370,1.03691e+07,-1.29556e+11,-7.55866e+10
5.67974e+07,838800,1.03712e+07,-1.29366e+11,-7.59106e+10
5.68037e+07,838229,1.03733e+07,-1.29176e+11,-7.62341e+10
5.681e+07,837654,1.03754e+07,-1.28984e+11,-7.65572e+10
5.68163e+07,837078,1.03775e+07,-1.28792e+11,-7.68797e+10
5.68226e+07,836499,1.03796e+07,-1.28599e+11,-7.72018e+10
5.68289e+07,835917,1.03817e+07,-1.28406e+11,-7.75234e+10
5.68352e+07,835334,1.03838e+07,-1.28211e+11,-7.78446e+10
5.68415e+07,834747,1.03859e+07,-1.28016e+11,-7.81652e+10
5.68479e+07,834159,1.03879e+07,-1.2782e+11,-7.84853e+10
5.68542e+07,833568,1.039e+07,-1.27623e+11,-7.8805e+10
5.68605e+07,832974,1.03921e+07,-1.27426e+11,-7.91241e+10
5.68668e+07,832378,1.03942e+07,-1.27227e+11,-7.94428e+10
5.68731e+07,831780,1.03963e+07,-1.27028e+11,-7.9761e+10
5.68794e+07,831179,1.03984e+07,-1.26828e+11,-8.00786e+10
5.68857e+07,830576,1.04004e+07,-1.26627e+11,-8.03958e+10
5.6892e+07,829971,1.04025e+07,-1.26425e+11,-8.07125e+10
5.68984e+07,829363,1.04046e+07,-1.26223e+11,-8.10286e+10
5.69047e+07,828753,1.04067e+07,-1.2602e+11,-8.13443e+10
5.6911e+07,828141,1.04087e+07,-1.25816e+11,-8.16594e+10
5.69173e+07,827526,1.04108e+07,-1.25611e+11,-8.1974e+10
5.69236e+07,826909,1.04129e+07,-1.25405e+11,-8.22881e+10
5.69299e+07,826289,1.0415e+07,-1.25199e+11,-8.26017e+10
5.69362e+07,825667,1.0417e+07,-1.24992e+11,-8.29148e+10
5.69425e+07,825043,1.04191e+07,-1.24784e+11,-8.32274e+10
5.69488e+07,824416,1.04211e+07,-1.24575e+11,-8.35394e+10
5.69552e+07,823787,1.04232e+07,-1.24366e+11,-8.38509e+10
5.69615e+07,823156,1.04253e+07,-1.24155e+11,-8.41619e+10
5.69678e+07,822522,1.04273e+07,-1.23944e+11,-8.44724e+10
5.69741e+07,821886,1.04294e+07,-1.23733e+11,-8.47823e+10
5.69804e+07,821248,1.04314e+07,-1.2352e+11,-8.50917e+10
5.69867e+07,820607,1.04335e+07,-1.23307e+11,-8.54006e+10
5.6993e+07,819964,1.04356e+07,-1.23093e+11,-8.57089e+10
5.69993e+07,819319,1.04376e+07,-1.22878e+11,-8.60167e+10
5.70056e+07,818671,1.04397e+07,-1.22662e+11,-8.6324e+10
5.7012e+07,818021,1.04417e+07,-1.22445e+11,-8.66307e+10
5.70183e+07,817369,1.04437e+07,-1.22228e+11,-8.69369e+10
5.70246e+07,816715,1.04458e+07,-1.2201e+11,-8.72425e+10
5.70309e+07,816058,1.04478e+07,-1.21791e+11,-8.75476e+10
5.70372e+07,815399,1.04499e+07,-1.21572e+11,-8.78521e+10
5.70435e+07,814737,1.04519e+07,-1.21352e+11,-8.81561e+10
5.70498e+07,814074,1.0454e+07,-1.21131e+11,-8.84595e+10
5.70561e+07,813408,1.0456e+07,-1.20909e+11,-8.87624e+10
5.70625e+07,812739,1.0458e+07,-1.20686e+11,-8.90647e+10
5.70688e+07,812069,1.04601e+07,-1.20463e+11,-8.93665e+10
5.70751e+07,811396,1.04621e+07,-1.20239e+11,-8.96677e+10
5.70814e+07,810721,1.04641e+07,-1.20014e+11,-8.99684e+10
5.70877e+07,810044,1.04661e+07,-1.19789e+11,-9.02684e+10
5.7094e+07,809364,1.04682e+07,-1.19562e+11,-9.05679e+10
5.71003e+07,808683,1.04702e+07,-1.19335e+11,-9.08669e+10
5.71066e+07,807999,1.04722e+07,-1.19107e+11,-9.11653e+10
5.71129e+07,807312,1.04742e+07,-1.18879e+11,-9.14631e+10
5.71193e+07,806624,1.04763e+07,-1.1865e+11,-9.17603e+10
5.71256e+07,805933,1.04783e+07,-1.18419e+11,-9.2057e+10
5.71319e+07,805240,1.04803e+07,-1.18189e+11,-9.23531e+10
5.71382e+07,804545,1.04823e+07,-1.17957e+11,-9.26486e+10
5.71445e+07,803848,1.04843e+07,-1.17725e+11,-9.29435e+10
5.71508e+07,803148,1.04863e+07,-1.17492e+11,-9.32378e+10
5.71571e+07,802446,1.04883e+07,-1.17258e+11,-9.35316e+10
5.71634e+07,801742,1.04904e+07,-1.17024e+11,-9.38247e+10
5.71697e+07,801036,1.04924e+07,-1.16788e+11,-9.41173e+10
5.71761e+07,800328,1.04944e+07,-1.16553e+11,-9.44093e+10
5.71824e+07,799617,1.04964e+07,-1.16316e+11,-9.47007e+10
5.71887e+07,798904,1.04984e+07,-1.16078e+11,-9.49915e+10
5.7195e+07,798189,1.05004e+07,-1.1584e+11,-9.52818e+10
5.72013e+07,797472,1.05024e+07,-1.15601e+11,-9.55714e+10
5.72076e+07,796753,1.05044e+07,-1.15362e+11,-9.58604e+10
5.72139e+07,796031,1.05063e+07,-1.15122e+11,-9.61488e+10
5.72202e+07,795308,1.05083e+07,-1.14881e+11,-9.64366e+10
5.72266e+07,794582,1.05103e+07,-1.14639e+11,-9.67238e+10
5.72329e+07,793854,1.05123e+07,-1.14396e+11,-9.70104e+10
5.72392e+07,793124,1.05143e+07,-1.14153e+11,-9.72964e+10
5.72455e+07,792391,1.05163e+07,-1.13909e+11,-9.75818e+10
5.72518e+07,791657,1.05183e+07,-1.13665e+11,-9.78666e+10
5.72581e+07,790920,1.05202e+07,-1.13419e+11,-9.81508e+10
5.72644e+07,790182,1.05222e+07,-1.13173e+11,-9.84343e+10
5.72707e+07,789441,1.05242e+07,-1.12927e+11,-9.87172e+10
5.7277e+07,788698,1.05262e+07,-1.12679e+11,-9.89996e+10
5.72834e+07,787953,1.05282e+07,-1.12431e+11,-9.92813e+10
5.72897e+07,787206,1.05301e+07,-1.12182e+11,-9.95623e+10
5.7296e+07,786456,1.05321e+07,-1.11933e+11,-9.98428e+10
5.73023e+07,785705,1.05341e+07,-1.11682e+11,-1.00123e+11
5.73086e+07,784952,1.0536e+07,-1.11431e+11,-1.00402e+11
5.73149e+07,784196,1.0538e+07,-1.1118e+11,-1.0068e+11
5.73212e+07,783438,1.054e+07,-1.10927e+11,-1.00958e+11
5.73275e+07,782679,1.05419e+07,-1.10674e+11,-1.01236e+11
5.73338e+07,781917,1.05439e+07,-1.10421e+11,-1.01512e+11
5.73402e+07,781153,1.05458e+07,-1.10166e+11,-1.01788e+11
5.73465e+07,780387,1.05478e+07,-1.09911e+11,-1.02064e+11
5.73528e+07,779619,1.05497e+07,-1.09655e+11,-1.02338e+11
5.73591e+07,778849,1.05517e+07,-1.09399e+11,-1.02613e+11
5.73654e+07,778076,1.05536e+07,-1.09142e+11,-1.02886e+11
5.73717e+07,777302,1.05556e+07,-1.08884e+11,-1.03159e+11
5.7378e+07,776526,1.05575e+07,-1.08625e+11,-1.03431e+11
5.73843e+07,775748,1.05595e+07,-1.08366e+11,-1.03703e+11
5.73907e+07,774967,1.05614e+07,-1.08106e+11,-1.03973e+11
5.7397e+07,774185,1.05633e+07,-1.07846e+11,-1.04244e+11
5.74033e+07,773400,1.05653e+07,-1.07584e+11,-1.04513e+11
5.74096e+07,772614,1.05672e+07,-1.07322e+11,-1.04782e+11
5.74159e+07,771826,1.05691e+07,-1.0706e+11,-1.0505e+11
5.74222e+07,771035,1.05711e+07,-1.06797e+11,-1.05318e+11
5.74285e+07,770243,1.0573e+07,-1.06533e+11,-1.05585e+11
5.74348e+07,769448,1.05749e+07,-1.06268e+11,-1.05851e+11
5.74411e+07,768652,1.05769e+07,-1.06003e+11,-1.06117e+11
5.74475e+07,767853,1.05788e+07,-1.05737e+11,-1.06382e+11
5.74538e+07,767053,1.05807e+07,-1.0547e+11,-1.06646e+11
5.74601e+07,766250,1.05826e+07,-1.05203e+11,-1.0691e+11
5.74664e+07,765446,1.05845e+07,-1.04935e+11,-1.07173e+11
5.74727e+07,764639,1.05864e+07,-1.04666e+11,-1.07435e+11
5.7479e+07,763831,1.05884e+07,-1.04397e+11,-1.07697e+11
5.74853e+07,763021,1.05903e+07,-1.04127e+11,-1.07958e+11
5.74916e+07,762208,1.05922e+07,-1.03857e+11,-1.08218e+11
5.74979e+07,761394,1.05941e+07,-1.03586e+11,-1.08478e+11
5.75043e+07,760578,1.0596e+07,-1.03314e+11,-1.08736e+11
5.75106e+07,759760,1.05979e+07,-1.03041e+11,-1.08995e+11
5.75169e+07,758940,1.05998e+07,-1.02768e+11,-1.09252e+11
5.75232e+07,758118,1.06017e+07,-1.02494e+11,-1.09509e+11
5.75295e+07,757294,1.06036e+07,-1.0222e+11,-1.09765e+11
5.75358e+07,756468,1.06055e+07,-1.01945e+11,-1.10021e+11
5.75421e+07,755640,1.06074e+07,-1.01669e+11,-1.10275e+11
5.75484e+07,754810,1.06093e+07,-1.01393e+11,-1.1053e+11
5.75548e+07,753979,1.06112e+07,-1.01116e+11,-1.10783e+11
5.75611e+07,753145,1.0613e+07,-1.00838e+11,-1.11036e+11
5.75674e+07,752310,1.06149e+07,-1.0056e+11,-1.11288e+11
5.75737e+07,751473,1.06168e+07,-1.00281e+11,-1.11539e+11
5.758e+07,750633,1.06187e+07,-1.00002e+11,-1.1179e+11
5.75863e+07,749792,1.06206e+07,-9.97216e+10,-1.1204e+11
5.75926e+07,748949,1.06224e+07,-9.94408e+10,-1.12289e+11
5.75989e+07,748105,1.06243e+07,-9.91595e+10,-1.12537e+11
5.76052e+07,747258,1.06262e+07,-9.88775e+10,-1.12785e+11
5.76116e+07,746410,1.06281e+07,-9.85949e+10,-1.13032e+11
5.76179e+07,745559,1.06299e+07,-9.83116e+10,-1.13279e+11
5.76242e+07,744707,1.06318e+07,-9.80278e+10,-1.13524e+11
5.76305e+07,743853,1.06336e+07,-9.77434e+10,-1.13769e+11
5.76368e+07,742997,1.06355e+07,-9.74583e+10,-1.14014e+11
5.76431e+07,742139,1.06374e+07,-9.71726e+10,-1.14257e+11
5.76494e+07,741280,1.06392e+07,-9.68863e+10,-1.145e+11
5.76557e+07,740418,1.06411e+07,-9.65994e+10,-1.14742e+11
5.7662e+07,739555,1.06429e+07,-9.6312e+10,-1.14984e+11
5.76684e+07,738690,1.06448e+07,-9.60239e+10,-1.15224e+11
5.76747e+07,737823,1.06466e+07,-9.57352e+10,-1.15464e+11
5.7681e+07,736955,1.06485e+07,-9.54459e+10,-1.15703e+11
5.76873e+07,736084,1.06503e+07,-9.5156e+10,-1.15942e+11
5.76936e+07,735212,1.06522e+07,-9.48655e+10,-1.1618e+11
5.76999e+07,734338,1.0654e+07,-9.45744e+10,-1.16417e+11
5.77062e+07,733462,1.06558e+07,-9.42827e+10,-1.16653e+11
5.77125e+07,732585,1.06577e+07,-9.39904e+10,-1.16889e+11
5.77189e+07,731705,1.06595e+07,-9.36976e+10,-1.17124e+11
5.77252e+07,730824,1.06613e+07,-9.34041e+10,-1.17358e+11
5.77315e+07,729941,1.06632e+07,-9.31101e+10,-1.17591e+11
5.77378e+07,729057,1.0665e+07,-9.28155e+10,-1.17824e+11
5.77441e+07,728171,1.06668e+07,-9.25203e+10,-1.18056e+11
5.77504e+07,727282,1.06686e+07,-9.22245e+10,-1.18287e+11
5.77567e+07,726393,1.06704e+07,-9.19282e+10,-1.18517e+11
5.7763e+07,725501,1.06723e+07,-9.16312e+10,-1.18747e+11
5.77693e+07,724608,1.06741e+07,-9.13337e+10,-1.18976e+11
5.77757e+07,723713,1.06759e+07,-9.10357e+10,-1.19204e+11
5.7782e+07,722816,1.06777e+07,-9.0737e+10,-1.19432e+11
5.77883e+07,721918,1.06795e+07,-9.04378e+10,-1.19658e+11
5.77946e+07,721018,1.06813e+07,-9.0138e+10,-1.19884e+11
5.78009e+07,720116,1.06831e+07,-8.98377e+10,-1.2011e+11
5.78072e+07,719212,1.06849e+07,-8.95368e+10,-1.20334e+11
5.78135e+07,718307,1.06867e+07,-8.92353e+10,-1.20558e+11
5.78198e+07,717400,1.06885e+07,-8.89333e+10,-1.20781e+11
5.78261e+07,716492,1.06903e+07,-8.86307e+10,-1.21003e+11
5.78325e+07,715582,1.06921e+07,-8.83276e+10,-1.21224e+11
5.78388e+07,714670,1.06939e+07,-8.80239e+10,-1.21445e+11
5.78451e+07,713756,1.06957e+07,-8.77196e+10,-1.21665e+11
5.78514e+07,712841,1.06975e+07,-8.74148e+10,-1.21884e+11
5.78577e+07,711925,1.06992e+07,-8.71095e+10,-1.22102e+11
5.7864e+07,711006,1.0701e+07,-8.68036e+10,-1.2232e+11
5.78703e+07,710086,1.07028e+07,-8.64972e+10,-1.22537e+11
5.78766e+07,709164,1.07046e+07,-8.61902e+10,-1.22753e+11
5.78829e+07,708241,1.07064e+07,-8.58827e+10,-1.22968e+11
5.78893e+07,707316,1.07081e+07,-8.55746e+10,-1.23183e+11
5.78956e+07,706390,1.07099e+07,-8.52661e+10,-1.23397e+11
5.79019e+07,705461,1.07117e+07,-8.49569e+10,-1.2361e+11
5.79082e+07,704532,1.07134e+07,-8.46473e+10,-1.23822e+11
5.79145e+07,703600,1.07152e+07,-8.43371e+10,-1.24033e+11
5.79208e+07,702668,1.07169e+07,-8.40264e+10,-1.24244e+11
5.79271e+07,701733,1.07187e+07,-8.37152e+10,-1.24454e+11
5.79334e+07,700797,1.07205e+07,-8.34034e+10,-1.24663e+11
5.79398e+07,699859,1.07222e+07,-8.30911e+10,-1.24871e+11
5.79461e+07,698920,1.0724e+07,-8.27783e+10,-1.25079e+11
5.79524e+07,697979,1.07257e+07,-8.2465e+10,-1.25286e+11
5.79587e+07,697037,1.07275e+07,-8.21512e+10,-1.25492e+11
5.7965e+07,696093,1.07292e+07,-8.18368e+10,-1.25697e+11
5.79713e+07,695148,1.07309e+07,-8.15219e+10,-1.25901e+11
5.79776e+07,694201,1.07327e+07,-8.12066e+10,-1.26105e+11
5.79839e+07,693252,1.07344e+07,-8.08907e+10,-1.26308e+11
5.79902e+07,692303,1.07361e+07,-8.05743e+10,-1.2651e+11
5.79966e+07,691351,1.07379e+07,-8.02574e+10,-1.26711e+11
5.80029e+07,690398,1.07396e+07,-7.994e+10,-1.26912e+11
5.80092e+07,689444,1.07413e+07,-7.96221e+10,-1.27111e+11
5.80155e+07,688488,1.07431e+07,-7.93037e+10,-1.2731e+11
5.80218e+07,687530,1.07448e+07,-7.89848e+10,-1.27508e+11
5.80281e+07,686571,1.07465e+07,-7.86654e+10,-1.27706e+11
5.80344e+07,685611,1.07482e+07,-7.83455e+10,-1.27902e+11
5.80407e+07,684649,1.07499e+07,-7.80252e+10,-1.28098e+11
5.8047e+07,683685,1.07516e+07,-7.77043e+10,-1.28293e+11
5.80534e+07,682720,1.07534e+07,-7.7383e+10,-1.28487e+11
5.80597e+07,681754,1.07551e+07,-7.70611e+10,-1.2868e+11
5.8066e+07,680786,1.07568e+07,-7.67388e+10,-1.28872e+11
5.80723e+07,679817,1.07585e+07,-7.6416e+10,-1.29064e+11
5.80786e+07,678847,1.07602e+07,-7.60927e+10,-1.29255e+11
5.80849e+07,677875,1.07619e+07,-7.5769e+10,-1.29445e+11
5.80912e+07,676901,1.07636e+07,-7.54448e+10,-1.29634e+11
5.80975e+07,675926,1.07653e+07,-7.51201e+10,-1.29823e+11
5.81039e+07,674950,1.07669e+07,-7.47949e+10,-1.3001e+11
5.81102e+07,673972,1.07686e+07,-7.44693e+10,-1.30197e+11
5.81165e+07,672993,1.07703e+07,-7.41432e+10,-1.30383e+11
5.81228e+07,672012,1.0772e+07,-7.38166e+10,-1.30568e+11
5.81291e+07,671030,1.07737e+07,-7.34896e+10,-1.30752e+11
5.81354e+07,670047,1.07754e+07,-7.31621e+10,-1.30936e+11
5.81417e+07,669063,1.0777e+07,-7.28341e+10,-1.31119e+11
5.8148e+07,668076,1.07787e+07,-7.25057e+10,-1.313e+11
5.81543e+07,667089,1.07804e+07,-7.21768e+10,-1.31482e+11
5.81607e+07,666100,1.0782e+07,-7.18475e+10,-1.31662e+11
5.8167e+07,665110,1.07837e+07,-7.15178e+10,-1.31841e+11
5.81733e+07,664119,1.07854e+07,-7.11876e+10,-1.3202e+11
5.81796e+07,663126,1.0787e+07,-7.08569e+10,-1.32197e+11
5.81859e+07,662132,1.07887e+07,-7.05258e+10,-1.32374e+11
5.81922e+07,661136,1.07904e+07,-7.01943e+10,-1.3255e+11
5.81985e+07,660140,1.0792e+07,-6.98623e+10,-1.32726e+11
5.82048e+07,659141,1.07937e+07,-6.95299e+10,-1.329e+11
5.82111e+07,658142,1.07953e+07,-6.9197e+10,-1.33074e+11
5.82175e+07,657141,1.0797e+07,-6.88637e+10,-1.33247e+11
5.82238e+07,656139,1.07986e+07,-6.853e+10,-1.33418e+11
5.82301e+07,655136,1.08002e+07,-6.81959e+10,-1.3359e+11
5.82364e+07,654132,1.08019e+07,-6.78613e+10,-1.3376e+11
5.82427e+07,653126,1.08035e+07,-6.75263e+10,-1.33929e+11
5.8249e+07,652119,1.08051e+07,-6.71909e+10,-1.34098e+11
5.82553e+07,651110,1.08068e+07,-6.6855e+10,-1.34266e+11
5.82616e+07,650101,1.08084e+07,-6.65188e+10,-1.34432e+11
5.8268e+07,649090,1.081e+07,-6.61821e+10,-1.34599e+11
5.82743e+07,648078,1.08117e+07,-6.5845e+10,-1.34764e+11
5.82806e+07,647064,1.08133e+07,-6.55075e+10,-1.34928e+11
5.82869e+07,646050,1.08149e+07,-6.51696e+10,-1.35092e+11
5.82932e+07,645034,1.08165e+07,-6.48312e+10,-1.35254e+11
5.82995e+07,644017,1.08181e+07,-6.44925e+10,-1.35416e+11
5.83058e+07,642998,1.08197e+07,-6.41534e+10,-1.35577e+11
5.83121e+07,641979,1.08213e+07,-6.38138e+10,-1.35737e+11
5.83184e+07,640958,1.08229e+07,-6.34739e+10,-1.35897e+11
5.83248e+07,639936,1.08245e+07,-6.31336e+10,-1.36055e+11
5.83311e+07,638913,1.08261e+07,-6.27928e+10,-1.36213e+11
5.83374e+07,637889,1.08277e+07,-6.24517e+10,-1.36369e+11
5.83437e+07,636864,1.08293e+07,-6.21102e+10,-1.36525e+11
5.835e+07,635837,1.08309e+07,-6.17683e+10,-1.3668e+11
5.83563e+07,634810,1.08325e+07,-6.1426e+10,-1.36834e+11
5.83626e+07,633781,1.08341e+07,-6.10833e+10,-1.36988e+11
5.83689e+07,632751,1.08357e+07,-6.07403e+10,-1.3714e+11
5.83752e+07,631719,1.08373e+07,-6.03968e+10,-1.37292e+11
5.83816e+07,630687,1.08389e+07,-6.0053e+10,-1.37442e+11
5.83879e+07,629654,1.08404e+07,-5.97088e+10,-1.37592e+11
5.83942e+07,628619,1.0842e+07,-5.93643e+10,-1.37741e+11
5.84005e+07,627583,1.08436e+07,-5.90193e+10,-1.37889e+11
5.84068e+07,626547,1.08451e+07,-5.8674e+10,-1.38037e+11
5.84131e+07,625509,1.08467e+07,-5.83283e+10,-1.38183e+11
5.84194e+07,624470,1.08483e+07,-5.79823e+10,-1.38329e+11
5.84257e+07,623430,1.08498e+07,-5.76359e+10,-1.38473e+11
5.84321e+07,622388,1.08514e+07,-5.72891e+10,-1.38617e+11
5.84384e+07,621346,1.0853e+07,-5.6942e+10,-1.3876e+11
5.84447e+07,620303,1.08545e+07,-5.65945e+10,-1.38902e+11
5.8451e+07,619259,1.08561e+07,-5.62467e+10,-1.39043e+11
5.84573e+07,618213,1.08576e+07,-5.58985e+10,-1.39184e+11
5.84636e+07,617167,1.08592e+07,-5.555e+10,-1.39323e+11
5.84699e+07,616119,1.08607e+07,-5.52011e+10,-1.39462e+11
5.84762e+07,615071,1.08622e+07,-5.48519e+10,-1.39599e+11
5.84825e+07,614021,1.08638e+07,-5.45023e+10,-1.39736e+11
5.84889e+07,612970,1.08653e+07,-5.41524e+10,-1.39872e+11
5.84952e+07,611919,1.08668e+07,-5.38021e+10,-1.40007e+11
5.85015e+07,610866,1.08684e+07,-5.34515e+10,-1.40142e+11
5.85078e+07,609812,1.08699e+07,-5.31006e+10,-1.40275e+11
5.85141e+07,608758,1.08714e+07,-5.27493e+10,-1.40407e+11
5.85204e+07,607702,1.0873e+07,-5.23977e+10,-1.40539e+11
5.85267e+07,606645,1.08745e+07,-5.20458e+10,-1.4067e+11
5.8533e+07,605588,1.0876e+07,-5.16936e+10,-1.40799e+11
5.85393e+07,604529,1.08775e+07,-5.1341e+10,-1.40928e+11
5.85457e+07,603470,1.0879e+07,-5.09881e+10,-1.41056e+11
5.8552e+07,602409,1.08805e+07,-5.06349e+10,-1.41184e+11
5.85583e+07,601348,1.0882e+07,-5.02814e+10,-1.4131e+11
5.85646e+07,600285,1.08835e+07,-4.99276e+10,-1.41435e+11
5.85709e+07,599222,1.0885e+07,-4.95734e+10,-1.4156e+11
5.85772e+07,598158,1.08865e+07,-4.92189e+10,-1.41683e+11
5.85835e+07,597092,1.0888e+07,-4.88642e+10,-1.41806e+11
5.85898e+07,596026,1.08895e+07,-4.85091e+10,-1.41928e+11
5.85962e+07,594959,1.0891e+07,-4.81537e+10,-1.42049e+11
5.86025e+07,593891,1.08925e+07,-4.7798e+10,-1.42169e+11
5.86088e+07,592822,1.0894e+07,-4.7442e+10,-1.42288e+11
5.86151e+07,591753,1.08955e+07,-4.70858e+10,-1.42406e+11
5.86214e+07,590682,1.08969e+07,-4.67292e+10,-1.42524e+11
5.86277e+07,589611,1.08984e+07,-4.63723e+10,-1.4264e+11
5.8634e+07,588538,1.08999e+07,-4.60152e+10,-1.42756e+11
5.86403e+07,587465,1.09014e+07,-4.56577e+10,-1.42871e+11
5.86466e+07,586391,1.09028e+07,-4.53e+10,-1.42985e+11
5.8653e+07,585316,1.09043e+07,-4.4942e+10,-1.43097e+11
5.86593e+07,584240,1.09058e+07,-4.45837e+10,-1.43209e+11
5.86656e+07,583163,1.09072e+07,-4.42251e+10,-1.43321e+11
5.86719e+07,582086,1.09087e+07,-4.38662e+10,-1.43431e+11
5.86782e+07,581008,1.09101e+07,-4.35071e+10,-1.4354e+11
5.86845e+07,579929,1.09116e+07,-4.31477e+10,-1.43649e+11
5.86908e+07,578849,1.0913e+07,-4.2788e+10,-1.43756e+11
5.86971e+07,577768,1.09145e+07,-4.24281e+10,-1.43863e+11
5.87034e+07,576686,1.09159e+07,-4.20679e+10,-1.43969e+11
5.87098e+07,575604,1.09174e+07,-4.17074e+10,-1.44073e+11
5.87161e+07,574521,1.09188e+07,-4.13467e+10,-1.44177e+11
5.87224e+07,573437,1.09203e+07,-4.09857e+10,-1.4428e+11
5.87287e+07,572353,1.09217e+07,-4.06244e+10,-1.44382e+11
5.8735e+07,571267,1.09231e+07,-4.02629e+10,-1.44484e+11
5.87413e+07,570181,1.09245e+07,-3.99012e+10,-1.44584e+11
5.87476e+07,569094,1.0926e+07,-3.95392e+10,-1.44683e+11
5.87539e+07,568006,1.09274e+07,-3.91769e+10,-1.44782e+11
5.87603e+07,566918,1.09288e+07,-3.88144e+10,-1.4488e+11
5.87666e+07,565829,1.09302e+07,-3.84517e+10,-1.44976e+11
5.87729e+07,564739,1.09316e+07,-3.80887e+10,-1.45072e+11
5.87792e+07,563648,1.09331e+07,-3.77255e+10,-1.45167e+11
5.87855e+07,562557,1.09345e+07,-3.73621e+10,-1.45261e+11
5.87918e+07,561465,1.09359e+07,-3.69984e+10,-1.45354e+11
5.87981e+07,560373,1.09373e+07,-3.66344e+10,-1.45446e+11
5.88044e+07,559279,1.09387e+07,-3.62703e+10,-1.45537e+11
5.88107e+07,558185,1.09401e+07,-3.59059e+10,-1.45628e+11
5.88171e+07,557090,1.09415e+07,-3.55413e+10,-1.45717e+11
5.88234e+07,555995,1.09429e+07,-3.51765e+10,-1.45805e+11
5.88297e+07,554899,1.09443e+07,-3.48115e+10,-1.45893e+11
5.8836e+07,553802,1.09456e+07,-3.44462e+10,-1.4598e+11
5.88423e+07,552705,1.0947e+07,-3.40807e+10,-1.46065e+11
5.88486e+07,551607,1.09484e+07,-3.3715e+10,-1.4615e+11
5.88549e+07,550508,1.09498e+07,-3.33491e+10,-1.46234e+11
5.88612e+07,549409,1.09512e+07,-3.2983e+10,-1.46317e+11
5.88675e+07,548309,1.09525e+07,-3.26167e+10,-1.46399e+11
5.88739e+07,547209,1.09539e+07,-3.22502e+10,-1.4648e+11
5.88802e+07,546108,1.09553e+07,-3.18834e+10,-1.46561e+11
5.88865e+07,545006,1.09566e+07,-3.15165e+10,-1.4664e+11
5.88928e+07,543904,1.0958e+07,-3.11494e+10,-1.46718e+11
5.88991e+07,542801,1.09594e+07,-3.07821e+10,-1.46796e+11
5.89054e+07,541697,1.09607e+07,-3.04146e+10,-1.46873e+11
5.89117e+07,540593,1.09621e+07,-3.00469e+10,-1.46948e+11
5.8918e+07,539489,1.09634e+07,-2.9679e+10,-1.47023e+11
5.89244e+07,538383,1.09648e+07,-2.93109e+10,-1.47097e+11
5.89307e+07,537278,1.09661e+07,-2.89426e+10,-1.4717e+11
5.8937e+07,536172,1.09675e+07,-2.85742e+10,-1.47242e+11
5.89433e+07,535065,1.09688e+07,-2.82056e+10,-1.47313e+11
5.89496e+07,533957,1.09701e+07,-2.78368e+10,-1.47383e+11
5.89559e+07,532850,1.09715e+07,-2.74678e+10,-1.47452e+11
5.89622e+07,531741,1.09728e+07,-2.70987e+10,-1.4752e+11
5.89685e+07,530632,1.09741e+07,-2.67294e+10,-1.47588e+11
5.89748e+07,529523,1.09755e+07,-2.63599e+10,-1.47654e+11
5.89812e+07,528413,1.09768e+07,-2.59902e+10,-1.4772e+11
5.89875e+07,527303,1.09781e+07,-2.56204e+10,-1.47784e+11
5.89938e+07,526192,1.09794e+07,-2.52505e+10,-1.47848e+11
5.90001e+07,525081,1.09807e+07,-2.48804e+10,-1.47911e+11
5.90064e+07,523969,1.09821e+07,-2.45101e+10,-1.47972e+11
5.90127e+07,522857,1.09834e+07,-2.41396e+10,-1.48033e+11
5.9019e+07,521744,1.09847e+07,-2.3769e+10,-1.48093e+11
5.90253e+07,520631,1.0986e+07,-2.33983e+10,-1.48152e+11
5.90316e+07,519517,1.09873e+07,-2.30274e+10,-1.4821e+11
5.9038e+07,518403,1.09886e+07,-2.26564e+10,-1.48268e+11
5.90443e+07,517289,1.09899e+07,-2.22852e+10,-1.48324e+11
5.90506e+07,516174,1.09912e+07,-2.19139e+10,-1.48379e+11
5.90569e+07,515059,1.09925e+07,-2.15425e+10,-1.48433e+11
5.90632e+07,513943,1.09938e+07,-2.11709e+10,-1.48487e+11
5.90695e+07,512827,1.0995e+07,-2.07992e+10,-1.48539e+11
5.90758e+07,511711,1.09963e+07,-2.04274e+10,-1.48591e+11
5.90821e+07,510594,1.09976e+07,-2.00554e+10,-1.48642e+11
5.90885e+07,509476,1.09989e+07,-1.96833e+10,-1.48691e+11
5.90948e+07,508359,1.10001e+07,-1.93111e+10,-1.4874e+11
5.91011e+07,507241,1.10014e+07,-1.89387e+10,-1.48788e+11
5.91074e+07,506123,1.10027e+07,-1.85663e+10,-1.48835e+11
5.91137e+07,505004,1.1004e+07,-1.81937e+10,-1.48881e+11
5.912e+07,503885,1.10052e+07,-1.7821e+10,-1.48926e+11
5.91263e+07,502766,1.10065e+07,-1.74482e+10,-1.4897e+11
5.91326e+07,501646,1.10077e+07,-1.70753e+10,-1.49013e+11
5.91389e+07,500526,1.1009e+07,-1.67023e+10,-1.49056e+11
5.91453e+07,499406,1.10102e+07,-1.63292e+10,-1.49097e+11
5.91516e+07,498285,1.10115e+07,-1.59559e+10,-1.49137e+11
5.91579e+07,497164,1.10127e+07,-1.55826e+10,-1.49177e+11
5.91642e+07,496043,1.1014e+07,-1.52092e+10,-1.49215e+11
5.91705e+07,494921,1.10152e+07,-1.48357e+10,-1.49253e+11
5.91768e+07,493800,1.10164e+07,-1.44621e+10,-1.4929e+11
5.91831e+07,492678,1.10177e+07,-1.40884e+10,-1.49325e+11
5.91894e+07,491555,1.10189e+07,-1.37146e+10,-1.4936e+11
5.91957e+07,490433,1.10201e+07,-1.33407e+10,-1.49394e+11
5.92021e+07,489310,1.10214e+07,-1.29668e+10,-1.49427e+11
5.92084e+07,488187,1.10226e+07,-1.25927e+10,-1.49459e+11
5.92147e+07,487064,1.10238e+07,-1.22186e+10,-1.4949e+11
5.9221e+07,485940,1.1025e+07,-1.18444e+10,-1.4952e+11
5.92273e+07,484816,1.10262e+07,-1.14701e+10,-1.49549e+11
5.92336e+07,483692,1.10275e+07,-1.10958e+10,-1.49578e+11
5.92399e+07,482568,1.10287e+07,-1.07214e+10,-1.49605e+11
5.92462e+07,481444,1.10299e+07,-1.03469e+10,-1.49631e+11
5.92525e+07,480319,1.10311e+07,-9.97237e+09,-1.49657e+11
5.92589e+07,479194,1.10323e+07,-9.59777e+09,-1.49681e+11
5.92652e+07,478070,1.10335e+07,-9.2231e+09,-1.49705e+11
5.92715e+07,476944,1.10347e+07,-8.84838e+09,-1.49727e+11
5.92778e+07,475819,1.10359e+07,-8.4736e+09,-1.49749e+11
5.92841e+07,474694,1.10371e+07,-8.09877e+09,-1.4977e+11
5.92904e+07,473568,1.10382e+07,-7.72389e+09,-1.4979e+11
5.92967e+07,472442,1.10394e+07,-7.34896e+09,-1.49808e+11
5.9303e+07,471317,1.10406e+07,-6.97399e+09,-1.49826e+11
5.93094e+07,470191,1.10418e+07,-6.59897e+09,-1.49843e+11
5.93157e+07,469064,1.1043e+07,-6.22391e+09,-1.49859e+11
5.9322e+07,467938,1.10441e+07,-5.84881e+09,-1.49874e+11
5.93283e+07,466812,1.10453e+07,-5.47367e+09,-1.49889e+11
5.93346e+07,465685,1.10465e+07,-5.0985e+09,-1.49902e+11
5.93409e+07,464559,1.10476e+07,-4.7233e+09,-1.49914e+11
5.93472e+07,463432,1.10488e+07,-4.34807e+09,-1.49925e+11
5.93535e+07,462305,1.105e+07,-3.97281e+09,-1.49936e+11
5.93598e+07,461179,1.10511e+07,-3.59752e+09,-1.49945e+11
5.93662e+07,460052,1.10523e+07,-3.22222e+09,-1.49954e+11
5.93725e+07,458925,1.10534e+07,-2.84689e+09,-1.49961e+11
5.93788e+07,457798,1.10546e+07,-2.47154e+09,-1.49968e+11
5.93851e+07,456671,1.10557e+07,-2.09618e+09,-1.49974e+11
5.93914e+07,455544,1.10568e+07,-1.72081e+09,-1.49979e+11
5.93977e+07,454417,1.1058e+07,-1.34543e+09,-1.49982e+11
5.9404e+07,453290,1.10591e+07,-9.70034e+08,-1.49985e+11
5.94103e+07,452162,1.10602e+07,-5.94636e+08,-1.49987e+11
5.94166e+07,451035,1.10614e+07,-2.19234e+08,-1.49988e+11
5.9423e+07,449908,1.10625e+07,1.5617e+08,-1.49988e+11
5.94293e+07,448781,1.10636e+07,5.31573e+08,-1.49988e+11
5.94356e+07,447654,1.10648e+07,9.06972e+08,-1.49986e+11
5.94419e+07,446527,1.10659e+07,1.28237e+09,-1.49983e+11
5.94482e+07,445400,1.1067e+07,1.65775e+09,-1.49979e+11
5.94545e+07,444273,1.10681e+07,2.03313e+09,-1.49975e+11
5.94608e+07,443146,1.10692e+07,2.40849e+09,-1.49969e+11
5.94671e+07,442019,1.10703e+07,2.78384e+09,-1.49963e+11
5.94735e+07,440892,1.10714e+07,3.15917e+09,-1.49955e+11
5.94798e+07,439765,1.10725e+07,3.53448e+09,-1.49947e+11
5.94861e+07,438638,1.10736e+07,3.90976e+09,-1.49938e+11
5.94924e+07,437511,1.10747e+07,4.28503e+09,-1.49927e+11
5.94987e+07,436385,1.10758e+07,4.66027e+09,-1.49916e+11
5.9505e+07,435258,1.10769e+07,5.03547e+09,-1.49904e+11
5.95113e+07,434132,1.1078e+07,5.41065e+09,-1.49891e+11
5.95176e+07,433005,1.10791e+07,5.78579e+09,-1.49877e+11
5.95239e+07,431879,1.10802e+07,6.1609e+09,-1.49862e+11
5.95303e+07,430753,1.10812e+07,6.53596e+09,-1.49846e+11
5.95366e+07,429627,1.10823e+07,6.91099e+09,-1.49829e+11
5.95429e+07,428501,1.10834e+07,7.28597e+09,-1.49811e+11
5.95492e+07,427375,1.10845e+07,7.66091e+09,-1.49793e+11
5.95555e+07,426249,1.10855e+07,8.0358e+09,-1.49773e+11
5.95618e+07,425124,1.10866e+07,8.41064e+09,-1.49753e+11
5.95681e+07,423999,1.10877e+07,8.78543e+09,-1.49731e+11
5.95744e+07,422874,1.10887e+07,9.16016e+09,-1.49709e+11
5.95807e+07,421749,1.10898e+07,9.53483e+09,-1.49685e+11
5.95871e+07,420624,1.10908e+07,9.90945e+09,-1.49661e+11
5.95934e+07,419499,1.10919e+07,1.0284e+10,-1.49636e+11
5.95997e+07,418375,1.10929e+07,1.06585e+10,-1.49609e+11
5.9606e+07,417251,1.1094e+07,1.10329e+10,-1.49582e+11
5.96123e+07,416127,1.1095e+07,1.14073e+10,-1.49554e+11
5.96186e+07,415003,1.10961e+07,1.17815e+10,-1.49525e+11
5.96249e+07,413879,1.10971e+07,1.21557e+10,-1.49495e+11
5.96312e+07,412756,1.10981e+07,1.25299e+10,-1.49464e+11
5.96376e+07,411633,1.10992e+07,1.29039e+10,-1.49432e+11
5.96439e+07,410510,1.11002e+07,1.32779e+10,-1.494e+11
5.96502e+07,409387,1.11012e+07,1.36518e+10,-1.49366e+11
5.96565e+07,408265,1.11022e+07,1.40256e+10,-1.49331e+11
5.96628e+07,407143,1.11033e+07,1.43993e+10,-1.49296e+11
5.96691e+07,406021,1.11043e+07,1.47729e+10,-1.49259e+11
5.96754e+07,404900,1.11053e+07,1.51465e+10,-1.49222e+11
5.96817e+07,403778,1.11063e+07,1.55199e+10,-1.49184e+11
5.9688e+07,402657,1.11073e+07,1.58932e+10,-1.49144e+11
5.96944e+07,401537,1.11083e+07,1.62665e+10,-1.49104e+11
5.97007e+07,400416,1.11093e+07,1.66396e+10,-1.49063e+11
5.9707e+07,399296,1.11103e+07,1.70127e+10,-1.49021e+11
5.97133e+07,398177,1.11113e+07,1.73856e+10,-1.48978e+11
5.97196e+07,397057,1.11123e+07,1.77584e+10,-1.48934e+11
5.97259e+07,395938,1.11133e+07,1.81311e+10,-1.48889e+11
5.97322e+07,394819,1.11143e+07,1.85037e+10,-1.48843e+11
5.97385e+07,393701,1.11153e+07,1.88762e+10,-1.48796e+11
5.97448e+07,392583,1.11163e+07,1.92485e+10,-1.48748e+11
5.97512e+07,391465,1.11172e+07,1.96208e+10,-1.487e+11
5.97575e+07,390348,1.11182e+07,1.99929e+10,-1.4865e+11
5.97638e+07,389231,1.11192e+07,2.03649e+10,-1.486e+11
5.97701e+07,388115,1.11202e+07,2.07368e+10,-1.48548e+11
5.97764e+07,386999,1.11211e+07,2.11085e+10,-1.48496e+11
5.97827e+07,385883,1.11221e+07,2.14801e+10,-1.48443e+11
5.9789e+07,384767,1.11231e+07,2.18516e+10,-1.48388e+11
5.97953e+07,383653,1.1124e+07,2.22229e+10,-1.48333e+11
5.98017e+07,382538,1.1125e+07,2.25941e+10,-1.48277e+11
5.9808e+07,381424,1.1126e+07,2.29651e+10,-1.4822e+11
5.98143e+07,380310,1.11269e+07,2.3336e+10,-1.48162e+11
5.98206e+07,379197,1.11279e+07,2.37068e+10,-1.48103e+11
5.98269e+07,378084,1.11288e+07,2.40774e+10,-1.48044e+11
5.98332e+07,376972,1.11298e+07,2.44479e+10,-1.47983e+11
5.98395e+07,375860,1.11307e+07,2.48182e+10,-1.47921e+11
5.98458e+07,374749,1.11316e+07,2.51883e+10,-1.47859e+11
5.98521e+07,373638,1.11326e+07,2.55583e+10,-1.47795e+11
5.98585e+07,372527,1.11335e+07,2.59282e+10,-1.47731e+11
5.98648e+07,371418,1.11344e+07,2.62978e+10,-1.47665e+11
5.98711e+07,370308,1.11354e+07,2.66673e+10,-1.47599e+11
5.98774e+07,369199,1.11363e+07,2.70367e+10,-1.47532e+11
5.98837e+07,368091,1.11372e+07,2.74058e+10,-1.47464e+11
5.989e+07,366983,1.11381e+07,2.77748e+10,-1.47395e+11
5.98963e+07,365875,1.1139e+07,2.81437e+10,-1.47325e+11
5.99026e+07,364768,1.114e+07,2.85123e+10,-1.47254e+11
5.99089e+07,363662,1.11409e+07,2.88808e+10,-1.47182e+11
5.99153e+07,362556,1.11418e+07,2.92491e+10,-1.47109e+11
5.99216e+07,361451,1.11427e+07,2.96172e+10,-1.47036e+11
5.99279e+07,360346,1.11436e+07,2.99851e+10,-1.46961e+11
5.99342e+07,359242,1.11445e+07,3.03528e+10,-1.46886e+11
5.99405e+07,358139,1.11454e+07,3.07204e+10,-1.46809e+11
5.99468e+07,357036,1.11463e+07,3.10877e+10,-1.46732e+11
5.99531e+07,355933,1.11472e+07,3.14549e+10,-1.46653e+11
5.99594e+07,354832,1.11481e+07,3.18218e+10,-1.46574e+11
5.99658e+07,353730,1.1149e+07,3.21886e+10,-1.46494e+11
5.99721e+07,352630,1.11498e+07,3.25552e+10,-1.46413e+11
5.99784e+07,351530,1.11507e+07,3.29215e+10,-1.46331e+11
5.99847e+07,350430,1.11516e+07,3.32877e+10,-1.46248e+11
5.9991e+07,349332,1.11525e+07,3.36536e+10,-1.46165e+11
5.99973e+07,348234,1.11533e+07,3.40193e+10,-1.4608e+11
6.00036e+07,347136,1.11542e+07,3.43848e+10,-1.45994e+11
6.00099e+07,346039,1.11551e+07,3.47501e+10,-1.45908e+11
6.00162e+07,344943,1.11559e+07,3.51152e+10,-1.4582e+11
6.00226e+07,343848,1.11568e+07,3.54801e+10,-1.45732e+11
6.00289e+07,342753,1.11577e+07,3.58447e+10,-1.45643e+11
6.00352e+07,341659,1.11585e+07,3.62091e+10,-1.45553e+11
6.00415e+07,340565,1.11594e+07,3.65733e+10,-1.45462e+11
6.00478e+07,339472,1.11602e+07,3.69373e+10,-1.4537e+11
6.00541e+07,338380,1.11611e+07,3.7301e+10,-1.45277e+11
6.00604e+07,337289,1.11619e+07,3.76645e+10,-1.45183e+11
6.00667e+07,336198,1.11628e+07,3.80278e+10,-1.45088e+11
6.0073e+07,335108,1.11636e+07,3.83908e+10,-1.44993e+11
6.00794e+07,334019,1.11644e+07,3.87536e+10,-1.44896e+11
6.00857e+07,332930,1.11653e+07,3.91161e+10,-1.44799e+11
6.0092e+07,331843,1.11661e+07,3.94784e+10,-1.447e+11
6.00983e+07,330756,1.11669e+07,3.98404e+10,-1.44601e+11
6.01046e+07,329669,1.11678e+07,4.02022e+10,-1.44501e+11
6.01109e+07,328584,1.11686e+07,4.05638e+10,-1.444e+11
6.01172e+07,327499,1.11694e+07,4.09251e+10,-1.44298e+11
6.01235e+07,326415,1.11702e+07,4.12861e+10,-1.44195e+11
6.01299e+07,325332,1.1171e+07,4.16469e+10,-1.44091e+11
6.01362e+07,324249,1.11719e+07,4.20074e+10,-1.43986e+11
6.01425e+07,323168,1.11727e+07,4.23676e+10,-1.43881e+11
6.01488e+07,322087,1.11735e+07,4.27276e+10,-1.43774e+11
6.01551e+07,321007,1.11743e+07,4.30873e+10,-1.43667e+11
6.01614e+07,319928,1.11751e+07,4.34468e+10,-1.43559e+11
6.01677e+07,318849,1.11759e+07,4.3806e+10,-1.4345e+11
6.0174e+07,317771,1.11767e+07,4.41649e+10,-1.43339e+11
6.01803e+07,316695,1.11775e+07,4.45235e+10,-1.43228e+11
6.01867e+07,315619,1.11783e+07,4.48818e+10,-1.43117e+11
6.0193e+07,314544,1.1179e+07,4.52399e+10,-1.43004e+11
6.01993e+07,313469,1.11798e+07,4.55977e+10,-1.4289e+11
6.02056e+07,312396,1.11806e+07,4.59552e+10,-1.42776e+11
6.02119e+07,311324,1.11814e+07,4.63124e+10,-1.4266e+11
6.02182e+07,310252,1.11822e+07,4.66693e+10,-1.42544e+11
6.02245e+07,309181,1.1183e+07,4.70259e+10,-1.42427e+11
6.02308e+07,308111,1.11837e+07,4.73823e+10,-1.42308e+11
6.02371e+07,307042,1.11845e+07,4.77383e+10,-1.42189e+11
6.02435e+07,305974,1.11853e+07,4.8094e+10,-1.42069e+11
6.02498e+07,304907,1.1186e+07,4.84495e+10,-1.41949e+11
6.02561e+07,303841,1.11868e+07,4.88046e+10,-1.41827e+11
6.02624e+07,302775,1.11875e+07,4.91594e+10,-1.41704e+11
6.02687e+07,301711,1.11883e+07,4.95139e+10,-1.41581e+11
6.0275e+07,300647,1.11891e+07,4.98681e+10,-1.41457e+11
6.02813e+07,299585,1.11898e+07,5.0222e+10,-1.41331e+11
6.02876e+07,298523,1.11906e+07,5.05756e+10,-1.41205e+11
6.0294e+07,297462,1.11913e+07,5.09289e+10,-1.41078e+11
6.03003e+07,296403,1.1192e+07,5.12818e+10,-1.4095e+11
6.03066e+07,295344,1.11928e+07,5.16344e+10,-1.40821e+11
6.03129e+07,294286,1.11935e+07,5.19867e+10,-1.40692e+11
6.03192e+07,293229,1.11943e+07,5.23387e+10,-1.40561e+11
6.03255e+07,292174,1.1195e+07,5.26904e+10,-1.4043e+11
6.03318e+07,291119,1.11957e+07,5.30417e+10,-1.40298e+11
6.03381e+07,290065,1.11964e+07,5.33927e+10,-1.40164e+11
6.03444e+07,289012,1.11972e+07,5.37433e+10,-1.4003e+11
6.03508e+07,287960,1.11979e+07,5.40936e+10,-1.39895e+11
6.03571e+07,286909,1.11986e+07,5.44436e+10,-1.39759e+11
6.03634e+07,285860,1.11993e+07,5.47932e+10,-1.39623e+11
6.03697e+07,284811,1.12e+07,5.51425e+10,-1.39485e+11
6.0376e+07,283763,1.12008e+07,5.54915e+10,-1.39347e+11
6.03823e+07,282717,1.12015e+07,5.58401e+10,-1.39207e+11
6.03886e+07,281671,1.12022e+07,5.61883e+10,-1.39067e+11
6.03949e+07,280626,1.12029e+07,5.65362e+10,-1.38926e+11
6.04012e+07,279583,1.12036e+07,5.68837e+10,-1.38784e+11
6.04076e+07,278540,1.12043e+07,5.72309e+10,-1.38642e+11
6.04139e+07,277499,1.1205e+07,5.75777e+10,-1.38498e+11
6.04202e+07,276459,1.12057e+07,5.79242e+10,-1.38353e+11
6.04265e+07,275420,1.12064e+07,5.82703e+10,-1.38208e+11
6.04328e+07,274382,1.1207e+07,5.86161e+10,-1.38062e+11
6.04391e+07,273345,1.12077e+07,5.89614e+10,-1.37915e+11
6.04454e+07,272309,1.12084e+07,5.93064e+10,-1.37767e+11
6.04517e+07,271274,1.12091e+07,5.96511e+10,-1.37618e+11
6.04581e+07,270240,1.12098e+07,5.99953e+10,-1.37468e+11
6.04644e+07,269208,1.12104e+07,6.03392e+10,-1.37317e+11
6.04707e+07,268176,1.12111e+07,6.06827e+10,-1.37166e+11
6.0477e+07,267146,1.12118e+07,6.10258e+10,-1.37014e+11
6.04833e+07,266117,1.12125e+07,6.13686e+10,-1.3686e+11
6.04896e+07,265089,1.12131e+07,6.17109e+10,-1.36706e+11
6.04959e+07,264062,1.12138e+07,6.20529e+10,-1.36552e+11
6.05022e+07,263037,1.12144e+07,6.23945e+10,-1.36396e+11
6.05085e+07,262012,1.12151e+07,6.27356e+10,-1.36239e+11
6.05149e+07,260989,1.12158e+07,6.30764e+10,-1.36082e+11
6.05212e+07,259967,1.12164e+07,6.34168e+10,-1.35924e+11
6.05275e+07,258946,1.12171e+07,6.37569e+10,-1.35764e+11
6.05338e+07,257927,1.12177e+07,6.40965e+10,-1.35604e+11
6.05401e+07,256908,1.12183e+07,6.44357e+10,-1.35444e+11
6.05464e+07,255891,1.1219e+07,6.47745e+10,-1.35282e+11
6.05527e+07,254875,1.12196e+07,6.51129e+10,-1.35119e+11
6.0559e+07,253860,1.12203e+07,6.54508e+10,-1.34956e+11
6.05653e+07,252846,1.12209e+07,6.57884e+10,-1.34792e+11
6.05717e+07,251834,1.12215e+07,6.61256e+10,-1.34627e+11
6.0578e+07,250823,1.12222e+07,6.64623e+10,-1.34461e+11
6.05843e+07,249813,1.12228e+07,6.67987e+10,-1.34294e+11
6.05906e+07,248805,1.12234e+07,6.71346e+10,-1.34126e+11
6.05969e+07,247797,1.1224e+07,6.74701e+10,-1.33958e+11
6.06032e+07,246791,1.12246e+07,6.78051e+10,-1.33789e+11
6.06095e+07,245786,1.12253e+07,6.81398e+10,-1.33619e+11
6.06158e+07,244783,1.12259e+07,6.8474e+10,-1.33448e+11
6.06221e+07,243781,1.12265e+07,6.88078e+10,-1.33276e+11
6.06285e+07,242780,1.12271e+07,6.91412e+10,-1.33103e+11
6.06348e+07,241780,1.12277e+07,6.94741e+10,-1.3293e+11
6.06411e+07,240782,1.12283e+07,6.98066e+10,-1.32756e+11
6.06474e+07,239785,1.12289e+07,7.01386e+10,-1.3258e+11
6.06537e+07,238789,1.12295e+07,7.04703e+10,-1.32404e+11
6.066e+07,237795,1.12301e+07,7.08014e+10,-1.32228e+11
6.06663e+07,236802,1.12307e+07,7.11322e+10,-1.3205e+11
6.06726e+07,235810,1.12313e+07,7.14625e+10,-1.31872e+11
6.0679e+07,234820,1.12319e+07,7.17923e+10,-1.31692e+11
6.06853e+07,233831,1.12325e+07,7.21217e+10,-1.31512e+11
6.06916e+07,232843,1.1233e+07,7.24506e+10,-1.31331e+11
6.06979e+07,231857,1.12336e+07,7.27791e+10,-1.3115e+11
6.07042e+07,230872,1.12342e+07,7.31071e+10,-1.30967e+11
6.07105e+07,229888,1.12348e+07,7.34347e+10,-1.30784e+11
6.07168e+07,228906,1.12354e+07,7.37618e+10,-1.306e+11
6.07231e+07,227925,1.12359e+07,7.40885e+10,-1.30414e+11
6.07294e+07,226946,1.12365e+07,7.44146e+10,-1.30229e+11
6.07358e+07,225968,1.12371e+07,7.47404e+10,-1.30042e+11
6.07421e+07,224992,1.12376e+07,7.50656e+10,-1.29855e+11
6.07484e+07,224016,1.12382e+07,7.53904e+10,-1.29666e+11
6.07547e+07,223043,1.12388e+07,7.57147e+10,-1.29477e+11
6.0761e+07,222070,1.12393e+07,7.60385e+10,-1.29287e+11
6.07673e+07,221099,1.12399e+07,7.63619e+10,-1.29097e+11
6.07736e+07,220130,1.12404e+07,7.66848e+10,-1.28905e+11
6.07799e+07,219162,1.1241e+07,7.70072e+10,-1.28713e+11
6.07862e+07,218195,1.12415e+07,7.73291e+10,-1.2852e+11
6.07926e+07,217230,1.12421e+07,7.76505e+10,-1.28326e+11
6.07989e+07,216267,1.12426e+07,7.79714e+10,-1.28131e+11
6.08052e+07,215305,1.12431e+07,7.82919e+10,-1.27935e+11
6.08115e+07,214344,1.12437e+07,7.86119e+10,-1.27739e+11
6.08178e+07,213385,1.12442e+07,7.89313e+10,-1.27542e+11
6.08241e+07,212427,1.12447e+07,7.92503e+10,-1.27344e+11
6.08304e+07,211471,1.12453e+07,7.95688e+10,-1.27145e+11
6.08367e+07,210516,1.12458e+07,7.98868e+10,-1.26946e+11
6.08431e+07,209563,1.12463e+07,8.02043e+10,-1.26745e+11
6.08494e+07,208611,1.12469e+07,8.05213e+10,-1.26544e+11
6.08557e+07,207661,1.12474e+07,8.08377e+10,-1.26342e+11
6.0862e+07,206712,1.12479e+07,8.11537e+10,-1.2614e+11
6.08683e+07,205765,1.12484e+07,8.14692e+10,-1.25936e+11
6.08746e+07,204819,1.12489e+07,8.17841e+10,-1.25732e+11
6.08809e+07,203875,1.12494e+07,8.20986e+10,-1.25527e+11
6.08872e+07,202932,1.12499e+07,8.24125e+10,-1.25321e+11
6.08935e+07,201991,1.12504e+07,8.27259e+10,-1.25114e+11
6.08999e+07,201052,1.1251e+07,8.30388e+10,-1.24907e+11
6.09062e+07,200114,1.12515e+07,8.33512e+10,-1.24699e+11
6.09125e+07,199178,1.1252e+07,8.3663e+10,-1.2449e+11
6.09188e+07,198243,1.12525e+07,8.39743e+10,-1.2428e+11
6.09251e+07,197310,1.12529e+07,8.42851e+10,-1.24069e+11
6.09314e+07,196378,1.12534e+07,8.45954e+10,-1.23858e+11
6.09377e+07,195448,1.12539e+07,8.49051e+10,-1.23646e+11
6.0944e+07,194520,1.12544e+07,8.52144e+10,-1.23433e+11
6.09503e+07,193593,1.12549e+07,8.5523e+10,-1.23219e+11
6.09567e+07,192668,1.12554e+07,8.58312e+10,-1.23005e+11
6.0963e+07,191744,1.12559e+07,8.61388e+10,-1.2279e+11
6.09693e+07,190822,1.12563e+07,8.64458e+10,-1.22574e+11
6.09756e+07,189902,1.12568e+07,8.67524e+10,-1.22357e+11
6.09819e+07,188983,1.12573e+07,8.70583e+10,-1.2214e+11
6.09882e+07,188066,1.12578e+07,8.73638e+10,-1.21921e+11
6.09945e+07,187151,1.12582e+07,8.76687e+10,-1.21702e+11
6.10008e+07,186237,1.12587e+07,8.7973e+10,-1.21482e+11
6.10072e+07,185325,1.12592e+07,8.82768e+10,-1.21262e+11
6.10135e+07,184414,1.12596e+07,8.858e+10,-1.21041e+11
6.10198e+07,183506,1.12601e+07,8.88827e+10,-1.20819e+11
6.10261e+07,182598,1.12606e+07,8.91848e+10,-1.20596e+11
6.10324e+07,181693,1.1261e+07,8.94864e+10,-1.20372e+11
6.10387e+07,180789,1.12615e+07,8.97874e+10,-1.20148e+11
6.1045e+07,179887,1.12619e+07,9.00878e+10,-1.19923e+11
6.10513e+07,178987,1.12624e+07,9.03877e+10,-1.19697e+11
6.10576e+07,178088,1.12628e+07,9.0687e+10,-1.1947e+11
6.1064e+07,177191,1.12633e+07,9.09857e+10,-1.19243e+11
6.10703e+07,176296,1.12637e+07,9.12839e+10,-1.19015e+11
6.10766e+07,175402,1.12641e+07,9.15815e+10,-1.18786e+11
6.10829e+07,174510,1.12646e+07,9.18785e+10,-1.18557e+11
6.10892e+07,173620,1.1265e+07,9.2175e+10,-1.18326e+11
6.10955e+07,172732,1.12654e+07,9.24709e+10,-1.18095e+11
6.11018e+07,171845,1.12659e+07,9.27662e+10,-1.17863e+11
6.11081e+07,170960,1.12663e+07,9.30609e+10,-1.17631e+11
6.11144e+07,170077,1.12667e+07,9.3355e+10,-1.17398e+11
6.11208e+07,169196,1.12672e+07,9.36486e+10,-1.17164e+11
6.11271e+07,168316,1.12676e+07,9.39415e+10,-1.16929e+11
6.11334e+07,167439,1.1268e+07,9.42339e+10,-1.16693e+11
6.11397e+07,166562,1.12684e+07,9.45257e+10,-1.16457e+11
6.1146e+07,165688,1.12688e+07,9.48169e+10,-1.1622e+11
6.11523e+07,164816,1.12692e+07,9.51074e+10,-1.15983e+11
6.11586e+07,163945,1.12697e+07,9.53974e+10,-1.15744e+11
6.11649e+07,163076,1.12701e+07,9.56868e+10,-1.15505e+11
6.11713e+07,162209,1.12705e+07,9.59757e+10,-1.15265e+11
6.11776e+07,161344,1.12709e+07,9.62639e+10,-1.15025e+11
6.11839e+07,160480,1.12713e+07,9.65514e+10,-1.14783e+11
6.11902e+07,159618,1.12717e+07,9.68384e+10,-1.14541e+11
6.11965e+07,158758,1.12721e+07,9.71248e+10,-1.14299e+11
6.12028e+07,157900,1.12725e+07,9.74106e+10,-1.14055e+11
6.12091e+07,157044,1.12729e+07,9.76958e+10,-1.13811e+11
6.12154e+07,156190,1.12733e+07,9.79803e+10,-1.13566e+11
6.12217e+07,155337,1.12737e+07,9.82643e+10,-1.13321e+11
6.12281e+07,154487,1.1274e+07,9.85476e+10,-1.13074e+11
6.12344e+07,153638,1.12744e+07,9.88303e+10,-1.12827e+11
6.12407e+07,152791,1.12748e+07,9.91124e+10,-1.1258e+11
6.1247e+07,151946,1.12752e+07,9.93939e+10,-1.12331e+11
6.12533e+07,151102,1.12756e+07,9.96747e+10,-1.12082e+11
6.12596e+07,150261,1.12759e+07,9.99549e+10,-1.11832e+11
6.12659e+07,149421,1.12763e+07,1.00235e+11,-1.11582e+11
6.12722e+07,148584,1.12767e+07,1.00514e+11,-1.11331e+11
6.12785e+07,147748,1.12771e+07,1.00792e+11,-1.11079e+11
6.12849e+07,146914,1.12774e+07,1.0107e+11,-1.10826e+11
6.12912e+07,146082,1.12778e+07,1.01347e+11,-1.10573e+11
6.12975e+07,145252,1.12782e+07,1.01623e+11,-1.10319e+11
6.13038e+07,144424,1.12785e+07,1.01899e+11,-1.10064e+11
6.13101e+07,143598,1.12789e+07,1.02174e+11,-1.09809e+11
6.13164e+07,142774,1.12792e+07,1.02449e+11,-1.09553e+11
6.13227e+07,141951,1.12796e+07,1.02722e+11,-1.09296e+11
6.1329e+07,141131,1.128e+07,1.02996e+11,-1.09039e+11
6.13354e+07,140313,1.12803e+07,1.03268e+11,-1.0878e+11
6.13417e+07,139496,1.12807e+07,1.0354e+11,-1.08522e+11
6.1348e+07,138681,1.1281e+07,1.03812e+11,-1.08262e+11
6.13543e+07,137869,1.12814e+07,1.04082e+11,-1.08002e+11
6.13606e+07,137058,1.12817e+07,1.04352e+11,-1.07741e+11
6.13669e+07,136249,1.1282e+07,1.04622e+11,-1.0748e+11
6.13732e+07,135443,1.12824e+07,1.0489e+11,-1.07218e+11
6.13795e+07,134638,1.12827e+07,1.05158e+11,-1.06955e+11
6.13858e+07,133835,1.12831e+07,1.05426e+11,-1.06691e+11
6.13922e+07,133034,1.12834e+07,1.05692e+11,-1.06427e+11
6.13985e+07,132236,1.12837e+07,1.05958e+11,-1.06162e+11
6.14048e+07,131439,1.1284e+07,1.06224e+11,-1.05897e+11
6.14111e+07,130644,1.12844e+07,1.06488e+11,-1.05631e+11
6.14174e+07,129851,1.12847e+07,1.06753e+11,-1.05364e+11
6.14237e+07,129060,1.1285e+07,1.07016e+11,-1.05096e+11
6.143e+07,128271,1.12853e+07,1.07279e+11,-1.04828e+11
6.14363e+07,127485,1.12857e+07,1.07541e+11,-1.04559e+11
6.14426e+07,126700,1.1286e+07,1.07802e+11,-1.0429e+11
6.1449e+07,125917,1.12863e+07,1.08063e+11,-1.0402e+11
6.14553e+07,125136,1.12866e+07,1.08323e+11,-1.03749e+11
6.14616e+07,124358,1.12869e+07,1.08582e+11,-1.03477e+11
6.14679e+07,123581,1.12872e+07,1.08841e+11,-1.03205e+11
6.14742e+07,122807,1.12875e+07,1.09099e+11,-1.02933e+11
6.14805e+07,122034,1.12879e+07,1.09356e+11,-1.02659e+11
6.14868e+07,121264,1.12882e+07,1.09613e+11,-1.02385e+11
6.14931e+07,120495,1.12885e+07,1.09869e+11,-1.02111e+11
6.14995e+07,119729,1.12888e+07,1.10124e+11,-1.01835e+11
6.15058e+07,118964,1.12891e+07,1.10378e+11,-1.01559e+11
6.15121e+07,118202,1.12894e+07,1.10632e+11,-1.01283e+11
6.15184e+07,117442,1.12897e+07,1.10885e+11,-1.01006e+11
6.15247e+07,116684,1.12899e+07,1.11138e+11,-1.00728e+11
6.1531e+07,115928,1.12902e+07,1.1139e+11,-1.00449e+11
6.15373e+07,115174,1.12905e+07,1.11641e+11,-1.0017e+11
6.15436e+07,114423,1.12908e+07,1.11891e+11,-9.98906e+10
6.15499e+07,113673,1.12911e+07,1.12141e+11,-9.96102e+10
6.15563e+07,112925,1.12914e+07,1.1239e+11,-9.93293e+10
6.15626e+07,112180,1.12917e+07,1.12638e+11,-9.90477e+10
6.15689e+07,111437,1.12919e+07,1.12886e+11,-9.87655e+10
6.15752e+07,110695,1.12922e+07,1.13132e+11,-9.84826e+10
6.15815e+07,109956,1.12925e+07,1.13379e+11,-9.81992e+10
6.15878e+07,109219,1.12928e+07,1.13624e+11,-9.79151e+10
6.15941e+07,108485,1.1293e+07,1.13869e+11,-9.76305e+10
6.16004e+07,107752,1.12933e+07,1.14113e+11,-9.73452e+10
6.16067e+07,107022,1.12936e+07,1.14356e+11,-9.70593e+10
6.16131e+07,106293,1.12938e+07,1.14599e+11,-9.67728e+10
6.16194e+07,105567,1.12941e+07,1.1484e+11,-9.64857e+10
6.16257e+07,104843,1.12944e+07,1.15082e+11,-9.6198e+10
6.1632e+07,104121,1.12946e+07,1.15322e+11,-9.59096e+10
6.16383e+07,103401,1.12949e+07,1.15562e+11,-9.56207e+10
6.16446e+07,102684,1.12952e+07,1.15801e+11,-9.53312e+10
6.16509e+07,101969,1.12954e+07,1.16039e+11,-9.50411e+10
6.16572e+07,101255,1.12957e+07,1.16276e+11,-9.47504e+10
6.16636e+07,100544,1.12959e+07,1.16513e+11,-9.44591e+10
6.16699e+07,99835.6,1.12962e+07,1.16749e+11,-9.41672e+10
6.16762e+07,99129,1.12964e+07,1.16985e+11,-9.38747e+10
6.16825e+07,98424.6,1.12967e+07,1.17219e+11,-9.35817e+10
6.16888e+07,97722.4,1.12969e+07,1.17453e+11,-9.3288e+10
6.16951e+07,97022.4,1.12972e+07,1.17686e+11,-9.29938e+10
6.17014e+07,96324.7,1.12974e+07,1.17919e+11,-9.26989e+10
6.17077e+07,95629.1,1.12976e+07,1.1815e+11,-9.24035e+10
6.1714e+07,94935.8,1.12979e+07,1.18381e+11,-9.21075e+10
6.17204e+07,94244.7,1.12981e+07,1.18611e+11,-9.1811e+10
6.17267e+07,93555.8,1.12983e+07,1.18841e+11,-9.15139e+10
6.1733e+07,92869.2,1.12986e+07,1.1907e+11,-9.12161e+10
6.17393e+07,92184.8,1.12988e+07,1.19297e+11,-9.09179e+10
6.17456e+07,91502.6,1.1299e+07,1.19525e+11,-9.0619e+10
6.17519e+07,90822.7,1.12993e+07,1.19751e+11,-9.03196e+10
6.17582e+07,90145.1,1.12995e+07,1.19977e+11,-9.00196e+10
6.17645e+07,89469.7,1.12997e+07,1.20202e+11,-8.97191e+10
6.17708e+07,88796.6,1.12999e+07,1.20426e+11,-8.9418e+10
6.17772e+07,88125.7,1.13002e+07,1.20649e+11,-8.91163e+10
6.17835e+07,87457.1,1.13004e+07,1.20872e+11,-8.88141e+10
6.17898e+07,86790.7,1.13006e+07,1.21094e+11,-8.85113e+10
6.17961e+07,86126.7,1.13008e+07,1.21315e+11,-8.82079e+10
6.18024e+07,85464.9,1.1301e+07,1.21536e+11,-8.79041e+10
6.18087e+07,84805.4,1.13012e+07,1.21755e+11,-8.75996e+10
6.1815e+07,84148.2,1.13015e+07,1.21974e+11,-8.72946e+10
6.18213e+07,83493.3,1.13017e+07,1.22192e+11,-8.69891e+10
6.18276e+07,82840.7,1.13019e+07,1.2241e+11,-8.6683e+10
6.1834e+07,82190.4,1.13021e+07,1.22626e+11,-8.63764e+10
6.18403e+07,81542.4,1.13023e+07,1.22842e+11,-8.60692e+10
6.18466e+07,80896.8,1.13025e+07,1.23057e+11,-8.57615e+10
6.18529e+07,80253.4,1.13027e+07,1.23271e+11,-8.54533e+10
6.18592e+07,79612.3,1.13029e+07,1.23485e+11,-8.51445e+10
6.18655e+07,78973.6,1.13031e+07,1.23698e+11,-8.48352e+10
6.18718e+07,78337.2,1.13033e+07,1.23909e+11,-8.45253e+10
6.18781e+07,77703.1,1.13035e+07,1.24121e+11,-8.4215e+10
6.18845e+07,77071.4,1.13037e+07,1.24331e+11,-8.39041e+10
6.18908e+07,76442,1.13039e+07,1.24541e+11,-8.35926e+10
6.18971e+07,75814.9,1.13041e+07,1.2475e+11,-8.32807e+10
6.19034e+07,75190.2,1.13042e+07,1.24958e+11,-8.29682e+10
6.19097e+07,74567.9,1.13044e+07,1.25165e+11,-8.26552e+10
6.1916e+07,73947.8,1.13046e+07,1.25371e+11,-8.23417e+10
6.19223e+07,73330.2,1.13048e+07,1.25577e+11,-8.20277e+10
6.19286e+07,72714.9,1.1305e+07,1.25782e+11,-8.17132e+10
6.19349e+07,72102,1.13052e+07,1.25986e+11,-8.13981e+10
6.19413e+07,71491.4,1.13054e+07,1.26189e+11,-8.10826e+10
6.19476e+07,70883.2,1.13055e+07,1.26392e+11,-8.07665e+10
6.19539e+07,70277.4,1.13057e+07,1.26594e+11,-8.04499e+10
6.19602e+07,69674,1.13059e+07,1.26795e+11,-8.01328e+10
6.19665e+07,69073,1.13061e+07,1.26995e+11,-7.98153e+10
6.19728e+07,68474.3,1.13062e+07,1.27194e+11,-7.94972e+10
6.19791e+07,67878.1,1.13064e+07,1.27393e+11,-7.91786e+10
6.19854e+07,67284.2,1.13066e+07,1.27591e+11,-7.88595e+10
6.19917e+07,66692.7,1.13067e+07,1.27788e+11,-7.854e+10
6.19981e+07,66103.7,1.13069e+07,1.27984e+11,-7.82199e+10
6.20044e+07,65517,1.13071e+07,1.28179e+11,-7.78994e+10
6.20107e+07,64932.8,1.13072e+07,1.28374e+11,-7.75783e+10
6.2017e+07,64350.9,1.13074e+07,1.28568e+11,-7.72568e+10
6.20233e+07,63771.5,1.13076e+07,1.28761e+11,-7.69348e+10
6.20296e+07,63194.5,1.13077e+07,1.28953e+11,-7.66123e+10
6.20359e+07,62620,1.13079e+07,1.29144e+11,-7.62893e+10
6.20422e+07,62047.8,1.1308e+07,1.29335e+11,-7.59659e+10
6.20486e+07,61478.1,1.13082e+07,1.29524e+11,-7.5642e+10
6.20549e+07,60910.9,1.13083e+07,1.29713e+11,-7.53176e+10
6.20612e+07,60346,1.13085e+07,1.29901e+11,-7.49927e+10
6.20675e+07,59783.7,1.13086e+07,1.30089e+11,-7.46674e+10
6.20738e+07,59223.7,1.13088e+07,1.30275e+11,-7.43416e+10
6.20801e+07,58666.2,1.13089e+07,1.30461e+11,-7.40153e+10
6.20864e+07,58111.2,1.13091e+07,1.30646e+11,-7.36885e+10
6.20927e+07,57558.6,1.13092e+07,1.3083e+11,-7.33613e+10
6.2099e+07,57008.5,1.13094e+07,1.31013e+11,-7.30337e+10
6.21054e+07,56460.8,1.13095e+07,1.31195e+11,-7.27056e+10
6.21117e+07,55915.7,1.13096e+07,1.31377e+11,-7.2377e+10
6.2118e+07,55372.9,1.13098e+07,1.31558e+11,-7.2048e+10
6.21243e+07,54832.7,1.13099e+07,1.31738e+11,-7.17185e+10
6.21306e+07,54294.9,1.13101e+07,1.31917e+11,-7.13886e+10
6.21369e+07,53759.6,1.13102e+07,1.32095e+11,-7.10582e+10
6.21432e+07,53226.8,1.13103e+07,1.32273e+11,-7.07274e+10
6.21495e+07,52696.5,1.13105e+07,1.32449e+11,-7.03961e+10
6.21558e+07,52168.7,1.13106e+07,1.32625e+11,-7.00644e+10
6.21622e+07,51643.4,1.13107e+07,1.328e+11,-6.97323e+10
6.21685e+07,51120.6,1.13109e+07,1.32974e+11,-6.93997e+10
6.21748e+07,50600.2,1.1311e+07,1.33147e+11,-6.90667e+10
6.21811e+07,50082.4,1.13111e+07,1.3332e+11,-6.87333e+10
6.21874e+07,49567.1,1.13112e+07,1.33491e+11,-6.83994e+10
6.21937e+07,49054.3,1.13114e+07,1.33662e+11,-6.80651e+10
6.22e+07,48544,1.13115e+07,1.33832e+11,-6.77304e+10
6.22063e+07,48036.2,1.13116e+07,1.34001e+11,-6.73952e+10
6.22127e+07,47530.9,1.13117e+07,1.3417e+11,-6.70596e+10
6.2219e+07,47028.2,1.13118e+07,1.34337e+11,-6.67237e+10
6.22253e+07,46528,1.1312e+07,1.34504e+11,-6.63872e+10
6.22316e+07,46030.3,1.13121e+07,1.34669e+11,-6.60504e+10
6.22379e+07,45535.2,1.13122e+07,1.34834e+11,-6.57132e+10
6.22442e+07,45042.6,1.13123e+07,1.34998e+11,-6.53755e+10
6.22505e+07,44552.5,1.13124e+07,1.35162e+11,-6.50374e+10
6.22568e+07,44065,1.13125e+07,1.35324e+11,-6.4699e+10
6.22631e+07,43580,1.13126e+07,1.35486e+11,-6.43601e+10
6.22695e+07,43097.5,1.13127e+07,1.35646e+11,-6.40208e+10
6.22758e+07,42617.7,1.13128e+07,1.35806e+11,-6.36811e+10
6.22821e+07,42140.3,1.13129e+07,1.35965e+11,-6.33411e+10
6.22884e+07,41665.6,1.13131e+07,1.36123e+11,-6.30006e+10
6.22947e+07,41193.3,1.13132e+07,1.3628e+11,-6.26597e+10
6.2301e+07,40723.7,1.13133e+07,1.36437e+11,-6.23184e+10
6.23073e+07,40256.6,1.13134e+07,1.36592e+11,-6.19768e+10
6.23136e+07,39792.1,1.13135e+07,1.36747e+11,-6.16348e+10
6.23199e+07,39330.1,1.13136e+07,1.36901e+11,-6.12923e+10
6.23263e+07,38870.8,1.13137e+07,1.37054e+11,-6.09495e+10
6.23326e+07,38414,1.13138e+07,1.37206e+11,-6.06063e+10
6.23389e+07,37959.8,1.13138e+07,1.37357e+11,-6.02627e+10
6.23452e+07,37508.1,1.13139e+07,1.37508e+11,-5.99188e+10
6.23515e+07,37059.1,1.1314e+07,1.37657e+11,-5.95745e+10
6.23578e+07,36612.6,1.13141e+07,1.37806e+11,-5.92298e+10
6.23641e+07,36168.8,1.13142e+07,1.37954e+11,-5.88847e+10
6.23704e+07,35727.5,1.13143e+07,1.38101e+11,-5.85393e+10
6.23768e+07,35288.8,1.13144e+07,1.38247e+11,-5.81934e+10
6.23831e+07,34852.8,1.13145e+07,1.38392e+11,-5.78473e+10
6.23894e+07,34419.3,1.13146e+07,1.38537e+11,-5.75007e+10
6.23957e+07,33988.4,1.13147e+07,1.3868e+11,-5.71538e+10
6.2402e+07,33560.2,1.13147e+07,1.38823e+11,-5.68066e+10
6.24083e+07,33134.5,1.13148e+07,1.38964e+11,-5.6459e+10
6.24146e+07,32711.5,1.13149e+07,1.39105e+11,-5.6111e+10
6.24209e+07,32291.1,1.1315e+07,1.39245e+11,-5.57627e+10
6.24272e+07,31873.3,1.13151e+07,1.39384e+11,-5.54141e+10
6.24336e+07,31458.1,1.13152e+07,1.39523e+11,-5.5065e+10
6.24399e+07,31045.6,1.13152e+07,1.3966e+11,-5.47157e+10
6.24462e+07,30635.6,1.13153e+07,1.39797e+11,-5.4366e+10
6.24525e+07,30228.3,1.13154e+07,1.39932e+11,-5.4016e+10
6.24588e+07,29823.7,1.13155e+07,1.40067e+11,-5.36656e+10
6.24651e+07,29421.6,1.13155e+07,1.40201e+11,-5.33149e+10
6.24714e+07,29022.3,1.13156e+07,1.40334e+11,-5.29638e+10
6.24777e+07,28625.5,1.13157e+07,1.40466e+11,-5.26124e+10
6.2484e+07,28231.4,1.13157e+07,1.40597e+11,-5.22607e+10
6.24904e+07,27839.9,1.13158e+07,1.40728e+11,-5.19087e+10
6.24967e+07,27451.1,1.13159e+07,1.40857e+11,-5.15563e+10
6.2503e+07,27064.9,1.1316e+07,1.40986e+11,-5.12036e+10
6.25093e+07,26681.4,1.1316e+07,1.41114e+11,-5.08506e+10
6.25156e+07,26300.5,1.13161e+07,1.4124e+11,-5.04973e+10
6.25219e+07,25922.3,1.13162e+07,1.41366e+11,-5.01437e+10
6.25282e+07,25546.8,1.13162e+07,1.41492e+11,-4.97897e+10
6.25345e+07,25173.9,1.13163e+07,1.41616e+11,-4.94355e+10
6.25409e+07,24803.6,1.13163e+07,1.41739e+11,-4.90809e+10
6.25472e+07,24436.1,1.13164e+07,1.41861e+11,-4.8726e+10
6.25535e+07,24071.2,1.13165e+07,1.41983e+11,-4.83708e+10
6.25598e+07,23709,1.13165e+07,1.42104e+11,-4.80153e+10
6.25661e+07,23349.4,1.13166e+07,1.42223e+11,-4.76595e+10
6.25724e+07,22992.5,1.13166e+07,1.42342e+11,-4.73034e+10
6.25787e+07,22638.3,1.13167e+07,1.4246e+11,-4.69471e+10
6.2585e+07,22286.8,1.13168e+07,1.42577e+11,-4.65904e+10
6.25913e+07,21938,1.13168e+07,1.42693e+11,-4.62334e+10
6.25977e+07,21591.8,1.13169e+07,1.42809e+11,-4.58761e+10
6.2604e+07,21248.3,1.13169e+07,1.42923e+11,-4.55186e+10
6.26103e+07,20907.5,1.1317e+07,1.43037e+11,-4.51608e+10
6.26166e+07,20569.5,1.1317e+07,1.43149e+11,-4.48026e+10
6.26229e+07,20234.1,1.13171e+07,1.43261e+11,-4.44442e+10
6.26292e+07,19901.3,1.13171e+07,1.43372e+11,-4.40856e+10
6.26355e+07,19571.3,1.13172e+07,1.43482e+11,-4.37266e+10
6.26418e+07,19244,1.13172e+07,1.43591e+11,-4.33674e+10
6.26481e+07,18919.4,1.13173e+07,1.43699e+11,-4.30079e+10
6.26545e+07,18597.5,1.13173e+07,1.43806e+11,-4.26481e+10
6.26608e+07,18278.3,1.13174e+07,1.43912e+11,-4.22881e+10
6.26671e+07,17961.8,1.13174e+07,1.44018e+11,-4.19278e+10
6.26734e+07,17648,1.13175e+07,1.44122e+11,-4.15672e+10
6.26797e+07,17336.9,1.13175e+07,1.44226e+11,-4.12064e+10
6.2686e+07,17028.5,1.13175e+07,1.44329e+11,-4.08453e+10
6.26923e+07,16722.9,1.13176e+07,1.4443e+11,-4.0484e+10
6.26986e+07,16420,1.13176e+07,1.44531e+11,-4.01224e+10
6.2705e+07,16119.7,1.13177e+07,1.44631e+11,-3.97605e+10
6.27113e+07,15822.2,1.13177e+07,1.4473e+11,-3.93985e+10
6.27176e+07,15527.5,1.13177e+07,1.44829e+11,-3.90361e+10
6.27239e+07,15235.4,1.13178e+07,1.44926e+11,-3.86735e+10
6.27302e+07,14946.1,1.13178e+07,1.45022e+11,-3.83107e+10
6.27365e+07,14659.5,1.13179e+07,1.45118e+11,-3.79476e+10
6.27428e+07,14375.6,1.13179e+07,1.45212e+11,-3.75843e+10
6.27491e+07,14094.5,1.13179e+07,1.45306e+11,-3.72208e+10
6.27554e+07,13816,1.1318e+07,1.45399e+11,-3.6857e+10
6.27618e+07,13540.4,1.1318e+07,1.4549e+11,-3.6493e+10
6.27681e+07,13267.4,1.1318e+07,1.45581e+11,-3.61288e+10
6.27744e+07,12997.2,1.13181e+07,1.45671e+11,-3.57643e+10
6.27807e+07,12729.8,1.13181e+07,1.4576e+11,-3.53997e+10
6.2787e+07,12465.1,1.13181e+07,1.45848e+11,-3.50347e+10
6.27933e+07,12203.1,1.13182e+07,1.45936e+11,-3.46696e+10
6.27996e+07,11943.8,1.13182e+07,1.46022e+11,-3.43043e+10
6.28059e+07,11687.4,1.13182e+07,1.46107e+11,-3.39387e+10
6.28122e+07,11433.6,1.13183e+07,1.46192e+11,-3.3573e+10
6.28186e+07,11182.6,1.13183e+07,1.46276e+11,-3.3207e+10
6.28249e+07,10934.4,1.13183e+07,1.46358e+11,-3.28408e+10
6.28312e+07,10688.9,1.13183e+07,1.4644e+11,-3.24744e+10
6.28375e+07,10446.2,1.13184e+07,1.46521e+11,-3.21078e+10
6.28438e+07,10206.2,1.13184e+07,1.46601e+11,-3.1741e+10
6.28501e+07,9968.97,1.13184e+07,1.4668e+11,-3.1374e+10
6.28564e+07,9734.51,1.13184e+07,1.46758e+11,-3.10068e+10
6.28627e+07,9502.81,1.13185e+07,1.46835e+11,-3.06394e+10
6.28691e+07,9273.87,1.13185e+07,1.46911e+11,-3.02719e+10
6.28754e+07,9047.69,1.13185e+07,1.46987e+11,-2.99041e+10
6.28817e+07,8824.28,1.13185e+07,1.47061e+11,-2.95361e+10
6.2888e+07,8603.63,1.13186e+07,1.47135e+11,-2.9168e+10
6.28943e+07,8385.75,1.13186e+07,1.47207e+11,-2.87997e+10
6.29006e+07,8170.64,1.13186e+07,1.47279e+11,-2.84312e+10
6.29069e+07,7958.3,1.13186e+07,1.47349e+11,-2.80625e+10
6.29132e+07,7748.73,1.13186e+07,1.47419e+11,-2.76936e+10
6.29195e+07,7541.93,1.13187e+07,1.47488e+11,-2.73246e+10
6.29259e+07,7337.9,1.13187e+07,1.47556e+11,-2.69554e+10
6.29322e+07,7136.65,1.13187e+07,1.47623e+11,-2.6586e+10
6.29385e+07,6938.18,1.13187e+07,1.47689e+11,-2.62165e+10
6.29448e+07,6742.48,1.13187e+07,1.47754e+11,-2.58468e+10
6.29511e+07,6549.57,1.13187e+07,1.47819e+11,-2.54769e+10
6.29574e+07,6359.43,1.13188e+07,1.47882e+11,-2.51069e+10
6.29637e+07,6172.07,1.13188e+07,1.47944e+11,-2.47367e+10
6.297e+07,5987.5,1.13188e+07,1.48006e+11,-2.43664e+10
6.29763e+07,5805.71,1.13188e+07,1.48066e+11,-2.39959e+10
6.29827e+07,5626.7,1.13188e+07,1.48126e+11,-2.36252e+10
6.2989e+07,5450.48,1.13188e+07,1.48185e+11,-2.32545e+10
6.29953e+07,5277.05,1.13188e+07,1.48242e+11,-2.28835e+10
6.30016e+07,5106.4,1.13189e+07,1.48299e+11,-2.25124e+10
6.30079e+07,4938.54,1.13189e+07,1.48355e+11,-2.21412e+10
6.30142e+07,4773.47,1.13189e+07,1.4841e+11,-2.17699e+10
6.30205e+07,4611.2,1.13189e+07,1.48464e+11,-2.13984e+10
6.30268e+07,4451.71,1.13189e+07,1.48517e+11,-2.10268e+10
6.30332e+07,4295.02,1.13189e+07,1.4857e+11,-2.0655e+10
6.30395e+07,4141.13,1.13189e+07,1.48621e+11,-2.02831e+10
6.30458e+07,3990.02,1.13189e+07,1.48671e+11,-1.99111e+10
6.30521e+07,3841.72,1.13189e+07,1.4872e+11,-1.9539e+10
6.30584e+07,3696.21,1.1319e+07,1.48769e+11,-1.91667e+10
6.30647e+07,3553.5,1.1319e+07,1.48816e+11,-1.87943e+10
6.3071e+07,3413.58,1.1319e+07,1.48863e+11,-1.84218e+10
6.30773e+07,3276.47,1.1319e+07,1.48909e+11,-1.80492e+10
6.30836e+07,3142.16,1.1319e+07,1.48953e+11,-1.76765e+10
6.309e+07,3010.65,1.1319e+07,1.48997e+11,-1.73036e+10
6.30963e+07,2881.94,1.1319e+07,1.4904e+11,-1.69307e+10
6.31026e+07,2756.03,1.1319e+07,1.49082e+11,-1.65576e+10
6.31089e+07,2632.93,1.1319e+07,1.49123e+11,-1.61845e+10
