t,x1,y1,x2,y2
0,0,0,1.5e+11,0
6311.52,0.70523,0.000496399,1.5e+11,3.75403e+08
12623,2.82092,0.00452274,1.49998e+11,7.50805e+08
18934.6,6.34704,0.015609,1.49996e+11,1.1262e+09
25246.1,11.2836,0.0372849,1.49992e+11,1.50159e+09
31557.6,17.6305,0.0730804,1.49988e+11,1.87697e+09
37869.1,25.3878,0.126525,1.49983e+11,2.25234e+09
44180.6,34.5554,0.201149,1.49977e+11,2.62769e+09
50492.2,45.1332,0.300481,1.4997e+11,3.00303e+09
56803.7,57.1213,0.428051,1.49962e+11,3.37835e+09
63115.2,70.5194,0.587387,1.49953e+11,3.75365e+09
69426.7,85.3275,0.78202,1.49943e+11,4.12892e+09
75738.2,101.546,1.01548,1.49932e+11,4.50417e+09
82049.8,119.173,1.29129,1.49921e+11,4.87939e+09
88361.3,138.211,1.61298,1.49908e+11,5.25458e+09
94672.8,158.658,1.98408,1.49894e+11,5.62974e+09
100984,180.515,2.40812,1.4988e+11,6.00486e+09
107296,203.781,2.88862,1.49864e+11,6.37994e+09
113607,228.456,3.42911,1.49848e+11,6.75498e+09
119919,254.54,4.03312,1.4983e+11,7.12999e+09
126230,282.033,4.70417,1.49812e+11,7.50494e+09
132542,310.935,5.44579,1.49793e+11,7.87985e+09
138853,341.245,6.26151,1.49773e+11,8.25471e+09
145165,372.964,7.15485,1.49752e+11,8.62952e+09
151476,406.091,8.12933,1.49729e+11,9.00428e+09
157788,440.625,9.18848,1.49706e+11,9.37897e+09
164100,476.568,10.3358,1.49683e+11,9.75361e+09
170411,513.917,11.5749,1.49658e+11,1.01282e+10
176723,552.674,12.9092,1.49632e+11,1.05027e+10
183034,592.839,14.3422,1.49605e+11,1.08772e+10
189346,634.409,15.8775,1.49577e+11,1.12515e+10
195657,677.387,17.5187,1.49549e+11,1.16258e+10
201969,721.77,19.2691,1.49519e+11,1.20001e+10
208280,767.56,21.1324,1.49489e+11,1.23742e+10
214592,814.755,23.112,1.49457e+11,1.27483e+10
220903,863.355,25.2115,1.49425e+11,1.31223e+10
227215,913.361,27.4344,1.49392e+11,1.34963e+10
233526,964.771,29.7842,1.49357e+11,1.38701e+10
239838,1017.59,32.2645,1.49322e+11,1.42439e+10
246149,1071.8,34.8786,1.49286e+11,1.46175e+10
252461,1127.43,37.6303,1.49249e+11,1.49911e+10
258772,1184.45,40.5228,1.49211e+11,1.53646e+10
265084,1242.88,43.5599,1.49172e+11,1.57379e+10
271395,1302.71,46.7449,1.49132e+11,1.61112e+10
277707,1363.95,50.0815,1.49091e+11,1.64844e+10
284018,1426.58,53.573,1.4905e+11,1.68575e+10
290330,1490.62,57.223,1.49007e+11,1.72305e+10
296641,1556.06,61.0351,1.48963e+11,1.76033e+10
302953,1622.9,65.0127,1.48919e+11,1.79761e+10
309264,1691.14,69.1593,1.48874e+11,1.83487e+10
315576,1760.78,73.4785,1.48827e+11,1.87212e+10
321888,1831.82,77.9737,1.4878e+11,1.90937e+10
328199,1904.25,82.6484,1.48732e+11,1.94659e+10
334511,1978.09,87.5062,1.48682e+11,1.98381e+10
340822,2053.32,92.5505,1.48632e+11,2.02102e+10
347134,2129.96,97.7848,1.48581e+11,2.05821e+10
353445,2207.99,103.213,1.48529e+11,2.09539e+10
359757,2287.41,108.838,1.48476e+11,2.13255e+10
366068,2368.23,114.663,1.48423e+11,2.1697e+10
372380,2450.45,120.693,1.48368e+11,2.20684e+10
378691,2534.06,126.929,1.48312e+11,2.24397e+10
385003,2619.07,133.377,1.48255e+11,2.28108e+10
391314,2705.47,140.04,1.48198e+11,2.31818e+10
397626,2793.27,146.92,1.48139e+11,2.35526e+10
403937,2882.45,154.022,1.4808e+11,2.39232e+10
410249,2973.03,161.349,1.4802e+11,2.42938e+10
416560,3065.01,168.904,1.47958e+11,2.46641e+10
422872,3158.37,176.692,1.47896e+11,2.50344e+10
429183,3253.12,184.714,1.47833e+11,2.54044e+10
435495,3349.27,192.976,1.47769e+11,2.57743e+10
441806,3446.8,201.48,1.47704e+11,2.61441e+10
448118,3545.72,210.229,1.47638e+11,2.65136e+10
454429,3646.03,219.228,1.47571e+11,2.6883e+10
460741,3747.73,228.48,1.47504e+11,2.72523e+10
467052,3850.82,237.988,1.47435e+11,2.76214e+10
473364,3955.29,247.756,1.47365e+11,2.79903e+10
479676,4061.15,257.787,1.47295e+11,2.8359e+10
485987,4168.39,268.084,1.47223e+11,2.87275e+10
492299,4277.01,278.652,1.47151e+11,2.90959e+10
498610,4387.02,289.493,1.47078e+11,2.94641e+10
504922,4498.42,300.612,1.47004e+11,2.98321e+10
511233,4611.19,312.011,1.46928e+11,3.01999e+10
517545,4725.35,323.694,1.46852e+11,3.05675e+10
523856,4840.89,335.664,1.46775e+11,3.09349e+10
530168,4957.81,347.925,1.46698e+11,3.13022e+10
536479,5076.1,360.481,1.46619e+11,3.16692e+10
542791,5195.78,373.334,1.46539e+11,3.2036e+10
549102,5316.83,386.488,1.46458e+11,3.24027e+10
555414,5439.27,399.948,1.46377e+11,3.27691e+10
561725,5563.07,413.715,1.46294e+11,3.31354e+10
568037,5688.26,427.794,1.46211e+11,3.35014e+10
574348,5814.81,442.188,1.46127e+11,3.38672e+10
580660,5942.75,456.9,1.46041e+11,3.42328e+10
586971,6072.05,471.935,1.45955e+11,3.45982e+10
593283,6202.73,487.294,1.45868e+11,3.49634e+10
599594,6334.78,502.983,1.4578e+11,3.53283e+10
605906,6468.2,519.003,1.45691e+11,3.56931e+10
612217,6602.99,535.359,1.45602e+11,3.60576e+10
618529,6739.15,552.055,1.45511e+11,3.64218e+10
624840,6876.68,569.092,1.45419e+11,3.67859e+10
631152,7015.57,586.476,1.45327e+11,3.71497e+10
637464,7155.83,604.209,1.45233e+11,3.75133e+10
643775,7297.46,622.295,1.45139e+11,3.78767e+10
650087,7440.45,640.737,1.45044e+11,3.82398e+10
656398,7584.81,659.538,1.44948e+11,3.86027e+10
662710,7730.53,678.702,1.44851e+11,3.89653e+10
669021,7877.61,698.233,1.44753e+11,3.93277e+10
675333,8026.05,718.134,1.44654e+11,3.96898e+10
681644,8175.85,738.408,1.44554e+11,4.00517e+10
687956,8327.01,759.058,1.44453e+11,4.04134e+10
694267,8479.53,780.088,1.44352e+11,4.07748e+10
700579,8633.41,801.502,1.44249e+11,4.11359e+10
706890,8788.64,823.303,1.44146e+11,4.14968e+10
713202,8945.23,845.494,1.44042e+11,4.18574e+10
719513,9103.17,868.078,1.43936e+11,4.22178e+10
725825,9262.47,891.06,1.4383e+11,4.25779e+10
732136,9423.12,914.441,1.43723e+11,4.29377e+10
738448,9585.12,938.227,1.43615e+11,4.32973e+10
744759,9748.47,962.42,1.43506e+11,4.36566e+10
751071,9913.17,987.023,1.43397e+11,4.40156e+10
757382,10079.2,1012.04,1.43286e+11,4.43743e+10
763694,10246.6,1037.47,1.43175e+11,4.47328e+10
770005,10415.4,1063.33,1.43062e+11,4.5091e+10
776317,10585.4,1089.61,1.42949e+11,4.54489e+10
782628,10756.9,1116.31,1.42835e+11,4.58065e+10
788940,10929.7,1143.45,1.4272e+11,4.61638e+10
795252,11103.8,1171.02,1.42604e+11,4.65208e+10
801563,11279.2,1199.03,1.42487e+11,4.68776e+10
807875,11456,1227.48,1.42369e+11,4.7234e+10
814186,11634.2,1256.37,1.4225e+11,4.75902e+10
820498,11813.6,1285.71,1.42131e+11,4.79461e+10
826809,11994.4,1315.51,1.4201e+11,4.83016e+10
833121,12176.6,1345.75,1.41889e+11,4.86569e+10
839432,12360.1,1376.46,1.41767e+11,4.90118e+10
845744,12544.9,1407.62,1.41644e+11,4.93665e+10
852055,12731,1439.25,1.4152e+11,4.97208e+10
858367,12918.5,1471.34,1.41395e+11,5.00748e+10
864678,13107.3,1503.91,1.41269e+11,5.04285e+10
870990,13297.4,1536.95,1.41142e+11,5.07819e+10
877301,13488.9,1570.47,1.41015e+11,5.1135e+10
883613,13681.7,1604.47,1.40887e+11,5.14878e+10
889924,13875.8,1638.95,1.40757e+11,5.18402e+10
896236,14071.2,1673.93,1.40627e+11,5.21923e+10
902547,14268,1709.39,1.40496e+11,5.25441e+10
908859,14466.1,1745.34,1.40364e+11,5.28956e+10
915170,14665.5,1781.8,1.40231e+11,5.32467e+10
921482,14866.2,1818.75,1.40098e+11,5.35975e+10
927793,15068.2,1856.21,1.39963e+11,5.39479e+10
934105,15271.6,1894.17,1.39827e+11,5.4298e+10
940416,15476.2,1932.65,1.39691e+11,5.46478e+10
946728,15682.2,1971.64,1.39554e+11,5.49972e+10
953040,15889.5,2011.15,1.39416e+11,5.53463e+10
959351,16098.1,2051.17,1.39277e+11,5.56951e+10
965663,16308,2091.72,1.39137e+11,5.60435e+10
971974,16519.2,2132.8,1.38996e+11,5.63915e+10
978286,16731.8,2174.41,1.38855e+11,5.67392e+10
984597,16945.6,2216.55,1.38712e+11,5.70865e+10
990909,17160.7,2259.23,1.38569e+11,5.74335e+10
997220,17377.2,2302.45,1.38425e+11,5.77801e+10
1.00353e+06,17594.9,2346.21,1.3828e+11,5.81264e+10
1.00984e+06,17813.9,2390.52,1.38134e+11,5.84723e+10
1.01615e+06,18034.3,2435.38,1.37987e+11,5.88178e+10
1.02247e+06,18255.9,2480.79,1.3784e+11,5.91629e+10
1.02878e+06,18478.9,2526.76,1.37691e+11,5.95077e+10
1.03509e+06,18703.1,2573.28,1.37542e+11,5.98521e+10
1.0414e+06,18928.6,2620.37,1.37391e+11,6.01962e+10
1.04771e+06,19155.4,2668.03,1.3724e+11,6.05398e+10
1.05402e+06,19383.5,2716.25,1.37088e+11,6.08831e+10
1.06034e+06,19612.9,2765.05,1.36936e+11,6.1226e+10
1.06665e+06,19843.6,2814.42,1.36782e+11,6.15685e+10
1.07296e+06,20075.6,2864.38,1.36627e+11,6.19107e+10
1.07927e+06,20308.8,2914.91,1.36472e+11,6.22524e+10
1.08558e+06,20543.4,2966.03,1.36316e+11,6.25938e+10
1.09189e+06,20779.2,3017.74,1.36159e+11,6.29347e+10
1.0982e+06,21016.3,3070.04,1.36001e+11,6.32753e+10
1.10452e+06,21254.6,3122.94,1.35842e+11,6.36154e+10
1.11083e+06,21494.3,3176.43,1.35682e+11,6.39552e+10
1.11714e+06,21735.2,3230.52,1.35522e+11,6.42946e+10
1.12345e+06,21977.4,3285.22,1.35361e+11,6.46336e+10
1.12976e+06,22220.9,3340.53,1.35198e+11,6.49721e+10
1.13607e+06,22465.7,3396.45,1.35035e+11,6.53103e+10
1.14239e+06,22711.7,3452.98,1.34872e+11,6.5648e+10
1.1487e+06,22959,3510.13,1.34707e+11,6.59854e+10
1.15501e+06,23207.5,3567.9,1.34541e+11,6.63223e+10
1.16132e+06,23457.3,3626.29,1.34375e+11,6.66588e+10
1.16763e+06,23708.4,3685.31,1.34208e+11,6.69949e+10
1.17394e+06,23960.8,3744.96,1.3404e+11,6.73306e+10
1.18025e+06,24214.4,3805.25,1.33871e+11,6.76658e+10
1.18657e+06,24469.2,3866.17,1.33701e+11,6.80006e+10
1.19288e+06,24725.3,3927.73,1.3353e+11,6.8335e+10
1.19919e+06,24982.7,3989.93,1.33359e+11,6.8669e+10
1.2055e+06,25241.3,4052.77,1.33187e+11,6.90025e+10
1.21181e+06,25501.2,4116.27,1.33013e+11,6.93356e+10
1.21812e+06,25762.4,4180.42,1.32839e+11,6.96683e+10
1.22443e+06,26024.7,4245.22,1.32665e+11,7.00006e+10
1.23075e+06,26288.4,4310.68,1.32489e+11,7.03324e+10
1.23706e+06,26553.2,4376.81,1.32313e+11,7.06637e+10
1.24337e+06,26819.4,4443.59,1.32135e+11,7.09946e+10
1.24968e+06,27086.7,4511.05,1.31957e+11,7.13251e+10
1.25599e+06,27355.3,4579.17,1.31778e+11,7.16551e+10
1.2623e+06,27625.2,4647.97,1.31599e+11,7.19847e+10
1.26862e+06,27896.2,4717.45,1.31418e+11,7.23138e+10
1.27493e+06,28168.6,4787.61,1.31237e+11,7.26425e+10
1.28124e+06,28442.1,4858.44,1.31054e+11,7.29707e+10
1.28755e+06,28716.9,4929.97,1.30871e+11,7.32985e+10
1.29386e+06,28992.9,5002.18,1.30688e+11,7.36258e+10
1.30017e+06,29270.1,5075.09,1.30503e+11,7.39526e+10
1.30648e+06,29548.6,5148.69,1.30317e+11,7.4279e+10
1.3128e+06,29828.3,5222.99,1.30131e+11,7.46049e+10
1.31911e+06,30109.2,5298,1.29944e+11,7.49303e+10
1.32542e+06,30391.3,5373.7,1.29756e+11,7.52553e+10
1.33173e+06,30674.7,5450.12,1.29567e+11,7.55798e+10
1.33804e+06,30959.3,5527.24,1.29378e+11,7.59039e+10
1.34435e+06,31245.1,5605.08,1.29187e+11,7.62274e+10
1.35067e+06,31532.1,5683.64,1.28996e+11,7.65505e+10
1.35698e+06,31820.3,5762.91,1.28804e+11,7.68731e+10
1.36329e+06,32109.7,5842.91,1.28611e+11,7.71952e+10
1.3696e+06,32400.4,5923.63,1.28418e+11,7.75168e+10
1.37591e+06,32692.2,6005.09,1.28223e+11,7.7838e+10
1.38222e+06,32985.3,6087.27,1.28028e+11,7.81586e+10
1.38853e+06,33279.5,6170.19,1.27832e+11,7.84788e+10
1.39485e+06,33575,6253.85,1.27635e+11,7.87985e+10
1.40116e+06,33871.6,6338.25,1.27438e+11,7.91177e+10
1.40747e+06,34169.5,6423.39,1.27239e+11,7.94364e+10
1.41378e+06,34468.6,6509.28,1.2704e+11,7.97546e+10
1.42009e+06,34768.8,6595.92,1.2684e+11,8.00723e+10
1.4264e+06,35070.3,6683.31,1.26639e+11,8.03894e+10
1.43272e+06,35372.9,6771.46,1.26438e+11,8.07061e+10
1.43903e+06,35676.7,6860.37,1.26235e+11,8.10223e+10
1.44534e+06,35981.7,6950.04,1.26032e+11,8.1338e+10
1.45165e+06,36287.9,7040.47,1.25828e+11,8.16531e+10
1.45796e+06,36595.3,7131.67,1.25624e+11,8.19678e+10
1.46427e+06,36903.8,7223.65,1.25418e+11,8.22819e+10
1.47058e+06,37213.6,7316.39,1.25212e+11,8.25956e+10
1.4769e+06,37524.5,7409.92,1.25005e+11,8.29087e+10
1.48321e+06,37836.6,7504.22,1.24797e+11,8.32213e+10
1.48952e+06,38149.9,7599.3,1.24588e+11,8.35333e+10
1.49583e+06,38464.3,7695.17,1.24379e+11,8.38449e+10
1.50214e+06,38779.9,7791.83,1.24168e+11,8.41559e+10
1.50845e+06,39096.7,7889.28,1.23957e+11,8.44664e+10
1.51476e+06,39414.6,7987.53,1.23746e+11,8.47763e+10
1.52108e+06,39733.7,8086.57,1.23533e+11,8.50858e+10
1.52739e+06,40054,8186.41,1.2332e+11,8.53947e+10
1.5337e+06,40375.4,8287.06,1.23106e+11,8.5703e+10
1.54001e+06,40698,8388.51,1.22891e+11,8.60109e+10
1.54632e+06,41021.7,8490.77,1.22675e+11,8.63182e+10
1.55263e+06,41346.6,8593.84,1.22459e+11,8.66249e+10
1.55895e+06,41672.6,8697.72,1.22241e+11,8.69311e+10
1.56526e+06,41999.8,8802.43,1.22024e+11,8.72368e+10
1.57157e+06,42328.2,8907.95,1.21805e+11,8.75419e+10
1.57788e+06,42657.7,9014.29,1.21585e+11,8.78464e+10
1.58419e+06,42988.3,9121.47,1.21365e+11,8.81505e+10
1.5905e+06,43320,9229.47,1.21144e+11,8.84539e+10
1.59681e+06,43653,9338.3,1.20922e+11,8.87568e+10
1.60313e+06,43987,9447.97,1.207e+11,8.90592e+10
1.60944e+06,44322.2,9558.47,1.20477e+11,8.9361e+10
1.61575e+06,44658.5,9669.82,1.20253e+11,8.96622e+10
1.62206e+06,44995.9,9782.01,1.20028e+11,8.99629e+10
1.62837e+06,45334.5,9895.04,1.19802e+11,9.0263e+10
1.63468e+06,45674.2,10008.9,1.19576e+11,9.05625e+10
1.641e+06,46015,10123.7,1.19349e+11,9.08615e+10
1.64731e+06,46357,10239.2,1.19121e+11,9.11599e+10
1.65362e+06,46700,10355.7,1.18893e+11,9.14578e+10
1.65993e+06,47044.2,10473,1.18663e+11,9.1755e+10
1.66624e+06,47389.5,10591.2,1.18433e+11,9.20517e+10
1.67255e+06,47735.9,10710.2,1.18203e+11,9.23478e+10
1.67886e+06,48083.4,10830.1,1.17971e+11,9.26434e+10
1.68518e+06,48432.1,10950.9,1.17739e+11,9.29383e+10
1.69149e+06,48781.8,11072.5,1.17506e+11,9.32327e+10
1.6978e+06,49132.7,11195.1,1.17272e+11,9.35265e+10
1.70411e+06,49484.6,11318.5,1.17038e+11,9.38197e+10
1.71042e+06,49837.7,11442.7,1.16803e+11,9.41123e+10
1.71673e+06,50191.8,11567.9,1.16567e+11,9.44043e+10
1.72304e+06,50547,11694,1.1633e+11,9.46958e+10
1.72936e+06,50903.4,11820.9,1.16093e+11,9.49866e+10
1.73567e+06,51260.8,11948.8,1.15855e+11,9.52769e+10
1.74198e+06,51619.3,12077.5,1.15616e+11,9.55665e+10
1.74829e+06,51978.9,12207.1,1.15376e+11,9.58556e+10
1.7546e+06,52339.6,12337.7,1.15136e+11,9.6144e+10
1.76091e+06,52701.4,12469.1,1.14895e+11,9.64319e+10
1.76723e+06,53064.2,12601.5,1.14653e+11,9.67191e+10
1.77354e+06,53428.2,12734.7,1.14411e+11,9.70057e+10
1.77985e+06,53793.2,12868.9,1.14168e+11,9.72918e+10
1.78616e+06,54159.3,13004,1.13924e+11,9.75772e+10
1.79247e+06,54526.4,13140,1.13679e+11,9.7862e+10
1.79878e+06,54894.6,13276.9,1.13434e+11,9.81462e+10
1.80509e+06,55263.9,13414.8,1.13188e+11,9.84298e+10
1.81141e+06,55634.3,13553.5,1.12942e+11,9.87128e+10
1.81772e+06,56005.7,13693.2,1.12694e+11,9.89951e+10
1.82403e+06,56378.2,13833.9,1.12446e+11,9.92768e+10
1.83034e+06,56751.7,13975.4,1.12197e+11,9.95579e+10
1.83665e+06,57126.3,14117.9,1.11948e+11,9.98384e+10
1.84296e+06,57501.9,14261.4,1.11697e+11,1.00118e+11
1.84928e+06,57878.6,14405.7,1.11447e+11,1.00398e+11
1.85559e+06,58256.3,14551.1,1.11195e+11,1.00676e+11
1.8619e+06,58635.1,14697.3,1.10943e+11,1.00954e+11
1.86821e+06,59014.9,14844.6,1.1069e+11,1.01231e+11
1.87452e+06,59395.8,14992.7,1.10436e+11,1.01508e+11
1.88083e+06,59777.7,15141.9,1.10182e+11,1.01784e+11
1.88714e+06,60160.6,15291.9,1.09926e+11,1.0206e+11
1.89346e+06,60544.6,15443,1.09671e+11,1.02334e+11
1.89977e+06,60929.6,15595,1.09414e+11,1.02609e+11
1.90608e+06,61315.6,15748,1.09157e+11,1.02882e+11
1.91239e+06,61702.7,15901.9,1.08899e+11,1.03155e+11
1.9187e+06,62090.8,16056.8,1.08641e+11,1.03427e+11
1.92501e+06,62479.9,16212.7,1.08382e+11,1.03699e+11
1.93133e+06,62870,16369.6,1.08122e+11,1.0397e+11
1.93764e+06,63261.2,16527.4,1.07861e+11,1.0424e+11
1.94395e+06,63653.3,16686.2,1.076e+11,1.0451e+11
1.95026e+06,64046.5,16846,1.07338e+11,1.04779e+11
1.95657e+06,64440.7,17006.8,1.07076e+11,1.05047e+11
1.96288e+06,64835.8,17168.5,1.06812e+11,1.05314e+11
1.96919e+06,65232,17331.3,1.06548e+11,1.05581e+11
1.97551e+06,65629.2,17495.1,1.06284e+11,1.05848e+11
1.98182e+06,66027.4,17659.8,1.06019e+11,1.06113e+11
1.98813e+06,66426.6,17825.6,1.05753e+11,1.06378e+11
1.99444e+06,66826.8,17992.3,1.05486e+11,1.06643e+11
2.00075e+06,67227.9,18160,1.05219e+11,1.06906e+11
2.00706e+06,67630.1,18328.8,1.04951e+11,1.07169e+11
2.01337e+06,68033.3,18498.6,1.04682e+11,1.07432e+11
2.01969e+06,68437.4,18669.3,1.04413e+11,1.07693e+11
2.026e+06,68842.5,18841.1,1.04143e+11,1.07954e+11
2.03231e+06,69248.6,19013.9,1.03873e+11,1.08215e+11
2.03862e+06,69655.7,19187.7,1.03602e+11,1.08474e+11
2.04493e+06,70063.7,19362.6,1.0333e+11,1.08733e+11
2.05124e+06,70472.7,19538.4,1.03058e+11,1.08992e+11
2.05756e+06,70882.7,19715.3,1.02784e+11,1.09249e+11
2.06387e+06,71293.7,19893.2,1.02511e+11,1.09506e+11
2.07018e+06,71705.6,20072.2,1.02236e+11,1.09762e+11
2.07649e+06,72118.5,20252.1,1.01961e+11,1.10018e+11
2.0828e+06,72532.3,20433.1,1.01686e+11,1.10273e+11
2.08911e+06,72947.1,20615.2,1.01409e+11,1.10527e+11
2.09542e+06,73362.8,20798.3,1.01132e+11,1.1078e+11
2.10174e+06,73779.5,20982.4,1.00855e+11,1.11033e+11
2.10805e+06,74197.2,21167.6,1.00577e+11,1.11285e+11
2.11436e+06,74615.8,21353.8,1.00298e+11,1.11536e+11
2.12067e+06,75035.3,21541.1,1.00018e+11,1.11787e+11
2.12698e+06,75455.8,21729.4,9.97383e+10,1.12037e+11
2.13329e+06,75877.2,21918.7,9.94576e+10,1.12286e+11
2.13961e+06,76299.5,22109.2,9.91762e+10,1.12535e+11
2.14592e+06,76722.8,22300.7,9.88943e+10,1.12783e+11
2.15223e+06,77147,22493.2,9.86117e+10,1.1303e+11
2.15854e+06,77572.2,22686.8,9.83285e+10,1.13276e+11
2.16485e+06,77998.2,22881.5,9.80447e+10,1.13522e+11
2.17116e+06,78425.2,23077.2,9.77603e+10,1.13767e+11
2.17747e+06,78853.1,23274,9.74753e+10,1.14011e+11
2.18379e+06,79281.9,23471.9,9.71896e+10,1.14255e+11
2.1901e+06,79711.7,23670.9,9.69034e+10,1.14498e+11
2.19641e+06,80142.3,23870.9,9.66165e+10,1.1474e+11
2.20272e+06,80573.9,24072,9.63291e+10,1.14981e+11
2.20903e+06,81006.3,24274.2,9.6041e+10,1.15222e+11
2.21534e+06,81439.7,24477.5,9.57523e+10,1.15462e+11
2.22166e+06,81873.9,24681.8,9.54631e+10,1.15701e+11
2.22797e+06,82309.1,24887.3,9.51732e+10,1.1594e+11
2.23428e+06,82745.2,25093.8,9.48828e+10,1.16178e+11
2.24059e+06,83182.1,25301.5,9.45917e+10,1.16415e+11
2.2469e+06,83619.9,25510.2,9.43001e+10,1.16651e+11
2.25321e+06,84058.7,25720,9.40078e+10,1.16887e+11
2.25952e+06,84498.3,25930.9,9.3715e+10,1.17122e+11
2.26584e+06,84938.8,26143,9.34216e+10,1.17356e+11
2.27215e+06,85380.1,26356.1,9.31276e+10,1.17589e+11
2.27846e+06,85822.4,26570.3,9.2833e+10,1.17822e+11
2.28477e+06,86265.5,26785.7,9.25378e+10,1.18054e+11
2.29108e+06,86709.5,27002.1,9.22421e+10,1.18285e+11
2.29739e+06,87154.3,27219.7,9.19458e+10,1.18516e+11
2.3037e+06,87600,27438.3,9.16489e+10,1.18745e+11
2.31002e+06,88046.6,27658.1,9.13514e+10,1.18974e+11
2.31633e+06,88494,27879.1,9.10534e+10,1.19203e+11
2.32264e+06,88942.3,28101.1,9.07547e+10,1.1943e+11
2.32895e+06,89391.5,28324.2,9.04556e+10,1.19657e+11
2.33526e+06,89841.5,28548.5,9.01558e+10,1.19883e+11
2.34157e+06,90292.3,28773.9,8.98555e+10,1.20108e+11
2.34789e+06,90744,29000.5,8.95546e+10,1.20333e+11
2.3542e+06,91196.6,29228.1,8.92532e+10,1.20556e+11
2.36051e+06,91649.9,29457,8.89512e+10,1.20779e+11
2.36682e+06,92104.1,29686.9,8.86487e+10,1.21002e+11
2.37313e+06,92559.2,29918,8.83455e+10,1.21223e+11
2.37944e+06,93015.1,30150.2,8.80419e+10,1.21444e+11
2.38575e+06,93471.8,30383.5,8.77377e+10,1.21664e+11
2.39207e+06,93929.3,30618.1,8.74329e+10,1.21883e+11
2.39838e+06,94387.6,30853.7,8.71276e+10,1.22102e+11
2.40469e+06,94846.8,31090.5,8.68217e+10,1.22319e+11
2.411e+06,95306.8,31328.4,8.65153e+10,1.22536e+11
2.41731e+06,95767.6,31567.5,8.62084e+10,1.22752e+11
2.42362e+06,96229.2,31807.8,8.59009e+10,1.22968e+11
2.42994e+06,96691.6,32049.2,8.55929e+10,1.23182e+11
2.43625e+06,97154.8,32291.8,8.52843e+10,1.23396e+11
2.44256e+06,97618.8,32535.5,8.49753e+10,1.23609e+11
2.44887e+06,98083.7,32780.4,8.46656e+10,1.23821e+11
2.45518e+06,98549.3,33026.5,8.43555e+10,1.24033e+11
2.46149e+06,99015.7,33273.7,8.40448e+10,1.24244e+11
2.4678e+06,99482.9,33522.1,8.37336e+10,1.24454e+11
2.47412e+06,99950.9,33771.6,8.34219e+10,1.24663e+11
2.48043e+06,100420,34022.4,8.31096e+10,1.24871e+11
2.48674e+06,100889,34274.3,8.27968e+10,1.25079e+11
2.49305e+06,101360,34527.4,8.24836e+10,1.25286e+11
2.49936e+06,101831,34781.6,8.21697e+10,1.25492e+11
2.50567e+06,102303,35037.1,8.18554e+10,1.25697e+11
2.51198e+06,102775,35293.7,8.15406e+10,1.25901e+11
2.5183e+06,103249,35551.5,8.12252e+10,1.26105e+11
2.52461e+06,103723,35810.5,8.09094e+10,1.26308e+11
2.53092e+06,104198,36070.7,8.0593e+10,1.2651e+11
2.53723e+06,104673,36332,8.02761e+10,1.26711e+11
2.54354e+06,105150,36594.6,7.99588e+10,1.26912e+11
2.54985e+06,105627,36858.3,7.96409e+10,1.27111e+11
2.55617e+06,106105,37123.3,7.93225e+10,1.2731e+11
2.56248e+06,106584,37389.4,7.90037e+10,1.27509e+11
2.56879e+06,107063,37656.8,7.86843e+10,1.27706e+11
2.5751e+06,107543,37925.3,7.83645e+10,1.27902e+11
2.58141e+06,108024,38195.1,7.80441e+10,1.28098e+11
2.58772e+06,108506,38466,7.77233e+10,1.28293e+11
2.59403e+06,108988,38738.2,7.7402e+10,1.28487e+11
2.60035e+06,109471,39011.6,7.70801e+10,1.2868e+11
2.60666e+06,109955,39286.1,7.67579e+10,1.28873e+11
2.61297e+06,110440,39561.9,7.64351e+10,1.29065e+11
2.61928e+06,110925,39838.9,7.61118e+10,1.29256e+11
2.62559e+06,111411,40117.2,7.57881e+10,1.29446e+11
2.6319e+06,111898,40396.6,7.54639e+10,1.29635e+11
2.63822e+06,112385,40677.3,7.51392e+10,1.29823e+11
2.64453e+06,112873,40959.1,7.48141e+10,1.30011e+11
2.65084e+06,113362,41242.2,7.44885e+10,1.30198e+11
2.65715e+06,113852,41526.6,7.41624e+10,1.30384e+11
2.66346e+06,114342,41812.1,7.38359e+10,1.30569e+11
2.66977e+06,114833,42098.9,7.35089e+10,1.30753e+11
2.67608e+06,115324,42386.9,7.31814e+10,1.30937e+11
2.6824e+06,115817,42676.1,7.28535e+10,1.3112e+11
2.68871e+06,116310,42966.6,7.25251e+10,1.31302e+11
2.69502e+06,116803,43258.3,7.21963e+10,1.31483e+11
2.70133e+06,117298,43551.2,7.1867e+10,1.31663e+11
2.70764e+06,117793,43845.4,7.15372e+10,1.31842e+11
2.71395e+06,118288,44140.8,7.12071e+10,1.32021e+11
2.72027e+06,118785,44437.5,7.08764e+10,1.32199e+11
2.72658e+06,119282,44735.4,7.05453e+10,1.32376e+11
2.73289e+06,119780,45034.5,7.02138e+10,1.32552e+11
2.7392e+06,120278,45334.9,6.98819e+10,1.32727e+11
2.74551e+06,120777,45636.6,6.95495e+10,1.32902e+11
2.75182e+06,121277,45939.5,6.92167e+10,1.33075e+11
2.75813e+06,121777,46243.6,6.88834e+10,1.33248e+11
2.76445e+06,122278,46549,6.85497e+10,1.3342e+11
2.77076e+06,122779,46855.7,6.82156e+10,1.33591e+11
2.77707e+06,123282,47163.6,6.7881e+10,1.33762e+11
2.78338e+06,123785,47472.7,6.7546e+10,1.33931e+11
2.78969e+06,124288,47783.2,6.72106e+10,1.341e+11
2.796e+06,124792,48094.9,6.68748e+10,1.34267e+11
2.80231e+06,125297,48407.8,6.65386e+10,1.34434e+11
2.80863e+06,125802,48722,6.62019e+10,1.34601e+11
2.81494e+06,126308,49037.5,6.58649e+10,1.34766e+11
2.82125e+06,126815,49354.2,6.55274e+10,1.3493e+11
2.82756e+06,127322,49672.3,6.51895e+10,1.35094e+11
2.83387e+06,127830,49991.5,6.48512e+10,1.35257e+11
2.84018e+06,128339,50312.1,6.45125e+10,1.35418e+11
2.8465e+06,128848,50633.9,6.41734e+10,1.35579e+11
2.85281e+06,129358,50957,6.38338e+10,1.3574e+11
2.85912e+06,129868,51281.4,6.34939e+10,1.35899e+11
2.86543e+06,130379,51607.1,6.31536e+10,1.36057e+11
2.87174e+06,130890,51934,6.28129e+10,1.36215e+11
2.87805e+06,131402,52262.2,6.24718e+10,1.36372e+11
2.88436e+06,131915,52591.7,6.21303e+10,1.36528e+11
2.89068e+06,132428,52922.5,6.17884e+10,1.36683e+11
2.89699e+06,132942,53254.6,6.14462e+10,1.36837e+11
2.9033e+06,133456,53587.9,6.11035e+10,1.3699e+11
2.90961e+06,133971,53922.6,6.07605e+10,1.37143e+11
2.91592e+06,134487,54258.5,6.04171e+10,1.37294e+11
2.92223e+06,135003,54595.7,6.00733e+10,1.37445e+11
2.92855e+06,135520,54934.3,5.97291e+10,1.37595e+11
2.93486e+06,136037,55274.1,5.93846e+10,1.37744e+11
2.94117e+06,136555,55615.2,5.90396e+10,1.37892e+11
2.94748e+06,137073,55957.6,5.86943e+10,1.3804e+11
2.95379e+06,137592,56301.3,5.83487e+10,1.38186e+11
2.9601e+06,138112,56646.3,5.80027e+10,1.38332e+11
2.96641e+06,138632,56992.6,5.76563e+10,1.38477e+11
2.97273e+06,139152,57340.2,5.73095e+10,1.3862e+11
2.97904e+06,139673,57689.1,5.69624e+10,1.38763e+11
2.98535e+06,140195,58039.3,5.6615e+10,1.38906e+11
2.99166e+06,140717,58390.8,5.62672e+10,1.39047e+11
2.99797e+06,141240,58743.7,5.5919e+10,1.39187e+11
3.00428e+06,141763,59097.8,5.55705e+10,1.39327e+11
3.0106e+06,142287,59453.2,5.52216e+10,1.39465e+11
3.01691e+06,142811,59810,5.48724e+10,1.39603e+11
3.02322e+06,143336,60168.1,5.45229e+10,1.3974e+11
3.02953e+06,143861,60527.4,5.4173e+10,1.39876e+11
3.03584e+06,144387,60888.1,5.38227e+10,1.40011e+11
3.04215e+06,144913,61250.2,5.34721e+10,1.40145e+11
3.04846e+06,145440,61613.5,5.31212e+10,1.40279e+11
3.05478e+06,145967,61978.1,5.277e+10,1.40411e+11
3.06109e+06,146495,62344.1,5.24184e+10,1.40543e+11
3.0674e+06,147023,62711.4,5.20665e+10,1.40674e+11
3.07371e+06,147552,63080,5.17143e+10,1.40804e+11
3.08002e+06,148081,63450,5.13618e+10,1.40932e+11
3.08633e+06,148611,63821.2,5.10089e+10,1.41061e+11
3.09264e+06,149141,64193.8,5.06557e+10,1.41188e+11
3.09896e+06,149672,64567.7,5.03022e+10,1.41314e+11
3.10527e+06,150203,64943,4.99484e+10,1.4144e+11
3.11158e+06,150735,65319.6,4.95942e+10,1.41564e+11
3.11789e+06,151267,65697.5,4.92398e+10,1.41688e+11
3.1242e+06,151800,66076.7,4.8885e+10,1.41811e+11
3.13051e+06,152333,66457.3,4.853e+10,1.41933e+11
3.13683e+06,152866,66839.2,4.81746e+10,1.42054e+11
3.14314e+06,153400,67222.4,4.78189e+10,1.42174e+11
3.14945e+06,153934,67607,4.7463e+10,1.42293e+11
3.15576e+06,154469,67992.9,4.71067e+10,1.42411e+11
3.16207e+06,155005,68380.2,4.67501e+10,1.42529e+11
3.16838e+06,155540,68768.8,4.63933e+10,1.42645e+11
3.17469e+06,156076,69158.7,4.60361e+10,1.42761e+11
3.18101e+06,156613,69550,4.56787e+10,1.42876e+11
3.18732e+06,157150,69942.6,4.5321e+10,1.4299e+11
3.19363e+06,157688,70336.6,4.4963e+10,1.43102e+11
3.19994e+06,158225,70731.9,4.46047e+10,1.43215e+11
3.20625e+06,158764,71128.6,4.42462e+10,1.43326e+11
3.21256e+06,159302,71526.6,4.38873e+10,1.43436e+11
3.21888e+06,159842,71926,4.35282e+10,1.43545e+11
3.22519e+06,160381,72326.7,4.31688e+10,1.43654e+11
3.2315e+06,160921,72728.7,4.28092e+10,1.43762e+11
3.23781e+06,161461,73132.1,4.24492e+10,1.43868e+11
3.24412e+06,162002,73536.9,4.2089e+10,1.43974e+11
3.25043e+06,162543,73943,4.17286e+10,1.44079e+11
3.25674e+06,163085,74350.5,4.13679e+10,1.44183e+11
3.26306e+06,163627,74759.3,4.10069e+10,1.44286e+11
3.26937e+06,164169,75169.5,4.06457e+10,1.44388e+11
3.27568e+06,164712,75581.1,4.02842e+10,1.44489e+11
3.28199e+06,165255,75994,3.99224e+10,1.4459e+11
3.2883e+06,165798,76408.2,3.95605e+10,1.44689e+11
3.29461e+06,166342,76823.9,3.91982e+10,1.44788e+11
3.30092e+06,166886,77240.8,3.88357e+10,1.44885e+11
3.30724e+06,167431,77659.2,3.8473e+10,1.44982e+11
3.31355e+06,167976,78078.9,3.81101e+10,1.45078e+11
3.31986e+06,168521,78500,3.77468e+10,1.45173e+11
3.32617e+06,169066,78922.4,3.73834e+10,1.45267e+11
3.33248e+06,169612,79346.2,3.70197e+10,1.4536e+11
3.33879e+06,170159,79771.4,3.66558e+10,1.45452e+11
3.34511e+06,170705,80197.9,3.62917e+10,1.45543e+11
3.35142e+06,171252,80625.8,3.59273e+10,1.45634e+11
3.35773e+06,171800,81055.1,3.55627e+10,1.45723e+11
3.36404e+06,172347,81485.8,3.51979e+10,1.45812e+11
3.37035e+06,172895,81917.8,3.48329e+10,1.45899e+11
3.37666e+06,173444,82351.2,3.44676e+10,1.45986e+11
3.38297e+06,173992,82785.9,3.41022e+10,1.46072e+11
3.38929e+06,174541,83222.1,3.37365e+10,1.46157e+11
3.3956e+06,175091,83659.6,3.33706e+10,1.46241e+11
3.40191e+06,175640,84098.5,3.30045e+10,1.46324e+11
3.40822e+06,176190,84538.7,3.26382e+10,1.46406e+11
3.41453e+06,176740,84980.4,3.22717e+10,1.46487e+11
3.42084e+06,177291,85423.4,3.1905e+10,1.46568e+11
3.42716e+06,177842,85867.8,3.15381e+10,1.46647e+11
3.43347e+06,178393,86313.5,3.11709e+10,1.46725e+11
3.43978e+06,178944,86760.7,3.08036e+10,1.46803e+11
3.44609e+06,179496,87209.2,3.04361e+10,1.4688e+11
3.4524e+06,180048,87659.1,3.00685e+10,1.46955e+11
3.45871e+06,180600,88110.4,2.97006e+10,1.4703e+11
3.46502e+06,181153,88563.1,2.93325e+10,1.47104e+11
3.47134e+06,181706,89017.2,2.89643e+10,1.47177e+11
3.47765e+06,182259,89472.6,2.85958e+10,1.47249e+11
3.48396e+06,182812,89929.5,2.82272e+10,1.4732e+11
3.49027e+06,183366,90387.7,2.78584e+10,1.4739e+11
3.49658e+06,183920,90847.3,2.74895e+10,1.4746e+11
3.50289e+06,184474,91308.3,2.71204e+10,1.47528e+11
3.50921e+06,185028,91770.6,2.6751e+10,1.47595e+11
3.51552e+06,185583,92234.4,2.63816e+10,1.47662e+11
3.52183e+06,186138,92699.6,2.60119e+10,1.47727e+11
3.52814e+06,186693,93166.1,2.56421e+10,1.47792e+11
3.53445e+06,187248,93634,2.52722e+10,1.47856e+11
3.54076e+06,187804,94103.3,2.49021e+10,1.47918e+11
3.54707e+06,188360,94574.1,2.45318e+10,1.4798e+11
3.55339e+06,188916,95046.2,2.41614e+10,1.48041e+11
3.5597e+06,189472,95519.7,2.37908e+10,1.48101e+11
3.56601e+06,190029,95994.5,2.34201e+10,1.4816e+11
3.57232e+06,190586,96470.8,2.30492e+10,1.48219e+11
3.57863e+06,191143,96948.5,2.26782e+10,1.48276e+11
3.58494e+06,191700,97427.6,2.2307e+10,1.48332e+11
3.59125e+06,192257,97908,2.19357e+10,1.48387e+11
3.59757e+06,192815,98389.9,2.15643e+10,1.48442e+11
3.60388e+06,193373,98873.1,2.11927e+10,1.48495e+11
3.61019e+06,193931,99357.8,2.0821e+10,1.48548e+11
3.6165e+06,194489,99843.8,2.04492e+10,1.486e+11
3.62281e+06,195047,100331,2.00772e+10,1.4865e+11
3.62912e+06,195606,100820,1.97051e+10,1.487e+11
3.63544e+06,196165,101310,1.93329e+10,1.48749e+11
3.64175e+06,196724,101802,1.89606e+10,1.48797e+11
3.64806e+06,197283,102295,1.85881e+10,1.48844e+11
3.65437e+06,197842,102789,1.82156e+10,1.4889e+11
3.66068e+06,198402,103285,1.78429e+10,1.48935e+11
3.66699e+06,198961,103783,1.74701e+10,1.48979e+11
3.6733e+06,199521,104281,1.70972e+10,1.49022e+11
3.67962e+06,200081,104781,1.67242e+10,1.49065e+11
3.68593e+06,200641,105283,1.63511e+10,1.49106e+11
3.69224e+06,201202,105786,1.59778e+10,1.49147e+11
3.69855e+06,201762,106290,1.56045e+10,1.49186e+11
3.70486e+06,202323,106795,1.52311e+10,1.49225e+11
3.71117e+06,202883,107302,1.48576e+10,1.49262e+11
3.71749e+06,203444,107811,1.4484e+10,1.49299e+11
3.7238e+06,204005,108321,1.41103e+10,1.49335e+11
3.73011e+06,204566,108832,1.37365e+10,1.4937e+11
3.73642e+06,205128,109345,1.33626e+10,1.49404e+11
3.74273e+06,205689,109859,1.29887e+10,1.49437e+11
3.74904e+06,206251,110374,1.26147e+10,1.49469e+11
3.75535e+06,206812,110891,1.22405e+10,1.495e+11
3.76167e+06,207374,111409,1.18664e+10,1.4953e+11
3.76798e+06,207936,111929,1.14921e+10,1.49559e+11
3.77429e+06,208498,112450,1.11178e+10,1.49587e+11
3.7806e+06,209060,112973,1.07434e+10,1.49615e+11
3.78691e+06,209622,113497,1.03689e+10,1.49641e+11
3.79322e+06,210184,114022,9.99434e+09,1.49667e+11
3.79954e+06,210747,114549,9.61974e+09,1.49691e+11
3.80585e+06,211309,115077,9.24508e+09,1.49715e+11
3.81216e+06,211872,115606,8.87036e+09,1.49737e+11
3.81847e+06,212434,116137,8.49559e+09,1.49759e+11
3.82478e+06,212997,116670,8.12076e+09,1.4978e+11
3.83109e+06,213560,117204,7.74588e+09,1.498e+11
3.8374e+06,214123,117739,7.37095e+09,1.49819e+11
3.84372e+06,214686,118275,6.99598e+09,1.49837e+11
3.85003e+06,215249,118813,6.62096e+09,1.49854e+11
3.85634e+06,215812,119353,6.24591e+09,1.4987e+11
3.86265e+06,216375,119894,5.87081e+09,1.49885e+11
3.86896e+06,216938,120436,5.49567e+09,1.49899e+11
3.87527e+06,217501,120979,5.12051e+09,1.49913e+11
3.88158e+06,218065,121524,4.74531e+09,1.49925e+11
3.8879e+06,218628,122071,4.37008e+09,1.49936e+11
3.89421e+06,219191,122619,3.99482e+09,1.49947e+11
3.90052e+06,219755,123168,3.61954e+09,1.49956e+11
3.90683e+06,220318,123719,3.24423e+09,1.49965e+11
3.91314e+06,220882,124271,2.8689e+09,1.49973e+11
3.91945e+06,221445,124824,2.49356e+09,1.49979e+11
3.92577e+06,222009,125379,2.1182e+09,1.49985e+11
3.93208e+06,222572,125936,1.74283e+09,1.4999e+11
3.93839e+06,223136,126493,1.36744e+09,1.49994e+11
3.9447e+06,223699,127052,9.92053e+08,1.49997e+11
3.95101e+06,224263,127613,6.16655e+08,1.49999e+11
3.95732e+06,224826,128175,2.41252e+08,1.5e+11
3.96363e+06,225390,128738,-1.34151e+08,1.5e+11
3.96995e+06,225954,129303,-5.09554e+08,1.49999e+11
3.97626e+06,226517,129869,-8.84954e+08,1.49997e+11
3.98257e+06,227081,130437,-1.26035e+09,1.49995e+11
3.98888e+06,227644,131006,-1.63573e+09,1.49991e+11
3.99519e+06,228208,131576,-2.01111e+09,1.49986e+11
4.0015e+06,228771,132148,-2.38647e+09,1.49981e+11
4.00782e+06,229335,132721,-2.76182e+09,1.49975e+11
4.01413e+06,229898,133296,-3.13715e+09,1.49967e+11
4.02044e+06,230462,133872,-3.51246e+09,1.49959e+11
4.02675e+06,231025,134450,-3.88775e+09,1.4995e+11
4.03306e+06,231588,135029,-4.26302e+09,1.49939e+11
4.03937e+06,232152,135609,-4.63826e+09,1.49928e+11
4.04568e+06,232715,136191,-5.01347e+09,1.49916e+11
4.052e+06,233278,136774,-5.38864e+09,1.49903e+11
4.05831e+06,233841,137358,-5.76379e+09,1.49889e+11
4.06462e+06,234405,137944,-6.1389e+09,1.49874e+11
4.07093e+06,234968,138531,-6.51397e+09,1.49858e+11
4.07724e+06,235531,139120,-6.88899e+09,1.49842e+11
4.08355e+06,236094,139710,-7.26398e+09,1.49824e+11
4.08986e+06,236657,140302,-7.63892e+09,1.49805e+11
4.09618e+06,237219,140895,-8.01381e+09,1.49786e+11
4.10249e+06,237782,141489,-8.38865e+09,1.49765e+11
4.1088e+06,238345,142085,-8.76344e+09,1.49744e+11
4.11511e+06,238907,142682,-9.13818e+09,1.49721e+11
4.12142e+06,239470,143281,-9.51286e+09,1.49698e+11
4.12773e+06,240032,143881,-9.88747e+09,1.49674e+11
4.13405e+06,240594,144482,-1.0262e+10,1.49648e+11
4.14036e+06,241157,145085,-1.06365e+10,1.49622e+11
4.14667e+06,241719,145690,-1.10109e+10,1.49595e+11
4.15298e+06,242281,146295,-1.13853e+10,1.49567e+11
4.15929e+06,242843,146902,-1.17596e+10,1.49538e+11
4.1656e+06,243404,147511,-1.21338e+10,1.49508e+11
4.17191e+06,243966,148121,-1.25079e+10,1.49478e+11
4.17823e+06,244528,148732,-1.2882e+10,1.49446e+11
4.18454e+06,245089,149345,-1.3256e+10,1.49413e+11
4.19085e+06,245650,149959,-1.36299e+10,1.49379e+11
4.19716e+06,246212,150574,-1.40037e+10,1.49345e+11
4.20347e+06,246773,151191,-1.43774e+10,1.49309e+11
4.20978e+06,247334,151809,-1.4751e+10,1.49273e+11
4.2161e+06,247894,152429,-1.51246e+10,1.49235e+11
4.22241e+06,248455,153050,-1.5498e+10,1.49197e+11
4.22872e+06,249015,153673,-1.58713e+10,1.49158e+11
4.23503e+06,249576,154297,-1.62446e+10,1.49118e+11
4.24134e+06,250136,154922,-1.66177e+10,1.49077e+11
4.24765e+06,250696,155549,-1.69908e+10,1.49035e+11
4.25396e+06,251256,156177,-1.73637e+10,1.48992e+11
4.26028e+06,251816,156806,-1.77365e+10,1.48948e+11
4.26659e+06,252375,157437,-1.81092e+10,1.48903e+11
4.2729e+06,252935,158069,-1.84818e+10,1.48857e+11
4.27921e+06,253494,158703,-1.88543e+10,1.4881e+11
4.28552e+06,254053,159338,-1.92267e+10,1.48763e+11
4.29183e+06,254612,159975,-1.95989e+10,1.48714e+11
4.29815e+06,255170,160613,-1.99711e+10,1.48664e+11
4.30446e+06,255729,161252,-2.03431e+10,1.48614e+11
4.31077e+06,256287,161893,-2.07149e+10,1.48563e+11
4.31708e+06,256845,162535,-2.10867e+10,1.4851e+11
4.32339e+06,257403,163178,-2.14583e+10,1.48457e+11
4.3297e+06,257961,163823,-2.18298e+10,1.48403e+11
4.33601e+06,258518,164470,-2.22011e+10,1.48348e+11
4.34233e+06,259075,165117,-2.25723e+10,1.48292e+11
4.34864e+06,259632,165766,-2.29434e+10,1.48235e+11
4.35495e+06,260189,166417,-2.33143e+10,1.48177e+11
4.36126e+06,260746,167069,-2.3685e+10,1.48118e+11
4.36757e+06,261302,167722,-2.40557e+10,1.48058e+11
4.37388e+06,261858,168377,-2.44261e+10,1.47998e+11
4.38019e+06,262414,169033,-2.47964e+10,1.47936e+11
4.38651e+06,262970,169690,-2.51666e+10,1.47874e+11
4.39282e+06,263526,170349,-2.55366e+10,1.4781e+11
4.39913e+06,264081,171009,-2.59065e+10,1.47746e+11
4.40544e+06,264636,171671,-2.62761e+10,1.47681e+11
4.41175e+06,265191,172334,-2.66457e+10,1.47614e+11
4.41806e+06,265745,172998,-2.7015e+10,1.47547e+11
4.42438e+06,266299,173664,-2.73842e+10,1.47479e+11
4.43069e+06,266853,174331,-2.77532e+10,1.4741e+11
4.437e+06,267407,175000,-2.8122e+10,1.4734e+11
4.44331e+06,267960,175669,-2.84907e+10,1.47269e+11
4.44962e+06,268514,176341,-2.88592e+10,1.47198e+11
4.45593e+06,269066,177014,-2.92275e+10,1.47125e+11
4.46224e+06,269619,177688,-2.95956e+10,1.47051e+11
4.46856e+06,270171,178363,-2.99635e+10,1.46977e+11
4.47487e+06,270724,179040,-3.03313e+10,1.46901e+11
4.48118e+06,271275,179718,-3.06988e+10,1.46825e+11
4.48749e+06,271827,180398,-3.10662e+10,1.46748e+11
4.4938e+06,272378,181079,-3.14333e+10,1.46669e+11
4.50011e+06,272929,181761,-3.18003e+10,1.4659e+11
4.50643e+06,273480,182445,-3.21671e+10,1.4651e+11
4.51274e+06,274030,183130,-3.25336e+10,1.46429e+11
4.51905e+06,274580,183816,-3.29e+10,1.46347e+11
4.52536e+06,275130,184504,-3.32662e+10,1.46265e+11
4.53167e+06,275679,185194,-3.36321e+10,1.46181e+11
4.53798e+06,276228,185884,-3.39979e+10,1.46096e+11
4.54429e+06,276777,186576,-3.43634e+10,1.46011e+11
4.55061e+06,277325,187270,-3.47287e+10,1.45924e+11
4.55692e+06,277873,187964,-3.50938e+10,1.45837e+11
4.56323e+06,278421,188660,-3.54587e+10,1.45749e+11
4.56954e+06,278969,189358,-3.58233e+10,1.45659e+11
4.57585e+06,279516,190057,-3.61877e+10,1.45569e+11
4.58216e+06,280062,190757,-3.65519e+10,1.45478e+11
4.58848e+06,280609,191459,-3.69159e+10,1.45386e+11
4.59479e+06,281155,192162,-3.72797e+10,1.45293e+11
4.6011e+06,281701,192866,-3.76432e+10,1.452e+11
4.60741e+06,282246,193572,-3.80064e+10,1.45105e+11
4.61372e+06,282791,194279,-3.83695e+10,1.45009e+11
4.62003e+06,283336,194987,-3.87323e+10,1.44913e+11
4.62634e+06,283880,195697,-3.90948e+10,1.44816e+11
4.63266e+06,284424,196408,-3.94571e+10,1.44717e+11
4.63897e+06,284967,197121,-3.98192e+10,1.44618e+11
4.64528e+06,285511,197834,-4.0181e+10,1.44518e+11
4.65159e+06,286053,198550,-4.05425e+10,1.44417e+11
4.6579e+06,286596,199266,-4.09039e+10,1.44315e+11
4.66421e+06,287138,199984,-4.12649e+10,1.44212e+11
4.67052e+06,287679,200703,-4.16257e+10,1.44109e+11
4.67684e+06,288221,201424,-4.19862e+10,1.44004e+11
4.68315e+06,288761,202146,-4.23465e+10,1.43898e+11
4.68946e+06,289302,202869,-4.27065e+10,1.43792e+11
4.69577e+06,289842,203594,-4.30662e+10,1.43685e+11
4.70208e+06,290382,204320,-4.34257e+10,1.43576e+11
4.70839e+06,290921,205048,-4.37849e+10,1.43467e+11
4.71471e+06,291460,205776,-4.41438e+10,1.43357e+11
4.72102e+06,291998,206507,-4.45024e+10,1.43246e+11
4.72733e+06,292536,207238,-4.48608e+10,1.43134e+11
4.73364e+06,293074,207971,-4.52189e+10,1.43022e+11
4.73995e+06,293611,208705,-4.55767e+10,1.42908e+11
4.74626e+06,294148,209440,-4.59342e+10,1.42794e+11
4.75257e+06,294684,210177,-4.62914e+10,1.42678e+11
4.75889e+06,295220,210915,-4.66483e+10,1.42562e+11
4.7652e+06,295755,211655,-4.7005e+10,1.42445e+11
4.77151e+06,296290,212396,-4.73613e+10,1.42327e+11
4.77782e+06,296825,213138,-4.77174e+10,1.42208e+11
4.78413e+06,297359,213882,-4.80731e+10,1.42088e+11
4.79044e+06,297892,214626,-4.84286e+10,1.41967e+11
4.79676e+06,298425,215373,-4.87837e+10,1.41845e+11
4.80307e+06,298958,216120,-4.91386e+10,1.41723e+11
4.80938e+06,299490,216869,-4.94931e+10,1.41599e+11
4.81569e+06,300022,217619,-4.98473e+10,1.41475e+11
4.822e+06,300553,218371,-5.02012e+10,1.4135e+11
4.82831e+06,301084,219124,-5.05548e+10,1.41224e+11
4.83462e+06,301615,219878,-5.09081e+10,1.41097e+11
4.84094e+06,302145,220633,-5.12611e+10,1.40969e+11
4.84725e+06,302674,221390,-5.16137e+10,1.4084e+11
4.85356e+06,303203,222148,-5.1966e+10,1.40711e+11
4.85987e+06,303731,222908,-5.2318e+10,1.4058e+11
4.86618e+06,304259,223669,-5.26697e+10,1.40449e+11
4.87249e+06,304787,224431,-5.3021e+10,1.40317e+11
4.8788e+06,305314,225194,-5.3372e+10,1.40183e+11
4.88512e+06,305840,225959,-5.37227e+10,1.40049e+11
4.89143e+06,306366,226725,-5.4073e+10,1.39914e+11
4.89774e+06,306891,227492,-5.4423e+10,1.39779e+11
4.90405e+06,307416,228261,-5.47727e+10,1.39642e+11
4.91036e+06,307941,229031,-5.5122e+10,1.39505e+11
4.91667e+06,308465,229802,-5.5471e+10,1.39366e+11
4.92299e+06,308988,230575,-5.58196e+10,1.39227e+11
4.9293e+06,309511,231349,-5.61678e+10,1.39087e+11
4.93561e+06,310033,232124,-5.65158e+10,1.38946e+11
4.94192e+06,310555,232901,-5.68633e+10,1.38804e+11
4.94823e+06,311076,233679,-5.72105e+10,1.38661e+11
4.95454e+06,311597,234458,-5.75574e+10,1.38518e+11
4.96085e+06,312117,235238,-5.79039e+10,1.38373e+11
4.96717e+06,312637,236020,-5.825e+10,1.38228e+11
4.97348e+06,313156,236803,-5.85957e+10,1.38081e+11
4.97979e+06,313674,237588,-5.89411e+10,1.37934e+11
4.9861e+06,314192,238373,-5.92861e+10,1.37786e+11
4.99241e+06,314710,239160,-5.96308e+10,1.37638e+11
4.99872e+06,315227,239949,-5.99751e+10,1.37488e+11
5.00504e+06,315743,240738,-6.0319e+10,1.37337e+11
5.01135e+06,316259,241529,-6.06625e+10,1.37186e+11
5.01766e+06,316774,242321,-6.10056e+10,1.37034e+11
5.02397e+06,317288,243115,-6.13484e+10,1.36881e+11
5.03028e+06,317802,243909,-6.16908e+10,1.36727e+11
5.03659e+06,318316,244705,-6.20328e+10,1.36572e+11
5.0429e+06,318829,245503,-6.23744e+10,1.36416e+11
5.04922e+06,319341,246301,-6.27156e+10,1.3626e+11
5.05553e+06,319852,247101,-6.30564e+10,1.36102e+11
5.06184e+06,320363,247902,-6.33968e+10,1.35944e+11
5.06815e+06,320874,248705,-6.37369e+10,1.35785e+11
5.07446e+06,321384,249508,-6.40765e+10,1.35625e+11
5.08077e+06,321893,250313,-6.44157e+10,1.35464e+11
5.08709e+06,322402,251120,-6.47545e+10,1.35303e+11
5.0934e+06,322910,251927,-6.5093e+10,1.3514e+11
5.09971e+06,323417,252736,-6.5431e+10,1.34977e+11
5.10602e+06,323924,253546,-6.57686e+10,1.34813e+11
5.11233e+06,324430,254357,-6.61058e+10,1.34648e+11
5.11864e+06,324936,255170,-6.64425e+10,1.34482e+11
5.12495e+06,325441,255984,-6.67789e+10,1.34315e+11
5.13127e+06,325945,256799,-6.71148e+10,1.34147e+11
5.13758e+06,326449,257615,-6.74503e+10,1.33979e+11
5.14389e+06,326952,258433,-6.77854e+10,1.3381e+11
5.1502e+06,327454,259252,-6.81201e+10,1.3364e+11
5.15651e+06,327956,260072,-6.84544e+10,1.33469e+11
5.16282e+06,328457,260893,-6.87882e+10,1.33297e+11
5.16913e+06,328958,261716,-6.91216e+10,1.33125e+11
5.17545e+06,329458,262540,-6.94545e+10,1.32951e+11
5.18176e+06,329957,263365,-6.9787e+10,1.32777e+11
5.18807e+06,330455,264191,-7.01191e+10,1.32602e+11
5.19438e+06,330953,265019,-7.04508e+10,1.32426e+11
5.20069e+06,331450,265848,-7.0782e+10,1.32249e+11
5.207e+06,331947,266678,-7.11127e+10,1.32072e+11
5.21332e+06,332443,267509,-7.1443e+10,1.31893e+11
5.21963e+06,332938,268342,-7.17729e+10,1.31714e+11
5.22594e+06,333433,269176,-7.21023e+10,1.31534e+11
5.23225e+06,333926,270011,-7.24313e+10,1.31353e+11
5.23856e+06,334420,270847,-7.27598e+10,1.31171e+11
5.24487e+06,334912,271685,-7.30878e+10,1.30989e+11
5.25118e+06,335404,272524,-7.34154e+10,1.30806e+11
5.2575e+06,335895,273364,-7.37426e+10,1.30621e+11
5.26381e+06,336385,274205,-7.40692e+10,1.30437e+11
5.27012e+06,336875,275047,-7.43954e+10,1.30251e+11
5.27643e+06,337364,275891,-7.47212e+10,1.30064e+11
5.28274e+06,337853,276736,-7.50465e+10,1.29877e+11
5.28905e+06,338340,277582,-7.53713e+10,1.29689e+11
5.29537e+06,338827,278430,-7.56956e+10,1.29499e+11
5.30168e+06,339313,279278,-7.60195e+10,1.2931e+11
5.30799e+06,339799,280128,-7.63428e+10,1.29119e+11
5.3143e+06,340284,280979,-7.66658e+10,1.28927e+11
5.32061e+06,340768,281831,-7.69882e+10,1.28735e+11
5.32692e+06,341251,282685,-7.73101e+10,1.28542e+11
5.33323e+06,341733,283539,-7.76316e+10,1.28348e+11
5.33955e+06,342215,284395,-7.79526e+10,1.28154e+11
5.34586e+06,342696,285252,-7.8273e+10,1.27958e+11
5.35217e+06,343177,286110,-7.8593e+10,1.27762e+11
5.35848e+06,343657,286970,-7.89125e+10,1.27565e+11
5.36479e+06,344135,287831,-7.92315e+10,1.27367e+11
5.3711e+06,344614,288692,-7.955e+10,1.27168e+11
5.37742e+06,345091,289556,-7.98681e+10,1.26969e+11
5.38373e+06,345568,290420,-8.01856e+10,1.26768e+11
5.39004e+06,346044,291285,-8.05026e+10,1.26567e+11
5.39635e+06,346519,292152,-8.08191e+10,1.26365e+11
5.40266e+06,346993,293020,-8.11351e+10,1.26163e+11
5.40897e+06,347467,293889,-8.14506e+10,1.25959e+11
5.41528e+06,347940,294759,-8.17656e+10,1.25755e+11
5.4216e+06,348412,295630,-8.208e+10,1.2555e+11
5.42791e+06,348883,296503,-8.2394e+10,1.25344e+11
5.43422e+06,349354,297377,-8.27074e+10,1.25138e+11
5.44053e+06,349823,298252,-8.30204e+10,1.2493e+11
5.44684e+06,350292,299128,-8.33328e+10,1.24722e+11
5.45315e+06,350761,300005,-8.36446e+10,1.24513e+11
5.45946e+06,351228,300883,-8.3956e+10,1.24303e+11
5.46578e+06,351695,301763,-8.42668e+10,1.24093e+11
5.47209e+06,352161,302644,-8.45771e+10,1.23882e+11
5.4784e+06,352626,303526,-8.48869e+10,1.23669e+11
5.48471e+06,353090,304409,-8.51961e+10,1.23457e+11
5.49102e+06,353553,305293,-8.55048e+10,1.23243e+11
5.49733e+06,354016,306178,-8.5813e+10,1.23029e+11
5.50365e+06,354478,307065,-8.61206e+10,1.22814e+11
5.50996e+06,354939,307953,-8.64277e+10,1.22598e+11
5.51627e+06,355399,308842,-8.67343e+10,1.22381e+11
5.52258e+06,355858,309732,-8.70403e+10,1.22163e+11
5.52889e+06,356317,310623,-8.73458e+10,1.21945e+11
5.5352e+06,356775,311515,-8.76507e+10,1.21726e+11
5.54151e+06,357232,312409,-8.7955e+10,1.21507e+11
5.54783e+06,357688,313303,-8.82589e+10,1.21286e+11
5.55414e+06,358143,314199,-8.85621e+10,1.21065e+11
5.56045e+06,358597,315096,-8.88648e+10,1.20843e+11
5.56676e+06,359051,315994,-8.9167e+10,1.2062e+11
5.57307e+06,359504,316893,-8.94686e+10,1.20396e+11
5.57938e+06,359956,317793,-8.97696e+10,1.20172e+11
5.5857e+06,360407,318695,-9.00701e+10,1.19947e+11
5.59201e+06,360857,319597,-9.037e+10,1.19721e+11
5.59832e+06,361307,320501,-9.06693e+10,1.19495e+11
5.60463e+06,361755,321406,-9.09681e+10,1.19267e+11
5.61094e+06,362203,322312,-9.12663e+10,1.19039e+11
5.61725e+06,362650,323219,-9.1564e+10,1.18811e+11
5.62356e+06,363096,324127,-9.1861e+10,1.18581e+11
5.62988e+06,363541,325036,-9.21575e+10,1.18351e+11
5.63619e+06,363985,325947,-9.24534e+10,1.1812e+11
5.6425e+06,364428,326858,-9.27487e+10,1.17888e+11
5.64881e+06,364871,327771,-9.30435e+10,1.17656e+11
5.65512e+06,365312,328684,-9.33376e+10,1.17422e+11
5.66143e+06,365753,329599,-9.36312e+10,1.17188e+11
5.66774e+06,366193,330515,-9.39242e+10,1.16954e+11
5.67406e+06,366632,331432,-9.42166e+10,1.16718e+11
5.68037e+06,367070,332350,-9.45084e+10,1.16482e+11
5.68668e+06,367507,333269,-9.47997e+10,1.16245e+11
5.69299e+06,367943,334190,-9.50903e+10,1.16008e+11
5.6993e+06,368379,335111,-9.53803e+10,1.15769e+11
5.70561e+06,368813,336034,-9.56698e+10,1.1553e+11
5.71193e+06,369247,336957,-9.59586e+10,1.1529e+11
5.71824e+06,369680,337882,-9.62468e+10,1.1505e+11
5.72455e+06,370112,338808,-9.65345e+10,1.14809e+11
5.73086e+06,370542,339734,-9.68215e+10,1.14567e+11
5.73717e+06,370972,340662,-9.71079e+10,1.14324e+11
5.74348e+06,371402,341591,-9.73937e+10,1.14081e+11
5.74979e+06,371830,342521,-9.76789e+10,1.13836e+11
5.75611e+06,372257,343452,-9.79635e+10,1.13592e+11
5.76242e+06,372683,344385,-9.82475e+10,1.13346e+11
5.76873e+06,373109,345318,-9.85308e+10,1.131e+11
5.77504e+06,373533,346252,-9.88136e+10,1.12853e+11
5.78135e+06,373957,347188,-9.90957e+10,1.12605e+11
5.78766e+06,374379,348124,-9.93772e+10,1.12357e+11
5.79398e+06,374801,349061,-9.96581e+10,1.12108e+11
5.80029e+06,375222,350000,-9.99384e+10,1.11858e+11
5.8066e+06,375642,350940,-1.00218e+11,1.11608e+11
5.81291e+06,376060,351880,-1.00497e+11,1.11356e+11
5.81922e+06,376478,352822,-1.00775e+11,1.11105e+11
5.82553e+06,376895,353765,-1.01053e+11,1.10852e+11
5.83184e+06,377311,354708,-1.0133e+11,1.10599e+11
5.83816e+06,377726,355653,-1.01607e+11,1.10345e+11
5.84447e+06,378140,356599,-1.01883e+11,1.1009e+11
5.85078e+06,378554,357546,-1.02158e+11,1.09835e+11
5.85709e+06,378966,358494,-1.02432e+11,1.09579e+11
5.8634e+06,379377,359443,-1.02706e+11,1.09322e+11
5.86971e+06,379787,360393,-1.0298e+11,1.09065e+11
5.87603e+06,380197,361344,-1.03252e+11,1.08807e+11
5.88234e+06,380605,362296,-1.03524e+11,1.08548e+11
5.88865e+06,381012,363249,-1.03795e+11,1.08289e+11
5.89496e+06,381419,364203,-1.04066e+11,1.08028e+11
5.90127e+06,381824,365158,-1.04336e+11,1.07768e+11
5.90758e+06,382228,366114,-1.04606e+11,1.07506e+11
5.91389e+06,382632,367071,-1.04874e+11,1.07244e+11
5.92021e+06,383034,368029,-1.05142e+11,1.06981e+11
5.92652e+06,383436,368989,-1.0541e+11,1.06718e+11
5.93283e+06,383836,369949,-1.05677e+11,1.06454e+11
5.93914e+06,384236,370910,-1.05943e+11,1.06189e+11
5.94545e+06,384634,371872,-1.06208e+11,1.05923e+11
5.95176e+06,385032,372835,-1.06473e+11,1.05657e+11
5.95807e+06,385428,373799,-1.06737e+11,1.0539e+11
5.96439e+06,385824,374764,-1.07e+11,1.05123e+11
5.9707e+06,386218,375730,-1.07263e+11,1.04855e+11
5.97701e+06,386611,376697,-1.07525e+11,1.04586e+11
5.98332e+06,387004,377665,-1.07787e+11,1.04317e+11
5.98963e+06,387395,378635,-1.08047e+11,1.04047e+11
5.99594e+06,387786,379605,-1.08307e+11,1.03776e+11
6.00226e+06,388175,380576,-1.08567e+11,1.03504e+11
6.00857e+06,388563,381548,-1.08825e+11,1.03232e+11
6.01488e+06,388951,382520,-1.09083e+11,1.0296e+11
6.02119e+06,389337,383494,-1.09341e+11,1.02686e+11
6.0275e+06,389722,384469,-1.09597e+11,1.02412e+11
6.03381e+06,390107,385445,-1.09853e+11,1.02138e+11
6.04012e+06,390490,386422,-1.10109e+11,1.01863e+11
6.04644e+06,390872,387400,-1.10363e+11,1.01587e+11
6.05275e+06,391253,388378,-1.10617e+11,1.0131e+11
6.05906e+06,391633,389358,-1.1087e+11,1.01033e+11
6.06537e+06,392013,390339,-1.11123e+11,1.00755e+11
6.07168e+06,392391,391320,-1.11375e+11,1.00477e+11
6.07799e+06,392768,392303,-1.11626e+11,1.00198e+11
6.08431e+06,393143,393286,-1.11876e+11,9.9918e+10
6.09062e+06,393518,394271,-1.12126e+11,9.96377e+10
6.09693e+06,393892,395256,-1.12375e+11,9.93568e+10
6.10324e+06,394265,396242,-1.12623e+11,9.90752e+10
6.10955e+06,394637,397229,-1.12871e+11,9.8793e+10
6.11586e+06,395007,398217,-1.13118e+11,9.85103e+10
6.12217e+06,395377,399206,-1.13364e+11,9.82268e+10
6.12849e+06,395745,400196,-1.13609e+11,9.79428e+10
6.1348e+06,396113,401187,-1.13854e+11,9.76582e+10
6.14111e+06,396479,402179,-1.14098e+11,9.73729e+10
6.14742e+06,396845,403172,-1.14342e+11,9.70871e+10
6.15373e+06,397209,404165,-1.14584e+11,9.68006e+10
6.16004e+06,397572,405160,-1.14826e+11,9.65135e+10
6.16636e+06,397934,406156,-1.15067e+11,9.62259e+10
6.17267e+06,398295,407152,-1.15308e+11,9.59376e+10
6.17898e+06,398655,408149,-1.15547e+11,9.56487e+10
6.18529e+06,399014,409147,-1.15786e+11,9.53592e+10
6.1916e+06,399372,410146,-1.16025e+11,9.50691e+10
6.19791e+06,399728,411146,-1.16262e+11,9.47785e+10
6.20422e+06,400084,412147,-1.16499e+11,9.44872e+10
6.21054e+06,400438,413149,-1.16735e+11,9.41953e+10
6.21685e+06,400792,414151,-1.16971e+11,9.39029e+10
6.22316e+06,401144,415155,-1.17205e+11,9.36099e+10
6.22947e+06,401495,416159,-1.17439e+11,9.33162e+10
6.23578e+06,401845,417165,-1.17672e+11,9.3022e+10
6.24209e+06,402194,418171,-1.17905e+11,9.27272e+10
6.2484e+06,402542,419178,-1.18137e+11,9.24319e+10
6.25472e+06,402889,420186,-1.18367e+11,9.21359e+10
6.26103e+06,403234,421194,-1.18598e+11,9.18394e+10
6.26734e+06,403579,422204,-1.18827e+11,9.15423e+10
6.27365e+06,403922,423214,-1.19056e+11,9.12446e+10
6.27996e+06,404264,424226,-1.19284e+11,9.09464e+10
6.28627e+06,404605,425238,-1.19511e+11,9.06475e+10
6.29259e+06,404945,426251,-1.19738e+11,9.03482e+10
6.2989e+06,405284,427265,-1.19963e+11,9.00482e+10
6.30521e+06,405622,428280,-1.20188e+11,8.97477e+10
6.31152e+06,405959,429295,-1.20413e+11,8.94466e+10
6.31783e+06,406294,430312,-1.20636e+11,8.9145e+10
6.32414e+06,406629,431329,-1.20859e+11,8.88428e+10
6.33045e+06,406962,432347,-1.21081e+11,8.854e+10
6.33677e+06,407294,433366,-1.21302e+11,8.82367e+10
6.34308e+06,407625,434386,-1.21522e+11,8.79329e+10
6.34939e+06,407955,435406,-1.21742e+11,8.76285e+10
6.3557e+06,408283,436428,-1.21961e+11,8.73235e+10
6.36201e+06,408611,437450,-1.22179e+11,8.7018e+10
6.36832e+06,408937,438473,-1.22397e+11,8.67119e+10
6.37464e+06,409262,439497,-1.22613e+11,8.64053e+10
6.38095e+06,409586,440521,-1.22829e+11,8.60982e+10
6.38726e+06,409909,441547,-1.23044e+11,8.57905e+10
6.39357e+06,410231,442573,-1.23258e+11,8.54823e+10
6.39988e+06,410552,443600,-1.23472e+11,8.51736e+10
6.40619e+06,410871,444628,-1.23685e+11,8.48643e+10
6.4125e+06,411189,445657,-1.23897e+11,8.45545e+10
6.41882e+06,411507,446686,-1.24108e+11,8.42441e+10
6.42513e+06,411822,447716,-1.24318e+11,8.39333e+10
6.43144e+06,412137,448748,-1.24528e+11,8.36219e+10
6.43775e+06,412451,449779,-1.24737e+11,8.331e+10
6.44406e+06,412763,450812,-1.24945e+11,8.29975e+10
6.45037e+06,413074,451845,-1.25152e+11,8.26846e+10
6.45668e+06,413385,452880,-1.25359e+11,8.23711e+10
6.463e+06,413693,453915,-1.25565e+11,8.20571e+10
6.46931e+06,414001,454950,-1.2577e+11,8.17426e+10
6.47562e+06,414308,455987,-1.25974e+11,8.14276e+10
6.48193e+06,414613,457024,-1.26177e+11,8.1112e+10
6.48824e+06,414917,458062,-1.2638e+11,8.0796e+10
6.49455e+06,415220,459101,-1.26582e+11,8.04794e+10
6.50087e+06,415522,460140,-1.26783e+11,8.01624e+10
6.50718e+06,415823,461181,-1.26983e+11,7.98449e+10
6.51349e+06,416122,462222,-1.27182e+11,7.95268e+10
6.5198e+06,416420,463264,-1.27381e+11,7.92083e+10
6.52611e+06,416717,464306,-1.27579e+11,7.88892e+10
6.53242e+06,417013,465349,-1.27776e+11,7.85697e+10
6.53873e+06,417308,466393,-1.27972e+11,7.82496e+10
6.54505e+06,417601,467438,-1.28168e+11,7.79291e+10
6.55136e+06,417893,468484,-1.28362e+11,7.76081e+10
6.55767e+06,418184,469530,-1.28556e+11,7.72866e+10
6.56398e+06,418474,470577,-1.28749e+11,7.69646e+10
6.57029e+06,418762,471625,-1.28941e+11,7.66422e+10
6.5766e+06,419050,472673,-1.29133e+11,7.63192e+10
6.58292e+06,419336,473722,-1.29323e+11,7.59958e+10
6.58923e+06,419621,474772,-1.29513e+11,7.56719e+10
6.59554e+06,419905,475822,-1.29702e+11,7.53475e+10
6.60185e+06,420187,476874,-1.2989e+11,7.50227e+10
6.60816e+06,420468,477926,-1.30078e+11,7.46974e+10
6.61447e+06,420748,478978,-1.30264e+11,7.43716e+10
6.62078e+06,421027,480032,-1.3045e+11,7.40454e+10
6.6271e+06,421305,481086,-1.30635e+11,7.37187e+10
6.63341e+06,421581,482140,-1.30819e+11,7.33915e+10
6.63972e+06,421856,483196,-1.31002e+11,7.30639e+10
6.64603e+06,422130,484252,-1.31184e+11,7.27358e+10
6.65234e+06,422403,485309,-1.31366e+11,7.24072e+10
6.65865e+06,422674,486366,-1.31547e+11,7.20782e+10
6.66497e+06,422944,487425,-1.31727e+11,7.17488e+10
6.67128e+06,423213,488483,-1.31906e+11,7.14189e+10
6.67759e+06,423481,489543,-1.32084e+11,7.10885e+10
6.6839e+06,423748,490603,-1.32262e+11,7.07577e+10
6.69021e+06,424013,491664,-1.32439e+11,7.04265e+10
6.69652e+06,424277,492725,-1.32614e+11,7.00948e+10
6.70283e+06,424539,493788,-1.32789e+11,6.97627e+10
6.70915e+06,424801,494850,-1.32964e+11,6.94302e+10
6.71546e+06,425061,495914,-1.33137e+11,6.90972e+10
6.72177e+06,425320,496978,-1.33309e+11,6.87638e+10
6.72808e+06,425578,498043,-1.33481e+11,6.84299e+10
6.73439e+06,425834,499108,-1.33652e+11,6.80956e+10
6.7407e+06,426090,500174,-1.33822e+11,6.77609e+10
6.74701e+06,426344,501241,-1.33991e+11,6.74258e+10
6.75333e+06,426596,502308,-1.34159e+11,6.70903e+10
6.75964e+06,426848,503376,-1.34327e+11,6.67543e+10
6.76595e+06,427098,504445,-1.34494e+11,6.64179e+10
6.77226e+06,427347,505514,-1.34659e+11,6.60811e+10
6.77857e+06,427594,506584,-1.34824e+11,6.57439e+10
6.78488e+06,427841,507654,-1.34988e+11,6.54062e+10
6.7912e+06,428086,508725,-1.35152e+11,6.50682e+10
6.79751e+06,428330,509797,-1.35314e+11,6.47298e+10
6.80382e+06,428572,510869,-1.35476e+11,6.43909e+10
6.81013e+06,428814,511942,-1.35636e+11,6.40516e+10
6.81644e+06,429054,513016,-1.35796e+11,6.3712e+10
6.82275e+06,429292,514090,-1.35955e+11,6.33719e+10
6.82906e+06,429530,515164,-1.36113e+11,6.30315e+10
6.83538e+06,429766,516240,-1.36271e+11,6.26906e+10
6.84169e+06,430001,517316,-1.36427e+11,6.23494e+10
6.848e+06,430234,518392,-1.36583e+11,6.20078e+10
6.85431e+06,430467,519469,-1.36738e+11,6.16657e+10
6.86062e+06,430698,520547,-1.36892e+11,6.13233e+10
6.86693e+06,430928,521625,-1.37045e+11,6.09805e+10
6.87325e+06,431156,522704,-1.37197e+11,6.06374e+10
6.87956e+06,431383,523783,-1.37348e+11,6.02938e+10
6.88587e+06,431609,524863,-1.37499e+11,5.99499e+10
6.89218e+06,431834,525943,-1.37648e+11,5.96056e+10
6.89849e+06,432057,527024,-1.37797e+11,5.92609e+10
6.9048e+06,432279,528106,-1.37945e+11,5.89158e+10
6.91111e+06,432500,529188,-1.38092e+11,5.85704e+10
6.91743e+06,432719,530271,-1.38238e+11,5.82246e+10
6.92374e+06,432937,531354,-1.38383e+11,5.78785e+10
6.93005e+06,433154,532438,-1.38528e+11,5.7532e+10
6.93636e+06,433370,533522,-1.38671e+11,5.71851e+10
6.94267e+06,433584,534607,-1.38814e+11,5.68379e+10
6.94898e+06,433797,535692,-1.38956e+11,5.64903e+10
6.9553e+06,434008,536778,-1.39097e+11,5.61423e+10
6.96161e+06,434219,537865,-1.39237e+11,5.5794e+10
6.96792e+06,434428,538952,-1.39376e+11,5.54454e+10
6.97423e+06,434635,540039,-1.39514e+11,5.50964e+10
6.98054e+06,434842,541127,-1.39652e+11,5.47471e+10
6.98685e+06,435047,542216,-1.39788e+11,5.43974e+10
6.99316e+06,435250,543305,-1.39924e+11,5.40474e+10
6.99948e+06,435453,544394,-1.40059e+11,5.3697e+10
7.00579e+06,435654,545484,-1.40193e+11,5.33463e+10
7.0121e+06,435854,546575,-1.40326e+11,5.29953e+10
7.01841e+06,436052,547666,-1.40458e+11,5.26439e+10
7.02472e+06,436249,548758,-1.40589e+11,5.22923e+10
7.03103e+06,436445,549850,-1.4072e+11,5.19402e+10
7.03734e+06,436639,550942,-1.40849e+11,5.15879e+10
7.04366e+06,436833,552035,-1.40978e+11,5.12352e+10
7.04997e+06,437024,553129,-1.41106e+11,5.08822e+10
7.05628e+06,437215,554223,-1.41233e+11,5.05289e+10
7.06259e+06,437404,555317,-1.41359e+11,5.01753e+10
7.0689e+06,437592,556412,-1.41484e+11,4.98214e+10
7.07521e+06,437779,557508,-1.41608e+11,4.94671e+10
7.08153e+06,437964,558603,-1.41731e+11,4.91126e+10
7.08784e+06,438148,559700,-1.41854e+11,4.87577e+10
7.09415e+06,438330,560796,-1.41975e+11,4.84025e+10
7.10046e+06,438511,561894,-1.42096e+11,4.80471e+10
7.10677e+06,438691,562991,-1.42216e+11,4.76913e+10
7.11308e+06,438870,564090,-1.42335e+11,4.73352e+10
7.11939e+06,439047,565188,-1.42453e+11,4.69789e+10
7.12571e+06,439223,566287,-1.4257e+11,4.66222e+10
7.13202e+06,439397,567387,-1.42686e+11,4.62652e+10
7.13833e+06,439570,568486,-1.42802e+11,4.5908e+10
7.14464e+06,439742,569587,-1.42916e+11,4.55505e+10
7.15095e+06,439913,570688,-1.4303e+11,4.51926e+10
7.15726e+06,440082,571789,-1.43142e+11,4.48345e+10
7.16358e+06,440249,572890,-1.43254e+11,4.44761e+10
7.16989e+06,440416,573992,-1.43365e+11,4.41175e+10
7.1762e+06,440581,575095,-1.43475e+11,4.37586e+10
7.18251e+06,440745,576198,-1.43584e+11,4.33993e+10
7.18882e+06,440907,577301,-1.43692e+11,4.30399e+10
7.19513e+06,441068,578405,-1.43799e+11,4.26801e+10
7.20144e+06,441228,579509,-1.43906e+11,4.23201e+10
7.20776e+06,441386,580613,-1.44011e+11,4.19598e+10
7.21407e+06,441543,581718,-1.44116e+11,4.15992e+10
7.22038e+06,441699,582823,-1.44219e+11,4.12384e+10
7.22669e+06,441853,583929,-1.44322e+11,4.08774e+10
7.233e+06,442006,585035,-1.44424e+11,4.05161e+10
7.23931e+06,442157,586141,-1.44525e+11,4.01545e+10
7.24562e+06,442308,587248,-1.44625e+11,3.97926e+10
7.25194e+06,442456,588355,-1.44724e+11,3.94306e+10
7.25825e+06,442604,589463,-1.44822e+11,3.90682e+10
7.26456e+06,442750,590571,-1.4492e+11,3.87057e+10
7.27087e+06,442895,591679,-1.45016e+11,3.83429e+10
7.27718e+06,443038,592787,-1.45111e+11,3.79798e+10
7.28349e+06,443180,593896,-1.45206e+11,3.76165e+10
7.28981e+06,443321,595006,-1.453e+11,3.7253e+10
7.29612e+06,443460,596115,-1.45393e+11,3.68892e+10
7.30243e+06,443598,597225,-1.45484e+11,3.65252e+10
7.30874e+06,443735,598336,-1.45575e+11,3.6161e+10
7.31505e+06,443870,599446,-1.45665e+11,3.57966e+10
7.32136e+06,444004,600558,-1.45755e+11,3.54319e+10
7.32767e+06,444136,601669,-1.45843e+11,3.5067e+10
7.33399e+06,444267,602781,-1.4593e+11,3.47019e+10
7.3403e+06,444397,603893,-1.46016e+11,3.43366e+10
7.34661e+06,444525,605005,-1.46102e+11,3.3971e+10
7.35292e+06,444652,606118,-1.46186e+11,3.36053e+10
7.35923e+06,444778,607231,-1.4627e+11,3.32393e+10
7.36554e+06,444902,608344,-1.46353e+11,3.28731e+10
7.37186e+06,445025,609458,-1.46435e+11,3.25068e+10
7.37817e+06,445146,610571,-1.46516e+11,3.21402e+10
7.38448e+06,445266,611686,-1.46596e+11,3.17734e+10
7.39079e+06,445385,612800,-1.46675e+11,3.14064e+10
7.3971e+06,445502,613915,-1.46753e+11,3.10392e+10
7.40341e+06,445618,615030,-1.4683e+11,3.06719e+10
7.40972e+06,445733,616145,-1.46906e+11,3.03043e+10
7.41604e+06,445846,617261,-1.46982e+11,2.99365e+10
7.42235e+06,445958,618377,-1.47056e+11,2.95686e+10
7.42866e+06,446068,619493,-1.4713e+11,2.92005e+10
7.43497e+06,446177,620610,-1.47202e+11,2.88321e+10
7.44128e+06,446285,621727,-1.47274e+11,2.84636e+10
7.44759e+06,446391,622844,-1.47345e+11,2.8095e+10
7.45391e+06,446496,623961,-1.47415e+11,2.77261e+10
7.46022e+06,446599,625079,-1.47483e+11,2.73571e+10
7.46653e+06,446701,626196,-1.47551e+11,2.69879e+10
7.47284e+06,446802,627314,-1.47619e+11,2.66185e+10
7.47915e+06,446901,628433,-1.47685e+11,2.6249e+10
7.48546e+06,446999,629551,-1.4775e+11,2.58793e+10
7.49177e+06,447096,630670,-1.47814e+11,2.55095e+10
7.49809e+06,447191,631789,-1.47878e+11,2.51395e+10
7.5044e+06,447285,632909,-1.4794e+11,2.47693e+10
7.51071e+06,447377,634028,-1.48002e+11,2.4399e+10
7.51702e+06,447468,635148,-1.48062e+11,2.40285e+10
7.52333e+06,447558,636268,-1.48122e+11,2.36578e+10
7.52964e+06,447646,637388,-1.48181e+11,2.32871e+10
7.53595e+06,447733,638509,-1.48238e+11,2.29161e+10
7.54227e+06,447818,639629,-1.48295e+11,2.25451e+10
7.54858e+06,447902,640750,-1.48351e+11,2.21739e+10
7.55489e+06,447985,641871,-1.48406e+11,2.18025e+10
7.5612e+06,448066,642992,-1.4846e+11,2.1431e+10
7.56751e+06,448146,644114,-1.48514e+11,2.10594e+10
7.57382e+06,448224,645236,-1.48566e+11,2.06877e+10
7.58014e+06,448301,646357,-1.48617e+11,2.03158e+10
7.58645e+06,448377,647479,-1.48668e+11,1.99438e+10
7.59276e+06,448451,648602,-1.48717e+11,1.95716e+10
7.59907e+06,448524,649724,-1.48765e+11,1.91994e+10
7.60538e+06,448595,650847,-1.48813e+11,1.8827e+10
7.61169e+06,448665,651970,-1.4886e+11,1.84545e+10
7.618e+06,448734,653092,-1.48905e+11,1.80819e+10
7.62432e+06,448801,654216,-1.4895e+11,1.77092e+10
7.63063e+06,448867,655339,-1.48994e+11,1.73363e+10
7.63694e+06,448931,656462,-1.49037e+11,1.69634e+10
7.64325e+06,448994,657586,-1.49079e+11,1.65904e+10
7.64956e+06,449056,658710,-1.4912e+11,1.62172e+10
7.65587e+06,449116,659834,-1.4916e+11,1.5844e+10
7.66219e+06,449175,660958,-1.49199e+11,1.54706e+10
7.6685e+06,449232,662082,-1.49238e+11,1.50971e+10
7.67481e+06,449288,663206,-1.49275e+11,1.47236e+10
7.68112e+06,449343,664331,-1.49311e+11,1.435e+10
7.68743e+06,449396,665455,-1.49347e+11,1.39762e+10
7.69374e+06,449448,666580,-1.49381e+11,1.36024e+10
7.70005e+06,449499,667705,-1.49415e+11,1.32285e+10
7.70637e+06,449548,668830,-1.49447e+11,1.28545e+10
7.71268e+06,449595,669955,-1.49479e+11,1.24805e+10
7.71899e+06,449641,671081,-1.4951e+11,1.21063e+10
7.7253e+06,449686,672206,-1.4954e+11,1.17321e+10
7.73161e+06,449729,673331,-1.49569e+11,1.13578e+10
7.73792e+06,449771,674457,-1.49597e+11,1.09835e+10
7.74424e+06,449812,675583,-1.49624e+11,1.0609e+10
7.75055e+06,449851,676709,-1.4965e+11,1.02345e+10
7.75686e+06,449889,677834,-1.49675e+11,9.85999e+09
7.76317e+06,449925,678960,-1.49699e+11,9.48536e+09
7.76948e+06,449960,680086,-1.49722e+11,9.11068e+09
7.77579e+06,449994,681213,-1.49745e+11,8.73594e+09
7.7821e+06,450026,682339,-1.49766e+11,8.36115e+09
7.78842e+06,450056,683465,-1.49786e+11,7.9863e+09
7.79473e+06,450086,684592,-1.49806e+11,7.61141e+09
7.80104e+06,450114,685718,-1.49825e+11,7.23646e+09
7.80735e+06,450140,686845,-1.49842e+11,6.86148e+09
7.81366e+06,450165,687971,-1.49859e+11,6.48644e+09
7.81997e+06,450189,689098,-1.49875e+11,6.11137e+09
7.82628e+06,450211,690225,-1.49889e+11,5.73626e+09
7.8326e+06,450232,691351,-1.49903e+11,5.36111e+09
7.83891e+06,450251,692478,-1.49916e+11,4.98593e+09
7.84522e+06,450269,693605,-1.49928e+11,4.61072e+09
7.85153e+06,450286,694732,-1.49939e+11,4.23548e+09
7.85784e+06,450301,695859,-1.4995e+11,3.86022e+09
7.86415e+06,450315,696986,-1.49959e+11,3.48492e+09
7.87047e+06,450327,698113,-1.49967e+11,3.10961e+09
7.87678e+06,450338,699240,-1.49974e+11,2.73428e+09
7.88309e+06,450348,700367,-1.49981e+11,2.35893e+09
7.8894e+06,450356,701494,-1.49986e+11,1.98357e+09
7.89571e+06,450363,702621,-1.49991e+11,1.60819e+09
7.90202e+06,450368,703748,-1.49994e+11,1.2328e+09
7.90833e+06,450372,704875,-1.49997e+11,8.57407e+08
7.91465e+06,450375,706003,-1.49998e+11,4.82007e+08
7.92096e+06,450376,707130,-1.49999e+11,1.06605e+08
7.92727e+06,450375,708257,-1.49999e+11,-2.68799e+08
7.93358e+06,450374,709384,-1.49998e+11,-6.44201e+08
7.93989e+06,450371,710511,-1.49996e+11,-1.0196e+09
7.9462e+06,450366,711638,-1.49993e+11,-1.39499e+09
7.95252e+06,450360,712765,-1.49989e+11,-1.77037e+09
7.95883e+06,450353,713893,-1.49984e+11,-2.14574e+09
7.96514e+06,450344,715020,-1.49978e+11,-2.5211e+09
7.97145e+06,450334,716147,-1.49971e+11,-2.89644e+09
7.97776e+06,450322,717274,-1.49963e+11,-3.27177e+09
7.98407e+06,450309,718401,-1.49955e+11,-3.64707e+09
7.99038e+06,450295,719528,-1.49945e+11,-4.02235e+09
7.9967e+06,450279,720655,-1.49935e+11,-4.39761e+09
8.00301e+06,450262,721782,-1.49923e+11,-4.77284e+09
8.00932e+06,450243,722908,-1.49911e+11,-5.14804e+09
8.01563e+06,450223,724035,-1.49897e+11,-5.5232e+09
8.02194e+06,450202,725162,-1.49883e+11,-5.89833e+09
8.02825e+06,450179,726289,-1.49868e+11,-6.27343e+09
8.03456e+06,450154,727415,-1.49852e+11,-6.64848e+09
8.04088e+06,450129,728542,-1.49835e+11,-7.0235e+09
8.04719e+06,450102,729668,-1.49817e+11,-7.39846e+09
8.0535e+06,450073,730795,-1.49798e+11,-7.77339e+09
8.05981e+06,450043,731921,-1.49778e+11,-8.14826e+09
8.06612e+06,450012,733047,-1.49757e+11,-8.52309e+09
8.07243e+06,449979,734174,-1.49735e+11,-8.89786e+09
8.07875e+06,449945,735300,-1.49712e+11,-9.27257e+09
8.08506e+06,449910,736426,-1.49689e+11,-9.64723e+09
8.09137e+06,449873,737552,-1.49664e+11,-1.00218e+10
8.09768e+06,449834,738678,-1.49638e+11,-1.03964e+10
8.10399e+06,449794,739803,-1.49612e+11,-1.07708e+10
8.1103e+06,449753,740929,-1.49584e+11,-1.11452e+10
8.11661e+06,449711,742054,-1.49556e+11,-1.15196e+10
8.12293e+06,449667,743180,-1.49527e+11,-1.18938e+10
8.12924e+06,449621,744305,-1.49497e+11,-1.2268e+10
8.13555e+06,449575,745430,-1.49465e+11,-1.26421e+10
8.14186e+06,449526,746556,-1.49433e+11,-1.30161e+10
8.14817e+06,449477,747681,-1.494e+11,-1.33901e+10
8.15448e+06,449426,748805,-1.49366e+11,-1.37639e+10
8.1608e+06,449373,749930,-1.49331e+11,-1.41377e+10
8.16711e+06,449319,751055,-1.49296e+11,-1.45114e+10
8.17342e+06,449264,752179,-1.49259e+11,-1.4885e+10
8.17973e+06,449208,753303,-1.49221e+11,-1.52585e+10
8.18604e+06,449150,754428,-1.49182e+11,-1.56319e+10
8.19235e+06,449090,755552,-1.49143e+11,-1.60052e+10
8.19866e+06,449029,756675,-1.49102e+11,-1.63784e+10
8.20498e+06,448967,757799,-1.49061e+11,-1.67515e+10
8.21129e+06,448903,758923,-1.49018e+11,-1.71245e+10
8.2176e+06,448838,760046,-1.48975e+11,-1.74974e+10
8.22391e+06,448772,761169,-1.48931e+11,-1.78702e+10
8.23022e+06,448704,762292,-1.48886e+11,-1.82429e+10
8.23653e+06,448635,763415,-1.48839e+11,-1.86155e+10
8.24285e+06,448564,764538,-1.48792e+11,-1.89879e+10
8.24916e+06,448492,765660,-1.48744e+11,-1.93602e+10
8.25547e+06,448419,766783,-1.48696e+11,-1.97324e+10
8.26178e+06,448344,767905,-1.48646e+11,-2.01045e+10
8.26809e+06,448268,769027,-1.48595e+11,-2.04765e+10
8.2744e+06,448190,770149,-1.48543e+11,-2.08483e+10
8.28071e+06,448111,771270,-1.48491e+11,-2.122e+10
8.28703e+06,448031,772392,-1.48437e+11,-2.15915e+10
8.29334e+06,447949,773513,-1.48382e+11,-2.1963e+10
8.29965e+06,447865,774634,-1.48327e+11,-2.23342e+10
8.30596e+06,447781,775755,-1.48271e+11,-2.27054e+10
8.31227e+06,447695,776875,-1.48213e+11,-2.30764e+10
8.31858e+06,447607,777996,-1.48155e+11,-2.34473e+10
8.32489e+06,447519,779116,-1.48096e+11,-2.3818e+10
8.33121e+06,447428,780236,-1.48036e+11,-2.41885e+10
8.33752e+06,447337,781355,-1.47975e+11,-2.4559e+10
8.34383e+06,447244,782475,-1.47913e+11,-2.49292e+10
8.35014e+06,447150,783594,-1.4785e+11,-2.52993e+10
8.35645e+06,447054,784713,-1.47786e+11,-2.56693e+10
8.36276e+06,446957,785832,-1.47722e+11,-2.60391e+10
8.36908e+06,446858,786950,-1.47656e+11,-2.64087e+10
8.37539e+06,446758,788068,-1.47589e+11,-2.67781e+10
8.3817e+06,446657,789186,-1.47522e+11,-2.71474e+10
8.38801e+06,446554,790304,-1.47454e+11,-2.75165e+10
8.39432e+06,446450,791421,-1.47384e+11,-2.78855e+10
8.40063e+06,446345,792539,-1.47314e+11,-2.82543e+10
8.40694e+06,446238,793656,-1.47243e+11,-2.86229e+10
8.41326e+06,446130,794772,-1.47171e+11,-2.89913e+10
8.41957e+06,446020,795889,-1.47098e+11,-2.93595e+10
8.42588e+06,445909,797005,-1.47024e+11,-2.97275e+10
8.43219e+06,445797,798121,-1.46949e+11,-3.00954e+10
8.4385e+06,445683,799236,-1.46873e+11,-3.04631e+10
8.44481e+06,445568,800351,-1.46796e+11,-3.08306e+10
8.45113e+06,445451,801466,-1.46719e+11,-3.11979e+10
8.45744e+06,445333,802581,-1.4664e+11,-3.1565e+10
8.46375e+06,445214,803695,-1.46561e+11,-3.19319e+10
8.47006e+06,445093,804809,-1.4648e+11,-3.22986e+10
8.47637e+06,444971,805923,-1.46399e+11,-3.26651e+10
8.48268e+06,444848,807037,-1.46317e+11,-3.30313e+10
8.48899e+06,444723,808150,-1.46234e+11,-3.33974e+10
8.49531e+06,444597,809263,-1.4615e+11,-3.37633e+10
8.50162e+06,444469,810375,-1.46065e+11,-3.4129e+10
8.50793e+06,444340,811487,-1.45979e+11,-3.44944e+10
8.51424e+06,444210,812599,-1.45892e+11,-3.48596e+10
8.52055e+06,444078,813711,-1.45804e+11,-3.52247e+10
8.52686e+06,443945,814822,-1.45716e+11,-3.55895e+10
8.53318e+06,443811,815933,-1.45626e+11,-3.5954e+10
8.53949e+06,443675,817044,-1.45536e+11,-3.63184e+10
8.5458e+06,443538,818154,-1.45444e+11,-3.66825e+10
8.55211e+06,443400,819264,-1.45352e+11,-3.70464e+10
8.55842e+06,443260,820373,-1.45259e+11,-3.741e+10
8.56473e+06,443118,821482,-1.45165e+11,-3.77735e+10
8.57104e+06,442976,822591,-1.4507e+11,-3.81367e+10
8.57736e+06,442832,823700,-1.44974e+11,-3.84996e+10
8.58367e+06,442687,824808,-1.44877e+11,-3.88623e+10
8.58998e+06,442540,825915,-1.4478e+11,-3.92248e+10
8.59629e+06,442392,827023,-1.44681e+11,-3.9587e+10
8.6026e+06,442242,828130,-1.44581e+11,-3.9949e+10
8.60891e+06,442092,829236,-1.44481e+11,-4.03107e+10
8.61522e+06,441939,830343,-1.4438e+11,-4.06721e+10
8.62154e+06,441786,831448,-1.44277e+11,-4.10334e+10
8.62785e+06,441631,832554,-1.44174e+11,-4.13943e+10
8.63416e+06,441475,833659,-1.4407e+11,-4.1755e+10
8.64047e+06,441317,834764,-1.43965e+11,-4.21154e+10
8.64678e+06,441158,835868,-1.43859e+11,-4.24756e+10
8.65309e+06,440998,836972,-1.43753e+11,-4.28355e+10
8.65941e+06,440837,838075,-1.43645e+11,-4.31951e+10
8.66572e+06,440674,839178,-1.43536e+11,-4.35545e+10
8.67203e+06,440509,840281,-1.43427e+11,-4.39136e+10
8.67834e+06,440344,841383,-1.43317e+11,-4.42724e+10
8.68465e+06,440177,842485,-1.43205e+11,-4.4631e+10
8.69096e+06,440008,843587,-1.43093e+11,-4.49892e+10
8.69727e+06,439838,844688,-1.4298e+11,-4.53472e+10
8.70359e+06,439667,845788,-1.42866e+11,-4.57049e+10
8.7099e+06,439495,846888,-1.42751e+11,-4.60623e+10
8.71621e+06,439321,847988,-1.42636e+11,-4.64194e+10
8.72252e+06,439146,849087,-1.42519e+11,-4.67763e+10
8.72883e+06,438970,850186,-1.42401e+11,-4.71328e+10
8.73514e+06,438792,851285,-1.42283e+11,-4.7489e+10
8.74146e+06,438613,852382,-1.42164e+11,-4.7845e+10
8.74777e+06,438432,853480,-1.42044e+11,-4.82006e+10
8.75408e+06,438251,854577,-1.41923e+11,-4.8556e+10
8.76039e+06,438068,855674,-1.41801e+11,-4.8911e+10
8.7667e+06,437883,856770,-1.41678e+11,-4.92657e+10
8.77301e+06,437697,857865,-1.41554e+11,-4.96202e+10
8.77932e+06,437510,858961,-1.41429e+11,-4.99743e+10
8.78564e+06,437322,860055,-1.41304e+11,-5.03281e+10
8.79195e+06,437132,861149,-1.41177e+11,-5.06815e+10
8.79826e+06,436941,862243,-1.4105e+11,-5.10347e+10
8.80457e+06,436749,863337,-1.40922e+11,-5.13876e+10
8.81088e+06,436555,864429,-1.40793e+11,-5.17401e+10
8.81719e+06,436360,865522,-1.40663e+11,-5.20923e+10
8.8235e+06,436163,866614,-1.40532e+11,-5.24442e+10
8.82982e+06,435966,867705,-1.404e+11,-5.27957e+10
8.83613e+06,435767,868796,-1.40268e+11,-5.31469e+10
8.84244e+06,435566,869886,-1.40134e+11,-5.34978e+10
8.84875e+06,435365,870976,-1.4e+11,-5.38483e+10
8.85506e+06,435162,872065,-1.39865e+11,-5.41986e+10
8.86137e+06,434957,873154,-1.39729e+11,-5.45484e+10
8.86769e+06,434752,874242,-1.39592e+11,-5.4898e+10
8.874e+06,434545,875330,-1.39454e+11,-5.52471e+10
8.88031e+06,434337,876417,-1.39315e+11,-5.5596e+10
8.88662e+06,434127,877504,-1.39176e+11,-5.59445e+10
8.89293e+06,433916,878590,-1.39035e+11,-5.62926e+10
8.89924e+06,433704,879676,-1.38894e+11,-5.66404e+10
8.90555e+06,433491,880761,-1.38752e+11,-5.69878e+10
8.91187e+06,433276,881846,-1.38609e+11,-5.73349e+10
8.91818e+06,433060,882930,-1.38465e+11,-5.76816e+10
8.92449e+06,432842,884014,-1.3832e+11,-5.8028e+10
8.9308e+06,432624,885097,-1.38174e+11,-5.8374e+10
8.93711e+06,432404,886179,-1.38028e+11,-5.87196e+10
8.94342e+06,432182,887261,-1.3788e+11,-5.90649e+10
8.94974e+06,431960,888342,-1.37732e+11,-5.94097e+10
8.95605e+06,431736,889423,-1.37583e+11,-5.97543e+10
8.96236e+06,431511,890503,-1.37433e+11,-6.00984e+10
8.96867e+06,431284,891583,-1.37282e+11,-6.04422e+10
8.97498e+06,431057,892662,-1.37131e+11,-6.07856e+10
8.98129e+06,430828,893740,-1.36978e+11,-6.11286e+10
8.9876e+06,430597,894818,-1.36825e+11,-6.14712e+10
8.99392e+06,430366,895896,-1.3667e+11,-6.18134e+10
9.00023e+06,430133,896973,-1.36515e+11,-6.21553e+10
9.00654e+06,429899,898049,-1.36359e+11,-6.24967e+10
9.01285e+06,429663,899124,-1.36202e+11,-6.28378e+10
9.01916e+06,429426,900199,-1.36045e+11,-6.31785e+10
9.02547e+06,429188,901274,-1.35886e+11,-6.35188e+10
9.03179e+06,428949,902348,-1.35727e+11,-6.38587e+10
9.0381e+06,428709,903421,-1.35566e+11,-6.41981e+10
9.04441e+06,428467,904494,-1.35405e+11,-6.45372e+10
9.05072e+06,428224,905566,-1.35243e+11,-6.48759e+10
9.05703e+06,427979,906637,-1.35081e+11,-6.52142e+10
9.06334e+06,427734,907708,-1.34917e+11,-6.5552e+10
9.06965e+06,427487,908778,-1.34752e+11,-6.58895e+10
9.07597e+06,427238,909847,-1.34587e+11,-6.62265e+10
9.08228e+06,426989,910916,-1.34421e+11,-6.65631e+10
9.08859e+06,426738,911985,-1.34254e+11,-6.68994e+10
9.0949e+06,426486,913052,-1.34086e+11,-6.72351e+10
9.10121e+06,426233,914119,-1.33917e+11,-6.75705e+10
9.10752e+06,425979,915186,-1.33748e+11,-6.79054e+10
9.11383e+06,425723,916252,-1.33578e+11,-6.824e+10
9.12015e+06,425466,917317,-1.33406e+11,-6.85741e+10
9.12646e+06,425207,918381,-1.33234e+11,-6.89077e+10
9.13277e+06,424948,919445,-1.33061e+11,-6.9241e+10
9.13908e+06,424687,920508,-1.32888e+11,-6.95737e+10
9.14539e+06,424425,921571,-1.32713e+11,-6.99061e+10
9.1517e+06,424162,922633,-1.32538e+11,-7.0238e+10
9.15802e+06,423897,923694,-1.32362e+11,-7.05695e+10
9.16433e+06,423632,924754,-1.32185e+11,-7.09006e+10
9.17064e+06,423365,925814,-1.32007e+11,-7.12312e+10
9.17695e+06,423096,926874,-1.31828e+11,-7.15613e+10
9.18326e+06,422827,927932,-1.31649e+11,-7.1891e+10
9.18957e+06,422556,928990,-1.31468e+11,-7.22203e+10
9.19588e+06,422284,930047,-1.31287e+11,-7.25491e+10
9.2022e+06,422011,931104,-1.31105e+11,-7.28774e+10
9.20851e+06,421736,932160,-1.30922e+11,-7.32053e+10
9.21482e+06,421461,933215,-1.30739e+11,-7.35327e+10
9.22113e+06,421184,934269,-1.30554e+11,-7.38597e+10
9.22744e+06,420906,935323,-1.30369e+11,-7.41862e+10
9.23375e+06,420626,936376,-1.30183e+11,-7.45122e+10
9.24007e+06,420346,937428,-1.29996e+11,-7.48378e+10
9.24638e+06,420064,938480,-1.29808e+11,-7.51629e+10
9.25269e+06,419781,939531,-1.2962e+11,-7.54876e+10
9.259e+06,419497,940581,-1.2943e+11,-7.58117e+10
9.26531e+06,419211,941631,-1.2924e+11,-7.61354e+10
9.27162e+06,418925,942679,-1.29049e+11,-7.64586e+10
9.27793e+06,418637,943727,-1.28858e+11,-7.67814e+10
9.28425e+06,418348,944775,-1.28665e+11,-7.71036e+10
9.29056e+06,418057,945821,-1.28472e+11,-7.74254e+10
9.29687e+06,417766,946867,-1.28277e+11,-7.77467e+10
9.30318e+06,417473,947913,-1.28082e+11,-7.80675e+10
9.30949e+06,417179,948957,-1.27887e+11,-7.83878e+10
9.3158e+06,416884,950001,-1.2769e+11,-7.87076e+10
9.32212e+06,416588,951044,-1.27493e+11,-7.90269e+10
9.32843e+06,416290,952086,-1.27295e+11,-7.93457e+10
9.33474e+06,415992,953127,-1.27096e+11,-7.96641e+10
9.34105e+06,415692,954168,-1.26896e+11,-7.99819e+10
9.34736e+06,415391,955208,-1.26695e+11,-8.02992e+10
9.35367e+06,415088,956247,-1.26494e+11,-8.06161e+10
9.35998e+06,414785,957286,-1.26292e+11,-8.09324e+10
9.3663e+06,414480,958323,-1.26089e+11,-8.12482e+10
9.37261e+06,414174,959360,-1.25885e+11,-8.15635e+10
9.37892e+06,413867,960397,-1.2568e+11,-8.18783e+10
9.38523e+06,413559,961432,-1.25475e+11,-8.21926e+10
9.39154e+06,413250,962467,-1.25269e+11,-8.25064e+10
9.39785e+06,412939,963500,-1.25062e+11,-8.28196e+10
9.40416e+06,412627,964533,-1.24855e+11,-8.31323e+10
9.41048e+06,412314,965566,-1.24646e+11,-8.34446e+10
9.41679e+06,412000,966597,-1.24437e+11,-8.37562e+10
9.4231e+06,411685,967628,-1.24227e+11,-8.40674e+10
9.42941e+06,411368,968658,-1.24016e+11,-8.43781e+10
9.43572e+06,411051,969687,-1.23804e+11,-8.46882e+10
9.44203e+06,410732,970715,-1.23592e+11,-8.49977e+10
9.44835e+06,410412,971743,-1.23379e+11,-8.53068e+10
9.45466e+06,410091,972770,-1.23165e+11,-8.56153e+10
9.46097e+06,409769,973796,-1.2295e+11,-8.59233e+10
9.46728e+06,409445,974821,-1.22735e+11,-8.62307e+10
9.47359e+06,409121,975845,-1.22519e+11,-8.65376e+10
9.4799e+06,408795,976869,-1.22302e+11,-8.6844e+10
9.48621e+06,408468,977891,-1.22084e+11,-8.71498e+10
9.49253e+06,408140,978913,-1.21866e+11,-8.74551e+10
9.49884e+06,407811,979934,-1.21646e+11,-8.77598e+10
9.50515e+06,407481,980954,-1.21426e+11,-8.80639e+10
9.51146e+06,407149,981974,-1.21206e+11,-8.83676e+10
9.51777e+06,406817,982992,-1.20984e+11,-8.86706e+10
9.52408e+06,406483,984010,-1.20762e+11,-8.89731e+10
9.5304e+06,406148,985027,-1.20539e+11,-8.92751e+10
9.53671e+06,405812,986043,-1.20315e+11,-8.95765e+10
9.54302e+06,405475,987058,-1.2009e+11,-8.98773e+10
9.54933e+06,405137,988073,-1.19865e+11,-9.01776e+10
9.55564e+06,404797,989086,-1.19639e+11,-9.04773e+10
9.56195e+06,404457,990099,-1.19412e+11,-9.07764e+10
9.56826e+06,404115,991110,-1.19185e+11,-9.1075e+10
9.57458e+06,403772,992121,-1.18956e+11,-9.1373e+10
9.58089e+06,403429,993132,-1.18727e+11,-9.16704e+10
9.5872e+06,403084,994141,-1.18497e+11,-9.19673e+10
9.59351e+06,402738,995149,-1.18267e+11,-9.22635e+10
9.59982e+06,402390,996157,-1.18036e+11,-9.25592e+10
9.60613e+06,402042,997163,-1.17804e+11,-9.28544e+10
9.61244e+06,401693,998169,-1.17571e+11,-9.31489e+10
9.61876e+06,401342,999174,-1.17337e+11,-9.34429e+10
9.62507e+06,400990,1.00018e+06,-1.17103e+11,-9.37362e+10
9.63138e+06,400638,1.00118e+06,-1.16868e+11,-9.4029e+10
9.63769e+06,400284,1.00218e+06,-1.16632e+11,-9.43212e+10
9.644e+06,399929,1.00318e+06,-1.16396e+11,-9.46128e+10
9.65031e+06,399573,1.00419e+06,-1.16159e+11,-9.49038e+10
9.65663e+06,399216,1.00518e+06,-1.15921e+11,-9.51942e+10
9.66294e+06,398858,1.00618e+06,-1.15682e+11,-9.5484e+10
9.66925e+06,398498,1.00718e+06,-1.15443e+11,-9.57733e+10
9.67556e+06,398138,1.00818e+06,-1.15203e+11,-9.60619e+10
9.68187e+06,397776,1.00917e+06,-1.14962e+11,-9.63499e+10
9.68818e+06,397414,1.01017e+06,-1.14721e+11,-9.66373e+10
9.69449e+06,397050,1.01116e+06,-1.14479e+11,-9.69241e+10
9.70081e+06,396685,1.01216e+06,-1.14236e+11,-9.72103e+10
9.70712e+06,396320,1.01315e+06,-1.13992e+11,-9.74959e+10
9.71343e+06,395953,1.01414e+06,-1.13748e+11,-9.77809e+10
9.71974e+06,395585,1.01513e+06,-1.13502e+11,-9.80653e+10
9.72605e+06,395216,1.01612e+06,-1.13257e+11,-9.8349e+10
9.73236e+06,394846,1.01711e+06,-1.1301e+11,-9.86322e+10
9.73868e+06,394475,1.0181e+06,-1.12763e+11,-9.89147e+10
9.74499e+06,394103,1.01908e+06,-1.12515e+11,-9.91966e+10
9.7513e+06,393729,1.02007e+06,-1.12266e+11,-9.94779e+10
9.75761e+06,393355,1.02105e+06,-1.12017e+11,-9.97585e+10
9.76392e+06,392980,1.02204e+06,-1.11767e+11,-1.00039e+11
9.77023e+06,392603,1.02302e+06,-1.11516e+11,-1.00318e+11
9.77654e+06,392226,1.024e+06,-1.11265e+11,-1.00597e+11
9.78286e+06,391847,1.02498e+06,-1.11013e+11,-1.00875e+11
9.78917e+06,391468,1.02596e+06,-1.1076e+11,-1.01152e+11
9.79548e+06,391087,1.02694e+06,-1.10507e+11,-1.01429e+11
9.80179e+06,390706,1.02792e+06,-1.10252e+11,-1.01706e+11
9.8081e+06,390323,1.0289e+06,-1.09998e+11,-1.01981e+11
9.81441e+06,389939,1.02988e+06,-1.09742e+11,-1.02256e+11
9.82073e+06,389555,1.03085e+06,-1.09486e+11,-1.0253e+11
9.82704e+06,389169,1.03183e+06,-1.09229e+11,-1.02804e+11
9.83335e+06,388782,1.0328e+06,-1.08971e+11,-1.03077e+11
9.83966e+06,388394,1.03377e+06,-1.08713e+11,-1.0335e+11
9.84597e+06,388006,1.03474e+06,-1.08454e+11,-1.03621e+11
9.85228e+06,387616,1.03571e+06,-1.08194e+11,-1.03892e+11
9.85859e+06,387225,1.03668e+06,-1.07934e+11,-1.04163e+11
9.86491e+06,386833,1.03765e+06,-1.07673e+11,-1.04433e+11
9.87122e+06,386440,1.03862e+06,-1.07411e+11,-1.04702e+11
9.87753e+06,386046,1.03959e+06,-1.07149e+11,-1.0497e+11
9.88384e+06,385651,1.04055e+06,-1.06886e+11,-1.05238e+11
9.89015e+06,385255,1.04152e+06,-1.06622e+11,-1.05505e+11
9.89646e+06,384858,1.04248e+06,-1.06358e+11,-1.05772e+11
9.90277e+06,384461,1.04344e+06,-1.06092e+11,-1.06038e+11
9.90909e+06,384062,1.0444e+06,-1.05827e+11,-1.06303e+11
9.9154e+06,383662,1.04537e+06,-1.0556e+11,-1.06567e+11
9.92171e+06,383261,1.04633e+06,-1.05293e+11,-1.06831e+11
9.92802e+06,382859,1.04728e+06,-1.05026e+11,-1.07094e+11
9.93433e+06,382456,1.04824e+06,-1.04757e+11,-1.07357e+11
9.94064e+06,382052,1.0492e+06,-1.04488e+11,-1.07619e+11
9.94696e+06,381647,1.05015e+06,-1.04219e+11,-1.0788e+11
9.95327e+06,381242,1.05111e+06,-1.03948e+11,-1.0814e+11
9.95958e+06,380835,1.05206e+06,-1.03677e+11,-1.084e+11
9.96589e+06,380427,1.05301e+06,-1.03406e+11,-1.08659e+11
9.9722e+06,380018,1.05397e+06,-1.03133e+11,-1.08918e+11
9.97851e+06,379609,1.05492e+06,-1.0286e+11,-1.09176e+11
9.98482e+06,379198,1.05587e+06,-1.02587e+11,-1.09433e+11
9.99114e+06,378786,1.05681e+06,-1.02313e+11,-1.09689e+11
9.99745e+06,378374,1.05776e+06,-1.02038e+11,-1.09945e+11
1.00038e+07,377960,1.05871e+06,-1.01762e+11,-1.102e+11
1.00101e+07,377546,1.05965e+06,-1.01486e+11,-1.10454e+11
1.00164e+07,377130,1.0606e+06,-1.0121e+11,-1.10708e+11
1.00227e+07,376714,1.06154e+06,-1.00932e+11,-1.10961e+11
1.0029e+07,376296,1.06248e+06,-1.00654e+11,-1.11213e+11
1.00353e+07,375878,1.06343e+06,-1.00375e+11,-1.11465e+11
1.00416e+07,375459,1.06437e+06,-1.00096e+11,-1.11715e+11
1.00479e+07,375038,1.0653e+06,-9.98163e+10,-1.11966e+11
1.00543e+07,374617,1.06624e+06,-9.95358e+10,-1.12215e+11
1.00606e+07,374195,1.06718e+06,-9.92546e+10,-1.12464e+11
1.00669e+07,373772,1.06812e+06,-9.89728e+10,-1.12712e+11
1.00732e+07,373348,1.06905e+06,-9.86904e+10,-1.12959e+11
1.00795e+07,372923,1.06998e+06,-9.84074e+10,-1.13206e+11
1.00858e+07,372498,1.07092e+06,-9.81238e+10,-1.13452e+11
1.00921e+07,372071,1.07185e+06,-9.78396e+10,-1.13697e+11
1.00984e+07,371643,1.07278e+06,-9.75547e+10,-1.13942e+11
1.01047e+07,371215,1.07371e+06,-9.72692e+10,-1.14185e+11
1.01111e+07,370785,1.07464e+06,-9.69831e+10,-1.14428e+11
1.01174e+07,370355,1.07557e+06,-9.66965e+10,-1.14671e+11
1.01237e+07,369923,1.07649e+06,-9.64092e+10,-1.14912e+11
1.013e+07,369491,1.07742e+06,-9.61213e+10,-1.15153e+11
1.01363e+07,369058,1.07834e+06,-9.58328e+10,-1.15394e+11
1.01426e+07,368624,1.07926e+06,-9.55437e+10,-1.15633e+11
1.01489e+07,368189,1.08019e+06,-9.5254e+10,-1.15872e+11
1.01552e+07,367753,1.08111e+06,-9.49637e+10,-1.1611e+11
1.01615e+07,367317,1.08203e+06,-9.46728e+10,-1.16347e+11
1.01679e+07,366879,1.08295e+06,-9.43813e+10,-1.16584e+11
1.01742e+07,366441,1.08386e+06,-9.40893e+10,-1.1682e+11
1.01805e+07,366001,1.08478e+06,-9.37966e+10,-1.17055e+11
1.01868e+07,365561,1.0857e+06,-9.35033e+10,-1.17289e+11
1.01931e+07,365120,1.08661e+06,-9.32095e+10,-1.17523e+11
1.01994e+07,364678,1.08752e+06,-9.29151e+10,-1.17756e+11
1.02057e+07,364235,1.08843e+06,-9.26201e+10,-1.17988e+11
1.0212e+07,363791,1.08935e+06,-9.23245e+10,-1.18219e+11
1.02184e+07,363347,1.09026e+06,-9.20284e+10,-1.1845e+11
1.02247e+07,362901,1.09116e+06,-9.17316e+10,-1.1868e+11
1.0231e+07,362455,1.09207e+06,-9.14343e+10,-1.18909e+11
1.02373e+07,362008,1.09298e+06,-9.11364e+10,-1.19137e+11
1.02436e+07,361560,1.09388e+06,-9.0838e+10,-1.19365e+11
1.02499e+07,361111,1.09479e+06,-9.0539e+10,-1.19592e+11
1.02562e+07,360661,1.09569e+06,-9.02394e+10,-1.19818e+11
1.02625e+07,360210,1.09659e+06,-8.99392e+10,-1.20044e+11
1.02688e+07,359759,1.09749e+06,-8.96385e+10,-1.20269e+11
1.02752e+07,359307,1.09839e+06,-8.93372e+10,-1.20493e+11
1.02815e+07,358854,1.09929e+06,-8.90354e+10,-1.20716e+11
1.02878e+07,358400,1.10019e+06,-8.8733e+10,-1.20938e+11
1.02941e+07,357945,1.10109e+06,-8.843e+10,-1.2116e+11
1.03004e+07,357489,1.10198e+06,-8.81265e+10,-1.21381e+11
1.03067e+07,357033,1.10288e+06,-8.78225e+10,-1.21601e+11
1.0313e+07,356575,1.10377e+06,-8.75179e+10,-1.2182e+11
1.03193e+07,356117,1.10466e+06,-8.72127e+10,-1.22039e+11
1.03256e+07,355658,1.10555e+06,-8.6907e+10,-1.22257e+11
1.0332e+07,355199,1.10644e+06,-8.66008e+10,-1.22474e+11
1.03383e+07,354738,1.10733e+06,-8.6294e+10,-1.2269e+11
1.03446e+07,354277,1.10822e+06,-8.59866e+10,-1.22906e+11
1.03509e+07,353814,1.1091e+06,-8.56788e+10,-1.23121e+11
1.03572e+07,353351,1.10999e+06,-8.53704e+10,-1.23335e+11
1.03635e+07,352888,1.11087e+06,-8.50614e+10,-1.23548e+11
1.03698e+07,352423,1.11175e+06,-8.47519e+10,-1.23761e+11
1.03761e+07,351958,1.11264e+06,-8.44419e+10,-1.23972e+11
1.03825e+07,351491,1.11352e+06,-8.41314e+10,-1.24183e+11
1.03888e+07,351024,1.1144e+06,-8.38204e+10,-1.24393e+11
1.03951e+07,350557,1.11527e+06,-8.35088e+10,-1.24603e+11
1.04014e+07,350088,1.11615e+06,-8.31967e+10,-1.24811e+11
1.04077e+07,349619,1.11703e+06,-8.2884e+10,-1.25019e+11
1.0414e+07,349149,1.1179e+06,-8.25709e+10,-1.25226e+11
1.04203e+07,348678,1.11877e+06,-8.22572e+10,-1.25433e+11
1.04266e+07,348206,1.11964e+06,-8.1943e+10,-1.25638e+11
1.04329e+07,347734,1.12052e+06,-8.16284e+10,-1.25843e+11
1.04393e+07,347260,1.12139e+06,-8.13131e+10,-1.26047e+11
1.04456e+07,346786,1.12225e+06,-8.09974e+10,-1.2625e+11
1.04519e+07,346312,1.12312e+06,-8.06812e+10,-1.26452e+11
1.04582e+07,345836,1.12399e+06,-8.03645e+10,-1.26654e+11
1.04645e+07,345360,1.12485e+06,-8.00473e+10,-1.26854e+11
1.04708e+07,344883,1.12572e+06,-7.97295e+10,-1.27054e+11
1.04771e+07,344405,1.12658e+06,-7.94113e+10,-1.27253e+11
1.04834e+07,343927,1.12744e+06,-7.90926e+10,-1.27452e+11
1.04897e+07,343448,1.1283e+06,-7.87733e+10,-1.27649e+11
1.04961e+07,342968,1.12916e+06,-7.84536e+10,-1.27846e+11
1.05024e+07,342487,1.13002e+06,-7.81334e+10,-1.28042e+11
1.05087e+07,342005,1.13087e+06,-7.78127e+10,-1.28237e+11
1.0515e+07,341523,1.13173e+06,-7.74915e+10,-1.28431e+11
1.05213e+07,341040,1.13258e+06,-7.71699e+10,-1.28625e+11
1.05276e+07,340557,1.13344e+06,-7.68477e+10,-1.28818e+11
1.05339e+07,340072,1.13429e+06,-7.65251e+10,-1.2901e+11
1.05402e+07,339587,1.13514e+06,-7.6202e+10,-1.29201e+11
1.05465e+07,339101,1.13599e+06,-7.58784e+10,-1.29391e+11
1.05529e+07,338615,1.13684e+06,-7.55543e+10,-1.29581e+11
1.05592e+07,338128,1.13768e+06,-7.52298e+10,-1.29769e+11
1.05655e+07,337640,1.13853e+06,-7.49048e+10,-1.29957e+11
1.05718e+07,337151,1.13937e+06,-7.45793e+10,-1.30144e+11
1.05781e+07,336662,1.14022e+06,-7.42533e+10,-1.3033e+11
1.05844e+07,336172,1.14106e+06,-7.39269e+10,-1.30516e+11
1.05907e+07,335681,1.1419e+06,-7.36e+10,-1.307e+11
1.0597e+07,335190,1.14274e+06,-7.32727e+10,-1.30884e+11
1.06034e+07,334698,1.14358e+06,-7.29449e+10,-1.31067e+11
1.06097e+07,334205,1.14441e+06,-7.26167e+10,-1.31249e+11
1.0616e+07,333711,1.14525e+06,-7.2288e+10,-1.31431e+11
1.06223e+07,333217,1.14608e+06,-7.19588e+10,-1.31611e+11
1.06286e+07,332722,1.14692e+06,-7.16292e+10,-1.31791e+11
1.06349e+07,332227,1.14775e+06,-7.12991e+10,-1.3197e+11
1.06412e+07,331731,1.14858e+06,-7.09686e+10,-1.32148e+11
1.06475e+07,331234,1.14941e+06,-7.06377e+10,-1.32325e+11
1.06538e+07,330736,1.15024e+06,-7.03063e+10,-1.32501e+11
1.06602e+07,330238,1.15106e+06,-6.99744e+10,-1.32677e+11
1.06665e+07,329739,1.15189e+06,-6.96422e+10,-1.32852e+11
1.06728e+07,329240,1.15271e+06,-6.93095e+10,-1.33025e+11
1.06791e+07,328740,1.15354e+06,-6.89763e+10,-1.33198e+11
1.06854e+07,328239,1.15436e+06,-6.86427e+10,-1.33371e+11
1.06917e+07,327738,1.15518e+06,-6.83087e+10,-1.33542e+11
1.0698e+07,327235,1.156e+06,-6.79743e+10,-1.33713e+11
1.07043e+07,326733,1.15682e+06,-6.76395e+10,-1.33882e+11
1.07106e+07,326229,1.15764e+06,-6.73042e+10,-1.34051e+11
1.0717e+07,325725,1.15845e+06,-6.69685e+10,-1.34219e+11
1.07233e+07,325221,1.15927e+06,-6.66323e+10,-1.34386e+11
1.07296e+07,324716,1.16008e+06,-6.62958e+10,-1.34553e+11
1.07359e+07,324210,1.16089e+06,-6.59589e+10,-1.34718e+11
1.07422e+07,323703,1.1617e+06,-6.56215e+10,-1.34883e+11
1.07485e+07,323196,1.16251e+06,-6.52837e+10,-1.35047e+11
1.07548e+07,322688,1.16332e+06,-6.49455e+10,-1.3521e+11
1.07611e+07,322180,1.16413e+06,-6.46069e+10,-1.35372e+11
1.07675e+07,321671,1.16493e+06,-6.42679e+10,-1.35533e+11
1.07738e+07,321162,1.16574e+06,-6.39285e+10,-1.35693e+11
1.07801e+07,320652,1.16654e+06,-6.35887e+10,-1.35853e+11
1.07864e+07,320141,1.16734e+06,-6.32485e+10,-1.36012e+11
1.07927e+07,319629,1.16814e+06,-6.29079e+10,-1.3617e+11
1.0799e+07,319118,1.16894e+06,-6.25669e+10,-1.36327e+11
1.08053e+07,318605,1.16974e+06,-6.22255e+10,-1.36483e+11
1.08116e+07,318092,1.17054e+06,-6.18838e+10,-1.36638e+11
1.08179e+07,317578,1.17133e+06,-6.15416e+10,-1.36793e+11
1.08243e+07,317064,1.17213e+06,-6.11991e+10,-1.36946e+11
1.08306e+07,316549,1.17292e+06,-6.08561e+10,-1.37099e+11
1.08369e+07,316034,1.17371e+06,-6.05128e+10,-1.37251e+11
1.08432e+07,315518,1.1745e+06,-6.01691e+10,-1.37402e+11
1.08495e+07,315001,1.17529e+06,-5.98251e+10,-1.37552e+11
1.08558e+07,314484,1.17608e+06,-5.94806e+10,-1.37701e+11
1.08621e+07,313967,1.17686e+06,-5.91358e+10,-1.3785e+11
1.08684e+07,313448,1.17765e+06,-5.87906e+10,-1.37997e+11
1.08747e+07,312930,1.17843e+06,-5.84451e+10,-1.38144e+11
1.08811e+07,312410,1.17922e+06,-5.80992e+10,-1.3829e+11
1.08874e+07,311890,1.18e+06,-5.77529e+10,-1.38435e+11
1.08937e+07,311370,1.18078e+06,-5.74062e+10,-1.38579e+11
1.09e+07,310849,1.18156e+06,-5.70592e+10,-1.38722e+11
1.09063e+07,310328,1.18233e+06,-5.67119e+10,-1.38864e+11
1.09126e+07,309806,1.18311e+06,-5.63642e+10,-1.39006e+11
1.09189e+07,309283,1.18388e+06,-5.60161e+10,-1.39147e+11
1.09252e+07,308760,1.18466e+06,-5.56677e+10,-1.39286e+11
1.09316e+07,308236,1.18543e+06,-5.53189e+10,-1.39425e+11
1.09379e+07,307712,1.1862e+06,-5.49698e+10,-1.39563e+11
1.09442e+07,307188,1.18697e+06,-5.46203e+10,-1.397e+11
1.09505e+07,306663,1.18774e+06,-5.42705e+10,-1.39837e+11
1.09568e+07,306137,1.1885e+06,-5.39204e+10,-1.39972e+11
1.09631e+07,305611,1.18927e+06,-5.35699e+10,-1.40106e+11
1.09694e+07,305084,1.19003e+06,-5.32191e+10,-1.4024e+11
1.09757e+07,304557,1.1908e+06,-5.2868e+10,-1.40373e+11
1.0982e+07,304029,1.19156e+06,-5.25165e+10,-1.40505e+11
1.09884e+07,303501,1.19232e+06,-5.21647e+10,-1.40636e+11
1.09947e+07,302972,1.19308e+06,-5.18125e+10,-1.40766e+11
1.1001e+07,302443,1.19384e+06,-5.14601e+10,-1.40895e+11
1.10073e+07,301914,1.19459e+06,-5.11073e+10,-1.41023e+11
1.10136e+07,301384,1.19535e+06,-5.07542e+10,-1.41151e+11
1.10199e+07,300853,1.1961e+06,-5.04008e+10,-1.41277e+11
1.10262e+07,300322,1.19685e+06,-5.0047e+10,-1.41403e+11
1.10325e+07,299790,1.1976e+06,-4.9693e+10,-1.41528e+11
1.10388e+07,299258,1.19835e+06,-4.93386e+10,-1.41652e+11
1.10452e+07,298726,1.1991e+06,-4.8984e+10,-1.41775e+11
1.10515e+07,298193,1.19985e+06,-4.8629e+10,-1.41897e+11
1.10578e+07,297660,1.20059e+06,-4.82737e+10,-1.42018e+11
1.10641e+07,297126,1.20134e+06,-4.79181e+10,-1.42139e+11
1.10704e+07,296592,1.20208e+06,-4.75622e+10,-1.42258e+11
1.10767e+07,296057,1.20282e+06,-4.72061e+10,-1.42377e+11
1.1083e+07,295522,1.20356e+06,-4.68496e+10,-1.42494e+11
1.10893e+07,294986,1.2043e+06,-4.64928e+10,-1.42611e+11
1.10957e+07,294450,1.20504e+06,-4.61358e+10,-1.42727e+11
1.1102e+07,293914,1.20578e+06,-4.57784e+10,-1.42842e+11
1.11083e+07,293377,1.20651e+06,-4.54208e+10,-1.42956e+11
1.11146e+07,292839,1.20724e+06,-4.50628e+10,-1.4307e+11
1.11209e+07,292302,1.20798e+06,-4.47046e+10,-1.43182e+11
1.11272e+07,291764,1.20871e+06,-4.43462e+10,-1.43293e+11
1.11335e+07,291225,1.20944e+06,-4.39874e+10,-1.43404e+11
1.11398e+07,290686,1.21016e+06,-4.36284e+10,-1.43513e+11
1.11461e+07,290147,1.21089e+06,-4.32691e+10,-1.43622e+11
1.11525e+07,289607,1.21162e+06,-4.29095e+10,-1.4373e+11
1.11588e+07,289066,1.21234e+06,-4.25496e+10,-1.43837e+11
1.11651e+07,288526,1.21306e+06,-4.21895e+10,-1.43943e+11
1.11714e+07,287985,1.21379e+06,-4.18291e+10,-1.44048e+11
1.11777e+07,287443,1.21451e+06,-4.14685e+10,-1.44152e+11
1.1184e+07,286902,1.21522e+06,-4.11076e+10,-1.44256e+11
1.11903e+07,286359,1.21594e+06,-4.07464e+10,-1.44358e+11
1.11966e+07,285817,1.21666e+06,-4.0385e+10,-1.4446e+11
1.12029e+07,285274,1.21737e+06,-4.00233e+10,-1.4456e+11
1.12093e+07,284731,1.21809e+06,-3.96614e+10,-1.4466e+11
1.12156e+07,284187,1.2188e+06,-3.92993e+10,-1.44759e+11
1.12219e+07,283643,1.21951e+06,-3.89368e+10,-1.44857e+11
1.12282e+07,283098,1.22022e+06,-3.85742e+10,-1.44954e+11
1.12345e+07,282553,1.22093e+06,-3.82113e+10,-1.4505e+11
1.12408e+07,282008,1.22163e+06,-3.78481e+10,-1.45145e+11
1.12471e+07,281463,1.22234e+06,-3.74848e+10,-1.45239e+11
1.12534e+07,280917,1.22304e+06,-3.71212e+10,-1.45333e+11
1.12598e+07,280371,1.22374e+06,-3.67573e+10,-1.45425e+11
1.12661e+07,279824,1.22444e+06,-3.63932e+10,-1.45517e+11
1.12724e+07,279277,1.22514e+06,-3.60289e+10,-1.45607e+11
1.12787e+07,278730,1.22584e+06,-3.56644e+10,-1.45697e+11
1.1285e+07,278182,1.22654e+06,-3.52997e+10,-1.45786e+11
1.12913e+07,277634,1.22723e+06,-3.49347e+10,-1.45874e+11
1.12976e+07,277086,1.22793e+06,-3.45695e+10,-1.45961e+11
1.13039e+07,276538,1.22862e+06,-3.42041e+10,-1.46047e+11
1.13102e+07,275989,1.22931e+06,-3.38385e+10,-1.46132e+11
1.13166e+07,275440,1.23e+06,-3.34727e+10,-1.46216e+11
1.13229e+07,274890,1.23069e+06,-3.31066e+10,-1.46299e+11
1.13292e+07,274340,1.23138e+06,-3.27404e+10,-1.46382e+11
1.13355e+07,273790,1.23206e+06,-3.23739e+10,-1.46463e+11
1.13418e+07,273240,1.23275e+06,-3.20073e+10,-1.46544e+11
1.13481e+07,272689,1.23343e+06,-3.16404e+10,-1.46623e+11
1.13544e+07,272138,1.23411e+06,-3.12733e+10,-1.46702e+11
1.13607e+07,271587,1.23479e+06,-3.09061e+10,-1.4678e+11
1.1367e+07,271035,1.23547e+06,-3.05386e+10,-1.46857e+11
1.13734e+07,270483,1.23615e+06,-3.0171e+10,-1.46933e+11
1.13797e+07,269931,1.23683e+06,-2.98032e+10,-1.47008e+11
1.1386e+07,269378,1.2375e+06,-2.94352e+10,-1.47082e+11
1.13923e+07,268826,1.23818e+06,-2.9067e+10,-1.47155e+11
1.13986e+07,268272,1.23885e+06,-2.86986e+10,-1.47228e+11
1.14049e+07,267719,1.23952e+06,-2.833e+10,-1.47299e+11
1.14112e+07,267166,1.24019e+06,-2.79613e+10,-1.47369e+11
1.14175e+07,266612,1.24086e+06,-2.75924e+10,-1.47439e+11
1.14239e+07,266058,1.24152e+06,-2.72233e+10,-1.47507e+11
1.14302e+07,265503,1.24219e+06,-2.6854e+10,-1.47575e+11
1.14365e+07,264949,1.24285e+06,-2.64846e+10,-1.47642e+11
1.14428e+07,264394,1.24351e+06,-2.6115e+10,-1.47708e+11
1.14491e+07,263839,1.24417e+06,-2.57453e+10,-1.47773e+11
1.14554e+07,263283,1.24483e+06,-2.53754e+10,-1.47837e+11
1.14617e+07,262728,1.24549e+06,-2.50053e+10,-1.479e+11
1.1468e+07,262172,1.24615e+06,-2.46351e+10,-1.47962e+11
1.14743e+07,261616,1.2468e+06,-2.42647e+10,-1.48023e+11
1.14807e+07,261060,1.24746e+06,-2.38942e+10,-1.48083e+11
1.1487e+07,260503,1.24811e+06,-2.35235e+10,-1.48142e+11
1.14933e+07,259947,1.24876e+06,-2.31526e+10,-1.48201e+11
1.14996e+07,259390,1.24941e+06,-2.27817e+10,-1.48258e+11
1.15059e+07,258833,1.25006e+06,-2.24105e+10,-1.48315e+11
1.15122e+07,258275,1.25071e+06,-2.20393e+10,-1.48371e+11
1.15185e+07,257718,1.25135e+06,-2.16679e+10,-1.48425e+11
1.15248e+07,257160,1.252e+06,-2.12964e+10,-1.48479e+11
1.15311e+07,256602,1.25264e+06,-2.09247e+10,-1.48532e+11
1.15375e+07,256044,1.25328e+06,-2.05529e+10,-1.48584e+11
1.15438e+07,255485,1.25392e+06,-2.0181e+10,-1.48635e+11
1.15501e+07,254927,1.25456e+06,-1.98089e+10,-1.48685e+11
1.15564e+07,254368,1.2552e+06,-1.94367e+10,-1.48734e+11
1.15627e+07,253809,1.25583e+06,-1.90644e+10,-1.48782e+11
1.1569e+07,253250,1.25647e+06,-1.8692e+10,-1.48829e+11
1.15753e+07,252691,1.2571e+06,-1.83195e+10,-1.48876e+11
1.15816e+07,252131,1.25773e+06,-1.79468e+10,-1.48921e+11
1.1588e+07,251572,1.25836e+06,-1.75741e+10,-1.48965e+11
1.15943e+07,251012,1.25899e+06,-1.72012e+10,-1.49009e+11
1.16006e+07,250452,1.25962e+06,-1.68282e+10,-1.49052e+11
1.16069e+07,249892,1.26025e+06,-1.64551e+10,-1.49093e+11
1.16132e+07,249332,1.26087e+06,-1.60819e+10,-1.49134e+11
1.16195e+07,248771,1.26149e+06,-1.57086e+10,-1.49174e+11
1.16258e+07,248211,1.26212e+06,-1.53353e+10,-1.49213e+11
1.16321e+07,247650,1.26274e+06,-1.49618e+10,-1.4925e+11
1.16384e+07,247089,1.26336e+06,-1.45882e+10,-1.49287e+11
1.16448e+07,246528,1.26397e+06,-1.42145e+10,-1.49323e+11
1.16511e+07,245967,1.26459e+06,-1.38408e+10,-1.49359e+11
1.16574e+07,245406,1.2652e+06,-1.34669e+10,-1.49393e+11
1.16637e+07,244844,1.26582e+06,-1.3093e+10,-1.49426e+11
1.167e+07,244283,1.26643e+06,-1.2719e+10,-1.49458e+11
1.16763e+07,243721,1.26704e+06,-1.23449e+10,-1.4949e+11
1.16826e+07,243160,1.26765e+06,-1.19707e+10,-1.4952e+11
1.16889e+07,242598,1.26826e+06,-1.15965e+10,-1.4955e+11
1.16952e+07,242036,1.26886e+06,-1.12222e+10,-1.49578e+11
1.17016e+07,241474,1.26947e+06,-1.08478e+10,-1.49606e+11
1.17079e+07,240912,1.27007e+06,-1.04733e+10,-1.49632e+11
1.17142e+07,240349,1.27068e+06,-1.00988e+10,-1.49658e+11
1.17205e+07,239787,1.27128e+06,-9.72421e+09,-1.49683e+11
1.17268e+07,239225,1.27188e+06,-9.34957e+09,-1.49707e+11
1.17331e+07,238662,1.27247e+06,-8.97487e+09,-1.4973e+11
1.17394e+07,238100,1.27307e+06,-8.60011e+09,-1.49752e+11
1.17457e+07,237537,1.27367e+06,-8.2253e+09,-1.49773e+11
1.17521e+07,236974,1.27426e+06,-7.85043e+09,-1.49793e+11
1.17584e+07,236411,1.27485e+06,-7.47552e+09,-1.49812e+11
1.17647e+07,235848,1.27544e+06,-7.10056e+09,-1.4983e+11
1.1771e+07,235285,1.27603e+06,-6.72555e+09,-1.49848e+11
1.17773e+07,234722,1.27662e+06,-6.35051e+09,-1.49864e+11
1.17836e+07,234159,1.27721e+06,-5.97542e+09,-1.49879e+11
1.17899e+07,233596,1.27779e+06,-5.6003e+09,-1.49894e+11
1.17962e+07,233033,1.27838e+06,-5.22514e+09,-1.49907e+11
1.18025e+07,232470,1.27896e+06,-4.84994e+09,-1.4992e+11
1.18089e+07,231906,1.27954e+06,-4.47472e+09,-1.49932e+11
1.18152e+07,231343,1.28012e+06,-4.09947e+09,-1.49942e+11
1.18215e+07,230780,1.2807e+06,-3.7242e+09,-1.49952e+11
1.18278e+07,230216,1.28127e+06,-3.3489e+09,-1.49961e+11
1.18341e+07,229653,1.28185e+06,-2.97358e+09,-1.49969e+11
1.18404e+07,229089,1.28242e+06,-2.59824e+09,-1.49976e+11
1.18467e+07,228526,1.283e+06,-2.22288e+09,-1.49982e+11
1.1853e+07,227962,1.28357e+06,-1.84751e+09,-1.49987e+11
1.18593e+07,227399,1.28414e+06,-1.47213e+09,-1.49991e+11
1.18657e+07,226835,1.28471e+06,-1.09674e+09,-1.49995e+11
1.1872e+07,226271,1.28527e+06,-7.21346e+08,-1.49997e+11
1.18783e+07,225708,1.28584e+06,-3.45945e+08,-1.49998e+11
1.18846e+07,225144,1.2864e+06,2.94583e+07,-1.49999e+11
1.18909e+07,224581,1.28697e+06,4.04862e+08,-1.49998e+11
1.18972e+07,224017,1.28753e+06,7.80262e+08,-1.49996e+11
1.19035e+07,223454,1.28809e+06,1.15566e+09,-1.49994e+11
1.19098e+07,222890,1.28865e+06,1.53105e+09,-1.49991e+11
1.19161e+07,222327,1.2892e+06,1.90643e+09,-1.49986e+11
1.19225e+07,221763,1.28976e+06,2.28179e+09,-1.49981e+11
1.19288e+07,221199,1.29031e+06,2.65715e+09,-1.49975e+11
1.19351e+07,220636,1.29087e+06,3.03248e+09,-1.49968e+11
1.19414e+07,220073,1.29142e+06,3.4078e+09,-1.4996e+11
1.19477e+07,219509,1.29197e+06,3.78309e+09,-1.49951e+11
1.1954e+07,218946,1.29252e+06,4.15837e+09,-1.49941e+11
1.19603e+07,218382,1.29306e+06,4.53361e+09,-1.4993e+11
1.19666e+07,217819,1.29361e+06,4.90883e+09,-1.49918e+11
1.1973e+07,217256,1.29415e+06,5.28402e+09,-1.49905e+11
1.19793e+07,216693,1.2947e+06,5.65917e+09,-1.49892e+11
1.19856e+07,216130,1.29524e+06,6.03429e+09,-1.49877e+11
1.19919e+07,215566,1.29578e+06,6.40937e+09,-1.49862e+11
1.19982e+07,215003,1.29632e+06,6.78441e+09,-1.49845e+11
1.20045e+07,214440,1.29685e+06,7.15941e+09,-1.49828e+11
1.20108e+07,213878,1.29739e+06,7.53436e+09,-1.49809e+11
1.20171e+07,213315,1.29792e+06,7.90927e+09,-1.4979e+11
1.20234e+07,212752,1.29846e+06,8.28412e+09,-1.4977e+11
1.20298e+07,212189,1.29899e+06,8.65893e+09,-1.49748e+11
1.20361e+07,211627,1.29952e+06,9.03368e+09,-1.49726e+11
1.20424e+07,211064,1.30005e+06,9.40837e+09,-1.49703e+11
1.20487e+07,210502,1.30058e+06,9.78301e+09,-1.49679e+11
1.2055e+07,209939,1.3011e+06,1.01576e+10,-1.49654e+11
1.20613e+07,209377,1.30163e+06,1.05321e+10,-1.49628e+11
1.20676e+07,208815,1.30215e+06,1.09065e+10,-1.49602e+11
1.20739e+07,208253,1.30267e+06,1.12809e+10,-1.49574e+11
1.20802e+07,207691,1.30319e+06,1.16552e+10,-1.49545e+11
1.20866e+07,207129,1.30371e+06,1.20294e+10,-1.49515e+11
1.20929e+07,206568,1.30423e+06,1.24036e+10,-1.49485e+11
1.20992e+07,206006,1.30475e+06,1.27777e+10,-1.49453e+11
1.21055e+07,205444,1.30526e+06,1.31517e+10,-1.49421e+11
1.21118e+07,204883,1.30577e+06,1.35256e+10,-1.49387e+11
1.21181e+07,204322,1.30629e+06,1.38994e+10,-1.49353e+11
1.21244e+07,203761,1.3068e+06,1.42732e+10,-1.49318e+11
1.21307e+07,203200,1.30731e+06,1.46468e+10,-1.49282e+11
1.21371e+07,202639,1.30781e+06,1.50204e+10,-1.49245e+11
1.21434e+07,202078,1.30832e+06,1.53939e+10,-1.49207e+11
1.21497e+07,201518,1.30883e+06,1.57672e+10,-1.49168e+11
1.2156e+07,200957,1.30933e+06,1.61405e+10,-1.49128e+11
1.21623e+07,200397,1.30983e+06,1.65137e+10,-1.49087e+11
1.21686e+07,199837,1.31033e+06,1.68868e+10,-1.49045e+11
1.21749e+07,199277,1.31083e+06,1.72597e+10,-1.49002e+11
1.21812e+07,198718,1.31133e+06,1.76326e+10,-1.48959e+11
1.21875e+07,198158,1.31183e+06,1.80053e+10,-1.48914e+11
1.21939e+07,197599,1.31232e+06,1.8378e+10,-1.48868e+11
1.22002e+07,197039,1.31282e+06,1.87505e+10,-1.48822e+11
1.22065e+07,196480,1.31331e+06,1.91229e+10,-1.48775e+11
1.22128e+07,195921,1.3138e+06,1.94951e+10,-1.48726e+11
1.22191e+07,195363,1.31429e+06,1.98673e+10,-1.48677e+11
1.22254e+07,194804,1.31478e+06,2.02393e+10,-1.48627e+11
1.22317e+07,194246,1.31526e+06,2.06112e+10,-1.48576e+11
1.2238e+07,193688,1.31575e+06,2.0983e+10,-1.48524e+11
1.22443e+07,193130,1.31623e+06,2.13547e+10,-1.48471e+11
1.22507e+07,192572,1.31672e+06,2.17262e+10,-1.48417e+11
1.2257e+07,192014,1.3172e+06,2.20976e+10,-1.48362e+11
1.22633e+07,191457,1.31768e+06,2.24688e+10,-1.48306e+11
1.22696e+07,190900,1.31816e+06,2.28399e+10,-1.48249e+11
1.22759e+07,190343,1.31863e+06,2.32109e+10,-1.48192e+11
1.22822e+07,189786,1.31911e+06,2.35817e+10,-1.48133e+11
1.22885e+07,189230,1.31958e+06,2.39523e+10,-1.48074e+11
1.22948e+07,188674,1.32006e+06,2.43228e+10,-1.48013e+11
1.23012e+07,188118,1.32053e+06,2.46932e+10,-1.47952e+11
1.23075e+07,187562,1.321e+06,2.50634e+10,-1.4789e+11
1.23138e+07,187006,1.32147e+06,2.54334e+10,-1.47827e+11
1.23201e+07,186451,1.32193e+06,2.58033e+10,-1.47763e+11
1.23264e+07,185896,1.3224e+06,2.61731e+10,-1.47697e+11
1.23327e+07,185341,1.32286e+06,2.65426e+10,-1.47632e+11
1.2339e+07,184787,1.32333e+06,2.6912e+10,-1.47565e+11
1.23453e+07,184232,1.32379e+06,2.72812e+10,-1.47497e+11
1.23516e+07,183678,1.32425e+06,2.76503e+10,-1.47428e+11
1.2358e+07,183125,1.32471e+06,2.80192e+10,-1.47358e+11
1.23643e+07,182571,1.32517e+06,2.83879e+10,-1.47288e+11
1.23706e+07,182018,1.32562e+06,2.87564e+10,-1.47216e+11
1.23769e+07,181465,1.32608e+06,2.91248e+10,-1.47144e+11
1.23832e+07,180912,1.32653e+06,2.94929e+10,-1.47071e+11
1.23895e+07,180360,1.32698e+06,2.98609e+10,-1.46996e+11
1.23958e+07,179807,1.32743e+06,3.02287e+10,-1.46921e+11
1.24021e+07,179256,1.32788e+06,3.05963e+10,-1.46845e+11
1.24084e+07,178704,1.32833e+06,3.09637e+10,-1.46768e+11
1.24148e+07,178153,1.32878e+06,3.1331e+10,-1.4669e+11
1.24211e+07,177602,1.32922e+06,3.1698e+10,-1.46611e+11
1.24274e+07,177051,1.32967e+06,3.20648e+10,-1.46531e+11
1.24337e+07,176501,1.33011e+06,3.24314e+10,-1.46451e+11
1.244e+07,175951,1.33055e+06,3.27979e+10,-1.46369e+11
1.24463e+07,175401,1.33099e+06,3.31641e+10,-1.46286e+11
1.24526e+07,174851,1.33143e+06,3.35301e+10,-1.46203e+11
1.24589e+07,174302,1.33186e+06,3.38959e+10,-1.46119e+11
1.24653e+07,173753,1.3323e+06,3.42615e+10,-1.46033e+11
1.24716e+07,173205,1.33273e+06,3.46269e+10,-1.45947e+11
1.24779e+07,172657,1.33317e+06,3.4992e+10,-1.4586e+11
1.24842e+07,172109,1.3336e+06,3.53569e+10,-1.45772e+11
1.24905e+07,171561,1.33403e+06,3.57217e+10,-1.45683e+11
1.24968e+07,171014,1.33446e+06,3.60861e+10,-1.45593e+11
1.25031e+07,170467,1.33488e+06,3.64504e+10,-1.45502e+11
1.25094e+07,169921,1.33531e+06,3.68145e+10,-1.45411e+11
1.25157e+07,169374,1.33573e+06,3.71783e+10,-1.45318e+11
1.25221e+07,168829,1.33616e+06,3.75418e+10,-1.45225e+11
1.25284e+07,168283,1.33658e+06,3.79052e+10,-1.4513e+11
1.25347e+07,167738,1.337e+06,3.82683e+10,-1.45035e+11
1.2541e+07,167193,1.33742e+06,3.86311e+10,-1.44939e+11
1.25473e+07,166649,1.33784e+06,3.89937e+10,-1.44842e+11
1.25536e+07,166105,1.33825e+06,3.93561e+10,-1.44743e+11
1.25599e+07,165561,1.33867e+06,3.97183e+10,-1.44645e+11
1.25662e+07,165018,1.33908e+06,4.00801e+10,-1.44545e+11
1.25725e+07,164475,1.33949e+06,4.04418e+10,-1.44444e+11
1.25789e+07,163933,1.3399e+06,4.08031e+10,-1.44342e+11
1.25852e+07,163390,1.34031e+06,4.11643e+10,-1.4424e+11
1.25915e+07,162849,1.34072e+06,4.15251e+10,-1.44136e+11
1.25978e+07,162307,1.34113e+06,4.18857e+10,-1.44032e+11
1.26041e+07,161766,1.34154e+06,4.22461e+10,-1.43927e+11
1.26104e+07,161226,1.34194e+06,4.26061e+10,-1.4382e+11
1.26167e+07,160686,1.34234e+06,4.29659e+10,-1.43713e+11
1.2623e+07,160146,1.34274e+06,4.33255e+10,-1.43605e+11
1.26294e+07,159607,1.34314e+06,4.36847e+10,-1.43496e+11
1.26357e+07,159068,1.34354e+06,4.40437e+10,-1.43387e+11
1.2642e+07,158529,1.34394e+06,4.44025e+10,-1.43276e+11
1.26483e+07,157991,1.34434e+06,4.47609e+10,-1.43164e+11
1.26546e+07,157453,1.34473e+06,4.51191e+10,-1.43052e+11
1.26609e+07,156916,1.34512e+06,4.54769e+10,-1.42939e+11
1.26672e+07,156379,1.34552e+06,4.58345e+10,-1.42824e+11
1.26735e+07,155843,1.34591e+06,4.61918e+10,-1.42709e+11
1.26798e+07,155307,1.3463e+06,4.65488e+10,-1.42593e+11
1.26862e+07,154771,1.34668e+06,4.69056e+10,-1.42476e+11
1.26925e+07,154236,1.34707e+06,4.7262e+10,-1.42358e+11
1.26988e+07,153701,1.34746e+06,4.76181e+10,-1.4224e+11
1.27051e+07,153167,1.34784e+06,4.7974e+10,-1.4212e+11
1.27114e+07,152634,1.34822e+06,4.83295e+10,-1.41999e+11
1.27177e+07,152100,1.3486e+06,4.86847e+10,-1.41878e+11
1.2724e+07,151567,1.34898e+06,4.90397e+10,-1.41756e+11
1.27303e+07,151035,1.34936e+06,4.93943e+10,-1.41633e+11
1.27366e+07,150503,1.34974e+06,4.97486e+10,-1.41509e+11
1.2743e+07,149972,1.35012e+06,5.01026e+10,-1.41384e+11
1.27493e+07,149441,1.35049e+06,5.04563e+10,-1.41258e+11
1.27556e+07,148910,1.35086e+06,5.08097e+10,-1.41131e+11
1.27619e+07,148380,1.35124e+06,5.11627e+10,-1.41003e+11
1.27682e+07,147851,1.35161e+06,5.15154e+10,-1.40875e+11
1.27745e+07,147322,1.35198e+06,5.18678e+10,-1.40746e+11
1.27808e+07,146793,1.35234e+06,5.22199e+10,-1.40615e+11
1.27871e+07,146265,1.35271e+06,5.25717e+10,-1.40484e+11
1.27935e+07,145737,1.35308e+06,5.29231e+10,-1.40352e+11
1.27998e+07,145210,1.35344e+06,5.32742e+10,-1.40219e+11
1.28061e+07,144684,1.3538e+06,5.3625e+10,-1.40086e+11
1.28124e+07,144158,1.35416e+06,5.39754e+10,-1.39951e+11
1.28187e+07,143632,1.35452e+06,5.43255e+10,-1.39815e+11
1.2825e+07,143107,1.35488e+06,5.46752e+10,-1.39679e+11
1.28313e+07,142582,1.35524e+06,5.50246e+10,-1.39542e+11
1.28376e+07,142058,1.3556e+06,5.53737e+10,-1.39404e+11
1.28439e+07,141535,1.35595e+06,5.57224e+10,-1.39265e+11
1.28503e+07,141012,1.35631e+06,5.60708e+10,-1.39125e+11
1.28566e+07,140489,1.35666e+06,5.64188e+10,-1.38984e+11
1.28629e+07,139968,1.35701e+06,5.67665e+10,-1.38842e+11
1.28692e+07,139446,1.35736e+06,5.71138e+10,-1.387e+11
1.28755e+07,138925,1.35771e+06,5.74607e+10,-1.38556e+11
1.28818e+07,138405,1.35805e+06,5.78073e+10,-1.38412e+11
1.28881e+07,137885,1.3584e+06,5.81535e+10,-1.38267e+11
1.28944e+07,137366,1.35874e+06,5.84994e+10,-1.38121e+11
1.29007e+07,136847,1.35909e+06,5.88449e+10,-1.37974e+11
1.29071e+07,136329,1.35943e+06,5.919e+10,-1.37827e+11
1.29134e+07,135812,1.35977e+06,5.95348e+10,-1.37678e+11
1.29197e+07,135295,1.36011e+06,5.98791e+10,-1.37529e+11
1.2926e+07,134778,1.36045e+06,6.02231e+10,-1.37378e+11
1.29323e+07,134262,1.36078e+06,6.05668e+10,-1.37227e+11
1.29386e+07,133747,1.36112e+06,6.091e+10,-1.37075e+11
1.29449e+07,133232,1.36145e+06,6.12529e+10,-1.36922e+11
1.29512e+07,132718,1.36179e+06,6.15954e+10,-1.36768e+11
1.29576e+07,132204,1.36212e+06,6.19375e+10,-1.36614e+11
1.29639e+07,131691,1.36245e+06,6.22792e+10,-1.36458e+11
1.29702e+07,131179,1.36278e+06,6.26205e+10,-1.36302e+11
1.29765e+07,130667,1.3631e+06,6.29614e+10,-1.36145e+11
1.29828e+07,130156,1.36343e+06,6.3302e+10,-1.35987e+11
1.29891e+07,129645,1.36376e+06,6.36421e+10,-1.35828e+11
1.29954e+07,129135,1.36408e+06,6.39819e+10,-1.35668e+11
1.30017e+07,128626,1.3644e+06,6.43212e+10,-1.35508e+11
1.3008e+07,128117,1.36472e+06,6.46601e+10,-1.35347e+11
1.30144e+07,127609,1.36504e+06,6.49987e+10,-1.35184e+11
1.30207e+07,127101,1.36536e+06,6.53368e+10,-1.35021e+11
1.3027e+07,126594,1.36568e+06,6.56745e+10,-1.34857e+11
1.30333e+07,126088,1.366e+06,6.60118e+10,-1.34692e+11
1.30396e+07,125582,1.36631e+06,6.63487e+10,-1.34527e+11
1.30459e+07,125077,1.36662e+06,6.66852e+10,-1.3436e+11
1.30522e+07,124572,1.36694e+06,6.70212e+10,-1.34193e+11
1.30585e+07,124069,1.36725e+06,6.73569e+10,-1.34025e+11
1.30648e+07,123565,1.36756e+06,6.76921e+10,-1.33856e+11
1.30712e+07,123063,1.36787e+06,6.80269e+10,-1.33686e+11
1.30775e+07,122561,1.36817e+06,6.83612e+10,-1.33515e+11
1.30838e+07,122059,1.36848e+06,6.86952e+10,-1.33344e+11
1.30901e+07,121559,1.36878e+06,6.90287e+10,-1.33172e+11
1.30964e+07,121059,1.36909e+06,6.93618e+10,-1.32998e+11
1.31027e+07,120559,1.36939e+06,6.96944e+10,-1.32824e+11
1.3109e+07,120061,1.36969e+06,7.00266e+10,-1.3265e+11
1.31153e+07,119563,1.36999e+06,7.03584e+10,-1.32474e+11
1.31217e+07,119065,1.37029e+06,7.06897e+10,-1.32297e+11
1.3128e+07,118568,1.37059e+06,7.10206e+10,-1.3212e+11
1.31343e+07,118072,1.37088e+06,7.1351e+10,-1.31942e+11
1.31406e+07,117577,1.37118e+06,7.1681e+10,-1.31763e+11
1.31469e+07,117082,1.37147e+06,7.20105e+10,-1.31583e+11
1.31532e+07,116588,1.37176e+06,7.23396e+10,-1.31402e+11
1.31595e+07,116095,1.37206e+06,7.26683e+10,-1.31221e+11
1.31658e+07,115602,1.37235e+06,7.29964e+10,-1.31039e+11
1.31721e+07,115110,1.37263e+06,7.33242e+10,-1.30856e+11
1.31785e+07,114619,1.37292e+06,7.36514e+10,-1.30672e+11
1.31848e+07,114128,1.37321e+06,7.39782e+10,-1.30487e+11
1.31911e+07,113638,1.37349e+06,7.43046e+10,-1.30301e+11
1.31974e+07,113149,1.37378e+06,7.46305e+10,-1.30115e+11
1.32037e+07,112661,1.37406e+06,7.49559e+10,-1.29928e+11
1.321e+07,112173,1.37434e+06,7.52808e+10,-1.2974e+11
1.32163e+07,111686,1.37462e+06,7.56053e+10,-1.29551e+11
1.32226e+07,111199,1.3749e+06,7.59293e+10,-1.29361e+11
1.32289e+07,110714,1.37518e+06,7.62528e+10,-1.29171e+11
1.32353e+07,110229,1.37545e+06,7.65758e+10,-1.2898e+11
1.32416e+07,109744,1.37573e+06,7.68984e+10,-1.28788e+11
1.32479e+07,109261,1.376e+06,7.72205e+10,-1.28595e+11
1.32542e+07,108778,1.37628e+06,7.75421e+10,-1.28401e+11
1.32605e+07,108296,1.37655e+06,7.78632e+10,-1.28207e+11
1.32668e+07,107815,1.37682e+06,7.81838e+10,-1.28011e+11
1.32731e+07,107334,1.37709e+06,7.85039e+10,-1.27815e+11
1.32794e+07,106854,1.37736e+06,7.88236e+10,-1.27619e+11
1.32857e+07,106375,1.37762e+06,7.91427e+10,-1.27421e+11
1.32921e+07,105897,1.37789e+06,7.94614e+10,-1.27222e+11
1.32984e+07,105419,1.37815e+06,7.97795e+10,-1.27023e+11
1.33047e+07,104942,1.37842e+06,8.00972e+10,-1.26823e+11
1.3311e+07,104466,1.37868e+06,8.04143e+10,-1.26622e+11
1.33173e+07,103991,1.37894e+06,8.0731e+10,-1.26421e+11
1.33236e+07,103516,1.3792e+06,8.10471e+10,-1.26218e+11
1.33299e+07,103042,1.37946e+06,8.13627e+10,-1.26015e+11
1.33362e+07,102569,1.37971e+06,8.16779e+10,-1.25811e+11
1.33426e+07,102097,1.37997e+06,8.19925e+10,-1.25606e+11
1.33489e+07,101625,1.38022e+06,8.23066e+10,-1.254e+11
1.33552e+07,101154,1.38048e+06,8.26202e+10,-1.25194e+11
1.33615e+07,100684,1.38073e+06,8.29332e+10,-1.24987e+11
1.33678e+07,100215,1.38098e+06,8.32458e+10,-1.24779e+11
1.33741e+07,99746.8,1.38123e+06,8.35578e+10,-1.2457e+11
1.33804e+07,99279.2,1.38148e+06,8.38693e+10,-1.24361e+11
1.33867e+07,98812.3,1.38173e+06,8.41803e+10,-1.2415e+11
1.3393e+07,98346.3,1.38198e+06,8.44907e+10,-1.23939e+11
1.33994e+07,97881,1.38222e+06,8.48006e+10,-1.23728e+11
1.34057e+07,97416.5,1.38247e+06,8.511e+10,-1.23515e+11
1.3412e+07,96952.8,1.38271e+06,8.54189e+10,-1.23302e+11
1.34183e+07,96490,1.38295e+06,8.57272e+10,-1.23087e+11
1.34246e+07,96027.9,1.38319e+06,8.6035e+10,-1.22872e+11
1.34309e+07,95566.6,1.38343e+06,8.63422e+10,-1.22657e+11
1.34372e+07,95106.2,1.38367e+06,8.66489e+10,-1.2244e+11
1.34435e+07,94646.6,1.38391e+06,8.69551e+10,-1.22223e+11
1.34498e+07,94187.8,1.38414e+06,8.72607e+10,-1.22005e+11
1.34562e+07,93729.8,1.38438e+06,8.75658e+10,-1.21786e+11
1.34625e+07,93272.6,1.38461e+06,8.78703e+10,-1.21567e+11
1.34688e+07,92816.3,1.38485e+06,8.81743e+10,-1.21346e+11
1.34751e+07,92360.8,1.38508e+06,8.84777e+10,-1.21125e+11
1.34814e+07,91906.1,1.38531e+06,8.87806e+10,-1.20904e+11
1.34877e+07,91452.2,1.38554e+06,8.90829e+10,-1.20681e+11
1.3494e+07,90999.2,1.38577e+06,8.93846e+10,-1.20458e+11
1.35003e+07,90547.1,1.38599e+06,8.96858e+10,-1.20234e+11
1.35067e+07,90095.7,1.38622e+06,8.99865e+10,-1.20009e+11
1.3513e+07,89645.3,1.38644e+06,9.02865e+10,-1.19783e+11
1.35193e+07,89195.6,1.38667e+06,9.0586e+10,-1.19557e+11
1.35256e+07,88746.9,1.38689e+06,9.0885e+10,-1.1933e+11
1.35319e+07,88298.9,1.38711e+06,9.11833e+10,-1.19102e+11
1.35382e+07,87851.9,1.38733e+06,9.14811e+10,-1.18873e+11
1.35445e+07,87405.7,1.38755e+06,9.17783e+10,-1.18644e+11
1.35508e+07,86960.3,1.38777e+06,9.2075e+10,-1.18414e+11
1.35571e+07,86515.9,1.38799e+06,9.23711e+10,-1.18183e+11
1.35635e+07,86072.2,1.3882e+06,9.26665e+10,-1.17952e+11
1.35698e+07,85629.5,1.38842e+06,9.29615e+10,-1.17719e+11
1.35761e+07,85187.7,1.38863e+06,9.32558e+10,-1.17486e+11
1.35824e+07,84746.7,1.38884e+06,9.35495e+10,-1.17253e+11
1.35887e+07,84306.6,1.38906e+06,9.38427e+10,-1.17018e+11
1.3595e+07,83867.3,1.38927e+06,9.41352e+10,-1.16783e+11
1.36013e+07,83429,1.38948e+06,9.44272e+10,-1.16547e+11
1.36076e+07,82991.6,1.38968e+06,9.47186e+10,-1.1631e+11
1.36139e+07,82555,1.38989e+06,9.50094e+10,-1.16073e+11
1.36203e+07,82119.3,1.3901e+06,9.52996e+10,-1.15835e+11
1.36266e+07,81684.6,1.3903e+06,9.55892e+10,-1.15596e+11
1.36329e+07,81250.7,1.39051e+06,9.58782e+10,-1.15356e+11
1.36392e+07,80817.7,1.39071e+06,9.61666e+10,-1.15116e+11
1.36455e+07,80385.7,1.39091e+06,9.64544e+10,-1.14875e+11
1.36518e+07,79954.5,1.39111e+06,9.67416e+10,-1.14633e+11
1.36581e+07,79524.3,1.39131e+06,9.70282e+10,-1.14391e+11
1.36644e+07,79094.9,1.39151e+06,9.73142e+10,-1.14147e+11
1.36708e+07,78666.5,1.39171e+06,9.75996e+10,-1.13903e+11
1.36771e+07,78239,1.3919e+06,9.78843e+10,-1.13659e+11
1.36834e+07,77812.4,1.3921e+06,9.81685e+10,-1.13414e+11
1.36897e+07,77386.8,1.39229e+06,9.8452e+10,-1.13167e+11
1.3696e+07,76962,1.39249e+06,9.87349e+10,-1.12921e+11
1.37023e+07,76538.2,1.39268e+06,9.90172e+10,-1.12673e+11
1.37086e+07,76115.3,1.39287e+06,9.92989e+10,-1.12425e+11
1.37149e+07,75693.4,1.39306e+06,9.958e+10,-1.12176e+11
1.37212e+07,75272.4,1.39325e+06,9.98604e+10,-1.11927e+11
1.37276e+07,74852.3,1.39344e+06,1.0014e+11,-1.11676e+11
1.37339e+07,74433.2,1.39362e+06,1.00419e+11,-1.11425e+11
1.37402e+07,74015,1.39381e+06,1.00698e+11,-1.11174e+11
1.37465e+07,73597.8,1.39399e+06,1.00976e+11,-1.10921e+11
1.37528e+07,73181.5,1.39418e+06,1.01253e+11,-1.10668e+11
1.37591e+07,72766.2,1.39436e+06,1.0153e+11,-1.10415e+11
1.37654e+07,72351.8,1.39454e+06,1.01806e+11,-1.1016e+11
1.37717e+07,71938.4,1.39472e+06,1.02081e+11,-1.09905e+11
1.3778e+07,71525.9,1.3949e+06,1.02356e+11,-1.09649e+11
1.37844e+07,71114.4,1.39508e+06,1.0263e+11,-1.09393e+11
1.37907e+07,70703.9,1.39526e+06,1.02904e+11,-1.09136e+11
1.3797e+07,70294.4,1.39543e+06,1.03176e+11,-1.08878e+11
1.38033e+07,69885.8,1.39561e+06,1.03449e+11,-1.08619e+11
1.38096e+07,69478.1,1.39578e+06,1.0372e+11,-1.0836e+11
1.38159e+07,69071.5,1.39596e+06,1.03991e+11,-1.081e+11
1.38222e+07,68665.8,1.39613e+06,1.04261e+11,-1.07839e+11
1.38285e+07,68261.1,1.3963e+06,1.04531e+11,-1.07578e+11
1.38349e+07,67857.4,1.39647e+06,1.048e+11,-1.07316e+11
1.38412e+07,67454.7,1.39664e+06,1.05068e+11,-1.07053e+11
1.38475e+07,67053,1.39681e+06,1.05335e+11,-1.0679e+11
1.38538e+07,66652.2,1.39698e+06,1.05602e+11,-1.06526e+11
1.38601e+07,66252.5,1.39714e+06,1.05869e+11,-1.06262e+11
1.38664e+07,65853.7,1.39731e+06,1.06134e+11,-1.05996e+11
1.38727e+07,65456,1.39747e+06,1.06399e+11,-1.0573e+11
1.3879e+07,65059.2,1.39764e+06,1.06663e+11,-1.05464e+11
1.38853e+07,64663.5,1.3978e+06,1.06927e+11,-1.05196e+11
1.38917e+07,64268.7,1.39796e+06,1.0719e+11,-1.04929e+11
1.3898e+07,63875,1.39812e+06,1.07452e+11,-1.0466e+11
1.39043e+07,63482.3,1.39828e+06,1.07714e+11,-1.04391e+11
1.39106e+07,63090.6,1.39844e+06,1.07975e+11,-1.04121e+11
1.39169e+07,62699.9,1.39859e+06,1.08235e+11,-1.0385e+11
1.39232e+07,62310.2,1.39875e+06,1.08495e+11,-1.03579e+11
1.39295e+07,61921.5,1.39891e+06,1.08754e+11,-1.03307e+11
1.39358e+07,61533.9,1.39906e+06,1.09012e+11,-1.03035e+11
1.39421e+07,61147.3,1.39921e+06,1.09269e+11,-1.02762e+11
1.39485e+07,60761.7,1.39937e+06,1.09526e+11,-1.02488e+11
1.39548e+07,60377.1,1.39952e+06,1.09782e+11,-1.02213e+11
1.39611e+07,59993.6,1.39967e+06,1.10038e+11,-1.01938e+11
1.39674e+07,59611.1,1.39982e+06,1.10293e+11,-1.01663e+11
1.39737e+07,59229.7,1.39997e+06,1.10547e+11,-1.01386e+11
1.398e+07,58849.3,1.40012e+06,1.108e+11,-1.01109e+11
1.39863e+07,58469.9,1.40026e+06,1.11053e+11,-1.00832e+11
1.39926e+07,58091.6,1.40041e+06,1.11305e+11,-1.00553e+11
1.3999e+07,57714.3,1.40055e+06,1.11556e+11,-1.00274e+11
1.40053e+07,57338.1,1.4007e+06,1.11807e+11,-9.9995e+10
1.40116e+07,56962.9,1.40084e+06,1.12057e+11,-9.97148e+10
1.40179e+07,56588.8,1.40098e+06,1.12306e+11,-9.94341e+10
1.40242e+07,56215.7,1.40112e+06,1.12554e+11,-9.91527e+10
1.40305e+07,55843.7,1.40126e+06,1.12802e+11,-9.88707e+10
1.40368e+07,55472.7,1.4014e+06,1.13049e+11,-9.85881e+10
1.40431e+07,55102.8,1.40154e+06,1.13296e+11,-9.83049e+10
1.40494e+07,54734,1.40168e+06,1.13541e+11,-9.8021e+10
1.40558e+07,54366.3,1.40181e+06,1.13786e+11,-9.77365e+10
1.40621e+07,53999.6,1.40195e+06,1.1403e+11,-9.74515e+10
1.40684e+07,53634,1.40209e+06,1.14274e+11,-9.71658e+10
1.40747e+07,53269.4,1.40222e+06,1.14517e+11,-9.68795e+10
1.4081e+07,52906,1.40235e+06,1.14759e+11,-9.65926e+10
1.40873e+07,52543.6,1.40248e+06,1.15e+11,-9.63051e+10
1.40936e+07,52182.3,1.40261e+06,1.15241e+11,-9.6017e+10
1.40999e+07,51822.1,1.40274e+06,1.15481e+11,-9.57282e+10
1.41062e+07,51462.9,1.40287e+06,1.1572e+11,-9.54389e+10
1.41126e+07,51104.9,1.403e+06,1.15959e+11,-9.5149e+10
1.41189e+07,50747.9,1.40313e+06,1.16196e+11,-9.48585e+10
1.41252e+07,50392.1,1.40326e+06,1.16433e+11,-9.45674e+10
1.41315e+07,50037.3,1.40338e+06,1.1667e+11,-9.42757e+10
1.41378e+07,49683.7,1.40351e+06,1.16905e+11,-9.39834e+10
1.41441e+07,49331.1,1.40363e+06,1.1714e+11,-9.36906e+10
1.41504e+07,48979.6,1.40375e+06,1.17374e+11,-9.33971e+10
1.41567e+07,48629.3,1.40388e+06,1.17608e+11,-9.31031e+10
1.41631e+07,48280,1.404e+06,1.1784e+11,-9.28084e+10
1.41694e+07,47931.9,1.40412e+06,1.18072e+11,-9.25132e+10
1.41757e+07,47584.8,1.40424e+06,1.18303e+11,-9.22174e+10
1.4182e+07,47238.9,1.40436e+06,1.18534e+11,-9.19211e+10
1.41883e+07,46894.1,1.40447e+06,1.18763e+11,-9.16241e+10
1.41946e+07,46550.4,1.40459e+06,1.18992e+11,-9.13266e+10
1.42009e+07,46207.8,1.40471e+06,1.19221e+11,-9.10285e+10
1.42072e+07,45866.3,1.40482e+06,1.19448e+11,-9.07299e+10
1.42135e+07,45526,1.40494e+06,1.19675e+11,-9.04307e+10
1.42199e+07,45186.8,1.40505e+06,1.19901e+11,-9.01309e+10
1.42262e+07,44848.7,1.40516e+06,1.20126e+11,-8.98305e+10
1.42325e+07,44511.8,1.40527e+06,1.2035e+11,-8.95296e+10
1.42388e+07,44176,1.40539e+06,1.20574e+11,-8.92281e+10
1.42451e+07,43841.3,1.4055e+06,1.20797e+11,-8.89261e+10
1.42514e+07,43507.7,1.4056e+06,1.21019e+11,-8.86235e+10
1.42577e+07,43175.3,1.40571e+06,1.21241e+11,-8.83203e+10
1.4264e+07,42844,1.40582e+06,1.21461e+11,-8.80166e+10
1.42703e+07,42513.9,1.40593e+06,1.21681e+11,-8.77124e+10
1.42767e+07,42184.9,1.40603e+06,1.219e+11,-8.74076e+10
1.4283e+07,41857.1,1.40614e+06,1.22119e+11,-8.71022e+10
1.42893e+07,41530.4,1.40624e+06,1.22336e+11,-8.67963e+10
1.42956e+07,41204.9,1.40635e+06,1.22553e+11,-8.64899e+10
1.43019e+07,40880.5,1.40645e+06,1.22769e+11,-8.61829e+10
1.43082e+07,40557.2,1.40655e+06,1.22984e+11,-8.58754e+10
1.43145e+07,40235.2,1.40665e+06,1.23199e+11,-8.55673e+10
1.43208e+07,39914.3,1.40675e+06,1.23413e+11,-8.52587e+10
1.43272e+07,39594.5,1.40685e+06,1.23626e+11,-8.49496e+10
1.43335e+07,39275.9,1.40695e+06,1.23838e+11,-8.46399e+10
1.43398e+07,38958.5,1.40705e+06,1.24049e+11,-8.43297e+10
1.43461e+07,38642.2,1.40715e+06,1.2426e+11,-8.4019e+10
1.43524e+07,38327.1,1.40724e+06,1.2447e+11,-8.37077e+10
1.43587e+07,38013.2,1.40734e+06,1.24679e+11,-8.3396e+10
1.4365e+07,37700.4,1.40743e+06,1.24887e+11,-8.30837e+10
1.43713e+07,37388.9,1.40753e+06,1.25095e+11,-8.27709e+10
1.43776e+07,37078.5,1.40762e+06,1.25302e+11,-8.24575e+10
1.4384e+07,36769.2,1.40771e+06,1.25508e+11,-8.21437e+10
1.43903e+07,36461.2,1.4078e+06,1.25713e+11,-8.18293e+10
1.43966e+07,36154.3,1.40789e+06,1.25917e+11,-8.15144e+10
1.44029e+07,35848.6,1.40798e+06,1.26121e+11,-8.11991e+10
1.44092e+07,35544.2,1.40807e+06,1.26324e+11,-8.08832e+10
1.44155e+07,35240.8,1.40816e+06,1.26526e+11,-8.05668e+10
1.44218e+07,34938.7,1.40825e+06,1.26727e+11,-8.02498e+10
1.44281e+07,34637.8,1.40834e+06,1.26927e+11,-7.99324e+10
1.44344e+07,34338.1,1.40842e+06,1.27127e+11,-7.96145e+10
1.44408e+07,34039.5,1.40851e+06,1.27326e+11,-7.92961e+10
1.44471e+07,33742.2,1.40859e+06,1.27524e+11,-7.89772e+10
1.44534e+07,33446.1,1.40868e+06,1.27721e+11,-7.86578e+10
1.44597e+07,33151.1,1.40876e+06,1.27918e+11,-7.83379e+10
1.4466e+07,32857.4,1.40884e+06,1.28113e+11,-7.80175e+10
1.44723e+07,32564.9,1.40893e+06,1.28308e+11,-7.76967e+10
1.44786e+07,32273.6,1.40901e+06,1.28502e+11,-7.73753e+10
1.44849e+07,31983.4,1.40909e+06,1.28696e+11,-7.70535e+10
1.44912e+07,31694.5,1.40917e+06,1.28888e+11,-7.67311e+10
1.44976e+07,31406.8,1.40925e+06,1.2908e+11,-7.64083e+10
1.45039e+07,31120.4,1.40932e+06,1.2927e+11,-7.6085e+10
1.45102e+07,30835.1,1.4094e+06,1.2946e+11,-7.57613e+10
1.45165e+07,30551.1,1.40948e+06,1.2965e+11,-7.5437e+10
1.45228e+07,30268.2,1.40955e+06,1.29838e+11,-7.51123e+10
1.45291e+07,29986.6,1.40963e+06,1.30026e+11,-7.47872e+10
1.45354e+07,29706.2,1.4097e+06,1.30212e+11,-7.44615e+10
1.45417e+07,29427.1,1.40978e+06,1.30398e+11,-7.41354e+10
1.45481e+07,29149.2,1.40985e+06,1.30584e+11,-7.38088e+10
1.45544e+07,28872.4,1.40992e+06,1.30768e+11,-7.34818e+10
1.45607e+07,28597,1.41e+06,1.30951e+11,-7.31543e+10
1.4567e+07,28322.7,1.41007e+06,1.31134e+11,-7.28263e+10
1.45733e+07,28049.7,1.41014e+06,1.31316e+11,-7.24979e+10
1.45796e+07,27777.9,1.41021e+06,1.31497e+11,-7.2169e+10
1.45859e+07,27507.4,1.41028e+06,1.31677e+11,-7.18397e+10
1.45922e+07,27238.1,1.41035e+06,1.31856e+11,-7.15099e+10
1.45985e+07,26970,1.41041e+06,1.32035e+11,-7.11797e+10
1.46049e+07,26703.2,1.41048e+06,1.32213e+11,-7.0849e+10
1.46112e+07,26437.6,1.41055e+06,1.3239e+11,-7.05179e+10
1.46175e+07,26173.3,1.41061e+06,1.32566e+11,-7.01864e+10
1.46238e+07,25910.2,1.41068e+06,1.32741e+11,-6.98544e+10
1.46301e+07,25648.4,1.41074e+06,1.32915e+11,-6.9522e+10
1.46364e+07,25387.8,1.41081e+06,1.33089e+11,-6.91891e+10
1.46427e+07,25128.5,1.41087e+06,1.33262e+11,-6.88558e+10
1.4649e+07,24870.4,1.41093e+06,1.33434e+11,-6.85221e+10
1.46553e+07,24613.6,1.41099e+06,1.33605e+11,-6.81879e+10
1.46617e+07,24358,1.41106e+06,1.33775e+11,-6.78533e+10
1.4668e+07,24103.7,1.41112e+06,1.33944e+11,-6.75183e+10
1.46743e+07,23850.6,1.41118e+06,1.34113e+11,-6.71829e+10
1.46806e+07,23598.8,1.41124e+06,1.34281e+11,-6.6847e+10
1.46869e+07,23348.3,1.41129e+06,1.34447e+11,-6.65108e+10
1.46932e+07,23099,1.41135e+06,1.34614e+11,-6.61741e+10
1.46995e+07,22851,1.41141e+06,1.34779e+11,-6.5837e+10
1.47058e+07,22604.3,1.41147e+06,1.34943e+11,-6.54995e+10
1.47122e+07,22358.8,1.41152e+06,1.35107e+11,-6.51615e+10
1.47185e+07,22114.6,1.41158e+06,1.35269e+11,-6.48232e+10
1.47248e+07,21871.7,1.41163e+06,1.35431e+11,-6.44845e+10
1.47311e+07,21630.1,1.41169e+06,1.35592e+11,-6.41453e+10
1.47374e+07,21389.7,1.41174e+06,1.35752e+11,-6.38058e+10
1.47437e+07,21150.6,1.4118e+06,1.35911e+11,-6.34658e+10
1.475e+07,20912.8,1.41185e+06,1.3607e+11,-6.31255e+10
1.47563e+07,20676.2,1.4119e+06,1.36227e+11,-6.27847e+10
1.47626e+07,20441,1.41195e+06,1.36384e+11,-6.24436e+10
1.4769e+07,20207,1.412e+06,1.3654e+11,-6.21021e+10
1.47753e+07,19974.3,1.41205e+06,1.36695e+11,-6.17602e+10
1.47816e+07,19742.9,1.4121e+06,1.36849e+11,-6.14179e+10
1.47879e+07,19512.8,1.41215e+06,1.37002e+11,-6.10752e+10
1.47942e+07,19284,1.4122e+06,1.37155e+11,-6.07321e+10
1.48005e+07,19056.4,1.41225e+06,1.37306e+11,-6.03887e+10
1.48068e+07,18830.2,1.4123e+06,1.37457e+11,-6.00449e+10
1.48131e+07,18605.2,1.41234e+06,1.37607e+11,-5.97007e+10
1.48194e+07,18381.5,1.41239e+06,1.37756e+11,-5.93561e+10
1.48258e+07,18159.2,1.41243e+06,1.37904e+11,-5.90111e+10
1.48321e+07,17938.1,1.41248e+06,1.38051e+11,-5.86658e+10
1.48384e+07,17718.3,1.41252e+06,1.38198e+11,-5.83201e+10
1.48447e+07,17499.9,1.41257e+06,1.38343e+11,-5.79741e+10
1.4851e+07,17282.7,1.41261e+06,1.38488e+11,-5.76277e+10
1.48573e+07,17066.8,1.41265e+06,1.38632e+11,-5.72809e+10
1.48636e+07,16852.2,1.4127e+06,1.38775e+11,-5.69338e+10
1.48699e+07,16639,1.41274e+06,1.38917e+11,-5.65863e+10
1.48763e+07,16427,1.41278e+06,1.39058e+11,-5.62384e+10
1.48826e+07,16216.4,1.41282e+06,1.39198e+11,-5.58903e+10
1.48889e+07,16007,1.41286e+06,1.39338e+11,-5.55417e+10
1.48952e+07,15799,1.4129e+06,1.39476e+11,-5.51928e+10
1.49015e+07,15592.3,1.41294e+06,1.39614e+11,-5.48436e+10
1.49078e+07,15386.9,1.41298e+06,1.39751e+11,-5.4494e+10
1.49141e+07,15182.8,1.41302e+06,1.39887e+11,-5.41441e+10
1.49204e+07,14980,1.41306e+06,1.40022e+11,-5.37938e+10
1.49267e+07,14778.5,1.41309e+06,1.40156e+11,-5.34432e+10
1.49331e+07,14578.4,1.41313e+06,1.40289e+11,-5.30923e+10
1.49394e+07,14379.6,1.41317e+06,1.40422e+11,-5.2741e+10
1.49457e+07,14182.1,1.4132e+06,1.40553e+11,-5.23894e+10
1.4952e+07,13985.9,1.41324e+06,1.40684e+11,-5.20375e+10
1.49583e+07,13791,1.41327e+06,1.40814e+11,-5.16852e+10
1.49646e+07,13597.5,1.41331e+06,1.40943e+11,-5.13327e+10
1.49709e+07,13405.3,1.41334e+06,1.41071e+11,-5.09798e+10
1.49772e+07,13214.4,1.41337e+06,1.41198e+11,-5.06266e+10
1.49835e+07,13024.9,1.41341e+06,1.41324e+11,-5.0273e+10
1.49899e+07,12836.6,1.41344e+06,1.41449e+11,-4.99192e+10
1.49962e+07,12649.7,1.41347e+06,1.41574e+11,-4.9565e+10
1.50025e+07,12464.2,1.4135e+06,1.41698e+11,-4.92105e+10
1.50088e+07,12279.9,1.41353e+06,1.4182e+11,-4.88558e+10
1.50151e+07,12097,1.41356e+06,1.41942e+11,-4.85007e+10
1.50214e+07,11915.5,1.41359e+06,1.42063e+11,-4.81453e+10
1.50277e+07,11735.2,1.41362e+06,1.42183e+11,-4.77896e+10
1.5034e+07,11556.4,1.41365e+06,1.42302e+11,-4.74336e+10
1.50404e+07,11378.8,1.41368e+06,1.4242e+11,-4.70773e+10
1.50467e+07,11202.6,1.41371e+06,1.42538e+11,-4.67207e+10
1.5053e+07,11027.7,1.41374e+06,1.42654e+11,-4.63639e+10
1.50593e+07,10854.2,1.41376e+06,1.4277e+11,-4.60067e+10
1.50656e+07,10682,1.41379e+06,1.42885e+11,-4.56492e+10
1.50719e+07,10511.2,1.41382e+06,1.42998e+11,-4.52915e+10
1.50782e+07,10341.7,1.41384e+06,1.43111e+11,-4.49335e+10
1.50845e+07,10173.5,1.41387e+06,1.43223e+11,-4.45752e+10
1.50908e+07,10006.7,1.41389e+06,1.43334e+11,-4.42166e+10
1.50972e+07,9841.22,1.41392e+06,1.43445e+11,-4.38577e+10
1.51035e+07,9677.11,1.41394e+06,1.43554e+11,-4.34986e+10
1.51098e+07,9514.35,1.41397e+06,1.43662e+11,-4.31392e+10
1.51161e+07,9352.94,1.41399e+06,1.4377e+11,-4.27795e+10
1.51224e+07,9192.88,1.41401e+06,1.43877e+11,-4.24196e+10
1.51287e+07,9034.17,1.41404e+06,1.43982e+11,-4.20594e+10
1.5135e+07,8876.82,1.41406e+06,1.44087e+11,-4.16989e+10
1.51413e+07,8720.82,1.41408e+06,1.44191e+11,-4.13382e+10
1.51476e+07,8566.18,1.4141e+06,1.44294e+11,-4.09772e+10
1.5154e+07,8412.89,1.41412e+06,1.44396e+11,-4.06159e+10
1.51603e+07,8260.97,1.41415e+06,1.44497e+11,-4.02544e+10
1.51666e+07,8110.4,1.41417e+06,1.44598e+11,-3.98926e+10
1.51729e+07,7961.19,1.41419e+06,1.44697e+11,-3.95306e+10
1.51792e+07,7813.34,1.41421e+06,1.44795e+11,-3.91684e+10
1.51855e+07,7666.85,1.41423e+06,1.44893e+11,-3.88059e+10
1.51918e+07,7521.73,1.41424e+06,1.4499e+11,-3.84431e+10
1.51981e+07,7377.97,1.41426e+06,1.45085e+11,-3.80801e+10
1.52045e+07,7235.57,1.41428e+06,1.4518e+11,-3.77169e+10
1.52108e+07,7094.54,1.4143e+06,1.45274e+11,-3.73535e+10
1.52171e+07,6954.87,1.41432e+06,1.45367e+11,-3.69898e+10
1.52234e+07,6816.57,1.41433e+06,1.45459e+11,-3.66258e+10
1.52297e+07,6679.64,1.41435e+06,1.45551e+11,-3.62617e+10
1.5236e+07,6544.08,1.41437e+06,1.45641e+11,-3.58973e+10
1.52423e+07,6409.88,1.41438e+06,1.4573e+11,-3.55327e+10
1.52486e+07,6277.06,1.4144e+06,1.45819e+11,-3.51679e+10
1.52549e+07,6145.61,1.41441e+06,1.45906e+11,-3.48028e+10
1.52613e+07,6015.53,1.41443e+06,1.45993e+11,-3.44376e+10
1.52676e+07,5886.82,1.41444e+06,1.46079e+11,-3.40721e+10
1.52739e+07,5759.49,1.41446e+06,1.46164e+11,-3.37064e+10
1.52802e+07,5633.53,1.41447e+06,1.46247e+11,-3.33405e+10
1.52865e+07,5508.95,1.41449e+06,1.4633e+11,-3.29744e+10
1.52928e+07,5385.74,1.4145e+06,1.46413e+11,-3.2608e+10
1.52991e+07,5263.91,1.41451e+06,1.46494e+11,-3.22415e+10
1.53054e+07,5143.45,1.41453e+06,1.46574e+11,-3.18748e+10
1.53117e+07,5024.38,1.41454e+06,1.46653e+11,-3.15078e+10
1.53181e+07,4906.68,1.41455e+06,1.46732e+11,-3.11407e+10
1.53244e+07,4790.36,1.41456e+06,1.46809e+11,-3.07734e+10
1.53307e+07,4675.43,1.41458e+06,1.46886e+11,-3.04059e+10
1.5337e+07,4561.87,1.41459e+06,1.46961e+11,-3.00382e+10
1.53433e+07,4449.7,1.4146e+06,1.47036e+11,-2.96703e+10
1.53496e+07,4338.91,1.41461e+06,1.4711e+11,-2.93022e+10
1.53559e+07,4229.5,1.41462e+06,1.47183e+11,-2.89339e+10
1.53622e+07,4121.48,1.41463e+06,1.47255e+11,-2.85655e+10
1.53686e+07,4014.84,1.41464e+06,1.47326e+11,-2.81969e+10
1.53749e+07,3909.59,1.41465e+06,1.47396e+11,-2.78281e+10
1.53812e+07,3805.72,1.41466e+06,1.47465e+11,-2.74591e+10
1.53875e+07,3703.24,1.41467e+06,1.47533e+11,-2.709e+10
1.53938e+07,3602.15,1.41468e+06,1.47601e+11,-2.67207e+10
1.54001e+07,3502.44,1.41469e+06,1.47667e+11,-2.63512e+10
1.54064e+07,3404.12,1.4147e+06,1.47732e+11,-2.59815e+10
1.54127e+07,3307.19,1.41471e+06,1.47797e+11,-2.56117e+10
1.5419e+07,3211.66,1.41471e+06,1.47861e+11,-2.52417e+10
1.54254e+07,3117.51,1.41472e+06,1.47923e+11,-2.48716e+10
1.54317e+07,3024.75,1.41473e+06,1.47985e+11,-2.45013e+10
1.5438e+07,2933.39,1.41474e+06,1.48046e+11,-2.41309e+10
1.54443e+07,2843.41,1.41474e+06,1.48106e+11,-2.37603e+10
1.54506e+07,2754.83,1.41475e+06,1.48165e+11,-2.33896e+10
1.54569e+07,2667.64,1.41476e+06,1.48223e+11,-2.30187e+10
1.54632e+07,2581.85,1.41476e+06,1.4828e+11,-2.26477e+10
1.54695e+07,2497.45,1.41477e+06,1.48336e+11,-2.22765e+10
1.54758e+07,2414.45,1.41478e+06,1.48392e+11,-2.19052e+10
1.54822e+07,2332.84,1.41478e+06,1.48446e+11,-2.15337e+10
1.54885e+07,2252.62,1.41479e+06,1.485e+11,-2.11621e+10
1.54948e+07,2173.81,1.41479e+06,1.48552e+11,-2.07904e+10
1.55011e+07,2096.39,1.4148e+06,1.48604e+11,-2.04186e+10
1.55074e+07,2020.36,1.41481e+06,1.48654e+11,-2.00466e+10
1.55137e+07,1945.74,1.41481e+06,1.48704e+11,-1.96745e+10
1.552e+07,1872.51,1.41481e+06,1.48753e+11,-1.93023e+10
1.55263e+07,1800.68,1.41482e+06,1.48801e+11,-1.89299e+10
1.55327e+07,1730.25,1.41482e+06,1.48847e+11,-1.85575e+10
1.5539e+07,1661.23,1.41483e+06,1.48893e+11,-1.81849e+10
1.55453e+07,1593.6,1.41483e+06,1.48938e+11,-1.78122e+10
1.55516e+07,1527.37,1.41484e+06,1.48983e+11,-1.74394e+10
1.55579e+07,1462.54,1.41484e+06,1.49026e+11,-1.70665e+10
1.55642e+07,1399.11,1.41484e+06,1.49068e+11,-1.66935e+10
1.55705e+07,1337.09,1.41485e+06,1.49109e+11,-1.63204e+10
1.55768e+07,1276.46,1.41485e+06,1.4915e+11,-1.59471e+10
1.55831e+07,1217.24,1.41485e+06,1.49189e+11,-1.55738e+10
1.55895e+07,1159.43,1.41486e+06,1.49228e+11,-1.52004e+10
1.55958e+07,1103.01,1.41486e+06,1.49265e+11,-1.48269e+10
1.56021e+07,1048,1.41486e+06,1.49302e+11,-1.44533e+10
1.56084e+07,994.395,1.41486e+06,1.49338e+11,-1.40796e+10
1.56147e+07,942.192,1.41487e+06,1.49372e+11,-1.37058e+10
1.5621e+07,891.394,1.41487e+06,1.49406e+11,-1.33319e+10
1.56273e+07,842.001,1.41487e+06,1.49439e+11,-1.29579e+10
1.56336e+07,794.013,1.41487e+06,1.49471e+11,-1.25839e+10
1.56399e+07,747.431,1.41488e+06,1.49502e+11,-1.22098e+10
1.56463e+07,702.254,1.41488e+06,1.49532e+11,-1.18356e+10
1.56526e+07,658.483,1.41488e+06,1.49561e+11,-1.14613e+10
1.56589e+07,616.119,1.41488e+06,1.4959e+11,-1.1087e+10
1.56652e+07,575.161,1.41488e+06,1.49617e+11,-1.07126e+10
1.56715e+07,535.61,1.41488e+06,1.49643e+11,-1.03381e+10
1.56778e+07,497.467,1.41488e+06,1.49669e+11,-9.96353e+09
1.56841e+07,460.73,1.41489e+06,1.49693e+11,-9.58893e+09
1.56904e+07,425.401,1.41489e+06,1.49717e+11,-9.21426e+09
1.56968e+07,391.48,1.41489e+06,1.49739e+11,-8.83954e+09
1.57031e+07,358.967,1.41489e+06,1.49761e+11,-8.46476e+09
1.57094e+07,327.862,1.41489e+06,1.49782e+11,-8.08993e+09
1.57157e+07,298.166,1.41489e+06,1.49801e+11,-7.71505e+09
1.5722e+07,269.878,1.41489e+06,1.4982e+11,-7.34012e+09
1.57283e+07,242.999,1.41489e+06,1.49838e+11,-6.96514e+09
1.57346e+07,217.529,1.41489e+06,1.49855e+11,-6.59012e+09
1.57409e+07,193.468,1.41489e+06,1.49871e+11,-6.21506e+09
1.57472e+07,170.816,1.41489e+06,1.49886e+11,-5.83996e+09
1.57536e+07,149.574,1.41489e+06,1.499e+11,-5.46482e+09
1.57599e+07,129.741,1.41489e+06,1.49914e+11,-5.08965e+09
1.57662e+07,111.317,1.41489e+06,1.49926e+11,-4.71445e+09
1.57725e+07,94.304,1.41489e+06,1.49937e+11,-4.33922e+09
1.57788e+07,78.7004,1.41489e+06,1.49948e+11,-3.96396e+09
1.57851e+07,64.5068,1.41489e+06,1.49957e+11,-3.58867e+09
1.57914e+07,51.7232,1.4149e+06,1.49966e+11,-3.21336e+09
1.57977e+07,40.3498,1.4149e+06,1.49973e+11,-2.83804e+09
1.5804e+07,30.3866,1.4149e+06,1.4998e+11,-2.46269e+09
1.58104e+07,21.8336,1.4149e+06,1.49985e+11,-2.08733e+09
1.58167e+07,14.691,1.4149e+06,1.4999e+11,-1.71196e+09
1.5823e+07,8.95874,1.4149e+06,1.49994e+11,-1.33657e+09
1.58293e+07,4.63688,1.4149e+06,1.49997e+11,-9.61181e+08
1.58356e+07,1.72545,1.4149e+06,1.49999e+11,-5.85782e+08
1.58419e+07,0.224472,1.4149e+06,1.5e+11,-2.10379e+08
1.58482e+07,0.133952,1.4149e+06,1.5e+11,1.65024e+08
1.58545e+07,1.45389,1.4149e+06,1.49999e+11,5.40427e+08
1.58608e+07,4.18428,1.4149e+06,1.49997e+11,9.15826e+08
1.58672e+07,8.32511,1.4149e+06,1.49994e+11,1.29122e+09
1.58735e+07,13.8763,1.4149e+06,1.49991e+11,1.66661e+09
1.58798e+07,20.8379,1.4149e+06,1.49986e+11,2.04198e+09
1.58861e+07,29.2099,1.4149e+06,1.49981e+11,2.41734e+09
1.58924e+07,38.9921,1.4149e+06,1.49974e+11,2.79269e+09
1.58987e+07,50.1845,1.4149e+06,1.49967e+11,3.16802e+09
1.5905e+07,62.7871,1.4149e+06,1.49958e+11,3.54333e+09
1.59113e+07,76.7997,1.4149e+06,1.49949e+11,3.91862e+09
1.59177e+07,92.2224,1.4149e+06,1.49939e+11,4.29388e+09
1.5924e+07,109.055,1.4149e+06,1.49927e+11,4.66912e+09
1.59303e+07,127.297,1.4149e+06,1.49915e+11,5.04432e+09
1.59366e+07,146.949,1.4149e+06,1.49902e+11,5.4195e+09
1.59429e+07,168.011,1.4149e+06,1.49888e+11,5.79464e+09
1.59492e+07,190.481,1.4149e+06,1.49873e+11,6.16975e+09
1.59555e+07,214.362,1.4149e+06,1.49857e+11,6.54481e+09
1.59618e+07,239.651,1.4149e+06,1.4984e+11,6.91984e+09
1.59681e+07,266.349,1.4149e+06,1.49823e+11,7.29482e+09
1.59745e+07,294.456,1.4149e+06,1.49804e+11,7.66976e+09
1.59808e+07,323.972,1.4149e+06,1.49784e+11,8.04465e+09
1.59871e+07,354.896,1.4149e+06,1.49764e+11,8.41948e+09
1.59934e+07,387.228,1.4149e+06,1.49742e+11,8.79427e+09
1.59997e+07,420.969,1.4149e+06,1.4972e+11,9.169e+09
1.6006e+07,456.117,1.41491e+06,1.49696e+11,9.54367e+09
1.60123e+07,492.672,1.41491e+06,1.49672e+11,9.91829e+09
1.60186e+07,530.636,1.41491e+06,1.49647e+11,1.02928e+10
1.60249e+07,570.006,1.41491e+06,1.4962e+11,1.06673e+10
1.60313e+07,610.783,1.41491e+06,1.49593e+11,1.10417e+10
1.60376e+07,652.967,1.41491e+06,1.49565e+11,1.14161e+10
1.60439e+07,696.557,1.41491e+06,1.49536e+11,1.17904e+10
1.60502e+07,741.553,1.41492e+06,1.49506e+11,1.21646e+10
1.60565e+07,787.955,1.41492e+06,1.49475e+11,1.25387e+10
1.60628e+07,835.763,1.41492e+06,1.49443e+11,1.29128e+10
1.60691e+07,884.976,1.41492e+06,1.49411e+11,1.32867e+10
1.60754e+07,935.594,1.41492e+06,1.49377e+11,1.36606e+10
1.60818e+07,987.616,1.41493e+06,1.49342e+11,1.40344e+10
1.60881e+07,1041.04,1.41493e+06,1.49307e+11,1.44081e+10
1.60944e+07,1095.87,1.41493e+06,1.4927e+11,1.47818e+10
1.61007e+07,1152.11,1.41493e+06,1.49233e+11,1.51553e+10
1.6107e+07,1209.74,1.41494e+06,1.49194e+11,1.55287e+10
1.61133e+07,1268.79,1.41494e+06,1.49155e+11,1.59021e+10
1.61196e+07,1329.23,1.41494e+06,1.49115e+11,1.62753e+10
1.61259e+07,1391.07,1.41495e+06,1.49073e+11,1.66484e+10
1.61322e+07,1454.32,1.41495e+06,1.49031e+11,1.70215e+10
1.61386e+07,1518.97,1.41495e+06,1.48988e+11,1.73944e+10
1.61449e+07,1585.02,1.41496e+06,1.48944e+11,1.77672e+10
1.61512e+07,1652.47,1.41496e+06,1.48899e+11,1.81399e+10
1.61575e+07,1721.32,1.41497e+06,1.48853e+11,1.85125e+10
1.61638e+07,1791.57,1.41497e+06,1.48807e+11,1.8885e+10
1.61701e+07,1863.21,1.41498e+06,1.48759e+11,1.92573e+10
1.61764e+07,1936.26,1.41498e+06,1.4871e+11,1.96296e+10
1.61827e+07,2010.71,1.41499e+06,1.48661e+11,2.00017e+10
1.6189e+07,2086.55,1.41499e+06,1.4861e+11,2.03737e+10
1.61954e+07,2163.79,1.415e+06,1.48559e+11,2.07455e+10
1.62017e+07,2242.43,1.415e+06,1.48506e+11,2.11173e+10
1.6208e+07,2322.46,1.41501e+06,1.48453e+11,2.14889e+10
1.62143e+07,2403.89,1.41501e+06,1.48399e+11,2.18603e+10
1.62206e+07,2486.72,1.41502e+06,1.48344e+11,2.22317e+10
1.62269e+07,2570.94,1.41503e+06,1.48287e+11,2.26028e+10
1.62332e+07,2656.55,1.41503e+06,1.4823e+11,2.29739e+10
1.62395e+07,2743.56,1.41504e+06,1.48172e+11,2.33448e+10
1.62459e+07,2831.96,1.41505e+06,1.48114e+11,2.37156e+10
1.62522e+07,2921.76,1.41505e+06,1.48054e+11,2.40862e+10
1.62585e+07,3012.95,1.41506e+06,1.47993e+11,2.44566e+10
1.62648e+07,3105.52,1.41507e+06,1.47931e+11,2.48269e+10
1.62711e+07,3199.49,1.41508e+06,1.47869e+11,2.51971e+10
1.62774e+07,3294.85,1.41508e+06,1.47805e+11,2.55671e+10
1.62837e+07,3391.6,1.41509e+06,1.47741e+11,2.59369e+10
1.629e+07,3489.74,1.4151e+06,1.47675e+11,2.63066e+10
1.62963e+07,3589.27,1.41511e+06,1.47609e+11,2.66761e+10
1.63027e+07,3690.19,1.41512e+06,1.47542e+11,2.70454e+10
1.6309e+07,3792.49,1.41513e+06,1.47474e+11,2.74146e+10
1.63153e+07,3896.18,1.41514e+06,1.47405e+11,2.77836e+10
1.63216e+07,4001.25,1.41515e+06,1.47335e+11,2.81524e+10
1.63279e+07,4107.71,1.41516e+06,1.47264e+11,2.8521e+10
1.63342e+07,4215.56,1.41517e+06,1.47192e+11,2.88895e+10
1.63405e+07,4324.79,1.41518e+06,1.47119e+11,2.92578e+10
1.63468e+07,4435.4,1.41519e+06,1.47046e+11,2.96259e+10
1.63531e+07,4547.4,1.4152e+06,1.46971e+11,2.99938e+10
1.63595e+07,4660.78,1.41521e+06,1.46895e+11,3.03615e+10
1.63658e+07,4775.53,1.41522e+06,1.46819e+11,3.07291e+10
1.63721e+07,4891.67,1.41524e+06,1.46742e+11,3.10964e+10
1.63784e+07,5009.19,1.41525e+06,1.46663e+11,3.14636e+10
1.63847e+07,5128.09,1.41526e+06,1.46584e+11,3.18305e+10
1.6391e+07,5248.37,1.41527e+06,1.46504e+11,3.21973e+10
1.63973e+07,5370.02,1.41529e+06,1.46423e+11,3.25638e+10
1.64036e+07,5493.05,1.4153e+06,1.46341e+11,3.29302e+10
1.641e+07,5617.46,1.41532e+06,1.46258e+11,3.32963e+10
1.64163e+07,5743.24,1.41533e+06,1.46174e+11,3.36623e+10
1.64226e+07,5870.4,1.41534e+06,1.4609e+11,3.4028e+10
1.64289e+07,5998.93,1.41536e+06,1.46004e+11,3.43935e+10
1.64352e+07,6128.84,1.41537e+06,1.45918e+11,3.47588e+10
1.64415e+07,6260.11,1.41539e+06,1.4583e+11,3.51239e+10
1.64478e+07,6392.76,1.41541e+06,1.45742e+11,3.54887e+10
1.64541e+07,6526.78,1.41542e+06,1.45652e+11,3.58534e+10
1.64604e+07,6662.16,1.41544e+06,1.45562e+11,3.62178e+10
1.64668e+07,6798.92,1.41545e+06,1.45471e+11,3.65819e+10
1.64731e+07,6937.04,1.41547e+06,1.45379e+11,3.69459e+10
1.64794e+07,7076.53,1.41549e+06,1.45286e+11,3.73096e+10
1.64857e+07,7217.39,1.41551e+06,1.45192e+11,3.76731e+10
1.6492e+07,7359.61,1.41553e+06,1.45098e+11,3.80364e+10
1.64983e+07,7503.2,1.41554e+06,1.45002e+11,3.83994e+10
1.65046e+07,7648.15,1.41556e+06,1.44906e+11,3.87622e+10
1.65109e+07,7794.46,1.41558e+06,1.44808e+11,3.91247e+10
1.65172e+07,7942.13,1.4156e+06,1.4471e+11,3.9487e+10
1.65236e+07,8091.17,1.41562e+06,1.4461e+11,3.9849e+10
1.65299e+07,8241.56,1.41564e+06,1.4451e+11,4.02108e+10
1.65362e+07,8393.32,1.41566e+06,1.44409e+11,4.05723e+10
1.65425e+07,8546.43,1.41568e+06,1.44307e+11,4.09336e+10
1.65488e+07,8700.9,1.41571e+06,1.44204e+11,4.12947e+10
1.65551e+07,8856.72,1.41573e+06,1.441e+11,4.16554e+10
1.65614e+07,9013.9,1.41575e+06,1.43996e+11,4.20159e+10
1.65677e+07,9172.43,1.41577e+06,1.4389e+11,4.23762e+10
1.65741e+07,9332.32,1.4158e+06,1.43784e+11,4.27362e+10
1.65804e+07,9493.56,1.41582e+06,1.43676e+11,4.30959e+10
1.65867e+07,9656.15,1.41584e+06,1.43568e+11,4.34553e+10
1.6593e+07,9820.08,1.41587e+06,1.43459e+11,4.38145e+10
1.65993e+07,9985.37,1.41589e+06,1.43349e+11,4.41734e+10
1.66056e+07,10152,1.41592e+06,1.43238e+11,4.4532e+10
1.66119e+07,10320,1.41594e+06,1.43126e+11,4.48903e+10
1.66182e+07,10489.3,1.41597e+06,1.43013e+11,4.52484e+10
1.66245e+07,10660,1.416e+06,1.42899e+11,4.56062e+10
1.66309e+07,10832,1.41602e+06,1.42785e+11,4.59637e+10
1.66372e+07,11005.4,1.41605e+06,1.42669e+11,4.63209e+10
1.66435e+07,11180.1,1.41608e+06,1.42553e+11,4.66778e+10
1.66498e+07,11356.1,1.41611e+06,1.42436e+11,4.70344e+10
1.66561e+07,11533.5,1.41614e+06,1.42317e+11,4.73907e+10
1.66624e+07,11712.2,1.41616e+06,1.42198e+11,4.77467e+10
1.66687e+07,11892.3,1.41619e+06,1.42078e+11,4.81025e+10
1.6675e+07,12073.7,1.41622e+06,1.41958e+11,4.84579e+10
1.66813e+07,12256.4,1.41625e+06,1.41836e+11,4.8813e+10
1.66877e+07,12440.5,1.41629e+06,1.41713e+11,4.91678e+10
1.6694e+07,12625.8,1.41632e+06,1.4159e+11,4.95224e+10
1.67003e+07,12812.6,1.41635e+06,1.41465e+11,4.98766e+10
1.67066e+07,13000.6,1.41638e+06,1.4134e+11,5.02304e+10
1.67129e+07,13190,1.41641e+06,1.41214e+11,5.0584e+10
1.67192e+07,13380.7,1.41645e+06,1.41087e+11,5.09373e+10
1.67255e+07,13572.8,1.41648e+06,1.40959e+11,5.12902e+10
1.67318e+07,13766.1,1.41651e+06,1.4083e+11,5.16428e+10
1.67382e+07,13960.8,1.41655e+06,1.40701e+11,5.19951e+10
1.67445e+07,14156.8,1.41658e+06,1.4057e+11,5.23471e+10
1.67508e+07,14354.2,1.41662e+06,1.40439e+11,5.26987e+10
1.67571e+07,14552.8,1.41666e+06,1.40306e+11,5.305e+10
1.67634e+07,14752.8,1.41669e+06,1.40173e+11,5.3401e+10
1.67697e+07,14954.1,1.41673e+06,1.40039e+11,5.37517e+10
1.6776e+07,15156.7,1.41677e+06,1.39904e+11,5.4102e+10
1.67823e+07,15360.6,1.41681e+06,1.39768e+11,5.44519e+10
1.67886e+07,15565.8,1.41684e+06,1.39631e+11,5.48016e+10
1.6795e+07,15772.4,1.41688e+06,1.39494e+11,5.51508e+10
1.68013e+07,15980.3,1.41692e+06,1.39355e+11,5.54998e+10
1.68076e+07,16189.4,1.41696e+06,1.39216e+11,5.58484e+10
1.68139e+07,16399.9,1.417e+06,1.39076e+11,5.61966e+10
1.68202e+07,16611.7,1.41705e+06,1.38935e+11,5.65445e+10
1.68265e+07,16824.8,1.41709e+06,1.38793e+11,5.6892e+10
1.68328e+07,17039.2,1.41713e+06,1.3865e+11,5.72392e+10
1.68391e+07,17254.9,1.41717e+06,1.38506e+11,5.7586e+10
1.68454e+07,17471.9,1.41722e+06,1.38362e+11,5.79325e+10
1.68518e+07,17690.2,1.41726e+06,1.38216e+11,5.82786e+10
1.68581e+07,17909.8,1.41731e+06,1.3807e+11,5.86243e+10
1.68644e+07,18130.7,1.41735e+06,1.37923e+11,5.89697e+10
1.68707e+07,18352.9,1.4174e+06,1.37775e+11,5.93147e+10
1.6877e+07,18576.4,1.41744e+06,1.37626e+11,5.96593e+10
1.68833e+07,18801.2,1.41749e+06,1.37476e+11,6.00035e+10
1.68896e+07,19027.3,1.41754e+06,1.37326e+11,6.03474e+10
1.68959e+07,19254.7,1.41758e+06,1.37174e+11,6.06909e+10
1.69023e+07,19483.3,1.41763e+06,1.37022e+11,6.1034e+10
1.69086e+07,19713.3,1.41768e+06,1.36869e+11,6.13767e+10
1.69149e+07,19944.5,1.41773e+06,1.36715e+11,6.17191e+10
1.69212e+07,20177.1,1.41778e+06,1.3656e+11,6.20611e+10
1.69275e+07,20410.9,1.41783e+06,1.36404e+11,6.24026e+10
1.69338e+07,20646,1.41788e+06,1.36248e+11,6.27438e+10
1.69401e+07,20882.3,1.41794e+06,1.3609e+11,6.30846e+10
1.69464e+07,21120,1.41799e+06,1.35932e+11,6.3425e+10
1.69527e+07,21358.9,1.41804e+06,1.35773e+11,6.3765e+10
1.69591e+07,21599.1,1.4181e+06,1.35613e+11,6.41046e+10
1.69654e+07,21840.6,1.41815e+06,1.35452e+11,6.44438e+10
1.69717e+07,22083.4,1.4182e+06,1.3529e+11,6.47826e+10
1.6978e+07,22327.4,1.41826e+06,1.35128e+11,6.5121e+10
1.69843e+07,22572.7,1.41832e+06,1.34964e+11,6.54589e+10
1.69906e+07,22819.3,1.41837e+06,1.348e+11,6.57965e+10
1.69969e+07,23067.1,1.41843e+06,1.34635e+11,6.61337e+10
1.70032e+07,23316.2,1.41849e+06,1.34469e+11,6.64704e+10
1.70095e+07,23566.6,1.41855e+06,1.34302e+11,6.68067e+10
1.70159e+07,23818.2,1.41861e+06,1.34134e+11,6.71426e+10
1.70222e+07,24071.1,1.41867e+06,1.33966e+11,6.74781e+10
1.70285e+07,24325.3,1.41873e+06,1.33797e+11,6.78132e+10
1.70348e+07,24580.7,1.41879e+06,1.33627e+11,6.81478e+10
1.70411e+07,24837.4,1.41885e+06,1.33456e+11,6.8482e+10
1.70474e+07,25095.3,1.41891e+06,1.33284e+11,6.88158e+10
1.70537e+07,25354.4,1.41898e+06,1.33111e+11,6.91492e+10
1.706e+07,25614.9,1.41904e+06,1.32938e+11,6.94821e+10
1.70664e+07,25876.6,1.4191e+06,1.32763e+11,6.98146e+10
1.70727e+07,26139.5,1.41917e+06,1.32588e+11,7.01466e+10
1.7079e+07,26403.6,1.41923e+06,1.32412e+11,7.04782e+10
1.70853e+07,26669.1,1.4193e+06,1.32236e+11,7.08094e+10
1.70916e+07,26935.7,1.41937e+06,1.32058e+11,7.11401e+10
1.70979e+07,27203.6,1.41944e+06,1.31879e+11,7.14704e+10
1.71042e+07,27472.8,1.4195e+06,1.317e+11,7.18002e+10
1.71105e+07,27743.1,1.41957e+06,1.3152e+11,7.21296e+10
1.71168e+07,28014.8,1.41964e+06,1.31339e+11,7.24585e+10
1.71232e+07,28287.6,1.41971e+06,1.31157e+11,7.2787e+10
1.71295e+07,28561.7,1.41978e+06,1.30975e+11,7.3115e+10
1.71358e+07,28837,1.41986e+06,1.30791e+11,7.34426e+10
1.71421e+07,29113.6,1.41993e+06,1.30607e+11,7.37697e+10
1.71484e+07,29391.3,1.42e+06,1.30422e+11,7.40963e+10
1.71547e+07,29670.3,1.42008e+06,1.30236e+11,7.44225e+10
1.7161e+07,29950.6,1.42015e+06,1.3005e+11,7.47482e+10
1.71673e+07,30232,1.42023e+06,1.29862e+11,7.50735e+10
1.71736e+07,30514.7,1.4203e+06,1.29674e+11,7.53982e+10
1.718e+07,30798.6,1.42038e+06,1.29485e+11,7.57225e+10
1.71863e+07,31083.7,1.42046e+06,1.29295e+11,7.60463e+10
1.71926e+07,31370,1.42053e+06,1.29104e+11,7.63697e+10
1.71989e+07,31657.5,1.42061e+06,1.28913e+11,7.66926e+10
1.72052e+07,31946.3,1.42069e+06,1.2872e+11,7.70149e+10
1.72115e+07,32236.2,1.42077e+06,1.28527e+11,7.73369e+10
1.72178e+07,32527.4,1.42085e+06,1.28333e+11,7.76583e+10
1.72241e+07,32819.8,1.42094e+06,1.28138e+11,7.79792e+10
1.72304e+07,33113.4,1.42102e+06,1.27943e+11,7.82997e+10
1.72368e+07,33408.2,1.4211e+06,1.27747e+11,7.86196e+10
1.72431e+07,33704.1,1.42119e+06,1.27549e+11,7.89391e+10
1.72494e+07,34001.3,1.42127e+06,1.27351e+11,7.9258e+10
1.72557e+07,34299.7,1.42136e+06,1.27153e+11,7.95765e+10
1.7262e+07,34599.3,1.42144e+06,1.26953e+11,7.98945e+10
1.72683e+07,34900,1.42153e+06,1.26753e+11,8.0212e+10
1.72746e+07,35202,1.42162e+06,1.26552e+11,8.05289e+10
1.72809e+07,35505.2,1.42171e+06,1.2635e+11,8.08454e+10
1.72873e+07,35809.5,1.42179e+06,1.26147e+11,8.11614e+10
1.72936e+07,36115,1.42188e+06,1.25943e+11,8.14768e+10
1.72999e+07,36421.7,1.42198e+06,1.25739e+11,8.17918e+10
1.73062e+07,36729.6,1.42207e+06,1.25534e+11,8.21062e+10
1.73125e+07,37038.7,1.42216e+06,1.25328e+11,8.24201e+10
1.73188e+07,37348.9,1.42225e+06,1.25122e+11,8.27335e+10
1.73251e+07,37660.4,1.42235e+06,1.24914e+11,8.30464e+10
1.73314e+07,37973,1.42244e+06,1.24706e+11,8.33587e+10
1.73377e+07,38286.7,1.42254e+06,1.24497e+11,8.36706e+10
1.73441e+07,38601.7,1.42263e+06,1.24287e+11,8.39819e+10
1.73504e+07,38917.8,1.42273e+06,1.24077e+11,8.42927e+10
1.73567e+07,39235.1,1.42283e+06,1.23865e+11,8.4603e+10
1.7363e+07,39553.5,1.42293e+06,1.23653e+11,8.49127e+10
1.73693e+07,39873.1,1.42303e+06,1.2344e+11,8.52219e+10
1.73756e+07,40193.9,1.42313e+06,1.23226e+11,8.55305e+10
1.73819e+07,40515.8,1.42323e+06,1.23012e+11,8.58387e+10
1.73882e+07,40838.9,1.42333e+06,1.22797e+11,8.61463e+10
1.73945e+07,41163.2,1.42343e+06,1.22581e+11,8.64533e+10
1.74009e+07,41488.6,1.42353e+06,1.22364e+11,8.67598e+10
1.74072e+07,41815.1,1.42364e+06,1.22147e+11,8.70658e+10
1.74135e+07,42142.8,1.42374e+06,1.21928e+11,8.73712e+10
1.74198e+07,42471.6,1.42385e+06,1.21709e+11,8.76761e+10
1.74261e+07,42801.6,1.42396e+06,1.21489e+11,8.79804e+10
1.74324e+07,43132.7,1.42406e+06,1.21269e+11,8.82842e+10
1.74387e+07,43465,1.42417e+06,1.21048e+11,8.85874e+10
1.7445e+07,43798.4,1.42428e+06,1.20826e+11,8.88901e+10
1.74514e+07,44132.9,1.42439e+06,1.20603e+11,8.91922e+10
1.74577e+07,44468.6,1.4245e+06,1.20379e+11,8.94938e+10
1.7464e+07,44805.4,1.42461e+06,1.20155e+11,8.97947e+10
1.74703e+07,45143.3,1.42473e+06,1.1993e+11,9.00952e+10
1.74766e+07,45482.4,1.42484e+06,1.19704e+11,9.0395e+10
1.74829e+07,45822.6,1.42495e+06,1.19477e+11,9.06943e+10
1.74892e+07,46163.9,1.42507e+06,1.1925e+11,9.09931e+10
1.74955e+07,46506.3,1.42519e+06,1.19022e+11,9.12912e+10
1.75018e+07,46849.9,1.4253e+06,1.18793e+11,9.15888e+10
1.75082e+07,47194.6,1.42542e+06,1.18563e+11,9.18858e+10
1.75145e+07,47540.3,1.42554e+06,1.18333e+11,9.21823e+10
1.75208e+07,47887.2,1.42566e+06,1.18102e+11,9.24781e+10
1.75271e+07,48235.3,1.42578e+06,1.1787e+11,9.27734e+10
1.75334e+07,48584.4,1.4259e+06,1.17638e+11,9.30681e+10
1.75397e+07,48934.6,1.42602e+06,1.17404e+11,9.33622e+10
1.7546e+07,49285.9,1.42614e+06,1.1717e+11,9.36558e+10
1.75523e+07,49638.3,1.42627e+06,1.16935e+11,9.39487e+10
1.75586e+07,49991.9,1.42639e+06,1.167e+11,9.42411e+10
1.7565e+07,50346.5,1.42652e+06,1.16464e+11,9.45328e+10
1.75713e+07,50702.2,1.42664e+06,1.16227e+11,9.4824e+10
1.75776e+07,51059,1.42677e+06,1.15989e+11,9.51146e+10
1.75839e+07,51416.9,1.4269e+06,1.15751e+11,9.54046e+10
1.75902e+07,51775.9,1.42703e+06,1.15512e+11,9.5694e+10
1.75965e+07,52136,1.42716e+06,1.15272e+11,9.59828e+10
1.76028e+07,52497.2,1.42729e+06,1.15031e+11,9.6271e+10
1.76091e+07,52859.4,1.42742e+06,1.1479e+11,9.65585e+10
1.76155e+07,53222.7,1.42755e+06,1.14548e+11,9.68455e+10
1.76218e+07,53587.1,1.42769e+06,1.14305e+11,9.71319e+10
1.76281e+07,53952.6,1.42782e+06,1.14062e+11,9.74177e+10
1.76344e+07,54319.1,1.42796e+06,1.13818e+11,9.77028e+10
1.76407e+07,54686.8,1.42809e+06,1.13573e+11,9.79874e+10
1.7647e+07,55055.4,1.42823e+06,1.13327e+11,9.82713e+10
1.76533e+07,55425.2,1.42837e+06,1.13081e+11,9.85546e+10
1.76596e+07,55796,1.42851e+06,1.12834e+11,9.88373e+10
1.76659e+07,56167.9,1.42865e+06,1.12586e+11,9.91194e+10
1.76723e+07,56540.8,1.42879e+06,1.12338e+11,9.94008e+10
1.76786e+07,56914.8,1.42893e+06,1.12089e+11,9.96817e+10
1.76849e+07,57289.8,1.42908e+06,1.11839e+11,9.99619e+10
1.76912e+07,57665.9,1.42922e+06,1.11588e+11,1.00241e+11
1.76975e+07,58043.1,1.42936e+06,1.11337e+11,1.0052e+11
1.77038e+07,58421.3,1.42951e+06,1.11085e+11,1.00799e+11
1.77101e+07,58800.5,1.42966e+06,1.10832e+11,1.01076e+11
1.77164e+07,59180.8,1.4298e+06,1.10579e+11,1.01354e+11
1.77227e+07,59562.1,1.42995e+06,1.10325e+11,1.0163e+11
1.77291e+07,59944.5,1.4301e+06,1.1007e+11,1.01906e+11
1.77354e+07,60327.9,1.43025e+06,1.09815e+11,1.02181e+11
1.77417e+07,60712.3,1.4304e+06,1.09559e+11,1.02455e+11
1.7748e+07,61097.7,1.43056e+06,1.09302e+11,1.02729e+11
1.77543e+07,61484.2,1.43071e+06,1.09045e+11,1.03002e+11
1.77606e+07,61871.7,1.43086e+06,1.08787e+11,1.03275e+11
1.77669e+07,62260.2,1.43102e+06,1.08528e+11,1.03547e+11
1.77732e+07,62649.8,1.43118e+06,1.08268e+11,1.03818e+11
1.77796e+07,63040.4,1.43133e+06,1.08008e+11,1.04089e+11
1.77859e+07,63431.9,1.43149e+06,1.07747e+11,1.04359e+11
1.77922e+07,63824.5,1.43165e+06,1.07486e+11,1.04628e+11
1.77985e+07,64218.2,1.43181e+06,1.07224e+11,1.04897e+11
1.78048e+07,64612.8,1.43197e+06,1.06961e+11,1.05165e+11
1.78111e+07,65008.4,1.43213e+06,1.06697e+11,1.05432e+11
1.78174e+07,65405,1.4323e+06,1.06433e+11,1.05699e+11
1.78237e+07,65802.6,1.43246e+06,1.06168e+11,1.05965e+11
1.783e+07,66201.3,1.43263e+06,1.05903e+11,1.0623e+11
1.78364e+07,66600.9,1.43279e+06,1.05637e+11,1.06495e+11
1.78427e+07,67001.5,1.43296e+06,1.0537e+11,1.06759e+11
1.7849e+07,67403.1,1.43313e+06,1.05102e+11,1.07023e+11
1.78553e+07,67805.7,1.4333e+06,1.04834e+11,1.07285e+11
1.78616e+07,68209.3,1.43347e+06,1.04565e+11,1.07547e+11
1.78679e+07,68613.8,1.43364e+06,1.04296e+11,1.07809e+11
1.78742e+07,69019.4,1.43381e+06,1.04026e+11,1.08069e+11
1.78805e+07,69425.9,1.43398e+06,1.03755e+11,1.08329e+11
1.78868e+07,69833.4,1.43416e+06,1.03483e+11,1.08589e+11
1.78932e+07,70241.9,1.43433e+06,1.03211e+11,1.08847e+11
1.78995e+07,70651.3,1.43451e+06,1.02939e+11,1.09105e+11
1.79058e+07,71061.7,1.43469e+06,1.02665e+11,1.09363e+11
1.79121e+07,71473.1,1.43487e+06,1.02391e+11,1.09619e+11
1.79184e+07,71885.4,1.43505e+06,1.02117e+11,1.09875e+11
1.79247e+07,72298.7,1.43523e+06,1.01841e+11,1.1013e+11
1.7931e+07,72713,1.43541e+06,1.01565e+11,1.10385e+11
1.79373e+07,73128.2,1.43559e+06,1.01289e+11,1.10639e+11
1.79437e+07,73544.3,1.43577e+06,1.01012e+11,1.10892e+11
1.795e+07,73961.4,1.43596e+06,1.00734e+11,1.11144e+11
1.79563e+07,74379.5,1.43614e+06,1.00455e+11,1.11396e+11
1.79626e+07,74798.5,1.43633e+06,1.00176e+11,1.11647e+11
1.79689e+07,75218.4,1.43652e+06,9.98964e+10,1.11897e+11
1.79752e+07,75639.3,1.43671e+06,9.9616e+10,1.12147e+11
1.79815e+07,76061.1,1.4369e+06,9.9335e+10,1.12396e+11
1.79878e+07,76483.9,1.43709e+06,9.90534e+10,1.12644e+11
1.79941e+07,76907.6,1.43728e+06,9.87712e+10,1.12892e+11
1.80005e+07,77332.2,1.43747e+06,9.84884e+10,1.13139e+11
1.80068e+07,77757.7,1.43767e+06,9.82049e+10,1.13385e+11
1.80131e+07,78184.2,1.43786e+06,9.79208e+10,1.1363e+11
1.80194e+07,78611.6,1.43806e+06,9.76362e+10,1.13875e+11
1.80257e+07,79039.9,1.43826e+06,9.73509e+10,1.14119e+11
1.8032e+07,79469.1,1.43845e+06,9.7065e+10,1.14362e+11
1.80383e+07,79899.2,1.43865e+06,9.67784e+10,1.14605e+11
1.80446e+07,80330.3,1.43885e+06,9.64913e+10,1.14847e+11
1.80509e+07,80762.2,1.43906e+06,9.62036e+10,1.15088e+11
1.80573e+07,81195.1,1.43926e+06,9.59153e+10,1.15328e+11
1.80636e+07,81628.8,1.43946e+06,9.56263e+10,1.15568e+11
1.80699e+07,82063.5,1.43967e+06,9.53368e+10,1.15807e+11
1.80762e+07,82499,1.43987e+06,9.50467e+10,1.16045e+11
1.80825e+07,82935.5,1.44008e+06,9.4756e+10,1.16283e+11
1.80888e+07,83372.8,1.44029e+06,9.44647e+10,1.16519e+11
1.80951e+07,83811,1.4405e+06,9.41728e+10,1.16755e+11
1.81014e+07,84250.1,1.44071e+06,9.38803e+10,1.16991e+11
1.81078e+07,84690.1,1.44092e+06,9.35872e+10,1.17225e+11
1.81141e+07,85131,1.44113e+06,9.32935e+10,1.17459e+11
1.81204e+07,85572.8,1.44134e+06,9.29993e+10,1.17692e+11
1.81267e+07,86015.4,1.44156e+06,9.27044e+10,1.17925e+11
1.8133e+07,86458.9,1.44178e+06,9.2409e+10,1.18156e+11
1.81393e+07,86903.2,1.44199e+06,9.2113e+10,1.18387e+11
1.81456e+07,87348.5,1.44221e+06,9.18164e+10,1.18617e+11
1.81519e+07,87794.6,1.44243e+06,9.15193e+10,1.18847e+11
1.81582e+07,88241.5,1.44265e+06,9.12216e+10,1.19075e+11
1.81646e+07,88689.3,1.44287e+06,9.09233e+10,1.19303e+11
1.81709e+07,89138,1.44309e+06,9.06244e+10,1.19531e+11
1.81772e+07,89587.5,1.44332e+06,9.0325e+10,1.19757e+11
1.81835e+07,90037.9,1.44354e+06,9.0025e+10,1.19983e+11
1.81898e+07,90489.1,1.44377e+06,8.97244e+10,1.20208e+11
1.81961e+07,90941.1,1.44399e+06,8.94233e+10,1.20432e+11
1.82024e+07,91394,1.44422e+06,8.91216e+10,1.20655e+11
1.82087e+07,91847.8,1.44445e+06,8.88194e+10,1.20878e+11
1.8215e+07,92302.4,1.44468e+06,8.85166e+10,1.211e+11
1.82214e+07,92757.8,1.44491e+06,8.82133e+10,1.21321e+11
1.82277e+07,93214,1.44515e+06,8.79094e+10,1.21541e+11
1.8234e+07,93671.1,1.44538e+06,8.76049e+10,1.21761e+11
1.82403e+07,94128.9,1.44562e+06,8.72999e+10,1.2198e+11
1.82466e+07,94587.6,1.44585e+06,8.69944e+10,1.22198e+11
1.82529e+07,95047.2,1.44609e+06,8.66883e+10,1.22415e+11
1.82592e+07,95507.5,1.44633e+06,8.63816e+10,1.22632e+11
1.82655e+07,95968.7,1.44657e+06,8.60745e+10,1.22848e+11
1.82719e+07,96430.6,1.44681e+06,8.57667e+10,1.23063e+11
1.82782e+07,96893.4,1.44705e+06,8.54585e+10,1.23277e+11
1.82845e+07,97357,1.44729e+06,8.51497e+10,1.2349e+11
1.82908e+07,97821.3,1.44754e+06,8.48404e+10,1.23703e+11
1.82971e+07,98286.5,1.44778e+06,8.45305e+10,1.23915e+11
1.83034e+07,98752.5,1.44803e+06,8.42202e+10,1.24126e+11
1.83097e+07,99219.2,1.44828e+06,8.39092e+10,1.24337e+11
1.8316e+07,99686.8,1.44853e+06,8.35978e+10,1.24546e+11
1.83223e+07,100155,1.44878e+06,8.32858e+10,1.24755e+11
1.83287e+07,100624,1.44903e+06,8.29734e+10,1.24963e+11
1.8335e+07,101094,1.44928e+06,8.26604e+10,1.2517e+11
1.83413e+07,101565,1.44953e+06,8.23468e+10,1.25377e+11
1.83476e+07,102036,1.44979e+06,8.20328e+10,1.25583e+11
1.83539e+07,102508,1.45004e+06,8.17183e+10,1.25787e+11
1.83602e+07,102981,1.4503e+06,8.14032e+10,1.25992e+11
1.83665e+07,103455,1.45056e+06,8.10876e+10,1.26195e+11
1.83728e+07,103930,1.45082e+06,8.07716e+10,1.26397e+11
1.83791e+07,104405,1.45108e+06,8.0455e+10,1.26599e+11
1.83855e+07,104881,1.45134e+06,8.01379e+10,1.268e+11
1.83918e+07,105358,1.4516e+06,7.98203e+10,1.27e+11
1.83981e+07,105835,1.45187e+06,7.95022e+10,1.272e+11
1.84044e+07,106314,1.45213e+06,7.91836e+10,1.27398e+11
1.84107e+07,106793,1.4524e+06,7.88645e+10,1.27596e+11
1.8417e+07,107272,1.45267e+06,7.8545e+10,1.27793e+11
1.84233e+07,107753,1.45294e+06,7.82249e+10,1.27989e+11
1.84296e+07,108234,1.45321e+06,7.79043e+10,1.28185e+11
1.84359e+07,108716,1.45348e+06,7.75833e+10,1.28379e+11
1.84423e+07,109199,1.45375e+06,7.72618e+10,1.28573e+11
1.84486e+07,109682,1.45403e+06,7.69397e+10,1.28766e+11
1.84549e+07,110166,1.4543e+06,7.66172e+10,1.28958e+11
1.84612e+07,110651,1.45458e+06,7.62943e+10,1.29149e+11
1.84675e+07,111137,1.45486e+06,7.59708e+10,1.2934e+11
1.84738e+07,111623,1.45513e+06,7.56469e+10,1.2953e+11
1.84801e+07,112110,1.45541e+06,7.53225e+10,1.29719e+11
1.84864e+07,112598,1.4557e+06,7.49976e+10,1.29907e+11
1.84928e+07,113086,1.45598e+06,7.46723e+10,1.30094e+11
1.84991e+07,113575,1.45626e+06,7.43464e+10,1.3028e+11
1.85054e+07,114065,1.45655e+06,7.40202e+10,1.30466e+11
1.85117e+07,114556,1.45683e+06,7.36934e+10,1.30651e+11
1.8518e+07,115047,1.45712e+06,7.33662e+10,1.30835e+11
1.85243e+07,115539,1.45741e+06,7.30385e+10,1.31018e+11
1.85306e+07,116032,1.4577e+06,7.27104e+10,1.312e+11
1.85369e+07,116525,1.45799e+06,7.23818e+10,1.31382e+11
1.85432e+07,117019,1.45828e+06,7.20528e+10,1.31563e+11
1.85496e+07,117513,1.45857e+06,7.17233e+10,1.31743e+11
1.85559e+07,118009,1.45887e+06,7.13934e+10,1.31922e+11
1.85622e+07,118505,1.45917e+06,7.1063e+10,1.321e+11
1.85685e+07,119001,1.45946e+06,7.07322e+10,1.32277e+11
1.85748e+07,119499,1.45976e+06,7.04009e+10,1.32454e+11
1.85811e+07,119997,1.46006e+06,7.00692e+10,1.3263e+11
1.85874e+07,120495,1.46036e+06,6.97371e+10,1.32805e+11
1.85937e+07,120995,1.46066e+06,6.94045e+10,1.32979e+11
1.86e+07,121495,1.46097e+06,6.90715e+10,1.33152e+11
1.86064e+07,121995,1.46127e+06,6.8738e+10,1.33325e+11
1.86127e+07,122496,1.46158e+06,6.84041e+10,1.33496e+11
1.8619e+07,122998,1.46189e+06,6.80698e+10,1.33667e+11
1.86253e+07,123501,1.46219e+06,6.77351e+10,1.33837e+11
1.86316e+07,124004,1.4625e+06,6.73999e+10,1.34006e+11
1.86379e+07,124508,1.46281e+06,6.70643e+10,1.34174e+11
1.86442e+07,125012,1.46313e+06,6.67283e+10,1.34342e+11
1.86505e+07,125517,1.46344e+06,6.63919e+10,1.34508e+11
1.86569e+07,126023,1.46375e+06,6.60551e+10,1.34674e+11
1.86632e+07,126529,1.46407e+06,6.57178e+10,1.34839e+11
1.86695e+07,127036,1.46439e+06,6.53802e+10,1.35003e+11
1.86758e+07,127544,1.46471e+06,6.50421e+10,1.35166e+11
1.86821e+07,128052,1.46503e+06,6.47036e+10,1.35329e+11
1.86884e+07,128561,1.46535e+06,6.43647e+10,1.3549e+11
1.86947e+07,129070,1.46567e+06,6.40254e+10,1.35651e+11
1.8701e+07,129580,1.46599e+06,6.36858e+10,1.35811e+11
1.87073e+07,130090,1.46632e+06,6.33457e+10,1.3597e+11
1.87137e+07,130602,1.46664e+06,6.30052e+10,1.36128e+11
1.872e+07,131113,1.46697e+06,6.26643e+10,1.36285e+11
1.87263e+07,131626,1.4673e+06,6.2323e+10,1.36441e+11
1.87326e+07,132139,1.46763e+06,6.19814e+10,1.36597e+11
1.87389e+07,132652,1.46796e+06,6.16393e+10,1.36752e+11
1.87452e+07,133166,1.4683e+06,6.12969e+10,1.36905e+11
1.87515e+07,133681,1.46863e+06,6.09541e+10,1.37058e+11
1.87578e+07,134196,1.46896e+06,6.06109e+10,1.3721e+11
1.87641e+07,134712,1.4693e+06,6.02673e+10,1.37362e+11
1.87705e+07,135228,1.46964e+06,5.99233e+10,1.37512e+11
1.87768e+07,135745,1.46998e+06,5.9579e+10,1.37662e+11
1.87831e+07,136263,1.47032e+06,5.92343e+10,1.3781e+11
1.87894e+07,136781,1.47066e+06,5.88892e+10,1.37958e+11
1.87957e+07,137299,1.471e+06,5.85437e+10,1.38105e+11
1.8802e+07,137818,1.47135e+06,5.81979e+10,1.38251e+11
1.88083e+07,138338,1.47169e+06,5.78518e+10,1.38396e+11
1.88146e+07,138858,1.47204e+06,5.75052e+10,1.38541e+11
1.8821e+07,139379,1.47239e+06,5.71583e+10,1.38684e+11
1.88273e+07,139901,1.47274e+06,5.68111e+10,1.38827e+11
1.88336e+07,140422,1.47309e+06,5.64634e+10,1.38969e+11
1.88399e+07,140945,1.47344e+06,5.61155e+10,1.39109e+11
1.88462e+07,141468,1.47379e+06,5.57672e+10,1.39249e+11
1.88525e+07,141991,1.47415e+06,5.54185e+10,1.39389e+11
1.88588e+07,142515,1.4745e+06,5.50695e+10,1.39527e+11
1.88651e+07,143040,1.47486e+06,5.47201e+10,1.39664e+11
1.88714e+07,143565,1.47522e+06,5.43704e+10,1.39801e+11
1.88778e+07,144090,1.47558e+06,5.40204e+10,1.39936e+11
1.88841e+07,144616,1.47594e+06,5.367e+10,1.40071e+11
1.88904e+07,145143,1.4763e+06,5.33193e+10,1.40205e+11
1.88967e+07,145670,1.47667e+06,5.29682e+10,1.40338e+11
1.8903e+07,146197,1.47703e+06,5.26168e+10,1.4047e+11
1.89093e+07,146725,1.4774e+06,5.22651e+10,1.40601e+11
1.89156e+07,147254,1.47777e+06,5.19131e+10,1.40732e+11
1.89219e+07,147783,1.47814e+06,5.15607e+10,1.40861e+11
1.89282e+07,148312,1.47851e+06,5.1208e+10,1.4099e+11
1.89346e+07,148842,1.47888e+06,5.0855e+10,1.41118e+11
1.89409e+07,149373,1.47925e+06,5.05017e+10,1.41244e+11
1.89472e+07,149903,1.47963e+06,5.0148e+10,1.4137e+11
1.89535e+07,150435,1.48e+06,4.97941e+10,1.41495e+11
1.89598e+07,150967,1.48038e+06,4.94398e+10,1.4162e+11
1.89661e+07,151499,1.48076e+06,4.90852e+10,1.41743e+11
1.89724e+07,152032,1.48114e+06,4.87303e+10,1.41865e+11
1.89787e+07,152565,1.48152e+06,4.83751e+10,1.41987e+11
1.89851e+07,153099,1.4819e+06,4.80196e+10,1.42107e+11
1.89914e+07,153633,1.48229e+06,4.76638e+10,1.42227e+11
1.89977e+07,154167,1.48267e+06,4.73077e+10,1.42346e+11
1.9004e+07,154703,1.48306e+06,4.69513e+10,1.42464e+11
1.90103e+07,155238,1.48344e+06,4.65947e+10,1.42581e+11
1.90166e+07,155774,1.48383e+06,4.62377e+10,1.42697e+11
1.90229e+07,156310,1.48422e+06,4.58804e+10,1.42812e+11
1.90292e+07,156847,1.48462e+06,4.55229e+10,1.42927e+11
1.90355e+07,157384,1.48501e+06,4.5165e+10,1.4304e+11
1.90419e+07,157922,1.4854e+06,4.48069e+10,1.43153e+11
1.90482e+07,158460,1.4858e+06,4.44485e+10,1.43265e+11
1.90545e+07,158998,1.4862e+06,4.40898e+10,1.43375e+11
1.90608e+07,159537,1.4866e+06,4.37308e+10,1.43485e+11
1.90671e+07,160077,1.487e+06,4.33716e+10,1.43594e+11
1.90734e+07,160616,1.4874e+06,4.30121e+10,1.43702e+11
1.90797e+07,161156,1.4878e+06,4.26523e+10,1.4381e+11
1.9086e+07,161697,1.4882e+06,4.22923e+10,1.43916e+11
1.90923e+07,162238,1.48861e+06,4.1932e+10,1.44021e+11
1.90987e+07,162779,1.48902e+06,4.15714e+10,1.44126e+11
1.9105e+07,163321,1.48942e+06,4.12106e+10,1.44229e+11
1.91113e+07,163863,1.48983e+06,4.08495e+10,1.44332e+11
1.91176e+07,164405,1.49024e+06,4.04882e+10,1.44434e+11
1.91239e+07,164948,1.49066e+06,4.01266e+10,1.44535e+11
1.91302e+07,165491,1.49107e+06,3.97647e+10,1.44635e+11
1.91365e+07,166035,1.49148e+06,3.94026e+10,1.44734e+11
1.91428e+07,166579,1.4919e+06,3.90403e+10,1.44832e+11
1.91492e+07,167123,1.49232e+06,3.86777e+10,1.44929e+11
1.91555e+07,167668,1.49274e+06,3.83149e+10,1.45025e+11
1.91618e+07,168213,1.49316e+06,3.79518e+10,1.45121e+11
1.91681e+07,168759,1.49358e+06,3.75885e+10,1.45215e+11
1.91744e+07,169304,1.494e+06,3.72249e+10,1.45309e+11
1.91807e+07,169850,1.49443e+06,3.68612e+10,1.45402e+11
1.9187e+07,170397,1.49485e+06,3.64972e+10,1.45494e+11
1.91933e+07,170944,1.49528e+06,3.61329e+10,1.45584e+11
1.91996e+07,171491,1.49571e+06,3.57685e+10,1.45674e+11
1.9206e+07,172038,1.49614e+06,3.54038e+10,1.45763e+11
1.92123e+07,172586,1.49657e+06,3.50389e+10,1.45852e+11
1.92186e+07,173134,1.497e+06,3.46737e+10,1.45939e+11
1.92249e+07,173683,1.49744e+06,3.43084e+10,1.46025e+11
1.92312e+07,174232,1.49787e+06,3.39428e+10,1.46111e+11
1.92375e+07,174781,1.49831e+06,3.35771e+10,1.46195e+11
1.92438e+07,175330,1.49875e+06,3.32111e+10,1.46279e+11
1.92501e+07,175880,1.49919e+06,3.28449e+10,1.46361e+11
1.92564e+07,176430,1.49963e+06,3.24785e+10,1.46443e+11
1.92628e+07,176980,1.50007e+06,3.21119e+10,1.46524e+11
1.92691e+07,177531,1.50051e+06,3.17451e+10,1.46604e+11
1.92754e+07,178082,1.50096e+06,3.13781e+10,1.46683e+11
1.92817e+07,178633,1.5014e+06,3.10109e+10,1.46761e+11
1.9288e+07,179185,1.50185e+06,3.06435e+10,1.46838e+11
1.92943e+07,179737,1.5023e+06,3.02759e+10,1.46914e+11
1.93006e+07,180289,1.50275e+06,2.99081e+10,1.46989e+11
1.93069e+07,180841,1.5032e+06,2.95402e+10,1.47064e+11
1.93133e+07,181394,1.50366e+06,2.9172e+10,1.47137e+11
1.93196e+07,181947,1.50411e+06,2.88037e+10,1.4721e+11
1.93259e+07,182500,1.50457e+06,2.84352e+10,1.47282e+11
1.93322e+07,183053,1.50502e+06,2.80665e+10,1.47352e+11
1.93385e+07,183607,1.50548e+06,2.76977e+10,1.47422e+11
1.93448e+07,184161,1.50594e+06,2.73286e+10,1.47491e+11
1.93511e+07,184716,1.50641e+06,2.69594e+10,1.47559e+11
1.93574e+07,185270,1.50687e+06,2.659e+10,1.47626e+11
1.93637e+07,185825,1.50733e+06,2.62205e+10,1.47692e+11
1.93701e+07,186380,1.5078e+06,2.58508e+10,1.47757e+11
1.93764e+07,186935,1.50827e+06,2.54809e+10,1.47821e+11
1.93827e+07,187491,1.50873e+06,2.51109e+10,1.47885e+11
1.9389e+07,188046,1.5092e+06,2.47407e+10,1.47947e+11
1.93953e+07,188602,1.50968e+06,2.43704e+10,1.48008e+11
1.94016e+07,189159,1.51015e+06,2.39999e+10,1.48069e+11
1.94079e+07,189715,1.51062e+06,2.36292e+10,1.48129e+11
1.94142e+07,190272,1.5111e+06,2.32585e+10,1.48187e+11
1.94205e+07,190828,1.51157e+06,2.28875e+10,1.48245e+11
1.94269e+07,191386,1.51205e+06,2.25164e+10,1.48302e+11
1.94332e+07,191943,1.51253e+06,2.21452e+10,1.48358e+11
1.94395e+07,192500,1.51301e+06,2.17739e+10,1.48413e+11
1.94458e+07,193058,1.5135e+06,2.14024e+10,1.48467e+11
1.94521e+07,193616,1.51398e+06,2.10307e+10,1.4852e+11
1.94584e+07,194174,1.51446e+06,2.0659e+10,1.48572e+11
1.94647e+07,194732,1.51495e+06,2.02871e+10,1.48623e+11
1.9471e+07,195291,1.51544e+06,1.99151e+10,1.48673e+11
1.94774e+07,195850,1.51593e+06,1.95429e+10,1.48723e+11
1.94837e+07,196408,1.51642e+06,1.91707e+10,1.48771e+11
1.949e+07,196967,1.51691e+06,1.87983e+10,1.48819e+11
1.94963e+07,197527,1.51741e+06,1.84258e+10,1.48865e+11
1.95026e+07,198086,1.5179e+06,1.80532e+10,1.48911e+11
1.95089e+07,198646,1.5184e+06,1.76804e+10,1.48956e+11
1.95152e+07,199205,1.5189e+06,1.73076e+10,1.49e+11
1.95215e+07,199765,1.51939e+06,1.69346e+10,1.49042e+11
1.95278e+07,200325,1.5199e+06,1.65616e+10,1.49084e+11
1.95342e+07,200886,1.5204e+06,1.61884e+10,1.49125e+11
1.95405e+07,201446,1.5209e+06,1.58152e+10,1.49165e+11
1.95468e+07,202006,1.52141e+06,1.54418e+10,1.49204e+11
1.95531e+07,202567,1.52191e+06,1.50683e+10,1.49243e+11
1.95594e+07,203128,1.52242e+06,1.46948e+10,1.4928e+11
1.95657e+07,203689,1.52293e+06,1.43211e+10,1.49316e+11
1.9572e+07,204250,1.52344e+06,1.39474e+10,1.49352e+11
1.95783e+07,204811,1.52395e+06,1.35736e+10,1.49386e+11
1.95846e+07,205372,1.52446e+06,1.31997e+10,1.49419e+11
1.9591e+07,205934,1.52498e+06,1.28257e+10,1.49452e+11
1.95973e+07,206495,1.52549e+06,1.24516e+10,1.49484e+11
1.96036e+07,207057,1.52601e+06,1.20775e+10,1.49514e+11
1.96099e+07,207619,1.52653e+06,1.17033e+10,1.49544e+11
1.96162e+07,208181,1.52705e+06,1.1329e+10,1.49573e+11
1.96225e+07,208743,1.52757e+06,1.09546e+10,1.49601e+11
1.96288e+07,209305,1.5281e+06,1.05802e+10,1.49628e+11
1.96351e+07,209867,1.52862e+06,1.02057e+10,1.49654e+11
1.96415e+07,210430,1.52915e+06,9.83109e+09,1.49679e+11
1.96478e+07,210992,1.52967e+06,9.45646e+09,1.49703e+11
1.96541e+07,211554,1.5302e+06,9.08178e+09,1.49726e+11
1.96604e+07,212117,1.53073e+06,8.70703e+09,1.49748e+11
1.96667e+07,212680,1.53126e+06,8.33223e+09,1.4977e+11
1.9673e+07,213242,1.5318e+06,7.95739e+09,1.4979e+11
1.96793e+07,213805,1.53233e+06,7.58249e+09,1.4981e+11
1.96856e+07,214368,1.53287e+06,7.20754e+09,1.49828e+11
1.96919e+07,214931,1.5334e+06,6.83255e+09,1.49846e+11
1.96983e+07,215494,1.53394e+06,6.45751e+09,1.49862e+11
1.97046e+07,216057,1.53448e+06,6.08244e+09,1.49878e+11
1.97109e+07,216620,1.53503e+06,5.70732e+09,1.49893e+11
1.97172e+07,217184,1.53557e+06,5.33217e+09,1.49907e+11
1.97235e+07,217747,1.53611e+06,4.95699e+09,1.49919e+11
1.97298e+07,218310,1.53666e+06,4.58178e+09,1.49931e+11
1.97361e+07,218873,1.5372e+06,4.20653e+09,1.49942e+11
1.97424e+07,219437,1.53775e+06,3.83126e+09,1.49952e+11
1.97487e+07,220000,1.5383e+06,3.45597e+09,1.49962e+11
1.97551e+07,220564,1.53885e+06,3.08066e+09,1.4997e+11
1.97614e+07,221127,1.53941e+06,2.70532e+09,1.49977e+11
1.97677e+07,221691,1.53996e+06,2.32997e+09,1.49983e+11
1.9774e+07,222254,1.54052e+06,1.95461e+09,1.49989e+11
1.97803e+07,222818,1.54107e+06,1.57923e+09,1.49993e+11
1.97866e+07,223381,1.54163e+06,1.20384e+09,1.49997e+11
1.97929e+07,223945,1.54219e+06,8.28446e+08,1.49999e+11
1.97992e+07,224508,1.54275e+06,4.53046e+08,1.50001e+11
1.98055e+07,225072,1.54332e+06,7.76432e+07,1.50001e+11
1.98119e+07,225636,1.54388e+06,-2.9776e+08,1.50001e+11
1.98182e+07,226199,1.54445e+06,-6.73162e+08,1.5e+11
1.98245e+07,226763,1.54501e+06,-1.04856e+09,1.49998e+11
1.98308e+07,227326,1.54558e+06,-1.42395e+09,1.49995e+11
1.98371e+07,227890,1.54615e+06,-1.79933e+09,1.49991e+11
1.98434e+07,228453,1.54672e+06,-2.1747e+09,1.49986e+11
1.98497e+07,229017,1.54729e+06,-2.55006e+09,1.4998e+11
1.9856e+07,229580,1.54787e+06,-2.9254e+09,1.49973e+11
1.98624e+07,230144,1.54844e+06,-3.30072e+09,1.49965e+11
1.98687e+07,230707,1.54902e+06,-3.67603e+09,1.49956e+11
1.9875e+07,231271,1.5496e+06,-4.05131e+09,1.49947e+11
1.98813e+07,231834,1.55018e+06,-4.42656e+09,1.49936e+11
1.98876e+07,232397,1.55076e+06,-4.80178e+09,1.49924e+11
1.98939e+07,232961,1.55134e+06,-5.17698e+09,1.49912e+11
1.99002e+07,233524,1.55192e+06,-5.55214e+09,1.49899e+11
1.99065e+07,234087,1.55251e+06,-5.92727e+09,1.49884e+11
1.99128e+07,234650,1.5531e+06,-6.30236e+09,1.49869e+11
1.99192e+07,235213,1.55368e+06,-6.67742e+09,1.49853e+11
1.99255e+07,235776,1.55427e+06,-7.05243e+09,1.49835e+11
1.99318e+07,236339,1.55486e+06,-7.42739e+09,1.49817e+11
1.99381e+07,236902,1.55546e+06,-7.80231e+09,1.49798e+11
1.99444e+07,237465,1.55605e+06,-8.17718e+09,1.49778e+11
1.99507e+07,238027,1.55664e+06,-8.552e+09,1.49757e+11
1.9957e+07,238590,1.55724e+06,-8.92677e+09,1.49735e+11
1.99633e+07,239152,1.55784e+06,-9.30148e+09,1.49713e+11
1.99696e+07,239715,1.55844e+06,-9.67613e+09,1.49689e+11
1.9976e+07,240277,1.55904e+06,-1.00507e+10,1.49664e+11
1.99823e+07,240840,1.55964e+06,-1.04252e+10,1.49639e+11
1.99886e+07,241402,1.56024e+06,-1.07997e+10,1.49612e+11
1.99949e+07,241964,1.56085e+06,-1.11741e+10,1.49585e+11
2.00012e+07,242526,1.56145e+06,-1.15484e+10,1.49556e+11
2.00075e+07,243088,1.56206e+06,-1.19227e+10,1.49527e+11
2.00138e+07,243649,1.56267e+06,-1.22969e+10,1.49496e+11
2.00201e+07,244211,1.56328e+06,-1.2671e+10,1.49465e+11
2.00265e+07,244772,1.56389e+06,-1.3045e+10,1.49433e+11
2.00328e+07,245334,1.56451e+06,-1.34189e+10,1.494e+11
2.00391e+07,245895,1.56512e+06,-1.37928e+10,1.49366e+11
2.00454e+07,246456,1.56574e+06,-1.41666e+10,1.49331e+11
2.00517e+07,247017,1.56636e+06,-1.45402e+10,1.49295e+11
2.0058e+07,247578,1.56697e+06,-1.49138e+10,1.49258e+11
2.00643e+07,248139,1.56759e+06,-1.52873e+10,1.4922e+11
2.00706e+07,248699,1.56822e+06,-1.56607e+10,1.49182e+11
2.00769e+07,249260,1.56884e+06,-1.6034e+10,1.49142e+11
2.00833e+07,249820,1.56946e+06,-1.64072e+10,1.49101e+11
2.00896e+07,250380,1.57009e+06,-1.67803e+10,1.4906e+11
2.00959e+07,250940,1.57072e+06,-1.71533e+10,1.49017e+11
2.01022e+07,251500,1.57135e+06,-1.75262e+10,1.48974e+11
2.01085e+07,252060,1.57198e+06,-1.7899e+10,1.4893e+11
2.01148e+07,252619,1.57261e+06,-1.82716e+10,1.48884e+11
2.01211e+07,253178,1.57324e+06,-1.86442e+10,1.48838e+11
2.01274e+07,253737,1.57388e+06,-1.90166e+10,1.48791e+11
2.01337e+07,254296,1.57451e+06,-1.93889e+10,1.48743e+11
2.01401e+07,254855,1.57515e+06,-1.97611e+10,1.48694e+11
2.01464e+07,255414,1.57579e+06,-2.01332e+10,1.48644e+11
2.01527e+07,255972,1.57643e+06,-2.05052e+10,1.48593e+11
2.0159e+07,256530,1.57707e+06,-2.0877e+10,1.48541e+11
2.01653e+07,257088,1.57771e+06,-2.12487e+10,1.48489e+11
2.01716e+07,257646,1.57835e+06,-2.16202e+10,1.48435e+11
2.01779e+07,258204,1.579e+06,-2.19916e+10,1.4838e+11
2.01842e+07,258761,1.57965e+06,-2.23629e+10,1.48325e+11
2.01906e+07,259318,1.5803e+06,-2.2734e+10,1.48269e+11
2.01969e+07,259875,1.58095e+06,-2.3105e+10,1.48211e+11
2.02032e+07,260432,1.5816e+06,-2.34759e+10,1.48153e+11
2.02095e+07,260988,1.58225e+06,-2.38466e+10,1.48094e+11
2.02158e+07,261545,1.5829e+06,-2.42171e+10,1.48034e+11
2.02221e+07,262101,1.58356e+06,-2.45875e+10,1.47972e+11
2.02284e+07,262657,1.58421e+06,-2.49578e+10,1.4791e+11
2.02347e+07,263212,1.58487e+06,-2.53279e+10,1.47848e+11
2.0241e+07,263768,1.58553e+06,-2.56978e+10,1.47784e+11
2.02474e+07,264323,1.58619e+06,-2.60676e+10,1.47719e+11
2.02537e+07,264878,1.58685e+06,-2.64372e+10,1.47653e+11
2.026e+07,265432,1.58752e+06,-2.68066e+10,1.47587e+11
2.02663e+07,265987,1.58818e+06,-2.71759e+10,1.47519e+11
2.02726e+07,266541,1.58885e+06,-2.7545e+10,1.47451e+11
2.02789e+07,267095,1.58952e+06,-2.7914e+10,1.47381e+11
2.02852e+07,267648,1.59019e+06,-2.82827e+10,1.47311e+11
2.02915e+07,268201,1.59086e+06,-2.86513e+10,1.4724e+11
2.02978e+07,268755,1.59153e+06,-2.90197e+10,1.47167e+11
2.03042e+07,269307,1.5922e+06,-2.93879e+10,1.47094e+11
2.03105e+07,269860,1.59288e+06,-2.9756e+10,1.4702e+11
2.03168e+07,270412,1.59355e+06,-3.01238e+10,1.46945e+11
2.03231e+07,270964,1.59423e+06,-3.04915e+10,1.4687e+11
2.03294e+07,271516,1.59491e+06,-3.08589e+10,1.46793e+11
2.03357e+07,272067,1.59559e+06,-3.12262e+10,1.46715e+11
2.0342e+07,272618,1.59627e+06,-3.15933e+10,1.46636e+11
2.03483e+07,273169,1.59695e+06,-3.19602e+10,1.46557e+11
2.03547e+07,273719,1.59764e+06,-3.23269e+10,1.46476e+11
2.0361e+07,274270,1.59832e+06,-3.26933e+10,1.46395e+11
2.03673e+07,274820,1.59901e+06,-3.30596e+10,1.46313e+11
2.03736e+07,275369,1.5997e+06,-3.34257e+10,1.4623e+11
2.03799e+07,275918,1.60039e+06,-3.37915e+10,1.46146e+11
2.03862e+07,276467,1.60108e+06,-3.41572e+10,1.4606e+11
2.03925e+07,277016,1.60177e+06,-3.45226e+10,1.45975e+11
2.03988e+07,277564,1.60247e+06,-3.48878e+10,1.45888e+11
2.04051e+07,278112,1.60316e+06,-3.52528e+10,1.458e+11
2.04115e+07,278660,1.60386e+06,-3.56176e+10,1.45711e+11
2.04178e+07,279207,1.60456e+06,-3.59822e+10,1.45622e+11
2.04241e+07,279754,1.60526e+06,-3.63465e+10,1.45531e+11
2.04304e+07,280301,1.60596e+06,-3.67106e+10,1.4544e+11
2.04367e+07,280847,1.60666e+06,-3.70745e+10,1.45347e+11
2.0443e+07,281393,1.60736e+06,-3.74381e+10,1.45254e+11
2.04493e+07,281938,1.60807e+06,-3.78015e+10,1.4516e+11
2.04556e+07,282484,1.60878e+06,-3.81647e+10,1.45065e+11
2.04619e+07,283028,1.60948e+06,-3.85276e+10,1.44969e+11
2.04683e+07,283573,1.61019e+06,-3.88903e+10,1.44872e+11
2.04746e+07,284117,1.6109e+06,-3.92527e+10,1.44774e+11
2.04809e+07,284661,1.61161e+06,-3.96149e+10,1.44676e+11
2.04872e+07,285204,1.61233e+06,-3.99769e+10,1.44576e+11
2.04935e+07,285747,1.61304e+06,-4.03386e+10,1.44475e+11
2.04998e+07,286290,1.61376e+06,-4.07e+10,1.44374e+11
2.05061e+07,286832,1.61447e+06,-4.10612e+10,1.44272e+11
2.05124e+07,287374,1.61519e+06,-4.14222e+10,1.44169e+11
2.05188e+07,287915,1.61591e+06,-4.17828e+10,1.44064e+11
2.05251e+07,288456,1.61663e+06,-4.21433e+10,1.43959e+11
2.05314e+07,288997,1.61736e+06,-4.25034e+10,1.43853e+11
2.05377e+07,289537,1.61808e+06,-4.28633e+10,1.43747e+11
2.0544e+07,290077,1.61881e+06,-4.32229e+10,1.43639e+11
2.05503e+07,290617,1.61953e+06,-4.35823e+10,1.4353e+11
2.05566e+07,291156,1.62026e+06,-4.39413e+10,1.43421e+11
2.05629e+07,291694,1.62099e+06,-4.43001e+10,1.4331e+11
2.05692e+07,292233,1.62172e+06,-4.46586e+10,1.43199e+11
2.05756e+07,292770,1.62245e+06,-4.50169e+10,1.43087e+11
2.05819e+07,293308,1.62319e+06,-4.53748e+10,1.42974e+11
2.05882e+07,293845,1.62392e+06,-4.57325e+10,1.4286e+11
2.05945e+07,294381,1.62466e+06,-4.60899e+10,1.42745e+11
2.06008e+07,294917,1.62539e+06,-4.6447e+10,1.42629e+11
2.06071e+07,295453,1.62613e+06,-4.68038e+10,1.42512e+11
2.06134e+07,295988,1.62687e+06,-4.71603e+10,1.42395e+11
2.06197e+07,296523,1.62761e+06,-4.75165e+10,1.42276e+11
2.0626e+07,297057,1.62836e+06,-4.78725e+10,1.42157e+11
2.06324e+07,297591,1.6291e+06,-4.82281e+10,1.42037e+11
2.06387e+07,298125,1.62985e+06,-4.85834e+10,1.41916e+11
2.0645e+07,298658,1.63059e+06,-4.89384e+10,1.41793e+11
2.06513e+07,299190,1.63134e+06,-4.92931e+10,1.41671e+11
2.06576e+07,299722,1.63209e+06,-4.96475e+10,1.41547e+11
2.06639e+07,300254,1.63284e+06,-5.00016e+10,1.41422e+11
2.06702e+07,300785,1.63359e+06,-5.03554e+10,1.41296e+11
2.06765e+07,301316,1.63435e+06,-5.07088e+10,1.4117e+11
2.06829e+07,301846,1.6351e+06,-5.1062e+10,1.41043e+11
2.06892e+07,302375,1.63586e+06,-5.14148e+10,1.40914e+11
2.06955e+07,302905,1.63662e+06,-5.17673e+10,1.40785e+11
2.07018e+07,303433,1.63737e+06,-5.21195e+10,1.40655e+11
2.07081e+07,303961,1.63813e+06,-5.24713e+10,1.40524e+11
2.07144e+07,304489,1.6389e+06,-5.28229e+10,1.40393e+11
2.07207e+07,305016,1.63966e+06,-5.3174e+10,1.4026e+11
2.0727e+07,305543,1.64042e+06,-5.35249e+10,1.40126e+11
2.07333e+07,306069,1.64119e+06,-5.38754e+10,1.39992e+11
2.07397e+07,306595,1.64195e+06,-5.42256e+10,1.39857e+11
2.0746e+07,307120,1.64272e+06,-5.45755e+10,1.39721e+11
2.07523e+07,307645,1.64349e+06,-5.4925e+10,1.39584e+11
2.07586e+07,308169,1.64426e+06,-5.52741e+10,1.39446e+11
2.07649e+07,308693,1.64503e+06,-5.56229e+10,1.39307e+11
2.07712e+07,309216,1.64581e+06,-5.59714e+10,1.39167e+11
2.07775e+07,309739,1.64658e+06,-5.63195e+10,1.39027e+11
2.07838e+07,310261,1.64736e+06,-5.66673e+10,1.38885e+11
2.07901e+07,310782,1.64814e+06,-5.70147e+10,1.38743e+11
2.07965e+07,311303,1.64891e+06,-5.73617e+10,1.386e+11
2.08028e+07,311824,1.64969e+06,-5.77084e+10,1.38456e+11
2.08091e+07,312344,1.65047e+06,-5.80547e+10,1.38311e+11
2.08154e+07,312863,1.65126e+06,-5.84007e+10,1.38165e+11
2.08217e+07,313382,1.65204e+06,-5.87463e+10,1.38019e+11
2.0828e+07,313900,1.65283e+06,-5.90915e+10,1.37871e+11
2.08343e+07,314418,1.65361e+06,-5.94364e+10,1.37723e+11
2.08406e+07,314935,1.6544e+06,-5.97809e+10,1.37574e+11
2.0847e+07,315452,1.65519e+06,-6.0125e+10,1.37424e+11
2.08533e+07,315968,1.65598e+06,-6.04687e+10,1.37273e+11
2.08596e+07,316483,1.65677e+06,-6.08121e+10,1.37121e+11
2.08659e+07,316998,1.65756e+06,-6.11551e+10,1.36969e+11
2.08722e+07,317512,1.65836e+06,-6.14977e+10,1.36815e+11
2.08785e+07,318026,1.65915e+06,-6.18399e+10,1.36661e+11
2.08848e+07,318539,1.65995e+06,-6.21817e+10,1.36506e+11
2.08911e+07,319052,1.66075e+06,-6.25231e+10,1.3635e+11
2.08974e+07,319564,1.66155e+06,-6.28642e+10,1.36193e+11
2.09038e+07,320075,1.66235e+06,-6.32048e+10,1.36035e+11
2.09101e+07,320586,1.66315e+06,-6.35451e+10,1.35876e+11
2.09164e+07,321096,1.66395e+06,-6.38849e+10,1.35717e+11
2.09227e+07,321606,1.66475e+06,-6.42244e+10,1.35556e+11
2.0929e+07,322115,1.66556e+06,-6.45634e+10,1.35395e+11
2.09353e+07,322623,1.66637e+06,-6.49021e+10,1.35233e+11
2.09416e+07,323131,1.66717e+06,-6.52403e+10,1.3507e+11
2.09479e+07,323638,1.66798e+06,-6.55782e+10,1.34907e+11
2.09542e+07,324145,1.66879e+06,-6.59156e+10,1.34742e+11
2.09606e+07,324651,1.66961e+06,-6.62526e+10,1.34577e+11
2.09669e+07,325156,1.67042e+06,-6.65892e+10,1.34411e+11
2.09732e+07,325661,1.67123e+06,-6.69253e+10,1.34244e+11
2.09795e+07,326165,1.67205e+06,-6.72611e+10,1.34076e+11
2.09858e+07,326668,1.67287e+06,-6.75964e+10,1.33907e+11
2.09921e+07,327171,1.67368e+06,-6.79314e+10,1.33737e+11
2.09984e+07,327673,1.6745e+06,-6.82658e+10,1.33567e+11
2.10047e+07,328175,1.67532e+06,-6.85999e+10,1.33396e+11
2.10111e+07,328675,1.67615e+06,-6.89335e+10,1.33223e+11
2.10174e+07,329176,1.67697e+06,-6.92667e+10,1.33051e+11
2.10237e+07,329675,1.67779e+06,-6.95995e+10,1.32877e+11
2.103e+07,330174,1.67862e+06,-6.99318e+10,1.32702e+11
2.10363e+07,330672,1.67945e+06,-7.02637e+10,1.32527e+11
2.10426e+07,331170,1.68028e+06,-7.05952e+10,1.3235e+11
2.10489e+07,331667,1.6811e+06,-7.09262e+10,1.32173e+11
2.10552e+07,332163,1.68194e+06,-7.12567e+10,1.31995e+11
2.10615e+07,332659,1.68277e+06,-7.15868e+10,1.31817e+11
2.10679e+07,333154,1.6836e+06,-7.19165e+10,1.31637e+11
2.10742e+07,333648,1.68444e+06,-7.22457e+10,1.31457e+11
2.10805e+07,334141,1.68527e+06,-7.25745e+10,1.31275e+11
2.10868e+07,334634,1.68611e+06,-7.29028e+10,1.31093e+11
2.10931e+07,335127,1.68695e+06,-7.32307e+10,1.30911e+11
2.10994e+07,335618,1.68778e+06,-7.35581e+10,1.30727e+11
2.11057e+07,336109,1.68863e+06,-7.3885e+10,1.30542e+11
2.1112e+07,336599,1.68947e+06,-7.42115e+10,1.30357e+11
2.11183e+07,337088,1.69031e+06,-7.45375e+10,1.30171e+11
2.11247e+07,337577,1.69115e+06,-7.4863e+10,1.29984e+11
2.1131e+07,338065,1.692e+06,-7.51881e+10,1.29796e+11
2.11373e+07,338552,1.69285e+06,-7.55127e+10,1.29608e+11
2.11436e+07,339039,1.69369e+06,-7.58368e+10,1.29418e+11
2.11499e+07,339525,1.69454e+06,-7.61605e+10,1.29228e+11
2.11562e+07,340010,1.69539e+06,-7.64836e+10,1.29037e+11
2.11625e+07,340495,1.69625e+06,-7.68063e+10,1.28845e+11
2.11688e+07,340978,1.6971e+06,-7.71285e+10,1.28653e+11
2.11751e+07,341461,1.69795e+06,-7.74503e+10,1.28459e+11
2.11815e+07,341944,1.69881e+06,-7.77715e+10,1.28265e+11
2.11878e+07,342425,1.69966e+06,-7.80923e+10,1.2807e+11
2.11941e+07,342906,1.70052e+06,-7.84126e+10,1.27874e+11
2.12004e+07,343386,1.70138e+06,-7.87323e+10,1.27677e+11
2.12067e+07,343865,1.70224e+06,-7.90516e+10,1.2748e+11
2.1213e+07,344344,1.7031e+06,-7.93704e+10,1.27282e+11
2.12193e+07,344822,1.70396e+06,-7.96887e+10,1.27083e+11
2.12256e+07,345299,1.70483e+06,-8.00065e+10,1.26883e+11
2.1232e+07,345775,1.70569e+06,-8.03238e+10,1.26682e+11
2.12383e+07,346251,1.70656e+06,-8.06406e+10,1.26481e+11
2.12446e+07,346726,1.70743e+06,-8.09569e+10,1.26279e+11
2.12509e+07,347200,1.70829e+06,-8.12727e+10,1.26076e+11
2.12572e+07,347673,1.70916e+06,-8.15879e+10,1.25872e+11
2.12635e+07,348146,1.71003e+06,-8.19027e+10,1.25667e+11
2.12698e+07,348617,1.71091e+06,-8.22169e+10,1.25462e+11
2.12761e+07,349088,1.71178e+06,-8.25307e+10,1.25256e+11
2.12824e+07,349558,1.71265e+06,-8.28439e+10,1.25049e+11
2.12888e+07,350028,1.71353e+06,-8.31566e+10,1.24841e+11
2.12951e+07,350497,1.71441e+06,-8.34687e+10,1.24632e+11
2.13014e+07,350964,1.71528e+06,-8.37804e+10,1.24423e+11
2.13077e+07,351432,1.71616e+06,-8.40915e+10,1.24213e+11
2.1314e+07,351898,1.71704e+06,-8.44021e+10,1.24002e+11
2.13203e+07,352363,1.71792e+06,-8.47122e+10,1.23791e+11
2.13266e+07,352828,1.71881e+06,-8.50217e+10,1.23578e+11
2.13329e+07,353292,1.71969e+06,-8.53307e+10,1.23365e+11
2.13392e+07,353755,1.72057e+06,-8.56392e+10,1.23151e+11
2.13456e+07,354217,1.72146e+06,-8.59471e+10,1.22936e+11
2.13519e+07,354679,1.72235e+06,-8.62545e+10,1.22721e+11
2.13582e+07,355139,1.72324e+06,-8.65614e+10,1.22505e+11
2.13645e+07,355599,1.72412e+06,-8.68677e+10,1.22288e+11
2.13708e+07,356058,1.72502e+06,-8.71735e+10,1.2207e+11
2.13771e+07,356517,1.72591e+06,-8.74787e+10,1.21851e+11
2.13834e+07,356974,1.7268e+06,-8.77834e+10,1.21632e+11
2.13897e+07,357431,1.72769e+06,-8.80875e+10,1.21412e+11
2.13961e+07,357886,1.72859e+06,-8.83911e+10,1.21191e+11
2.14024e+07,358341,1.72949e+06,-8.86941e+10,1.20969e+11
2.14087e+07,358795,1.73038e+06,-8.89966e+10,1.20747e+11
2.1415e+07,359249,1.73128e+06,-8.92985e+10,1.20524e+11
2.14213e+07,359701,1.73218e+06,-8.95999e+10,1.203e+11
2.14276e+07,360153,1.73308e+06,-8.99006e+10,1.20076e+11
2.14339e+07,360603,1.73398e+06,-9.02009e+10,1.1985e+11
2.14402e+07,361053,1.73489e+06,-9.05005e+10,1.19624e+11
2.14465e+07,361502,1.73579e+06,-9.07996e+10,1.19397e+11
2.14529e+07,361950,1.7367e+06,-9.10982e+10,1.1917e+11
2.14592e+07,362398,1.7376e+06,-9.13961e+10,1.18941e+11
2.14655e+07,362844,1.73851e+06,-9.16935e+10,1.18712e+11
2.14718e+07,363290,1.73942e+06,-9.19903e+10,1.18482e+11
2.14781e+07,363734,1.74033e+06,-9.22865e+10,1.18252e+11
2.14844e+07,364178,1.74124e+06,-9.25822e+10,1.1802e+11
2.14907e+07,364621,1.74215e+06,-9.28773e+10,1.17788e+11
2.1497e+07,365063,1.74306e+06,-9.31718e+10,1.17555e+11
2.15033e+07,365505,1.74398e+06,-9.34657e+10,1.17322e+11
2.15097e+07,365945,1.74489e+06,-9.3759e+10,1.17088e+11
2.1516e+07,366384,1.74581e+06,-9.40517e+10,1.16853e+11
2.15223e+07,366823,1.74673e+06,-9.43439e+10,1.16617e+11
2.15286e+07,367261,1.74765e+06,-9.46354e+10,1.1638e+11
2.15349e+07,367697,1.74857e+06,-9.49264e+10,1.16143e+11
2.15412e+07,368133,1.74949e+06,-9.52168e+10,1.15905e+11
2.15475e+07,368568,1.75041e+06,-9.55065e+10,1.15667e+11
2.15538e+07,369003,1.75133e+06,-9.57957e+10,1.15427e+11
2.15602e+07,369436,1.75226e+06,-9.60843e+10,1.15187e+11
2.15665e+07,369868,1.75318e+06,-9.63723e+10,1.14946e+11
2.15728e+07,370299,1.75411e+06,-9.66596e+10,1.14705e+11
2.15791e+07,370730,1.75503e+06,-9.69464e+10,1.14462e+11
2.15854e+07,371160,1.75596e+06,-9.72325e+10,1.14219e+11
2.15917e+07,371588,1.75689e+06,-9.75181e+10,1.13976e+11
2.1598e+07,372016,1.75782e+06,-9.7803e+10,1.13731e+11
2.16043e+07,372443,1.75875e+06,-9.80873e+10,1.13486e+11
2.16106e+07,372869,1.75969e+06,-9.83711e+10,1.1324e+11
2.1617e+07,373294,1.76062e+06,-9.86542e+10,1.12994e+11
2.16233e+07,373718,1.76156e+06,-9.89366e+10,1.12746e+11
2.16296e+07,374141,1.76249e+06,-9.92185e+10,1.12499e+11
2.16359e+07,374563,1.76343e+06,-9.94997e+10,1.1225e+11
2.16422e+07,374984,1.76437e+06,-9.97803e+10,1.12001e+11
2.16485e+07,375405,1.7653e+06,-1.0006e+11,1.1175e+11
2.16548e+07,375824,1.76624e+06,-1.0034e+11,1.115e+11
2.16611e+07,376243,1.76719e+06,-1.00618e+11,1.11248e+11
2.16674e+07,376660,1.76813e+06,-1.00897e+11,1.10996e+11
2.16738e+07,377077,1.76907e+06,-1.01174e+11,1.10743e+11
2.16801e+07,377492,1.77002e+06,-1.01451e+11,1.1049e+11
2.16864e+07,377907,1.77096e+06,-1.01727e+11,1.10235e+11
2.16927e+07,378321,1.77191e+06,-1.02003e+11,1.0998e+11
2.1699e+07,378733,1.77285e+06,-1.02277e+11,1.09725e+11
2.17053e+07,379145,1.7738e+06,-1.02552e+11,1.09468e+11
2.17116e+07,379556,1.77475e+06,-1.02825e+11,1.09211e+11
2.17179e+07,379966,1.7757e+06,-1.03098e+11,1.08954e+11
2.17243e+07,380375,1.77665e+06,-1.03371e+11,1.08695e+11
2.17306e+07,380783,1.77761e+06,-1.03642e+11,1.08436e+11
2.17369e+07,381189,1.77856e+06,-1.03914e+11,1.08177e+11
2.17432e+07,381595,1.77951e+06,-1.04184e+11,1.07916e+11
2.17495e+07,382000,1.78047e+06,-1.04454e+11,1.07655e+11
2.17558e+07,382404,1.78143e+06,-1.04723e+11,1.07393e+11
2.17621e+07,382807,1.78238e+06,-1.04991e+11,1.07131e+11
2.17684e+07,383209,1.78334e+06,-1.05259e+11,1.06868e+11
2.17747e+07,383610,1.7843e+06,-1.05526e+11,1.06604e+11
2.17811e+07,384010,1.78526e+06,-1.05793e+11,1.0634e+11
2.17874e+07,384409,1.78622e+06,-1.06058e+11,1.06075e+11
2.17937e+07,384807,1.78719e+06,-1.06324e+11,1.05809e+11
2.18e+07,385204,1.78815e+06,-1.06588e+11,1.05542e+11
2.18063e+07,385601,1.78912e+06,-1.06852e+11,1.05275e+11
2.18126e+07,385996,1.79008e+06,-1.07115e+11,1.05008e+11
2.18189e+07,386390,1.79105e+06,-1.07377e+11,1.04739e+11
2.18252e+07,386783,1.79201e+06,-1.07639e+11,1.0447e+11
2.18315e+07,387175,1.79298e+06,-1.079e+11,1.042e+11
2.18379e+07,387566,1.79395e+06,-1.08161e+11,1.0393e+11
2.18442e+07,387956,1.79492e+06,-1.0842e+11,1.03659e+11
2.18505e+07,388344,1.79589e+06,-1.0868e+11,1.03387e+11
2.18568e+07,388732,1.79687e+06,-1.08938e+11,1.03115e+11
2.18631e+07,389119,1.79784e+06,-1.09196e+11,1.02842e+11
2.18694e+07,389505,1.79881e+06,-1.09453e+11,1.02568e+11
2.18757e+07,389890,1.79979e+06,-1.09709e+11,1.02294e+11
2.1882e+07,390274,1.80077e+06,-1.09965e+11,1.02019e+11
2.18884e+07,390657,1.80174e+06,-1.1022e+11,1.01744e+11
2.18947e+07,391038,1.80272e+06,-1.10474e+11,1.01468e+11
2.1901e+07,391419,1.8037e+06,-1.10728e+11,1.01191e+11
2.19073e+07,391799,1.80468e+06,-1.1098e+11,1.00913e+11
2.19136e+07,392177,1.80566e+06,-1.11233e+11,1.00635e+11
2.19199e+07,392555,1.80664e+06,-1.11484e+11,1.00357e+11
2.19262e+07,392931,1.80763e+06,-1.11735e+11,1.00077e+11
2.19325e+07,393307,1.80861e+06,-1.11985e+11,9.97973e+10
2.19388e+07,393681,1.8096e+06,-1.12235e+11,9.95168e+10
2.19452e+07,394055,1.81058e+06,-1.12483e+11,9.92356e+10
2.19515e+07,394427,1.81157e+06,-1.12731e+11,9.89537e+10
2.19578e+07,394798,1.81256e+06,-1.12979e+11,9.86713e+10
2.19641e+07,395169,1.81354e+06,-1.13225e+11,9.83882e+10
2.19704e+07,395538,1.81453e+06,-1.13471e+11,9.81045e+10
2.19767e+07,395906,1.81552e+06,-1.13716e+11,9.78203e+10
2.1983e+07,396273,1.81651e+06,-1.13961e+11,9.75354e+10
2.19893e+07,396639,1.81751e+06,-1.14204e+11,9.72498e+10
2.19956e+07,397003,1.8185e+06,-1.14447e+11,9.69637e+10
2.2002e+07,397367,1.81949e+06,-1.1469e+11,9.6677e+10
2.20083e+07,397730,1.82049e+06,-1.14931e+11,9.63896e+10
2.20146e+07,398092,1.82149e+06,-1.15172e+11,9.61017e+10
2.20209e+07,398452,1.82248e+06,-1.15412e+11,9.58132e+10
2.20272e+07,398811,1.82348e+06,-1.15652e+11,9.5524e+10
2.20335e+07,399170,1.82448e+06,-1.1589e+11,9.52343e+10
2.20398e+07,399527,1.82548e+06,-1.16128e+11,9.49439e+10
2.20461e+07,399883,1.82648e+06,-1.16366e+11,9.4653e+10
2.20525e+07,400238,1.82748e+06,-1.16602e+11,9.43615e+10
2.20588e+07,400592,1.82848e+06,-1.16838e+11,9.40694e+10
2.20651e+07,400945,1.82948e+06,-1.17073e+11,9.37767e+10
2.20714e+07,401297,1.83049e+06,-1.17307e+11,9.34834e+10
2.20777e+07,401648,1.83149e+06,-1.17541e+11,9.31895e+10
2.2084e+07,401997,1.8325e+06,-1.17774e+11,9.2895e+10
2.20903e+07,402346,1.8335e+06,-1.18006e+11,9.26e+10
2.20966e+07,402693,1.83451e+06,-1.18237e+11,9.23044e+10
2.21029e+07,403039,1.83552e+06,-1.18468e+11,9.20082e+10
2.21093e+07,403384,1.83653e+06,-1.18698e+11,9.17114e+10
2.21156e+07,403728,1.83754e+06,-1.18927e+11,9.1414e+10
2.21219e+07,404071,1.83855e+06,-1.19155e+11,9.11161e+10
2.21282e+07,404413,1.83956e+06,-1.19383e+11,9.08176e+10
2.21345e+07,404754,1.84057e+06,-1.1961e+11,9.05185e+10
2.21408e+07,405093,1.84159e+06,-1.19836e+11,9.02189e+10
2.21471e+07,405432,1.8426e+06,-1.20061e+11,8.99187e+10
2.21534e+07,405769,1.84362e+06,-1.20286e+11,8.9618e+10
2.21597e+07,406105,1.84463e+06,-1.2051e+11,8.93166e+10
2.21661e+07,406440,1.84565e+06,-1.20733e+11,8.90148e+10
2.21724e+07,406774,1.84667e+06,-1.20956e+11,8.87123e+10
2.21787e+07,407107,1.84769e+06,-1.21177e+11,8.84093e+10
2.2185e+07,407438,1.84871e+06,-1.21398e+11,8.81058e+10
2.21913e+07,407769,1.84973e+06,-1.21618e+11,8.78017e+10
2.21976e+07,408098,1.85075e+06,-1.21838e+11,8.7497e+10
2.22039e+07,408426,1.85177e+06,-1.22056e+11,8.71918e+10
2.22102e+07,408753,1.85279e+06,-1.22274e+11,8.68861e+10
2.22166e+07,409079,1.85381e+06,-1.22491e+11,8.65798e+10
2.22229e+07,409404,1.85484e+06,-1.22707e+11,8.6273e+10
2.22292e+07,409727,1.85586e+06,-1.22923e+11,8.59656e+10
2.22355e+07,410050,1.85689e+06,-1.23138e+11,8.56577e+10
2.22418e+07,410371,1.85792e+06,-1.23352e+11,8.53492e+10
2.22481e+07,410691,1.85894e+06,-1.23565e+11,8.50403e+10
2.22544e+07,411010,1.85997e+06,-1.23777e+11,8.47308e+10
2.22607e+07,411328,1.861e+06,-1.23989e+11,8.44207e+10
2.2267e+07,411644,1.86203e+06,-1.242e+11,8.41101e+10
2.22734e+07,411960,1.86306e+06,-1.2441e+11,8.3799e+10
2.22797e+07,412274,1.86409e+06,-1.24619e+11,8.34874e+10
2.2286e+07,412587,1.86512e+06,-1.24828e+11,8.31753e+10
2.22923e+07,412899,1.86616e+06,-1.25036e+11,8.28626e+10
2.22986e+07,413210,1.86719e+06,-1.25243e+11,8.25494e+10
2.23049e+07,413519,1.86823e+06,-1.25449e+11,8.22357e+10
2.23112e+07,413828,1.86926e+06,-1.25654e+11,8.19215e+10
2.23175e+07,414135,1.8703e+06,-1.25859e+11,8.16068e+10
2.23238e+07,414441,1.87133e+06,-1.26063e+11,8.12915e+10
2.23302e+07,414746,1.87237e+06,-1.26266e+11,8.09758e+10
2.23365e+07,415049,1.87341e+06,-1.26468e+11,8.06595e+10
2.23428e+07,415352,1.87445e+06,-1.26669e+11,8.03427e+10
2.23491e+07,415653,1.87549e+06,-1.2687e+11,8.00255e+10
2.23554e+07,415953,1.87653e+06,-1.2707e+11,7.97077e+10
2.23617e+07,416252,1.87757e+06,-1.27269e+11,7.93894e+10
2.2368e+07,416550,1.87861e+06,-1.27467e+11,7.90707e+10
2.23743e+07,416846,1.87966e+06,-1.27665e+11,7.87514e+10
2.23806e+07,417141,1.8807e+06,-1.27861e+11,7.84317e+10
2.2387e+07,417436,1.88174e+06,-1.28057e+11,7.81114e+10
2.23933e+07,417728,1.88279e+06,-1.28252e+11,7.77907e+10
2.23996e+07,418020,1.88384e+06,-1.28447e+11,7.74695e+10
2.24059e+07,418311,1.88488e+06,-1.2864e+11,7.71478e+10
2.24122e+07,418600,1.88593e+06,-1.28833e+11,7.68256e+10
2.24185e+07,418888,1.88698e+06,-1.29025e+11,7.65029e+10
2.24248e+07,419175,1.88803e+06,-1.29216e+11,7.61797e+10
2.24311e+07,419460,1.88907e+06,-1.29406e+11,7.58561e+10
2.24375e+07,419745,1.89013e+06,-1.29595e+11,7.5532e+10
2.24438e+07,420028,1.89118e+06,-1.29784e+11,7.52074e+10
2.24501e+07,420310,1.89223e+06,-1.29972e+11,7.48824e+10
2.24564e+07,420590,1.89328e+06,-1.30159e+11,7.45569e+10
2.24627e+07,420870,1.89433e+06,-1.30345e+11,7.42309e+10
2.2469e+07,421148,1.89539e+06,-1.3053e+11,7.39045e+10
2.24753e+07,421425,1.89644e+06,-1.30715e+11,7.35775e+10
2.24816e+07,421701,1.8975e+06,-1.30899e+11,7.32502e+10
2.24879e+07,421976,1.89855e+06,-1.31082e+11,7.29223e+10
2.24943e+07,422249,1.89961e+06,-1.31264e+11,7.25941e+10
2.25006e+07,422521,1.90067e+06,-1.31445e+11,7.22653e+10
2.25069e+07,422792,1.90172e+06,-1.31625e+11,7.19361e+10
2.25132e+07,423062,1.90278e+06,-1.31805e+11,7.16065e+10
2.25195e+07,423330,1.90384e+06,-1.31984e+11,7.12764e+10
2.25258e+07,423597,1.9049e+06,-1.32162e+11,7.09458e+10
2.25321e+07,423863,1.90596e+06,-1.32339e+11,7.06149e+10
2.25384e+07,424128,1.90702e+06,-1.32515e+11,7.02834e+10
2.25447e+07,424391,1.90808e+06,-1.32691e+11,6.99516e+10
2.25511e+07,424654,1.90915e+06,-1.32865e+11,6.96193e+10
2.25574e+07,424915,1.91021e+06,-1.33039e+11,6.92865e+10
2.25637e+07,425174,1.91127e+06,-1.33212e+11,6.89533e+10
2.257e+07,425433,1.91234e+06,-1.33384e+11,6.86197e+10
2.25763e+07,425690,1.9134e+06,-1.33556e+11,6.82857e+10
2.25826e+07,425946,1.91447e+06,-1.33726e+11,6.79512e+10
2.25889e+07,426200,1.91553e+06,-1.33896e+11,6.76164e+10
2.25952e+07,426454,1.9166e+06,-1.34065e+11,6.7281e+10
2.26016e+07,426706,1.91767e+06,-1.34232e+11,6.69453e+10
2.26079e+07,426957,1.91874e+06,-1.344e+11,6.66092e+10
2.26142e+07,427207,1.91981e+06,-1.34566e+11,6.62726e+10
2.26205e+07,427455,1.92088e+06,-1.34731e+11,6.59356e+10
2.26268e+07,427702,1.92195e+06,-1.34896e+11,6.55982e+10
2.26331e+07,427948,1.92302e+06,-1.3506e+11,6.52604e+10
2.26394e+07,428192,1.92409e+06,-1.35223e+11,6.49222e+10
2.26457e+07,428436,1.92516e+06,-1.35385e+11,6.45835e+10
2.2652e+07,428678,1.92623e+06,-1.35546e+11,6.42445e+10
2.26584e+07,428918,1.92731e+06,-1.35706e+11,6.39051e+10
2.26647e+07,429158,1.92838e+06,-1.35866e+11,6.35652e+10
2.2671e+07,429396,1.92945e+06,-1.36024e+11,6.3225e+10
2.26773e+07,429633,1.93053e+06,-1.36182e+11,6.28844e+10
2.26836e+07,429869,1.9316e+06,-1.36339e+11,6.25434e+10
2.26899e+07,430103,1.93268e+06,-1.36495e+11,6.2202e+10
2.26962e+07,430336,1.93376e+06,-1.3665e+11,6.18602e+10
2.27025e+07,430568,1.93483e+06,-1.36805e+11,6.1518e+10
2.27088e+07,430798,1.93591e+06,-1.36958e+11,6.11754e+10
2.27152e+07,431027,1.93699e+06,-1.37111e+11,6.08324e+10
2.27215e+07,431255,1.93807e+06,-1.37263e+11,6.04891e+10
2.27278e+07,431482,1.93915e+06,-1.37414e+11,6.01454e+10
2.27341e+07,431707,1.94023e+06,-1.37564e+11,5.98013e+10
2.27404e+07,431931,1.94131e+06,-1.37713e+11,5.94568e+10
2.27467e+07,432154,1.94239e+06,-1.37861e+11,5.9112e+10
2.2753e+07,432375,1.94347e+06,-1.38009e+11,5.87668e+10
2.27593e+07,432596,1.94456e+06,-1.38156e+11,5.84212e+10
2.27657e+07,432814,1.94564e+06,-1.38301e+11,5.80752e+10
2.2772e+07,433032,1.94672e+06,-1.38446e+11,5.77289e+10
2.27783e+07,433248,1.94781e+06,-1.3859e+11,5.73823e+10
2.27846e+07,433463,1.94889e+06,-1.38733e+11,5.70352e+10
2.27909e+07,433677,1.94998e+06,-1.38876e+11,5.66878e+10
2.27972e+07,433889,1.95106e+06,-1.39017e+11,5.63401e+10
2.28035e+07,434100,1.95215e+06,-1.39158e+11,5.5992e+10
2.28098e+07,434310,1.95323e+06,-1.39297e+11,5.56436e+10
2.28161e+07,434518,1.95432e+06,-1.39436e+11,5.52948e+10
2.28225e+07,434725,1.95541e+06,-1.39574e+11,5.49456e+10
2.28288e+07,434931,1.9565e+06,-1.39711e+11,5.45961e+10
2.28351e+07,435136,1.95759e+06,-1.39847e+11,5.42463e+10
2.28414e+07,435339,1.95868e+06,-1.39983e+11,5.38961e+10
2.28477e+07,435541,1.95976e+06,-1.40117e+11,5.35456e+10
2.2854e+07,435741,1.96086e+06,-1.40251e+11,5.31948e+10
2.28603e+07,435940,1.96195e+06,-1.40383e+11,5.28436e+10
2.28666e+07,436138,1.96304e+06,-1.40515e+11,5.24921e+10
2.28729e+07,436335,1.96413e+06,-1.40646e+11,5.21403e+10
2.28793e+07,436530,1.96522e+06,-1.40776e+11,5.17881e+10
2.28856e+07,436724,1.96631e+06,-1.40905e+11,5.14357e+10
2.28919e+07,436916,1.96741e+06,-1.41034e+11,5.10828e+10
2.28982e+07,437108,1.9685e+06,-1.41161e+11,5.07297e+10
2.29045e+07,437298,1.9696e+06,-1.41288e+11,5.03763e+10
2.29108e+07,437486,1.97069e+06,-1.41413e+11,5.00225e+10
2.29171e+07,437673,1.97178e+06,-1.41538e+11,4.96684e+10
2.29234e+07,437859,1.97288e+06,-1.41662e+11,4.93141e+10
2.29298e+07,438044,1.97398e+06,-1.41785e+11,4.89594e+10
2.29361e+07,438227,1.97507e+06,-1.41907e+11,4.86044e+10
2.29424e+07,438409,1.97617e+06,-1.42028e+11,4.82491e+10
2.29487e+07,438590,1.97727e+06,-1.42148e+11,4.78935e+10
2.2955e+07,438769,1.97837e+06,-1.42268e+11,4.75376e+10
2.29613e+07,438947,1.97946e+06,-1.42386e+11,4.71814e+10
2.29676e+07,439124,1.98056e+06,-1.42504e+11,4.68249e+10
2.29739e+07,439299,1.98166e+06,-1.42621e+11,4.64681e+10
2.29802e+07,439473,1.98276e+06,-1.42737e+11,4.6111e+10
2.29866e+07,439645,1.98386e+06,-1.42852e+11,4.57536e+10
2.29929e+07,439817,1.98496e+06,-1.42966e+11,4.5396e+10
2.29992e+07,439986,1.98606e+06,-1.43079e+11,4.5038e+10
2.30055e+07,440155,1.98716e+06,-1.43191e+11,4.46798e+10
2.30118e+07,440322,1.98827e+06,-1.43302e+11,4.43213e+10
2.30181e+07,440488,1.98937e+06,-1.43413e+11,4.39625e+10
2.30244e+07,440653,1.99047e+06,-1.43522e+11,4.36034e+10
2.30307e+07,440816,1.99157e+06,-1.43631e+11,4.32441e+10
2.3037e+07,440977,1.99268e+06,-1.43739e+11,4.28845e+10
2.30434e+07,441138,1.99378e+06,-1.43846e+11,4.25246e+10
2.30497e+07,441297,1.99489e+06,-1.43952e+11,4.21645e+10
2.3056e+07,441455,1.99599e+06,-1.44057e+11,4.18041e+10
2.30623e+07,441611,1.99709e+06,-1.44161e+11,4.14434e+10
2.30686e+07,441766,1.9982e+06,-1.44264e+11,4.10825e+10
2.30749e+07,441920,1.99931e+06,-1.44367e+11,4.07213e+10
2.30812e+07,442072,2.00041e+06,-1.44468e+11,4.03599e+10
2.30875e+07,442223,2.00152e+06,-1.44569e+11,3.99982e+10
2.30939e+07,442373,2.00263e+06,-1.44668e+11,3.96363e+10
2.31002e+07,442521,2.00373e+06,-1.44767e+11,3.92741e+10
2.31065e+07,442668,2.00484e+06,-1.44865e+11,3.89117e+10
2.31128e+07,442813,2.00595e+06,-1.44962e+11,3.8549e+10
2.31191e+07,442957,2.00706e+06,-1.45058e+11,3.81861e+10
2.31254e+07,443100,2.00817e+06,-1.45153e+11,3.78229e+10
2.31317e+07,443242,2.00928e+06,-1.45247e+11,3.74595e+10
2.3138e+07,443382,2.01038e+06,-1.4534e+11,3.70959e+10
2.31443e+07,443520,2.01149e+06,-1.45433e+11,3.6732e+10
2.31507e+07,443658,2.0126e+06,-1.45524e+11,3.6368e+10
2.3157e+07,443794,2.01372e+06,-1.45615e+11,3.60036e+10
2.31633e+07,443928,2.01483e+06,-1.45704e+11,3.56391e+10
2.31696e+07,444061,2.01594e+06,-1.45793e+11,3.52743e+10
2.31759e+07,444193,2.01705e+06,-1.45881e+11,3.49093e+10
2.31822e+07,444324,2.01816e+06,-1.45968e+11,3.45441e+10
2.31885e+07,444453,2.01927e+06,-1.46054e+11,3.41787e+10
2.31948e+07,444581,2.02039e+06,-1.46139e+11,3.38131e+10
2.32011e+07,444707,2.0215e+06,-1.46223e+11,3.34472e+10
2.32075e+07,444832,2.02261e+06,-1.46306e+11,3.30812e+10
2.32138e+07,444955,2.02372e+06,-1.46389e+11,3.27149e+10
2.32201e+07,445078,2.02484e+06,-1.4647e+11,3.23484e+10
2.32264e+07,445199,2.02595e+06,-1.46551e+11,3.19818e+10
2.32327e+07,445318,2.02707e+06,-1.4663e+11,3.16149e+10
2.3239e+07,445436,2.02818e+06,-1.46709e+11,3.12478e+10
2.32453e+07,445553,2.0293e+06,-1.46786e+11,3.08806e+10
2.32516e+07,445668,2.03041e+06,-1.46863e+11,3.05131e+10
2.3258e+07,445782,2.03153e+06,-1.46939e+11,3.01454e+10
2.32643e+07,445895,2.03264e+06,-1.47014e+11,2.97776e+10
2.32706e+07,446006,2.03376e+06,-1.47088e+11,2.94096e+10
2.32769e+07,446116,2.03488e+06,-1.47161e+11,2.90414e+10
2.32832e+07,446224,2.03599e+06,-1.47234e+11,2.8673e+10
2.32895e+07,446331,2.03711e+06,-1.47305e+11,2.83044e+10
2.32958e+07,446437,2.03823e+06,-1.47375e+11,2.79357e+10
2.33021e+07,446541,2.03934e+06,-1.47445e+11,2.75667e+10
2.33084e+07,446644,2.04046e+06,-1.47513e+11,2.71976e+10
2.33148e+07,446745,2.04158e+06,-1.47581e+11,2.68284e+10
2.33211e+07,446845,2.0427e+06,-1.47648e+11,2.64589e+10
2.33274e+07,446944,2.04382e+06,-1.47713e+11,2.60893e+10
2.33337e+07,447041,2.04493e+06,-1.47778e+11,2.57196e+10
2.334e+07,447137,2.04605e+06,-1.47842e+11,2.53496e+10
2.33463e+07,447232,2.04717e+06,-1.47905e+11,2.49796e+10
2.33526e+07,447325,2.04829e+06,-1.47967e+11,2.46093e+10
2.33589e+07,447417,2.04941e+06,-1.48028e+11,2.42389e+10
2.33652e+07,447507,2.05053e+06,-1.48088e+11,2.38684e+10
2.33716e+07,447596,2.05165e+06,-1.48148e+11,2.34977e+10
2.33779e+07,447684,2.05277e+06,-1.48206e+11,2.31268e+10
2.33842e+07,447770,2.05389e+06,-1.48263e+11,2.27559e+10
2.33905e+07,447855,2.05501e+06,-1.4832e+11,2.23847e+10
2.33968e+07,447938,2.05613e+06,-1.48375e+11,2.20135e+10
2.34031e+07,448020,2.05726e+06,-1.4843e+11,2.1642e+10
2.34094e+07,448101,2.05838e+06,-1.48484e+11,2.12705e+10
2.34157e+07,448180,2.0595e+06,-1.48536e+11,2.08988e+10
2.34221e+07,448258,2.06062e+06,-1.48588e+11,2.0527e+10
2.34284e+07,448334,2.06174e+06,-1.48639e+11,2.01551e+10
2.34347e+07,448409,2.06286e+06,-1.48689e+11,1.9783e+10
2.3441e+07,448483,2.06399e+06,-1.48738e+11,1.94108e+10
2.34473e+07,448555,2.06511e+06,-1.48786e+11,1.90385e+10
2.34536e+07,448626,2.06623e+06,-1.48833e+11,1.86661e+10
2.34599e+07,448695,2.06735e+06,-1.4888e+11,1.82936e+10
2.34662e+07,448763,2.06848e+06,-1.48925e+11,1.79209e+10
2.34725e+07,448830,2.0696e+06,-1.48969e+11,1.75481e+10
2.34789e+07,448895,2.07072e+06,-1.49013e+11,1.71752e+10
2.34852e+07,448959,2.07185e+06,-1.49055e+11,1.68023e+10
2.34915e+07,449021,2.07297e+06,-1.49097e+11,1.64292e+10
2.34978e+07,449082,2.07409e+06,-1.49138e+11,1.6056e+10
2.35041e+07,449142,2.07522e+06,-1.49177e+11,1.56827e+10
2.35104e+07,449200,2.07634e+06,-1.49216e+11,1.53093e+10
2.35167e+07,449257,2.07747e+06,-1.49254e+11,1.49358e+10
2.3523e+07,449312,2.07859e+06,-1.49291e+11,1.45622e+10
2.35293e+07,449366,2.07972e+06,-1.49327e+11,1.41885e+10
2.35357e+07,449419,2.08084e+06,-1.49362e+11,1.38147e+10
2.3542e+07,449470,2.08197e+06,-1.49396e+11,1.34409e+10
2.35483e+07,449520,2.08309e+06,-1.49429e+11,1.3067e+10
2.35546e+07,449568,2.08422e+06,-1.49461e+11,1.26929e+10
2.35609e+07,449615,2.08534e+06,-1.49493e+11,1.23188e+10
2.35672e+07,449661,2.08647e+06,-1.49523e+11,1.19447e+10
2.35735e+07,449705,2.08759e+06,-1.49552e+11,1.15704e+10
2.35798e+07,449748,2.08872e+06,-1.49581e+11,1.11961e+10
2.35862e+07,449789,2.08984e+06,-1.49608e+11,1.08217e+10
2.35925e+07,449829,2.09097e+06,-1.49635e+11,1.04473e+10
2.35988e+07,449868,2.09209e+06,-1.49661e+11,1.00727e+10
2.36051e+07,449905,2.09322e+06,-1.49685e+11,9.69814e+09
2.36114e+07,449941,2.09435e+06,-1.49709e+11,9.32349e+09
2.36177e+07,449975,2.09547e+06,-1.49732e+11,8.94878e+09
2.3624e+07,450008,2.0966e+06,-1.49754e+11,8.57402e+09
2.36303e+07,450039,2.09773e+06,-1.49775e+11,8.19921e+09
2.36366e+07,450069,2.09885e+06,-1.49795e+11,7.82434e+09
2.3643e+07,450098,2.09998e+06,-1.49814e+11,7.44942e+09
2.36493e+07,450125,2.1011e+06,-1.49832e+11,7.07446e+09
2.36556e+07,450151,2.10223e+06,-1.4985e+11,6.69945e+09
2.36619e+07,450176,2.10336e+06,-1.49866e+11,6.3244e+09
2.36682e+07,450199,2.10448e+06,-1.49881e+11,5.94931e+09
2.36745e+07,450220,2.10561e+06,-1.49896e+11,5.57418e+09
2.36808e+07,450241,2.10674e+06,-1.49909e+11,5.19902e+09
2.36871e+07,450259,2.10786e+06,-1.49922e+11,4.82383e+09
2.36934e+07,450277,2.10899e+06,-1.49933e+11,4.4486e+09
2.36998e+07,450293,2.11012e+06,-1.49944e+11,4.07335e+09
2.37061e+07,450307,2.11125e+06,-1.49954e+11,3.69807e+09
2.37124e+07,450321,2.11237e+06,-1.49962e+11,3.32277e+09
2.37187e+07,450332,2.1135e+06,-1.4997e+11,2.94745e+09
2.3725e+07,450343,2.11463e+06,-1.49977e+11,2.57211e+09
2.37313e+07,450352,2.11575e+06,-1.49983e+11,2.19675e+09
2.37376e+07,450359,2.11688e+06,-1.49988e+11,1.82138e+09
2.37439e+07,450365,2.11801e+06,-1.49992e+11,1.446e+09
2.37502e+07,450370,2.11913e+06,-1.49995e+11,1.07061e+09
2.37566e+07,450373,2.12026e+06,-1.49998e+11,6.95215e+08
2.37629e+07,450375,2.12139e+06,-1.49999e+11,3.19813e+08
2.37692e+07,450376,2.12252e+06,-1.49999e+11,-5.55899e+07
2.37755e+07,450375,2.12364e+06,-1.49999e+11,-4.30993e+08
2.37818e+07,450373,2.12477e+06,-1.49997e+11,-8.06393e+08
2.37881e+07,450369,2.1259e+06,-1.49995e+11,-1.18179e+09
2.37944e+07,450364,2.12702e+06,-1.49991e+11,-1.55718e+09
2.38007e+07,450357,2.12815e+06,-1.49987e+11,-1.93255e+09
2.38071e+07,450349,2.12928e+06,-1.49981e+11,-2.30792e+09
2.38134e+07,450340,2.13041e+06,-1.49975e+11,-2.68327e+09
2.38197e+07,450329,2.13153e+06,-1.49968e+11,-3.05861e+09
2.3826e+07,450317,2.13266e+06,-1.4996e+11,-3.43392e+09
2.38323e+07,450303,2.13379e+06,-1.49951e+11,-3.80922e+09
2.38386e+07,450288,2.13491e+06,-1.49941e+11,-4.18449e+09
2.38449e+07,450272,2.13604e+06,-1.4993e+11,-4.55973e+09
2.38512e+07,450254,2.13717e+06,-1.49918e+11,-4.93495e+09
2.38575e+07,450235,2.13829e+06,-1.49905e+11,-5.31013e+09
2.38639e+07,450214,2.13942e+06,-1.49891e+11,-5.68528e+09
2.38702e+07,450192,2.14055e+06,-1.49877e+11,-6.0604e+09
2.38765e+07,450168,2.14168e+06,-1.49861e+11,-6.43547e+09
2.38828e+07,450143,2.1428e+06,-1.49844e+11,-6.81051e+09
2.38891e+07,450117,2.14393e+06,-1.49827e+11,-7.18551e+09
2.38954e+07,450089,2.14505e+06,-1.49808e+11,-7.56046e+09
2.39017e+07,450060,2.14618e+06,-1.49789e+11,-7.93536e+09
2.3908e+07,450030,2.14731e+06,-1.49769e+11,-8.31021e+09
2.39143e+07,449998,2.14843e+06,-1.49747e+11,-8.68501e+09
2.39207e+07,449965,2.14956e+06,-1.49725e+11,-9.05976e+09
2.3927e+07,449930,2.15069e+06,-1.49702e+11,-9.43445e+09
2.39333e+07,449894,2.15181e+06,-1.49678e+11,-9.80908e+09
2.39396e+07,449856,2.15294e+06,-1.49653e+11,-1.01836e+10
2.39459e+07,449817,2.15406e+06,-1.49627e+11,-1.05581e+10
2.39522e+07,449777,2.15519e+06,-1.496e+11,-1.09326e+10
2.39585e+07,449735,2.15631e+06,-1.49572e+11,-1.1307e+10
2.39648e+07,449692,2.15744e+06,-1.49543e+11,-1.16813e+10
2.39712e+07,449647,2.15857e+06,-1.49514e+11,-1.20555e+10
2.39775e+07,449601,2.15969e+06,-1.49483e+11,-1.24296e+10
2.39838e+07,449554,2.16082e+06,-1.49452e+11,-1.28037e+10
2.39901e+07,449505,2.16194e+06,-1.49419e+11,-1.31777e+10
2.39964e+07,449455,2.16307e+06,-1.49386e+11,-1.35516e+10
2.40027e+07,449403,2.16419e+06,-1.49351e+11,-1.39254e+10
2.4009e+07,449350,2.16532e+06,-1.49316e+11,-1.42992e+10
2.40153e+07,449296,2.16644e+06,-1.4928e+11,-1.46728e+10
2.40216e+07,449240,2.16756e+06,-1.49242e+11,-1.50464e+10
2.4028e+07,449182,2.16869e+06,-1.49204e+11,-1.54198e+10
2.40343e+07,449124,2.16981e+06,-1.49165e+11,-1.57932e+10
2.40406e+07,449064,2.17094e+06,-1.49125e+11,-1.61665e+10
2.40469e+07,449002,2.17206e+06,-1.49084e+11,-1.65396e+10
2.40532e+07,448939,2.17318e+06,-1.49042e+11,-1.69127e+10
2.40595e+07,448875,2.17431e+06,-1.49e+11,-1.72857e+10
2.40658e+07,448810,2.17543e+06,-1.48956e+11,-1.76585e+10
2.40721e+07,448743,2.17655e+06,-1.48911e+11,-1.80312e+10
2.40784e+07,448674,2.17768e+06,-1.48866e+11,-1.84039e+10
2.40848e+07,448604,2.1788e+06,-1.48819e+11,-1.87764e+10
2.40911e+07,448533,2.17992e+06,-1.48772e+11,-1.91488e+10
2.40974e+07,448460,2.18105e+06,-1.48723e+11,-1.9521e+10
2.41037e+07,448386,2.18217e+06,-1.48674e+11,-1.98932e+10
2.411e+07,448311,2.18329e+06,-1.48624e+11,-2.02652e+10
2.41163e+07,448234,2.18441e+06,-1.48572e+11,-2.06371e+10
2.41226e+07,448156,2.18553e+06,-1.4852e+11,-2.10089e+10
2.41289e+07,448076,2.18665e+06,-1.48467e+11,-2.13805e+10
2.41353e+07,447995,2.18778e+06,-1.48413e+11,-2.1752e+10
2.41416e+07,447913,2.1889e+06,-1.48358e+11,-2.21234e+10
2.41479e+07,447829,2.19002e+06,-1.48303e+11,-2.24946e+10
2.41542e+07,447744,2.19114e+06,-1.48246e+11,-2.28657e+10
2.41605e+07,447657,2.19226e+06,-1.48188e+11,-2.32366e+10
2.41668e+07,447569,2.19338e+06,-1.48129e+11,-2.36074e+10
2.41731e+07,447480,2.1945e+06,-1.4807e+11,-2.39781e+10
2.41794e+07,447389,2.19562e+06,-1.48009e+11,-2.43486e+10
2.41857e+07,447297,2.19674e+06,-1.47948e+11,-2.47189e+10
2.41921e+07,447203,2.19786e+06,-1.47886e+11,-2.50891e+10
2.41984e+07,447108,2.19898e+06,-1.47822e+11,-2.54592e+10
2.42047e+07,447012,2.2001e+06,-1.47758e+11,-2.5829e+10
2.4211e+07,446914,2.20121e+06,-1.47693e+11,-2.61987e+10
2.42173e+07,446815,2.20233e+06,-1.47627e+11,-2.65683e+10
2.42236e+07,446714,2.20345e+06,-1.4756e+11,-2.69377e+10
2.42299e+07,446612,2.20457e+06,-1.47492e+11,-2.73069e+10
2.42362e+07,446509,2.20569e+06,-1.47423e+11,-2.76759e+10
2.42425e+07,446404,2.2068e+06,-1.47354e+11,-2.80448e+10
2.42489e+07,446298,2.20792e+06,-1.47283e+11,-2.84135e+10
2.42552e+07,446191,2.20904e+06,-1.47211e+11,-2.8782e+10
2.42615e+07,446082,2.21015e+06,-1.47139e+11,-2.91504e+10
2.42678e+07,445972,2.21127e+06,-1.47066e+11,-2.95185e+10
2.42741e+07,445860,2.21239e+06,-1.46991e+11,-2.98865e+10
2.42804e+07,445747,2.2135e+06,-1.46916e+11,-3.02543e+10
2.42867e+07,445633,2.21462e+06,-1.4684e+11,-3.06219e+10
2.4293e+07,445517,2.21573e+06,-1.46763e+11,-3.09893e+10
2.42994e+07,445400,2.21685e+06,-1.46685e+11,-3.13565e+10
2.43057e+07,445281,2.21796e+06,-1.46606e+11,-3.17235e+10
2.4312e+07,445162,2.21908e+06,-1.46526e+11,-3.20903e+10
2.43183e+07,445040,2.22019e+06,-1.46445e+11,-3.24569e+10
2.43246e+07,444918,2.2213e+06,-1.46363e+11,-3.28233e+10
2.43309e+07,444794,2.22242e+06,-1.46281e+11,-3.31895e+10
2.43372e+07,444668,2.22353e+06,-1.46197e+11,-3.35555e+10
2.43435e+07,444541,2.22464e+06,-1.46113e+11,-3.39213e+10
2.43498e+07,444413,2.22576e+06,-1.46027e+11,-3.42868e+10
2.43562e+07,444284,2.22687e+06,-1.45941e+11,-3.46522e+10
2.43625e+07,444153,2.22798e+06,-1.45854e+11,-3.50173e+10
2.43688e+07,444021,2.22909e+06,-1.45766e+11,-3.53823e+10
2.43751e+07,443887,2.2302e+06,-1.45677e+11,-3.5747e+10
2.43814e+07,443752,2.23131e+06,-1.45587e+11,-3.61114e+10
2.43877e+07,443616,2.23242e+06,-1.45496e+11,-3.64757e+10
2.4394e+07,443478,2.23353e+06,-1.45404e+11,-3.68397e+10
2.44003e+07,443339,2.23464e+06,-1.45312e+11,-3.72035e+10
2.44066e+07,443198,2.23575e+06,-1.45218e+11,-3.7567e+10
2.4413e+07,443056,2.23686e+06,-1.45124e+11,-3.79304e+10
2.44193e+07,442913,2.23797e+06,-1.45028e+11,-3.82934e+10
2.44256e+07,442769,2.23908e+06,-1.44932e+11,-3.86563e+10
2.44319e+07,442623,2.24019e+06,-1.44835e+11,-3.90189e+10
2.44382e+07,442475,2.24129e+06,-1.44737e+11,-3.93812e+10
2.44445e+07,442327,2.2424e+06,-1.44638e+11,-3.97434e+10
2.44508e+07,442177,2.24351e+06,-1.44538e+11,-4.01052e+10
2.44571e+07,442025,2.24461e+06,-1.44437e+11,-4.04668e+10
2.44635e+07,441873,2.24572e+06,-1.44335e+11,-4.08282e+10
2.44698e+07,441719,2.24683e+06,-1.44233e+11,-4.11893e+10
2.44761e+07,441563,2.24793e+06,-1.44129e+11,-4.15501e+10
2.44824e+07,441406,2.24904e+06,-1.44025e+11,-4.19107e+10
2.44887e+07,441248,2.25014e+06,-1.43919e+11,-4.2271e+10
2.4495e+07,441089,2.25124e+06,-1.43813e+11,-4.26311e+10
2.45013e+07,440928,2.25235e+06,-1.43706e+11,-4.29909e+10
2.45076e+07,440766,2.25345e+06,-1.43598e+11,-4.33504e+10
2.45139e+07,440602,2.25455e+06,-1.43489e+11,-4.37096e+10
2.45203e+07,440437,2.25566e+06,-1.43379e+11,-4.40686e+10
2.45266e+07,440271,2.25676e+06,-1.43268e+11,-4.44273e+10
2.45329e+07,440103,2.25786e+06,-1.43157e+11,-4.47857e+10
2.45392e+07,439934,2.25896e+06,-1.43044e+11,-4.51439e+10
2.45455e+07,439764,2.26006e+06,-1.42931e+11,-4.55017e+10
2.45518e+07,439592,2.26116e+06,-1.42816e+11,-4.58593e+10
2.45581e+07,439419,2.26226e+06,-1.42701e+11,-4.62166e+10
2.45644e+07,439245,2.26336e+06,-1.42585e+11,-4.65736e+10
2.45707e+07,439069,2.26446e+06,-1.42468e+11,-4.69303e+10
2.45771e+07,438892,2.26556e+06,-1.4235e+11,-4.72867e+10
2.45834e+07,438714,2.26666e+06,-1.42231e+11,-4.76428e+10
2.45897e+07,438534,2.26776e+06,-1.42112e+11,-4.79986e+10
2.4596e+07,438353,2.26885e+06,-1.41991e+11,-4.83541e+10
2.46023e+07,438171,2.26995e+06,-1.41869e+11,-4.87093e+10
2.46086e+07,437987,2.27105e+06,-1.41747e+11,-4.90642e+10
2.46149e+07,437802,2.27214e+06,-1.41624e+11,-4.94188e+10
2.46212e+07,437616,2.27324e+06,-1.415e+11,-4.97731e+10
2.46276e+07,437428,2.27433e+06,-1.41375e+11,-5.01271e+10
2.46339e+07,437239,2.27543e+06,-1.41249e+11,-5.04807e+10
2.46402e+07,437049,2.27652e+06,-1.41122e+11,-5.08341e+10
2.46465e+07,436857,2.27762e+06,-1.40994e+11,-5.11871e+10
2.46528e+07,436664,2.27871e+06,-1.40866e+11,-5.15398e+10
2.46591e+07,436470,2.2798e+06,-1.40736e+11,-5.18922e+10
2.46654e+07,436274,2.28089e+06,-1.40606e+11,-5.22443e+10
2.46717e+07,436077,2.28198e+06,-1.40475e+11,-5.2596e+10
2.4678e+07,435879,2.28308e+06,-1.40343e+11,-5.29474e+10
2.46844e+07,435680,2.28417e+06,-1.4021e+11,-5.32985e+10
2.46907e+07,435479,2.28526e+06,-1.40076e+11,-5.36492e+10
2.4697e+07,435276,2.28635e+06,-1.39941e+11,-5.39996e+10
2.47033e+07,435073,2.28744e+06,-1.39806e+11,-5.43497e+10
2.47096e+07,434868,2.28852e+06,-1.39669e+11,-5.46994e+10
2.47159e+07,434662,2.28961e+06,-1.39532e+11,-5.50488e+10
2.47222e+07,434454,2.2907e+06,-1.39394e+11,-5.53978e+10
2.47285e+07,434245,2.29179e+06,-1.39255e+11,-5.57465e+10
2.47348e+07,434035,2.29287e+06,-1.39115e+11,-5.60948e+10
2.47412e+07,433824,2.29396e+06,-1.38974e+11,-5.64428e+10
2.47475e+07,433611,2.29504e+06,-1.38832e+11,-5.67904e+10
2.47538e+07,433397,2.29613e+06,-1.3869e+11,-5.71377e+10
2.47601e+07,433182,2.29721e+06,-1.38546e+11,-5.74846e+10
2.47664e+07,432965,2.2983e+06,-1.38402e+11,-5.78312e+10
2.47727e+07,432747,2.29938e+06,-1.38257e+11,-5.81774e+10
2.4779e+07,432528,2.30046e+06,-1.38111e+11,-5.85232e+10
2.47853e+07,432307,2.30155e+06,-1.37964e+11,-5.88687e+10
2.47917e+07,432086,2.30263e+06,-1.37816e+11,-5.92138e+10
2.4798e+07,431862,2.30371e+06,-1.37667e+11,-5.95585e+10
2.48043e+07,431638,2.30479e+06,-1.37518e+11,-5.99029e+10
2.48106e+07,431412,2.30587e+06,-1.37367e+11,-6.02469e+10
2.48169e+07,431185,2.30695e+06,-1.37216e+11,-6.05905e+10
2.48232e+07,430957,2.30803e+06,-1.37064e+11,-6.09337e+10
2.48295e+07,430727,2.30911e+06,-1.36911e+11,-6.12765e+10
2.48358e+07,430497,2.31018e+06,-1.36757e+11,-6.1619e+10
2.48421e+07,430264,2.31126e+06,-1.36603e+11,-6.1961e+10
2.48485e+07,430031,2.31234e+06,-1.36447e+11,-6.23027e+10
2.48548e+07,429796,2.31341e+06,-1.36291e+11,-6.2644e+10
2.48611e+07,429560,2.31449e+06,-1.36134e+11,-6.29849e+10
2.48674e+07,429323,2.31556e+06,-1.35976e+11,-6.33254e+10
2.48737e+07,429084,2.31664e+06,-1.35817e+11,-6.36655e+10
2.488e+07,428844,2.31771e+06,-1.35657e+11,-6.40052e+10
2.48863e+07,428603,2.31878e+06,-1.35496e+11,-6.43446e+10
2.48926e+07,428361,2.31986e+06,-1.35335e+11,-6.46835e+10
2.48989e+07,428117,2.32093e+06,-1.35173e+11,-6.5022e+10
2.49053e+07,427872,2.322e+06,-1.35009e+11,-6.536e+10
2.49116e+07,427626,2.32307e+06,-1.34845e+11,-6.56977e+10
2.49179e+07,427379,2.32414e+06,-1.34681e+11,-6.6035e+10
2.49242e+07,427130,2.32521e+06,-1.34515e+11,-6.63719e+10
2.49305e+07,426880,2.32628e+06,-1.34348e+11,-6.67083e+10
2.49368e+07,426629,2.32735e+06,-1.34181e+11,-6.70443e+10
2.49431e+07,426376,2.32841e+06,-1.34013e+11,-6.73799e+10
2.49494e+07,426122,2.32948e+06,-1.33844e+11,-6.77151e+10
2.49558e+07,425867,2.33055e+06,-1.33674e+11,-6.80499e+10
2.49621e+07,425611,2.33161e+06,-1.33503e+11,-6.83842e+10
2.49684e+07,425353,2.33268e+06,-1.33331e+11,-6.87181e+10
2.49747e+07,425094,2.33374e+06,-1.33159e+11,-6.90516e+10
2.4981e+07,424834,2.3348e+06,-1.32986e+11,-6.93846e+10
2.49873e+07,424573,2.33587e+06,-1.32812e+11,-6.97172e+10
2.49936e+07,424311,2.33693e+06,-1.32637e+11,-7.00494e+10
2.49999e+07,424047,2.33799e+06,-1.32461e+11,-7.03811e+10
2.50062e+07,423782,2.33905e+06,-1.32285e+11,-7.07124e+10
2.50126e+07,423515,2.34011e+06,-1.32107e+11,-7.10433e+10
2.50189e+07,423248,2.34117e+06,-1.31929e+11,-7.13737e+10
2.50252e+07,422979,2.34223e+06,-1.3175e+11,-7.17036e+10
2.50315e+07,422709,2.34329e+06,-1.3157e+11,-7.20331e+10
2.50378e+07,422438,2.34435e+06,-1.31389e+11,-7.23622e+10
2.50441e+07,422165,2.3454e+06,-1.31208e+11,-7.26908e+10
2.50504e+07,421891,2.34646e+06,-1.31025e+11,-7.30189e+10
2.50567e+07,421616,2.34751e+06,-1.30842e+11,-7.33466e+10
2.5063e+07,421340,2.34857e+06,-1.30658e+11,-7.36739e+10
2.50694e+07,421063,2.34962e+06,-1.30474e+11,-7.40006e+10
2.50757e+07,420784,2.35068e+06,-1.30288e+11,-7.43269e+10
2.5082e+07,420504,2.35173e+06,-1.30101e+11,-7.46528e+10
2.50883e+07,420223,2.35278e+06,-1.29914e+11,-7.49781e+10
2.50946e+07,419941,2.35383e+06,-1.29726e+11,-7.5303e+10
2.51009e+07,419657,2.35488e+06,-1.29537e+11,-7.56275e+10
2.51072e+07,419373,2.35593e+06,-1.29348e+11,-7.59514e+10
2.51135e+07,419087,2.35698e+06,-1.29157e+11,-7.62749e+10
2.51198e+07,418799,2.35803e+06,-1.28966e+11,-7.65979e+10
2.51262e+07,418511,2.35908e+06,-1.28774e+11,-7.69204e+10
2.51325e+07,418221,2.36013e+06,-1.28581e+11,-7.72425e+10
2.51388e+07,417931,2.36117e+06,-1.28387e+11,-7.7564e+10
2.51451e+07,417638,2.36222e+06,-1.28193e+11,-7.78851e+10
2.51514e+07,417345,2.36326e+06,-1.27997e+11,-7.82057e+10
2.51577e+07,417051,2.36431e+06,-1.27801e+11,-7.85258e+10
2.5164e+07,416755,2.36535e+06,-1.27604e+11,-7.88454e+10
2.51703e+07,416458,2.36639e+06,-1.27406e+11,-7.91645e+10
2.51767e+07,416160,2.36744e+06,-1.27208e+11,-7.94831e+10
2.5183e+07,415861,2.36848e+06,-1.27009e+11,-7.98012e+10
2.51893e+07,415561,2.36952e+06,-1.26808e+11,-8.01188e+10
2.51956e+07,415259,2.37056e+06,-1.26608e+11,-8.0436e+10
2.52019e+07,414956,2.3716e+06,-1.26406e+11,-8.07526e+10
2.52082e+07,414652,2.37263e+06,-1.26203e+11,-8.10687e+10
2.52145e+07,414347,2.37367e+06,-1.26e+11,-8.13843e+10
2.52208e+07,414041,2.37471e+06,-1.25796e+11,-8.16993e+10
2.52271e+07,413733,2.37574e+06,-1.25591e+11,-8.20139e+10
2.52335e+07,413424,2.37678e+06,-1.25385e+11,-8.2328e+10
2.52398e+07,413114,2.37781e+06,-1.25179e+11,-8.26415e+10
2.52461e+07,412803,2.37885e+06,-1.24972e+11,-8.29546e+10
2.52524e+07,412491,2.37988e+06,-1.24764e+11,-8.32671e+10
2.52587e+07,412178,2.38091e+06,-1.24555e+11,-8.3579e+10
2.5265e+07,411863,2.38194e+06,-1.24345e+11,-8.38905e+10
2.52713e+07,411547,2.38297e+06,-1.24135e+11,-8.42014e+10
2.52776e+07,411230,2.384e+06,-1.23924e+11,-8.45119e+10
2.52839e+07,410912,2.38503e+06,-1.23712e+11,-8.48217e+10
2.52903e+07,410593,2.38606e+06,-1.23499e+11,-8.51311e+10
2.52966e+07,410272,2.38709e+06,-1.23286e+11,-8.54399e+10
2.53029e+07,409951,2.38811e+06,-1.23072e+11,-8.57482e+10
2.53092e+07,409628,2.38914e+06,-1.22857e+11,-8.60559e+10
2.53155e+07,409304,2.39016e+06,-1.22641e+11,-8.63631e+10
2.53218e+07,408979,2.39119e+06,-1.22424e+11,-8.66698e+10
2.53281e+07,408653,2.39221e+06,-1.22207e+11,-8.69759e+10
2.53344e+07,408325,2.39323e+06,-1.21989e+11,-8.72815e+10
2.53408e+07,407997,2.39425e+06,-1.2177e+11,-8.75865e+10
2.53471e+07,407667,2.39527e+06,-1.21551e+11,-8.7891e+10
2.53534e+07,407336,2.39629e+06,-1.2133e+11,-8.81949e+10
2.53597e+07,407004,2.39731e+06,-1.21109e+11,-8.84983e+10
2.5366e+07,406671,2.39833e+06,-1.20887e+11,-8.88011e+10
2.53723e+07,406337,2.39935e+06,-1.20665e+11,-8.91034e+10
2.53786e+07,406002,2.40037e+06,-1.20441e+11,-8.94051e+10
2.53849e+07,405665,2.40138e+06,-1.20217e+11,-8.97062e+10
2.53912e+07,405328,2.4024e+06,-1.19992e+11,-9.00068e+10
2.53976e+07,404989,2.40341e+06,-1.19767e+11,-9.03069e+10
2.54039e+07,404649,2.40442e+06,-1.1954e+11,-9.06063e+10
2.54102e+07,404308,2.40544e+06,-1.19313e+11,-9.09052e+10
2.54165e+07,403966,2.40645e+06,-1.19085e+11,-9.12035e+10
2.54228e+07,403623,2.40746e+06,-1.18857e+11,-9.15013e+10
2.54291e+07,403278,2.40847e+06,-1.18627e+11,-9.17985e+10
2.54354e+07,402933,2.40948e+06,-1.18397e+11,-9.20951e+10
2.54417e+07,402586,2.41048e+06,-1.18166e+11,-9.23911e+10
2.5448e+07,402239,2.41149e+06,-1.17935e+11,-9.26865e+10
2.54544e+07,401890,2.4125e+06,-1.17702e+11,-9.29814e+10
2.54607e+07,401540,2.4135e+06,-1.17469e+11,-9.32757e+10
2.5467e+07,401189,2.41451e+06,-1.17235e+11,-9.35694e+10
2.54733e+07,400837,2.41551e+06,-1.17001e+11,-9.38625e+10
2.54796e+07,400484,2.41651e+06,-1.16766e+11,-9.4155e+10
2.54859e+07,400129,2.41752e+06,-1.1653e+11,-9.44469e+10
2.54922e+07,399774,2.41852e+06,-1.16293e+11,-9.47383e+10
2.54985e+07,399417,2.41952e+06,-1.16055e+11,-9.5029e+10
2.55049e+07,399060,2.42052e+06,-1.15817e+11,-9.53192e+10
2.55112e+07,398701,2.42151e+06,-1.15578e+11,-9.56087e+10
2.55175e+07,398341,2.42251e+06,-1.15339e+11,-9.58977e+10
2.55238e+07,397980,2.42351e+06,-1.15098e+11,-9.61861e+10
2.55301e+07,397618,2.4245e+06,-1.14857e+11,-9.64738e+10
2.55364e+07,397255,2.4255e+06,-1.14615e+11,-9.6761e+10
2.55427e+07,396891,2.42649e+06,-1.14373e+11,-9.70475e+10
2.5549e+07,396526,2.42748e+06,-1.14129e+11,-9.73334e+10
2.55553e+07,396160,2.42848e+06,-1.13886e+11,-9.76188e+10
2.55617e+07,395793,2.42947e+06,-1.13641e+11,-9.79035e+10
2.5568e+07,395424,2.43046e+06,-1.13395e+11,-9.81876e+10
2.55743e+07,395055,2.43145e+06,-1.13149e+11,-9.84711e+10
2.55806e+07,394684,2.43243e+06,-1.12903e+11,-9.87539e+10
2.55869e+07,394313,2.43342e+06,-1.12655e+11,-9.90362e+10
2.55932e+07,393940,2.43441e+06,-1.12407e+11,-9.93178e+10
2.55995e+07,393566,2.43539e+06,-1.12158e+11,-9.95988e+10
2.56058e+07,393192,2.43638e+06,-1.11908e+11,-9.98792e+10
2.56121e+07,392816,2.43736e+06,-1.11658e+11,-1.00159e+11
2.56185e+07,392439,2.43834e+06,-1.11407e+11,-1.00438e+11
2.56248e+07,392061,2.43933e+06,-1.11155e+11,-1.00717e+11
2.56311e+07,391682,2.44031e+06,-1.10903e+11,-1.00994e+11
2.56374e+07,391302,2.44129e+06,-1.1065e+11,-1.01272e+11
2.56437e+07,390921,2.44227e+06,-1.10396e+11,-1.01548e+11
2.565e+07,390539,2.44324e+06,-1.10141e+11,-1.01824e+11
2.56563e+07,390156,2.44422e+06,-1.09886e+11,-1.021e+11
2.56626e+07,389772,2.4452e+06,-1.0963e+11,-1.02374e+11
2.5669e+07,389387,2.44617e+06,-1.09374e+11,-1.02648e+11
2.56753e+07,389000,2.44715e+06,-1.09117e+11,-1.02922e+11
2.56816e+07,388613,2.44812e+06,-1.08859e+11,-1.03195e+11
2.56879e+07,388225,2.44909e+06,-1.086e+11,-1.03467e+11
2.56942e+07,387836,2.45006e+06,-1.08341e+11,-1.03738e+11
2.57005e+07,387445,2.45103e+06,-1.08081e+11,-1.04009e+11
2.57068e+07,387054,2.452e+06,-1.0782e+11,-1.04279e+11
2.57131e+07,386662,2.45297e+06,-1.07559e+11,-1.04549e+11
2.57194e+07,386269,2.45394e+06,-1.07297e+11,-1.04818e+11
2.57258e+07,385874,2.4549e+06,-1.07034e+11,-1.05086e+11
2.57321e+07,385479,2.45587e+06,-1.06771e+11,-1.05353e+11
2.57384e+07,385083,2.45683e+06,-1.06507e+11,-1.0562e+11
2.57447e+07,384685,2.4578e+06,-1.06242e+11,-1.05886e+11
2.5751e+07,384287,2.45876e+06,-1.05977e+11,-1.06152e+11
2.57573e+07,383887,2.45972e+06,-1.05711e+11,-1.06417e+11
2.57636e+07,383487,2.46068e+06,-1.05444e+11,-1.06681e+11
2.57699e+07,383086,2.46164e+06,-1.05177e+11,-1.06945e+11
2.57762e+07,382684,2.4626e+06,-1.04909e+11,-1.07208e+11
2.57826e+07,382280,2.46355e+06,-1.0464e+11,-1.0747e+11
2.57889e+07,381876,2.46451e+06,-1.04371e+11,-1.07731e+11
2.57952e+07,381471,2.46547e+06,-1.04101e+11,-1.07992e+11
2.58015e+07,381064,2.46642e+06,-1.0383e+11,-1.08252e+11
2.58078e+07,380657,2.46737e+06,-1.03559e+11,-1.08512e+11
2.58141e+07,380249,2.46832e+06,-1.03287e+11,-1.08771e+11
2.58204e+07,379840,2.46928e+06,-1.03015e+11,-1.09029e+11
2.58267e+07,379430,2.47023e+06,-1.02741e+11,-1.09286e+11
2.58331e+07,379019,2.47118e+06,-1.02468e+11,-1.09543e+11
2.58394e+07,378607,2.47212e+06,-1.02193e+11,-1.09799e+11
2.58457e+07,378194,2.47307e+06,-1.01918e+11,-1.10055e+11
2.5852e+07,377780,2.47402e+06,-1.01642e+11,-1.10309e+11
2.58583e+07,377365,2.47496e+06,-1.01366e+11,-1.10563e+11
2.58646e+07,376949,2.47591e+06,-1.01089e+11,-1.10817e+11
2.58709e+07,376532,2.47685e+06,-1.00811e+11,-1.11069e+11
2.58772e+07,376114,2.47779e+06,-1.00533e+11,-1.11321e+11
2.58835e+07,375695,2.47873e+06,-1.00254e+11,-1.11573e+11
2.58899e+07,375276,2.47967e+06,-9.99743e+10,-1.11823e+11
2.58962e+07,374855,2.48061e+06,-9.96941e+10,-1.12073e+11
2.59025e+07,374433,2.48155e+06,-9.94133e+10,-1.12322e+11
2.59088e+07,374011,2.48248e+06,-9.91319e+10,-1.12571e+11
2.59151e+07,373588,2.48342e+06,-9.88498e+10,-1.12818e+11
2.59214e+07,373163,2.48435e+06,-9.85672e+10,-1.13065e+11
2.59277e+07,372738,2.48529e+06,-9.82839e+10,-1.13312e+11
2.5934e+07,372312,2.48622e+06,-9.8e+10,-1.13557e+11
2.59403e+07,371885,2.48715e+06,-9.77155e+10,-1.13802e+11
2.59467e+07,371457,2.48808e+06,-9.74304e+10,-1.14046e+11
2.5953e+07,371028,2.48901e+06,-9.71446e+10,-1.1429e+11
2.59593e+07,370598,2.48994e+06,-9.68583e+10,-1.14533e+11
2.59656e+07,370167,2.49086e+06,-9.65713e+10,-1.14775e+11
2.59719e+07,369735,2.49179e+06,-9.62838e+10,-1.15016e+11
2.59782e+07,369303,2.49271e+06,-9.59956e+10,-1.15257e+11
2.59845e+07,368869,2.49364e+06,-9.57069e+10,-1.15497e+11
2.59908e+07,368435,2.49456e+06,-9.54175e+10,-1.15736e+11
2.59972e+07,367999,2.49548e+06,-9.51275e+10,-1.15974e+11
2.60035e+07,367563,2.4964e+06,-9.4837e+10,-1.16212e+11
2.60098e+07,367126,2.49732e+06,-9.45458e+10,-1.16449e+11
2.60161e+07,366688,2.49824e+06,-9.42541e+10,-1.16685e+11
2.60224e+07,366249,2.49916e+06,-9.39618e+10,-1.16921e+11
2.60287e+07,365810,2.50007e+06,-9.36689e+10,-1.17155e+11
2.6035e+07,365369,2.50099e+06,-9.33754e+10,-1.1739e+11
2.60413e+07,364927,2.5019e+06,-9.30813e+10,-1.17623e+11
2.60476e+07,364485,2.50282e+06,-9.27866e+10,-1.17855e+11
2.6054e+07,364042,2.50373e+06,-9.24913e+10,-1.18087e+11
2.60603e+07,363598,2.50464e+06,-9.21955e+10,-1.18318e+11
2.60666e+07,363153,2.50555e+06,-9.18991e+10,-1.18549e+11
2.60729e+07,362707,2.50646e+06,-9.16021e+10,-1.18778e+11
2.60792e+07,362260,2.50736e+06,-9.13046e+10,-1.19007e+11
2.60855e+07,361813,2.50827e+06,-9.10064e+10,-1.19235e+11
2.60918e+07,361364,2.50917e+06,-9.07077e+10,-1.19463e+11
2.60981e+07,360915,2.51008e+06,-9.04085e+10,-1.19689e+11
2.61044e+07,360465,2.51098e+06,-9.01086e+10,-1.19915e+11
2.61108e+07,360014,2.51188e+06,-8.98082e+10,-1.2014e+11
2.61171e+07,359562,2.51278e+06,-8.95073e+10,-1.20365e+11
2.61234e+07,359109,2.51368e+06,-8.92057e+10,-1.20588e+11
2.61297e+07,358656,2.51458e+06,-8.89037e+10,-1.20811e+11
2.6136e+07,358201,2.51548e+06,-8.8601e+10,-1.21033e+11
2.61423e+07,357746,2.51637e+06,-8.82978e+10,-1.21255e+11
2.61486e+07,357290,2.51727e+06,-8.79941e+10,-1.21475e+11
2.61549e+07,356833,2.51816e+06,-8.76898e+10,-1.21695e+11
2.61613e+07,356376,2.51905e+06,-8.73849e+10,-1.21914e+11
2.61676e+07,355917,2.51994e+06,-8.70795e+10,-1.22133e+11
2.61739e+07,355458,2.52084e+06,-8.67736e+10,-1.2235e+11
2.61802e+07,354998,2.52172e+06,-8.64671e+10,-1.22567e+11
2.61865e+07,354537,2.52261e+06,-8.61601e+10,-1.22783e+11
2.61928e+07,354075,2.5235e+06,-8.58525e+10,-1.22998e+11
2.61991e+07,353613,2.52438e+06,-8.55444e+10,-1.23213e+11
2.62054e+07,353149,2.52527e+06,-8.52358e+10,-1.23426e+11
2.62117e+07,352685,2.52615e+06,-8.49266e+10,-1.23639e+11
2.62181e+07,352220,2.52703e+06,-8.46169e+10,-1.23852e+11
2.62244e+07,351755,2.52791e+06,-8.43067e+10,-1.24063e+11
2.62307e+07,351288,2.52879e+06,-8.39959e+10,-1.24274e+11
2.6237e+07,350821,2.52967e+06,-8.36846e+10,-1.24483e+11
2.62433e+07,350353,2.53055e+06,-8.33728e+10,-1.24692e+11
2.62496e+07,349884,2.53143e+06,-8.30605e+10,-1.24901e+11
2.62559e+07,349414,2.5323e+06,-8.27476e+10,-1.25108e+11
2.62622e+07,348944,2.53318e+06,-8.24343e+10,-1.25315e+11
2.62685e+07,348472,2.53405e+06,-8.21204e+10,-1.25521e+11
2.62749e+07,348000,2.53492e+06,-8.1806e+10,-1.25726e+11
2.62812e+07,347528,2.53579e+06,-8.1491e+10,-1.2593e+11
2.62875e+07,347054,2.53666e+06,-8.11756e+10,-1.26134e+11
2.62938e+07,346580,2.53753e+06,-8.08597e+10,-1.26337e+11
2.63001e+07,346105,2.53839e+06,-8.05432e+10,-1.26539e+11
2.63064e+07,345629,2.53926e+06,-8.02263e+10,-1.2674e+11
2.63127e+07,345152,2.54012e+06,-7.99088e+10,-1.2694e+11
2.6319e+07,344675,2.54099e+06,-7.95909e+10,-1.2714e+11
2.63253e+07,344197,2.54185e+06,-7.92724e+10,-1.27338e+11
2.63317e+07,343718,2.54271e+06,-7.89535e+10,-1.27536e+11
2.6338e+07,343238,2.54357e+06,-7.86341e+10,-1.27734e+11
2.63443e+07,342758,2.54443e+06,-7.83141e+10,-1.2793e+11
2.63506e+07,342277,2.54529e+06,-7.79937e+10,-1.28126e+11
2.63569e+07,341795,2.54614e+06,-7.76728e+10,-1.2832e+11
2.63632e+07,341313,2.547e+06,-7.73514e+10,-1.28514e+11
2.63695e+07,340830,2.54785e+06,-7.70295e+10,-1.28708e+11
2.63758e+07,340346,2.5487e+06,-7.67072e+10,-1.289e+11
2.63822e+07,339861,2.54955e+06,-7.63843e+10,-1.29092e+11
2.63885e+07,339376,2.5504e+06,-7.6061e+10,-1.29282e+11
2.63948e+07,338890,2.55125e+06,-7.57372e+10,-1.29472e+11
2.64011e+07,338403,2.5521e+06,-7.54129e+10,-1.29661e+11
2.64074e+07,337915,2.55295e+06,-7.50882e+10,-1.2985e+11
2.64137e+07,337427,2.55379e+06,-7.4763e+10,-1.30037e+11
2.642e+07,336938,2.55464e+06,-7.44373e+10,-1.30224e+11
2.64263e+07,336448,2.55548e+06,-7.41111e+10,-1.3041e+11
2.64326e+07,335958,2.55632e+06,-7.37845e+10,-1.30595e+11
2.6439e+07,335467,2.55716e+06,-7.34574e+10,-1.30779e+11
2.64453e+07,334975,2.558e+06,-7.31299e+10,-1.30963e+11
2.64516e+07,334483,2.55884e+06,-7.28019e+10,-1.31145e+11
2.64579e+07,333990,2.55967e+06,-7.24735e+10,-1.31327e+11
2.64642e+07,333496,2.56051e+06,-7.21446e+10,-1.31508e+11
2.64705e+07,333002,2.56134e+06,-7.18152e+10,-1.31688e+11
2.64768e+07,332506,2.56217e+06,-7.14854e+10,-1.31867e+11
2.64831e+07,332011,2.56301e+06,-7.11551e+10,-1.32046e+11
2.64894e+07,331514,2.56384e+06,-7.08244e+10,-1.32224e+11
2.64958e+07,331017,2.56467e+06,-7.04933e+10,-1.324e+11
2.65021e+07,330519,2.56549e+06,-7.01617e+10,-1.32576e+11
2.65084e+07,330021,2.56632e+06,-6.98297e+10,-1.32752e+11
2.65147e+07,329522,2.56715e+06,-6.94972e+10,-1.32926e+11
2.6521e+07,329022,2.56797e+06,-6.91643e+10,-1.331e+11
2.65273e+07,328522,2.56879e+06,-6.8831e+10,-1.33272e+11
2.65336e+07,328020,2.56961e+06,-6.84972e+10,-1.33444e+11
2.65399e+07,327519,2.57043e+06,-6.8163e+10,-1.33615e+11
2.65463e+07,327016,2.57125e+06,-6.78284e+10,-1.33785e+11
2.65526e+07,326513,2.57207e+06,-6.74934e+10,-1.33955e+11
2.65589e+07,326010,2.57289e+06,-6.71579e+10,-1.34123e+11
2.65652e+07,325506,2.5737e+06,-6.6822e+10,-1.34291e+11
2.65715e+07,325001,2.57452e+06,-6.64857e+10,-1.34458e+11
2.65778e+07,324495,2.57533e+06,-6.6149e+10,-1.34624e+11
2.65841e+07,323989,2.57614e+06,-6.58119e+10,-1.34789e+11
2.65904e+07,323482,2.57695e+06,-6.54743e+10,-1.34953e+11
2.65967e+07,322975,2.57776e+06,-6.51364e+10,-1.35116e+11
2.66031e+07,322467,2.57857e+06,-6.4798e+10,-1.35279e+11
2.66094e+07,321958,2.57937e+06,-6.44592e+10,-1.35441e+11
2.66157e+07,321449,2.58018e+06,-6.41201e+10,-1.35602e+11
2.6622e+07,320939,2.58098e+06,-6.37805e+10,-1.35762e+11
2.66283e+07,320429,2.58179e+06,-6.34405e+10,-1.35921e+11
2.66346e+07,319918,2.58259e+06,-6.31001e+10,-1.36079e+11
2.66409e+07,319406,2.58339e+06,-6.27594e+10,-1.36237e+11
2.66472e+07,318894,2.58419e+06,-6.24182e+10,-1.36393e+11
2.66535e+07,318382,2.58498e+06,-6.20766e+10,-1.36549e+11
2.66599e+07,317868,2.58578e+06,-6.17347e+10,-1.36704e+11
2.66662e+07,317354,2.58657e+06,-6.13924e+10,-1.36858e+11
2.66725e+07,316840,2.58737e+06,-6.10497e+10,-1.37011e+11
2.66788e+07,316325,2.58816e+06,-6.07066e+10,-1.37164e+11
2.66851e+07,315809,2.58895e+06,-6.03631e+10,-1.37315e+11
2.66914e+07,315293,2.58974e+06,-6.00192e+10,-1.37466e+11
2.66977e+07,314776,2.59053e+06,-5.9675e+10,-1.37616e+11
2.6704e+07,314259,2.59132e+06,-5.93304e+10,-1.37765e+11
2.67104e+07,313741,2.5921e+06,-5.89854e+10,-1.37913e+11
2.67167e+07,313222,2.59289e+06,-5.86401e+10,-1.3806e+11
2.6723e+07,312703,2.59367e+06,-5.82944e+10,-1.38206e+11
2.67293e+07,312184,2.59445e+06,-5.79483e+10,-1.38352e+11
2.67356e+07,311664,2.59523e+06,-5.76019e+10,-1.38496e+11
2.67419e+07,311143,2.59601e+06,-5.72551e+10,-1.3864e+11
2.67482e+07,310622,2.59679e+06,-5.69079e+10,-1.38783e+11
2.67545e+07,310100,2.59757e+06,-5.65604e+10,-1.38925e+11
2.67608e+07,309578,2.59834e+06,-5.62125e+10,-1.39066e+11
2.67672e+07,309055,2.59912e+06,-5.58643e+10,-1.39206e+11
2.67735e+07,308532,2.59989e+06,-5.55157e+10,-1.39346e+11
2.67798e+07,308008,2.60066e+06,-5.51668e+10,-1.39484e+11
2.67861e+07,307484,2.60143e+06,-5.48175e+10,-1.39622e+11
2.67924e+07,306959,2.6022e+06,-5.44679e+10,-1.39758e+11
2.67987e+07,306434,2.60297e+06,-5.4118e+10,-1.39894e+11
2.6805e+07,305908,2.60373e+06,-5.37677e+10,-1.40029e+11
2.68113e+07,305381,2.6045e+06,-5.34171e+10,-1.40163e+11
2.68176e+07,304854,2.60526e+06,-5.30661e+10,-1.40297e+11
2.6824e+07,304327,2.60602e+06,-5.27148e+10,-1.40429e+11
2.68303e+07,303799,2.60679e+06,-5.23632e+10,-1.40561e+11
2.68366e+07,303271,2.60755e+06,-5.20112e+10,-1.40691e+11
2.68429e+07,302742,2.6083e+06,-5.1659e+10,-1.40821e+11
2.68492e+07,302213,2.60906e+06,-5.13064e+10,-1.4095e+11
2.68555e+07,301683,2.60982e+06,-5.09534e+10,-1.41078e+11
2.68618e+07,301152,2.61057e+06,-5.06002e+10,-1.41205e+11
2.68681e+07,300622,2.61132e+06,-5.02466e+10,-1.41331e+11
2.68745e+07,300090,2.61208e+06,-4.98928e+10,-1.41456e+11
2.68808e+07,299559,2.61283e+06,-4.95386e+10,-1.41581e+11
2.68871e+07,299027,2.61357e+06,-4.91841e+10,-1.41704e+11
2.68934e+07,298494,2.61432e+06,-4.88293e+10,-1.41827e+11
2.68997e+07,297961,2.61507e+06,-4.84742e+10,-1.41949e+11
2.6906e+07,297427,2.61581e+06,-4.81188e+10,-1.42069e+11
2.69123e+07,296893,2.61656e+06,-4.77631e+10,-1.42189e+11
2.69186e+07,296359,2.6173e+06,-4.7407e+10,-1.42309e+11
2.69249e+07,295824,2.61804e+06,-4.70507e+10,-1.42427e+11
2.69313e+07,295288,2.61878e+06,-4.66941e+10,-1.42544e+11
2.69376e+07,294753,2.61952e+06,-4.63372e+10,-1.4266e+11
2.69439e+07,294216,2.62026e+06,-4.598e+10,-1.42776e+11
2.69502e+07,293680,2.62099e+06,-4.56226e+10,-1.42891e+11
2.69565e+07,293143,2.62173e+06,-4.52648e+10,-1.43004e+11
2.69628e+07,292605,2.62246e+06,-4.49068e+10,-1.43117e+11
2.69691e+07,292067,2.62319e+06,-4.45484e+10,-1.43229e+11
2.69754e+07,291529,2.62392e+06,-4.41898e+10,-1.4334e+11
2.69817e+07,290990,2.62465e+06,-4.3831e+10,-1.4345e+11
2.69881e+07,290451,2.62538e+06,-4.34718e+10,-1.4356e+11
2.69944e+07,289911,2.6261e+06,-4.31124e+10,-1.43668e+11
2.70007e+07,289371,2.62683e+06,-4.27527e+10,-1.43775e+11
2.7007e+07,288831,2.62755e+06,-4.23927e+10,-1.43882e+11
2.70133e+07,288290,2.62827e+06,-4.20325e+10,-1.43988e+11
2.70196e+07,287749,2.62899e+06,-4.1672e+10,-1.44092e+11
2.70259e+07,287207,2.62971e+06,-4.13112e+10,-1.44196e+11
2.70322e+07,286665,2.63043e+06,-4.09502e+10,-1.44299e+11
2.70386e+07,286123,2.63115e+06,-4.05889e+10,-1.44401e+11
2.70449e+07,285580,2.63186e+06,-4.02274e+10,-1.44502e+11
2.70512e+07,285037,2.63258e+06,-3.98656e+10,-1.44602e+11
2.70575e+07,284494,2.63329e+06,-3.95036e+10,-1.44702e+11
2.70638e+07,283950,2.634e+06,-3.91413e+10,-1.448e+11
2.70701e+07,283406,2.63471e+06,-3.87788e+10,-1.44898e+11
2.70764e+07,282861,2.63542e+06,-3.84161e+10,-1.44994e+11
2.70827e+07,282316,2.63613e+06,-3.8053e+10,-1.4509e+11
2.7089e+07,281771,2.63683e+06,-3.76898e+10,-1.45185e+11
2.70954e+07,281225,2.63754e+06,-3.73263e+10,-1.45279e+11
2.71017e+07,280679,2.63824e+06,-3.69626e+10,-1.45372e+11
2.7108e+07,280133,2.63894e+06,-3.65987e+10,-1.45464e+11
2.71143e+07,279586,2.63964e+06,-3.62345e+10,-1.45555e+11
2.71206e+07,279039,2.64034e+06,-3.58701e+10,-1.45645e+11
2.71269e+07,278491,2.64104e+06,-3.55055e+10,-1.45734e+11
2.71332e+07,277944,2.64174e+06,-3.51406e+10,-1.45823e+11
2.71395e+07,277396,2.64243e+06,-3.47756e+10,-1.4591e+11
2.71458e+07,276847,2.64313e+06,-3.44103e+10,-1.45997e+11
2.71522e+07,276299,2.64382e+06,-3.40448e+10,-1.46082e+11
2.71585e+07,275749,2.64451e+06,-3.36791e+10,-1.46167e+11
2.71648e+07,275200,2.6452e+06,-3.33131e+10,-1.46251e+11
2.71711e+07,274650,2.64589e+06,-3.2947e+10,-1.46334e+11
2.71774e+07,274101,2.64657e+06,-3.25807e+10,-1.46416e+11
2.71837e+07,273550,2.64726e+06,-3.22141e+10,-1.46497e+11
2.719e+07,273000,2.64794e+06,-3.18474e+10,-1.46577e+11
2.71963e+07,272449,2.64862e+06,-3.14804e+10,-1.46656e+11
2.72027e+07,271898,2.64931e+06,-3.11133e+10,-1.46735e+11
2.7209e+07,271346,2.64999e+06,-3.0746e+10,-1.46812e+11
2.72153e+07,270794,2.65066e+06,-3.03784e+10,-1.46889e+11
2.72216e+07,270242,2.65134e+06,-3.00107e+10,-1.46964e+11
2.72279e+07,269690,2.65202e+06,-2.96428e+10,-1.47039e+11
2.72342e+07,269137,2.65269e+06,-2.92747e+10,-1.47113e+11
2.72405e+07,268585,2.65336e+06,-2.89064e+10,-1.47185e+11
2.72468e+07,268031,2.65404e+06,-2.8538e+10,-1.47257e+11
2.72531e+07,267478,2.65471e+06,-2.81694e+10,-1.47328e+11
2.72595e+07,266924,2.65537e+06,-2.78005e+10,-1.47398e+11
2.72658e+07,266370,2.65604e+06,-2.74316e+10,-1.47467e+11
2.72721e+07,265816,2.65671e+06,-2.70624e+10,-1.47536e+11
2.72784e+07,265262,2.65737e+06,-2.66931e+10,-1.47603e+11
2.72847e+07,264707,2.65804e+06,-2.63236e+10,-1.47669e+11
2.7291e+07,264152,2.6587e+06,-2.59539e+10,-1.47735e+11
2.72973e+07,263597,2.65936e+06,-2.55841e+10,-1.47799e+11
2.73036e+07,263041,2.66002e+06,-2.52141e+10,-1.47863e+11
2.73099e+07,262486,2.66067e+06,-2.4844e+10,-1.47925e+11
2.73163e+07,261930,2.66133e+06,-2.44737e+10,-1.47987e+11
2.73226e+07,261374,2.66198e+06,-2.41032e+10,-1.48048e+11
2.73289e+07,260817,2.66264e+06,-2.37326e+10,-1.48108e+11
2.73352e+07,260261,2.66329e+06,-2.33619e+10,-1.48167e+11
2.73415e+07,259704,2.66394e+06,-2.2991e+10,-1.48225e+11
2.73478e+07,259147,2.66459e+06,-2.26199e+10,-1.48282e+11
2.73541e+07,258590,2.66524e+06,-2.22488e+10,-1.48338e+11
2.73604e+07,258032,2.66588e+06,-2.18774e+10,-1.48393e+11
2.73668e+07,257475,2.66653e+06,-2.1506e+10,-1.48447e+11
2.73731e+07,256917,2.66717e+06,-2.11344e+10,-1.48501e+11
2.73794e+07,256359,2.66782e+06,-2.07627e+10,-1.48553e+11
2.73857e+07,255800,2.66846e+06,-2.03908e+10,-1.48605e+11
2.7392e+07,255242,2.6691e+06,-2.00188e+10,-1.48655e+11
2.73983e+07,254683,2.66973e+06,-1.96467e+10,-1.48705e+11
2.74046e+07,254124,2.67037e+06,-1.92745e+10,-1.48754e+11
2.74109e+07,253565,2.67101e+06,-1.89021e+10,-1.48801e+11
2.74172e+07,253006,2.67164e+06,-1.85297e+10,-1.48848e+11
2.74236e+07,252447,2.67227e+06,-1.81571e+10,-1.48894e+11
2.74299e+07,251887,2.6729e+06,-1.77844e+10,-1.48939e+11
2.74362e+07,251328,2.67353e+06,-1.74116e+10,-1.48983e+11
2.74425e+07,250768,2.67416e+06,-1.70386e+10,-1.49026e+11
2.74488e+07,250208,2.67479e+06,-1.66656e+10,-1.49068e+11
2.74551e+07,249648,2.67541e+06,-1.62925e+10,-1.4911e+11
2.74614e+07,249087,2.67604e+06,-1.59193e+10,-1.4915e+11
2.74677e+07,248527,2.67666e+06,-1.55459e+10,-1.49189e+11
2.7474e+07,247966,2.67728e+06,-1.51725e+10,-1.49228e+11
2.74804e+07,247406,2.6779e+06,-1.4799e+10,-1.49265e+11
2.74867e+07,246845,2.67852e+06,-1.44253e+10,-1.49302e+11
2.7493e+07,246284,2.67914e+06,-1.40516e+10,-1.49337e+11
2.74993e+07,245722,2.67975e+06,-1.36778e+10,-1.49372e+11
2.75056e+07,245161,2.68037e+06,-1.3304e+10,-1.49406e+11
2.75119e+07,244600,2.68098e+06,-1.293e+10,-1.49439e+11
2.75182e+07,244038,2.68159e+06,-1.25559e+10,-1.49471e+11
2.75245e+07,243477,2.6822e+06,-1.21818e+10,-1.49502e+11
2.75309e+07,242915,2.68281e+06,-1.18076e+10,-1.49532e+11
2.75372e+07,242353,2.68342e+06,-1.14333e+10,-1.49561e+11
2.75435e+07,241791,2.68402e+06,-1.1059e+10,-1.49589e+11
2.75498e+07,241229,2.68463e+06,-1.06846e+10,-1.49616e+11
2.75561e+07,240667,2.68523e+06,-1.03101e+10,-1.49642e+11
2.75624e+07,240104,2.68583e+06,-9.93555e+09,-1.49668e+11
2.75687e+07,239542,2.68643e+06,-9.56094e+09,-1.49692e+11
2.7575e+07,238979,2.68703e+06,-9.18627e+09,-1.49716e+11
2.75813e+07,238417,2.68763e+06,-8.81155e+09,-1.49738e+11
2.75877e+07,237854,2.68823e+06,-8.43676e+09,-1.4976e+11
2.7594e+07,237292,2.68882e+06,-8.06193e+09,-1.4978e+11
2.76003e+07,236729,2.68941e+06,-7.68704e+09,-1.498e+11
2.76066e+07,236166,2.69e+06,-7.31211e+09,-1.49819e+11
2.76129e+07,235603,2.69059e+06,-6.93713e+09,-1.49837e+11
2.76192e+07,235040,2.69118e+06,-6.5621e+09,-1.49853e+11
2.76255e+07,234477,2.69177e+06,-6.18704e+09,-1.49869e+11
2.76318e+07,233914,2.69236e+06,-5.81194e+09,-1.49884e+11
2.76381e+07,233351,2.69294e+06,-5.4368e+09,-1.49899e+11
2.76445e+07,232787,2.69353e+06,-5.06162e+09,-1.49912e+11
2.76508e+07,232224,2.69411e+06,-4.68642e+09,-1.49924e+11
2.76571e+07,231661,2.69469e+06,-4.31118e+09,-1.49935e+11
2.76634e+07,231097,2.69527e+06,-3.93592e+09,-1.49945e+11
2.76697e+07,230534,2.69584e+06,-3.56064e+09,-1.49955e+11
2.7676e+07,229971,2.69642e+06,-3.18533e+09,-1.49963e+11
2.76823e+07,229407,2.697e+06,-2.81e+09,-1.49971e+11
2.76886e+07,228844,2.69757e+06,-2.43465e+09,-1.49977e+11
2.76949e+07,228280,2.69814e+06,-2.05929e+09,-1.49983e+11
2.77013e+07,227717,2.69871e+06,-1.68392e+09,-1.49988e+11
2.77076e+07,227153,2.69928e+06,-1.30853e+09,-1.49991e+11
2.77139e+07,226589,2.69985e+06,-9.33138e+08,-1.49994e+11
2.77202e+07,226026,2.70042e+06,-5.57738e+08,-1.49996e+11
2.77265e+07,225462,2.70098e+06,-1.82336e+08,-1.49997e+11
2.77328e+07,224899,2.70154e+06,1.93068e+08,-1.49997e+11
2.77391e+07,224335,2.70211e+06,5.6847e+08,-1.49996e+11
2.77454e+07,223772,2.70267e+06,9.43869e+08,-1.49994e+11
2.77518e+07,223208,2.70323e+06,1.31926e+09,-1.49991e+11
2.77581e+07,222644,2.70378e+06,1.69465e+09,-1.49988e+11
2.77644e+07,222081,2.70434e+06,2.07002e+09,-1.49983e+11
2.77707e+07,221517,2.7049e+06,2.44538e+09,-1.49977e+11
2.7777e+07,220954,2.70545e+06,2.82073e+09,-1.49971e+11
2.77833e+07,220390,2.706e+06,3.19606e+09,-1.49963e+11
2.77896e+07,219827,2.70655e+06,3.57136e+09,-1.49955e+11
2.77959e+07,219264,2.7071e+06,3.94665e+09,-1.49945e+11
2.78022e+07,218700,2.70765e+06,4.32191e+09,-1.49935e+11
2.78086e+07,218137,2.7082e+06,4.69714e+09,-1.49924e+11
2.78149e+07,217574,2.70874e+06,5.07235e+09,-1.49911e+11
2.78212e+07,217010,2.70929e+06,5.44752e+09,-1.49898e+11
2.78275e+07,216447,2.70983e+06,5.82266e+09,-1.49884e+11
2.78338e+07,215884,2.71037e+06,6.19776e+09,-1.49869e+11
2.78401e+07,215321,2.71091e+06,6.57283e+09,-1.49853e+11
2.78464e+07,214758,2.71145e+06,6.94785e+09,-1.49836e+11
2.78527e+07,214195,2.71198e+06,7.32283e+09,-1.49818e+11
2.7859e+07,213632,2.71252e+06,7.69776e+09,-1.49799e+11
2.78654e+07,213069,2.71305e+06,8.07264e+09,-1.4978e+11
2.78717e+07,212507,2.71359e+06,8.44748e+09,-1.49759e+11
2.7878e+07,211944,2.71412e+06,8.82226e+09,-1.49737e+11
2.78843e+07,211381,2.71465e+06,9.19699e+09,-1.49715e+11
2.78906e+07,210819,2.71517e+06,9.57165e+09,-1.49691e+11
2.78969e+07,210257,2.7157e+06,9.94626e+09,-1.49667e+11
2.79032e+07,209694,2.71623e+06,1.03208e+10,-1.49642e+11
2.79095e+07,209132,2.71675e+06,1.06953e+10,-1.49615e+11
2.79159e+07,208570,2.71727e+06,1.10697e+10,-1.49588e+11
2.79222e+07,208008,2.71779e+06,1.1444e+10,-1.4956e+11
2.79285e+07,207446,2.71831e+06,1.18183e+10,-1.49531e+11
2.79348e+07,206884,2.71883e+06,1.21925e+10,-1.49501e+11
2.79411e+07,206323,2.71935e+06,1.25666e+10,-1.4947e+11
2.79474e+07,205761,2.71987e+06,1.29407e+10,-1.49438e+11
2.79537e+07,205200,2.72038e+06,1.33147e+10,-1.49405e+11
2.796e+07,204639,2.72089e+06,1.36885e+10,-1.49371e+11
2.79663e+07,204077,2.7214e+06,1.40623e+10,-1.49337e+11
2.79727e+07,203516,2.72191e+06,1.4436e+10,-1.49301e+11
2.7979e+07,202955,2.72242e+06,1.48096e+10,-1.49264e+11
2.79853e+07,202395,2.72293e+06,1.51832e+10,-1.49227e+11
2.79916e+07,201834,2.72344e+06,1.55566e+10,-1.49188e+11
2.79979e+07,201274,2.72394e+06,1.59299e+10,-1.49149e+11
2.80042e+07,200713,2.72444e+06,1.63032e+10,-1.49109e+11
2.80105e+07,200153,2.72495e+06,1.66763e+10,-1.49067e+11
2.80168e+07,199593,2.72545e+06,1.70493e+10,-1.49025e+11
2.80231e+07,199033,2.72594e+06,1.74222e+10,-1.48982e+11
2.80295e+07,198474,2.72644e+06,1.7795e+10,-1.48938e+11
2.80358e+07,197914,2.72694e+06,1.81677e+10,-1.48893e+11
2.80421e+07,197355,2.72743e+06,1.85403e+10,-1.48847e+11
2.80484e+07,196796,2.72793e+06,1.89128e+10,-1.488e+11
2.80547e+07,196237,2.72842e+06,1.92851e+10,-1.48752e+11
2.8061e+07,195678,2.72891e+06,1.96574e+10,-1.48704e+11
2.80673e+07,195119,2.7294e+06,2.00295e+10,-1.48654e+11
2.80736e+07,194561,2.72988e+06,2.04014e+10,-1.48603e+11
2.808e+07,194002,2.73037e+06,2.07733e+10,-1.48552e+11
2.80863e+07,193444,2.73086e+06,2.1145e+10,-1.48499e+11
2.80926e+07,192887,2.73134e+06,2.15166e+10,-1.48446e+11
2.80989e+07,192329,2.73182e+06,2.18881e+10,-1.48392e+11
2.81052e+07,191771,2.7323e+06,2.22594e+10,-1.48336e+11
2.81115e+07,191214,2.73278e+06,2.26306e+10,-1.4828e+11
2.81178e+07,190657,2.73326e+06,2.30016e+10,-1.48223e+11
2.81241e+07,190100,2.73374e+06,2.33725e+10,-1.48165e+11
2.81304e+07,189544,2.73421e+06,2.37432e+10,-1.48106e+11
2.81368e+07,188987,2.73468e+06,2.41138e+10,-1.48046e+11
2.81431e+07,188431,2.73516e+06,2.44843e+10,-1.47985e+11
2.81494e+07,187875,2.73563e+06,2.48546e+10,-1.47924e+11
2.81557e+07,187320,2.7361e+06,2.52247e+10,-1.47861e+11
2.8162e+07,186764,2.73656e+06,2.55947e+10,-1.47797e+11
2.81683e+07,186209,2.73703e+06,2.59645e+10,-1.47733e+11
2.81746e+07,185654,2.7375e+06,2.63341e+10,-1.47667e+11
2.81809e+07,185100,2.73796e+06,2.67036e+10,-1.47601e+11
2.81872e+07,184545,2.73842e+06,2.7073e+10,-1.47534e+11
2.81936e+07,183991,2.73888e+06,2.74421e+10,-1.47466e+11
2.81999e+07,183437,2.73934e+06,2.78111e+10,-1.47396e+11
2.82062e+07,182883,2.7398e+06,2.81799e+10,-1.47326e+11
2.82125e+07,182330,2.74026e+06,2.85485e+10,-1.47255e+11
2.82188e+07,181777,2.74072e+06,2.8917e+10,-1.47183e+11
2.82251e+07,181224,2.74117e+06,2.92853e+10,-1.47111e+11
2.82314e+07,180671,2.74162e+06,2.96533e+10,-1.47037e+11
2.82377e+07,180119,2.74207e+06,3.00212e+10,-1.46962e+11
2.82441e+07,179567,2.74252e+06,3.0389e+10,-1.46887e+11
2.82504e+07,179015,2.74297e+06,3.07565e+10,-1.4681e+11
2.82567e+07,178464,2.74342e+06,3.11238e+10,-1.46733e+11
2.8263e+07,177913,2.74387e+06,3.14909e+10,-1.46654e+11
2.82693e+07,177362,2.74431e+06,3.18579e+10,-1.46575e+11
2.82756e+07,176811,2.74475e+06,3.22246e+10,-1.46495e+11
2.82819e+07,176261,2.7452e+06,3.25912e+10,-1.46414e+11
2.82882e+07,175711,2.74564e+06,3.29575e+10,-1.46332e+11
2.82945e+07,175161,2.74607e+06,3.33236e+10,-1.46249e+11
2.83009e+07,174612,2.74651e+06,3.36895e+10,-1.46165e+11
2.83072e+07,174063,2.74695e+06,3.40552e+10,-1.4608e+11
2.83135e+07,173514,2.74738e+06,3.44207e+10,-1.45994e+11
2.83198e+07,172966,2.74782e+06,3.4786e+10,-1.45908e+11
2.83261e+07,172418,2.74825e+06,3.51511e+10,-1.4582e+11
2.83324e+07,171870,2.74868e+06,3.55159e+10,-1.45732e+11
2.83387e+07,171323,2.74911e+06,3.58805e+10,-1.45643e+11
2.8345e+07,170776,2.74954e+06,3.62449e+10,-1.45552e+11
2.83513e+07,170229,2.74996e+06,3.66091e+10,-1.45461e+11
2.83577e+07,169683,2.75039e+06,3.6973e+10,-1.45369e+11
2.8364e+07,169136,2.75081e+06,3.73367e+10,-1.45276e+11
2.83703e+07,168591,2.75124e+06,3.77002e+10,-1.45182e+11
2.83766e+07,168046,2.75166e+06,3.80634e+10,-1.45087e+11
2.83829e+07,167501,2.75208e+06,3.84264e+10,-1.44992e+11
2.83892e+07,166956,2.7525e+06,3.87892e+10,-1.44895e+11
2.83955e+07,166412,2.75291e+06,3.91517e+10,-1.44798e+11
2.84018e+07,165868,2.75333e+06,3.9514e+10,-1.44699e+11
2.84082e+07,165324,2.75374e+06,3.9876e+10,-1.446e+11
2.84145e+07,164781,2.75416e+06,4.02378e+10,-1.44499e+11
2.84208e+07,164239,2.75457e+06,4.05993e+10,-1.44398e+11
2.84271e+07,163696,2.75498e+06,4.09606e+10,-1.44296e+11
2.84334e+07,163154,2.75539e+06,4.13216e+10,-1.44193e+11
2.84397e+07,162613,2.7558e+06,4.16823e+10,-1.44089e+11
2.8446e+07,162071,2.7562e+06,4.20428e+10,-1.43985e+11
2.84523e+07,161531,2.75661e+06,4.2403e+10,-1.43879e+11
2.84586e+07,160990,2.75701e+06,4.2763e+10,-1.43772e+11
2.8465e+07,160450,2.75741e+06,4.31227e+10,-1.43665e+11
2.84713e+07,159911,2.75781e+06,4.34821e+10,-1.43557e+11
2.84776e+07,159372,2.75821e+06,4.38412e+10,-1.43447e+11
2.84839e+07,158833,2.75861e+06,4.42001e+10,-1.43337e+11
2.84902e+07,158294,2.75901e+06,4.45587e+10,-1.43226e+11
2.84965e+07,157757,2.7594e+06,4.4917e+10,-1.43114e+11
2.85028e+07,157219,2.7598e+06,4.52751e+10,-1.43001e+11
2.85091e+07,156682,2.76019e+06,4.56328e+10,-1.42887e+11
2.85154e+07,156145,2.76058e+06,4.59903e+10,-1.42773e+11
2.85218e+07,155609,2.76097e+06,4.63475e+10,-1.42657e+11
2.85281e+07,155073,2.76136e+06,4.67044e+10,-1.42541e+11
2.85344e+07,154538,2.76175e+06,4.70609e+10,-1.42424e+11
2.85407e+07,154003,2.76213e+06,4.74173e+10,-1.42305e+11
2.8547e+07,153469,2.76252e+06,4.77733e+10,-1.42186e+11
2.85533e+07,152935,2.7629e+06,4.8129e+10,-1.42066e+11
2.85596e+07,152401,2.76328e+06,4.84844e+10,-1.41945e+11
2.85659e+07,151868,2.76367e+06,4.88395e+10,-1.41823e+11
2.85723e+07,151335,2.76404e+06,4.91943e+10,-1.41701e+11
2.85786e+07,150803,2.76442e+06,4.95487e+10,-1.41577e+11
2.85849e+07,150271,2.7648e+06,4.99029e+10,-1.41453e+11
2.85912e+07,149740,2.76517e+06,5.02568e+10,-1.41327e+11
2.85975e+07,149209,2.76555e+06,5.06103e+10,-1.41201e+11
2.86038e+07,148679,2.76592e+06,5.09636e+10,-1.41074e+11
2.86101e+07,148149,2.76629e+06,5.13165e+10,-1.40946e+11
2.86164e+07,147620,2.76666e+06,5.16691e+10,-1.40817e+11
2.86227e+07,147091,2.76703e+06,5.20213e+10,-1.40688e+11
2.86291e+07,146563,2.7674e+06,5.23733e+10,-1.40557e+11
2.86354e+07,146035,2.76777e+06,5.27249e+10,-1.40425e+11
2.86417e+07,145508,2.76813e+06,5.30762e+10,-1.40293e+11
2.8648e+07,144981,2.76849e+06,5.34271e+10,-1.4016e+11
2.86543e+07,144454,2.76886e+06,5.37777e+10,-1.40026e+11
2.86606e+07,143928,2.76922e+06,5.4128e+10,-1.39891e+11
2.86669e+07,143403,2.76958e+06,5.4478e+10,-1.39755e+11
2.86732e+07,142878,2.76993e+06,5.48276e+10,-1.39618e+11
2.86795e+07,142354,2.77029e+06,5.51768e+10,-1.3948e+11
2.86859e+07,141830,2.77065e+06,5.55257e+10,-1.39342e+11
2.86922e+07,141307,2.771e+06,5.58743e+10,-1.39202e+11
2.86985e+07,140784,2.77135e+06,5.62225e+10,-1.39062e+11
2.87048e+07,140262,2.77171e+06,5.65704e+10,-1.38921e+11
2.87111e+07,139740,2.77206e+06,5.69179e+10,-1.38779e+11
2.87174e+07,139219,2.77241e+06,5.7265e+10,-1.38636e+11
2.87237e+07,138698,2.77275e+06,5.76118e+10,-1.38492e+11
2.873e+07,138178,2.7731e+06,5.79582e+10,-1.38348e+11
2.87364e+07,137659,2.77345e+06,5.83043e+10,-1.38202e+11
2.87427e+07,137140,2.77379e+06,5.865e+10,-1.38056e+11
2.8749e+07,136621,2.77413e+06,5.89953e+10,-1.37909e+11
2.87553e+07,136103,2.77447e+06,5.93403e+10,-1.3776e+11
2.87616e+07,135586,2.77481e+06,5.96849e+10,-1.37612e+11
2.87679e+07,135069,2.77515e+06,6.00291e+10,-1.37462e+11
2.87742e+07,134553,2.77549e+06,6.0373e+10,-1.37311e+11
2.87805e+07,134038,2.77583e+06,6.07164e+10,-1.3716e+11
2.87868e+07,133523,2.77616e+06,6.10595e+10,-1.37007e+11
2.87932e+07,133008,2.77649e+06,6.14022e+10,-1.36854e+11
2.87995e+07,132494,2.77683e+06,6.17445e+10,-1.367e+11
2.88058e+07,131981,2.77716e+06,6.20865e+10,-1.36545e+11
2.88121e+07,131468,2.77749e+06,6.2428e+10,-1.36389e+11
2.88184e+07,130956,2.77781e+06,6.27692e+10,-1.36232e+11
2.88247e+07,130444,2.77814e+06,6.31099e+10,-1.36075e+11
2.8831e+07,129933,2.77847e+06,6.34503e+10,-1.35916e+11
2.88373e+07,129423,2.77879e+06,6.37902e+10,-1.35757e+11
2.88436e+07,128913,2.77912e+06,6.41298e+10,-1.35597e+11
2.885e+07,128404,2.77944e+06,6.4469e+10,-1.35436e+11
2.88563e+07,127895,2.77976e+06,6.48077e+10,-1.35275e+11
2.88626e+07,127388,2.78008e+06,6.51461e+10,-1.35112e+11
2.88689e+07,126880,2.7804e+06,6.5484e+10,-1.34948e+11
2.88752e+07,126373,2.78071e+06,6.58216e+10,-1.34784e+11
2.88815e+07,125867,2.78103e+06,6.61587e+10,-1.34619e+11
2.88878e+07,125362,2.78134e+06,6.64954e+10,-1.34453e+11
2.88941e+07,124857,2.78166e+06,6.68317e+10,-1.34286e+11
2.89005e+07,124353,2.78197e+06,6.71676e+10,-1.34118e+11
2.89068e+07,123849,2.78228e+06,6.7503e+10,-1.3395e+11
2.89131e+07,123346,2.78259e+06,6.7838e+10,-1.33781e+11
2.89194e+07,122844,2.7829e+06,6.81727e+10,-1.3361e+11
2.89257e+07,122342,2.7832e+06,6.85068e+10,-1.33439e+11
2.8932e+07,121841,2.78351e+06,6.88406e+10,-1.33267e+11
2.89383e+07,121341,2.78381e+06,6.91739e+10,-1.33095e+11
2.89446e+07,120841,2.78412e+06,6.95068e+10,-1.32921e+11
2.89509e+07,120342,2.78442e+06,6.98392e+10,-1.32747e+11
2.89573e+07,119843,2.78472e+06,7.01712e+10,-1.32572e+11
2.89636e+07,119346,2.78502e+06,7.05028e+10,-1.32396e+11
2.89699e+07,118849,2.78532e+06,7.0834e+10,-1.32219e+11
2.89762e+07,118352,2.78561e+06,7.11646e+10,-1.32041e+11
2.89825e+07,117856,2.78591e+06,7.14949e+10,-1.31863e+11
2.89888e+07,117361,2.7862e+06,7.18247e+10,-1.31683e+11
2.89951e+07,116867,2.78649e+06,7.2154e+10,-1.31503e+11
2.90014e+07,116373,2.78679e+06,7.24829e+10,-1.31322e+11
2.90077e+07,115880,2.78708e+06,7.28114e+10,-1.3114e+11
2.90141e+07,115388,2.78737e+06,7.31393e+10,-1.30958e+11
2.90204e+07,114896,2.78766e+06,7.34669e+10,-1.30774e+11
2.90267e+07,114405,2.78794e+06,7.37939e+10,-1.3059e+11
2.9033e+07,113915,2.78823e+06,7.41205e+10,-1.30405e+11
2.90393e+07,113425,2.78851e+06,7.44467e+10,-1.30219e+11
2.90456e+07,112936,2.7888e+06,7.47723e+10,-1.30032e+11
2.90519e+07,112448,2.78908e+06,7.50975e+10,-1.29845e+11
2.90582e+07,111960,2.78936e+06,7.54223e+10,-1.29656e+11
2.90645e+07,111474,2.78964e+06,7.57465e+10,-1.29467e+11
2.90709e+07,110987,2.78992e+06,7.60703e+10,-1.29277e+11
2.90772e+07,110502,2.79019e+06,7.63936e+10,-1.29086e+11
2.90835e+07,110017,2.79047e+06,7.67165e+10,-1.28895e+11
2.90898e+07,109533,2.79074e+06,7.70388e+10,-1.28702e+11
2.90961e+07,109050,2.79102e+06,7.73607e+10,-1.28509e+11
2.91024e+07,108568,2.79129e+06,7.76821e+10,-1.28315e+11
2.91087e+07,108086,2.79156e+06,7.8003e+10,-1.2812e+11
2.9115e+07,107605,2.79183e+06,7.83234e+10,-1.27925e+11
2.91214e+07,107125,2.7921e+06,7.86433e+10,-1.27728e+11
2.91277e+07,106645,2.79237e+06,7.89627e+10,-1.27531e+11
2.9134e+07,106166,2.79263e+06,7.92816e+10,-1.27333e+11
2.91403e+07,105688,2.7929e+06,7.96001e+10,-1.27134e+11
2.91466e+07,105211,2.79316e+06,7.9918e+10,-1.26935e+11
2.91529e+07,104735,2.79343e+06,8.02354e+10,-1.26734e+11
2.91592e+07,104259,2.79369e+06,8.05524e+10,-1.26533e+11
2.91655e+07,103784,2.79395e+06,8.08688e+10,-1.26331e+11
2.91718e+07,103309,2.79421e+06,8.11847e+10,-1.26128e+11
2.91782e+07,102836,2.79446e+06,8.15001e+10,-1.25925e+11
2.91845e+07,102363,2.79472e+06,8.1815e+10,-1.2572e+11
2.91908e+07,101891,2.79498e+06,8.21294e+10,-1.25515e+11
2.91971e+07,101420,2.79523e+06,8.24433e+10,-1.25309e+11
2.92034e+07,100950,2.79548e+06,8.27567e+10,-1.25102e+11
2.92097e+07,100480,2.79574e+06,8.30695e+10,-1.24895e+11
2.9216e+07,100011,2.79599e+06,8.33818e+10,-1.24687e+11
2.92223e+07,99542.9,2.79624e+06,8.36936e+10,-1.24478e+11
2.92286e+07,99075.6,2.79649e+06,8.40049e+10,-1.24268e+11
2.9235e+07,98609.1,2.79673e+06,8.43156e+10,-1.24057e+11
2.92413e+07,98143.4,2.79698e+06,8.46259e+10,-1.23846e+11
2.92476e+07,97678.5,2.79722e+06,8.49355e+10,-1.23634e+11
2.92539e+07,97214.3,2.79747e+06,8.52447e+10,-1.23421e+11
2.92602e+07,96751,2.79771e+06,8.55533e+10,-1.23207e+11
2.92665e+07,96288.5,2.79795e+06,8.58614e+10,-1.22992e+11
2.92728e+07,95826.8,2.79819e+06,8.6169e+10,-1.22777e+11
2.92791e+07,95365.9,2.79843e+06,8.6476e+10,-1.22561e+11
2.92855e+07,94905.8,2.79867e+06,8.67824e+10,-1.22344e+11
2.92918e+07,94446.5,2.79891e+06,8.70884e+10,-1.22127e+11
2.92981e+07,93988.1,2.79914e+06,8.73938e+10,-1.21908e+11
2.93044e+07,93530.4,2.79938e+06,8.76986e+10,-1.21689e+11
2.93107e+07,93073.6,2.79961e+06,8.80029e+10,-1.21469e+11
2.9317e+07,92617.6,2.79984e+06,8.83066e+10,-1.21249e+11
2.93233e+07,92162.5,2.80007e+06,8.86098e+10,-1.21027e+11
2.93296e+07,91708.2,2.8003e+06,8.89124e+10,-1.20805e+11
2.93359e+07,91254.7,2.80053e+06,8.92145e+10,-1.20582e+11
2.93423e+07,90802.1,2.80076e+06,8.9516e+10,-1.20359e+11
2.93486e+07,90350.3,2.80099e+06,8.98169e+10,-1.20134e+11
2.93549e+07,89899.3,2.80121e+06,9.01173e+10,-1.19909e+11
2.93612e+07,89449.2,2.80144e+06,9.04171e+10,-1.19683e+11
2.93675e+07,88999.9,2.80166e+06,9.07164e+10,-1.19457e+11
2.93738e+07,88551.5,2.80188e+06,9.10151e+10,-1.19229e+11
2.93801e+07,88104,2.8021e+06,9.13132e+10,-1.19001e+11
2.93864e+07,87657.3,2.80232e+06,9.16107e+10,-1.18772e+11
2.93927e+07,87211.5,2.80254e+06,9.19077e+10,-1.18542e+11
2.93991e+07,86766.5,2.80276e+06,9.22041e+10,-1.18312e+11
2.94054e+07,86322.4,2.80298e+06,9.24999e+10,-1.18081e+11
2.94117e+07,85879.2,2.80319e+06,9.27951e+10,-1.17849e+11
2.9418e+07,85436.8,2.80341e+06,9.30898e+10,-1.17616e+11
2.94243e+07,84995.4,2.80362e+06,9.33839e+10,-1.17383e+11
2.94306e+07,84554.8,2.80383e+06,9.36774e+10,-1.17149e+11
2.94369e+07,84115,2.80404e+06,9.39703e+10,-1.16914e+11
2.94432e+07,83676.2,2.80425e+06,9.42626e+10,-1.16679e+11
2.94496e+07,83238.2,2.80446e+06,9.45543e+10,-1.16442e+11
2.94559e+07,82801.2,2.80467e+06,9.48454e+10,-1.16205e+11
2.94622e+07,82365,2.80488e+06,9.5136e+10,-1.15968e+11
2.94685e+07,81929.7,2.80508e+06,9.54259e+10,-1.15729e+11
2.94748e+07,81495.4,2.80529e+06,9.57152e+10,-1.1549e+11
2.94811e+07,81061.9,2.80549e+06,9.6004e+10,-1.1525e+11
2.94874e+07,80629.3,2.80569e+06,9.62921e+10,-1.15009e+11
2.94937e+07,80197.6,2.80589e+06,9.65797e+10,-1.14768e+11
2.95e+07,79766.9,2.80609e+06,9.68666e+10,-1.14526e+11
2.95064e+07,79337,2.80629e+06,9.71529e+10,-1.14283e+11
2.95127e+07,78908.1,2.80649e+06,9.74386e+10,-1.1404e+11
2.9519e+07,78480.1,2.80669e+06,9.77238e+10,-1.13796e+11
2.95253e+07,78053,2.80688e+06,9.80083e+10,-1.13551e+11
2.95316e+07,77626.8,2.80708e+06,9.82921e+10,-1.13305e+11
2.95379e+07,77201.5,2.80727e+06,9.85754e+10,-1.13059e+11
2.95442e+07,76777.2,2.80747e+06,9.8858e+10,-1.12812e+11
2.95505e+07,76353.8,2.80766e+06,9.91401e+10,-1.12564e+11
2.95568e+07,75931.3,2.80785e+06,9.94215e+10,-1.12315e+11
2.95632e+07,75509.8,2.80804e+06,9.97023e+10,-1.12066e+11
2.95695e+07,75089.2,2.80823e+06,9.99824e+10,-1.11816e+11
2.95758e+07,74669.6,2.80841e+06,1.00262e+11,-1.11566e+11
2.95821e+07,74250.9,2.8086e+06,1.00541e+11,-1.11314e+11
2.95884e+07,73833.1,2.80878e+06,1.00819e+11,-1.11062e+11
2.95947e+07,73416.3,2.80897e+06,1.01097e+11,-1.1081e+11
2.9601e+07,73000.4,2.80915e+06,1.01374e+11,-1.10556e+11
2.96073e+07,72585.5,2.80933e+06,1.0165e+11,-1.10302e+11
2.96137e+07,72171.5,2.80952e+06,1.01926e+11,-1.10048e+11
2.962e+07,71758.5,2.8097e+06,1.02201e+11,-1.09792e+11
2.96263e+07,71346.5,2.80987e+06,1.02475e+11,-1.09536e+11
2.96326e+07,70935.4,2.81005e+06,1.02749e+11,-1.09279e+11
2.96389e+07,70525.3,2.81023e+06,1.03022e+11,-1.09022e+11
2.96452e+07,70116.2,2.81041e+06,1.03295e+11,-1.08764e+11
2.96515e+07,69708,2.81058e+06,1.03567e+11,-1.08505e+11
2.96578e+07,69300.8,2.81075e+06,1.03838e+11,-1.08245e+11
2.96641e+07,68894.6,2.81093e+06,1.04109e+11,-1.07985e+11
2.96705e+07,68489.3,2.8111e+06,1.04379e+11,-1.07724e+11
2.96768e+07,68085.1,2.81127e+06,1.04648e+11,-1.07463e+11
2.96831e+07,67681.8,2.81144e+06,1.04917e+11,-1.072e+11
2.96894e+07,67279.5,2.81161e+06,1.05185e+11,-1.06937e+11
2.96957e+07,66878.2,2.81178e+06,1.05452e+11,-1.06674e+11
2.9702e+07,66477.9,2.81194e+06,1.05719e+11,-1.0641e+11
2.97083e+07,66078.6,2.81211e+06,1.05984e+11,-1.06145e+11
2.97146e+07,65680.3,2.81227e+06,1.0625e+11,-1.05879e+11
2.97209e+07,65283,2.81244e+06,1.06514e+11,-1.05613e+11
2.97273e+07,64886.6,2.8126e+06,1.06778e+11,-1.05346e+11
2.97336e+07,64491.3,2.81276e+06,1.07042e+11,-1.05078e+11
2.97399e+07,64097,2.81292e+06,1.07304e+11,-1.0481e+11
2.97462e+07,63703.7,2.81308e+06,1.07566e+11,-1.04541e+11
2.97525e+07,63311.4,2.81324e+06,1.07828e+11,-1.04272e+11
2.97588e+07,62920.2,2.8134e+06,1.08088e+11,-1.04002e+11
2.97651e+07,62529.9,2.81356e+06,1.08348e+11,-1.03731e+11
2.97714e+07,62140.7,2.81371e+06,1.08608e+11,-1.03459e+11
2.97778e+07,61752.5,2.81387e+06,1.08866e+11,-1.03187e+11
2.97841e+07,61365.3,2.81402e+06,1.09124e+11,-1.02914e+11
2.97904e+07,60979.1,2.81418e+06,1.09381e+11,-1.02641e+11
2.97967e+07,60594,2.81433e+06,1.09638e+11,-1.02367e+11
2.9803e+07,60209.9,2.81448e+06,1.09894e+11,-1.02092e+11
2.98093e+07,59826.8,2.81463e+06,1.10149e+11,-1.01817e+11
2.98156e+07,59444.8,2.81478e+06,1.10403e+11,-1.01541e+11
2.98219e+07,59063.8,2.81493e+06,1.10657e+11,-1.01264e+11
2.98282e+07,58683.8,2.81507e+06,1.1091e+11,-1.00987e+11
2.98346e+07,58304.9,2.81522e+06,1.11163e+11,-1.00709e+11
2.98409e+07,57927,2.81537e+06,1.11414e+11,-1.0043e+11
2.98472e+07,57550.2,2.81551e+06,1.11665e+11,-1.00151e+11
2.98535e+07,57174.4,2.81565e+06,1.11916e+11,-9.98716e+10
2.98598e+07,56799.7,2.8158e+06,1.12165e+11,-9.95912e+10
2.98661e+07,56426,2.81594e+06,1.12414e+11,-9.93101e+10
2.98724e+07,56053.4,2.81608e+06,1.12662e+11,-9.90285e+10
2.98787e+07,55681.9,2.81622e+06,1.1291e+11,-9.87462e+10
2.9885e+07,55311.4,2.81636e+06,1.13157e+11,-9.84633e+10
2.98914e+07,54942,2.8165e+06,1.13403e+11,-9.81798e+10
2.98977e+07,54573.6,2.81663e+06,1.13648e+11,-9.78957e+10
2.9904e+07,54206.3,2.81677e+06,1.13893e+11,-9.7611e+10
2.99103e+07,53840.1,2.8169e+06,1.14137e+11,-9.73256e+10
2.99166e+07,53475,2.81704e+06,1.1438e+11,-9.70397e+10
2.99229e+07,53110.9,2.81717e+06,1.14622e+11,-9.67531e+10
2.99292e+07,52747.9,2.8173e+06,1.14864e+11,-9.64659e+10
2.99355e+07,52386,2.81744e+06,1.15105e+11,-9.61782e+10
2.99419e+07,52025.2,2.81757e+06,1.15346e+11,-9.58898e+10
2.99482e+07,51665.4,2.8177e+06,1.15585e+11,-9.56008e+10
2.99545e+07,51306.8,2.81783e+06,1.15824e+11,-9.53112e+10
2.99608e+07,50949.2,2.81795e+06,1.16062e+11,-9.50211e+10
2.99671e+07,50592.7,2.81808e+06,1.163e+11,-9.47303e+10
2.99734e+07,50237.3,2.81821e+06,1.16536e+11,-9.4439e+10
2.99797e+07,49883.1,2.81833e+06,1.16772e+11,-9.4147e+10
2.9986e+07,49529.9,2.81846e+06,1.17008e+11,-9.38545e+10
2.99923e+07,49177.8,2.81858e+06,1.17242e+11,-9.35613e+10
2.99987e+07,48826.8,2.8187e+06,1.17476e+11,-9.32676e+10
3.0005e+07,48476.9,2.81882e+06,1.17709e+11,-9.29733e+10
3.00113e+07,48128.1,2.81895e+06,1.17941e+11,-9.26784e+10
3.00176e+07,47780.5,2.81907e+06,1.18173e+11,-9.2383e+10
3.00239e+07,47433.9,2.81918e+06,1.18404e+11,-9.20869e+10
3.00302e+07,47088.5,2.8193e+06,1.18634e+11,-9.17903e+10
3.00365e+07,46744.1,2.81942e+06,1.18863e+11,-9.14931e+10
3.00428e+07,46400.9,2.81954e+06,1.19092e+11,-9.11954e+10
3.00491e+07,46058.8,2.81965e+06,1.1932e+11,-9.0897e+10
3.00555e+07,45717.9,2.81977e+06,1.19547e+11,-9.05981e+10
3.00618e+07,45378,2.81988e+06,1.19773e+11,-9.02987e+10
3.00681e+07,45039.3,2.81999e+06,1.19999e+11,-8.99986e+10
3.00744e+07,44701.7,2.82011e+06,1.20224e+11,-8.9698e+10
3.00807e+07,44365.3,2.82022e+06,1.20448e+11,-8.93968e+10
3.0087e+07,44030,2.82033e+06,1.20671e+11,-8.90951e+10
3.00933e+07,43695.8,2.82044e+06,1.20894e+11,-8.87928e+10
3.00996e+07,43362.7,2.82055e+06,1.21116e+11,-8.849e+10
3.0106e+07,43030.8,2.82066e+06,1.21337e+11,-8.81866e+10
3.01123e+07,42700,2.82076e+06,1.21557e+11,-8.78827e+10
3.01186e+07,42370.4,2.82087e+06,1.21777e+11,-8.75782e+10
3.01249e+07,42041.9,2.82097e+06,1.21996e+11,-8.72731e+10
3.01312e+07,41714.6,2.82108e+06,1.22214e+11,-8.69675e+10
3.01375e+07,41388.4,2.82118e+06,1.22431e+11,-8.66614e+10
3.01438e+07,41063.3,2.82129e+06,1.22647e+11,-8.63547e+10
3.01501e+07,40739.5,2.82139e+06,1.22863e+11,-8.60475e+10
3.01564e+07,40416.7,2.82149e+06,1.23078e+11,-8.57398e+10
3.01628e+07,40095.2,2.82159e+06,1.23292e+11,-8.54315e+10
3.01691e+07,39774.8,2.82169e+06,1.23506e+11,-8.51226e+10
3.01754e+07,39455.5,2.82179e+06,1.23718e+11,-8.48133e+10
3.01817e+07,39137.4,2.82189e+06,1.2393e+11,-8.45034e+10
3.0188e+07,38820.5,2.82199e+06,1.24141e+11,-8.41929e+10
3.01943e+07,38504.7,2.82208e+06,1.24352e+11,-8.3882e+10
3.02006e+07,38190.1,2.82218e+06,1.24561e+11,-8.35705e+10
3.02069e+07,37876.7,2.82227e+06,1.2477e+11,-8.32585e+10
3.02132e+07,37564.5,2.82237e+06,1.24978e+11,-8.2946e+10
3.02196e+07,37253.4,2.82246e+06,1.25185e+11,-8.2633e+10
3.02259e+07,36943.5,2.82256e+06,1.25392e+11,-8.23194e+10
3.02322e+07,36634.8,2.82265e+06,1.25597e+11,-8.20053e+10
3.02385e+07,36327.3,2.82274e+06,1.25802e+11,-8.16907e+10
3.02448e+07,36021,2.82283e+06,1.26006e+11,-8.13756e+10
3.02511e+07,35715.8,2.82292e+06,1.26209e+11,-8.106e+10
3.02574e+07,35411.8,2.82301e+06,1.26412e+11,-8.07439e+10
3.02637e+07,35109,2.8231e+06,1.26614e+11,-8.04273e+10
3.027e+07,34807.4,2.82318e+06,1.26814e+11,-8.01102e+10
3.02764e+07,34507,2.82327e+06,1.27015e+11,-7.97925e+10
3.02827e+07,34207.8,2.82336e+06,1.27214e+11,-7.94744e+10
3.0289e+07,33909.8,2.82344e+06,1.27412e+11,-7.91558e+10
3.02953e+07,33613,2.82353e+06,1.2761e+11,-7.88367e+10
3.03016e+07,33317.4,2.82361e+06,1.27807e+11,-7.8517e+10
3.03079e+07,33023,2.82369e+06,1.28003e+11,-7.81969e+10
3.03142e+07,32729.8,2.82378e+06,1.28198e+11,-7.78763e+10
3.03205e+07,32437.8,2.82386e+06,1.28393e+11,-7.75553e+10
3.03269e+07,32147,2.82394e+06,1.28587e+11,-7.72337e+10
3.03332e+07,31857.4,2.82402e+06,1.2878e+11,-7.69116e+10
3.03395e+07,31569,2.8241e+06,1.28972e+11,-7.65891e+10
3.03458e+07,31281.8,2.82418e+06,1.29163e+11,-7.62661e+10
3.03521e+07,30995.9,2.82425e+06,1.29353e+11,-7.59426e+10
3.03584e+07,30711.2,2.82433e+06,1.29543e+11,-7.56186e+10
3.03647e+07,30427.6,2.82441e+06,1.29732e+11,-7.52942e+10
3.0371e+07,30145.3,2.82448e+06,1.2992e+11,-7.49693e+10
3.03773e+07,29864.3,2.82456e+06,1.30107e+11,-7.46439e+10
3.03837e+07,29584.4,2.82463e+06,1.30294e+11,-7.4318e+10
3.039e+07,29305.8,2.82471e+06,1.30479e+11,-7.39917e+10
3.03963e+07,29028.4,2.82478e+06,1.30664e+11,-7.36649e+10
3.04026e+07,28752.2,2.82485e+06,1.30848e+11,-7.33377e+10
3.04089e+07,28477.3,2.82492e+06,1.31031e+11,-7.301e+10
3.04152e+07,28203.6,2.82499e+06,1.31213e+11,-7.26818e+10
3.04215e+07,27931.1,2.82506e+06,1.31395e+11,-7.23532e+10
3.04278e+07,27659.9,2.82513e+06,1.31576e+11,-7.20241e+10
3.04341e+07,27389.9,2.8252e+06,1.31755e+11,-7.16946e+10
3.04405e+07,27121.1,2.82527e+06,1.31934e+11,-7.13647e+10
3.04468e+07,26853.6,2.82534e+06,1.32113e+11,-7.10342e+10
3.04531e+07,26587.3,2.82541e+06,1.3229e+11,-7.07034e+10
3.04594e+07,26322.3,2.82547e+06,1.32466e+11,-7.03721e+10
3.04657e+07,26058.5,2.82554e+06,1.32642e+11,-7.00403e+10
3.0472e+07,25796,2.8256e+06,1.32817e+11,-6.97082e+10
3.04783e+07,25534.7,2.82567e+06,1.32991e+11,-6.93755e+10
3.04846e+07,25274.6,2.82573e+06,1.33164e+11,-6.90425e+10
3.0491e+07,25015.8,2.82579e+06,1.33337e+11,-6.8709e+10
3.04973e+07,24758.3,2.82586e+06,1.33508e+11,-6.83751e+10
3.05036e+07,24502,2.82592e+06,1.33679e+11,-6.80407e+10
3.05099e+07,24247,2.82598e+06,1.33849e+11,-6.7706e+10
3.05162e+07,23993.2,2.82604e+06,1.34018e+11,-6.73708e+10
3.05225e+07,23740.7,2.8261e+06,1.34186e+11,-6.70352e+10
3.05288e+07,23489.5,2.82616e+06,1.34353e+11,-6.66991e+10
3.05351e+07,23239.5,2.82622e+06,1.3452e+11,-6.63627e+10
3.05414e+07,22990.8,2.82627e+06,1.34686e+11,-6.60258e+10
3.05478e+07,22743.3,2.82633e+06,1.3485e+11,-6.56885e+10
3.05541e+07,22497.2,2.82639e+06,1.35014e+11,-6.53508e+10
3.05604e+07,22252.3,2.82644e+06,1.35178e+11,-6.50127e+10
3.05667e+07,22008.6,2.8265e+06,1.3534e+11,-6.46742e+10
3.0573e+07,21766.2,2.82655e+06,1.35501e+11,-6.43353e+10
3.05793e+07,21525.2,2.82661e+06,1.35662e+11,-6.3996e+10
3.05856e+07,21285.3,2.82666e+06,1.35822e+11,-6.36563e+10
3.05919e+07,21046.8,2.82671e+06,1.35981e+11,-6.33161e+10
3.05982e+07,20809.5,2.82677e+06,1.36139e+11,-6.29756e+10
3.06046e+07,20573.6,2.82682e+06,1.36296e+11,-6.26347e+10
3.06109e+07,20338.9,2.82687e+06,1.36452e+11,-6.22934e+10
3.06172e+07,20105.4,2.82692e+06,1.36608e+11,-6.19517e+10
3.06235e+07,19873.3,2.82697e+06,1.36762e+11,-6.16096e+10
3.06298e+07,19642.5,2.82702e+06,1.36916e+11,-6.12672e+10
3.06361e+07,19412.9,2.82707e+06,1.37069e+11,-6.09243e+10
3.06424e+07,19184.6,2.82712e+06,1.37221e+11,-6.05811e+10
3.06487e+07,18957.7,2.82716e+06,1.37372e+11,-6.02375e+10
3.06551e+07,18732,2.82721e+06,1.37522e+11,-5.98935e+10
3.06614e+07,18507.6,2.82726e+06,1.37672e+11,-5.95491e+10
3.06677e+07,18284.5,2.8273e+06,1.37821e+11,-5.92044e+10
3.0674e+07,18062.7,2.82735e+06,1.37968e+11,-5.88593e+10
3.06803e+07,17842.2,2.82739e+06,1.38115e+11,-5.85138e+10
3.06866e+07,17623,2.82744e+06,1.38261e+11,-5.8168e+10
3.06929e+07,17405,2.82748e+06,1.38406e+11,-5.78218e+10
3.06992e+07,17188.4,2.82753e+06,1.38551e+11,-5.74752e+10
3.07055e+07,16973.1,2.82757e+06,1.38694e+11,-5.71283e+10
3.07119e+07,16759.1,2.82761e+06,1.38837e+11,-5.6781e+10
3.07182e+07,16546.4,2.82765e+06,1.38978e+11,-5.64333e+10
3.07245e+07,16335.1,2.82769e+06,1.39119e+11,-5.60853e+10
3.07308e+07,16125,2.82773e+06,1.39259e+11,-5.5737e+10
3.07371e+07,15916.2,2.82777e+06,1.39398e+11,-5.53883e+10
3.07434e+07,15708.7,2.82781e+06,1.39536e+11,-5.50392e+10
3.07497e+07,15502.6,2.82785e+06,1.39674e+11,-5.46898e+10
3.0756e+07,15297.8,2.82789e+06,1.3981e+11,-5.43401e+10
3.07623e+07,15094.2,2.82793e+06,1.39946e+11,-5.399e+10
3.07687e+07,14892,2.82797e+06,1.4008e+11,-5.36396e+10
3.0775e+07,14691.2,2.828e+06,1.40214e+11,-5.32889e+10
3.07813e+07,14491.6,2.82804e+06,1.40347e+11,-5.29378e+10
3.07876e+07,14293.3,2.82808e+06,1.40479e+11,-5.25864e+10
3.07939e+07,14096.4,2.82811e+06,1.4061e+11,-5.22347e+10
3.08002e+07,13900.8,2.82815e+06,1.40741e+11,-5.18826e+10
3.08065e+07,13706.5,2.82818e+06,1.4087e+11,-5.15302e+10
3.08128e+07,13513.6,2.82822e+06,1.40998e+11,-5.11775e+10
3.08192e+07,13321.9,2.82825e+06,1.41126e+11,-5.08245e+10
3.08255e+07,13131.6,2.82828e+06,1.41253e+11,-5.04711e+10
3.08318e+07,12942.7,2.82832e+06,1.41379e+11,-5.01174e+10
3.08381e+07,12755,2.82835e+06,1.41504e+11,-4.97634e+10
3.08444e+07,12568.7,2.82838e+06,1.41628e+11,-4.94091e+10
3.08507e+07,12383.7,2.82841e+06,1.41751e+11,-4.90545e+10
3.0857e+07,12200.1,2.82844e+06,1.41873e+11,-4.86996e+10
3.08633e+07,12017.7,2.82847e+06,1.41995e+11,-4.83444e+10
3.08696e+07,11836.8,2.8285e+06,1.42115e+11,-4.79889e+10
3.0876e+07,11657.1,2.82853e+06,1.42235e+11,-4.76331e+10
3.08823e+07,11478.8,2.82856e+06,1.42354e+11,-4.7277e+10
3.08886e+07,11301.8,2.82859e+06,1.42472e+11,-4.69205e+10
3.08949e+07,11126.2,2.82862e+06,1.42589e+11,-4.65638e+10
3.09012e+07,10951.9,2.82864e+06,1.42705e+11,-4.62068e+10
3.09075e+07,10779,2.82867e+06,1.4282e+11,-4.58495e+10
3.09138e+07,10607.4,2.8287e+06,1.42934e+11,-4.5492e+10
3.09201e+07,10437.1,2.82872e+06,1.43048e+11,-4.51341e+10
3.09264e+07,10268.2,2.82875e+06,1.4316e+11,-4.47759e+10
3.09328e+07,10100.6,2.82878e+06,1.43272e+11,-4.44175e+10
3.09391e+07,9934.41,2.8288e+06,1.43383e+11,-4.40588e+10
3.09454e+07,9769.53,2.82883e+06,1.43492e+11,-4.36998e+10
3.09517e+07,9606.01,2.82885e+06,1.43601e+11,-4.33406e+10
3.0958e+07,9443.84,2.82887e+06,1.43709e+11,-4.29811e+10
3.09643e+07,9283.01,2.8289e+06,1.43817e+11,-4.26213e+10
3.09706e+07,9123.54,2.82892e+06,1.43923e+11,-4.22612e+10
3.09769e+07,8965.43,2.82894e+06,1.44028e+11,-4.19009e+10
3.09833e+07,8808.66,2.82896e+06,1.44132e+11,-4.15403e+10
3.09896e+07,8653.26,2.82899e+06,1.44236e+11,-4.11794e+10
3.09959e+07,8499.21,2.82901e+06,1.44339e+11,-4.08183e+10
3.10022e+07,8346.51,2.82903e+06,1.4444e+11,-4.0457e+10
3.10085e+07,8195.18,2.82905e+06,1.44541e+11,-4.00954e+10
3.10148e+07,8045.2,2.82907e+06,1.44641e+11,-3.97335e+10
3.10211e+07,7896.58,2.82909e+06,1.4474e+11,-3.93714e+10
3.10274e+07,7749.33,2.82911e+06,1.44838e+11,-3.9009e+10
3.10337e+07,7603.44,2.82913e+06,1.44935e+11,-3.86464e+10
3.10401e+07,7458.9,2.82915e+06,1.45032e+11,-3.82836e+10
3.10464e+07,7315.74,2.82917e+06,1.45127e+11,-3.79205e+10
3.10527e+07,7173.94,2.82918e+06,1.45221e+11,-3.75571e+10
3.1059e+07,7033.5,2.8292e+06,1.45315e+11,-3.71936e+10
3.10653e+07,6894.43,2.82922e+06,1.45408e+11,-3.68298e+10
3.10716e+07,6756.73,2.82924e+06,1.45499e+11,-3.64658e+10
3.10779e+07,6620.39,2.82925e+06,1.4559e+11,-3.61015e+10
3.10842e+07,6485.42,2.82927e+06,1.4568e+11,-3.5737e+10
3.10905e+07,6351.83,2.82929e+06,1.45769e+11,-3.53723e+10
3.10969e+07,6219.6,2.8293e+06,1.45857e+11,-3.50074e+10
3.11032e+07,6088.75,2.82932e+06,1.45944e+11,-3.46422e+10
3.11095e+07,5959.27,2.82933e+06,1.4603e+11,-3.42769e+10
3.11158e+07,5831.16,2.82935e+06,1.46116e+11,-3.39113e+10
3.11221e+07,5704.42,2.82936e+06,1.462e+11,-3.35455e+10
3.11284e+07,5579.06,2.82938e+06,1.46284e+11,-3.31795e+10
3.11347e+07,5455.08,2.82939e+06,1.46366e+11,-3.28133e+10
3.1141e+07,5332.47,2.8294e+06,1.46448e+11,-3.24469e+10
3.11474e+07,5211.24,2.82942e+06,1.46529e+11,-3.20803e+10
3.11537e+07,5091.39,2.82943e+06,1.46609e+11,-3.17135e+10
3.116e+07,4972.91,2.82944e+06,1.46687e+11,-3.13465e+10
3.11663e+07,4855.82,2.82945e+06,1.46765e+11,-3.09792e+10
3.11726e+07,4740.1,2.82947e+06,1.46843e+11,-3.06118e+10
3.11789e+07,4625.77,2.82948e+06,1.46919e+11,-3.02442e+10
3.11852e+07,4512.82,2.82949e+06,1.46994e+11,-2.98765e+10
3.11915e+07,4401.25,2.8295e+06,1.47068e+11,-2.95085e+10
3.11978e+07,4291.06,2.82951e+06,1.47142e+11,-2.91403e+10
3.12042e+07,4182.25,2.82952e+06,1.47214e+11,-2.8772e+10
3.12105e+07,4074.83,2.82953e+06,1.47286e+11,-2.84035e+10
3.12168e+07,3968.8,2.82954e+06,1.47356e+11,-2.80348e+10
3.12231e+07,3864.15,2.82955e+06,1.47426e+11,-2.76659e+10
3.12294e+07,3760.89,2.82956e+06,1.47495e+11,-2.72968e+10
3.12357e+07,3659.01,2.82957e+06,1.47563e+11,-2.69276e+10
3.1242e+07,3558.52,2.82958e+06,1.4763e+11,-2.65582e+10
3.12483e+07,3459.42,2.82959e+06,1.47696e+11,-2.61887e+10
3.12546e+07,3361.71,2.8296e+06,1.47761e+11,-2.5819e+10
3.1261e+07,3265.39,2.82961e+06,1.47825e+11,-2.54491e+10
3.12673e+07,3170.45,2.82961e+06,1.47888e+11,-2.5079e+10
3.12736e+07,3076.91,2.82962e+06,1.4795e+11,-2.47088e+10
3.12799e+07,2984.76,2.82963e+06,1.48012e+11,-2.43385e+10
3.12862e+07,2894,2.82964e+06,1.48072e+11,-2.3968e+10
3.12925e+07,2804.64,2.82964e+06,1.48132e+11,-2.35973e+10
3.12988e+07,2716.66,2.82965e+06,1.4819e+11,-2.32265e+10
3.13051e+07,2630.08,2.82966e+06,1.48248e+11,-2.28556e+10
3.13115e+07,2544.9,2.82966e+06,1.48305e+11,-2.24845e+10
3.13178e+07,2461.1,2.82967e+06,1.48361e+11,-2.21133e+10
3.13241e+07,2378.71,2.82968e+06,1.48416e+11,-2.17419e+10
3.13304e+07,2297.71,2.82968e+06,1.48469e+11,-2.13704e+10
3.13367e+07,2218.1,2.82969e+06,1.48523e+11,-2.09987e+10
3.1343e+07,2139.89,2.82969e+06,1.48575e+11,-2.0627e+10
3.13493e+07,2063.08,2.8297e+06,1.48626e+11,-2.02551e+10
3.13556e+07,1987.67,2.8297e+06,1.48676e+11,-1.9883e+10
3.13619e+07,1913.65,2.82971e+06,1.48725e+11,-1.95109e+10
3.13683e+07,1841.04,2.82971e+06,1.48774e+11,-1.91386e+10
3.13746e+07,1769.82,2.82972e+06,1.48821e+11,-1.87662e+10
3.13809e+07,1700,2.82972e+06,1.48868e+11,-1.83937e+10
3.13872e+07,1631.58,2.82973e+06,1.48913e+11,-1.80211e+10
3.13935e+07,1564.56,2.82973e+06,1.48958e+11,-1.76483e+10
3.13998e+07,1498.94,2.82973e+06,1.49002e+11,-1.72755e+10
3.14061e+07,1434.72,2.82974e+06,1.49044e+11,-1.69025e+10
3.14124e+07,1371.91,2.82974e+06,1.49086e+11,-1.65295e+10
3.14187e+07,1310.49,2.82974e+06,1.49127e+11,-1.61563e+10
3.14251e+07,1250.48,2.82975e+06,1.49167e+11,-1.5783e+10
3.14314e+07,1191.87,2.82975e+06,1.49206e+11,-1.54097e+10
3.14377e+07,1134.67,2.82975e+06,1.49244e+11,-1.50362e+10
3.1444e+07,1078.87,2.82976e+06,1.49281e+11,-1.46626e+10
3.14503e+07,1024.47,2.82976e+06,1.49318e+11,-1.4289e+10
3.14566e+07,971.471,2.82976e+06,1.49353e+11,-1.39152e+10
3.14629e+07,919.881,2.82976e+06,1.49387e+11,-1.35414e+10
3.14692e+07,869.695,2.82977e+06,1.49421e+11,-1.31675e+10
3.14756e+07,820.914,2.82977e+06,1.49453e+11,-1.27935e+10
3.14819e+07,773.539,2.82977e+06,1.49485e+11,-1.24194e+10
3.14882e+07,727.569,2.82977e+06,1.49515e+11,-1.20453e+10
3.14945e+07,683.005,2.82977e+06,1.49545e+11,-1.16711e+10
3.15008e+07,639.847,2.82977e+06,1.49574e+11,-1.12968e+10
3.15071e+07,598.096,2.82978e+06,1.49602e+11,-1.09224e+10
3.15134e+07,557.751,2.82978e+06,1.49628e+11,-1.05479e+10
3.15197e+07,518.813,2.82978e+06,1.49654e+11,-1.01734e+10
3.1526e+07,481.283,2.82978e+06,1.49679e+11,-9.79887e+09
3.15324e+07,445.16,2.82978e+06,1.49703e+11,-9.42423e+09
3.15387e+07,410.445,2.82978e+06,1.49727e+11,-9.04954e+09
3.1545e+07,377.137,2.82978e+06,1.49749e+11,-8.6748e+09
3.15513e+07,345.238,2.82978e+06,1.4977e+11,-8.29999e+09
3.15576e+07,314.747,2.82979e+06,1.4979e+11,-7.92514e+09
3.15639e+07,285.664,2.82979e+06,1.4981e+11,-7.55024e+09
3.15702e+07,257.99,2.82979e+06,1.49828e+11,-7.17529e+09
3.15765e+07,231.725,2.82979e+06,1.49846e+11,-6.80029e+09
3.15828e+07,206.869,2.82979e+06,1.49862e+11,-6.42525e+09
3.15892e+07,183.422,2.82979e+06,1.49878e+11,-6.05017e+09
3.15955e+07,161.385,2.82979e+06,1.49893e+11,-5.67506e+09
3.16018e+07,140.757,2.82979e+06,1.49906e+11,-5.2999e+09
3.16081e+07,121.538,2.82979e+06,1.49919e+11,-4.92472e+09
3.16144e+07,103.729,2.82979e+06,1.49931e+11,-4.5495e+09
3.16207e+07,87.3303,2.82979e+06,1.49942e+11,-4.17426e+09
3.1627e+07,72.3412,2.82979e+06,1.49952e+11,-3.79899e+09
3.16333e+07,58.7621,2.82979e+06,1.49961e+11,-3.42369e+09
3.16396e+07,46.5931,2.82979e+06,1.49969e+11,-3.04838e+09
3.1646e+07,35.8342,2.82979e+06,1.49976e+11,-2.67304e+09
3.16523e+07,26.4856,2.82979e+06,1.49982e+11,-2.29769e+09
3.16586e+07,18.5473,2.82979e+06,1.49988e+11,-1.92232e+09
3.16649e+07,12.0194,2.82979e+06,1.49992e+11,-1.54694e+09
3.16712e+07,6.90178,2.82979e+06,1.49995e+11,-1.17155e+09
3.16775e+07,3.19461,2.82979e+06,1.49998e+11,-7.96159e+08
3.16838e+07,0.897888,2.82979e+06,1.49999e+11,-4.20758e+08
3.16901e+07,0.0116187,2.82979e+06,1.5e+11,-4.53552e+07
3.16965e+07,0.535809,2.82979e+06,1.5e+11,3.30048e+08
3.17028e+07,2.47046,2.82979e+06,1.49998e+11,7.0545e+08
3.17091e+07,5.81555,2.82979e+06,1.49996e+11,1.08085e+09
3.17154e+07,10.5711,2.82979e+06,1.49993e+11,1.45624e+09
3.17217e+07,16.737,2.82979e+06,1.49989e+11,1.83162e+09
3.1728e+07,24.3132,2.82979e+06,1.49984e+11,2.20699e+09
3.17343e+07,33.2998,2.82979e+06,1.49978e+11,2.58234e+09
3.17406e+07,43.6966,2.82979e+06,1.49971e+11,2.95768e+09
3.17469e+07,55.5037,2.82979e+06,1.49963e+11,3.33301e+09
3.17533e+07,68.7208,2.82979e+06,1.49954e+11,3.70831e+09
3.17596e+07,83.3479,2.82979e+06,1.49944e+11,4.08358e+09
3.17659e+07,99.385,2.82979e+06,1.49934e+11,4.45884e+09
3.17722e+07,116.832,2.82979e+06,1.49922e+11,4.83406e+09
3.17785e+07,135.689,2.82979e+06,1.4991e+11,5.20925e+09
3.17848e+07,155.955,2.82979e+06,1.49896e+11,5.58441e+09
3.17911e+07,177.631,2.82979e+06,1.49882e+11,5.95954e+09
3.17974e+07,200.716,2.82979e+06,1.49866e+11,6.33463e+09
3.18037e+07,225.21,2.82979e+06,1.4985e+11,6.70968e+09
3.18101e+07,251.113,2.82979e+06,1.49833e+11,7.08468e+09
3.18164e+07,278.426,2.8298e+06,1.49815e+11,7.45965e+09
3.18227e+07,307.147,2.8298e+06,1.49795e+11,7.83456e+09
3.1829e+07,337.276,2.8298e+06,1.49775e+11,8.20943e+09
3.18353e+07,368.814,2.8298e+06,1.49754e+11,8.58425e+09
3.18416e+07,401.76,2.8298e+06,1.49732e+11,8.95901e+09
3.18479e+07,436.114,2.8298e+06,1.4971e+11,9.33371e+09
3.18542e+07,471.876,2.8298e+06,1.49686e+11,9.70836e+09
3.18606e+07,509.045,2.8298e+06,1.49661e+11,1.00829e+10
3.18669e+07,547.621,2.8298e+06,1.49635e+11,1.04575e+10
3.18732e+07,587.605,2.8298e+06,1.49609e+11,1.08319e+10
3.18795e+07,628.995,2.82981e+06,1.49581e+11,1.12063e+10
3.18858e+07,671.792,2.82981e+06,1.49553e+11,1.15806e+10
3.18921e+07,715.995,2.82981e+06,1.49523e+11,1.19549e+10
3.18984e+07,761.604,2.82981e+06,1.49493e+11,1.23291e+10
3.19047e+07,808.618,2.82981e+06,1.49461e+11,1.27032e+10
3.1911e+07,857.038,2.82982e+06,1.49429e+11,1.30772e+10
3.19174e+07,906.864,2.82982e+06,1.49396e+11,1.34511e+10
3.19237e+07,958.094,2.82982e+06,1.49362e+11,1.3825e+10
3.193e+07,1010.73,2.82982e+06,1.49327e+11,1.41987e+10
3.19363e+07,1064.77,2.82983e+06,1.49291e+11,1.45724e+10
3.19426e+07,1120.21,2.82983e+06,1.49254e+11,1.4946e+10
3.19489e+07,1177.05,2.82983e+06,1.49216e+11,1.53195e+10
3.19552e+07,1235.3,2.82983e+06,1.49177e+11,1.56929e+10
3.19615e+07,1294.96,2.82984e+06,1.49137e+11,1.60661e+10
3.19678e+07,1356.01,2.82984e+06,1.49097e+11,1.64393e+10
3.19742e+07,1418.46,2.82984e+06,1.49055e+11,1.68124e+10
3.19805e+07,1482.32,2.82985e+06,1.49013e+11,1.71854e+10
3.19868e+07,1547.58,2.82985e+06,1.48969e+11,1.75583e+10
3.19931e+07,1614.24,2.82986e+06,1.48925e+11,1.79311e+10
3.19994e+07,1682.3,2.82986e+06,1.48879e+11,1.83037e+10
3.20057e+07,1751.76,2.82986e+06,1.48833e+11,1.86763e+10
3.2012e+07,1822.62,2.82987e+06,1.48786e+11,1.90487e+10
3.20183e+07,1894.88,2.82987e+06,1.48738e+11,1.9421e+10
3.20247e+07,1968.53,2.82988e+06,1.48689e+11,1.97932e+10
3.2031e+07,2043.59,2.82988e+06,1.48639e+11,2.01652e+10
3.20373e+07,2120.04,2.82989e+06,1.48588e+11,2.05372e+10
3.20436e+07,2197.89,2.82989e+06,1.48536e+11,2.0909e+10
3.20499e+07,2277.14,2.8299e+06,1.48483e+11,2.12807e+10
3.20562e+07,2357.78,2.8299e+06,1.48429e+11,2.16522e+10
3.20625e+07,2439.82,2.82991e+06,1.48375e+11,2.20236e+10
3.20688e+07,2523.25,2.82992e+06,1.48319e+11,2.23949e+10
3.20751e+07,2608.08,2.82992e+06,1.48263e+11,2.2766e+10
3.20815e+07,2694.3,2.82993e+06,1.48205e+11,2.3137e+10
3.20878e+07,2781.92,2.82994e+06,1.48147e+11,2.35078e+10
3.20941e+07,2870.93,2.82994e+06,1.48088e+11,2.38785e+10
3.21004e+07,2961.33,2.82995e+06,1.48027e+11,2.4249e+10
3.21067e+07,3053.12,2.82996e+06,1.47966e+11,2.46194e+10
3.2113e+07,3146.31,2.82997e+06,1.47904e+11,2.49897e+10
3.21193e+07,3240.88,2.82997e+06,1.47841e+11,2.53598e+10
3.21256e+07,3336.85,2.82998e+06,1.47777e+11,2.57297e+10
3.21319e+07,3434.2,2.82999e+06,1.47712e+11,2.60994e+10
3.21383e+07,3532.95,2.83e+06,1.47647e+11,2.6469e+10
3.21446e+07,3633.08,2.83001e+06,1.4758e+11,2.68385e+10
3.21509e+07,3734.6,2.83002e+06,1.47512e+11,2.72077e+10
3.21572e+07,3837.51,2.83003e+06,1.47444e+11,2.75768e+10
3.21635e+07,3941.8,2.83004e+06,1.47374e+11,2.79457e+10
3.21698e+07,4047.48,2.83005e+06,1.47304e+11,2.83145e+10
3.21761e+07,4154.55,2.83006e+06,1.47233e+11,2.86831e+10
3.21824e+07,4262.99,2.83007e+06,1.4716e+11,2.90514e+10
3.21888e+07,4372.83,2.83008e+06,1.47087e+11,2.94196e+10
3.21951e+07,4484.04,2.83009e+06,1.47013e+11,2.97877e+10
3.22014e+07,4596.64,2.8301e+06,1.46938e+11,3.01555e+10
3.22077e+07,4710.62,2.83011e+06,1.46862e+11,3.05231e+10
3.2214e+07,4825.98,2.83012e+06,1.46785e+11,3.08906e+10
3.22203e+07,4942.72,2.83014e+06,1.46708e+11,3.12579e+10
3.22266e+07,5060.84,2.83015e+06,1.46629e+11,3.16249e+10
3.22329e+07,5180.34,2.83016e+06,1.46549e+11,3.19918e+10
3.22392e+07,5301.22,2.83018e+06,1.46469e+11,3.23585e+10
3.22456e+07,5423.47,2.83019e+06,1.46387e+11,3.27249e+10
3.22519e+07,5547.11,2.8302e+06,1.46305e+11,3.30912e+10
3.22582e+07,5672.11,2.83022e+06,1.46222e+11,3.34572e+10
3.22645e+07,5798.49,2.83023e+06,1.46138e+11,3.38231e+10
3.22708e+07,5926.25,2.83025e+06,1.46052e+11,3.41887e+10
3.22771e+07,6055.38,2.83026e+06,1.45966e+11,3.45541e+10
3.22834e+07,6185.88,2.83028e+06,1.4588e+11,3.49193e+10
3.22897e+07,6317.75,2.83029e+06,1.45792e+11,3.52843e+10
3.2296e+07,6451,2.83031e+06,1.45703e+11,3.56491e+10
3.23024e+07,6585.61,2.83032e+06,1.45613e+11,3.60136e+10
3.23087e+07,6721.6,2.83034e+06,1.45523e+11,3.63779e+10
3.2315e+07,6858.95,2.83036e+06,1.45431e+11,3.6742e+10
3.23213e+07,6997.67,2.83038e+06,1.45339e+11,3.71059e+10
3.23276e+07,7137.75,2.83039e+06,1.45245e+11,3.74695e+10
3.23339e+07,7279.21,2.83041e+06,1.45151e+11,3.78329e+10
3.23402e+07,7422.02,2.83043e+06,1.45056e+11,3.8196e+10
3.23465e+07,7566.2,2.83045e+06,1.4496e+11,3.85589e+10
3.23529e+07,7711.75,2.83047e+06,1.44863e+11,3.89216e+10
3.23592e+07,7858.65,2.83049e+06,1.44765e+11,3.9284e+10
3.23655e+07,8006.92,2.83051e+06,1.44667e+11,3.96462e+10
3.23718e+07,8156.55,2.83053e+06,1.44567e+11,4.00081e+10
3.23781e+07,8307.53,2.83055e+06,1.44466e+11,4.03698e+10
3.23844e+07,8459.88,2.83057e+06,1.44365e+11,4.07312e+10
3.23907e+07,8613.58,2.83059e+06,1.44262e+11,4.10924e+10
3.2397e+07,8768.64,2.83061e+06,1.44159e+11,4.14533e+10
3.24033e+07,8925.06,2.83063e+06,1.44055e+11,4.1814e+10
3.24097e+07,9082.82,2.83066e+06,1.4395e+11,4.21744e+10
3.2416e+07,9241.95,2.83068e+06,1.43844e+11,4.25345e+10
3.24223e+07,9402.42,2.8307e+06,1.43737e+11,4.28944e+10
3.24286e+07,9564.25,2.83073e+06,1.43629e+11,4.3254e+10
3.24349e+07,9727.43,2.83075e+06,1.4352e+11,4.36133e+10
3.24412e+07,9891.96,2.83077e+06,1.43411e+11,4.39723e+10
3.24475e+07,10057.8,2.8308e+06,1.433e+11,4.43311e+10
3.24538e+07,10225.1,2.83082e+06,1.43189e+11,4.46896e+10
3.24601e+07,10393.6,2.83085e+06,1.43077e+11,4.50478e+10
3.24665e+07,10563.5,2.83088e+06,1.42964e+11,4.54058e+10
3.24728e+07,10734.8,2.8309e+06,1.42849e+11,4.57634e+10
3.24791e+07,10907.4,2.83093e+06,1.42734e+11,4.61208e+10
3.24854e+07,11081.3,2.83096e+06,1.42619e+11,4.64779e+10
3.24917e+07,11256.6,2.83099e+06,1.42502e+11,4.68347e+10
3.2498e+07,11433.3,2.83101e+06,1.42384e+11,4.71911e+10
3.25043e+07,11611.2,2.83104e+06,1.42266e+11,4.75473e+10
3.25106e+07,11790.5,2.83107e+06,1.42146e+11,4.79032e+10
3.2517e+07,11971.2,2.8311e+06,1.42026e+11,4.82588e+10
3.25233e+07,12153.1,2.83113e+06,1.41905e+11,4.86141e+10
3.25296e+07,12336.4,2.83116e+06,1.41783e+11,4.89691e+10
3.25359e+07,12521.1,2.83119e+06,1.4166e+11,4.93238e+10
3.25422e+07,12707.1,2.83123e+06,1.41536e+11,4.96782e+10
3.25485e+07,12894.4,2.83126e+06,1.41411e+11,5.00322e+10
3.25548e+07,13083,2.83129e+06,1.41285e+11,5.0386e+10
3.25611e+07,13273,2.83132e+06,1.41159e+11,5.07394e+10
3.25674e+07,13464.3,2.83136e+06,1.41031e+11,5.10925e+10
3.25738e+07,13656.9,2.83139e+06,1.40903e+11,5.14453e+10
3.25801e+07,13850.8,2.83143e+06,1.40774e+11,5.17978e+10
3.25864e+07,14046.1,2.83146e+06,1.40644e+11,5.215e+10
3.25927e+07,14242.7,2.8315e+06,1.40513e+11,5.25018e+10
3.2599e+07,14440.6,2.83153e+06,1.40381e+11,5.28533e+10
3.26053e+07,14639.8,2.83157e+06,1.40248e+11,5.32045e+10
3.26116e+07,14840.3,2.8316e+06,1.40115e+11,5.35553e+10
3.26179e+07,15042.2,2.83164e+06,1.3998e+11,5.39058e+10
3.26242e+07,15245.4,2.83168e+06,1.39845e+11,5.42559e+10
3.26306e+07,15449.9,2.83172e+06,1.39709e+11,5.46058e+10
3.26369e+07,15655.7,2.83176e+06,1.39572e+11,5.49552e+10
3.26432e+07,15862.8,2.8318e+06,1.39434e+11,5.53044e+10
3.26495e+07,16071.3,2.83184e+06,1.39295e+11,5.56532e+10
3.26558e+07,16281,2.83188e+06,1.39155e+11,5.60016e+10
3.26621e+07,16492,2.83192e+06,1.39015e+11,5.63497e+10
3.26684e+07,16704.4,2.83196e+06,1.38873e+11,5.66974e+10
3.26747e+07,16918.1,2.832e+06,1.38731e+11,5.70448e+10
3.26811e+07,17133,2.83204e+06,1.38588e+11,5.73918e+10
3.26874e+07,17349.3,2.83209e+06,1.38443e+11,5.77385e+10
3.26937e+07,17566.9,2.83213e+06,1.38299e+11,5.80848e+10
3.27e+07,17785.8,2.83218e+06,1.38153e+11,5.84307e+10
3.27063e+07,18005.9,2.83222e+06,1.38006e+11,5.87763e+10
3.27126e+07,18227.4,2.83227e+06,1.37859e+11,5.91215e+10
3.27189e+07,18450.2,2.83231e+06,1.3771e+11,5.94663e+10
3.27252e+07,18674.2,2.83236e+06,1.37561e+11,5.98108e+10
3.27315e+07,18899.6,2.83241e+06,1.37411e+11,6.01549e+10
3.27379e+07,19126.2,2.83245e+06,1.3726e+11,6.04986e+10
3.27442e+07,19354.2,2.8325e+06,1.37108e+11,6.08419e+10
3.27505e+07,19583.4,2.83255e+06,1.36955e+11,6.11848e+10
3.27568e+07,19813.9,2.8326e+06,1.36802e+11,6.15274e+10
3.27631e+07,20045.7,2.83265e+06,1.36647e+11,6.18696e+10
3.27694e+07,20278.8,2.8327e+06,1.36492e+11,6.22114e+10
3.27757e+07,20513.2,2.83275e+06,1.36336e+11,6.25528e+10
3.2782e+07,20748.8,2.8328e+06,1.36179e+11,6.28938e+10
3.27883e+07,20985.8,2.83285e+06,1.36021e+11,6.32344e+10
3.27947e+07,21224,2.83291e+06,1.35863e+11,6.35746e+10
3.2801e+07,21463.5,2.83296e+06,1.35703e+11,6.39145e+10
3.28073e+07,21704.2,2.83301e+06,1.35543e+11,6.42539e+10
3.28136e+07,21946.3,2.83307e+06,1.35381e+11,6.45929e+10
3.28199e+07,22189.6,2.83312e+06,1.35219e+11,6.49315e+10
3.28262e+07,22434.2,2.83318e+06,1.35056e+11,6.52697e+10
3.28325e+07,22680,2.83324e+06,1.34893e+11,6.56075e+10
3.28388e+07,22927.1,2.83329e+06,1.34728e+11,6.59449e+10
3.28452e+07,23175.5,2.83335e+06,1.34563e+11,6.62819e+10
3.28515e+07,23425.2,2.83341e+06,1.34396e+11,6.66185e+10
3.28578e+07,23676.1,2.83347e+06,1.34229e+11,6.69546e+10
3.28641e+07,23928.3,2.83353e+06,1.34061e+11,6.72903e+10
3.28704e+07,24181.7,2.83359e+06,1.33892e+11,6.76256e+10
3.28767e+07,24436.4,2.83365e+06,1.33723e+11,6.79605e+10
3.2883e+07,24692.4,2.83371e+06,1.33552e+11,6.8295e+10
3.28893e+07,24949.6,2.83377e+06,1.33381e+11,6.8629e+10
3.28956e+07,25208.1,2.83384e+06,1.33209e+11,6.89626e+10
3.2902e+07,25467.8,2.8339e+06,1.33036e+11,6.92957e+10
3.29083e+07,25728.8,2.83396e+06,1.32862e+11,6.96285e+10
3.29146e+07,25991,2.83403e+06,1.32687e+11,6.99608e+10
3.29209e+07,26254.5,2.83409e+06,1.32512e+11,7.02926e+10
3.29272e+07,26519.2,2.83416e+06,1.32335e+11,7.0624e+10
3.29335e+07,26785.1,2.83423e+06,1.32158e+11,7.0955e+10
3.29398e+07,27052.3,2.83429e+06,1.3198e+11,7.12855e+10
3.29461e+07,27320.8,2.83436e+06,1.31801e+11,7.16156e+10
3.29524e+07,27590.5,2.83443e+06,1.31622e+11,7.19453e+10
3.29588e+07,27861.4,2.8345e+06,1.31441e+11,7.22744e+10
3.29651e+07,28133.5,2.83457e+06,1.3126e+11,7.26032e+10
3.29714e+07,28406.9,2.83464e+06,1.31078e+11,7.29314e+10
3.29777e+07,28681.5,2.83471e+06,1.30895e+11,7.32593e+10
3.2984e+07,28957.4,2.83478e+06,1.30711e+11,7.35866e+10
3.29903e+07,29234.5,2.83486e+06,1.30527e+11,7.39135e+10
3.29966e+07,29512.8,2.83493e+06,1.30341e+11,7.424e+10
3.30029e+07,29792.3,2.835e+06,1.30155e+11,7.45659e+10
3.30092e+07,30073.1,2.83508e+06,1.29968e+11,7.48914e+10
3.30156e+07,30355.1,2.83515e+06,1.2978e+11,7.52165e+10
3.30219e+07,30638.3,2.83523e+06,1.29592e+11,7.5541e+10
3.30282e+07,30922.7,2.83531e+06,1.29402e+11,7.58651e+10
3.30345e+07,31208.3,2.83539e+06,1.29212e+11,7.61887e+10
3.30408e+07,31495.2,2.83546e+06,1.29021e+11,7.65119e+10
3.30471e+07,31783.2,2.83554e+06,1.28829e+11,7.68345e+10
3.30534e+07,32072.5,2.83562e+06,1.28636e+11,7.71567e+10
3.30597e+07,32363,2.8357e+06,1.28443e+11,7.74784e+10
3.30661e+07,32654.7,2.83579e+06,1.28248e+11,7.77996e+10
3.30724e+07,32947.6,2.83587e+06,1.28053e+11,7.81203e+10
3.30787e+07,33241.7,2.83595e+06,1.27857e+11,7.84406e+10
3.3085e+07,33537,2.83603e+06,1.27661e+11,7.87603e+10
3.30913e+07,33833.5,2.83612e+06,1.27463e+11,7.90796e+10
3.30976e+07,34131.2,2.8362e+06,1.27265e+11,7.93983e+10
3.31039e+07,34430.1,2.83629e+06,1.27066e+11,7.97166e+10
3.31102e+07,34730.2,2.83638e+06,1.26866e+11,8.00343e+10
3.31165e+07,35031.5,2.83646e+06,1.26665e+11,8.03516e+10
3.31229e+07,35334,2.83655e+06,1.26464e+11,8.06683e+10
3.31292e+07,35637.6,2.83664e+06,1.26261e+11,8.09846e+10
3.31355e+07,35942.5,2.83673e+06,1.26058e+11,8.13003e+10
3.31418e+07,36248.5,2.83682e+06,1.25855e+11,8.16156e+10
3.31481e+07,36555.8,2.83691e+06,1.2565e+11,8.19303e+10
3.31544e+07,36864.2,2.837e+06,1.25444e+11,8.22445e+10
3.31607e+07,37173.8,2.8371e+06,1.25238e+11,8.25582e+10
3.3167e+07,37484.5,2.83719e+06,1.25031e+11,8.28713e+10
3.31733e+07,37796.5,2.83728e+06,1.24823e+11,8.3184e+10
3.31797e+07,38109.6,2.83738e+06,1.24615e+11,8.34961e+10
3.3186e+07,38423.9,2.83747e+06,1.24406e+11,8.38077e+10
3.31923e+07,38739.3,2.83757e+06,1.24195e+11,8.41188e+10
3.31986e+07,39055.9,2.83767e+06,1.23985e+11,8.44294e+10
3.32049e+07,39373.7,2.83777e+06,1.23773e+11,8.47394e+10
3.32112e+07,39692.7,2.83786e+06,1.2356e+11,8.50489e+10
3.32175e+07,40012.8,2.83796e+06,1.23347e+11,8.53579e+10
3.32238e+07,40334.1,2.83806e+06,1.23133e+11,8.56663e+10
3.32302e+07,40656.5,2.83817e+06,1.22918e+11,8.59742e+10
3.32365e+07,40980.1,2.83827e+06,1.22703e+11,8.62816e+10
3.32428e+07,41304.8,2.83837e+06,1.22486e+11,8.65884e+10
3.32491e+07,41630.7,2.83848e+06,1.22269e+11,8.68947e+10
3.32554e+07,41957.8,2.83858e+06,1.22052e+11,8.72004e+10
3.32617e+07,42286,2.83869e+06,1.21833e+11,8.75056e+10
3.3268e+07,42615.3,2.83879e+06,1.21614e+11,8.78102e+10
3.32743e+07,42945.8,2.8389e+06,1.21393e+11,8.81143e+10
3.32806e+07,43277.4,2.83901e+06,1.21173e+11,8.84178e+10
3.3287e+07,43610.2,2.83912e+06,1.20951e+11,8.87208e+10
3.32933e+07,43944.1,2.83922e+06,1.20728e+11,8.90232e+10
3.32996e+07,44279.1,2.83934e+06,1.20505e+11,8.93251e+10
3.33059e+07,44615.3,2.83945e+06,1.20281e+11,8.96264e+10
3.33122e+07,44952.6,2.83956e+06,1.20057e+11,8.99272e+10
3.33185e+07,45291,2.83967e+06,1.19831e+11,9.02273e+10
3.33248e+07,45630.5,2.83979e+06,1.19605e+11,9.0527e+10
3.33311e+07,45971.2,2.8399e+06,1.19378e+11,9.0826e+10
3.33374e+07,46313,2.84002e+06,1.19151e+11,9.11245e+10
3.33438e+07,46655.9,2.84013e+06,1.18922e+11,9.14224e+10
3.33501e+07,47000,2.84025e+06,1.18693e+11,9.17197e+10
3.33564e+07,47345.1,2.84037e+06,1.18463e+11,9.20165e+10
3.33627e+07,47691.4,2.84049e+06,1.18232e+11,9.23127e+10
3.3369e+07,48038.8,2.84061e+06,1.18001e+11,9.26083e+10
3.33753e+07,48387.3,2.84073e+06,1.17769e+11,9.29033e+10
3.33816e+07,48736.9,2.84085e+06,1.17536e+11,9.31978e+10
3.33879e+07,49087.6,2.84097e+06,1.17302e+11,9.34916e+10
3.33943e+07,49439.4,2.84109e+06,1.17068e+11,9.37849e+10
3.34006e+07,49792.3,2.84122e+06,1.16833e+11,9.40776e+10
3.34069e+07,50146.3,2.84134e+06,1.16597e+11,9.43697e+10
3.34132e+07,50501.4,2.84147e+06,1.16361e+11,9.46612e+10
3.34195e+07,50857.6,2.8416e+06,1.16123e+11,9.49521e+10
3.34258e+07,51214.9,2.84172e+06,1.15885e+11,9.52425e+10
3.34321e+07,51573.2,2.84185e+06,1.15647e+11,9.55322e+10
3.34384e+07,51932.7,2.84198e+06,1.15407e+11,9.58213e+10
3.34447e+07,52293.3,2.84211e+06,1.15167e+11,9.61099e+10
3.34511e+07,52654.9,2.84224e+06,1.14926e+11,9.63978e+10
3.34574e+07,53017.6,2.84238e+06,1.14685e+11,9.66851e+10
3.34637e+07,53381.4,2.84251e+06,1.14442e+11,9.69718e+10
3.347e+07,53746.3,2.84264e+06,1.14199e+11,9.72579e+10
3.34763e+07,54112.2,2.84278e+06,1.13955e+11,9.75434e+10
3.34826e+07,54479.2,2.84291e+06,1.13711e+11,9.78283e+10
3.34889e+07,54847.3,2.84305e+06,1.13466e+11,9.81126e+10
3.34952e+07,55216.5,2.84319e+06,1.1322e+11,9.83963e+10
3.35015e+07,55586.7,2.84333e+06,1.12973e+11,9.86793e+10
3.35079e+07,55957.9,2.84347e+06,1.12726e+11,9.89617e+10
3.35142e+07,56330.3,2.84361e+06,1.12478e+11,9.92435e+10
3.35205e+07,56703.7,2.84375e+06,1.12229e+11,9.95247e+10
3.35268e+07,57078.1,2.84389e+06,1.1198e+11,9.98053e+10
3.35331e+07,57453.6,2.84403e+06,1.1173e+11,1.00085e+11
3.35394e+07,57830.2,2.84418e+06,1.11479e+11,1.00365e+11
3.35457e+07,58207.8,2.84432e+06,1.11227e+11,1.00643e+11
3.3552e+07,58586.4,2.84447e+06,1.10975e+11,1.00921e+11
3.35584e+07,58966.1,2.84462e+06,1.10722e+11,1.01199e+11
3.35647e+07,59346.9,2.84476e+06,1.10469e+11,1.01475e+11
3.3571e+07,59728.6,2.84491e+06,1.10214e+11,1.01752e+11
3.35773e+07,60111.4,2.84506e+06,1.09959e+11,1.02027e+11
3.35836e+07,60495.3,2.84521e+06,1.09704e+11,1.02302e+11
3.35899e+07,60880.1,2.84537e+06,1.09447e+11,1.02576e+11
3.35962e+07,61266,2.84552e+06,1.0919e+11,1.0285e+11
3.36025e+07,61653,2.84567e+06,1.08932e+11,1.03123e+11
3.36088e+07,62040.9,2.84583e+06,1.08674e+11,1.03395e+11
3.36152e+07,62429.9,2.84598e+06,1.08415e+11,1.03667e+11
3.36215e+07,62819.9,2.84614e+06,1.08155e+11,1.03938e+11
3.36278e+07,63210.9,2.8463e+06,1.07895e+11,1.04208e+11
3.36341e+07,63602.9,2.84646e+06,1.07634e+11,1.04478e+11
3.36404e+07,63996,2.84662e+06,1.07372e+11,1.04747e+11
3.36467e+07,64390,2.84678e+06,1.07109e+11,1.05015e+11
3.3653e+07,64785.1,2.84694e+06,1.06846e+11,1.05283e+11
3.36593e+07,65181.1,2.8471e+06,1.06582e+11,1.0555e+11
3.36656e+07,65578.2,2.84726e+06,1.06318e+11,1.05816e+11
3.3672e+07,65976.2,2.84743e+06,1.06053e+11,1.06082e+11
3.36783e+07,66375.3,2.8476e+06,1.05787e+11,1.06347e+11
3.36846e+07,66775.4,2.84776e+06,1.0552e+11,1.06612e+11
3.36909e+07,67176.4,2.84793e+06,1.05253e+11,1.06875e+11
3.36972e+07,67578.4,2.8481e+06,1.04985e+11,1.07139e+11
3.37035e+07,67981.5,2.84827e+06,1.04717e+11,1.07401e+11
3.37098e+07,68385.5,2.84844e+06,1.04448e+11,1.07663e+11
3.37161e+07,68790.5,2.84861e+06,1.04178e+11,1.07924e+11
3.37225e+07,69196.4,2.84878e+06,1.03908e+11,1.08184e+11
3.37288e+07,69603.4,2.84896e+06,1.03637e+11,1.08444e+11
3.37351e+07,70011.3,2.84913e+06,1.03365e+11,1.08703e+11
3.37414e+07,70420.2,2.84931e+06,1.03093e+11,1.08961e+11
3.37477e+07,70830,2.84948e+06,1.0282e+11,1.09219e+11
3.3754e+07,71240.9,2.84966e+06,1.02546e+11,1.09476e+11
3.37603e+07,71652.7,2.84984e+06,1.02272e+11,1.09732e+11
3.37666e+07,72065.4,2.85002e+06,1.01997e+11,1.09988e+11
3.37729e+07,72479.1,2.8502e+06,1.01721e+11,1.10243e+11
3.37793e+07,72893.8,2.85038e+06,1.01445e+11,1.10497e+11
3.37856e+07,73309.4,2.85057e+06,1.01168e+11,1.1075e+11
3.37919e+07,73726,2.85075e+06,1.0089e+11,1.11003e+11
3.37982e+07,74143.5,2.85093e+06,1.00612e+11,1.11255e+11
3.38045e+07,74562,2.85112e+06,1.00334e+11,1.11507e+11
3.38108e+07,74981.4,2.85131e+06,1.00054e+11,1.11758e+11
3.38171e+07,75401.8,2.8515e+06,9.97743e+10,1.12008e+11
3.38234e+07,75823,2.85169e+06,9.94936e+10,1.12257e+11
3.38297e+07,76245.3,2.85188e+06,9.92124e+10,1.12506e+11
3.38361e+07,76668.4,2.85207e+06,9.89305e+10,1.12754e+11
3.38424e+07,77092.5,2.85226e+06,9.8648e+10,1.13001e+11
3.38487e+07,77517.5,2.85245e+06,9.83649e+10,1.13247e+11
3.3855e+07,77943.5,2.85265e+06,9.80812e+10,1.13493e+11
3.38613e+07,78370.3,2.85284e+06,9.77968e+10,1.13738e+11
3.38676e+07,78798.1,2.85304e+06,9.75119e+10,1.13983e+11
3.38739e+07,79226.8,2.85324e+06,9.72263e+10,1.14226e+11
3.38802e+07,79656.4,2.85344e+06,9.69402e+10,1.14469e+11
3.38866e+07,80087,2.85364e+06,9.66534e+10,1.14712e+11
3.38929e+07,80518.4,2.85384e+06,9.6366e+10,1.14953e+11
3.38992e+07,80950.8,2.85404e+06,9.6078e+10,1.15194e+11
3.39055e+07,81384,2.85424e+06,9.57894e+10,1.15434e+11
3.39118e+07,81818.1,2.85445e+06,9.55002e+10,1.15674e+11
3.39181e+07,82253.2,2.85465e+06,9.52104e+10,1.15912e+11
3.39244e+07,82689.1,2.85486e+06,9.49201e+10,1.1615e+11
3.39307e+07,83126,2.85507e+06,9.46291e+10,1.16387e+11
3.3937e+07,83563.7,2.85527e+06,9.43375e+10,1.16624e+11
3.39434e+07,84002.3,2.85548e+06,9.40454e+10,1.16859e+11
3.39497e+07,84441.8,2.85569e+06,9.37526e+10,1.17094e+11
3.3956e+07,84882.2,2.85591e+06,9.34593e+10,1.17329e+11
3.39623e+07,85323.4,2.85612e+06,9.31653e+10,1.17562e+11
3.39686e+07,85765.5,2.85633e+06,9.28708e+10,1.17795e+11
3.39749e+07,86208.6,2.85655e+06,9.25758e+10,1.18027e+11
3.39812e+07,86652.4,2.85677e+06,9.22801e+10,1.18258e+11
3.39875e+07,87097.2,2.85698e+06,9.19838e+10,1.18489e+11
3.39938e+07,87542.8,2.8572e+06,9.1687e+10,1.18719e+11
3.40002e+07,87989.2,2.85742e+06,9.13896e+10,1.18948e+11
3.40065e+07,88436.6,2.85764e+06,9.10916e+10,1.19176e+11
3.40128e+07,88884.8,2.85786e+06,9.07931e+10,1.19404e+11
3.40191e+07,89333.8,2.85809e+06,9.0494e+10,1.19631e+11
3.40254e+07,89783.7,2.85831e+06,9.01943e+10,1.19857e+11
3.40317e+07,90234.4,2.85854e+06,8.98941e+10,1.20082e+11
3.4038e+07,90686,2.85876e+06,8.95933e+10,1.20307e+11
3.40443e+07,91138.4,2.85899e+06,8.92919e+10,1.20531e+11
3.40507e+07,91591.7,2.85922e+06,8.899e+10,1.20754e+11
3.4057e+07,92045.8,2.85945e+06,8.86875e+10,1.20976e+11
3.40633e+07,92500.7,2.85968e+06,8.83845e+10,1.21198e+11
3.40696e+07,92956.5,2.85991e+06,8.80809e+10,1.21418e+11
3.40759e+07,93413.1,2.86014e+06,8.77767e+10,1.21639e+11
3.40822e+07,93870.5,2.86038e+06,8.74721e+10,1.21858e+11
3.40885e+07,94328.7,2.86061e+06,8.71668e+10,1.22076e+11
3.40948e+07,94787.8,2.86085e+06,8.6861e+10,1.22294e+11
3.41011e+07,95247.7,2.86109e+06,8.65547e+10,1.22511e+11
3.41075e+07,95708.4,2.86133e+06,8.62478e+10,1.22727e+11
3.41138e+07,96169.9,2.86157e+06,8.59404e+10,1.22943e+11
3.41201e+07,96632.2,2.86181e+06,8.56325e+10,1.23158e+11
3.41264e+07,97095.3,2.86205e+06,8.5324e+10,1.23371e+11
3.41327e+07,97559.2,2.86229e+06,8.5015e+10,1.23585e+11
3.4139e+07,98024,2.86254e+06,8.47054e+10,1.23797e+11
3.41453e+07,98489.5,2.86279e+06,8.43953e+10,1.24009e+11
3.41516e+07,98955.8,2.86303e+06,8.40847e+10,1.24219e+11
3.41579e+07,99422.9,2.86328e+06,8.37736e+10,1.24429e+11
3.41643e+07,99890.8,2.86353e+06,8.34619e+10,1.24639e+11
3.41706e+07,100359,2.86378e+06,8.31497e+10,1.24847e+11
3.41769e+07,100829,2.86403e+06,8.2837e+10,1.25055e+11
3.41832e+07,101299,2.86429e+06,8.25238e+10,1.25262e+11
3.41895e+07,101770,2.86454e+06,8.221e+10,1.25468e+11
3.41958e+07,102242,2.86479e+06,8.18958e+10,1.25673e+11
3.42021e+07,102714,2.86505e+06,8.1581e+10,1.25878e+11
3.42084e+07,103188,2.86531e+06,8.12657e+10,1.26082e+11
3.42147e+07,103662,2.86557e+06,8.09499e+10,1.26285e+11
3.42211e+07,104137,2.86583e+06,8.06337e+10,1.26487e+11
3.42274e+07,104612,2.86609e+06,8.03168e+10,1.26688e+11
3.42337e+07,105089,2.86635e+06,7.99995e+10,1.26889e+11
3.424e+07,105566,2.86662e+06,7.96817e+10,1.27089e+11
3.42463e+07,106044,2.86688e+06,7.93634e+10,1.27288e+11
3.42526e+07,106522,2.86715e+06,7.90446e+10,1.27486e+11
3.42589e+07,107002,2.86741e+06,7.87253e+10,1.27683e+11
3.42652e+07,107482,2.86768e+06,7.84055e+10,1.2788e+11
3.42716e+07,107963,2.86795e+06,7.80853e+10,1.28076e+11
3.42779e+07,108444,2.86822e+06,7.77645e+10,1.28271e+11
3.42842e+07,108926,2.86849e+06,7.74432e+10,1.28465e+11
3.42905e+07,109409,2.86877e+06,7.71215e+10,1.28658e+11
3.42968e+07,109893,2.86904e+06,7.67993e+10,1.28851e+11
3.43031e+07,110378,2.86932e+06,7.64765e+10,1.29043e+11
3.43094e+07,110863,2.86959e+06,7.61534e+10,1.29234e+11
3.43157e+07,111349,2.86987e+06,7.58297e+10,1.29424e+11
3.4322e+07,111835,2.87015e+06,7.55056e+10,1.29613e+11
3.43284e+07,112323,2.87043e+06,7.51809e+10,1.29802e+11
3.43347e+07,112811,2.87071e+06,7.48559e+10,1.2999e+11
3.4341e+07,113299,2.871e+06,7.45303e+10,1.30177e+11
3.43473e+07,113789,2.87128e+06,7.42043e+10,1.30363e+11
3.43536e+07,114279,2.87157e+06,7.38778e+10,1.30548e+11
3.43599e+07,114770,2.87185e+06,7.35509e+10,1.30733e+11
3.43662e+07,115261,2.87214e+06,7.32235e+10,1.30916e+11
3.43725e+07,115754,2.87243e+06,7.28956e+10,1.31099e+11
3.43788e+07,116246,2.87272e+06,7.25673e+10,1.31281e+11
3.43852e+07,116740,2.87301e+06,7.22385e+10,1.31462e+11
3.43915e+07,117234,2.8733e+06,7.19093e+10,1.31643e+11
3.43978e+07,117729,2.8736e+06,7.15796e+10,1.31822e+11
3.44041e+07,118225,2.87389e+06,7.12495e+10,1.32001e+11
3.44104e+07,118721,2.87419e+06,7.09189e+10,1.32179e+11
3.44167e+07,119218,2.87449e+06,7.05879e+10,1.32356e+11
3.4423e+07,119716,2.87479e+06,7.02564e+10,1.32532e+11
3.44293e+07,120214,2.87509e+06,6.99245e+10,1.32708e+11
3.44357e+07,120713,2.87539e+06,6.95922e+10,1.32882e+11
3.4442e+07,121212,2.87569e+06,6.92594e+10,1.33056e+11
3.44483e+07,121713,2.876e+06,6.89262e+10,1.33229e+11
3.44546e+07,122213,2.8763e+06,6.85925e+10,1.33401e+11
3.44609e+07,122715,2.87661e+06,6.82585e+10,1.33572e+11
3.44672e+07,123217,2.87691e+06,6.7924e+10,1.33743e+11
3.44735e+07,123720,2.87722e+06,6.75891e+10,1.33912e+11
3.44798e+07,124223,2.87753e+06,6.72537e+10,1.34081e+11
3.44861e+07,124728,2.87785e+06,6.6918e+10,1.34249e+11
3.44925e+07,125232,2.87816e+06,6.65818e+10,1.34416e+11
3.44988e+07,125738,2.87847e+06,6.62452e+10,1.34582e+11
3.45051e+07,126243,2.87879e+06,6.59081e+10,1.34747e+11
3.45114e+07,126750,2.8791e+06,6.55707e+10,1.34912e+11
3.45177e+07,127257,2.87942e+06,6.52329e+10,1.35076e+11
3.4524e+07,127765,2.87974e+06,6.48946e+10,1.35238e+11
3.45303e+07,128273,2.88006e+06,6.4556e+10,1.354e+11
3.45366e+07,128782,2.88038e+06,6.42169e+10,1.35562e+11
3.45429e+07,129292,2.88071e+06,6.38774e+10,1.35722e+11
3.45493e+07,129802,2.88103e+06,6.35376e+10,1.35881e+11
3.45556e+07,130313,2.88136e+06,6.31973e+10,1.3604e+11
3.45619e+07,130825,2.88168e+06,6.28567e+10,1.36198e+11
3.45682e+07,131337,2.88201e+06,6.25156e+10,1.36355e+11
3.45745e+07,131849,2.88234e+06,6.21742e+10,1.36511e+11
3.45808e+07,132362,2.88267e+06,6.18323e+10,1.36666e+11
3.45871e+07,132876,2.883e+06,6.14901e+10,1.3682e+11
3.45934e+07,133390,2.88334e+06,6.11475e+10,1.36974e+11
3.45998e+07,133905,2.88367e+06,6.08045e+10,1.37126e+11
3.46061e+07,134421,2.88401e+06,6.04612e+10,1.37278e+11
3.46124e+07,134937,2.88434e+06,6.01174e+10,1.37429e+11
3.46187e+07,135453,2.88468e+06,5.97733e+10,1.37579e+11
3.4625e+07,135971,2.88502e+06,5.94288e+10,1.37728e+11
3.46313e+07,136488,2.88536e+06,5.90839e+10,1.37876e+11
3.46376e+07,137007,2.8857e+06,5.87387e+10,1.38024e+11
3.46439e+07,137526,2.88605e+06,5.83931e+10,1.3817e+11
3.46502e+07,138045,2.88639e+06,5.80471e+10,1.38316e+11
3.46566e+07,138565,2.88674e+06,5.77008e+10,1.38461e+11
3.46629e+07,139085,2.88709e+06,5.73541e+10,1.38605e+11
3.46692e+07,139606,2.88744e+06,5.7007e+10,1.38748e+11
3.46755e+07,140128,2.88779e+06,5.66596e+10,1.3889e+11
3.46818e+07,140650,2.88814e+06,5.63118e+10,1.39032e+11
3.46881e+07,141173,2.88849e+06,5.59637e+10,1.39172e+11
3.46944e+07,141696,2.88884e+06,5.56152e+10,1.39312e+11
3.47007e+07,142219,2.8892e+06,5.52664e+10,1.3945e+11
3.4707e+07,142744,2.88955e+06,5.49172e+10,1.39588e+11
3.47134e+07,143268,2.88991e+06,5.45677e+10,1.39725e+11
3.47197e+07,143794,2.89027e+06,5.42179e+10,1.39861e+11
3.4726e+07,144319,2.89063e+06,5.38677e+10,1.39997e+11
3.47323e+07,144846,2.89099e+06,5.35172e+10,1.40131e+11
3.47386e+07,145372,2.89136e+06,5.31663e+10,1.40265e+11
3.47449e+07,145900,2.89172e+06,5.28151e+10,1.40397e+11
3.47512e+07,146427,2.89209e+06,5.24636e+10,1.40529e+11
3.47575e+07,146955,2.89245e+06,5.21117e+10,1.4066e+11
3.47639e+07,147484,2.89282e+06,5.17595e+10,1.4079e+11
3.47702e+07,148013,2.89319e+06,5.1407e+10,1.40919e+11
3.47765e+07,148543,2.89356e+06,5.10542e+10,1.41047e+11
3.47828e+07,149073,2.89394e+06,5.0701e+10,1.41174e+11
3.47891e+07,149604,2.89431e+06,5.03476e+10,1.41301e+11
3.47954e+07,150135,2.89469e+06,4.99938e+10,1.41426e+11
3.48017e+07,150667,2.89506e+06,4.96397e+10,1.41551e+11
3.4808e+07,151199,2.89544e+06,4.92853e+10,1.41675e+11
3.48143e+07,151731,2.89582e+06,4.89306e+10,1.41798e+11
3.48207e+07,152264,2.8962e+06,4.85756e+10,1.4192e+11
3.4827e+07,152798,2.89658e+06,4.82202e+10,1.42041e+11
3.48333e+07,153331,2.89696e+06,4.78646e+10,1.42161e+11
3.48396e+07,153866,2.89735e+06,4.75087e+10,1.4228e+11
3.48459e+07,154401,2.89773e+06,4.71524e+10,1.42399e+11
3.48522e+07,154936,2.89812e+06,4.67959e+10,1.42516e+11
3.48585e+07,155472,2.89851e+06,4.64391e+10,1.42633e+11
3.48648e+07,156008,2.8989e+06,4.6082e+10,1.42749e+11
3.48711e+07,156544,2.89929e+06,4.57246e+10,1.42864e+11
3.48775e+07,157081,2.89968e+06,4.53669e+10,1.42978e+11
3.48838e+07,157619,2.90008e+06,4.5009e+10,1.43091e+11
3.48901e+07,158156,2.90047e+06,4.46507e+10,1.43203e+11
3.48964e+07,158695,2.90087e+06,4.42922e+10,1.43314e+11
3.49027e+07,159233,2.90127e+06,4.39334e+10,1.43425e+11
3.4909e+07,159772,2.90167e+06,4.35743e+10,1.43534e+11
3.49153e+07,160312,2.90207e+06,4.3215e+10,1.43643e+11
3.49216e+07,160852,2.90247e+06,4.28553e+10,1.43751e+11
3.4928e+07,161392,2.90287e+06,4.24955e+10,1.43857e+11
3.49343e+07,161933,2.90328e+06,4.21353e+10,1.43963e+11
3.49406e+07,162474,2.90368e+06,4.17749e+10,1.44068e+11
3.49469e+07,163015,2.90409e+06,4.14142e+10,1.44172e+11
3.49532e+07,163557,2.9045e+06,4.10533e+10,1.44276e+11
3.49595e+07,164099,2.90491e+06,4.06921e+10,1.44378e+11
3.49658e+07,164642,2.90532e+06,4.03306e+10,1.44479e+11
3.49721e+07,165185,2.90573e+06,3.99689e+10,1.4458e+11
3.49784e+07,165728,2.90615e+06,3.96069e+10,1.44679e+11
3.49848e+07,166272,2.90656e+06,3.92447e+10,1.44778e+11
3.49911e+07,166816,2.90698e+06,3.88823e+10,1.44876e+11
3.49974e+07,167361,2.9074e+06,3.85196e+10,1.44973e+11
3.50037e+07,167906,2.90782e+06,3.81567e+10,1.45069e+11
3.501e+07,168451,2.90824e+06,3.77935e+10,1.45164e+11
3.50163e+07,168996,2.90866e+06,3.74301e+10,1.45258e+11
3.50226e+07,169542,2.90908e+06,3.70664e+10,1.45351e+11
3.50289e+07,170089,2.90951e+06,3.67025e+10,1.45443e+11
3.50352e+07,170635,2.90993e+06,3.63384e+10,1.45535e+11
3.50416e+07,171182,2.91036e+06,3.59741e+10,1.45625e+11
3.50479e+07,171729,2.91079e+06,3.56095e+10,1.45715e+11
3.50542e+07,172277,2.91122e+06,3.52448e+10,1.45803e+11
3.50605e+07,172825,2.91165e+06,3.48798e+10,1.45891e+11
3.50668e+07,173373,2.91209e+06,3.45145e+10,1.45978e+11
3.50731e+07,173922,2.91252e+06,3.41491e+10,1.46064e+11
3.50794e+07,174471,2.91296e+06,3.37834e+10,1.46149e+11
3.50857e+07,175020,2.91339e+06,3.34176e+10,1.46233e+11
3.50921e+07,175570,2.91383e+06,3.30515e+10,1.46316e+11
3.50984e+07,176120,2.91427e+06,3.26852e+10,1.46398e+11
3.51047e+07,176670,2.91471e+06,3.23187e+10,1.4648e+11
3.5111e+07,177220,2.91516e+06,3.19521e+10,1.4656e+11
3.51173e+07,177771,2.9156e+06,3.15852e+10,1.4664e+11
3.51236e+07,178322,2.91605e+06,3.12181e+10,1.46718e+11
3.51299e+07,178874,2.91649e+06,3.08508e+10,1.46796e+11
3.51362e+07,179425,2.91694e+06,3.04833e+10,1.46873e+11
3.51425e+07,179977,2.91739e+06,3.01157e+10,1.46949e+11
3.51489e+07,180529,2.91784e+06,2.97478e+10,1.47023e+11
3.51552e+07,181082,2.9183e+06,2.93798e+10,1.47097e+11
3.51615e+07,181635,2.91875e+06,2.90115e+10,1.4717e+11
3.51678e+07,182188,2.9192e+06,2.86431e+10,1.47243e+11
3.51741e+07,182741,2.91966e+06,2.82745e+10,1.47314e+11
3.51804e+07,183295,2.92012e+06,2.79058e+10,1.47384e+11
3.51867e+07,183849,2.92058e+06,2.75368e+10,1.47454e+11
3.5193e+07,184403,2.92104e+06,2.71677e+10,1.47522e+11
3.51993e+07,184957,2.9215e+06,2.67985e+10,1.4759e+11
3.52057e+07,185512,2.92197e+06,2.6429e+10,1.47656e+11
3.5212e+07,186067,2.92243e+06,2.60594e+10,1.47722e+11
3.52183e+07,186622,2.9229e+06,2.56896e+10,1.47787e+11
3.52246e+07,187177,2.92336e+06,2.53197e+10,1.4785e+11
3.52309e+07,187733,2.92383e+06,2.49496e+10,1.47913e+11
3.52372e+07,188289,2.9243e+06,2.45793e+10,1.47975e+11
3.52435e+07,188845,2.92478e+06,2.42089e+10,1.48036e+11
3.52498e+07,189401,2.92525e+06,2.38384e+10,1.48096e+11
3.52562e+07,189958,2.92572e+06,2.34677e+10,1.48156e+11
3.52625e+07,190514,2.9262e+06,2.30968e+10,1.48214e+11
3.52688e+07,191071,2.92668e+06,2.27258e+10,1.48271e+11
3.52751e+07,191628,2.92716e+06,2.23547e+10,1.48328e+11
3.52814e+07,192186,2.92764e+06,2.19834e+10,1.48383e+11
3.52877e+07,192743,2.92812e+06,2.1612e+10,1.48438e+11
3.5294e+07,193301,2.9286e+06,2.12404e+10,1.48491e+11
3.53003e+07,193859,2.92909e+06,2.08687e+10,1.48544e+11
3.53066e+07,194417,2.92957e+06,2.04969e+10,1.48596e+11
3.5313e+07,194976,2.93006e+06,2.0125e+10,1.48647e+11
3.53193e+07,195534,2.93055e+06,1.97529e+10,1.48697e+11
3.53256e+07,196093,2.93104e+06,1.93807e+10,1.48745e+11
3.53319e+07,196652,2.93153e+06,1.90084e+10,1.48794e+11
3.53382e+07,197211,2.93202e+06,1.86359e+10,1.48841e+11
3.53445e+07,197770,2.93252e+06,1.82634e+10,1.48887e+11
3.53508e+07,198330,2.93301e+06,1.78907e+10,1.48932e+11
3.53571e+07,198890,2.93351e+06,1.75179e+10,1.48976e+11
3.53634e+07,199449,2.93401e+06,1.71451e+10,1.4902e+11
3.53698e+07,200009,2.93451e+06,1.67721e+10,1.49062e+11
3.53761e+07,200569,2.93501e+06,1.6399e+10,1.49104e+11
3.53824e+07,201130,2.93551e+06,1.60258e+10,1.49144e+11
3.53887e+07,201690,2.93602e+06,1.56524e+10,1.49184e+11
3.5395e+07,202251,2.93652e+06,1.5279e+10,1.49223e+11
3.54013e+07,202811,2.93703e+06,1.49055e+10,1.4926e+11
3.54076e+07,203372,2.93754e+06,1.4532e+10,1.49297e+11
3.54139e+07,203933,2.93805e+06,1.41583e+10,1.49333e+11
3.54203e+07,204494,2.93856e+06,1.37845e+10,1.49368e+11
3.54266e+07,205056,2.93907e+06,1.34106e+10,1.49402e+11
3.54329e+07,205617,2.93958e+06,1.30367e+10,1.49435e+11
3.54392e+07,206179,2.9401e+06,1.26627e+10,1.49467e+11
3.54455e+07,206740,2.94062e+06,1.22886e+10,1.49499e+11
3.54518e+07,207302,2.94113e+06,1.19144e+10,1.49529e+11
3.54581e+07,207864,2.94165e+06,1.15401e+10,1.49558e+11
3.54644e+07,208426,2.94217e+06,1.11658e+10,1.49587e+11
3.54707e+07,208988,2.9427e+06,1.07914e+10,1.49614e+11
3.54771e+07,209550,2.94322e+06,1.04169e+10,1.49641e+11
3.54834e+07,210112,2.94375e+06,1.00424e+10,1.49666e+11
3.54897e+07,210675,2.94427e+06,9.66783e+09,1.49691e+11
3.5496e+07,211237,2.9448e+06,9.29317e+09,1.49715e+11
3.55023e+07,211800,2.94533e+06,8.91846e+09,1.49737e+11
3.55086e+07,212362,2.94586e+06,8.54369e+09,1.49759e+11
3.55149e+07,212925,2.94639e+06,8.16887e+09,1.4978e+11
3.55212e+07,213488,2.94693e+06,7.794e+09,1.498e+11
3.55275e+07,214051,2.94746e+06,7.41908e+09,1.49819e+11
3.55339e+07,214614,2.948e+06,7.04411e+09,1.49837e+11
3.55402e+07,215177,2.94853e+06,6.6691e+09,1.49854e+11
3.55465e+07,215740,2.94907e+06,6.29405e+09,1.49871e+11
3.55528e+07,216303,2.94961e+06,5.91896e+09,1.49886e+11
3.55591e+07,216866,2.95016e+06,5.54383e+09,1.499e+11
3.55654e+07,217429,2.9507e+06,5.16866e+09,1.49914e+11
3.55717e+07,217992,2.95125e+06,4.79347e+09,1.49926e+11
3.5578e+07,218556,2.95179e+06,4.41824e+09,1.49938e+11
3.55843e+07,219119,2.95234e+06,4.04299e+09,1.49948e+11
3.55907e+07,219682,2.95289e+06,3.66771e+09,1.49958e+11
3.5597e+07,220246,2.95344e+06,3.2924e+09,1.49967e+11
3.56033e+07,220809,2.95399e+06,2.91708e+09,1.49974e+11
3.56096e+07,221373,2.95454e+06,2.54174e+09,1.49981e+11
3.56159e+07,221936,2.9551e+06,2.16638e+09,1.49987e+11
3.56222e+07,222500,2.95565e+06,1.79101e+09,1.49992e+11
3.56285e+07,223063,2.95621e+06,1.41563e+09,1.49996e+11
3.56348e+07,223627,2.95677e+06,1.04024e+09,1.49999e+11
3.56412e+07,224190,2.95733e+06,6.64839e+08,1.50001e+11
3.56475e+07,224754,2.95789e+06,2.89437e+08,1.50002e+11
3.56538e+07,225318,2.95846e+06,-8.59662e+07,1.50003e+11
3.56601e+07,225881,2.95902e+06,-4.61369e+08,1.50002e+11
3.56664e+07,226445,2.95959e+06,-8.36769e+08,1.5e+11
3.56727e+07,227008,2.96015e+06,-1.21216e+09,1.49998e+11
3.5679e+07,227572,2.96072e+06,-1.58755e+09,1.49994e+11
3.56853e+07,228135,2.96129e+06,-1.96293e+09,1.4999e+11
3.56916e+07,228699,2.96187e+06,-2.33829e+09,1.49985e+11
3.5698e+07,229262,2.96244e+06,-2.71364e+09,1.49978e+11
3.57043e+07,229826,2.96301e+06,-3.08898e+09,1.49971e+11
3.57106e+07,230389,2.96359e+06,-3.46429e+09,1.49963e+11
3.57169e+07,230953,2.96417e+06,-3.83958e+09,1.49954e+11
3.57232e+07,231516,2.96474e+06,-4.21485e+09,1.49944e+11
3.57295e+07,232079,2.96533e+06,-4.59009e+09,1.49933e+11
3.57358e+07,232643,2.96591e+06,-4.96531e+09,1.49921e+11
3.57421e+07,233206,2.96649e+06,-5.34049e+09,1.49908e+11
3.57484e+07,233769,2.96707e+06,-5.71564e+09,1.49894e+11
3.57548e+07,234332,2.96766e+06,-6.09075e+09,1.49879e+11
3.57611e+07,234895,2.96825e+06,-6.46583e+09,1.49863e+11
3.57674e+07,235458,2.96884e+06,-6.84086e+09,1.49847e+11
3.57737e+07,236021,2.96943e+06,-7.21585e+09,1.49829e+11
3.578e+07,236584,2.97002e+06,-7.5908e+09,1.49811e+11
3.57863e+07,237147,2.97061e+06,-7.9657e+09,1.49791e+11
3.57926e+07,237710,2.9712e+06,-8.34054e+09,1.49771e+11
3.57989e+07,238273,2.9718e+06,-8.71534e+09,1.49749e+11
3.58053e+07,238835,2.9724e+06,-9.09008e+09,1.49727e+11
3.58116e+07,239398,2.97299e+06,-9.46477e+09,1.49704e+11
3.58179e+07,239960,2.97359e+06,-9.83939e+09,1.4968e+11
3.58242e+07,240522,2.9742e+06,-1.0214e+10,1.49655e+11
3.58305e+07,241085,2.9748e+06,-1.05885e+10,1.49629e+11
3.58368e+07,241647,2.9754e+06,-1.09629e+10,1.49602e+11
3.58431e+07,242209,2.97601e+06,-1.13373e+10,1.49574e+11
3.58494e+07,242771,2.97662e+06,-1.17115e+10,1.49545e+11
3.58557e+07,243332,2.97722e+06,-1.20858e+10,1.49515e+11
3.58621e+07,243894,2.97783e+06,-1.24599e+10,1.49484e+11
3.58684e+07,244456,2.97844e+06,-1.2834e+10,1.49453e+11
3.58747e+07,245017,2.97906e+06,-1.3208e+10,1.4942e+11
3.5881e+07,245578,2.97967e+06,-1.35819e+10,1.49387e+11
3.58873e+07,246140,2.98029e+06,-1.39557e+10,1.49352e+11
3.58936e+07,246701,2.9809e+06,-1.43294e+10,1.49317e+11
3.58999e+07,247262,2.98152e+06,-1.47031e+10,1.4928e+11
3.59062e+07,247822,2.98214e+06,-1.50766e+10,1.49243e+11
3.59125e+07,248383,2.98276e+06,-1.54501e+10,1.49205e+11
3.59189e+07,248944,2.98338e+06,-1.58234e+10,1.49166e+11
3.59252e+07,249504,2.98401e+06,-1.61967e+10,1.49126e+11
3.59315e+07,250064,2.98463e+06,-1.65698e+10,1.49085e+11
3.59378e+07,250624,2.98526e+06,-1.69429e+10,1.49043e+11
3.59441e+07,251184,2.98589e+06,-1.73158e+10,1.49e+11
3.59504e+07,251744,2.98652e+06,-1.76887e+10,1.48956e+11
3.59567e+07,252303,2.98715e+06,-1.80614e+10,1.48911e+11
3.5963e+07,252863,2.98778e+06,-1.8434e+10,1.48866e+11
3.59694e+07,253422,2.98841e+06,-1.88065e+10,1.48819e+11
3.59757e+07,253981,2.98905e+06,-1.91789e+10,1.48772e+11
3.5982e+07,254540,2.98968e+06,-1.95512e+10,1.48723e+11
3.59883e+07,255099,2.99032e+06,-1.99233e+10,1.48674e+11
3.59946e+07,255657,2.99096e+06,-2.02953e+10,1.48623e+11
3.60009e+07,256215,2.9916e+06,-2.06672e+10,1.48572e+11
3.60072e+07,256773,2.99224e+06,-2.1039e+10,1.4852e+11
3.60135e+07,257331,2.99289e+06,-2.14106e+10,1.48467e+11
3.60198e+07,257889,2.99353e+06,-2.17821e+10,1.48413e+11
3.60262e+07,258447,2.99418e+06,-2.21534e+10,1.48358e+11
3.60325e+07,259004,2.99482e+06,-2.25247e+10,1.48302e+11
3.60388e+07,259561,2.99547e+06,-2.28957e+10,1.48245e+11
3.60451e+07,260118,2.99612e+06,-2.32667e+10,1.48187e+11
3.60514e+07,260674,2.99678e+06,-2.36375e+10,1.48129e+11
3.60577e+07,261231,2.99743e+06,-2.40081e+10,1.48069e+11
3.6064e+07,261787,2.99808e+06,-2.43786e+10,1.48008e+11
3.60703e+07,262343,2.99874e+06,-2.47489e+10,1.47947e+11
3.60766e+07,262899,2.9994e+06,-2.51191e+10,1.47885e+11
3.6083e+07,263454,3.00006e+06,-2.54891e+10,1.47821e+11
3.60893e+07,264010,3.00072e+06,-2.5859e+10,1.47757e+11
3.60956e+07,264565,3.00138e+06,-2.62287e+10,1.47692e+11
3.61019e+07,265119,3.00204e+06,-2.65982e+10,1.47626e+11
3.61082e+07,265674,3.0027e+06,-2.69676e+10,1.47559e+11
3.61145e+07,266228,3.00337e+06,-2.73368e+10,1.47491e+11
3.61208e+07,266782,3.00404e+06,-2.77058e+10,1.47422e+11
3.61271e+07,267336,3.0047e+06,-2.80747e+10,1.47352e+11
3.61335e+07,267889,3.00537e+06,-2.84434e+10,1.47281e+11
3.61398e+07,268443,3.00605e+06,-2.88119e+10,1.4721e+11
3.61461e+07,268996,3.00672e+06,-2.91802e+10,1.47137e+11
3.61524e+07,269548,3.00739e+06,-2.95483e+10,1.47064e+11
3.61587e+07,270101,3.00807e+06,-2.99163e+10,1.46989e+11
3.6165e+07,270653,3.00874e+06,-3.02841e+10,1.46914e+11
3.61713e+07,271205,3.00942e+06,-3.06516e+10,1.46838e+11
3.61776e+07,271756,3.0101e+06,-3.1019e+10,1.4676e+11
3.61839e+07,272307,3.01078e+06,-3.13862e+10,1.46682e+11
3.61903e+07,272858,3.01146e+06,-3.17532e+10,1.46603e+11
3.61966e+07,273409,3.01215e+06,-3.212e+10,1.46523e+11
3.62029e+07,273959,3.01283e+06,-3.24866e+10,1.46443e+11
3.62092e+07,274509,3.01352e+06,-3.2853e+10,1.46361e+11
3.62155e+07,275059,3.01421e+06,-3.32192e+10,1.46278e+11
3.62218e+07,275608,3.0149e+06,-3.35852e+10,1.46194e+11
3.62281e+07,276158,3.01559e+06,-3.39509e+10,1.4611e+11
3.62344e+07,276706,3.01628e+06,-3.43165e+10,1.46025e+11
3.62407e+07,277255,3.01697e+06,-3.46818e+10,1.45938e+11
3.62471e+07,277803,3.01767e+06,-3.50469e+10,1.45851e+11
3.62534e+07,278351,3.01836e+06,-3.54118e+10,1.45763e+11
3.62597e+07,278898,3.01906e+06,-3.57765e+10,1.45674e+11
3.6266e+07,279445,3.01976e+06,-3.6141e+10,1.45584e+11
3.62723e+07,279992,3.02046e+06,-3.65052e+10,1.45493e+11
3.62786e+07,280539,3.02116e+06,-3.68692e+10,1.45401e+11
3.62849e+07,281085,3.02186e+06,-3.7233e+10,1.45308e+11
3.62912e+07,281631,3.02257e+06,-3.75965e+10,1.45215e+11
3.62976e+07,282176,3.02327e+06,-3.79598e+10,1.4512e+11
3.63039e+07,282721,3.02398e+06,-3.83229e+10,1.45025e+11
3.63102e+07,283266,3.02469e+06,-3.86857e+10,1.44928e+11
3.63165e+07,283810,3.0254e+06,-3.90483e+10,1.44831e+11
3.63228e+07,284354,3.02611e+06,-3.94106e+10,1.44733e+11
3.63291e+07,284898,3.02682e+06,-3.97727e+10,1.44634e+11
3.63354e+07,285441,3.02753e+06,-4.01346e+10,1.44534e+11
3.63417e+07,285984,3.02825e+06,-4.04962e+10,1.44433e+11
3.6348e+07,286526,3.02896e+06,-4.08575e+10,1.44331e+11
3.63544e+07,287068,3.02968e+06,-4.12186e+10,1.44228e+11
3.63607e+07,287610,3.0304e+06,-4.15794e+10,1.44125e+11
3.6367e+07,288151,3.03112e+06,-4.194e+10,1.4402e+11
3.63733e+07,288692,3.03184e+06,-4.23003e+10,1.43915e+11
3.63796e+07,289233,3.03257e+06,-4.26603e+10,1.43808e+11
3.63859e+07,289773,3.03329e+06,-4.30201e+10,1.43701e+11
3.63922e+07,290312,3.03402e+06,-4.33796e+10,1.43593e+11
3.63985e+07,290852,3.03475e+06,-4.37388e+10,1.43484e+11
3.64048e+07,291391,3.03547e+06,-4.40977e+10,1.43374e+11
3.64112e+07,291929,3.0362e+06,-4.44564e+10,1.43263e+11
3.64175e+07,292467,3.03693e+06,-4.48148e+10,1.43152e+11
3.64238e+07,293005,3.03767e+06,-4.51729e+10,1.43039e+11
3.64301e+07,293542,3.0384e+06,-4.55308e+10,1.42926e+11
3.64364e+07,294079,3.03914e+06,-4.58883e+10,1.42811e+11
3.64427e+07,294615,3.03987e+06,-4.62456e+10,1.42696e+11
3.6449e+07,295151,3.04061e+06,-4.66025e+10,1.4258e+11
3.64553e+07,295686,3.04135e+06,-4.69592e+10,1.42463e+11
3.64617e+07,296221,3.04209e+06,-4.73156e+10,1.42345e+11
3.6468e+07,296756,3.04283e+06,-4.76717e+10,1.42226e+11
3.64743e+07,297290,3.04358e+06,-4.80275e+10,1.42106e+11
3.64806e+07,297824,3.04432e+06,-4.8383e+10,1.41985e+11
3.64869e+07,298357,3.04507e+06,-4.87382e+10,1.41864e+11
3.64932e+07,298890,3.04581e+06,-4.9093e+10,1.41741e+11
3.64995e+07,299422,3.04656e+06,-4.94476e+10,1.41618e+11
3.65058e+07,299954,3.04731e+06,-4.98019e+10,1.41494e+11
3.65121e+07,300485,3.04806e+06,-5.01558e+10,1.41369e+11
3.65185e+07,301016,3.04882e+06,-5.05095e+10,1.41243e+11
3.65248e+07,301547,3.04957e+06,-5.08628e+10,1.41116e+11
3.65311e+07,302077,3.05033e+06,-5.12158e+10,1.40988e+11
3.65374e+07,302606,3.05108e+06,-5.15685e+10,1.4086e+11
3.65437e+07,303135,3.05184e+06,-5.19208e+10,1.4073e+11
3.655e+07,303664,3.0526e+06,-5.22729e+10,1.406e+11
3.65563e+07,304192,3.05336e+06,-5.26246e+10,1.40469e+11
3.65626e+07,304719,3.05412e+06,-5.2976e+10,1.40336e+11
3.65689e+07,305246,3.05489e+06,-5.3327e+10,1.40203e+11
3.65753e+07,305773,3.05565e+06,-5.36777e+10,1.40069e+11
3.65816e+07,306299,3.05642e+06,-5.40281e+10,1.39935e+11
3.65879e+07,306824,3.05718e+06,-5.43781e+10,1.39799e+11
3.65942e+07,307349,3.05795e+06,-5.47278e+10,1.39662e+11
3.66005e+07,307874,3.05872e+06,-5.50772e+10,1.39525e+11
3.66068e+07,308397,3.05949e+06,-5.54262e+10,1.39387e+11
3.66131e+07,308921,3.06027e+06,-5.57748e+10,1.39248e+11
3.66194e+07,309444,3.06104e+06,-5.61232e+10,1.39108e+11
3.66258e+07,309966,3.06182e+06,-5.64711e+10,1.38967e+11
3.66321e+07,310488,3.06259e+06,-5.68187e+10,1.38825e+11
3.66384e+07,311009,3.06337e+06,-5.7166e+10,1.38682e+11
3.66447e+07,311530,3.06415e+06,-5.75129e+10,1.38539e+11
3.6651e+07,312050,3.06493e+06,-5.78594e+10,1.38394e+11
3.66573e+07,312570,3.06571e+06,-5.82056e+10,1.38249e+11
3.66636e+07,313089,3.06649e+06,-5.85514e+10,1.38103e+11
3.66699e+07,313608,3.06728e+06,-5.88968e+10,1.37956e+11
3.66762e+07,314126,3.06806e+06,-5.92419e+10,1.37808e+11
3.66826e+07,314643,3.06885e+06,-5.95866e+10,1.3766e+11
3.66889e+07,315160,3.06964e+06,-5.99309e+10,1.3751e+11
3.66952e+07,315677,3.07043e+06,-6.02749e+10,1.3736e+11
3.67015e+07,316192,3.07122e+06,-6.06184e+10,1.37208e+11
3.67078e+07,316708,3.07201e+06,-6.09616e+10,1.37056e+11
3.67141e+07,317222,3.0728e+06,-6.13044e+10,1.36903e+11
3.67204e+07,317736,3.0736e+06,-6.16469e+10,1.36749e+11
3.67267e+07,318250,3.07439e+06,-6.19889e+10,1.36595e+11
3.6733e+07,318763,3.07519e+06,-6.23306e+10,1.36439e+11
3.67394e+07,319275,3.07599e+06,-6.26718e+10,1.36283e+11
3.67457e+07,319787,3.07679e+06,-6.30127e+10,1.36125e+11
3.6752e+07,320298,3.07759e+06,-6.33532e+10,1.35967e+11
3.67583e+07,320808,3.07839e+06,-6.36932e+10,1.35808e+11
3.67646e+07,321318,3.0792e+06,-6.40329e+10,1.35648e+11
3.67709e+07,321828,3.08e+06,-6.43722e+10,1.35488e+11
3.67772e+07,322336,3.08081e+06,-6.47111e+10,1.35326e+11
3.67835e+07,322845,3.08161e+06,-6.50495e+10,1.35164e+11
3.67899e+07,323352,3.08242e+06,-6.53876e+10,1.35001e+11
3.67962e+07,323859,3.08323e+06,-6.57253e+10,1.34837e+11
3.68025e+07,324365,3.08404e+06,-6.60625e+10,1.34672e+11
3.68088e+07,324871,3.08486e+06,-6.63993e+10,1.34506e+11
3.68151e+07,325376,3.08567e+06,-6.67357e+10,1.34339e+11
3.68214e+07,325880,3.08648e+06,-6.70717e+10,1.34172e+11
3.68277e+07,326384,3.0873e+06,-6.74073e+10,1.34004e+11
3.6834e+07,326887,3.08812e+06,-6.77425e+10,1.33834e+11
3.68403e+07,327390,3.08894e+06,-6.80772e+10,1.33664e+11
3.68467e+07,327892,3.08976e+06,-6.84115e+10,1.33494e+11
3.6853e+07,328393,3.09058e+06,-6.87454e+10,1.33322e+11
3.68593e+07,328894,3.0914e+06,-6.90788e+10,1.3315e+11
3.68656e+07,329393,3.09222e+06,-6.94118e+10,1.32976e+11
3.68719e+07,329893,3.09305e+06,-6.97444e+10,1.32802e+11
3.68782e+07,330391,3.09388e+06,-7.00765e+10,1.32627e+11
3.68845e+07,330889,3.0947e+06,-7.04082e+10,1.32451e+11
3.68908e+07,331387,3.09553e+06,-7.07395e+10,1.32275e+11
3.68971e+07,331883,3.09636e+06,-7.10703e+10,1.32097e+11
3.69035e+07,332379,3.09719e+06,-7.14007e+10,1.31919e+11
3.69098e+07,332875,3.09803e+06,-7.17306e+10,1.3174e+11
3.69161e+07,333369,3.09886e+06,-7.206e+10,1.3156e+11
3.69224e+07,333863,3.09969e+06,-7.23891e+10,1.31379e+11
3.69287e+07,334356,3.10053e+06,-7.27176e+10,1.31198e+11
3.6935e+07,334849,3.10137e+06,-7.30457e+10,1.31015e+11
3.69413e+07,335341,3.10221e+06,-7.33734e+10,1.30832e+11
3.69476e+07,335832,3.10305e+06,-7.37006e+10,1.30648e+11
3.69539e+07,336323,3.10389e+06,-7.40273e+10,1.30463e+11
3.69603e+07,336812,3.10473e+06,-7.43536e+10,1.30277e+11
3.69666e+07,337302,3.10557e+06,-7.46794e+10,1.30091e+11
3.69729e+07,337790,3.10642e+06,-7.50047e+10,1.29904e+11
3.69792e+07,338278,3.10726e+06,-7.53296e+10,1.29716e+11
3.69855e+07,338765,3.10811e+06,-7.5654e+10,1.29527e+11
3.69918e+07,339251,3.10896e+06,-7.59779e+10,1.29337e+11
3.69981e+07,339736,3.10981e+06,-7.63014e+10,1.29146e+11
3.70044e+07,340221,3.11066e+06,-7.66243e+10,1.28955e+11
3.70108e+07,340705,3.11151e+06,-7.69468e+10,1.28763e+11
3.70171e+07,341189,3.11237e+06,-7.72688e+10,1.2857e+11
3.70234e+07,341672,3.11322e+06,-7.75903e+10,1.28376e+11
3.70297e+07,342154,3.11408e+06,-7.79114e+10,1.28181e+11
3.7036e+07,342635,3.11493e+06,-7.82319e+10,1.27986e+11
3.70423e+07,343115,3.11579e+06,-7.8552e+10,1.2779e+11
3.70486e+07,343595,3.11665e+06,-7.88715e+10,1.27593e+11
3.70549e+07,344074,3.11751e+06,-7.91906e+10,1.27395e+11
3.70612e+07,344552,3.11837e+06,-7.95092e+10,1.27196e+11
3.70676e+07,345030,3.11924e+06,-7.98273e+10,1.26997e+11
3.70739e+07,345507,3.1201e+06,-8.01448e+10,1.26797e+11
3.70802e+07,345983,3.12096e+06,-8.04619e+10,1.26596e+11
3.70865e+07,346458,3.12183e+06,-8.07785e+10,1.26394e+11
3.70928e+07,346932,3.1227e+06,-8.10946e+10,1.26192e+11
3.70991e+07,347406,3.12357e+06,-8.14101e+10,1.25988e+11
3.71054e+07,347879,3.12444e+06,-8.17252e+10,1.25784e+11
3.71117e+07,348351,3.12531e+06,-8.20397e+10,1.25579e+11
3.7118e+07,348823,3.12618e+06,-8.23537e+10,1.25373e+11
3.71244e+07,349293,3.12706e+06,-8.26672e+10,1.25167e+11
3.71307e+07,349763,3.12793e+06,-8.29802e+10,1.2496e+11
3.7137e+07,350232,3.12881e+06,-8.32927e+10,1.24752e+11
3.71433e+07,350701,3.12968e+06,-8.36046e+10,1.24543e+11
3.71496e+07,351168,3.13056e+06,-8.39161e+10,1.24333e+11
3.71559e+07,351635,3.13144e+06,-8.42269e+10,1.24123e+11
3.71622e+07,352101,3.13232e+06,-8.45373e+10,1.23912e+11
3.71685e+07,352566,3.1332e+06,-8.48472e+10,1.237e+11
3.71749e+07,353030,3.13409e+06,-8.51565e+10,1.23487e+11
3.71812e+07,353494,3.13497e+06,-8.54652e+10,1.23273e+11
3.71875e+07,353957,3.13586e+06,-8.57735e+10,1.23059e+11
3.71938e+07,354419,3.13674e+06,-8.60812e+10,1.22844e+11
3.72001e+07,354880,3.13763e+06,-8.63883e+10,1.22628e+11
3.72064e+07,355340,3.13852e+06,-8.6695e+10,1.22412e+11
3.72127e+07,355799,3.13941e+06,-8.70011e+10,1.22194e+11
3.7219e+07,356258,3.1403e+06,-8.73066e+10,1.21976e+11
3.72253e+07,356716,3.14119e+06,-8.76116e+10,1.21757e+11
3.72317e+07,357173,3.14208e+06,-8.7916e+10,1.21538e+11
3.7238e+07,357629,3.14298e+06,-8.82199e+10,1.21317e+11
3.72443e+07,358085,3.14387e+06,-8.85232e+10,1.21096e+11
3.72506e+07,358539,3.14477e+06,-8.8826e+10,1.20874e+11
3.72569e+07,358993,3.14567e+06,-8.91282e+10,1.20651e+11
3.72632e+07,359446,3.14657e+06,-8.94299e+10,1.20428e+11
3.72695e+07,359898,3.14747e+06,-8.9731e+10,1.20204e+11
3.72758e+07,360349,3.14837e+06,-9.00316e+10,1.19979e+11
3.72821e+07,360799,3.14927e+06,-9.03315e+10,1.19753e+11
3.72885e+07,361249,3.15018e+06,-9.0631e+10,1.19527e+11
3.72948e+07,361698,3.15108e+06,-9.09298e+10,1.19299e+11
3.73011e+07,362145,3.15199e+06,-9.12281e+10,1.19072e+11
3.73074e+07,362592,3.15289e+06,-9.15258e+10,1.18843e+11
3.73137e+07,363038,3.1538e+06,-9.18229e+10,1.18613e+11
3.732e+07,363484,3.15471e+06,-9.21195e+10,1.18383e+11
3.73263e+07,363928,3.15562e+06,-9.24155e+10,1.18152e+11
3.73326e+07,364371,3.15653e+06,-9.27109e+10,1.17921e+11
3.7339e+07,364814,3.15744e+06,-9.30057e+10,1.17688e+11
3.73453e+07,365256,3.15836e+06,-9.32999e+10,1.17455e+11
3.73516e+07,365697,3.15927e+06,-9.35936e+10,1.17221e+11
3.73579e+07,366137,3.16019e+06,-9.38866e+10,1.16987e+11
3.73642e+07,366576,3.16111e+06,-9.41791e+10,1.16751e+11
3.73705e+07,367014,3.16202e+06,-9.4471e+10,1.16515e+11
3.73768e+07,367451,3.16294e+06,-9.47623e+10,1.16278e+11
3.73831e+07,367888,3.16386e+06,-9.5053e+10,1.16041e+11
3.73894e+07,368323,3.16478e+06,-9.53431e+10,1.15803e+11
3.73958e+07,368758,3.16571e+06,-9.56326e+10,1.15564e+11
3.74021e+07,369191,3.16663e+06,-9.59215e+10,1.15324e+11
3.74084e+07,369624,3.16755e+06,-9.62099e+10,1.15084e+11
3.74147e+07,370056,3.16848e+06,-9.64976e+10,1.14842e+11
3.7421e+07,370487,3.16941e+06,-9.67847e+10,1.14601e+11
3.74273e+07,370917,3.17033e+06,-9.70712e+10,1.14358e+11
3.74336e+07,371347,3.17126e+06,-9.73571e+10,1.14115e+11
3.74399e+07,371775,3.17219e+06,-9.76423e+10,1.13871e+11
3.74462e+07,372202,3.17312e+06,-9.7927e+10,1.13626e+11
3.74526e+07,372629,3.17406e+06,-9.82111e+10,1.13381e+11
3.74589e+07,373054,3.17499e+06,-9.84945e+10,1.13134e+11
3.74652e+07,373479,3.17592e+06,-9.87773e+10,1.12887e+11
3.74715e+07,373902,3.17686e+06,-9.90595e+10,1.1264e+11
3.74778e+07,374325,3.17779e+06,-9.93411e+10,1.12392e+11
3.74841e+07,374747,3.17873e+06,-9.96221e+10,1.12143e+11
3.74904e+07,375168,3.17967e+06,-9.99024e+10,1.11893e+11
3.74967e+07,375588,3.18061e+06,-1.00182e+11,1.11643e+11
3.75031e+07,376007,3.18155e+06,-1.00461e+11,1.11392e+11
3.75094e+07,376425,3.18249e+06,-1.0074e+11,1.1114e+11
3.75157e+07,376842,3.18343e+06,-1.01018e+11,1.10887e+11
3.7522e+07,377258,3.18438e+06,-1.01295e+11,1.10634e+11
3.75283e+07,377673,3.18532e+06,-1.01571e+11,1.1038e+11
3.75346e+07,378087,3.18627e+06,-1.01847e+11,1.10126e+11
3.75409e+07,378501,3.18722e+06,-1.02122e+11,1.09871e+11
3.75472e+07,378913,3.18816e+06,-1.02397e+11,1.09615e+11
3.75535e+07,379324,3.18911e+06,-1.02671e+11,1.09358e+11
3.75599e+07,379735,3.19006e+06,-1.02944e+11,1.09101e+11
3.75662e+07,380144,3.19101e+06,-1.03217e+11,1.08843e+11
3.75725e+07,380553,3.19196e+06,-1.03489e+11,1.08584e+11
3.75788e+07,380960,3.19292e+06,-1.03761e+11,1.08325e+11
3.75851e+07,381366,3.19387e+06,-1.04031e+11,1.08065e+11
3.75914e+07,381772,3.19483e+06,-1.04302e+11,1.07804e+11
3.75977e+07,382177,3.19578e+06,-1.04571e+11,1.07543e+11
3.7604e+07,382580,3.19674e+06,-1.0484e+11,1.07281e+11
3.76103e+07,382983,3.1977e+06,-1.05108e+11,1.07018e+11
3.76167e+07,383384,3.19866e+06,-1.05375e+11,1.06754e+11
3.7623e+07,383785,3.19962e+06,-1.05642e+11,1.0649e+11
3.76293e+07,384184,3.20058e+06,-1.05909e+11,1.06226e+11
3.76356e+07,384583,3.20154e+06,-1.06174e+11,1.0596e+11
3.76419e+07,384981,3.2025e+06,-1.06439e+11,1.05694e+11
3.76482e+07,385377,3.20347e+06,-1.06703e+11,1.05427e+11
3.76545e+07,385773,3.20443e+06,-1.06967e+11,1.0516e+11
3.76608e+07,386167,3.2054e+06,-1.07229e+11,1.04892e+11
3.76672e+07,386561,3.20636e+06,-1.07492e+11,1.04623e+11
3.76735e+07,386954,3.20733e+06,-1.07753e+11,1.04354e+11
3.76798e+07,387345,3.2083e+06,-1.08014e+11,1.04084e+11
3.76861e+07,387736,3.20927e+06,-1.08274e+11,1.03813e+11
3.76924e+07,388125,3.21024e+06,-1.08533e+11,1.03542e+11
3.76987e+07,388514,3.21121e+06,-1.08792e+11,1.0327e+11
3.7705e+07,388901,3.21219e+06,-1.0905e+11,1.02998e+11
3.77113e+07,389288,3.21316e+06,-1.09308e+11,1.02724e+11
3.77176e+07,389673,3.21413e+06,-1.09565e+11,1.0245e+11
3.7724e+07,390057,3.21511e+06,-1.09821e+11,1.02176e+11
3.77303e+07,390441,3.21609e+06,-1.10076e+11,1.01901e+11
3.77366e+07,390823,3.21706e+06,-1.10331e+11,1.01625e+11
3.77429e+07,391204,3.21804e+06,-1.10585e+11,1.01348e+11
3.77492e+07,391585,3.21902e+06,-1.10838e+11,1.01071e+11
3.77555e+07,391964,3.22e+06,-1.1109e+11,1.00794e+11
3.77618e+07,392342,3.22098e+06,-1.11342e+11,1.00515e+11
3.77681e+07,392719,3.22197e+06,-1.11594e+11,1.00236e+11
3.77744e+07,393095,3.22295e+06,-1.11844e+11,9.99568e+10
3.77808e+07,393470,3.22393e+06,-1.12094e+11,9.96765e+10
3.77871e+07,393844,3.22492e+06,-1.12343e+11,9.93957e+10
3.77934e+07,394217,3.22591e+06,-1.12591e+11,9.91142e+10
3.77997e+07,394589,3.22689e+06,-1.12839e+11,9.88321e+10
3.7806e+07,394960,3.22788e+06,-1.13086e+11,9.85494e+10
3.78123e+07,395330,3.22887e+06,-1.13332e+11,9.82661e+10
3.78186e+07,395698,3.22986e+06,-1.13578e+11,9.79821e+10
3.78249e+07,396066,3.23085e+06,-1.13823e+11,9.76976e+10
3.78313e+07,396432,3.23184e+06,-1.14067e+11,9.74124e+10
3.78376e+07,396798,3.23284e+06,-1.1431e+11,9.71266e+10
3.78439e+07,397162,3.23383e+06,-1.14553e+11,9.68402e+10
3.78502e+07,397525,3.23482e+06,-1.14795e+11,9.65532e+10
3.78565e+07,397888,3.23582e+06,-1.15036e+11,9.62656e+10
3.78628e+07,398249,3.23681e+06,-1.15277e+11,9.59774e+10
3.78691e+07,398609,3.23781e+06,-1.15517e+11,9.56886e+10
3.78754e+07,398968,3.23881e+06,-1.15756e+11,9.53992e+10
3.78817e+07,399326,3.23981e+06,-1.15994e+11,9.51092e+10
3.78881e+07,399682,3.24081e+06,-1.16232e+11,9.48186e+10
3.78944e+07,400038,3.24181e+06,-1.16469e+11,9.45274e+10
3.79007e+07,400393,3.24281e+06,-1.16705e+11,9.42357e+10
3.7907e+07,400746,3.24381e+06,-1.1694e+11,9.39433e+10
3.79133e+07,401099,3.24482e+06,-1.17175e+11,9.36503e+10
3.79196e+07,401450,3.24582e+06,-1.17409e+11,9.33568e+10
3.79259e+07,401800,3.24683e+06,-1.17642e+11,9.30626e+10
3.79322e+07,402149,3.24783e+06,-1.17875e+11,9.27679e+10
3.79385e+07,402497,3.24884e+06,-1.18107e+11,9.24726e+10
3.79449e+07,402844,3.24985e+06,-1.18338e+11,9.21768e+10
3.79512e+07,403190,3.25086e+06,-1.18568e+11,9.18803e+10
3.79575e+07,403534,3.25187e+06,-1.18798e+11,9.15833e+10
3.79638e+07,403878,3.25288e+06,-1.19027e+11,9.12857e+10
3.79701e+07,404220,3.25389e+06,-1.19255e+11,9.09875e+10
3.79764e+07,404562,3.2549e+06,-1.19482e+11,9.06888e+10
3.79827e+07,404902,3.25591e+06,-1.19709e+11,9.03894e+10
3.7989e+07,405241,3.25693e+06,-1.19934e+11,9.00896e+10
3.79954e+07,405579,3.25794e+06,-1.20159e+11,8.97891e+10
3.80017e+07,405916,3.25896e+06,-1.20384e+11,8.94881e+10
3.8008e+07,406251,3.25997e+06,-1.20607e+11,8.91866e+10
3.80143e+07,406586,3.26099e+06,-1.2083e+11,8.88844e+10
3.80206e+07,406919,3.26201e+06,-1.21052e+11,8.85818e+10
3.80269e+07,407251,3.26303e+06,-1.21274e+11,8.82785e+10
3.80332e+07,407582,3.26405e+06,-1.21494e+11,8.79747e+10
3.80395e+07,407912,3.26507e+06,-1.21714e+11,8.76704e+10
3.80458e+07,408241,3.26609e+06,-1.21933e+11,8.73655e+10
3.80522e+07,408569,3.26711e+06,-1.22151e+11,8.70601e+10
3.80585e+07,408895,3.26813e+06,-1.22369e+11,8.67541e+10
3.80648e+07,409221,3.26916e+06,-1.22585e+11,8.64476e+10
3.80711e+07,409545,3.27018e+06,-1.22801e+11,8.61405e+10
3.80774e+07,409868,3.27121e+06,-1.23017e+11,8.58329e+10
3.80837e+07,410190,3.27223e+06,-1.23231e+11,8.55247e+10
3.809e+07,410511,3.27326e+06,-1.23445e+11,8.52161e+10
3.80963e+07,410830,3.27429e+06,-1.23657e+11,8.49069e+10
3.81026e+07,411149,3.27532e+06,-1.2387e+11,8.45971e+10
3.8109e+07,411466,3.27634e+06,-1.24081e+11,8.42868e+10
3.81153e+07,411782,3.27738e+06,-1.24291e+11,8.3976e+10
3.81216e+07,412097,3.27841e+06,-1.24501e+11,8.36647e+10
3.81279e+07,412411,3.27944e+06,-1.2471e+11,8.33529e+10
3.81342e+07,412723,3.28047e+06,-1.24918e+11,8.30405e+10
3.81405e+07,413035,3.2815e+06,-1.25126e+11,8.27276e+10
3.81468e+07,413345,3.28254e+06,-1.25333e+11,8.24142e+10
3.81531e+07,413654,3.28357e+06,-1.25538e+11,8.21003e+10
3.81594e+07,413962,3.28461e+06,-1.25743e+11,8.17858e+10
3.81658e+07,414268,3.28564e+06,-1.25948e+11,8.14709e+10
3.81721e+07,414574,3.28668e+06,-1.26151e+11,8.11554e+10
3.81784e+07,414878,3.28772e+06,-1.26354e+11,8.08394e+10
3.81847e+07,415181,3.28876e+06,-1.26556e+11,8.05229e+10
3.8191e+07,415483,3.2898e+06,-1.26757e+11,8.0206e+10
3.81973e+07,415784,3.29084e+06,-1.26957e+11,7.98885e+10
3.82036e+07,416084,3.29188e+06,-1.27157e+11,7.95705e+10
3.82099e+07,416382,3.29292e+06,-1.27356e+11,7.9252e+10
3.82163e+07,416679,3.29396e+06,-1.27553e+11,7.8933e+10
3.82226e+07,416975,3.29501e+06,-1.27751e+11,7.86135e+10
3.82289e+07,417270,3.29605e+06,-1.27947e+11,7.82936e+10
3.82352e+07,417563,3.29709e+06,-1.28142e+11,7.79731e+10
3.82415e+07,417856,3.29814e+06,-1.28337e+11,7.76522e+10
3.82478e+07,418147,3.29919e+06,-1.28531e+11,7.73307e+10
3.82541e+07,418437,3.30023e+06,-1.28724e+11,7.70088e+10
3.82604e+07,418725,3.30128e+06,-1.28917e+11,7.66864e+10
3.82667e+07,419013,3.30233e+06,-1.29108e+11,7.63635e+10
3.82731e+07,419299,3.30338e+06,-1.29299e+11,7.60402e+10
3.82794e+07,419584,3.30443e+06,-1.29489e+11,7.57163e+10
3.82857e+07,419868,3.30548e+06,-1.29678e+11,7.5392e+10
3.8292e+07,420151,3.30653e+06,-1.29866e+11,7.50673e+10
3.82983e+07,420432,3.30758e+06,-1.30053e+11,7.4742e+10
3.83046e+07,420712,3.30863e+06,-1.3024e+11,7.44163e+10
3.83109e+07,420991,3.30969e+06,-1.30426e+11,7.40901e+10
3.83172e+07,421269,3.31074e+06,-1.30611e+11,7.37634e+10
3.83235e+07,421546,3.3118e+06,-1.30795e+11,7.34363e+10
3.83299e+07,421821,3.31285e+06,-1.30979e+11,7.31088e+10
3.83362e+07,422095,3.31391e+06,-1.31161e+11,7.27807e+10
3.83425e+07,422368,3.31496e+06,-1.31343e+11,7.24523e+10
3.83488e+07,422639,3.31602e+06,-1.31524e+11,7.21233e+10
3.83551e+07,422910,3.31708e+06,-1.31704e+11,7.17939e+10
3.83614e+07,423179,3.31814e+06,-1.31883e+11,7.14641e+10
3.83677e+07,423447,3.3192e+06,-1.32061e+11,7.11338e+10
3.8374e+07,423713,3.32026e+06,-1.32239e+11,7.08031e+10
3.83804e+07,423979,3.32132e+06,-1.32416e+11,7.04719e+10
3.83867e+07,424243,3.32238e+06,-1.32592e+11,7.01403e+10
3.8393e+07,424506,3.32344e+06,-1.32767e+11,6.98082e+10
3.83993e+07,424767,3.3245e+06,-1.32941e+11,6.94757e+10
3.84056e+07,425028,3.32557e+06,-1.33115e+11,6.91428e+10
3.84119e+07,425287,3.32663e+06,-1.33287e+11,6.88094e+10
3.84182e+07,425545,3.3277e+06,-1.33459e+11,6.84756e+10
3.84245e+07,425802,3.32876e+06,-1.3363e+11,6.81414e+10
3.84308e+07,426057,3.32983e+06,-1.338e+11,6.78068e+10
3.84372e+07,426311,3.33089e+06,-1.33969e+11,6.74717e+10
3.84435e+07,426564,3.33196e+06,-1.34138e+11,6.71362e+10
3.84498e+07,426815,3.33303e+06,-1.34305e+11,6.68003e+10
3.84561e+07,427066,3.3341e+06,-1.34472e+11,6.64639e+10
3.84624e+07,427315,3.33517e+06,-1.34638e+11,6.61272e+10
3.84687e+07,427563,3.33624e+06,-1.34803e+11,6.579e+10
3.8475e+07,427809,3.33731e+06,-1.34967e+11,6.54524e+10
3.84813e+07,428055,3.33838e+06,-1.35131e+11,6.51144e+10
3.84876e+07,428299,3.33945e+06,-1.35293e+11,6.47761e+10
3.8494e+07,428541,3.34052e+06,-1.35455e+11,6.44372e+10
3.85003e+07,428783,3.3416e+06,-1.35616e+11,6.4098e+10
3.85066e+07,429023,3.34267e+06,-1.35776e+11,6.37584e+10
3.85129e+07,429262,3.34374e+06,-1.35935e+11,6.34184e+10
3.85192e+07,429499,3.34482e+06,-1.36093e+11,6.3078e+10
3.85255e+07,429736,3.34589e+06,-1.36251e+11,6.27372e+10
3.85318e+07,429971,3.34697e+06,-1.36407e+11,6.2396e+10
3.85381e+07,430205,3.34804e+06,-1.36563e+11,6.20545e+10
3.85445e+07,430437,3.34912e+06,-1.36718e+11,6.17125e+10
3.85508e+07,430668,3.3502e+06,-1.36872e+11,6.13701e+10
3.85571e+07,430898,3.35128e+06,-1.37025e+11,6.10274e+10
3.85634e+07,431127,3.35236e+06,-1.37177e+11,6.06843e+10
3.85697e+07,431354,3.35344e+06,-1.37329e+11,6.03408e+10
3.8576e+07,431580,3.35452e+06,-1.37479e+11,5.99969e+10
3.85823e+07,431805,3.3556e+06,-1.37629e+11,5.96526e+10
3.85886e+07,432028,3.35668e+06,-1.37778e+11,5.9308e+10
3.85949e+07,432251,3.35776e+06,-1.37926e+11,5.8963e+10
3.86013e+07,432472,3.35884e+06,-1.38073e+11,5.86176e+10
3.86076e+07,432691,3.35992e+06,-1.38219e+11,5.82719e+10
3.86139e+07,432909,3.36101e+06,-1.38365e+11,5.79258e+10
3.86202e+07,433126,3.36209e+06,-1.38509e+11,5.75793e+10
3.86265e+07,433342,3.36317e+06,-1.38653e+11,5.72325e+10
3.86328e+07,433556,3.36426e+06,-1.38796e+11,5.68853e+10
3.86391e+07,433769,3.36534e+06,-1.38938e+11,5.65377e+10
3.86454e+07,433981,3.36643e+06,-1.39079e+11,5.61899e+10
3.86517e+07,434192,3.36752e+06,-1.39219e+11,5.58416e+10
3.86581e+07,434401,3.3686e+06,-1.39358e+11,5.5493e+10
3.86644e+07,434609,3.36969e+06,-1.39497e+11,5.51441e+10
3.86707e+07,434815,3.37078e+06,-1.39634e+11,5.47948e+10
3.8677e+07,435020,3.37187e+06,-1.39771e+11,5.44451e+10
3.86833e+07,435224,3.37296e+06,-1.39907e+11,5.40952e+10
3.86896e+07,435427,3.37405e+06,-1.40042e+11,5.37448e+10
3.86959e+07,435628,3.37514e+06,-1.40176e+11,5.33942e+10
3.87022e+07,435828,3.37623e+06,-1.40309e+11,5.30432e+10
3.87086e+07,436027,3.37732e+06,-1.40441e+11,5.26919e+10
3.87149e+07,436224,3.37841e+06,-1.40572e+11,5.23402e+10
3.87212e+07,436420,3.3795e+06,-1.40703e+11,5.19883e+10
3.87275e+07,436615,3.38059e+06,-1.40833e+11,5.1636e+10
3.87338e+07,436808,3.38169e+06,-1.40961e+11,5.12833e+10
3.87401e+07,437000,3.38278e+06,-1.41089e+11,5.09304e+10
3.87464e+07,437191,3.38387e+06,-1.41216e+11,5.05771e+10
3.87527e+07,437380,3.38497e+06,-1.41342e+11,5.02236e+10
3.8759e+07,437568,3.38606e+06,-1.41468e+11,4.98697e+10
3.87654e+07,437755,3.38716e+06,-1.41592e+11,4.95155e+10
3.87717e+07,437940,3.38825e+06,-1.41716e+11,4.91609e+10
3.8778e+07,438124,3.38935e+06,-1.41838e+11,4.88061e+10
3.87843e+07,438307,3.39045e+06,-1.4196e+11,4.8451e+10
3.87906e+07,438488,3.39154e+06,-1.42081e+11,4.80955e+10
3.87969e+07,438668,3.39264e+06,-1.42201e+11,4.77398e+10
3.88032e+07,438847,3.39374e+06,-1.4232e+11,4.73838e+10
3.88095e+07,439024,3.39484e+06,-1.42438e+11,4.70274e+10
3.88158e+07,439200,3.39594e+06,-1.42555e+11,4.66708e+10
3.88222e+07,439375,3.39704e+06,-1.42671e+11,4.63139e+10
3.88285e+07,439548,3.39814e+06,-1.42787e+11,4.59567e+10
3.88348e+07,439720,3.39924e+06,-1.42901e+11,4.55992e+10
3.88411e+07,439891,3.40034e+06,-1.43015e+11,4.52414e+10
3.88474e+07,440060,3.40144e+06,-1.43128e+11,4.48833e+10
3.88537e+07,440228,3.40254e+06,-1.4324e+11,4.4525e+10
3.886e+07,440395,3.40364e+06,-1.43351e+11,4.41664e+10
3.88663e+07,440560,3.40474e+06,-1.43461e+11,4.38075e+10
3.88727e+07,440724,3.40585e+06,-1.4357e+11,4.34483e+10
3.8879e+07,440886,3.40695e+06,-1.43678e+11,4.30888e+10
3.88853e+07,441048,3.40805e+06,-1.43786e+11,4.27291e+10
3.88916e+07,441207,3.40916e+06,-1.43892e+11,4.23691e+10
3.88979e+07,441366,3.41026e+06,-1.43998e+11,4.20089e+10
3.89042e+07,441523,3.41137e+06,-1.44102e+11,4.16484e+10
3.89105e+07,441679,3.41247e+06,-1.44206e+11,4.12876e+10
3.89168e+07,441833,3.41358e+06,-1.44309e+11,4.09266e+10
3.89231e+07,441986,3.41468e+06,-1.44411e+11,4.05653e+10
3.89295e+07,442138,3.41579e+06,-1.44512e+11,4.02037e+10
3.89358e+07,442288,3.4169e+06,-1.44612e+11,3.98419e+10
3.89421e+07,442437,3.418e+06,-1.44711e+11,3.94799e+10
3.89484e+07,442585,3.41911e+06,-1.4481e+11,3.91176e+10
3.89547e+07,442731,3.42022e+06,-1.44907e+11,3.87551e+10
3.8961e+07,442876,3.42133e+06,-1.45004e+11,3.83923e+10
3.89673e+07,443020,3.42244e+06,-1.45099e+11,3.80293e+10
3.89736e+07,443162,3.42354e+06,-1.45194e+11,3.7666e+10
3.89799e+07,443303,3.42465e+06,-1.45288e+11,3.73025e+10
3.89863e+07,443442,3.42576e+06,-1.45381e+11,3.69388e+10
3.89926e+07,443580,3.42687e+06,-1.45473e+11,3.65748e+10
3.89989e+07,443717,3.42798e+06,-1.45564e+11,3.62106e+10
3.90052e+07,443852,3.42909e+06,-1.45654e+11,3.58462e+10
3.90115e+07,443986,3.43021e+06,-1.45743e+11,3.54816e+10
3.90178e+07,444119,3.43132e+06,-1.45831e+11,3.51167e+10
3.90241e+07,444250,3.43243e+06,-1.45919e+11,3.47516e+10
3.90304e+07,444380,3.43354e+06,-1.46005e+11,3.43863e+10
3.90368e+07,444509,3.43465e+06,-1.46091e+11,3.40208e+10
3.90431e+07,444636,3.43577e+06,-1.46176e+11,3.36551e+10
3.90494e+07,444762,3.43688e+06,-1.46259e+11,3.32891e+10
3.90557e+07,444886,3.43799e+06,-1.46342e+11,3.2923e+10
3.9062e+07,445009,3.43911e+06,-1.46424e+11,3.25566e+10
3.90683e+07,445131,3.44022e+06,-1.46505e+11,3.21901e+10
3.90746e+07,445251,3.44133e+06,-1.46585e+11,3.18233e+10
3.90809e+07,445370,3.44245e+06,-1.46664e+11,3.14564e+10
3.90872e+07,445487,3.44356e+06,-1.46743e+11,3.10892e+10
3.90936e+07,445603,3.44468e+06,-1.4682e+11,3.07218e+10
3.90999e+07,445718,3.44579e+06,-1.46897e+11,3.03543e+10
3.91062e+07,445831,3.44691e+06,-1.46972e+11,2.99866e+10
3.91125e+07,445943,3.44802e+06,-1.47047e+11,2.96186e+10
3.91188e+07,446054,3.44914e+06,-1.4712e+11,2.92505e+10
3.91251e+07,446163,3.45026e+06,-1.47193e+11,2.88823e+10
3.91314e+07,446271,3.45137e+06,-1.47265e+11,2.85138e+10
3.91377e+07,446377,3.45249e+06,-1.47336e+11,2.81451e+10
3.9144e+07,446482,3.45361e+06,-1.47406e+11,2.77763e+10
3.91504e+07,446586,3.45473e+06,-1.47475e+11,2.74073e+10
3.91567e+07,446688,3.45584e+06,-1.47543e+11,2.70381e+10
3.9163e+07,446789,3.45696e+06,-1.4761e+11,2.66688e+10
3.91693e+07,446889,3.45808e+06,-1.47676e+11,2.62993e+10
3.91756e+07,446987,3.4592e+06,-1.47742e+11,2.59296e+10
3.91819e+07,447083,3.46032e+06,-1.47806e+11,2.55598e+10
3.91882e+07,447179,3.46144e+06,-1.4787e+11,2.51898e+10
3.91945e+07,447273,3.46256e+06,-1.47932e+11,2.48196e+10
3.92009e+07,447365,3.46368e+06,-1.47994e+11,2.44493e+10
3.92072e+07,447456,3.46479e+06,-1.48054e+11,2.40789e+10
3.92135e+07,447546,3.46591e+06,-1.48114e+11,2.37083e+10
3.92198e+07,447634,3.46704e+06,-1.48173e+11,2.33375e+10
3.92261e+07,447721,3.46816e+06,-1.48231e+11,2.29666e+10
3.92324e+07,447807,3.46928e+06,-1.48288e+11,2.25955e+10
3.92387e+07,447891,3.4704e+06,-1.48344e+11,2.22243e+10
3.9245e+07,447974,3.47152e+06,-1.48399e+11,2.1853e+10
3.92513e+07,448055,3.47264e+06,-1.48454e+11,2.14815e+10
3.92577e+07,448135,3.47376e+06,-1.48507e+11,2.11099e+10
3.9264e+07,448214,3.47488e+06,-1.48559e+11,2.07382e+10
3.92703e+07,448291,3.476e+06,-1.48611e+11,2.03663e+10
3.92766e+07,448367,3.47713e+06,-1.48661e+11,1.99944e+10
3.92829e+07,448441,3.47825e+06,-1.48711e+11,1.96222e+10
3.92892e+07,448514,3.47937e+06,-1.48759e+11,1.925e+10
3.92955e+07,448586,3.48049e+06,-1.48807e+11,1.88776e+10
3.93018e+07,448656,3.48162e+06,-1.48854e+11,1.85052e+10
3.93081e+07,448725,3.48274e+06,-1.489e+11,1.81326e+10
3.93145e+07,448793,3.48386e+06,-1.48945e+11,1.77599e+10
3.93208e+07,448859,3.48499e+06,-1.48988e+11,1.7387e+10
3.93271e+07,448923,3.48611e+06,-1.49032e+11,1.70141e+10
3.93334e+07,448986,3.48723e+06,-1.49074e+11,1.66411e+10
3.93397e+07,449048,3.48836e+06,-1.49115e+11,1.62679e+10
3.9346e+07,449109,3.48948e+06,-1.49155e+11,1.58947e+10
3.93523e+07,449168,3.4906e+06,-1.49194e+11,1.55214e+10
3.93586e+07,449225,3.49173e+06,-1.49233e+11,1.51479e+10
3.9365e+07,449281,3.49285e+06,-1.4927e+11,1.47744e+10
3.93713e+07,449336,3.49398e+06,-1.49307e+11,1.44008e+10
3.93776e+07,449390,3.4951e+06,-1.49342e+11,1.4027e+10
3.93839e+07,449442,3.49623e+06,-1.49377e+11,1.36532e+10
3.93902e+07,449492,3.49735e+06,-1.49411e+11,1.32794e+10
3.93965e+07,449541,3.49848e+06,-1.49443e+11,1.29054e+10
3.94028e+07,449589,3.4996e+06,-1.49475e+11,1.25313e+10
3.94091e+07,449635,3.50073e+06,-1.49506e+11,1.21572e+10
3.94154e+07,449680,3.50185e+06,-1.49536e+11,1.1783e+10
3.94218e+07,449724,3.50298e+06,-1.49565e+11,1.14087e+10
3.94281e+07,449766,3.5041e+06,-1.49593e+11,1.10344e+10
3.94344e+07,449807,3.50523e+06,-1.4962e+11,1.06599e+10
3.94407e+07,449846,3.50635e+06,-1.49646e+11,1.02854e+10
3.9447e+07,449884,3.50748e+06,-1.49672e+11,9.9109e+09
3.94533e+07,449921,3.50861e+06,-1.49696e+11,9.53628e+09
3.94596e+07,449956,3.50973e+06,-1.49719e+11,9.16161e+09
3.94659e+07,449989,3.51086e+06,-1.49742e+11,8.78688e+09
3.94722e+07,450022,3.51199e+06,-1.49763e+11,8.41209e+09
3.94786e+07,450053,3.51311e+06,-1.49784e+11,8.03725e+09
3.94849e+07,450082,3.51424e+06,-1.49804e+11,7.66236e+09
3.94912e+07,450110,3.51536e+06,-1.49822e+11,7.28742e+09
3.94975e+07,450137,3.51649e+06,-1.4984e+11,6.91244e+09
3.95038e+07,450162,3.51762e+06,-1.49857e+11,6.53741e+09
3.95101e+07,450186,3.51874e+06,-1.49873e+11,6.16235e+09
3.95164e+07,450208,3.51987e+06,-1.49888e+11,5.78724e+09
3.95227e+07,450229,3.521e+06,-1.49902e+11,5.4121e+09
3.9529e+07,450249,3.52212e+06,-1.49915e+11,5.03692e+09
3.95354e+07,450267,3.52325e+06,-1.49927e+11,4.66171e+09
3.95417e+07,450284,3.52438e+06,-1.49938e+11,4.28648e+09
3.9548e+07,450299,3.5255e+06,-1.49948e+11,3.91121e+09
3.95543e+07,450313,3.52663e+06,-1.49958e+11,3.53593e+09
3.95606e+07,450326,3.52776e+06,-1.49966e+11,3.16062e+09
3.95669e+07,450337,3.52889e+06,-1.49973e+11,2.78529e+09
3.95732e+07,450347,3.53001e+06,-1.4998e+11,2.40994e+09
3.95795e+07,450355,3.53114e+06,-1.49985e+11,2.03458e+09
3.95859e+07,450362,3.53227e+06,-1.4999e+11,1.6592e+09
3.95922e+07,450368,3.53339e+06,-1.49994e+11,1.28381e+09
3.95985e+07,450372,3.53452e+06,-1.49996e+11,9.08421e+08
3.96048e+07,450374,3.53565e+06,-1.49998e+11,5.33022e+08
3.96111e+07,450376,3.53678e+06,-1.49999e+11,1.57619e+08
3.96174e+07,450376,3.5379e+06,-1.49999e+11,-2.17784e+08
3.96237e+07,450374,3.53903e+06,-1.49998e+11,-5.93186e+08
3.963e+07,450371,3.54016e+06,-1.49996e+11,-9.68585e+08
3.96363e+07,450367,3.54128e+06,-1.49993e+11,-1.34398e+09
3.96427e+07,450361,3.54241e+06,-1.49989e+11,-1.71936e+09
3.9649e+07,450354,3.54354e+06,-1.49984e+11,-2.09473e+09
3.96553e+07,450345,3.54467e+06,-1.49979e+11,-2.47009e+09
3.96616e+07,450335,3.54579e+06,-1.49972e+11,-2.84544e+09
3.96679e+07,450324,3.54692e+06,-1.49965e+11,-3.22077e+09
3.96742e+07,450311,3.54805e+06,-1.49956e+11,-3.59607e+09
3.96805e+07,450297,3.54917e+06,-1.49946e+11,-3.97136e+09
3.96868e+07,450281,3.5503e+06,-1.49936e+11,-4.34661e+09
3.96931e+07,450264,3.55143e+06,-1.49925e+11,-4.72185e+09
3.96995e+07,450246,3.55255e+06,-1.49912e+11,-5.09705e+09
3.97058e+07,450226,3.55368e+06,-1.49899e+11,-5.47222e+09
3.97121e+07,450204,3.55481e+06,-1.49885e+11,-5.84735e+09
3.97184e+07,450182,3.55593e+06,-1.4987e+11,-6.22245e+09
3.97247e+07,450158,3.55706e+06,-1.49854e+11,-6.59751e+09
3.9731e+07,450132,3.55819e+06,-1.49837e+11,-6.97253e+09
3.97373e+07,450105,3.55931e+06,-1.49819e+11,-7.34751e+09
3.97436e+07,450077,3.56044e+06,-1.498e+11,-7.72244e+09
3.975e+07,450047,3.56157e+06,-1.4978e+11,-8.09732e+09
3.97563e+07,450016,3.56269e+06,-1.4976e+11,-8.47215e+09
3.97626e+07,449984,3.56382e+06,-1.49738e+11,-8.84693e+09
3.97689e+07,449950,3.56495e+06,-1.49715e+11,-9.22165e+09
3.97752e+07,449914,3.56607e+06,-1.49692e+11,-9.59631e+09
3.97815e+07,449877,3.5672e+06,-1.49667e+11,-9.97091e+09
3.97878e+07,449839,3.56832e+06,-1.49642e+11,-1.03455e+10
3.97941e+07,449800,3.56945e+06,-1.49615e+11,-1.07199e+10
3.98004e+07,449759,3.57058e+06,-1.49588e+11,-1.10943e+10
3.98068e+07,449716,3.5717e+06,-1.4956e+11,-1.14687e+10
3.98131e+07,449672,3.57283e+06,-1.49531e+11,-1.18429e+10
3.98194e+07,449627,3.57395e+06,-1.49501e+11,-1.22171e+10
3.98257e+07,449581,3.57508e+06,-1.49469e+11,-1.25913e+10
3.9832e+07,449533,3.5762e+06,-1.49437e+11,-1.29653e+10
3.98383e+07,449483,3.57733e+06,-1.49405e+11,-1.33393e+10
3.98446e+07,449432,3.57845e+06,-1.49371e+11,-1.37131e+10
3.98509e+07,449380,3.57958e+06,-1.49336e+11,-1.40869e+10
3.98572e+07,449326,3.5807e+06,-1.493e+11,-1.44606e+10
3.98636e+07,449271,3.58183e+06,-1.49264e+11,-1.48342e+10
3.98699e+07,449215,3.58295e+06,-1.49226e+11,-1.52077e+10
3.98762e+07,449157,3.58407e+06,-1.49187e+11,-1.55812e+10
3.98825e+07,449098,3.5852e+06,-1.49148e+11,-1.59545e+10
3.98888e+07,449037,3.58632e+06,-1.49107e+11,-1.63277e+10
3.98951e+07,448975,3.58745e+06,-1.49066e+11,-1.67008e+10
3.99014e+07,448912,3.58857e+06,-1.49024e+11,-1.70738e+10
3.99077e+07,448847,3.58969e+06,-1.48981e+11,-1.74467e+10
3.99141e+07,448781,3.59082e+06,-1.48937e+11,-1.78195e+10
3.99204e+07,448713,3.59194e+06,-1.48891e+11,-1.81922e+10
3.99267e+07,448644,3.59306e+06,-1.48845e+11,-1.85648e+10
3.9933e+07,448573,3.59418e+06,-1.48799e+11,-1.89373e+10
3.99393e+07,448501,3.59531e+06,-1.48751e+11,-1.93096e+10
3.99456e+07,448428,3.59643e+06,-1.48702e+11,-1.96818e+10
3.99519e+07,448354,3.59755e+06,-1.48652e+11,-2.00539e+10
3.99582e+07,448277,3.59867e+06,-1.48601e+11,-2.04259e+10
3.99645e+07,448200,3.5998e+06,-1.4855e+11,-2.07977e+10
3.99709e+07,448121,3.60092e+06,-1.48497e+11,-2.11694e+10
3.99772e+07,448041,3.60204e+06,-1.48444e+11,-2.1541e+10
3.99835e+07,447959,3.60316e+06,-1.48389e+11,-2.19125e+10
3.99898e+07,447876,3.60428e+06,-1.48334e+11,-2.22838e+10
3.99961e+07,447792,3.6054e+06,-1.48278e+11,-2.26549e+10
4.00024e+07,447706,3.60652e+06,-1.48221e+11,-2.3026e+10
4.00087e+07,447619,3.60764e+06,-1.48163e+11,-2.33968e+10
4.0015e+07,447530,3.60876e+06,-1.48104e+11,-2.37676e+10
4.00213e+07,447440,3.60988e+06,-1.48044e+11,-2.41382e+10
4.00277e+07,447349,3.611e+06,-1.47983e+11,-2.45086e+10
4.0034e+07,447256,3.61212e+06,-1.47921e+11,-2.48789e+10
4.00403e+07,447162,3.61324e+06,-1.47858e+11,-2.5249e+10
4.00466e+07,447066,3.61436e+06,-1.47795e+11,-2.5619e+10
4.00529e+07,446969,3.61548e+06,-1.4773e+11,-2.59888e+10
4.00592e+07,446871,3.6166e+06,-1.47664e+11,-2.63584e+10
4.00655e+07,446771,3.61772e+06,-1.47598e+11,-2.67279e+10
4.00718e+07,446670,3.61883e+06,-1.47531e+11,-2.70972e+10
4.00782e+07,446567,3.61995e+06,-1.47462e+11,-2.74663e+10
4.00845e+07,446464,3.62107e+06,-1.47393e+11,-2.78353e+10
4.00908e+07,446358,3.62219e+06,-1.47323e+11,-2.82041e+10
4.00971e+07,446252,3.6233e+06,-1.47252e+11,-2.85727e+10
4.01034e+07,446144,3.62442e+06,-1.4718e+11,-2.89412e+10
4.01097e+07,446034,3.62554e+06,-1.47107e+11,-2.93094e+10
4.0116e+07,445923,3.62665e+06,-1.47033e+11,-2.96775e+10
4.01223e+07,445811,3.62777e+06,-1.46959e+11,-3.00454e+10
4.01286e+07,445697,3.62888e+06,-1.46883e+11,-3.04131e+10
4.0135e+07,445583,3.63e+06,-1.46806e+11,-3.07806e+10
4.01413e+07,445466,3.63111e+06,-1.46729e+11,-3.11479e+10
4.01476e+07,445348,3.63223e+06,-1.4665e+11,-3.1515e+10
4.01539e+07,445229,3.63334e+06,-1.46571e+11,-3.18819e+10
4.01602e+07,445109,3.63446e+06,-1.46491e+11,-3.22487e+10
4.01665e+07,444987,3.63557e+06,-1.4641e+11,-3.26152e+10
4.01728e+07,444864,3.63668e+06,-1.46328e+11,-3.29815e+10
4.01791e+07,444739,3.6378e+06,-1.46244e+11,-3.33476e+10
4.01854e+07,444613,3.63891e+06,-1.46161e+11,-3.37135e+10
4.01918e+07,444486,3.64002e+06,-1.46076e+11,-3.40792e+10
4.01981e+07,444357,3.64114e+06,-1.4599e+11,-3.44447e+10
4.02044e+07,444227,3.64225e+06,-1.45903e+11,-3.481e+10
4.02107e+07,444095,3.64336e+06,-1.45816e+11,-3.5175e+10
4.0217e+07,443963,3.64447e+06,-1.45727e+11,-3.55398e+10
4.02233e+07,443828,3.64558e+06,-1.45638e+11,-3.59044e+10
4.02296e+07,443693,3.64669e+06,-1.45547e+11,-3.62688e+10
4.02359e+07,443556,3.6478e+06,-1.45456e+11,-3.66329e+10
4.02423e+07,443417,3.64891e+06,-1.45364e+11,-3.69969e+10
4.02486e+07,443278,3.65002e+06,-1.45271e+11,-3.73605e+10
4.02549e+07,443137,3.65113e+06,-1.45177e+11,-3.7724e+10
4.02612e+07,442994,3.65224e+06,-1.45082e+11,-3.80872e+10
4.02675e+07,442850,3.65335e+06,-1.44986e+11,-3.84502e+10
4.02738e+07,442705,3.65446e+06,-1.4489e+11,-3.88129e+10
4.02801e+07,442559,3.65556e+06,-1.44792e+11,-3.91754e+10
4.02864e+07,442411,3.65667e+06,-1.44694e+11,-3.95377e+10
4.02927e+07,442262,3.65778e+06,-1.44594e+11,-3.98997e+10
4.02991e+07,442111,3.65889e+06,-1.44494e+11,-4.02614e+10
4.03054e+07,441959,3.65999e+06,-1.44393e+11,-4.06229e+10
4.03117e+07,441806,3.6611e+06,-1.44291e+11,-4.09842e+10
4.0318e+07,441651,3.6622e+06,-1.44188e+11,-4.13452e+10
4.03243e+07,441495,3.66331e+06,-1.44084e+11,-4.17059e+10
4.03306e+07,441338,3.66441e+06,-1.43979e+11,-4.20664e+10
4.03369e+07,441179,3.66552e+06,-1.43873e+11,-4.24266e+10
4.03432e+07,441019,3.66662e+06,-1.43766e+11,-4.27865e+10
4.03495e+07,440857,3.66772e+06,-1.43659e+11,-4.31462e+10
4.03559e+07,440695,3.66883e+06,-1.4355e+11,-4.35056e+10
4.03622e+07,440530,3.66993e+06,-1.43441e+11,-4.38647e+10
4.03685e+07,440365,3.67103e+06,-1.43331e+11,-4.42236e+10
4.03748e+07,440198,3.67213e+06,-1.4322e+11,-4.45821e+10
4.03811e+07,440030,3.67324e+06,-1.43108e+11,-4.49404e+10
4.03874e+07,439860,3.67434e+06,-1.42995e+11,-4.52984e+10
4.03937e+07,439689,3.67544e+06,-1.42881e+11,-4.56562e+10
4.04e+07,439517,3.67654e+06,-1.42766e+11,-4.60136e+10
4.04064e+07,439344,3.67764e+06,-1.42651e+11,-4.63708e+10
4.04127e+07,439169,3.67874e+06,-1.42534e+11,-4.67276e+10
4.0419e+07,438992,3.67984e+06,-1.42417e+11,-4.70842e+10
4.04253e+07,438815,3.68093e+06,-1.42298e+11,-4.74405e+10
4.04316e+07,438636,3.68203e+06,-1.42179e+11,-4.77965e+10
4.04379e+07,438456,3.68313e+06,-1.42059e+11,-4.81522e+10
4.04442e+07,438274,3.68423e+06,-1.41938e+11,-4.85075e+10
4.04505e+07,438091,3.68532e+06,-1.41816e+11,-4.88626e+10
4.04568e+07,437907,3.68642e+06,-1.41694e+11,-4.92174e+10
4.04632e+07,437721,3.68752e+06,-1.4157e+11,-4.95718e+10
4.04695e+07,437534,3.68861e+06,-1.41445e+11,-4.9926e+10
4.04758e+07,437346,3.68971e+06,-1.4132e+11,-5.02798e+10
4.04821e+07,437157,3.6908e+06,-1.41194e+11,-5.06334e+10
4.04884e+07,436966,3.69189e+06,-1.41067e+11,-5.09866e+10
4.04947e+07,436773,3.69299e+06,-1.40938e+11,-5.13395e+10
4.0501e+07,436580,3.69408e+06,-1.4081e+11,-5.1692e+10
4.05073e+07,436385,3.69517e+06,-1.4068e+11,-5.20443e+10
4.05136e+07,436189,3.69626e+06,-1.40549e+11,-5.23962e+10
4.052e+07,435991,3.69736e+06,-1.40417e+11,-5.27478e+10
4.05263e+07,435792,3.69845e+06,-1.40285e+11,-5.3099e+10
4.05326e+07,435592,3.69954e+06,-1.40152e+11,-5.345e+10
4.05389e+07,435391,3.70063e+06,-1.40017e+11,-5.38005e+10
4.05452e+07,435188,3.70172e+06,-1.39882e+11,-5.41508e+10
4.05515e+07,434984,3.70281e+06,-1.39746e+11,-5.45007e+10
4.05578e+07,434778,3.70389e+06,-1.39609e+11,-5.48503e+10
4.05641e+07,434571,3.70498e+06,-1.39472e+11,-5.51995e+10
4.05705e+07,434363,3.70607e+06,-1.39333e+11,-5.55484e+10
4.05768e+07,434154,3.70716e+06,-1.39194e+11,-5.58969e+10
4.05831e+07,433943,3.70824e+06,-1.39053e+11,-5.62451e+10
4.05894e+07,433731,3.70933e+06,-1.38912e+11,-5.65929e+10
4.05957e+07,433518,3.71041e+06,-1.3877e+11,-5.69404e+10
4.0602e+07,433303,3.7115e+06,-1.38627e+11,-5.72875e+10
4.06083e+07,433088,3.71258e+06,-1.38483e+11,-5.76343e+10
4.06146e+07,432870,3.71367e+06,-1.38339e+11,-5.79807e+10
4.06209e+07,432652,3.71475e+06,-1.38193e+11,-5.83268e+10
4.06273e+07,432432,3.71583e+06,-1.38047e+11,-5.86724e+10
4.06336e+07,432211,3.71691e+06,-1.37899e+11,-5.90177e+10
4.06399e+07,431989,3.71799e+06,-1.37751e+11,-5.93627e+10
4.06462e+07,431765,3.71908e+06,-1.37602e+11,-5.97072e+10
4.06525e+07,431540,3.72016e+06,-1.37452e+11,-6.00514e+10
4.06588e+07,431314,3.72124e+06,-1.37302e+11,-6.03952e+10
4.06651e+07,431086,3.72231e+06,-1.3715e+11,-6.07387e+10
4.06714e+07,430857,3.72339e+06,-1.36998e+11,-6.10817e+10
4.06777e+07,430627,3.72447e+06,-1.36844e+11,-6.14244e+10
4.06841e+07,430396,3.72555e+06,-1.3669e+11,-6.17667e+10
4.06904e+07,430163,3.72663e+06,-1.36535e+11,-6.21086e+10
4.06967e+07,429929,3.7277e+06,-1.36379e+11,-6.24501e+10
4.0703e+07,429694,3.72878e+06,-1.36222e+11,-6.27912e+10
4.07093e+07,429457,3.72985e+06,-1.36065e+11,-6.3132e+10
4.07156e+07,429219,3.73093e+06,-1.35906e+11,-6.34723e+10
4.07219e+07,428980,3.732e+06,-1.35747e+11,-6.38122e+10
4.07282e+07,428740,3.73307e+06,-1.35587e+11,-6.41518e+10
4.07346e+07,428498,3.73415e+06,-1.35426e+11,-6.44909e+10
4.07409e+07,428255,3.73522e+06,-1.35264e+11,-6.48296e+10
4.07472e+07,428011,3.73629e+06,-1.35102e+11,-6.51679e+10
4.07535e+07,427765,3.73736e+06,-1.34938e+11,-6.55059e+10
4.07598e+07,427518,3.73843e+06,-1.34774e+11,-6.58434e+10
4.07661e+07,427270,3.7395e+06,-1.34608e+11,-6.61805e+10
4.07724e+07,427021,3.74057e+06,-1.34442e+11,-6.65171e+10
4.07787e+07,426771,3.74164e+06,-1.34275e+11,-6.68534e+10
4.0785e+07,426519,3.74271e+06,-1.34108e+11,-6.71892e+10
4.07914e+07,426266,3.74377e+06,-1.33939e+11,-6.75247e+10
4.07977e+07,426011,3.74484e+06,-1.3377e+11,-6.78597e+10
4.0804e+07,425756,3.74591e+06,-1.33599e+11,-6.81942e+10
4.08103e+07,425499,3.74697e+06,-1.33428e+11,-6.85284e+10
4.08166e+07,425241,3.74804e+06,-1.33256e+11,-6.88621e+10
4.08229e+07,424981,3.7491e+06,-1.33084e+11,-6.91954e+10
4.08292e+07,424721,3.75016e+06,-1.3291e+11,-6.95282e+10
4.08355e+07,424459,3.75123e+06,-1.32736e+11,-6.98606e+10
4.08418e+07,424196,3.75229e+06,-1.3256e+11,-7.01926e+10
4.08482e+07,423931,3.75335e+06,-1.32384e+11,-7.05242e+10
4.08545e+07,423666,3.75441e+06,-1.32207e+11,-7.08553e+10
4.08608e+07,423399,3.75547e+06,-1.3203e+11,-7.11859e+10
4.08671e+07,423131,3.75653e+06,-1.31851e+11,-7.15161e+10
4.08734e+07,422861,3.75759e+06,-1.31672e+11,-7.18459e+10
4.08797e+07,422591,3.75865e+06,-1.31491e+11,-7.21752e+10
4.0886e+07,422319,3.7597e+06,-1.3131e+11,-7.2504e+10
4.08923e+07,422046,3.76076e+06,-1.31128e+11,-7.28325e+10
4.08986e+07,421772,3.76181e+06,-1.30946e+11,-7.31604e+10
4.0905e+07,421496,3.76287e+06,-1.30762e+11,-7.34879e+10
4.09113e+07,421220,3.76392e+06,-1.30578e+11,-7.38149e+10
4.09176e+07,420942,3.76498e+06,-1.30393e+11,-7.41415e+10
4.09239e+07,420662,3.76603e+06,-1.30207e+11,-7.44676e+10
4.09302e+07,420382,3.76708e+06,-1.3002e+11,-7.47932e+10
4.09365e+07,420100,3.76814e+06,-1.29832e+11,-7.51184e+10
4.09428e+07,419817,3.76919e+06,-1.29644e+11,-7.54431e+10
4.09491e+07,419533,3.77024e+06,-1.29455e+11,-7.57673e+10
4.09555e+07,419248,3.77129e+06,-1.29265e+11,-7.60911e+10
4.09618e+07,418962,3.77234e+06,-1.29074e+11,-7.64143e+10
4.09681e+07,418674,3.77338e+06,-1.28882e+11,-7.67371e+10
4.09744e+07,418385,3.77443e+06,-1.2869e+11,-7.70594e+10
4.09807e+07,418095,3.77548e+06,-1.28496e+11,-7.73813e+10
4.0987e+07,417803,3.77652e+06,-1.28302e+11,-7.77026e+10
4.09933e+07,417511,3.77757e+06,-1.28108e+11,-7.80235e+10
4.09996e+07,417217,3.77861e+06,-1.27912e+11,-7.83438e+10
4.10059e+07,416922,3.77966e+06,-1.27715e+11,-7.86637e+10
4.10123e+07,416626,3.7807e+06,-1.27518e+11,-7.89831e+10
4.10186e+07,416329,3.78174e+06,-1.2732e+11,-7.9302e+10
4.10249e+07,416030,3.78278e+06,-1.27121e+11,-7.96204e+10
4.10312e+07,415730,3.78383e+06,-1.26921e+11,-7.99383e+10
4.10375e+07,415429,3.78487e+06,-1.26721e+11,-8.02557e+10
4.10438e+07,415127,3.7859e+06,-1.2652e+11,-8.05726e+10
4.10501e+07,414824,3.78694e+06,-1.26318e+11,-8.0889e+10
4.10564e+07,414519,3.78798e+06,-1.26115e+11,-8.12049e+10
4.10627e+07,414214,3.78902e+06,-1.25911e+11,-8.15202e+10
4.10691e+07,413907,3.79005e+06,-1.25707e+11,-8.18351e+10
4.10754e+07,413599,3.79109e+06,-1.25502e+11,-8.21494e+10
4.10817e+07,413289,3.79212e+06,-1.25296e+11,-8.24633e+10
4.1088e+07,412979,3.79316e+06,-1.25089e+11,-8.27766e+10
4.10943e+07,412667,3.79419e+06,-1.24881e+11,-8.30894e+10
4.11006e+07,412355,3.79522e+06,-1.24673e+11,-8.34017e+10
4.11069e+07,412041,3.79626e+06,-1.24464e+11,-8.37134e+10
4.11132e+07,411725,3.79729e+06,-1.24254e+11,-8.40247e+10
4.11196e+07,411409,3.79832e+06,-1.24043e+11,-8.43354e+10
4.11259e+07,411092,3.79935e+06,-1.23832e+11,-8.46456e+10
4.11322e+07,410773,3.80037e+06,-1.23619e+11,-8.49552e+10
4.11385e+07,410453,3.8014e+06,-1.23406e+11,-8.52643e+10
4.11448e+07,410132,3.80243e+06,-1.23193e+11,-8.55729e+10
4.11511e+07,409810,3.80345e+06,-1.22978e+11,-8.5881e+10
4.11574e+07,409487,3.80448e+06,-1.22763e+11,-8.61885e+10
4.11637e+07,409163,3.8055e+06,-1.22547e+11,-8.64954e+10
4.117e+07,408837,3.80653e+06,-1.2233e+11,-8.68019e+10
4.11764e+07,408510,3.80755e+06,-1.22112e+11,-8.71077e+10
4.11827e+07,408182,3.80857e+06,-1.21894e+11,-8.74131e+10
4.1189e+07,407853,3.80959e+06,-1.21675e+11,-8.77179e+10
4.11953e+07,407523,3.81061e+06,-1.21455e+11,-8.80221e+10
4.12016e+07,407192,3.81163e+06,-1.21234e+11,-8.83258e+10
4.12079e+07,406859,3.81265e+06,-1.21013e+11,-8.86289e+10
4.12142e+07,406526,3.81367e+06,-1.2079e+11,-8.89315e+10
4.12205e+07,406191,3.81469e+06,-1.20567e+11,-8.92335e+10
4.12268e+07,405855,3.8157e+06,-1.20344e+11,-8.9535e+10
4.12332e+07,405518,3.81672e+06,-1.20119e+11,-8.98359e+10
4.12395e+07,405180,3.81773e+06,-1.19894e+11,-9.01362e+10
4.12458e+07,404841,3.81875e+06,-1.19668e+11,-9.0436e+10
4.12521e+07,404501,3.81976e+06,-1.19441e+11,-9.07352e+10
4.12584e+07,404159,3.82077e+06,-1.19214e+11,-9.10339e+10
4.12647e+07,403817,3.82178e+06,-1.18986e+11,-9.13319e+10
4.1271e+07,403473,3.82279e+06,-1.18757e+11,-9.16294e+10
4.12773e+07,403128,3.8238e+06,-1.18527e+11,-9.19264e+10
4.12837e+07,402782,3.82481e+06,-1.18297e+11,-9.22227e+10
4.129e+07,402435,3.82582e+06,-1.18065e+11,-9.25185e+10
4.12963e+07,402087,3.82682e+06,-1.17833e+11,-9.28137e+10
4.13026e+07,401737,3.82783e+06,-1.17601e+11,-9.31083e+10
4.13089e+07,401387,3.82884e+06,-1.17367e+11,-9.34023e+10
4.13152e+07,401036,3.82984e+06,-1.17133e+11,-9.36958e+10
4.13215e+07,400683,3.83084e+06,-1.16898e+11,-9.39886e+10
4.13278e+07,400329,3.83185e+06,-1.16663e+11,-9.42809e+10
4.13341e+07,399975,3.83285e+06,-1.16426e+11,-9.45726e+10
4.13405e+07,399619,3.83385e+06,-1.16189e+11,-9.48637e+10
4.13468e+07,399262,3.83485e+06,-1.15952e+11,-9.51541e+10
4.13531e+07,398904,3.83585e+06,-1.15713e+11,-9.5444e+10
4.13594e+07,398544,3.83684e+06,-1.15474e+11,-9.57333e+10
4.13657e+07,398184,3.83784e+06,-1.15234e+11,-9.6022e+10
4.1372e+07,397823,3.83884e+06,-1.14993e+11,-9.63101e+10
4.13783e+07,397460,3.83983e+06,-1.14752e+11,-9.65976e+10
4.13846e+07,397097,3.84083e+06,-1.1451e+11,-9.68845e+10
4.13909e+07,396732,3.84182e+06,-1.14267e+11,-9.71708e+10
4.13973e+07,396367,3.84281e+06,-1.14023e+11,-9.74565e+10
4.14036e+07,396000,3.8438e+06,-1.13779e+11,-9.77415e+10
4.14099e+07,395632,3.84479e+06,-1.13534e+11,-9.8026e+10
4.14162e+07,395263,3.84578e+06,-1.13288e+11,-9.83098e+10
4.14225e+07,394893,3.84677e+06,-1.13042e+11,-9.8593e+10
4.14288e+07,394522,3.84776e+06,-1.12795e+11,-9.88756e+10
4.14351e+07,394150,3.84875e+06,-1.12547e+11,-9.91576e+10
4.14414e+07,393777,3.84973e+06,-1.12298e+11,-9.9439e+10
4.14478e+07,393403,3.85072e+06,-1.12049e+11,-9.97197e+10
4.14541e+07,393028,3.8517e+06,-1.11799e+11,-9.99998e+10
4.14604e+07,392652,3.85269e+06,-1.11549e+11,-1.00279e+11
4.14667e+07,392274,3.85367e+06,-1.11297e+11,-1.00558e+11
4.1473e+07,391896,3.85465e+06,-1.11045e+11,-1.00836e+11
4.14793e+07,391517,3.85563e+06,-1.10793e+11,-1.01114e+11
4.14856e+07,391136,3.85661e+06,-1.10539e+11,-1.01391e+11
4.14919e+07,390755,3.85759e+06,-1.10285e+11,-1.01667e+11
4.14982e+07,390372,3.85856e+06,-1.1003e+11,-1.01943e+11
4.15046e+07,389989,3.85954e+06,-1.09775e+11,-1.02218e+11
4.15109e+07,389604,3.86052e+06,-1.09519e+11,-1.02492e+11
4.15172e+07,389218,3.86149e+06,-1.09262e+11,-1.02766e+11
4.15235e+07,388832,3.86246e+06,-1.09004e+11,-1.03039e+11
4.15298e+07,388444,3.86344e+06,-1.08746e+11,-1.03312e+11
4.15361e+07,388055,3.86441e+06,-1.08487e+11,-1.03584e+11
4.15424e+07,387666,3.86538e+06,-1.08227e+11,-1.03855e+11
4.15487e+07,387275,3.86635e+06,-1.07967e+11,-1.04125e+11
4.1555e+07,386883,3.86732e+06,-1.07706e+11,-1.04395e+11
4.15614e+07,386491,3.86829e+06,-1.07445e+11,-1.04664e+11
4.15677e+07,386097,3.86925e+06,-1.07182e+11,-1.04933e+11
4.1574e+07,385702,3.87022e+06,-1.06919e+11,-1.05201e+11
4.15803e+07,385306,3.87118e+06,-1.06656e+11,-1.05468e+11
4.15866e+07,384909,3.87215e+06,-1.06391e+11,-1.05735e+11
4.15929e+07,384512,3.87311e+06,-1.06127e+11,-1.06001e+11
4.15992e+07,384113,3.87407e+06,-1.05861e+11,-1.06266e+11
4.16055e+07,383713,3.87503e+06,-1.05595e+11,-1.06531e+11
4.16119e+07,383312,3.87599e+06,-1.05328e+11,-1.06795e+11
4.16182e+07,382911,3.87695e+06,-1.0506e+11,-1.07058e+11
4.16245e+07,382508,3.87791e+06,-1.04792e+11,-1.0732e+11
4.16308e+07,382104,3.87887e+06,-1.04523e+11,-1.07582e+11
4.16371e+07,381699,3.87982e+06,-1.04253e+11,-1.07844e+11
4.16434e+07,381294,3.88078e+06,-1.03983e+11,-1.08104e+11
4.16497e+07,380887,3.88173e+06,-1.03712e+11,-1.08364e+11
4.1656e+07,380479,3.88268e+06,-1.03441e+11,-1.08623e+11
4.16623e+07,380071,3.88363e+06,-1.03168e+11,-1.08882e+11
4.16687e+07,379661,3.88459e+06,-1.02896e+11,-1.0914e+11
4.1675e+07,379251,3.88554e+06,-1.02622e+11,-1.09397e+11
4.16813e+07,378839,3.88648e+06,-1.02348e+11,-1.09653e+11
4.16876e+07,378427,3.88743e+06,-1.02073e+11,-1.09909e+11
4.16939e+07,378013,3.88838e+06,-1.01798e+11,-1.10164e+11
4.17002e+07,377599,3.88932e+06,-1.01522e+11,-1.10419e+11
4.17065e+07,377183,3.89027e+06,-1.01245e+11,-1.10672e+11
4.17128e+07,376767,3.89121e+06,-1.00968e+11,-1.10926e+11
4.17191e+07,376350,3.89215e+06,-1.0069e+11,-1.11178e+11
4.17255e+07,375932,3.8931e+06,-1.00411e+11,-1.1143e+11
4.17318e+07,375513,3.89404e+06,-1.00132e+11,-1.1168e+11
4.17381e+07,375092,3.89497e+06,-9.98523e+10,-1.11931e+11
4.17444e+07,374671,3.89591e+06,-9.95718e+10,-1.1218e+11
4.17507e+07,374249,3.89685e+06,-9.92907e+10,-1.12429e+11
4.1757e+07,373827,3.89779e+06,-9.9009e+10,-1.12677e+11
4.17633e+07,373403,3.89872e+06,-9.87267e+10,-1.12925e+11
4.17696e+07,372978,3.89966e+06,-9.84438e+10,-1.13171e+11
4.1776e+07,372552,3.90059e+06,-9.81602e+10,-1.13417e+11
4.17823e+07,372126,3.90152e+06,-9.78761e+10,-1.13663e+11
4.17886e+07,371698,3.90245e+06,-9.75913e+10,-1.13907e+11
4.17949e+07,371270,3.90338e+06,-9.73059e+10,-1.14151e+11
4.18012e+07,370840,3.90431e+06,-9.70199e+10,-1.14394e+11
4.18075e+07,370410,3.90524e+06,-9.67333e+10,-1.14637e+11
4.18138e+07,369979,3.90616e+06,-9.64461e+10,-1.14879e+11
4.18201e+07,369547,3.90709e+06,-9.61583e+10,-1.1512e+11
4.18264e+07,369114,3.90801e+06,-9.58698e+10,-1.1536e+11
4.18328e+07,368680,3.90894e+06,-9.55808e+10,-1.15599e+11
4.18391e+07,368245,3.90986e+06,-9.52912e+10,-1.15838e+11
4.18454e+07,367809,3.91078e+06,-9.5001e+10,-1.16076e+11
4.18517e+07,367373,3.9117e+06,-9.47102e+10,-1.16314e+11
4.1858e+07,366935,3.91262e+06,-9.44188e+10,-1.16551e+11
4.18643e+07,366497,3.91354e+06,-9.41268e+10,-1.16786e+11
4.18706e+07,366058,3.91445e+06,-9.38342e+10,-1.17022e+11
4.18769e+07,365618,3.91537e+06,-9.3541e+10,-1.17256e+11
4.18832e+07,365177,3.91628e+06,-9.32473e+10,-1.1749e+11
4.18896e+07,364735,3.9172e+06,-9.29529e+10,-1.17723e+11
4.18959e+07,364292,3.91811e+06,-9.2658e+10,-1.17955e+11
4.19022e+07,363848,3.91902e+06,-9.23625e+10,-1.18187e+11
4.19085e+07,363404,3.91993e+06,-9.20664e+10,-1.18417e+11
4.19148e+07,362958,3.92084e+06,-9.17697e+10,-1.18647e+11
4.19211e+07,362512,3.92175e+06,-9.14725e+10,-1.18877e+11
4.19274e+07,362065,3.92265e+06,-9.11747e+10,-1.19105e+11
4.19337e+07,361617,3.92356e+06,-9.08763e+10,-1.19333e+11
4.19401e+07,361168,3.92446e+06,-9.05774e+10,-1.1956e+11
4.19464e+07,360719,3.92537e+06,-9.02779e+10,-1.19787e+11
4.19527e+07,360268,3.92627e+06,-8.99778e+10,-1.20012e+11
4.1959e+07,359817,3.92717e+06,-8.96771e+10,-1.20237e+11
4.19653e+07,359365,3.92807e+06,-8.93759e+10,-1.20461e+11
4.19716e+07,358912,3.92897e+06,-8.90742e+10,-1.20684e+11
4.19779e+07,358458,3.92987e+06,-8.87718e+10,-1.20907e+11
4.19842e+07,358003,3.93076e+06,-8.84689e+10,-1.21129e+11
4.19905e+07,357548,3.93166e+06,-8.81655e+10,-1.2135e+11
4.19969e+07,357091,3.93255e+06,-8.78615e+10,-1.2157e+11
4.20032e+07,356634,3.93345e+06,-8.7557e+10,-1.21789e+11
4.20095e+07,356176,3.93434e+06,-8.72519e+10,-1.22008e+11
4.20158e+07,355717,3.93523e+06,-8.69463e+10,-1.22226e+11
4.20221e+07,355258,3.93612e+06,-8.66401e+10,-1.22443e+11
4.20284e+07,354797,3.93701e+06,-8.63334e+10,-1.2266e+11
4.20347e+07,354336,3.93789e+06,-8.60261e+10,-1.22876e+11
4.2041e+07,353874,3.93878e+06,-8.57183e+10,-1.2309e+11
4.20473e+07,353411,3.93967e+06,-8.541e+10,-1.23305e+11
4.20537e+07,352947,3.94055e+06,-8.51011e+10,-1.23518e+11
4.206e+07,352483,3.94143e+06,-8.47917e+10,-1.23731e+11
4.20663e+07,352017,3.94231e+06,-8.44818e+10,-1.23942e+11
4.20726e+07,351551,3.94319e+06,-8.41713e+10,-1.24153e+11
4.20789e+07,351084,3.94407e+06,-8.38603e+10,-1.24364e+11
4.20852e+07,350617,3.94495e+06,-8.35488e+10,-1.24573e+11
4.20915e+07,350148,3.94583e+06,-8.32368e+10,-1.24782e+11
4.20978e+07,349679,3.9467e+06,-8.29242e+10,-1.2499e+11
4.21041e+07,349209,3.94758e+06,-8.26111e+10,-1.25197e+11
4.21105e+07,348738,3.94845e+06,-8.22975e+10,-1.25403e+11
4.21168e+07,348267,3.94932e+06,-8.19834e+10,-1.25609e+11
4.21231e+07,347794,3.95019e+06,-8.16688e+10,-1.25814e+11
4.21294e+07,347321,3.95106e+06,-8.13536e+10,-1.26018e+11
4.21357e+07,346847,3.95193e+06,-8.1038e+10,-1.26221e+11
4.2142e+07,346373,3.9528e+06,-8.07218e+10,-1.26423e+11
4.21483e+07,345897,3.95367e+06,-8.04052e+10,-1.26625e+11
4.21546e+07,345421,3.95453e+06,-8.0088e+10,-1.26826e+11
4.2161e+07,344944,3.9554e+06,-7.97703e+10,-1.27026e+11
4.21673e+07,344467,3.95626e+06,-7.94522e+10,-1.27225e+11
4.21736e+07,343988,3.95712e+06,-7.91335e+10,-1.27423e+11
4.21799e+07,343509,3.95798e+06,-7.88143e+10,-1.27621e+11
4.21862e+07,343029,3.95884e+06,-7.84947e+10,-1.27818e+11
4.21925e+07,342549,3.9597e+06,-7.81745e+10,-1.28014e+11
4.21988e+07,342067,3.96055e+06,-7.78539e+10,-1.28209e+11
4.22051e+07,341585,3.96141e+06,-7.75328e+10,-1.28404e+11
4.22114e+07,341102,3.96226e+06,-7.72112e+10,-1.28597e+11
4.22178e+07,340619,3.96312e+06,-7.68891e+10,-1.2879e+11
4.22241e+07,340135,3.96397e+06,-7.65665e+10,-1.28982e+11
4.22304e+07,339650,3.96482e+06,-7.62435e+10,-1.29173e+11
4.22367e+07,339164,3.96567e+06,-7.59199e+10,-1.29364e+11
4.2243e+07,338677,3.96652e+06,-7.55959e+10,-1.29553e+11
4.22493e+07,338190,3.96736e+06,-7.52715e+10,-1.29742e+11
4.22556e+07,337702,3.96821e+06,-7.49465e+10,-1.2993e+11
4.22619e+07,337214,3.96905e+06,-7.46211e+10,-1.30117e+11
4.22682e+07,336725,3.9699e+06,-7.42952e+10,-1.30304e+11
4.22746e+07,336235,3.97074e+06,-7.39688e+10,-1.30489e+11
4.22809e+07,335744,3.97158e+06,-7.3642e+10,-1.30674e+11
4.22872e+07,335253,3.97242e+06,-7.33147e+10,-1.30858e+11
4.22935e+07,334761,3.97326e+06,-7.2987e+10,-1.31041e+11
4.22998e+07,334268,3.9741e+06,-7.26588e+10,-1.31223e+11
4.23061e+07,333775,3.97493e+06,-7.23302e+10,-1.31405e+11
4.23124e+07,333281,3.97577e+06,-7.20011e+10,-1.31585e+11
4.23187e+07,332786,3.9766e+06,-7.16715e+10,-1.31765e+11
4.23251e+07,332290,3.97743e+06,-7.13415e+10,-1.31944e+11
4.23314e+07,331794,3.97826e+06,-7.10111e+10,-1.32122e+11
4.23377e+07,331298,3.97909e+06,-7.06802e+10,-1.32299e+11
4.2344e+07,330800,3.97992e+06,-7.03488e+10,-1.32476e+11
4.23503e+07,330302,3.98075e+06,-7.00171e+10,-1.32652e+11
4.23566e+07,329803,3.98158e+06,-6.96848e+10,-1.32826e+11
4.23629e+07,329304,3.9824e+06,-6.93522e+10,-1.33e+11
4.23692e+07,328804,3.98322e+06,-6.90191e+10,-1.33173e+11
4.23755e+07,328303,3.98405e+06,-6.86856e+10,-1.33346e+11
4.23819e+07,327802,3.98487e+06,-6.83516e+10,-1.33517e+11
4.23882e+07,327300,3.98569e+06,-6.80173e+10,-1.33688e+11
4.23945e+07,326797,3.98651e+06,-6.76825e+10,-1.33858e+11
4.24008e+07,326294,3.98732e+06,-6.73472e+10,-1.34027e+11
4.24071e+07,325790,3.98814e+06,-6.70116e+10,-1.34195e+11
4.24134e+07,325286,3.98895e+06,-6.66755e+10,-1.34362e+11
4.24197e+07,324780,3.98977e+06,-6.6339e+10,-1.34529e+11
4.2426e+07,324275,3.99058e+06,-6.60021e+10,-1.34694e+11
4.24323e+07,323768,3.99139e+06,-6.56648e+10,-1.34859e+11
4.24387e+07,323261,3.9922e+06,-6.53271e+10,-1.35023e+11
4.2445e+07,322754,3.99301e+06,-6.49889e+10,-1.35186e+11
4.24513e+07,322245,3.99381e+06,-6.46504e+10,-1.35348e+11
4.24576e+07,321737,3.99462e+06,-6.43115e+10,-1.3551e+11
4.24639e+07,321227,3.99543e+06,-6.39721e+10,-1.3567e+11
4.24702e+07,320717,3.99623e+06,-6.36324e+10,-1.3583e+11
4.24765e+07,320206,3.99703e+06,-6.32922e+10,-1.35989e+11
4.24828e+07,319695,3.99783e+06,-6.29517e+10,-1.36147e+11
4.24892e+07,319183,3.99863e+06,-6.26107e+10,-1.36304e+11
4.24955e+07,318671,3.99943e+06,-6.22694e+10,-1.3646e+11
4.25018e+07,318158,4.00023e+06,-6.19277e+10,-1.36615e+11
4.25081e+07,317644,4.00102e+06,-6.15856e+10,-1.3677e+11
4.25144e+07,317130,4.00182e+06,-6.12431e+10,-1.36924e+11
4.25207e+07,316615,4.00261e+06,-6.09002e+10,-1.37076e+11
4.2527e+07,316100,4.0034e+06,-6.05569e+10,-1.37228e+11
4.25333e+07,315584,4.00419e+06,-6.02133e+10,-1.3738e+11
4.25396e+07,315068,4.00498e+06,-5.98693e+10,-1.3753e+11
4.2546e+07,314551,4.00577e+06,-5.95249e+10,-1.37679e+11
4.25523e+07,314033,4.00655e+06,-5.91801e+10,-1.37828e+11
4.25586e+07,313515,4.00734e+06,-5.8835e+10,-1.37975e+11
4.25649e+07,312996,4.00812e+06,-5.84895e+10,-1.38122e+11
4.25712e+07,312477,4.00891e+06,-5.81436e+10,-1.38268e+11
4.25775e+07,311957,4.00969e+06,-5.77974e+10,-1.38413e+11
4.25838e+07,311437,4.01047e+06,-5.74508e+10,-1.38558e+11
4.25901e+07,310916,4.01125e+06,-5.71038e+10,-1.38701e+11
4.25964e+07,310395,4.01202e+06,-5.67565e+10,-1.38843e+11
4.26028e+07,309873,4.0128e+06,-5.64088e+10,-1.38985e+11
4.26091e+07,309350,4.01358e+06,-5.60608e+10,-1.39126e+11
4.26154e+07,308827,4.01435e+06,-5.57124e+10,-1.39266e+11
4.26217e+07,308304,4.01512e+06,-5.53637e+10,-1.39405e+11
4.2628e+07,307780,4.01589e+06,-5.50146e+10,-1.39543e+11
4.26343e+07,307255,4.01666e+06,-5.46652e+10,-1.3968e+11
4.26406e+07,306730,4.01743e+06,-5.43155e+10,-1.39816e+11
4.26469e+07,306204,4.0182e+06,-5.39654e+10,-1.39952e+11
4.26533e+07,305678,4.01896e+06,-5.36149e+10,-1.40086e+11
4.26596e+07,305152,4.01973e+06,-5.32642e+10,-1.4022e+11
4.26659e+07,304625,4.02049e+06,-5.2913e+10,-1.40353e+11
4.26722e+07,304097,4.02125e+06,-5.25616e+10,-1.40485e+11
4.26785e+07,303569,4.02201e+06,-5.22098e+10,-1.40616e+11
4.26848e+07,303040,4.02277e+06,-5.18578e+10,-1.40746e+11
4.26911e+07,302511,4.02353e+06,-5.15053e+10,-1.40876e+11
4.26974e+07,301982,4.02429e+06,-5.11526e+10,-1.41004e+11
4.27037e+07,301452,4.02504e+06,-5.07995e+10,-1.41132e+11
4.27101e+07,300921,4.02579e+06,-5.04462e+10,-1.41258e+11
4.27164e+07,300390,4.02655e+06,-5.00925e+10,-1.41384e+11
4.27227e+07,299859,4.0273e+06,-4.97385e+10,-1.41509e+11
4.2729e+07,299327,4.02805e+06,-4.93841e+10,-1.41633e+11
4.27353e+07,298794,4.0288e+06,-4.90295e+10,-1.41756e+11
4.27416e+07,298262,4.02954e+06,-4.86746e+10,-1.41879e+11
4.27479e+07,297728,4.03029e+06,-4.83193e+10,-1.42e+11
4.27542e+07,297194,4.03103e+06,-4.79638e+10,-1.4212e+11
4.27605e+07,296660,4.03178e+06,-4.76079e+10,-1.4224e+11
4.27669e+07,296126,4.03252e+06,-4.72518e+10,-1.42359e+11
4.27732e+07,295591,4.03326e+06,-4.68954e+10,-1.42477e+11
4.27795e+07,295055,4.034e+06,-4.65386e+10,-1.42593e+11
4.27858e+07,294519,4.03474e+06,-4.61816e+10,-1.4271e+11
4.27921e+07,293983,4.03547e+06,-4.58243e+10,-1.42825e+11
4.27984e+07,293446,4.03621e+06,-4.54667e+10,-1.42939e+11
4.28047e+07,292908,4.03694e+06,-4.51088e+10,-1.43052e+11
4.2811e+07,292371,4.03767e+06,-4.47506e+10,-1.43165e+11
4.28174e+07,291833,4.0384e+06,-4.43922e+10,-1.43276e+11
4.28237e+07,291294,4.03913e+06,-4.40335e+10,-1.43387e+11
4.283e+07,290755,4.03986e+06,-4.36745e+10,-1.43497e+11
4.28363e+07,290216,4.04059e+06,-4.33152e+10,-1.43605e+11
4.28426e+07,289676,4.04131e+06,-4.29556e+10,-1.43713e+11
4.28489e+07,289136,4.04204e+06,-4.25958e+10,-1.4382e+11
4.28552e+07,288595,4.04276e+06,-4.22357e+10,-1.43927e+11
4.28615e+07,288054,4.04348e+06,-4.18754e+10,-1.44032e+11
4.28678e+07,287513,4.0442e+06,-4.15148e+10,-1.44136e+11
4.28742e+07,286971,4.04492e+06,-4.11539e+10,-1.4424e+11
4.28805e+07,286429,4.04564e+06,-4.07928e+10,-1.44342e+11
4.28868e+07,285886,4.04636e+06,-4.04314e+10,-1.44444e+11
4.28931e+07,285344,4.04707e+06,-4.00698e+10,-1.44545e+11
4.28994e+07,284800,4.04778e+06,-3.97079e+10,-1.44644e+11
4.29057e+07,284257,4.0485e+06,-3.93458e+10,-1.44743e+11
4.2912e+07,283713,4.04921e+06,-3.89834e+10,-1.44841e+11
4.29183e+07,283168,4.04992e+06,-3.86207e+10,-1.44939e+11
4.29246e+07,282623,4.05063e+06,-3.82579e+10,-1.45035e+11
4.2931e+07,282078,4.05133e+06,-3.78948e+10,-1.4513e+11
4.29373e+07,281533,4.05204e+06,-3.75314e+10,-1.45224e+11
4.29436e+07,280987,4.05274e+06,-3.71678e+10,-1.45318e+11
4.29499e+07,280441,4.05344e+06,-3.6804e+10,-1.4541e+11
4.29562e+07,279894,4.05414e+06,-3.644e+10,-1.45502e+11
4.29625e+07,279347,4.05484e+06,-3.60757e+10,-1.45593e+11
4.29688e+07,278800,4.05554e+06,-3.57112e+10,-1.45683e+11
4.29751e+07,278253,4.05624e+06,-3.53465e+10,-1.45772e+11
4.29815e+07,277705,4.05694e+06,-3.49816e+10,-1.4586e+11
4.29878e+07,277157,4.05763e+06,-3.46164e+10,-1.45947e+11
4.29941e+07,276608,4.05832e+06,-3.4251e+10,-1.46033e+11
4.30004e+07,276059,4.05901e+06,-3.38854e+10,-1.46118e+11
4.30067e+07,275510,4.0597e+06,-3.35196e+10,-1.46202e+11
4.3013e+07,274961,4.06039e+06,-3.31536e+10,-1.46286e+11
4.30193e+07,274411,4.06108e+06,-3.27874e+10,-1.46368e+11
4.30256e+07,273861,4.06177e+06,-3.2421e+10,-1.4645e+11
4.30319e+07,273310,4.06245e+06,-3.20543e+10,-1.46531e+11
4.30383e+07,272760,4.06314e+06,-3.16875e+10,-1.4661e+11
4.30446e+07,272209,4.06382e+06,-3.13205e+10,-1.46689e+11
4.30509e+07,271657,4.0645e+06,-3.09532e+10,-1.46767e+11
4.30572e+07,271106,4.06518e+06,-3.05858e+10,-1.46844e+11
4.30635e+07,270554,4.06585e+06,-3.02182e+10,-1.4692e+11
4.30698e+07,270002,4.06653e+06,-2.98504e+10,-1.46995e+11
4.30761e+07,269449,4.06721e+06,-2.94824e+10,-1.4707e+11
4.30824e+07,268896,4.06788e+06,-2.91142e+10,-1.47143e+11
4.30887e+07,268343,4.06855e+06,-2.87459e+10,-1.47215e+11
4.30951e+07,267790,4.06922e+06,-2.83773e+10,-1.47287e+11
4.31014e+07,267237,4.06989e+06,-2.80086e+10,-1.47358e+11
4.31077e+07,266683,4.07056e+06,-2.76397e+10,-1.47427e+11
4.3114e+07,266129,4.07123e+06,-2.72707e+10,-1.47496e+11
4.31203e+07,265575,4.07189e+06,-2.69015e+10,-1.47564e+11
4.31266e+07,265020,4.07256e+06,-2.65321e+10,-1.47631e+11
4.31329e+07,264465,4.07322e+06,-2.61625e+10,-1.47696e+11
4.31392e+07,263910,4.07388e+06,-2.57928e+10,-1.47761e+11
4.31456e+07,263355,4.07454e+06,-2.54229e+10,-1.47826e+11
4.31519e+07,262799,4.0752e+06,-2.50528e+10,-1.47889e+11
4.31582e+07,262243,4.07586e+06,-2.46826e+10,-1.47951e+11
4.31645e+07,261687,4.07651e+06,-2.43122e+10,-1.48012e+11
4.31708e+07,261131,4.07717e+06,-2.39417e+10,-1.48073e+11
4.31771e+07,260575,4.07782e+06,-2.35711e+10,-1.48132e+11
4.31834e+07,260018,4.07847e+06,-2.32002e+10,-1.48191e+11
4.31897e+07,259461,4.07912e+06,-2.28293e+10,-1.48248e+11
4.3196e+07,258904,4.07977e+06,-2.24582e+10,-1.48305e+11
4.32024e+07,258347,4.08042e+06,-2.20869e+10,-1.48361e+11
4.32087e+07,257789,4.08106e+06,-2.17156e+10,-1.48415e+11
4.3215e+07,257231,4.08171e+06,-2.1344e+10,-1.48469e+11
4.32213e+07,256673,4.08235e+06,-2.09724e+10,-1.48522e+11
4.32276e+07,256115,4.08299e+06,-2.06006e+10,-1.48574e+11
4.32339e+07,255557,4.08363e+06,-2.02287e+10,-1.48625e+11
4.32402e+07,254998,4.08427e+06,-1.98567e+10,-1.48676e+11
4.32465e+07,254440,4.08491e+06,-1.94845e+10,-1.48725e+11
4.32528e+07,253881,4.08554e+06,-1.91122e+10,-1.48773e+11
4.32592e+07,253322,4.08618e+06,-1.87398e+10,-1.4882e+11
4.32655e+07,252763,4.08681e+06,-1.83673e+10,-1.48867e+11
4.32718e+07,252203,4.08744e+06,-1.79947e+10,-1.48912e+11
4.32781e+07,251644,4.08807e+06,-1.76219e+10,-1.48957e+11
4.32844e+07,251084,4.0887e+06,-1.72491e+10,-1.49001e+11
4.32907e+07,250524,4.08933e+06,-1.68761e+10,-1.49043e+11
4.3297e+07,249964,4.08996e+06,-1.6503e+10,-1.49085e+11
4.33033e+07,249404,4.09058e+06,-1.61298e+10,-1.49126e+11
4.33097e+07,248843,4.09121e+06,-1.57566e+10,-1.49166e+11
4.3316e+07,248283,4.09183e+06,-1.53832e+10,-1.49205e+11
4.33223e+07,247722,4.09245e+06,-1.50097e+10,-1.49243e+11
4.33286e+07,247161,4.09307e+06,-1.46361e+10,-1.4928e+11
4.33349e+07,246600,4.09369e+06,-1.42625e+10,-1.49316e+11
4.33412e+07,246039,4.0943e+06,-1.38887e+10,-1.49351e+11
4.33475e+07,245478,4.09492e+06,-1.35149e+10,-1.49386e+11
4.33538e+07,244917,4.09553e+06,-1.3141e+10,-1.49419e+11
4.33601e+07,244355,4.09614e+06,-1.2767e+10,-1.49451e+11
4.33665e+07,243793,4.09675e+06,-1.23929e+10,-1.49483e+11
4.33728e+07,243232,4.09736e+06,-1.20187e+10,-1.49513e+11
4.33791e+07,242670,4.09797e+06,-1.16445e+10,-1.49543e+11
4.33854e+07,242108,4.09858e+06,-1.12702e+10,-1.49572e+11
4.33917e+07,241546,4.09918e+06,-1.08958e+10,-1.49599e+11
4.3398e+07,240984,4.09979e+06,-1.05214e+10,-1.49626e+11
4.34043e+07,240422,4.10039e+06,-1.01469e+10,-1.49652e+11
4.34106e+07,239859,4.10099e+06,-9.7723e+09,-1.49677e+11
4.34169e+07,239297,4.10159e+06,-9.39766e+09,-1.49701e+11
4.34233e+07,238734,4.10219e+06,-9.02297e+09,-1.49724e+11
4.34296e+07,238172,4.10278e+06,-8.64821e+09,-1.49746e+11
4.34359e+07,237609,4.10338e+06,-8.27341e+09,-1.49767e+11
4.34422e+07,237046,4.10397e+06,-7.89855e+09,-1.49788e+11
4.34485e+07,236483,4.10457e+06,-7.52364e+09,-1.49807e+11
4.34548e+07,235921,4.10516e+06,-7.14869e+09,-1.49825e+11
4.34611e+07,235358,4.10575e+06,-6.77369e+09,-1.49843e+11
4.34674e+07,234795,4.10634e+06,-6.39865e+09,-1.49859e+11
4.34737e+07,234231,4.10692e+06,-6.02357e+09,-1.49875e+11
4.34801e+07,233668,4.10751e+06,-5.64845e+09,-1.49889e+11
4.34864e+07,233105,4.10809e+06,-5.27329e+09,-1.49903e+11
4.34927e+07,232542,4.10867e+06,-4.8981e+09,-1.49916e+11
4.3499e+07,231979,4.10926e+06,-4.52289e+09,-1.49927e+11
4.35053e+07,231415,4.10984e+06,-4.14764e+09,-1.49938e+11
4.35116e+07,230852,4.11041e+06,-3.77237e+09,-1.49948e+11
4.35179e+07,230288,4.11099e+06,-3.39707e+09,-1.49957e+11
4.35242e+07,229725,4.11157e+06,-3.02175e+09,-1.49965e+11
4.35306e+07,229161,4.11214e+06,-2.64642e+09,-1.49972e+11
4.35369e+07,228598,4.11271e+06,-2.27106e+09,-1.49978e+11
4.35432e+07,228034,4.11329e+06,-1.89569e+09,-1.49984e+11
4.35495e+07,227471,4.11386e+06,-1.52032e+09,-1.49988e+11
4.35558e+07,226907,4.11442e+06,-1.14493e+09,-1.49991e+11
4.35621e+07,226344,4.11499e+06,-7.69531e+08,-1.49994e+11
4.35684e+07,225780,4.11556e+06,-3.9413e+08,-1.49995e+11
4.35747e+07,225217,4.11612e+06,-1.87266e+07,-1.49996e+11
4.3581e+07,224653,4.11668e+06,3.56677e+08,-1.49995e+11
4.35874e+07,224089,4.11725e+06,7.32078e+08,-1.49994e+11
4.35937e+07,223526,4.11781e+06,1.10747e+09,-1.49992e+11
4.36e+07,222962,4.11836e+06,1.48286e+09,-1.49988e+11
4.36063e+07,222399,4.11892e+06,1.85824e+09,-1.49984e+11
4.36126e+07,221835,4.11948e+06,2.23361e+09,-1.49979e+11
4.36189e+07,221272,4.12003e+06,2.60897e+09,-1.49973e+11
4.36252e+07,220708,4.12059e+06,2.98431e+09,-1.49966e+11
4.36315e+07,220145,4.12114e+06,3.35963e+09,-1.49958e+11
4.36378e+07,219581,4.12169e+06,3.73492e+09,-1.49949e+11
4.36442e+07,219018,4.12224e+06,4.1102e+09,-1.49939e+11
4.36505e+07,218455,4.12278e+06,4.48545e+09,-1.49929e+11
4.36568e+07,217891,4.12333e+06,4.86067e+09,-1.49917e+11
4.36631e+07,217328,4.12387e+06,5.23586e+09,-1.49904e+11
4.36694e+07,216765,4.12442e+06,5.61102e+09,-1.49891e+11
4.36757e+07,216202,4.12496e+06,5.98614e+09,-1.49876e+11
4.3682e+07,215639,4.1255e+06,6.36123e+09,-1.49861e+11
4.36883e+07,215076,4.12604e+06,6.73627e+09,-1.49844e+11
4.36947e+07,214513,4.12658e+06,7.11128e+09,-1.49827e+11
4.3701e+07,213950,4.12711e+06,7.48624e+09,-1.49809e+11
4.37073e+07,213387,4.12765e+06,7.86115e+09,-1.4979e+11
4.37136e+07,212824,4.12818e+06,8.23601e+09,-1.49769e+11
4.37199e+07,212261,4.12871e+06,8.61082e+09,-1.49748e+11
4.37262e+07,211699,4.12924e+06,8.98558e+09,-1.49726e+11
4.37325e+07,211136,4.12977e+06,9.36028e+09,-1.49703e+11
4.37388e+07,210574,4.1303e+06,9.73492e+09,-1.49679e+11
4.37451e+07,210012,4.13083e+06,1.01095e+10,-1.49655e+11
4.37515e+07,209449,4.13135e+06,1.0484e+10,-1.49629e+11
4.37578e+07,208887,4.13187e+06,1.08585e+10,-1.49602e+11
4.37641e+07,208325,4.1324e+06,1.12329e+10,-1.49575e+11
4.37704e+07,207763,4.13292e+06,1.16072e+10,-1.49546e+11
4.37767e+07,207201,4.13344e+06,1.19814e+10,-1.49516e+11
4.3783e+07,206640,4.13395e+06,1.23556e+10,-1.49486e+11
4.37893e+07,206078,4.13447e+06,1.27297e+10,-1.49455e+11
4.37956e+07,205517,4.13499e+06,1.31037e+10,-1.49422e+11
4.38019e+07,204955,4.1355e+06,1.34776e+10,-1.49389e+11
4.38083e+07,204394,4.13601e+06,1.38515e+10,-1.49355e+11
4.38146e+07,203833,4.13652e+06,1.42252e+10,-1.4932e+11
4.38209e+07,203272,4.13703e+06,1.45989e+10,-1.49284e+11
4.38272e+07,202711,4.13754e+06,1.49724e+10,-1.49247e+11
4.38335e+07,202150,4.13805e+06,1.53459e+10,-1.49209e+11
4.38398e+07,201590,4.13855e+06,1.57193e+10,-1.4917e+11
4.38461e+07,201029,4.13906e+06,1.60926e+10,-1.4913e+11
4.38524e+07,200469,4.13956e+06,1.64658e+10,-1.49089e+11
4.38588e+07,199909,4.14006e+06,1.68389e+10,-1.49048e+11
4.38651e+07,199349,4.14056e+06,1.72119e+10,-1.49005e+11
4.38714e+07,198789,4.14106e+06,1.75847e+10,-1.48961e+11
4.38777e+07,198230,4.14155e+06,1.79575e+10,-1.48917e+11
4.3884e+07,197670,4.14205e+06,1.83301e+10,-1.48872e+11
4.38903e+07,197111,4.14254e+06,1.87027e+10,-1.48825e+11
4.38966e+07,196552,4.14304e+06,1.90751e+10,-1.48778e+11
4.39029e+07,195993,4.14353e+06,1.94474e+10,-1.4873e+11
4.39092e+07,195434,4.14402e+06,1.98195e+10,-1.48681e+11
4.39156e+07,194876,4.1445e+06,2.01916e+10,-1.48631e+11
4.39219e+07,194317,4.14499e+06,2.05635e+10,-1.4858e+11
4.39282e+07,193759,4.14548e+06,2.09353e+10,-1.48528e+11
4.39345e+07,193201,4.14596e+06,2.1307e+10,-1.48475e+11
4.39408e+07,192644,4.14644e+06,2.16785e+10,-1.48421e+11
4.39471e+07,192086,4.14693e+06,2.20499e+10,-1.48366e+11
4.39534e+07,191529,4.14741e+06,2.24212e+10,-1.48311e+11
4.39597e+07,190971,4.14788e+06,2.27923e+10,-1.48254e+11
4.3966e+07,190415,4.14836e+06,2.31632e+10,-1.48196e+11
4.39724e+07,189858,4.14884e+06,2.35341e+10,-1.48138e+11
4.39787e+07,189301,4.14931e+06,2.39048e+10,-1.48079e+11
4.3985e+07,188745,4.14979e+06,2.42753e+10,-1.48018e+11
4.39913e+07,188189,4.15026e+06,2.46457e+10,-1.47957e+11
4.39976e+07,187633,4.15073e+06,2.50159e+10,-1.47895e+11
4.40039e+07,187078,4.1512e+06,2.5386e+10,-1.47832e+11
4.40102e+07,186522,4.15166e+06,2.57559e+10,-1.47768e+11
4.40165e+07,185967,4.15213e+06,2.61256e+10,-1.47703e+11
4.40229e+07,185412,4.15259e+06,2.64952e+10,-1.47637e+11
4.40292e+07,184858,4.15306e+06,2.68646e+10,-1.4757e+11
4.40355e+07,184304,4.15352e+06,2.72339e+10,-1.47503e+11
4.40418e+07,183749,4.15398e+06,2.76029e+10,-1.47434e+11
4.40481e+07,183196,4.15444e+06,2.79718e+10,-1.47365e+11
4.40544e+07,182642,4.1549e+06,2.83406e+10,-1.47294e+11
4.40607e+07,182089,4.15535e+06,2.87091e+10,-1.47223e+11
4.4067e+07,181536,4.15581e+06,2.90775e+10,-1.4715e+11
4.40733e+07,180983,4.15626e+06,2.94457e+10,-1.47077e+11
4.40797e+07,180431,4.15671e+06,2.98137e+10,-1.47003e+11
4.4086e+07,179878,4.15717e+06,3.01815e+10,-1.46928e+11
4.40923e+07,179326,4.15762e+06,3.05492e+10,-1.46852e+11
4.40986e+07,178775,4.15806e+06,3.09166e+10,-1.46775e+11
4.41049e+07,178223,4.15851e+06,3.12838e+10,-1.46697e+11
4.41112e+07,177672,4.15896e+06,3.16509e+10,-1.46618e+11
4.41175e+07,177122,4.1594e+06,3.20177e+10,-1.46539e+11
4.41238e+07,176571,4.15984e+06,3.23844e+10,-1.46458e+11
4.41301e+07,176021,4.16028e+06,3.27508e+10,-1.46377e+11
4.41365e+07,175471,4.16072e+06,3.31171e+10,-1.46294e+11
4.41428e+07,174922,4.16116e+06,3.34831e+10,-1.46211e+11
4.41491e+07,174373,4.1616e+06,3.3849e+10,-1.46127e+11
4.41554e+07,173824,4.16203e+06,3.42146e+10,-1.46041e+11
4.41617e+07,173275,4.16247e+06,3.458e+10,-1.45955e+11
4.4168e+07,172727,4.1629e+06,3.49451e+10,-1.45868e+11
4.41743e+07,172179,4.16333e+06,3.53101e+10,-1.4578e+11
4.41806e+07,171631,4.16376e+06,3.56749e+10,-1.45692e+11
4.4187e+07,171084,4.16419e+06,3.60394e+10,-1.45602e+11
4.41933e+07,170537,4.16462e+06,3.64037e+10,-1.45511e+11
4.41996e+07,169991,4.16505e+06,3.67677e+10,-1.4542e+11
4.42059e+07,169445,4.16547e+06,3.71316e+10,-1.45327e+11
4.42122e+07,168899,4.16589e+06,3.74952e+10,-1.45234e+11
4.42185e+07,168353,4.16632e+06,3.78585e+10,-1.4514e+11
4.42248e+07,167808,4.16674e+06,3.82217e+10,-1.45044e+11
4.42311e+07,167263,4.16716e+06,3.85846e+10,-1.44948e+11
4.42374e+07,166719,4.16757e+06,3.89472e+10,-1.44851e+11
4.42438e+07,166175,4.16799e+06,3.93096e+10,-1.44753e+11
4.42501e+07,165631,4.16841e+06,3.96718e+10,-1.44654e+11
4.42564e+07,165088,4.16882e+06,4.00337e+10,-1.44555e+11
4.42627e+07,164545,4.16923e+06,4.03954e+10,-1.44454e+11
4.4269e+07,164002,4.16964e+06,4.07568e+10,-1.44353e+11
4.42753e+07,163460,4.17005e+06,4.11179e+10,-1.4425e+11
4.42816e+07,162918,4.17046e+06,4.14788e+10,-1.44147e+11
4.42879e+07,162377,4.17087e+06,4.18394e+10,-1.44042e+11
4.42942e+07,161836,4.17127e+06,4.21998e+10,-1.43937e+11
4.43006e+07,161295,4.17168e+06,4.25599e+10,-1.43831e+11
4.43069e+07,160755,4.17208e+06,4.29198e+10,-1.43724e+11
4.43132e+07,160215,4.17248e+06,4.32793e+10,-1.43616e+11
4.43195e+07,159676,4.17288e+06,4.36386e+10,-1.43508e+11
4.43258e+07,159137,4.17328e+06,4.39977e+10,-1.43398e+11
4.43321e+07,158598,4.17368e+06,4.43564e+10,-1.43287e+11
4.43384e+07,158060,4.17408e+06,4.47149e+10,-1.43176e+11
4.43447e+07,157522,4.17447e+06,4.50731e+10,-1.43064e+11
4.43511e+07,156985,4.17486e+06,4.5431e+10,-1.4295e+11
4.43574e+07,156448,4.17526e+06,4.57886e+10,-1.42836e+11
4.43637e+07,155912,4.17565e+06,4.6146e+10,-1.42721e+11
4.437e+07,155376,4.17604e+06,4.6503e+10,-1.42605e+11
4.43763e+07,154840,4.17643e+06,4.68598e+10,-1.42488e+11
4.43826e+07,154305,4.17681e+06,4.72163e+10,-1.42371e+11
4.43889e+07,153770,4.1772e+06,4.75724e+10,-1.42252e+11
4.43952e+07,153236,4.17758e+06,4.79283e+10,-1.42133e+11
4.44015e+07,152702,4.17796e+06,4.82839e+10,-1.42012e+11
4.44079e+07,152169,4.17835e+06,4.86392e+10,-1.41891e+11
4.44142e+07,151636,4.17873e+06,4.89941e+10,-1.41769e+11
4.44205e+07,151103,4.17911e+06,4.93488e+10,-1.41646e+11
4.44268e+07,150571,4.17948e+06,4.97031e+10,-1.41522e+11
4.44331e+07,150040,4.17986e+06,5.00572e+10,-1.41397e+11
4.44394e+07,149509,4.18023e+06,5.04109e+10,-1.41271e+11
4.44457e+07,148978,4.18061e+06,5.07643e+10,-1.41145e+11
4.4452e+07,148448,4.18098e+06,5.11174e+10,-1.41017e+11
4.44583e+07,147919,4.18135e+06,5.14702e+10,-1.40889e+11
4.44647e+07,147389,4.18172e+06,5.18226e+10,-1.40759e+11
4.4471e+07,146861,4.18209e+06,5.21748e+10,-1.40629e+11
4.44773e+07,146333,4.18245e+06,5.25266e+10,-1.40498e+11
4.44836e+07,145805,4.18282e+06,5.2878e+10,-1.40366e+11
4.44899e+07,145278,4.18318e+06,5.32292e+10,-1.40234e+11
4.44962e+07,144751,4.18355e+06,5.358e+10,-1.401e+11
4.45025e+07,144225,4.18391e+06,5.39304e+10,-1.39965e+11
4.45088e+07,143699,4.18427e+06,5.42806e+10,-1.3983e+11
4.45152e+07,143174,4.18463e+06,5.46304e+10,-1.39694e+11
4.45215e+07,142650,4.18499e+06,5.49798e+10,-1.39557e+11
4.45278e+07,142126,4.18534e+06,5.53289e+10,-1.39419e+11
4.45341e+07,141602,4.1857e+06,5.56777e+10,-1.3928e+11
4.45404e+07,141079,4.18605e+06,5.60261e+10,-1.3914e+11
4.45467e+07,140556,4.1864e+06,5.63741e+10,-1.38999e+11
4.4553e+07,140034,4.18675e+06,5.67219e+10,-1.38858e+11
4.45593e+07,139513,4.1871e+06,5.70692e+10,-1.38715e+11
4.45656e+07,138992,4.18745e+06,5.74162e+10,-1.38572e+11
4.4572e+07,138472,4.1878e+06,5.77628e+10,-1.38428e+11
4.45783e+07,137952,4.18815e+06,5.81091e+10,-1.38283e+11
4.45846e+07,137433,4.18849e+06,5.8455e+10,-1.38137e+11
4.45909e+07,136914,4.18883e+06,5.88006e+10,-1.3799e+11
4.45972e+07,136396,4.18918e+06,5.91457e+10,-1.37843e+11
4.46035e+07,135878,4.18952e+06,5.94905e+10,-1.37694e+11
4.46098e+07,135361,4.18986e+06,5.9835e+10,-1.37545e+11
4.46161e+07,134844,4.19019e+06,6.0179e+10,-1.37395e+11
4.46224e+07,134328,4.19053e+06,6.05227e+10,-1.37244e+11
4.46288e+07,133813,4.19087e+06,6.0866e+10,-1.37092e+11
4.46351e+07,133298,4.1912e+06,6.12089e+10,-1.36939e+11
4.46414e+07,132784,4.19153e+06,6.15514e+10,-1.36785e+11
4.46477e+07,132270,4.19187e+06,6.18936e+10,-1.36631e+11
4.4654e+07,131757,4.1922e+06,6.22354e+10,-1.36476e+11
4.46603e+07,131245,4.19253e+06,6.25767e+10,-1.36319e+11
4.46666e+07,130733,4.19285e+06,6.29177e+10,-1.36162e+11
4.46729e+07,130222,4.19318e+06,6.32583e+10,-1.36005e+11
4.46793e+07,129711,4.1935e+06,6.35985e+10,-1.35846e+11
4.46856e+07,129201,4.19383e+06,6.39383e+10,-1.35686e+11
4.46919e+07,128691,4.19415e+06,6.42777e+10,-1.35526e+11
4.46982e+07,128182,4.19447e+06,6.46167e+10,-1.35364e+11
4.47045e+07,127674,4.19479e+06,6.49552e+10,-1.35202e+11
4.47108e+07,127166,4.19511e+06,6.52934e+10,-1.35039e+11
4.47171e+07,126659,4.19543e+06,6.56312e+10,-1.34876e+11
4.47234e+07,126153,4.19575e+06,6.59685e+10,-1.34711e+11
4.47297e+07,125647,4.19606e+06,6.63055e+10,-1.34545e+11
4.47361e+07,125142,4.19637e+06,6.6642e+10,-1.34379e+11
4.47424e+07,124637,4.19669e+06,6.69781e+10,-1.34212e+11
4.47487e+07,124133,4.197e+06,6.73138e+10,-1.34044e+11
4.4755e+07,123630,4.19731e+06,6.76491e+10,-1.33875e+11
4.47613e+07,123127,4.19762e+06,6.79839e+10,-1.33705e+11
4.47676e+07,122625,4.19792e+06,6.83183e+10,-1.33535e+11
4.47739e+07,122124,4.19823e+06,6.86523e+10,-1.33363e+11
4.47802e+07,121623,4.19854e+06,6.89859e+10,-1.33191e+11
4.47865e+07,121123,4.19884e+06,6.9319e+10,-1.33018e+11
4.47929e+07,120623,4.19914e+06,6.96517e+10,-1.32844e+11
4.47992e+07,120125,4.19944e+06,6.9984e+10,-1.32669e+11
4.48055e+07,119626,4.19974e+06,7.03158e+10,-1.32494e+11
4.48118e+07,119129,4.20004e+06,7.06472e+10,-1.32317e+11
4.48181e+07,118632,4.20034e+06,7.09781e+10,-1.3214e+11
4.48244e+07,118136,4.20064e+06,7.13086e+10,-1.31962e+11
4.48307e+07,117640,4.20093e+06,7.16387e+10,-1.31783e+11
4.4837e+07,117146,4.20123e+06,7.19683e+10,-1.31603e+11
4.48433e+07,116652,4.20152e+06,7.22974e+10,-1.31423e+11
4.48497e+07,116158,4.20181e+06,7.26261e+10,-1.31242e+11
4.4856e+07,115665,4.2021e+06,7.29544e+10,-1.31059e+11
4.48623e+07,115173,4.20239e+06,7.32821e+10,-1.30876e+11
4.48686e+07,114682,4.20268e+06,7.36095e+10,-1.30693e+11
4.48749e+07,114191,4.20296e+06,7.39363e+10,-1.30508e+11
4.48812e+07,113701,4.20325e+06,7.42627e+10,-1.30322e+11
4.48875e+07,113212,4.20353e+06,7.45887e+10,-1.30136e+11
4.48938e+07,112723,4.20381e+06,7.49141e+10,-1.29949e+11
4.49002e+07,112235,4.2041e+06,7.52391e+10,-1.29761e+11
4.49065e+07,111748,4.20438e+06,7.55636e+10,-1.29573e+11
4.49128e+07,111262,4.20465e+06,7.58877e+10,-1.29383e+11
4.49191e+07,110776,4.20493e+06,7.62113e+10,-1.29193e+11
4.49254e+07,110291,4.20521e+06,7.65344e+10,-1.29002e+11
4.49317e+07,109806,4.20548e+06,7.6857e+10,-1.2881e+11
4.4938e+07,109323,4.20576e+06,7.71791e+10,-1.28617e+11
4.49443e+07,108840,4.20603e+06,7.75008e+10,-1.28423e+11
4.49506e+07,108358,4.2063e+06,7.7822e+10,-1.28229e+11
4.4957e+07,107876,4.20657e+06,7.81427e+10,-1.28034e+11
4.49633e+07,107396,4.20684e+06,7.84629e+10,-1.27838e+11
4.49696e+07,106916,4.20711e+06,7.87826e+10,-1.27641e+11
4.49759e+07,106436,4.20738e+06,7.91018e+10,-1.27443e+11
4.49822e+07,105958,4.20764e+06,7.94205e+10,-1.27245e+11
4.49885e+07,105480,4.20791e+06,7.97387e+10,-1.27046e+11
4.49948e+07,105003,4.20817e+06,8.00564e+10,-1.26846e+11
4.50011e+07,104527,4.20843e+06,8.03736e+10,-1.26645e+11
4.50074e+07,104052,4.2087e+06,8.06903e+10,-1.26444e+11
4.50138e+07,103577,4.20896e+06,8.10065e+10,-1.26241e+11
4.50201e+07,103103,4.20921e+06,8.13222e+10,-1.26038e+11
4.50264e+07,102630,4.20947e+06,8.16374e+10,-1.25834e+11
4.50327e+07,102157,4.20973e+06,8.19521e+10,-1.2563e+11
4.5039e+07,101686,4.20998e+06,8.22663e+10,-1.25424e+11
4.50453e+07,101215,4.21024e+06,8.25799e+10,-1.25218e+11
4.50516e+07,100745,4.21049e+06,8.28931e+10,-1.25011e+11
4.50579e+07,100275,4.21074e+06,8.32057e+10,-1.24803e+11
4.50643e+07,99806.9,4.21099e+06,8.35178e+10,-1.24594e+11
4.50706e+07,99339.2,4.21124e+06,8.38293e+10,-1.24385e+11
4.50769e+07,98872.2,4.21149e+06,8.41404e+10,-1.24175e+11
4.50832e+07,98406,4.21174e+06,8.44509e+10,-1.23964e+11
4.50895e+07,97940.7,4.21198e+06,8.47609e+10,-1.23752e+11
4.50958e+07,97476.1,4.21223e+06,8.50704e+10,-1.23539e+11
4.51021e+07,97012.3,4.21247e+06,8.53793e+10,-1.23326e+11
4.51084e+07,96549.3,4.21271e+06,8.56877e+10,-1.23112e+11
4.51147e+07,96087.2,4.21295e+06,8.59955e+10,-1.22897e+11
4.51211e+07,95625.8,4.21319e+06,8.63028e+10,-1.22682e+11
4.51274e+07,95165.3,4.21343e+06,8.66096e+10,-1.22465e+11
4.51337e+07,94705.5,4.21367e+06,8.69158e+10,-1.22248e+11
4.514e+07,94246.6,4.21391e+06,8.72215e+10,-1.2203e+11
4.51463e+07,93788.5,4.21414e+06,8.75267e+10,-1.21812e+11
4.51526e+07,93331.2,4.21437e+06,8.78313e+10,-1.21592e+11
4.51589e+07,92874.8,4.21461e+06,8.81353e+10,-1.21372e+11
4.51652e+07,92419.2,4.21484e+06,8.84388e+10,-1.21151e+11
4.51715e+07,91964.4,4.21507e+06,8.87417e+10,-1.20929e+11
4.51779e+07,91510.4,4.2153e+06,8.90441e+10,-1.20707e+11
4.51842e+07,91057.3,4.21553e+06,8.93459e+10,-1.20484e+11
4.51905e+07,90605.1,4.21576e+06,8.96472e+10,-1.2026e+11
4.51968e+07,90153.6,4.21598e+06,8.99479e+10,-1.20035e+11
4.52031e+07,89703,4.21621e+06,9.0248e+10,-1.19809e+11
4.52094e+07,89253.3,4.21643e+06,9.05476e+10,-1.19583e+11
4.52157e+07,88804.4,4.21665e+06,9.08466e+10,-1.19356e+11
4.5222e+07,88356.4,4.21688e+06,9.11451e+10,-1.19128e+11
4.52284e+07,87909.2,4.2171e+06,9.14429e+10,-1.189e+11
4.52347e+07,87462.9,4.21732e+06,9.17402e+10,-1.18671e+11
4.5241e+07,87017.4,4.21753e+06,9.20369e+10,-1.18441e+11
4.52473e+07,86572.9,4.21775e+06,9.23331e+10,-1.1821e+11
4.52536e+07,86129.1,4.21797e+06,9.26286e+10,-1.17979e+11
4.52599e+07,85686.3,4.21818e+06,9.29236e+10,-1.17746e+11
4.52662e+07,85244.3,4.2184e+06,9.3218e+10,-1.17513e+11
4.52725e+07,84803.2,4.21861e+06,9.35119e+10,-1.1728e+11
4.52788e+07,84363,4.21882e+06,9.38051e+10,-1.17045e+11
4.52852e+07,83923.7,4.21903e+06,9.40977e+10,-1.1681e+11
4.52915e+07,83485.2,4.21924e+06,9.43898e+10,-1.16574e+11
4.52978e+07,83047.7,4.21945e+06,9.46812e+10,-1.16338e+11
4.53041e+07,82611,4.21966e+06,9.49721e+10,-1.161e+11
4.53104e+07,82175.2,4.21986e+06,9.52624e+10,-1.15862e+11
4.53167e+07,81740.3,4.22007e+06,9.55521e+10,-1.15624e+11
4.5323e+07,81306.3,4.22027e+06,9.58412e+10,-1.15384e+11
4.53293e+07,80873.3,4.22047e+06,9.61296e+10,-1.15144e+11
4.53356e+07,80441.1,4.22068e+06,9.64175e+10,-1.14903e+11
4.5342e+07,80009.8,4.22088e+06,9.67048e+10,-1.14661e+11
4.53483e+07,79579.4,4.22108e+06,9.69915e+10,-1.14419e+11
4.53546e+07,79150,4.22128e+06,9.72775e+10,-1.14176e+11
4.53609e+07,78721.4,4.22147e+06,9.7563e+10,-1.13932e+11
4.53672e+07,78293.8,4.22167e+06,9.78478e+10,-1.13687e+11
4.53735e+07,77867.1,4.22186e+06,9.8132e+10,-1.13442e+11
4.53798e+07,77441.3,4.22206e+06,9.84157e+10,-1.13196e+11
4.53861e+07,77016.5,4.22225e+06,9.86987e+10,-1.1295e+11
4.53925e+07,76592.6,4.22244e+06,9.8981e+10,-1.12702e+11
4.53988e+07,76169.6,4.22264e+06,9.92628e+10,-1.12454e+11
4.54051e+07,75747.5,4.22283e+06,9.95439e+10,-1.12205e+11
4.54114e+07,75326.4,4.22301e+06,9.98245e+10,-1.11956e+11
4.54177e+07,74906.2,4.2232e+06,1.00104e+11,-1.11706e+11
4.5424e+07,74487,4.22339e+06,1.00384e+11,-1.11455e+11
4.54303e+07,74068.7,4.22358e+06,1.00662e+11,-1.11203e+11
4.54366e+07,73651.3,4.22376e+06,1.0094e+11,-1.10951e+11
4.54429e+07,73234.9,4.22394e+06,1.01218e+11,-1.10698e+11
4.54493e+07,72819.5,4.22413e+06,1.01494e+11,-1.10444e+11
4.54556e+07,72405,4.22431e+06,1.0177e+11,-1.1019e+11
4.54619e+07,71991.4,4.22449e+06,1.02046e+11,-1.09935e+11
4.54682e+07,71578.8,4.22467e+06,1.02321e+11,-1.09679e+11
4.54745e+07,71167.2,4.22485e+06,1.02595e+11,-1.09423e+11
4.54808e+07,70756.6,4.22503e+06,1.02868e+11,-1.09166e+11
4.54871e+07,70346.9,4.2252e+06,1.03141e+11,-1.08908e+11
4.54934e+07,69938.2,4.22538e+06,1.03414e+11,-1.08649e+11
4.54997e+07,69530.4,4.22555e+06,1.03685e+11,-1.0839e+11
4.55061e+07,69123.6,4.22573e+06,1.03956e+11,-1.0813e+11
4.55124e+07,68717.8,4.2259e+06,1.04226e+11,-1.0787e+11
4.55187e+07,68313,4.22607e+06,1.04496e+11,-1.07609e+11
4.5525e+07,67909.2,4.22624e+06,1.04765e+11,-1.07347e+11
4.55313e+07,67506.4,4.22641e+06,1.05033e+11,-1.07084e+11
4.55376e+07,67104.5,4.22658e+06,1.05301e+11,-1.06821e+11
4.55439e+07,66703.6,4.22675e+06,1.05568e+11,-1.06557e+11
4.55502e+07,66303.8,4.22691e+06,1.05835e+11,-1.06293e+11
4.55566e+07,65904.9,4.22708e+06,1.061e+11,-1.06028e+11
4.55629e+07,65507,4.22724e+06,1.06365e+11,-1.05762e+11
4.55692e+07,65110.1,4.22741e+06,1.0663e+11,-1.05495e+11
4.55755e+07,64714.2,4.22757e+06,1.06893e+11,-1.05228e+11
4.55818e+07,64319.4,4.22773e+06,1.07156e+11,-1.0496e+11
4.55881e+07,63925.5,4.22789e+06,1.07419e+11,-1.04692e+11
4.55944e+07,63532.6,4.22805e+06,1.0768e+11,-1.04422e+11
4.56007e+07,63140.8,4.22821e+06,1.07941e+11,-1.04153e+11
4.5607e+07,62750,4.22836e+06,1.08202e+11,-1.03882e+11
4.56134e+07,62360.2,4.22852e+06,1.08461e+11,-1.03611e+11
4.56197e+07,61971.4,4.22868e+06,1.0872e+11,-1.03339e+11
4.5626e+07,61583.6,4.22883e+06,1.08979e+11,-1.03067e+11
4.56323e+07,61196.8,4.22899e+06,1.09236e+11,-1.02794e+11
4.56386e+07,60811.1,4.22914e+06,1.09493e+11,-1.0252e+11
4.56449e+07,60426.4,4.22929e+06,1.09749e+11,-1.02246e+11
4.56512e+07,60042.8,4.22944e+06,1.10005e+11,-1.01971e+11
4.56575e+07,59660.2,4.22959e+06,1.1026e+11,-1.01695e+11
4.56638e+07,59278.6,4.22974e+06,1.10514e+11,-1.01419e+11
4.56702e+07,58898,4.22989e+06,1.10768e+11,-1.01142e+11
4.56765e+07,58518.5,4.23003e+06,1.1102e+11,-1.00864e+11
4.56828e+07,58140.1,4.23018e+06,1.11272e+11,-1.00586e+11
4.56891e+07,57762.7,4.23032e+06,1.11524e+11,-1.00307e+11
4.56954e+07,57386.3,4.23047e+06,1.11775e+11,-1.00028e+11
4.57017e+07,57011,4.23061e+06,1.12025e+11,-9.9748e+10
4.5708e+07,56636.7,4.23075e+06,1.12274e+11,-9.94673e+10
4.57143e+07,56263.5,4.2309e+06,1.12522e+11,-9.9186e+10
4.57207e+07,55891.4,4.23104e+06,1.1277e+11,-9.89041e+10
4.5727e+07,55520.3,4.23118e+06,1.13017e+11,-9.86216e+10
4.57333e+07,55150.3,4.23131e+06,1.13264e+11,-9.83384e+10
4.57396e+07,54781.3,4.23145e+06,1.1351e+11,-9.80547e+10
4.57459e+07,54413.4,4.23159e+06,1.13755e+11,-9.77703e+10
4.57522e+07,54046.6,4.23172e+06,1.13999e+11,-9.74853e+10
4.57585e+07,53680.8,4.23186e+06,1.14243e+11,-9.71997e+10
4.57648e+07,53316.2,4.23199e+06,1.14486e+11,-9.69134e+10
4.57711e+07,52952.6,4.23213e+06,1.14728e+11,-9.66266e+10
4.57775e+07,52590,4.23226e+06,1.14969e+11,-9.63392e+10
4.57838e+07,52228.6,4.23239e+06,1.1521e+11,-9.60511e+10
4.57901e+07,51868.2,4.23252e+06,1.1545e+11,-9.57625e+10
4.57964e+07,51509,4.23265e+06,1.15689e+11,-9.54733e+10
4.58027e+07,51150.8,4.23278e+06,1.15928e+11,-9.51834e+10
4.5809e+07,50793.7,4.2329e+06,1.16166e+11,-9.4893e+10
4.58153e+07,50437.7,4.23303e+06,1.16403e+11,-9.4602e+10
4.58216e+07,50082.8,4.23316e+06,1.16639e+11,-9.43104e+10
4.58279e+07,49729,4.23328e+06,1.16875e+11,-9.40182e+10
4.58343e+07,49376.3,4.23341e+06,1.1711e+11,-9.37254e+10
4.58406e+07,49024.7,4.23353e+06,1.17344e+11,-9.3432e+10
4.58469e+07,48674.2,4.23365e+06,1.17578e+11,-9.3138e+10
4.58532e+07,48324.8,4.23377e+06,1.1781e+11,-9.28435e+10
4.58595e+07,47976.5,4.23389e+06,1.18042e+11,-9.25483e+10
4.58658e+07,47629.3,4.23401e+06,1.18274e+11,-9.22526e+10
4.58721e+07,47283.2,4.23413e+06,1.18504e+11,-9.19563e+10
4.58784e+07,46938.3,4.23425e+06,1.18734e+11,-9.16595e+10
4.58848e+07,46594.4,4.23437e+06,1.18963e+11,-9.1362e+10
4.58911e+07,46251.7,4.23448e+06,1.19191e+11,-9.1064e+10
4.58974e+07,45910.1,4.2346e+06,1.19419e+11,-9.07654e+10
4.59037e+07,45569.6,4.23471e+06,1.19646e+11,-9.04663e+10
4.591e+07,45230.3,4.23483e+06,1.19872e+11,-9.01665e+10
4.59163e+07,44892.1,4.23494e+06,1.20097e+11,-8.98663e+10
4.59226e+07,44555,4.23505e+06,1.20322e+11,-8.95654e+10
4.59289e+07,44219,4.23516e+06,1.20545e+11,-8.9264e+10
4.59352e+07,43884.2,4.23527e+06,1.20768e+11,-8.8962e+10
4.59416e+07,43550.5,4.23538e+06,1.20991e+11,-8.86595e+10
4.59479e+07,43217.9,4.23549e+06,1.21212e+11,-8.83564e+10
4.59542e+07,42886.5,4.2356e+06,1.21433e+11,-8.80528e+10
4.59605e+07,42556.2,4.2357e+06,1.21653e+11,-8.77486e+10
4.59668e+07,42227.1,4.23581e+06,1.21872e+11,-8.74439e+10
4.59731e+07,41899.1,4.23592e+06,1.22091e+11,-8.71386e+10
4.59794e+07,41572.3,4.23602e+06,1.22308e+11,-8.68328e+10
4.59857e+07,41246.6,4.23612e+06,1.22525e+11,-8.65264e+10
4.5992e+07,40922,4.23623e+06,1.22741e+11,-8.62195e+10
4.59984e+07,40598.7,4.23633e+06,1.22957e+11,-8.5912e+10
4.60047e+07,40276.4,4.23643e+06,1.23172e+11,-8.5604e+10
4.6011e+07,39955.4,4.23653e+06,1.23385e+11,-8.52955e+10
4.60173e+07,39635.5,4.23663e+06,1.23598e+11,-8.49864e+10
4.60236e+07,39316.7,4.23673e+06,1.23811e+11,-8.46769e+10
4.60299e+07,38999.1,4.23683e+06,1.24022e+11,-8.43667e+10
4.60362e+07,38682.7,4.23692e+06,1.24233e+11,-8.40561e+10
4.60425e+07,38367.5,4.23702e+06,1.24443e+11,-8.37449e+10
4.60488e+07,38053.4,4.23712e+06,1.24652e+11,-8.34332e+10
4.60552e+07,37740.5,4.23721e+06,1.24861e+11,-8.3121e+10
4.60615e+07,37428.8,4.23731e+06,1.25068e+11,-8.28082e+10
4.60678e+07,37118.2,4.2374e+06,1.25275e+11,-8.24949e+10
4.60741e+07,36808.9,4.23749e+06,1.25481e+11,-8.21812e+10
4.60804e+07,36500.7,4.23758e+06,1.25687e+11,-8.18669e+10
4.60867e+07,36193.6,4.23767e+06,1.25891e+11,-8.15521e+10
4.6093e+07,35887.8,4.23776e+06,1.26095e+11,-8.12367e+10
4.60993e+07,35583.2,4.23785e+06,1.26298e+11,-8.09209e+10
4.61057e+07,35279.7,4.23794e+06,1.265e+11,-8.06046e+10
4.6112e+07,34977.4,4.23803e+06,1.26701e+11,-8.02877e+10
4.61183e+07,34676.4,4.23812e+06,1.26902e+11,-7.99704e+10
4.61246e+07,34376.5,4.2382e+06,1.27102e+11,-7.96525e+10
4.61309e+07,34077.8,4.23829e+06,1.273e+11,-7.93342e+10
4.61372e+07,33780.3,4.23837e+06,1.27499e+11,-7.90153e+10
4.61435e+07,33484,4.23846e+06,1.27696e+11,-7.8696e+10
4.61498e+07,33188.9,4.23854e+06,1.27893e+11,-7.83762e+10
4.61561e+07,32895,4.23862e+06,1.28088e+11,-7.80559e+10
4.61625e+07,32602.4,4.23871e+06,1.28283e+11,-7.7735e+10
4.61688e+07,32310.9,4.23879e+06,1.28477e+11,-7.74138e+10
4.61751e+07,32020.6,4.23887e+06,1.28671e+11,-7.7092e+10
4.61814e+07,31731.5,4.23895e+06,1.28863e+11,-7.67697e+10
4.61877e+07,31443.7,4.23903e+06,1.29055e+11,-7.6447e+10
4.6194e+07,31157.1,4.23911e+06,1.29246e+11,-7.61237e+10
4.62003e+07,30871.6,4.23918e+06,1.29436e+11,-7.58e+10
4.62066e+07,30587.4,4.23926e+06,1.29625e+11,-7.54759e+10
4.62129e+07,30304.5,4.23934e+06,1.29814e+11,-7.51512e+10
4.62193e+07,30022.7,4.23941e+06,1.30002e+11,-7.48261e+10
4.62256e+07,29742.2,4.23949e+06,1.30188e+11,-7.45005e+10
4.62319e+07,29462.8,4.23956e+06,1.30375e+11,-7.41744e+10
4.62382e+07,29184.8,4.23963e+06,1.3056e+11,-7.38479e+10
4.62445e+07,28907.9,4.23971e+06,1.30744e+11,-7.35209e+10
4.62508e+07,28632.3,4.23978e+06,1.30928e+11,-7.31935e+10
4.62571e+07,28357.9,4.23985e+06,1.31111e+11,-7.28656e+10
4.62634e+07,28084.7,4.23992e+06,1.31293e+11,-7.25372e+10
4.62698e+07,27812.8,4.23999e+06,1.31474e+11,-7.22084e+10
4.62761e+07,27542.1,4.24006e+06,1.31654e+11,-7.18792e+10
4.62824e+07,27272.6,4.24013e+06,1.31833e+11,-7.15495e+10
4.62887e+07,27004.4,4.2402e+06,1.32012e+11,-7.12193e+10
4.6295e+07,26737.4,4.24026e+06,1.3219e+11,-7.08887e+10
4.63013e+07,26471.7,4.24033e+06,1.32367e+11,-7.05576e+10
4.63076e+07,26207.2,4.2404e+06,1.32543e+11,-7.02261e+10
4.63139e+07,25943.9,4.24046e+06,1.32719e+11,-6.98942e+10
4.63202e+07,25681.9,4.24053e+06,1.32893e+11,-6.95618e+10
4.63266e+07,25421.2,4.24059e+06,1.33067e+11,-6.9229e+10
4.63329e+07,25161.7,4.24065e+06,1.3324e+11,-6.88958e+10
4.63392e+07,24903.4,4.24072e+06,1.33412e+11,-6.85621e+10
4.63455e+07,24646.5,4.24078e+06,1.33583e+11,-6.8228e+10
4.63518e+07,24390.7,4.24084e+06,1.33753e+11,-6.78935e+10
4.63581e+07,24136.2,4.2409e+06,1.33923e+11,-6.75585e+10
4.63644e+07,23883,4.24096e+06,1.34091e+11,-6.72231e+10
4.63707e+07,23631.1,4.24102e+06,1.34259e+11,-6.68873e+10
4.6377e+07,23380.4,4.24108e+06,1.34426e+11,-6.65511e+10
4.63834e+07,23131,4.24114e+06,1.34592e+11,-6.62145e+10
4.63897e+07,22882.8,4.24119e+06,1.34758e+11,-6.58774e+10
4.6396e+07,22635.9,4.24125e+06,1.34922e+11,-6.554e+10
4.64023e+07,22390.3,4.24131e+06,1.35086e+11,-6.52021e+10
4.64086e+07,22145.9,4.24136e+06,1.35248e+11,-6.48638e+10
4.64149e+07,21902.8,4.24142e+06,1.3541e+11,-6.45251e+10
4.64212e+07,21661,4.24147e+06,1.35571e+11,-6.4186e+10
4.64275e+07,21420.5,4.24153e+06,1.35732e+11,-6.38465e+10
4.64339e+07,21181.2,4.24158e+06,1.35891e+11,-6.35067e+10
4.64402e+07,20943.2,4.24163e+06,1.3605e+11,-6.31664e+10
4.64465e+07,20706.5,4.24168e+06,1.36207e+11,-6.28257e+10
4.64528e+07,20471.1,4.24174e+06,1.36364e+11,-6.24846e+10
4.64591e+07,20237,4.24179e+06,1.3652e+11,-6.21431e+10
4.64654e+07,20004.1,4.24184e+06,1.36675e+11,-6.18013e+10
4.64717e+07,19772.5,4.24189e+06,1.36829e+11,-6.1459e+10
4.6478e+07,19542.3,4.24194e+06,1.36983e+11,-6.11164e+10
4.64843e+07,19313.3,4.24198e+06,1.37135e+11,-6.07734e+10
4.64907e+07,19085.5,4.24203e+06,1.37287e+11,-6.043e+10
4.6497e+07,18859.1,4.24208e+06,1.37438e+11,-6.00862e+10
4.65033e+07,18634,4.24213e+06,1.37588e+11,-5.9742e+10
4.65096e+07,18410.2,4.24217e+06,1.37737e+11,-5.93975e+10
4.65159e+07,18187.6,4.24222e+06,1.37885e+11,-5.90526e+10
4.65222e+07,17966.4,4.24226e+06,1.38032e+11,-5.87073e+10
4.65285e+07,17746.5,4.24231e+06,1.38179e+11,-5.83617e+10
4.65348e+07,17527.8,4.24235e+06,1.38325e+11,-5.80157e+10
4.65411e+07,17310.5,4.2424e+06,1.38469e+11,-5.76693e+10
4.65475e+07,17094.4,4.24244e+06,1.38613e+11,-5.73226e+10
4.65538e+07,16879.7,4.24248e+06,1.38756e+11,-5.69755e+10
4.65601e+07,16666.3,4.24252e+06,1.38898e+11,-5.66281e+10
4.65664e+07,16454.1,4.24257e+06,1.3904e+11,-5.62803e+10
4.65727e+07,16243.3,4.24261e+06,1.3918e+11,-5.59321e+10
4.6579e+07,16033.8,4.24265e+06,1.3932e+11,-5.55836e+10
4.65853e+07,15825.6,4.24269e+06,1.39458e+11,-5.52348e+10
4.65916e+07,15618.7,4.24273e+06,1.39596e+11,-5.48856e+10
4.6598e+07,15413.2,4.24277e+06,1.39733e+11,-5.45361e+10
4.66043e+07,15208.9,4.2428e+06,1.39869e+11,-5.41862e+10
4.66106e+07,15006,4.24284e+06,1.40004e+11,-5.3836e+10
4.66169e+07,14804.3,4.24288e+06,1.40139e+11,-5.34854e+10
4.66232e+07,14604,4.24292e+06,1.40272e+11,-5.31345e+10
4.66295e+07,14405,4.24295e+06,1.40405e+11,-5.27833e+10
4.66358e+07,14207.4,4.24299e+06,1.40536e+11,-5.24317e+10
4.66421e+07,14011,4.24302e+06,1.40667e+11,-5.20798e+10
4.66484e+07,13816,4.24306e+06,1.40797e+11,-5.17276e+10
4.66548e+07,13622.3,4.24309e+06,1.40926e+11,-5.13751e+10
4.66611e+07,13429.9,4.24313e+06,1.41054e+11,-5.10223e+10
4.66674e+07,13238.8,4.24316e+06,1.41181e+11,-5.06691e+10
4.66737e+07,13049.1,4.24319e+06,1.41308e+11,-5.03156e+10
4.668e+07,12860.7,4.24322e+06,1.41433e+11,-4.99618e+10
4.66863e+07,12673.7,4.24326e+06,1.41558e+11,-4.96077e+10
4.66926e+07,12487.9,4.24329e+06,1.41682e+11,-4.92532e+10
4.66989e+07,12303.5,4.24332e+06,1.41805e+11,-4.88985e+10
4.67052e+07,12120.4,4.24335e+06,1.41926e+11,-4.85434e+10
4.67116e+07,11938.7,4.24338e+06,1.42048e+11,-4.81881e+10
4.67179e+07,11758.3,4.24341e+06,1.42168e+11,-4.78324e+10
4.67242e+07,11579.2,4.24344e+06,1.42287e+11,-4.74765e+10
4.67305e+07,11401.5,4.24347e+06,1.42405e+11,-4.71202e+10
4.67368e+07,11225.1,4.2435e+06,1.42523e+11,-4.67637e+10
4.67431e+07,11050.1,4.24352e+06,1.42639e+11,-4.64069e+10
4.67494e+07,10876.4,4.24355e+06,1.42755e+11,-4.60497e+10
4.67557e+07,10704,4.24358e+06,1.4287e+11,-4.56923e+10
4.67621e+07,10533,4.2436e+06,1.42984e+11,-4.53346e+10
4.67684e+07,10363.3,4.24363e+06,1.43097e+11,-4.49766e+10
4.67747e+07,10195,4.24366e+06,1.43209e+11,-4.46184e+10
4.6781e+07,10028,4.24368e+06,1.4332e+11,-4.42598e+10
4.67873e+07,9862.39,4.24371e+06,1.43431e+11,-4.3901e+10
4.67936e+07,9698.1,4.24373e+06,1.4354e+11,-4.35419e+10
4.67999e+07,9535.17,4.24376e+06,1.43649e+11,-4.31825e+10
4.68062e+07,9373.58,4.24378e+06,1.43756e+11,-4.28229e+10
4.68125e+07,9213.35,4.2438e+06,1.43863e+11,-4.2463e+10
4.68189e+07,9054.47,4.24383e+06,1.43969e+11,-4.21028e+10
4.68252e+07,8896.94,4.24385e+06,1.44074e+11,-4.17423e+10
4.68315e+07,8740.77,4.24387e+06,1.44178e+11,-4.13816e+10
4.68378e+07,8585.95,4.24389e+06,1.44281e+11,-4.10207e+10
4.68441e+07,8432.49,4.24391e+06,1.44383e+11,-4.06595e+10
4.68504e+07,8280.39,4.24393e+06,1.44484e+11,-4.0298e+10
4.68567e+07,8129.65,4.24395e+06,1.44585e+11,-3.99363e+10
4.6863e+07,7980.26,4.24397e+06,1.44684e+11,-3.95743e+10
4.68693e+07,7832.24,4.24399e+06,1.44783e+11,-3.92121e+10
4.68757e+07,7685.58,4.24401e+06,1.44881e+11,-3.88496e+10
4.6882e+07,7540.28,4.24403e+06,1.44977e+11,-3.84869e+10
4.68883e+07,7396.34,4.24405e+06,1.45073e+11,-3.81239e+10
4.68946e+07,7253.77,4.24407e+06,1.45168e+11,-3.77607e+10
4.69009e+07,7112.56,4.24409e+06,1.45262e+11,-3.73973e+10
4.69072e+07,6972.72,4.24411e+06,1.45355e+11,-3.70336e+10
4.69135e+07,6834.25,4.24412e+06,1.45448e+11,-3.66697e+10
4.69198e+07,6697.14,4.24414e+06,1.45539e+11,-3.63056e+10
4.69262e+07,6561.4,4.24416e+06,1.45629e+11,-3.59413e+10
4.69325e+07,6427.03,4.24417e+06,1.45719e+11,-3.55767e+10
4.69388e+07,6294.03,4.24419e+06,1.45807e+11,-3.52119e+10
4.69451e+07,6162.41,4.2442e+06,1.45895e+11,-3.48469e+10
4.69514e+07,6032.15,4.24422e+06,1.45982e+11,-3.44816e+10
4.69577e+07,5903.27,4.24423e+06,1.46068e+11,-3.41162e+10
4.6964e+07,5775.76,4.24425e+06,1.46153e+11,-3.37505e+10
4.69703e+07,5649.62,4.24426e+06,1.46237e+11,-3.33846e+10
4.69766e+07,5524.86,4.24428e+06,1.4632e+11,-3.30185e+10
4.6983e+07,5401.48,4.24429e+06,1.46402e+11,-3.26522e+10
4.69893e+07,5279.47,4.2443e+06,1.46483e+11,-3.22857e+10
4.69956e+07,5158.84,4.24432e+06,1.46564e+11,-3.1919e+10
4.70019e+07,5039.58,4.24433e+06,1.46643e+11,-3.15521e+10
4.70082e+07,4921.71,4.24434e+06,1.46722e+11,-3.1185e+10
4.70145e+07,4805.22,4.24435e+06,1.46799e+11,-3.08177e+10
4.70208e+07,4690.1,4.24437e+06,1.46876e+11,-3.04502e+10
4.70271e+07,4576.37,4.24438e+06,1.46952e+11,-3.00826e+10
4.70334e+07,4464.02,4.24439e+06,1.47026e+11,-2.97147e+10
4.70398e+07,4353.05,4.2444e+06,1.471e+11,-2.93466e+10
4.70461e+07,4243.47,4.24441e+06,1.47173e+11,-2.89784e+10
4.70524e+07,4135.27,4.24442e+06,1.47245e+11,-2.861e+10
4.70587e+07,4028.45,4.24443e+06,1.47317e+11,-2.82414e+10
4.7065e+07,3923.02,4.24444e+06,1.47387e+11,-2.78726e+10
4.70713e+07,3818.97,4.24445e+06,1.47456e+11,-2.75037e+10
4.70776e+07,3716.31,4.24446e+06,1.47525e+11,-2.71345e+10
4.70839e+07,3615.04,4.24447e+06,1.47592e+11,-2.67652e+10
4.70903e+07,3515.16,4.24448e+06,1.47659e+11,-2.63958e+10
4.70966e+07,3416.66,4.24449e+06,1.47724e+11,-2.60261e+10
4.71029e+07,3319.56,4.2445e+06,1.47789e+11,-2.56564e+10
4.71092e+07,3223.84,4.2445e+06,1.47853e+11,-2.52864e+10
4.71155e+07,3129.51,4.24451e+06,1.47915e+11,-2.49163e+10
4.71218e+07,3036.58,4.24452e+06,1.47977e+11,-2.4546e+10
4.71281e+07,2945.04,4.24453e+06,1.48038e+11,-2.41756e+10
4.71344e+07,2854.88,4.24453e+06,1.48098e+11,-2.3805e+10
4.71407e+07,2766.12,4.24454e+06,1.48157e+11,-2.34343e+10
4.71471e+07,2678.76,4.24455e+06,1.48216e+11,-2.30635e+10
4.71534e+07,2592.78,4.24455e+06,1.48273e+11,-2.26925e+10
4.71597e+07,2508.21,4.24456e+06,1.48329e+11,-2.23213e+10
4.7166e+07,2425.02,4.24457e+06,1.48385e+11,-2.195e+10
4.71723e+07,2343.23,4.24457e+06,1.48439e+11,-2.15786e+10
4.71786e+07,2262.84,4.24458e+06,1.48493e+11,-2.1207e+10
4.71849e+07,2183.84,4.24458e+06,1.48545e+11,-2.08353e+10
4.71912e+07,2106.25,4.24459e+06,1.48597e+11,-2.04635e+10
4.71975e+07,2030.04,4.2446e+06,1.48648e+11,-2.00915e+10
4.72039e+07,1955.24,4.2446e+06,1.48698e+11,-1.97195e+10
4.72102e+07,1881.83,4.2446e+06,1.48746e+11,-1.93472e+10
4.72165e+07,1809.82,4.24461e+06,1.48794e+11,-1.89749e+10
4.72228e+07,1739.22,4.24461e+06,1.48841e+11,-1.86025e+10
4.72291e+07,1670.01,4.24462e+06,1.48888e+11,-1.82299e+10
4.72354e+07,1602.2,4.24462e+06,1.48933e+11,-1.78572e+10
4.72417e+07,1535.79,4.24463e+06,1.48977e+11,-1.74844e+10
4.7248e+07,1470.78,4.24463e+06,1.4902e+11,-1.71115e+10
4.72544e+07,1407.18,4.24463e+06,1.49063e+11,-1.67385e+10
4.72607e+07,1344.97,4.24464e+06,1.49104e+11,-1.63654e+10
4.7267e+07,1284.17,4.24464e+06,1.49145e+11,-1.59922e+10
4.72733e+07,1224.77,4.24464e+06,1.49184e+11,-1.56189e+10
4.72796e+07,1166.77,4.24465e+06,1.49223e+11,-1.52455e+10
4.72859e+07,1110.18,4.24465e+06,1.49261e+11,-1.4872e+10
4.72922e+07,1054.98,4.24465e+06,1.49297e+11,-1.44984e+10
4.72985e+07,1001.2,4.24465e+06,1.49333e+11,-1.41247e+10
4.73048e+07,948.814,4.24466e+06,1.49368e+11,-1.37509e+10
4.73112e+07,897.836,4.24466e+06,1.49402e+11,-1.33771e+10
4.73175e+07,848.262,4.24466e+06,1.49435e+11,-1.30031e+10
4.73238e+07,800.094,4.24466e+06,1.49467e+11,-1.26291e+10
4.73301e+07,753.331,4.24467e+06,1.49498e+11,-1.2255e+10
4.73364e+07,707.974,4.24467e+06,1.49528e+11,-1.18808e+10
4.73427e+07,664.023,4.24467e+06,1.49558e+11,-1.15065e+10
4.7349e+07,621.478,4.24467e+06,1.49586e+11,-1.11322e+10
4.73553e+07,580.34,4.24467e+06,1.49613e+11,-1.07578e+10
4.73616e+07,540.608,4.24467e+06,1.4964e+11,-1.03833e+10
4.7368e+07,502.284,4.24468e+06,1.49665e+11,-1.00088e+10
4.73743e+07,465.367,4.24468e+06,1.4969e+11,-9.63419e+09
4.73806e+07,429.857,4.24468e+06,1.49714e+11,-9.25953e+09
4.73869e+07,395.755,4.24468e+06,1.49736e+11,-8.88481e+09
4.73932e+07,363.062,4.24468e+06,1.49758e+11,-8.51004e+09
4.73995e+07,331.776,4.24468e+06,1.49779e+11,-8.13522e+09
4.74058e+07,301.899,4.24468e+06,1.49799e+11,-7.76034e+09
4.74121e+07,273.43,4.24468e+06,1.49818e+11,-7.38542e+09
4.74184e+07,246.37,4.24468e+06,1.49836e+11,-7.01044e+09
4.74248e+07,220.719,4.24468e+06,1.49853e+11,-6.63543e+09
4.74311e+07,196.477,4.24468e+06,1.49869e+11,-6.26037e+09
4.74374e+07,173.645,4.24468e+06,1.49884e+11,-5.88528e+09
4.74437e+07,152.221,4.24468e+06,1.49899e+11,-5.51015e+09
4.745e+07,132.208,4.24468e+06,1.49912e+11,-5.13498e+09
4.74563e+07,113.603,4.24468e+06,1.49924e+11,-4.75978e+09
4.74626e+07,96.4089,4.24469e+06,1.49936e+11,-4.38455e+09
4.74689e+07,80.6244,4.24469e+06,1.49946e+11,-4.00929e+09
4.74753e+07,66.2498,4.24469e+06,1.49956e+11,-3.63401e+09
4.74816e+07,53.2852,4.24469e+06,1.49965e+11,-3.25871e+09
4.74879e+07,41.7308,4.24469e+06,1.49972e+11,-2.88338e+09
4.74942e+07,31.5865,4.24469e+06,1.49979e+11,-2.50804e+09
4.75005e+07,22.8526,4.24469e+06,1.49985e+11,-2.13268e+09
4.75068e+07,15.5289,4.24469e+06,1.4999e+11,-1.75731e+09
4.75131e+07,9.61561,4.24469e+06,1.49994e+11,-1.38193e+09
4.75194e+07,5.11271,4.24469e+06,1.49997e+11,-1.00653e+09
4.75257e+07,2.02025,4.24469e+06,1.49999e+11,-6.31137e+08
4.75321e+07,0.338229,4.24469e+06,1.5e+11,-2.55735e+08
4.75384e+07,0.0666699,4.24469e+06,1.5e+11,1.19669e+08
4.75447e+07,1.20557,4.24469e+06,1.49999e+11,4.95072e+08
4.7551e+07,3.75492,4.24469e+06,1.49997e+11,8.70472e+08
4.75573e+07,7.71471,4.24469e+06,1.49995e+11,1.24587e+09
4.75636e+07,13.0849,4.24469e+06,1.49991e+11,1.62125e+09
4.75699e+07,19.8655,4.24469e+06,1.49987e+11,1.99663e+09
4.75762e+07,28.0564,4.24469e+06,1.49981e+11,2.37199e+09
4.75825e+07,37.6576,4.24469e+06,1.49975e+11,2.74734e+09
4.75889e+07,48.669,4.24469e+06,1.49968e+11,3.12268e+09
4.75952e+07,61.0906,4.24469e+06,1.49959e+11,3.49799e+09
4.76015e+07,74.9223,4.24469e+06,1.4995e+11,3.87328e+09
4.76078e+07,90.1639,4.24469e+06,1.4994e+11,4.24854e+09
4.76141e+07,106.815,4.24469e+06,1.49929e+11,4.62378e+09
4.76204e+07,124.877,4.24469e+06,1.49917e+11,4.999e+09
4.76267e+07,144.348,4.24469e+06,1.49904e+11,5.37418e+09
4.7633e+07,165.228,4.24469e+06,1.4989e+11,5.74932e+09
4.76394e+07,187.518,4.24469e+06,1.49875e+11,6.12443e+09
4.76457e+07,211.218,4.24469e+06,1.49859e+11,6.4995e+09
4.7652e+07,236.326,4.24469e+06,1.49843e+11,6.87453e+09
4.76583e+07,262.843,4.24469e+06,1.49825e+11,7.24952e+09
4.76646e+07,290.77,4.24469e+06,1.49806e+11,7.62446e+09
4.76709e+07,320.105,4.24469e+06,1.49787e+11,7.99936e+09
4.76772e+07,350.848,4.24469e+06,1.49766e+11,8.3742e+09
4.76835e+07,382.999,4.24469e+06,1.49745e+11,8.749e+09
4.76898e+07,416.559,4.24469e+06,1.49723e+11,9.12373e+09
4.76962e+07,451.527,4.2447e+06,1.49699e+11,9.49841e+09
4.77025e+07,487.902,4.2447e+06,1.49675e+11,9.87304e+09
4.77088e+07,525.684,4.2447e+06,1.4965e+11,1.02476e+10
4.77151e+07,564.874,4.2447e+06,1.49624e+11,1.06221e+10
4.77214e+07,605.47,4.2447e+06,1.49597e+11,1.09965e+10
4.77277e+07,647.474,4.2447e+06,1.49569e+11,1.13709e+10
4.7734e+07,690.883,4.2447e+06,1.4954e+11,1.17452e+10
4.77403e+07,735.699,4.24471e+06,1.4951e+11,1.21194e+10
4.77466e+07,781.921,4.24471e+06,1.49479e+11,1.24935e+10
4.7753e+07,829.548,4.24471e+06,1.49447e+11,1.28676e+10
4.77593e+07,878.581,4.24471e+06,1.49415e+11,1.32416e+10
4.77656e+07,929.018,4.24471e+06,1.49381e+11,1.36155e+10
4.77719e+07,980.86,4.24472e+06,1.49347e+11,1.39893e+10
4.77782e+07,1034.11,4.24472e+06,1.49311e+11,1.4363e+10
4.77845e+07,1088.76,4.24472e+06,1.49275e+11,1.47366e+10
4.77908e+07,1144.81,4.24472e+06,1.49237e+11,1.51102e+10
4.77971e+07,1202.27,4.24473e+06,1.49199e+11,1.54836e+10
4.78035e+07,1261.13,4.24473e+06,1.4916e+11,1.5857e+10
4.78098e+07,1321.39,4.24473e+06,1.4912e+11,1.62302e+10
4.78161e+07,1383.06,4.24474e+06,1.49079e+11,1.66034e+10
4.78224e+07,1446.12,4.24474e+06,1.49037e+11,1.69764e+10
4.78287e+07,1510.59,4.24474e+06,1.48994e+11,1.73494e+10
4.7835e+07,1576.46,4.24475e+06,1.4895e+11,1.77222e+10
4.78413e+07,1643.73,4.24475e+06,1.48905e+11,1.80949e+10
4.78476e+07,1712.4,4.24476e+06,1.48859e+11,1.84675e+10
4.78539e+07,1782.47,4.24476e+06,1.48813e+11,1.884e+10
4.78603e+07,1853.94,4.24477e+06,1.48765e+11,1.92124e+10
4.78666e+07,1926.81,4.24477e+06,1.48717e+11,1.95846e+10
4.78729e+07,2001.07,4.24478e+06,1.48667e+11,1.99568e+10
4.78792e+07,2076.74,4.24478e+06,1.48617e+11,2.03288e+10
4.78855e+07,2153.8,4.24479e+06,1.48565e+11,2.07006e+10
4.78918e+07,2232.26,4.24479e+06,1.48513e+11,2.10724e+10
4.78981e+07,2312.11,4.2448e+06,1.4846e+11,2.1444e+10
4.79044e+07,2393.36,4.2448e+06,1.48406e+11,2.18155e+10
4.79107e+07,2476.01,4.24481e+06,1.48351e+11,2.21868e+10
4.79171e+07,2560.05,4.24482e+06,1.48295e+11,2.2558e+10
4.79234e+07,2645.49,4.24482e+06,1.48238e+11,2.29291e+10
4.79297e+07,2732.32,4.24483e+06,1.4818e+11,2.33e+10
4.7936e+07,2820.54,4.24484e+06,1.48121e+11,2.36708e+10
4.79423e+07,2910.16,4.24484e+06,1.48062e+11,2.40414e+10
4.79486e+07,3001.16,4.24485e+06,1.48001e+11,2.44119e+10
4.79549e+07,3093.56,4.24486e+06,1.47939e+11,2.47822e+10
4.79612e+07,3187.35,4.24487e+06,1.47877e+11,2.51524e+10
4.79676e+07,3282.54,4.24487e+06,1.47813e+11,2.55224e+10
4.79739e+07,3379.11,4.24488e+06,1.47749e+11,2.58923e+10
4.79802e+07,3477.07,4.24489e+06,1.47684e+11,2.6262e+10
4.79865e+07,3576.42,4.2449e+06,1.47618e+11,2.66315e+10
4.79928e+07,3677.15,4.24491e+06,1.47551e+11,2.70008e+10
4.79991e+07,3779.28,4.24492e+06,1.47483e+11,2.737e+10
4.80054e+07,3882.79,4.24493e+06,1.47414e+11,2.7739e+10
4.80117e+07,3987.69,4.24494e+06,1.47344e+11,2.81079e+10
4.8018e+07,4093.97,4.24495e+06,1.47273e+11,2.84766e+10
4.80244e+07,4201.64,4.24496e+06,1.47201e+11,2.8845e+10
4.80307e+07,4310.69,4.24497e+06,1.47129e+11,2.92134e+10
4.8037e+07,4421.13,4.24498e+06,1.47055e+11,2.95815e+10
4.80433e+07,4532.95,4.24499e+06,1.46981e+11,2.99494e+10
4.80496e+07,4646.15,4.245e+06,1.46905e+11,3.03172e+10
4.80559e+07,4760.73,4.24501e+06,1.46829e+11,3.06847e+10
4.80622e+07,4876.69,4.24503e+06,1.46752e+11,3.10521e+10
4.80685e+07,4994.03,4.24504e+06,1.46673e+11,3.14193e+10
4.80748e+07,5112.75,4.24505e+06,1.46594e+11,3.17863e+10
4.80812e+07,5232.85,4.24506e+06,1.46514e+11,3.2153e+10
4.80875e+07,5354.33,4.24508e+06,1.46433e+11,3.25196e+10
4.80938e+07,5477.19,4.24509e+06,1.46352e+11,3.2886e+10
4.81001e+07,5601.42,4.2451e+06,1.46269e+11,3.32522e+10
4.81064e+07,5727.02,4.24512e+06,1.46185e+11,3.36181e+10
4.81127e+07,5854,4.24513e+06,1.46101e+11,3.39839e+10
4.8119e+07,5982.36,4.24515e+06,1.46015e+11,3.43494e+10
4.81253e+07,6112.09,4.24516e+06,1.45929e+11,3.47147e+10
4.81317e+07,6243.19,4.24518e+06,1.45841e+11,3.50798e+10
4.8138e+07,6375.66,4.24519e+06,1.45753e+11,3.54447e+10
4.81443e+07,6509.5,4.24521e+06,1.45664e+11,3.58094e+10
4.81506e+07,6644.71,4.24523e+06,1.45574e+11,3.61738e+10
4.81569e+07,6781.29,4.24524e+06,1.45483e+11,3.6538e+10
4.81632e+07,6919.24,4.24526e+06,1.45391e+11,3.6902e+10
4.81695e+07,7058.55,4.24528e+06,1.45298e+11,3.72658e+10
4.81758e+07,7199.23,4.2453e+06,1.45205e+11,3.76293e+10
4.81821e+07,7341.28,4.24531e+06,1.4511e+11,3.79926e+10
4.81885e+07,7484.69,4.24533e+06,1.45014e+11,3.83556e+10
4.81948e+07,7629.47,4.24535e+06,1.44918e+11,3.87184e+10
4.82011e+07,7775.6,4.24537e+06,1.44821e+11,3.9081e+10
4.82074e+07,7923.1,4.24539e+06,1.44722e+11,3.94433e+10
4.82137e+07,8071.96,4.24541e+06,1.44623e+11,3.98054e+10
4.822e+07,8222.18,4.24543e+06,1.44523e+11,4.01672e+10
4.82263e+07,8373.76,4.24545e+06,1.44422e+11,4.05288e+10
4.82326e+07,8526.7,4.24547e+06,1.4432e+11,4.08901e+10
4.82389e+07,8680.99,4.24549e+06,1.44218e+11,4.12512e+10
4.82453e+07,8836.64,4.24552e+06,1.44114e+11,4.1612e+10
4.82516e+07,8993.65,4.24554e+06,1.44009e+11,4.19725e+10
4.82579e+07,9152.01,4.24556e+06,1.43904e+11,4.23328e+10
4.82642e+07,9311.72,4.24558e+06,1.43797e+11,4.26928e+10
4.82705e+07,9472.79,4.24561e+06,1.4369e+11,4.30525e+10
4.82768e+07,9635.2,4.24563e+06,1.43582e+11,4.3412e+10
4.82831e+07,9798.97,4.24566e+06,1.43473e+11,4.37712e+10
4.82894e+07,9964.08,4.24568e+06,1.43363e+11,4.41302e+10
4.82958e+07,10130.5,4.24571e+06,1.43252e+11,4.44888e+10
4.83021e+07,10298.4,4.24573e+06,1.4314e+11,4.48472e+10
4.83084e+07,10467.5,4.24576e+06,1.43028e+11,4.52053e+10
4.83147e+07,10638,4.24578e+06,1.42914e+11,4.55631e+10
4.8321e+07,10809.9,4.24581e+06,1.42799e+11,4.59206e+10
4.83273e+07,10983,4.24584e+06,1.42684e+11,4.62779e+10
4.83336e+07,11157.6,4.24587e+06,1.42568e+11,4.66348e+10
4.83399e+07,11333.4,4.24589e+06,1.42451e+11,4.69915e+10
4.83462e+07,11510.7,4.24592e+06,1.42333e+11,4.73478e+10
4.83526e+07,11689.2,4.24595e+06,1.42214e+11,4.77039e+10
4.83589e+07,11869.1,4.24598e+06,1.42094e+11,4.80597e+10
4.83652e+07,12050.3,4.24601e+06,1.41973e+11,4.84151e+10
4.83715e+07,12232.9,4.24604e+06,1.41852e+11,4.87703e+10
4.83778e+07,12416.8,4.24607e+06,1.41729e+11,4.91252e+10
4.83841e+07,12602,4.2461e+06,1.41606e+11,4.94797e+10
4.83904e+07,12788.5,4.24614e+06,1.41481e+11,4.98339e+10
4.83967e+07,12976.4,4.24617e+06,1.41356e+11,5.01879e+10
4.8403e+07,13165.6,4.2462e+06,1.4123e+11,5.05415e+10
4.84094e+07,13356.2,4.24623e+06,1.41103e+11,5.08948e+10
4.84157e+07,13548,4.24627e+06,1.40976e+11,5.12478e+10
4.8422e+07,13741.2,4.2463e+06,1.40847e+11,5.16004e+10
4.84283e+07,13935.7,4.24634e+06,1.40717e+11,5.19528e+10
4.84346e+07,14131.6,4.24637e+06,1.40587e+11,5.23048e+10
4.84409e+07,14328.8,4.24641e+06,1.40455e+11,5.26564e+10
4.84472e+07,14527.2,4.24644e+06,1.40323e+11,5.30078e+10
4.84535e+07,14727,4.24648e+06,1.4019e+11,5.33588e+10
4.84599e+07,14928.2,4.24652e+06,1.40056e+11,5.37095e+10
4.84662e+07,15130.6,4.24655e+06,1.39921e+11,5.40598e+10
4.84725e+07,15334.4,4.24659e+06,1.39786e+11,5.44099e+10
4.84788e+07,15539.4,4.24663e+06,1.39649e+11,5.47595e+10
4.84851e+07,15745.8,4.24667e+06,1.39512e+11,5.51089e+10
4.84914e+07,15953.5,4.24671e+06,1.39373e+11,5.54578e+10
4.84977e+07,16162.5,4.24675e+06,1.39234e+11,5.58065e+10
4.8504e+07,16372.8,4.24679e+06,1.39094e+11,5.61548e+10
4.85103e+07,16584.4,4.24683e+06,1.38953e+11,5.65027e+10
4.85167e+07,16797.4,4.24687e+06,1.38811e+11,5.68503e+10
4.8523e+07,17011.6,4.24692e+06,1.38668e+11,5.71975e+10
4.85293e+07,17227.1,4.24696e+06,1.38525e+11,5.75444e+10
4.85356e+07,17444,4.247e+06,1.3838e+11,5.78909e+10
4.85419e+07,17662.1,4.24705e+06,1.38235e+11,5.8237e+10
4.85482e+07,17881.6,4.24709e+06,1.38089e+11,5.85828e+10
4.85545e+07,18102.3,4.24714e+06,1.37942e+11,5.89282e+10
4.85608e+07,18324.3,4.24718e+06,1.37794e+11,5.92732e+10
4.85671e+07,18547.7,4.24723e+06,1.37645e+11,5.96179e+10
4.85735e+07,18772.3,4.24727e+06,1.37496e+11,5.99622e+10
4.85798e+07,18998.2,4.24732e+06,1.37345e+11,6.03061e+10
4.85861e+07,19225.4,4.24737e+06,1.37194e+11,6.06497e+10
4.85924e+07,19453.9,4.24742e+06,1.37042e+11,6.09928e+10
4.85987e+07,19683.7,4.24747e+06,1.36889e+11,6.13356e+10
4.8605e+07,19914.8,4.24752e+06,1.36735e+11,6.1678e+10
4.86113e+07,20147.2,4.24757e+06,1.3658e+11,6.202e+10
4.86176e+07,20380.8,4.24762e+06,1.36424e+11,6.23616e+10
4.8624e+07,20615.7,4.24767e+06,1.36268e+11,6.27029e+10
4.86303e+07,20851.9,4.24772e+06,1.3611e+11,6.30437e+10
4.86366e+07,21089.4,4.24777e+06,1.35952e+11,6.33842e+10
4.86429e+07,21328.2,4.24783e+06,1.35793e+11,6.37242e+10
4.86492e+07,21568.2,4.24788e+06,1.35633e+11,6.40639e+10
4.86555e+07,21809.6,4.24793e+06,1.35472e+11,6.44031e+10
4.86618e+07,22052.2,4.24799e+06,1.35311e+11,6.47419e+10
4.86681e+07,22296,4.24804e+06,1.35148e+11,6.50804e+10
4.86744e+07,22541.2,4.2481e+06,1.34985e+11,6.54184e+10
4.86808e+07,22787.6,4.24816e+06,1.34821e+11,6.5756e+10
4.86871e+07,23035.2,4.24821e+06,1.34656e+11,6.60932e+10
4.86934e+07,23284.2,4.24827e+06,1.3449e+11,6.643e+10
4.86997e+07,23534.4,4.24833e+06,1.34324e+11,6.67664e+10
4.8706e+07,23785.9,4.24839e+06,1.34156e+11,6.71024e+10
4.87123e+07,24038.6,4.24845e+06,1.33988e+11,6.74379e+10
4.87186e+07,24292.6,4.24851e+06,1.33819e+11,6.7773e+10
4.87249e+07,24547.8,4.24857e+06,1.33648e+11,6.81077e+10
4.87312e+07,24804.3,4.24863e+06,1.33478e+11,6.8442e+10
4.87376e+07,25062.1,4.2487e+06,1.33306e+11,6.87758e+10
4.87439e+07,25321.1,4.24876e+06,1.33133e+11,6.91092e+10
4.87502e+07,25581.4,4.24882e+06,1.3296e+11,6.94422e+10
4.87565e+07,25842.9,4.24889e+06,1.32786e+11,6.97748e+10
4.87628e+07,26105.7,4.24895e+06,1.32611e+11,7.01069e+10
4.87691e+07,26369.7,4.24902e+06,1.32435e+11,7.04385e+10
4.87754e+07,26634.9,4.24908e+06,1.32258e+11,7.07698e+10
4.87817e+07,26901.4,4.24915e+06,1.32081e+11,7.11005e+10
4.8788e+07,27169.2,4.24922e+06,1.31902e+11,7.14309e+10
4.87944e+07,27438.2,4.24929e+06,1.31723e+11,7.17608e+10
4.88007e+07,27708.4,4.24936e+06,1.31543e+11,7.20902e+10
4.8807e+07,27979.8,4.24943e+06,1.31362e+11,7.24192e+10
4.88133e+07,28252.5,4.2495e+06,1.31181e+11,7.27477e+10
4.88196e+07,28526.5,4.24957e+06,1.30998e+11,7.30758e+10
4.88259e+07,28801.6,4.24964e+06,1.30815e+11,7.34034e+10
4.88322e+07,29078,4.24971e+06,1.30631e+11,7.37306e+10
4.88385e+07,29355.6,4.24978e+06,1.30446e+11,7.40573e+10
4.88449e+07,29634.5,4.24986e+06,1.3026e+11,7.43835e+10
4.88512e+07,29914.5,4.24993e+06,1.30074e+11,7.47093e+10
4.88575e+07,30195.8,4.25001e+06,1.29886e+11,7.50346e+10
4.88638e+07,30478.3,4.25008e+06,1.29698e+11,7.53594e+10
4.88701e+07,30762.1,4.25016e+06,1.29509e+11,7.56838e+10
4.88764e+07,31047,4.25024e+06,1.29319e+11,7.60076e+10
4.88827e+07,31333.2,4.25032e+06,1.29129e+11,7.6331e+10
4.8889e+07,31620.6,4.25039e+06,1.28937e+11,7.6654e+10
4.88953e+07,31909.2,4.25047e+06,1.28745e+11,7.69764e+10
4.89017e+07,32199,4.25055e+06,1.28552e+11,7.72984e+10
4.8908e+07,32490,4.25063e+06,1.28358e+11,7.76199e+10
4.89143e+07,32782.2,4.25072e+06,1.28164e+11,7.79409e+10
4.89206e+07,33075.6,4.2508e+06,1.27968e+11,7.82614e+10
4.89269e+07,33370.2,4.25088e+06,1.27772e+11,7.85814e+10
4.89332e+07,33666.1,4.25097e+06,1.27575e+11,7.89009e+10
4.89395e+07,33963.1,4.25105e+06,1.27377e+11,7.922e+10
4.89458e+07,34261.3,4.25114e+06,1.27178e+11,7.95385e+10
4.89521e+07,34560.8,4.25122e+06,1.26979e+11,7.98565e+10
4.89585e+07,34861.4,4.25131e+06,1.26779e+11,8.01741e+10
4.89648e+07,35163.2,4.2514e+06,1.26578e+11,8.04911e+10
4.89711e+07,35466.2,4.25148e+06,1.26376e+11,8.08076e+10
4.89774e+07,35770.4,4.25157e+06,1.26173e+11,8.11237e+10
4.89837e+07,36075.7,4.25166e+06,1.2597e+11,8.14392e+10
4.899e+07,36382.3,4.25175e+06,1.25765e+11,8.17542e+10
4.89963e+07,36690,4.25185e+06,1.2556e+11,8.20687e+10
4.90026e+07,36999,4.25194e+06,1.25355e+11,8.23827e+10
4.9009e+07,37309.1,4.25203e+06,1.25148e+11,8.26961e+10
4.90153e+07,37620.3,4.25213e+06,1.24941e+11,8.30091e+10
4.90216e+07,37932.8,4.25222e+06,1.24733e+11,8.33215e+10
4.90279e+07,38246.4,4.25231e+06,1.24524e+11,8.36334e+10
4.90342e+07,38561.2,4.25241e+06,1.24314e+11,8.39448e+10
4.90405e+07,38877.2,4.25251e+06,1.24104e+11,8.42557e+10
4.90468e+07,39194.3,4.25261e+06,1.23892e+11,8.4566e+10
4.90531e+07,39512.6,4.2527e+06,1.2368e+11,8.48758e+10
4.90594e+07,39832.1,4.2528e+06,1.23468e+11,8.51851e+10
4.90658e+07,40152.7,4.2529e+06,1.23254e+11,8.54938e+10
4.90721e+07,40474.5,4.253e+06,1.2304e+11,8.5802e+10
4.90784e+07,40797.4,4.25311e+06,1.22825e+11,8.61096e+10
4.90847e+07,41121.5,4.25321e+06,1.22609e+11,8.64168e+10
4.9091e+07,41446.7,4.25331e+06,1.22392e+11,8.67234e+10
4.90973e+07,41773.1,4.25342e+06,1.22175e+11,8.70294e+10
4.91036e+07,42100.7,4.25352e+06,1.21956e+11,8.73349e+10
4.91099e+07,42429.4,4.25363e+06,1.21737e+11,8.76398e+10
4.91162e+07,42759.2,4.25373e+06,1.21518e+11,8.79442e+10
4.91226e+07,43090.2,4.25384e+06,1.21297e+11,8.82481e+10
4.91289e+07,43422.3,4.25395e+06,1.21076e+11,8.85514e+10
4.91352e+07,43755.5,4.25406e+06,1.20854e+11,8.88541e+10
4.91415e+07,44089.9,4.25417e+06,1.20631e+11,8.91563e+10
4.91478e+07,44425.5,4.25428e+06,1.20408e+11,8.94579e+10
4.91541e+07,44762.1,4.25439e+06,1.20184e+11,8.9759e+10
4.91604e+07,45099.9,4.2545e+06,1.19959e+11,9.00595e+10
4.91667e+07,45438.8,4.25462e+06,1.19733e+11,9.03594e+10
4.91731e+07,45778.9,4.25473e+06,1.19506e+11,9.06588e+10
4.91794e+07,46120,4.25485e+06,1.19279e+11,9.09576e+10
4.91857e+07,46462.3,4.25496e+06,1.19051e+11,9.12558e+10
4.9192e+07,46805.7,4.25508e+06,1.18822e+11,9.15535e+10
4.91983e+07,47150.3,4.2552e+06,1.18593e+11,9.18506e+10
4.92046e+07,47495.9,4.25531e+06,1.18363e+11,9.21471e+10
4.92109e+07,47842.7,4.25543e+06,1.18132e+11,9.2443e+10
4.92172e+07,48190.5,4.25555e+06,1.179e+11,9.27384e+10
4.92235e+07,48539.5,4.25567e+06,1.17667e+11,9.30331e+10
4.92299e+07,48889.6,4.2558e+06,1.17434e+11,9.33273e+10
4.92362e+07,49240.8,4.25592e+06,1.172e+11,9.3621e+10
4.92425e+07,49593,4.25604e+06,1.16966e+11,9.3914e+10
4.92488e+07,49946.4,4.25617e+06,1.1673e+11,9.42064e+10
4.92551e+07,50300.9,4.25629e+06,1.16494e+11,9.44983e+10
4.92614e+07,50656.5,4.25642e+06,1.16257e+11,9.47895e+10
4.92677e+07,51013.2,4.25655e+06,1.1602e+11,9.50802e+10
4.9274e+07,51370.9,4.25667e+06,1.15781e+11,9.53702e+10
4.92803e+07,51729.8,4.2568e+06,1.15542e+11,9.56597e+10
4.92867e+07,52089.7,4.25693e+06,1.15303e+11,9.59486e+10
4.9293e+07,52450.7,4.25706e+06,1.15062e+11,9.62368e+10
4.92993e+07,52812.8,4.2572e+06,1.14821e+11,9.65245e+10
4.93056e+07,53176,4.25733e+06,1.14579e+11,9.68116e+10
4.93119e+07,53540.3,4.25746e+06,1.14336e+11,9.7098e+10
4.93182e+07,53905.6,4.2576e+06,1.14093e+11,9.73838e+10
4.93245e+07,54272,4.25773e+06,1.13849e+11,9.76691e+10
4.93308e+07,54639.5,4.25787e+06,1.13604e+11,9.79537e+10
4.93372e+07,55008.1,4.25801e+06,1.13359e+11,9.82377e+10
4.93435e+07,55377.7,4.25814e+06,1.13112e+11,9.85211e+10
4.93498e+07,55748.4,4.25828e+06,1.12866e+11,9.88039e+10
4.93561e+07,56120.1,4.25842e+06,1.12618e+11,9.9086e+10
4.93624e+07,56492.9,4.25856e+06,1.1237e+11,9.93676e+10
4.93687e+07,56866.7,4.25871e+06,1.12121e+11,9.96485e+10
4.9375e+07,57241.6,4.25885e+06,1.11871e+11,9.99288e+10
4.93813e+07,57617.6,4.25899e+06,1.1162e+11,1.00208e+11
4.93876e+07,57994.6,4.25914e+06,1.11369e+11,1.00487e+11
4.9394e+07,58372.7,4.25928e+06,1.11117e+11,1.00766e+11
4.94003e+07,58751.8,4.25943e+06,1.10865e+11,1.01044e+11
4.94066e+07,59131.9,4.25958e+06,1.10612e+11,1.01321e+11
4.94129e+07,59513.1,4.25972e+06,1.10358e+11,1.01597e+11
4.94192e+07,59895.3,4.25987e+06,1.10103e+11,1.01873e+11
4.94255e+07,60278.6,4.26002e+06,1.09848e+11,1.02148e+11
4.94318e+07,60662.9,4.26018e+06,1.09592e+11,1.02423e+11
4.94381e+07,61048.2,4.26033e+06,1.09335e+11,1.02697e+11
4.94444e+07,61434.5,4.26048e+06,1.09078e+11,1.0297e+11
4.94508e+07,61821.9,4.26064e+06,1.0882e+11,1.03243e+11
4.94571e+07,62210.3,4.26079e+06,1.08561e+11,1.03515e+11
4.94634e+07,62599.7,4.26095e+06,1.08302e+11,1.03786e+11
4.94697e+07,62990.2,4.2611e+06,1.08042e+11,1.04057e+11
4.9476e+07,63381.6,4.26126e+06,1.07781e+11,1.04327e+11
4.94823e+07,63774.1,4.26142e+06,1.0752e+11,1.04597e+11
4.94886e+07,64167.6,4.26158e+06,1.07257e+11,1.04865e+11
4.94949e+07,64562.1,4.26174e+06,1.06995e+11,1.05133e+11
4.95013e+07,64957.6,4.2619e+06,1.06731e+11,1.05401e+11
4.95076e+07,65354,4.26207e+06,1.06467e+11,1.05668e+11
4.95139e+07,65751.5,4.26223e+06,1.06202e+11,1.05934e+11
4.95202e+07,66150,4.2624e+06,1.05937e+11,1.06199e+11
4.95265e+07,66549.5,4.26256e+06,1.05671e+11,1.06464e+11
4.95328e+07,66950,4.26273e+06,1.05404e+11,1.06728e+11
4.95391e+07,67351.5,4.2629e+06,1.05137e+11,1.06992e+11
4.95454e+07,67754,4.26307e+06,1.04869e+11,1.07254e+11
4.95517e+07,68157.4,4.26324e+06,1.046e+11,1.07517e+11
4.95581e+07,68561.8,4.26341e+06,1.0433e+11,1.07778e+11
4.95644e+07,68967.3,4.26358e+06,1.0406e+11,1.08039e+11
4.95707e+07,69373.7,4.26375e+06,1.0379e+11,1.08299e+11
4.9577e+07,69781,4.26393e+06,1.03518e+11,1.08558e+11
4.95833e+07,70189.4,4.2641e+06,1.03246e+11,1.08817e+11
4.95896e+07,70598.7,4.26428e+06,1.02974e+11,1.09075e+11
4.95959e+07,71009,4.26446e+06,1.027e+11,1.09332e+11
4.96022e+07,71420.2,4.26463e+06,1.02426e+11,1.09589e+11
4.96085e+07,71832.4,4.26481e+06,1.02152e+11,1.09845e+11
4.96149e+07,72245.6,4.26499e+06,1.01877e+11,1.101e+11
4.96212e+07,72659.7,4.26518e+06,1.01601e+11,1.10355e+11
4.96275e+07,73074.8,4.26536e+06,1.01324e+11,1.10609e+11
4.96338e+07,73490.9,4.26554e+06,1.01047e+11,1.10862e+11
4.96401e+07,73907.8,4.26573e+06,1.00769e+11,1.11115e+11
4.96464e+07,74325.8,4.26591e+06,1.00491e+11,1.11367e+11
4.96527e+07,74744.7,4.2661e+06,1.00212e+11,1.11618e+11
4.9659e+07,75164.5,4.26629e+06,9.99323e+10,1.11868e+11
4.96654e+07,75585.2,4.26647e+06,9.9652e+10,1.12118e+11
4.96717e+07,76006.9,4.26666e+06,9.93711e+10,1.12367e+11
4.9678e+07,76429.6,4.26685e+06,9.90896e+10,1.12615e+11
4.96843e+07,76853.1,4.26705e+06,9.88075e+10,1.12863e+11
4.96906e+07,77277.6,4.26724e+06,9.85247e+10,1.1311e+11
4.96969e+07,77703.1,4.26743e+06,9.82413e+10,1.13356e+11
4.97032e+07,78129.4,4.26763e+06,9.79573e+10,1.13602e+11
4.97095e+07,78556.7,4.26782e+06,9.76727e+10,1.13846e+11
4.97158e+07,78984.9,4.26802e+06,9.73875e+10,1.1409e+11
4.97222e+07,79414,4.26822e+06,9.71017e+10,1.14334e+11
4.97285e+07,79844,4.26842e+06,9.68153e+10,1.14577e+11
4.97348e+07,80274.9,4.26862e+06,9.65282e+10,1.14818e+11
4.97411e+07,80706.7,4.26882e+06,9.62406e+10,1.1506e+11
4.97474e+07,81139.5,4.26902e+06,9.59523e+10,1.153e+11
4.97537e+07,81573.1,4.26923e+06,9.56635e+10,1.1554e+11
4.976e+07,82007.6,4.26943e+06,9.5374e+10,1.15779e+11
4.97663e+07,82443.1,4.26964e+06,9.5084e+10,1.16017e+11
4.97726e+07,82879.4,4.26984e+06,9.47933e+10,1.16255e+11
4.9779e+07,83316.6,4.27005e+06,9.45021e+10,1.16492e+11
4.97853e+07,83754.7,4.27026e+06,9.42103e+10,1.16728e+11
4.97916e+07,84193.7,4.27047e+06,9.39178e+10,1.16963e+11
4.97979e+07,84633.6,4.27068e+06,9.36248e+10,1.17198e+11
4.98042e+07,85074.4,4.27089e+06,9.33312e+10,1.17432e+11
4.98105e+07,85516,4.27111e+06,9.30371e+10,1.17665e+11
4.98168e+07,85958.5,4.27132e+06,9.27423e+10,1.17898e+11
4.98231e+07,86401.9,4.27154e+06,9.2447e+10,1.18129e+11
4.98295e+07,86846.1,4.27176e+06,9.2151e+10,1.1836e+11
4.98358e+07,87291.3,4.27197e+06,9.18545e+10,1.18591e+11
4.98421e+07,87737.2,4.27219e+06,9.15575e+10,1.1882e+11
4.98484e+07,88184.1,4.27241e+06,9.12598e+10,1.19049e+11
4.98547e+07,88631.8,4.27263e+06,9.09616e+10,1.19277e+11
4.9861e+07,89080.3,4.27286e+06,9.06628e+10,1.19504e+11
4.98673e+07,89529.8,4.27308e+06,9.03635e+10,1.19731e+11
4.98736e+07,89980,4.2733e+06,9.00635e+10,1.19957e+11
4.98799e+07,90431.1,4.27353e+06,8.97631e+10,1.20182e+11
4.98863e+07,90883.1,4.27376e+06,8.9462e+10,1.20406e+11
4.98926e+07,91335.9,4.27398e+06,8.91604e+10,1.20629e+11
4.98989e+07,91789.5,4.27421e+06,8.88582e+10,1.20852e+11
4.99052e+07,92244,4.27444e+06,8.85555e+10,1.21074e+11
4.99115e+07,92699.3,4.27468e+06,8.82522e+10,1.21295e+11
4.99178e+07,93155.4,4.27491e+06,8.79484e+10,1.21516e+11
4.99241e+07,93612.3,4.27514e+06,8.7644e+10,1.21736e+11
4.99304e+07,94070.1,4.27538e+06,8.73391e+10,1.21955e+11
4.99367e+07,94528.7,4.27561e+06,8.70336e+10,1.22173e+11
4.99431e+07,94988.1,4.27585e+06,8.67276e+10,1.2239e+11
4.99494e+07,95448.4,4.27609e+06,8.6421e+10,1.22607e+11
4.99557e+07,95909.4,4.27633e+06,8.61139e+10,1.22823e+11
4.9962e+07,96371.3,4.27657e+06,8.58063e+10,1.23038e+11
4.99683e+07,96833.9,4.27681e+06,8.54981e+10,1.23252e+11
4.99746e+07,97297.4,4.27705e+06,8.51894e+10,1.23466e+11
4.99809e+07,97761.7,4.2773e+06,8.48801e+10,1.23679e+11
4.99872e+07,98226.7,4.27754e+06,8.45703e+10,1.23891e+11
4.99935e+07,98692.6,4.27779e+06,8.426e+10,1.24102e+11
4.99999e+07,99159.3,4.27804e+06,8.39492e+10,1.24312e+11
5.00062e+07,99626.7,4.27828e+06,8.36378e+10,1.24522e+11
5.00125e+07,100095,4.27853e+06,8.33259e+10,1.24731e+11
5.00188e+07,100564,4.27879e+06,8.30135e+10,1.24939e+11
5.00251e+07,101034,4.27904e+06,8.27006e+10,1.25147e+11
5.00314e+07,101504,4.27929e+06,8.23871e+10,1.25353e+11
5.00377e+07,101976,4.27955e+06,8.20732e+10,1.25559e+11
5.0044e+07,102448,4.2798e+06,8.17587e+10,1.25764e+11
5.00504e+07,102921,4.28006e+06,8.14437e+10,1.25968e+11
5.00567e+07,103394,4.28032e+06,8.11282e+10,1.26172e+11
5.0063e+07,103869,4.28058e+06,8.08122e+10,1.26374e+11
5.00693e+07,104344,4.28084e+06,8.04956e+10,1.26576e+11
5.00756e+07,104820,4.2811e+06,8.01786e+10,1.26777e+11
5.00819e+07,105297,4.28136e+06,7.98611e+10,1.26977e+11
5.00882e+07,105774,4.28163e+06,7.95431e+10,1.27177e+11
5.00945e+07,106252,4.28189e+06,7.92245e+10,1.27376e+11
5.01008e+07,106731,4.28216e+06,7.89055e+10,1.27574e+11
5.01072e+07,107211,4.28243e+06,7.8586e+10,1.27771e+11
5.01135e+07,107691,4.28269e+06,7.8266e+10,1.27967e+11
5.01198e+07,108172,4.28296e+06,7.79455e+10,1.28162e+11
5.01261e+07,108654,4.28324e+06,7.76245e+10,1.28357e+11
5.01324e+07,109137,4.28351e+06,7.73031e+10,1.28551e+11
5.01387e+07,109620,4.28378e+06,7.69811e+10,1.28744e+11
5.0145e+07,110104,4.28406e+06,7.66587e+10,1.28936e+11
5.01513e+07,110589,4.28433e+06,7.63358e+10,1.29128e+11
5.01576e+07,111074,4.28461e+06,7.60124e+10,1.29318e+11
5.0164e+07,111561,4.28489e+06,7.56885e+10,1.29508e+11
5.01703e+07,112048,4.28517e+06,7.53641e+10,1.29697e+11
5.01766e+07,112535,4.28545e+06,7.50393e+10,1.29885e+11
5.01829e+07,113024,4.28573e+06,7.4714e+10,1.30073e+11
5.01892e+07,113513,4.28602e+06,7.43883e+10,1.30259e+11
5.01955e+07,114002,4.2863e+06,7.40621e+10,1.30445e+11
5.02018e+07,114493,4.28659e+06,7.37354e+10,1.3063e+11
5.02081e+07,114984,4.28687e+06,7.34082e+10,1.30814e+11
5.02145e+07,115476,4.28716e+06,7.30806e+10,1.30997e+11
5.02208e+07,115968,4.28745e+06,7.27526e+10,1.3118e+11
5.02271e+07,116461,4.28774e+06,7.2424e+10,1.31362e+11
5.02334e+07,116955,4.28803e+06,7.20951e+10,1.31542e+11
5.02397e+07,117450,4.28833e+06,7.17656e+10,1.31722e+11
5.0246e+07,117945,4.28862e+06,7.14358e+10,1.31902e+11
5.02523e+07,118441,4.28892e+06,7.11054e+10,1.3208e+11
5.02586e+07,118938,4.28922e+06,7.07747e+10,1.32258e+11
5.02649e+07,119435,4.28951e+06,7.04435e+10,1.32434e+11
5.02713e+07,119933,4.28981e+06,7.01118e+10,1.3261e+11
5.02776e+07,120431,4.29011e+06,6.97797e+10,1.32785e+11
5.02839e+07,120930,4.29042e+06,6.94472e+10,1.32959e+11
5.02902e+07,121430,4.29072e+06,6.91142e+10,1.33133e+11
5.02965e+07,121931,4.29102e+06,6.87808e+10,1.33305e+11
5.03028e+07,122432,4.29133e+06,6.8447e+10,1.33477e+11
5.03091e+07,122934,4.29164e+06,6.81128e+10,1.33648e+11
5.03154e+07,123436,4.29194e+06,6.77781e+10,1.33818e+11
5.03217e+07,123939,4.29225e+06,6.7443e+10,1.33987e+11
5.03281e+07,124443,4.29257e+06,6.71074e+10,1.34156e+11
5.03344e+07,124947,4.29288e+06,6.67715e+10,1.34323e+11
5.03407e+07,125452,4.29319e+06,6.64351e+10,1.3449e+11
5.0347e+07,125958,4.29351e+06,6.60983e+10,1.34656e+11
5.03533e+07,126464,4.29382e+06,6.57611e+10,1.34821e+11
5.03596e+07,126971,4.29414e+06,6.54235e+10,1.34985e+11
5.03659e+07,127478,4.29446e+06,6.50855e+10,1.35148e+11
5.03722e+07,127987,4.29478e+06,6.47471e+10,1.35311e+11
5.03786e+07,128495,4.2951e+06,6.44082e+10,1.35472e+11
5.03849e+07,129004,4.29542e+06,6.4069e+10,1.35633e+11
5.03912e+07,129514,4.29574e+06,6.37294e+10,1.35793e+11
5.03975e+07,130025,4.29607e+06,6.33893e+10,1.35952e+11
5.04038e+07,130536,4.29639e+06,6.30489e+10,1.3611e+11
5.04101e+07,131048,4.29672e+06,6.27081e+10,1.36268e+11
5.04164e+07,131560,4.29705e+06,6.23669e+10,1.36424e+11
5.04227e+07,132073,4.29738e+06,6.20252e+10,1.3658e+11
5.0429e+07,132586,4.29771e+06,6.16832e+10,1.36735e+11
5.04354e+07,133100,4.29804e+06,6.13409e+10,1.36888e+11
5.04417e+07,133615,4.29838e+06,6.09981e+10,1.37042e+11
5.0448e+07,134130,4.29871e+06,6.06549e+10,1.37194e+11
5.04543e+07,134646,4.29905e+06,6.03114e+10,1.37345e+11
5.04606e+07,135162,4.29939e+06,5.99675e+10,1.37496e+11
5.04669e+07,135679,4.29972e+06,5.96232e+10,1.37645e+11
5.04732e+07,136196,4.30007e+06,5.92785e+10,1.37794e+11
5.04795e+07,136714,4.30041e+06,5.89335e+10,1.37942e+11
5.04858e+07,137233,4.30075e+06,5.85881e+10,1.38089e+11
5.04922e+07,137752,4.30109e+06,5.82423e+10,1.38235e+11
5.04985e+07,138271,4.30144e+06,5.78962e+10,1.38381e+11
5.05048e+07,138792,4.30179e+06,5.75497e+10,1.38525e+11
5.05111e+07,139312,4.30213e+06,5.72029e+10,1.38669e+11
5.05174e+07,139834,4.30248e+06,5.68556e+10,1.38811e+11
5.05237e+07,140355,4.30283e+06,5.65081e+10,1.38953e+11
5.053e+07,140878,4.30319e+06,5.61602e+10,1.39094e+11
5.05363e+07,141401,4.30354e+06,5.58119e+10,1.39234e+11
5.05427e+07,141924,4.30389e+06,5.54633e+10,1.39374e+11
5.0549e+07,142448,4.30425e+06,5.51143e+10,1.39512e+11
5.05553e+07,142972,4.30461e+06,5.4765e+10,1.39649e+11
5.05616e+07,143497,4.30496e+06,5.44153e+10,1.39786e+11
5.05679e+07,144023,4.30532e+06,5.40653e+10,1.39922e+11
5.05742e+07,144549,4.30569e+06,5.3715e+10,1.40057e+11
5.05805e+07,145075,4.30605e+06,5.33643e+10,1.40191e+11
5.05868e+07,145602,4.30641e+06,5.30133e+10,1.40324e+11
5.05931e+07,146129,4.30678e+06,5.26619e+10,1.40456e+11
5.05995e+07,146657,4.30714e+06,5.23103e+10,1.40587e+11
5.06058e+07,147186,4.30751e+06,5.19583e+10,1.40718e+11
5.06121e+07,147715,4.30788e+06,5.16059e+10,1.40848e+11
5.06184e+07,148244,4.30825e+06,5.12533e+10,1.40976e+11
5.06247e+07,148774,4.30862e+06,5.09003e+10,1.41104e+11
5.0631e+07,149304,4.30899e+06,5.0547e+10,1.41231e+11
5.06373e+07,149835,4.30937e+06,5.01934e+10,1.41357e+11
5.06436e+07,150367,4.30974e+06,4.98395e+10,1.41482e+11
5.06499e+07,150898,4.31012e+06,4.94853e+10,1.41607e+11
5.06563e+07,151431,4.3105e+06,4.91307e+10,1.4173e+11
5.06626e+07,151963,4.31088e+06,4.87759e+10,1.41852e+11
5.06689e+07,152497,4.31126e+06,4.84207e+10,1.41974e+11
5.06752e+07,153030,4.31164e+06,4.80653e+10,1.42095e+11
5.06815e+07,153564,4.31203e+06,4.77095e+10,1.42215e+11
5.06878e+07,154099,4.31241e+06,4.73535e+10,1.42334e+11
5.06941e+07,154634,4.3128e+06,4.69971e+10,1.42452e+11
5.07004e+07,155169,4.31319e+06,4.66405e+10,1.42569e+11
5.07068e+07,155705,4.31357e+06,4.62835e+10,1.42685e+11
5.07131e+07,156241,4.31397e+06,4.59263e+10,1.42801e+11
5.07194e+07,156778,4.31436e+06,4.55688e+10,1.42915e+11
5.07257e+07,157315,4.31475e+06,4.5211e+10,1.43029e+11
5.0732e+07,157853,4.31514e+06,4.48529e+10,1.43141e+11
5.07383e+07,158391,4.31554e+06,4.44945e+10,1.43253e+11
5.07446e+07,158929,4.31594e+06,4.41359e+10,1.43364e+11
5.07509e+07,159468,4.31634e+06,4.37769e+10,1.43474e+11
5.07572e+07,160007,4.31674e+06,4.34177e+10,1.43583e+11
5.07636e+07,160547,4.31714e+06,4.30583e+10,1.43691e+11
5.07699e+07,161087,4.31754e+06,4.26985e+10,1.43799e+11
5.07762e+07,161628,4.31794e+06,4.23385e+10,1.43905e+11
5.07825e+07,162168,4.31835e+06,4.19782e+10,1.44011e+11
5.07888e+07,162710,4.31875e+06,4.16177e+10,1.44115e+11
5.07951e+07,163251,4.31916e+06,4.12569e+10,1.44219e+11
5.08014e+07,163793,4.31957e+06,4.08959e+10,1.44322e+11
5.08077e+07,164336,4.31998e+06,4.05346e+10,1.44424e+11
5.0814e+07,164879,4.32039e+06,4.0173e+10,1.44525e+11
5.08204e+07,165422,4.32081e+06,3.98112e+10,1.44625e+11
5.08267e+07,165965,4.32122e+06,3.94491e+10,1.44724e+11
5.0833e+07,166509,4.32164e+06,3.90868e+10,1.44822e+11
5.08393e+07,167054,4.32206e+06,3.87242e+10,1.44919e+11
5.08456e+07,167598,4.32247e+06,3.83614e+10,1.45016e+11
5.08519e+07,168143,4.32289e+06,3.79984e+10,1.45111e+11
5.08582e+07,168689,4.32332e+06,3.76351e+10,1.45206e+11
5.08645e+07,169234,4.32374e+06,3.72716e+10,1.453e+11
5.08709e+07,169780,4.32416e+06,3.69079e+10,1.45393e+11
5.08772e+07,170327,4.32459e+06,3.65439e+10,1.45485e+11
5.08835e+07,170874,4.32502e+06,3.61797e+10,1.45576e+11
5.08898e+07,171421,4.32544e+06,3.58152e+10,1.45666e+11
5.08961e+07,171968,4.32587e+06,3.54506e+10,1.45755e+11
5.09024e+07,172516,4.3263e+06,3.50857e+10,1.45843e+11
5.09087e+07,173064,4.32674e+06,3.47206e+10,1.4593e+11
5.0915e+07,173612,4.32717e+06,3.43553e+10,1.46017e+11
5.09213e+07,174161,4.32761e+06,3.39898e+10,1.46102e+11
5.09277e+07,174710,4.32804e+06,3.3624e+10,1.46187e+11
5.0934e+07,175260,4.32848e+06,3.32581e+10,1.46271e+11
5.09403e+07,175809,4.32892e+06,3.28919e+10,1.46354e+11
5.09466e+07,176359,4.32936e+06,3.25255e+10,1.46435e+11
5.09529e+07,176910,4.3298e+06,3.2159e+10,1.46516e+11
5.09592e+07,177460,4.33025e+06,3.17922e+10,1.46596e+11
5.09655e+07,178011,4.33069e+06,3.14252e+10,1.46675e+11
5.09718e+07,178562,4.33114e+06,3.1058e+10,1.46754e+11
5.09781e+07,179114,4.33158e+06,3.06907e+10,1.46831e+11
5.09845e+07,179666,4.33203e+06,3.03231e+10,1.46907e+11
5.09908e+07,180218,4.33248e+06,2.99554e+10,1.46983e+11
5.09971e+07,180770,4.33294e+06,2.95874e+10,1.47057e+11
5.10034e+07,181323,4.33339e+06,2.92193e+10,1.47131e+11
5.10097e+07,181876,4.33384e+06,2.8851e+10,1.47203e+11
5.1016e+07,182429,4.3343e+06,2.84825e+10,1.47275e+11
5.10223e+07,182982,4.33476e+06,2.81139e+10,1.47346e+11
5.10286e+07,183536,4.33522e+06,2.7745e+10,1.47416e+11
5.1035e+07,184090,4.33568e+06,2.7376e+10,1.47485e+11
5.10413e+07,184644,4.33614e+06,2.70068e+10,1.47553e+11
5.10476e+07,185199,4.3366e+06,2.66375e+10,1.4762e+11
5.10539e+07,185754,4.33706e+06,2.62679e+10,1.47686e+11
5.10602e+07,186309,4.33753e+06,2.58983e+10,1.47752e+11
5.10665e+07,186864,4.338e+06,2.55284e+10,1.47816e+11
5.10728e+07,187419,4.33846e+06,2.51584e+10,1.47879e+11
5.10791e+07,187975,4.33893e+06,2.47882e+10,1.47942e+11
5.10854e+07,188531,4.33941e+06,2.44179e+10,1.48003e+11
5.10918e+07,189087,4.33988e+06,2.40475e+10,1.48064e+11
5.10981e+07,189644,4.34035e+06,2.36768e+10,1.48124e+11
5.11044e+07,190200,4.34083e+06,2.33061e+10,1.48183e+11
5.11107e+07,190757,4.3413e+06,2.29351e+10,1.4824e+11
5.1117e+07,191314,4.34178e+06,2.25641e+10,1.48297e+11
5.11233e+07,191871,4.34226e+06,2.21929e+10,1.48353e+11
5.11296e+07,192429,4.34274e+06,2.18215e+10,1.48408e+11
5.11359e+07,192986,4.34322e+06,2.14501e+10,1.48463e+11
5.11422e+07,193544,4.34371e+06,2.10784e+10,1.48516e+11
5.11486e+07,194102,4.34419e+06,2.07067e+10,1.48568e+11
5.11549e+07,194661,4.34468e+06,2.03348e+10,1.48619e+11
5.11612e+07,195219,4.34517e+06,1.99628e+10,1.4867e+11
5.11675e+07,195778,4.34566e+06,1.95907e+10,1.48719e+11
5.11738e+07,196337,4.34615e+06,1.92184e+10,1.48768e+11
5.11801e+07,196896,4.34664e+06,1.88461e+10,1.48816e+11
5.11864e+07,197455,4.34713e+06,1.84736e+10,1.48862e+11
5.11927e+07,198014,4.34763e+06,1.8101e+10,1.48908e+11
5.11991e+07,198574,4.34812e+06,1.77283e+10,1.48953e+11
5.12054e+07,199134,4.34862e+06,1.73554e+10,1.48997e+11
5.12117e+07,199693,4.34912e+06,1.69825e+10,1.4904e+11
5.1218e+07,200253,4.34962e+06,1.66095e+10,1.49082e+11
5.12243e+07,200814,4.35012e+06,1.62363e+10,1.49123e+11
5.12306e+07,201374,4.35063e+06,1.58631e+10,1.49163e+11
5.12369e+07,201934,4.35113e+06,1.54897e+10,1.49202e+11
5.12432e+07,202495,4.35164e+06,1.51163e+10,1.49241e+11
5.12495e+07,203056,4.35214e+06,1.47427e+10,1.49278e+11
5.12559e+07,203617,4.35265e+06,1.43691e+10,1.49314e+11
5.12622e+07,204178,4.35316e+06,1.39954e+10,1.4935e+11
5.12685e+07,204739,4.35368e+06,1.36216e+10,1.49384e+11
5.12748e+07,205300,4.35419e+06,1.32477e+10,1.49418e+11
5.12811e+07,205862,4.3547e+06,1.28737e+10,1.49451e+11
5.12874e+07,206423,4.35522e+06,1.24996e+10,1.49482e+11
5.12937e+07,206985,4.35574e+06,1.21255e+10,1.49513e+11
5.13e+07,207547,4.35626e+06,1.17513e+10,1.49543e+11
5.13063e+07,208109,4.35678e+06,1.1377e+10,1.49572e+11
5.13127e+07,208671,4.3573e+06,1.10026e+10,1.496e+11
5.1319e+07,209233,4.35782e+06,1.06282e+10,1.49627e+11
5.13253e+07,209795,4.35834e+06,1.02537e+10,1.49653e+11
5.13316e+07,210357,4.35887e+06,9.87917e+09,1.49679e+11
5.13379e+07,210920,4.3594e+06,9.50455e+09,1.49703e+11
5.13442e+07,211482,4.35993e+06,9.12987e+09,1.49726e+11
5.13505e+07,212045,4.36046e+06,8.75514e+09,1.49748e+11
5.13568e+07,212607,4.36099e+06,8.38035e+09,1.4977e+11
5.13631e+07,213170,4.36152e+06,8.0055e+09,1.4979e+11
5.13695e+07,213733,4.36205e+06,7.63061e+09,1.4981e+11
5.13758e+07,214296,4.36259e+06,7.25567e+09,1.49829e+11
5.13821e+07,214859,4.36313e+06,6.88068e+09,1.49846e+11
5.13884e+07,215422,4.36367e+06,6.50565e+09,1.49863e+11
5.13947e+07,215985,4.36421e+06,6.13058e+09,1.49879e+11
5.1401e+07,216548,4.36475e+06,5.75547e+09,1.49894e+11
5.14073e+07,217111,4.36529e+06,5.38033e+09,1.49908e+11
5.14136e+07,217675,4.36583e+06,5.00515e+09,1.49921e+11
5.142e+07,218238,4.36638e+06,4.62994e+09,1.49933e+11
5.14263e+07,218801,4.36693e+06,4.2547e+09,1.49944e+11
5.14326e+07,219365,4.36747e+06,3.87943e+09,1.49954e+11
5.14389e+07,219928,4.36802e+06,3.50414e+09,1.49963e+11
5.14452e+07,220491,4.36857e+06,3.12883e+09,1.49972e+11
5.14515e+07,221055,4.36913e+06,2.7535e+09,1.49979e+11
5.14578e+07,221618,4.36968e+06,2.37815e+09,1.49985e+11
5.14641e+07,222182,4.37024e+06,2.00279e+09,1.49991e+11
5.14704e+07,222745,4.37079e+06,1.62741e+09,1.49995e+11
5.14768e+07,223309,4.37135e+06,1.25202e+09,1.49999e+11
5.14831e+07,223872,4.37191e+06,8.76631e+08,1.50002e+11
5.14894e+07,224436,4.37247e+06,5.01231e+08,1.50003e+11
5.14957e+07,225000,4.37303e+06,1.25828e+08,1.50004e+11
5.1502e+07,225563,4.3736e+06,-2.49575e+08,1.50004e+11
5.15083e+07,226127,4.37416e+06,-6.24978e+08,1.50003e+11
5.15146e+07,226690,4.37473e+06,-1.00038e+09,1.50001e+11
5.15209e+07,227254,4.3753e+06,-1.37577e+09,1.49998e+11
5.15272e+07,227817,4.37587e+06,-1.75115e+09,1.49994e+11
5.15336e+07,228381,4.37644e+06,-2.12652e+09,1.49989e+11
5.15399e+07,228945,4.37701e+06,-2.50188e+09,1.49983e+11
5.15462e+07,229508,4.37758e+06,-2.87723e+09,1.49977e+11
5.15525e+07,230071,4.37816e+06,-3.25255e+09,1.49969e+11
5.15588e+07,230635,4.37874e+06,-3.62786e+09,1.4996e+11
5.15651e+07,231198,4.37931e+06,-4.00314e+09,1.49951e+11
5.15714e+07,231762,4.37989e+06,-4.37839e+09,1.4994e+11
5.15777e+07,232325,4.38047e+06,-4.75362e+09,1.49929e+11
5.15841e+07,232888,4.38106e+06,-5.12882e+09,1.49916e+11
5.15904e+07,233451,4.38164e+06,-5.50399e+09,1.49903e+11
5.15967e+07,234015,4.38222e+06,-5.87913e+09,1.49889e+11
5.1603e+07,234578,4.38281e+06,-6.25422e+09,1.49874e+11
5.16093e+07,235141,4.3834e+06,-6.62928e+09,1.49858e+11
5.16156e+07,235704,4.38399e+06,-7.00429e+09,1.49841e+11
5.16219e+07,236267,4.38458e+06,-7.37927e+09,1.49823e+11
5.16282e+07,236830,4.38517e+06,-7.75419e+09,1.49804e+11
5.16345e+07,237392,4.38576e+06,-8.12907e+09,1.49784e+11
5.16409e+07,237955,4.38636e+06,-8.5039e+09,1.49763e+11
5.16472e+07,238518,4.38695e+06,-8.87867e+09,1.49741e+11
5.16535e+07,239080,4.38755e+06,-9.25339e+09,1.49718e+11
5.16598e+07,239643,4.38815e+06,-9.62805e+09,1.49695e+11
5.16661e+07,240205,4.38875e+06,-1.00026e+10,1.4967e+11
5.16724e+07,240767,4.38935e+06,-1.03772e+10,1.49645e+11
5.16787e+07,241330,4.38996e+06,-1.07517e+10,1.49618e+11
5.1685e+07,241892,4.39056e+06,-1.11261e+10,1.49591e+11
5.16913e+07,242454,4.39117e+06,-1.15004e+10,1.49563e+11
5.16977e+07,243015,4.39178e+06,-1.18747e+10,1.49533e+11
5.1704e+07,243577,4.39238e+06,-1.22488e+10,1.49503e+11
5.17103e+07,244139,4.39299e+06,-1.2623e+10,1.49472e+11
5.17166e+07,244700,4.39361e+06,-1.2997e+10,1.4944e+11
5.17229e+07,245262,4.39422e+06,-1.33709e+10,1.49407e+11
5.17292e+07,245823,4.39483e+06,-1.37448e+10,1.49373e+11
5.17355e+07,246384,4.39545e+06,-1.41186e+10,1.49338e+11
5.17418e+07,246945,4.39607e+06,-1.44923e+10,1.49302e+11
5.17482e+07,247506,4.39669e+06,-1.48659e+10,1.49266e+11
5.17545e+07,248067,4.39731e+06,-1.52394e+10,1.49228e+11
5.17608e+07,248627,4.39793e+06,-1.56128e+10,1.49189e+11
5.17671e+07,249188,4.39855e+06,-1.59861e+10,1.4915e+11
5.17734e+07,249748,4.39917e+06,-1.63593e+10,1.49109e+11
5.17797e+07,250308,4.3998e+06,-1.67324e+10,1.49068e+11
5.1786e+07,250868,4.40043e+06,-1.71054e+10,1.49026e+11
5.17923e+07,251428,4.40106e+06,-1.74784e+10,1.48982e+11
5.17986e+07,251988,4.40169e+06,-1.78511e+10,1.48938e+11
5.1805e+07,252547,4.40232e+06,-1.82238e+10,1.48893e+11
5.18113e+07,253106,4.40295e+06,-1.85964e+10,1.48847e+11
5.18176e+07,253666,4.40358e+06,-1.89688e+10,1.488e+11
5.18239e+07,254225,4.40422e+06,-1.93412e+10,1.48752e+11
5.18302e+07,254783,4.40486e+06,-1.97134e+10,1.48703e+11
5.18365e+07,255342,4.4055e+06,-2.00855e+10,1.48653e+11
5.18428e+07,255900,4.40614e+06,-2.04574e+10,1.48603e+11
5.18491e+07,256459,4.40678e+06,-2.08293e+10,1.48551e+11
5.18554e+07,257017,4.40742e+06,-2.1201e+10,1.48498e+11
5.18618e+07,257574,4.40806e+06,-2.15725e+10,1.48445e+11
5.18681e+07,258132,4.40871e+06,-2.1944e+10,1.4839e+11
5.18744e+07,258689,4.40935e+06,-2.23152e+10,1.48335e+11
5.18807e+07,259247,4.41e+06,-2.26864e+10,1.48279e+11
5.1887e+07,259804,4.41065e+06,-2.30574e+10,1.48221e+11
5.18933e+07,260360,4.4113e+06,-2.34283e+10,1.48163e+11
5.18996e+07,260917,4.41196e+06,-2.3799e+10,1.48104e+11
5.19059e+07,261473,4.41261e+06,-2.41696e+10,1.48044e+11
5.19123e+07,262029,4.41326e+06,-2.454e+10,1.47983e+11
5.19186e+07,262585,4.41392e+06,-2.49103e+10,1.47921e+11
5.19249e+07,263141,4.41458e+06,-2.52804e+10,1.47858e+11
5.19312e+07,263696,4.41524e+06,-2.56503e+10,1.47795e+11
5.19375e+07,264251,4.4159e+06,-2.60201e+10,1.4773e+11
5.19438e+07,264806,4.41656e+06,-2.63898e+10,1.47664e+11
5.19501e+07,265361,4.41722e+06,-2.67592e+10,1.47598e+11
5.19564e+07,265915,4.41789e+06,-2.71285e+10,1.47531e+11
5.19627e+07,266470,4.41856e+06,-2.74977e+10,1.47462e+11
5.19691e+07,267023,4.41922e+06,-2.78666e+10,1.47393e+11
5.19754e+07,267577,4.41989e+06,-2.82354e+10,1.47323e+11
5.19817e+07,268130,4.42056e+06,-2.8604e+10,1.47252e+11
5.1988e+07,268684,4.42123e+06,-2.89724e+10,1.4718e+11
5.19943e+07,269236,4.42191e+06,-2.93407e+10,1.47107e+11
5.20006e+07,269789,4.42258e+06,-2.97087e+10,1.47033e+11
5.20069e+07,270341,4.42326e+06,-3.00766e+10,1.46958e+11
5.20132e+07,270893,4.42393e+06,-3.04443e+10,1.46882e+11
5.20195e+07,271445,4.42461e+06,-3.08118e+10,1.46805e+11
5.20259e+07,271996,4.42529e+06,-3.11791e+10,1.46728e+11
5.20322e+07,272547,4.42597e+06,-3.15462e+10,1.46649e+11
5.20385e+07,273098,4.42666e+06,-3.19131e+10,1.4657e+11
5.20448e+07,273649,4.42734e+06,-3.22798e+10,1.4649e+11
5.20511e+07,274199,4.42803e+06,-3.26463e+10,1.46408e+11
5.20574e+07,274749,4.42871e+06,-3.30126e+10,1.46326e+11
5.20637e+07,275299,4.4294e+06,-3.33787e+10,1.46243e+11
5.207e+07,275848,4.43009e+06,-3.37446e+10,1.46159e+11
5.20764e+07,276397,4.43078e+06,-3.41103e+10,1.46074e+11
5.20827e+07,276945,4.43148e+06,-3.44757e+10,1.45988e+11
5.2089e+07,277494,4.43217e+06,-3.4841e+10,1.45902e+11
5.20953e+07,278042,4.43286e+06,-3.5206e+10,1.45814e+11
5.21016e+07,278589,4.43356e+06,-3.55708e+10,1.45725e+11
5.21079e+07,279137,4.43426e+06,-3.59354e+10,1.45636e+11
5.21142e+07,279684,4.43496e+06,-3.62997e+10,1.45546e+11
5.21205e+07,280230,4.43566e+06,-3.66639e+10,1.45454e+11
5.21268e+07,280777,4.43636e+06,-3.70278e+10,1.45362e+11
5.21332e+07,281323,4.43706e+06,-3.73915e+10,1.45269e+11
5.21395e+07,281868,4.43777e+06,-3.77549e+10,1.45175e+11
5.21458e+07,282414,4.43848e+06,-3.81181e+10,1.4508e+11
5.21521e+07,282958,4.43918e+06,-3.8481e+10,1.44984e+11
5.21584e+07,283503,4.43989e+06,-3.88438e+10,1.44887e+11
5.21647e+07,284047,4.4406e+06,-3.92062e+10,1.4479e+11
5.2171e+07,284591,4.44131e+06,-3.95685e+10,1.44691e+11
5.21773e+07,285134,4.44203e+06,-3.99305e+10,1.44592e+11
5.21836e+07,285677,4.44274e+06,-4.02922e+10,1.44491e+11
5.219e+07,286220,4.44346e+06,-4.06537e+10,1.4439e+11
5.21963e+07,286762,4.44417e+06,-4.10149e+10,1.44288e+11
5.22026e+07,287304,4.44489e+06,-4.13759e+10,1.44185e+11
5.22089e+07,287846,4.44561e+06,-4.17366e+10,1.44081e+11
5.22152e+07,288387,4.44633e+06,-4.2097e+10,1.43976e+11
5.22215e+07,288928,4.44705e+06,-4.24572e+10,1.4387e+11
5.22278e+07,289468,4.44778e+06,-4.28171e+10,1.43763e+11
5.22341e+07,290008,4.4485e+06,-4.31768e+10,1.43656e+11
5.22405e+07,290547,4.44923e+06,-4.35361e+10,1.43547e+11
5.22468e+07,291087,4.44996e+06,-4.38953e+10,1.43438e+11
5.22531e+07,291625,4.45069e+06,-4.42541e+10,1.43327e+11
5.22594e+07,292164,4.45142e+06,-4.46126e+10,1.43216e+11
5.22657e+07,292701,4.45215e+06,-4.49709e+10,1.43104e+11
5.2272e+07,293239,4.45288e+06,-4.53289e+10,1.42991e+11
5.22783e+07,293776,4.45362e+06,-4.56866e+10,1.42877e+11
5.22846e+07,294312,4.45435e+06,-4.6044e+10,1.42762e+11
5.22909e+07,294849,4.45509e+06,-4.64012e+10,1.42647e+11
5.22973e+07,295384,4.45583e+06,-4.6758e+10,1.4253e+11
5.23036e+07,295920,4.45657e+06,-4.71146e+10,1.42413e+11
5.23099e+07,296454,4.45731e+06,-4.74708e+10,1.42294e+11
5.23162e+07,296989,4.45805e+06,-4.78268e+10,1.42175e+11
5.23225e+07,297523,4.4588e+06,-4.81825e+10,1.42055e+11
5.23288e+07,298056,4.45954e+06,-4.85378e+10,1.41934e+11
5.23351e+07,298589,4.46029e+06,-4.88929e+10,1.41812e+11
5.23414e+07,299122,4.46104e+06,-4.92476e+10,1.41689e+11
5.23477e+07,299654,4.46179e+06,-4.96021e+10,1.41566e+11
5.23541e+07,300186,4.46254e+06,-4.99562e+10,1.41441e+11
5.23604e+07,300717,4.46329e+06,-5.031e+10,1.41315e+11
5.23667e+07,301247,4.46404e+06,-5.06635e+10,1.41189e+11
5.2373e+07,301778,4.4648e+06,-5.10167e+10,1.41062e+11
5.23793e+07,302307,4.46555e+06,-5.13695e+10,1.40934e+11
5.23856e+07,302837,4.46631e+06,-5.17221e+10,1.40805e+11
5.23919e+07,303365,4.46707e+06,-5.20743e+10,1.40675e+11
5.23982e+07,303894,4.46783e+06,-5.24262e+10,1.40544e+11
5.24046e+07,304422,4.46859e+06,-5.27778e+10,1.40412e+11
5.24109e+07,304949,4.46935e+06,-5.3129e+10,1.4028e+11
5.24172e+07,305476,4.47012e+06,-5.34799e+10,1.40147e+11
5.24235e+07,306002,4.47088e+06,-5.38305e+10,1.40012e+11
5.24298e+07,306528,4.47165e+06,-5.41807e+10,1.39877e+11
5.24361e+07,307053,4.47241e+06,-5.45306e+10,1.39741e+11
5.24424e+07,307578,4.47318e+06,-5.48801e+10,1.39604e+11
5.24487e+07,308102,4.47395e+06,-5.52293e+10,1.39466e+11
5.2455e+07,308626,4.47473e+06,-5.55782e+10,1.39328e+11
5.24614e+07,309149,4.4755e+06,-5.59267e+10,1.39188e+11
5.24677e+07,309672,4.47627e+06,-5.62748e+10,1.39048e+11
5.2474e+07,310194,4.47705e+06,-5.66227e+10,1.38906e+11
5.24803e+07,310715,4.47783e+06,-5.69701e+10,1.38764e+11
5.24866e+07,311236,4.4786e+06,-5.73172e+10,1.38621e+11
5.24929e+07,311757,4.47938e+06,-5.76639e+10,1.38477e+11
5.24992e+07,312277,4.48016e+06,-5.80103e+10,1.38333e+11
5.25055e+07,312796,4.48095e+06,-5.83563e+10,1.38187e+11
5.25118e+07,313315,4.48173e+06,-5.8702e+10,1.38041e+11
5.25182e+07,313834,4.48252e+06,-5.90472e+10,1.37893e+11
5.25245e+07,314351,4.4833e+06,-5.93922e+10,1.37745e+11
5.25308e+07,314869,4.48409e+06,-5.97367e+10,1.37596e+11
5.25371e+07,315385,4.48488e+06,-6.00809e+10,1.37446e+11
5.25434e+07,315901,4.48567e+06,-6.04246e+10,1.37295e+11
5.25497e+07,316417,4.48646e+06,-6.0768e+10,1.37144e+11
5.2556e+07,316932,4.48725e+06,-6.11111e+10,1.36991e+11
5.25623e+07,317446,4.48805e+06,-6.14537e+10,1.36838e+11
5.25687e+07,317960,4.48884e+06,-6.1796e+10,1.36683e+11
5.2575e+07,318473,4.48964e+06,-6.21378e+10,1.36528e+11
5.25813e+07,318986,4.49043e+06,-6.24793e+10,1.36372e+11
5.25876e+07,319498,4.49123e+06,-6.28204e+10,1.36216e+11
5.25939e+07,320010,4.49203e+06,-6.31611e+10,1.36058e+11
5.26002e+07,320520,4.49283e+06,-6.35014e+10,1.35899e+11
5.26065e+07,321031,4.49364e+06,-6.38413e+10,1.3574e+11
5.26128e+07,321540,4.49444e+06,-6.41808e+10,1.3558e+11
5.26191e+07,322050,4.49525e+06,-6.45199e+10,1.35419e+11
5.26255e+07,322558,4.49605e+06,-6.48586e+10,1.35257e+11
5.26318e+07,323066,4.49686e+06,-6.51969e+10,1.35094e+11
5.26381e+07,323573,4.49767e+06,-6.55348e+10,1.34931e+11
5.26444e+07,324080,4.49848e+06,-6.58723e+10,1.34766e+11
5.26507e+07,324586,4.49929e+06,-6.62093e+10,1.34601e+11
5.2657e+07,325091,4.50011e+06,-6.6546e+10,1.34435e+11
5.26633e+07,325596,4.50092e+06,-6.68822e+10,1.34268e+11
5.26696e+07,326100,4.50174e+06,-6.7218e+10,1.341e+11
5.26759e+07,326604,4.50255e+06,-6.75534e+10,1.33931e+11
5.26823e+07,327106,4.50337e+06,-6.78884e+10,1.33762e+11
5.26886e+07,327609,4.50419e+06,-6.82229e+10,1.33592e+11
5.26949e+07,328110,4.50501e+06,-6.8557e+10,1.3342e+11
5.27012e+07,328611,4.50583e+06,-6.88907e+10,1.33248e+11
5.27075e+07,329112,4.50666e+06,-6.9224e+10,1.33076e+11
5.27138e+07,329611,4.50748e+06,-6.95568e+10,1.32902e+11
5.27201e+07,330110,4.50831e+06,-6.98892e+10,1.32727e+11
5.27264e+07,330608,4.50913e+06,-7.02211e+10,1.32552e+11
5.27327e+07,331106,4.50996e+06,-7.05526e+10,1.32376e+11
5.27391e+07,331603,4.51079e+06,-7.08837e+10,1.32199e+11
5.27454e+07,332100,4.51162e+06,-7.12143e+10,1.32021e+11
5.27517e+07,332595,4.51245e+06,-7.15445e+10,1.31842e+11
5.2758e+07,333090,4.51328e+06,-7.18742e+10,1.31663e+11
5.27643e+07,333585,4.51412e+06,-7.22035e+10,1.31483e+11
5.27706e+07,334078,4.51495e+06,-7.25323e+10,1.31302e+11
5.27769e+07,334571,4.51579e+06,-7.28607e+10,1.3112e+11
5.27832e+07,335063,4.51663e+06,-7.31886e+10,1.30937e+11
5.27896e+07,335555,4.51747e+06,-7.35161e+10,1.30753e+11
5.27959e+07,336046,4.51831e+06,-7.38431e+10,1.30569e+11
5.28022e+07,336536,4.51915e+06,-7.41696e+10,1.30384e+11
5.28085e+07,337026,4.51999e+06,-7.44956e+10,1.30198e+11
5.28148e+07,337514,4.52084e+06,-7.48212e+10,1.30011e+11
5.28211e+07,338003,4.52168e+06,-7.51464e+10,1.29823e+11
5.28274e+07,338490,4.52253e+06,-7.5471e+10,1.29635e+11
5.28337e+07,338977,4.52338e+06,-7.57952e+10,1.29445e+11
5.284e+07,339463,4.52423e+06,-7.61189e+10,1.29255e+11
5.28464e+07,339948,4.52508e+06,-7.64422e+10,1.29064e+11
5.28527e+07,340432,4.52593e+06,-7.67649e+10,1.28873e+11
5.2859e+07,340916,4.52678e+06,-7.70872e+10,1.2868e+11
5.28653e+07,341399,4.52763e+06,-7.7409e+10,1.28487e+11
5.28716e+07,341882,4.52849e+06,-7.77303e+10,1.28293e+11
5.28779e+07,342363,4.52934e+06,-7.80511e+10,1.28098e+11
5.28842e+07,342844,4.5302e+06,-7.83715e+10,1.27902e+11
5.28905e+07,343324,4.53106e+06,-7.86913e+10,1.27705e+11
5.28968e+07,343804,4.53192e+06,-7.90107e+10,1.27508e+11
5.29032e+07,344283,4.53278e+06,-7.93295e+10,1.2731e+11
5.29095e+07,344760,4.53364e+06,-7.96479e+10,1.27111e+11
5.29158e+07,345238,4.53451e+06,-7.99657e+10,1.26911e+11
5.29221e+07,345714,4.53537e+06,-8.02831e+10,1.26711e+11
5.29284e+07,346190,4.53624e+06,-8.06e+10,1.26509e+11
5.29347e+07,346665,4.5371e+06,-8.09163e+10,1.26307e+11
5.2941e+07,347139,4.53797e+06,-8.12321e+10,1.26104e+11
5.29473e+07,347612,4.53884e+06,-8.15475e+10,1.25901e+11
5.29537e+07,348085,4.53971e+06,-8.18623e+10,1.25696e+11
5.296e+07,348557,4.54058e+06,-8.21766e+10,1.25491e+11
5.29663e+07,349028,4.54146e+06,-8.24904e+10,1.25285e+11
5.29726e+07,349498,4.54233e+06,-8.28037e+10,1.25078e+11
5.29789e+07,349968,4.54321e+06,-8.31165e+10,1.24871e+11
5.29852e+07,350436,4.54408e+06,-8.34287e+10,1.24662e+11
5.29915e+07,350904,4.54496e+06,-8.37404e+10,1.24453e+11
5.29978e+07,351372,4.54584e+06,-8.40516e+10,1.24243e+11
5.30041e+07,351838,4.54672e+06,-8.43623e+10,1.24032e+11
5.30105e+07,352304,4.5476e+06,-8.46724e+10,1.23821e+11
5.30168e+07,352768,4.54848e+06,-8.4982e+10,1.23608e+11
5.30231e+07,353232,4.54937e+06,-8.52911e+10,1.23395e+11
5.30294e+07,353696,4.55025e+06,-8.55996e+10,1.23181e+11
5.30357e+07,354158,4.55114e+06,-8.59077e+10,1.22967e+11
5.3042e+07,354620,4.55202e+06,-8.62151e+10,1.22751e+11
5.30483e+07,355080,4.55291e+06,-8.6522e+10,1.22535e+11
5.30546e+07,355540,4.5538e+06,-8.68284e+10,1.22318e+11
5.30609e+07,355999,4.55469e+06,-8.71343e+10,1.22101e+11
5.30673e+07,356458,4.55558e+06,-8.74396e+10,1.21882e+11
5.30736e+07,356915,4.55648e+06,-8.77443e+10,1.21663e+11
5.30799e+07,357372,4.55737e+06,-8.80485e+10,1.21443e+11
5.30862e+07,357828,4.55826e+06,-8.83522e+10,1.21222e+11
5.30925e+07,358283,4.55916e+06,-8.86553e+10,1.21001e+11
5.30988e+07,358737,4.56006e+06,-8.89578e+10,1.20779e+11
5.31051e+07,359190,4.56096e+06,-8.92598e+10,1.20556e+11
5.31114e+07,359643,4.56186e+06,-8.95612e+10,1.20332e+11
5.31178e+07,360095,4.56276e+06,-8.98621e+10,1.20107e+11
5.31241e+07,360545,4.56366e+06,-9.01624e+10,1.19882e+11
5.31304e+07,360995,4.56456e+06,-9.04621e+10,1.19656e+11
5.31367e+07,361445,4.56547e+06,-9.07613e+10,1.19429e+11
5.3143e+07,361893,4.56637e+06,-9.10599e+10,1.19202e+11
5.31493e+07,362340,4.56728e+06,-9.13579e+10,1.18973e+11
5.31556e+07,362787,4.56818e+06,-9.16554e+10,1.18744e+11
5.31619e+07,363232,4.56909e+06,-9.19522e+10,1.18515e+11
5.31682e+07,363677,4.57e+06,-9.22485e+10,1.18284e+11
5.31746e+07,364121,4.57091e+06,-9.25443e+10,1.18053e+11
5.31809e+07,364564,4.57182e+06,-9.28394e+10,1.17821e+11
5.31872e+07,365007,4.57274e+06,-9.3134e+10,1.17588e+11
5.31935e+07,365448,4.57365e+06,-9.3428e+10,1.17355e+11
5.31998e+07,365888,4.57457e+06,-9.37214e+10,1.17121e+11
5.32061e+07,366328,4.57548e+06,-9.40142e+10,1.16886e+11
5.32124e+07,366767,4.5764e+06,-9.43064e+10,1.1665e+11
5.32187e+07,367204,4.57732e+06,-9.4598e+10,1.16414e+11
5.3225e+07,367641,4.57824e+06,-9.48891e+10,1.16176e+11
5.32314e+07,368077,4.57916e+06,-9.51795e+10,1.15939e+11
5.32377e+07,368513,4.58008e+06,-9.54694e+10,1.157e+11
5.3244e+07,368947,4.581e+06,-9.57586e+10,1.15461e+11
5.32503e+07,369380,4.58193e+06,-9.60473e+10,1.15221e+11
5.32566e+07,369813,4.58285e+06,-9.63353e+10,1.1498e+11
5.32629e+07,370244,4.58378e+06,-9.66228e+10,1.14739e+11
5.32692e+07,370675,4.58471e+06,-9.69096e+10,1.14496e+11
5.32755e+07,371104,4.58563e+06,-9.71958e+10,1.14253e+11
5.32819e+07,371533,4.58656e+06,-9.74815e+10,1.1401e+11
5.32882e+07,371961,4.58749e+06,-9.77665e+10,1.13766e+11
5.32945e+07,372388,4.58843e+06,-9.80509e+10,1.1352e+11
5.33008e+07,372814,4.58936e+06,-9.83347e+10,1.13275e+11
5.33071e+07,373239,4.59029e+06,-9.86179e+10,1.13028e+11
5.33134e+07,373663,4.59123e+06,-9.89004e+10,1.12781e+11
5.33197e+07,374087,4.59216e+06,-9.91823e+10,1.12533e+11
5.3326e+07,374509,4.5931e+06,-9.94637e+10,1.12285e+11
5.33323e+07,374930,4.59404e+06,-9.97443e+10,1.12035e+11
5.33387e+07,375351,4.59497e+06,-1.00024e+11,1.11785e+11
5.3345e+07,375770,4.59591e+06,-1.00304e+11,1.11535e+11
5.33513e+07,376189,4.59686e+06,-1.00583e+11,1.11283e+11
5.33576e+07,376607,4.5978e+06,-1.00861e+11,1.11031e+11
5.33639e+07,377023,4.59874e+06,-1.01138e+11,1.10778e+11
5.33702e+07,377439,4.59969e+06,-1.01415e+11,1.10525e+11
5.33765e+07,377854,4.60063e+06,-1.01692e+11,1.10271e+11
5.33828e+07,378268,4.60158e+06,-1.01967e+11,1.10016e+11
5.33891e+07,378680,4.60252e+06,-1.02242e+11,1.0976e+11
5.33955e+07,379092,4.60347e+06,-1.02517e+11,1.09504e+11
5.34018e+07,379503,4.60442e+06,-1.0279e+11,1.09247e+11
5.34081e+07,379913,4.60537e+06,-1.03063e+11,1.0899e+11
5.34144e+07,380322,4.60632e+06,-1.03336e+11,1.08731e+11
5.34207e+07,380730,4.60727e+06,-1.03608e+11,1.08473e+11
5.3427e+07,381137,4.60823e+06,-1.03879e+11,1.08213e+11
5.34333e+07,381543,4.60918e+06,-1.04149e+11,1.07953e+11
5.34396e+07,381948,4.61014e+06,-1.04419e+11,1.07692e+11
5.3446e+07,382353,4.61109e+06,-1.04688e+11,1.0743e+11
5.34523e+07,382756,4.61205e+06,-1.04957e+11,1.07168e+11
5.34586e+07,383158,4.61301e+06,-1.05225e+11,1.06905e+11
5.34649e+07,383559,4.61397e+06,-1.05492e+11,1.06641e+11
5.34712e+07,383959,4.61493e+06,-1.05758e+11,1.06377e+11
5.34775e+07,384358,4.61589e+06,-1.06024e+11,1.06111e+11
5.34838e+07,384756,4.61685e+06,-1.0629e+11,1.05846e+11
5.34901e+07,385154,4.61782e+06,-1.06554e+11,1.05579e+11
5.34964e+07,385550,4.61878e+06,-1.06818e+11,1.05312e+11
5.35028e+07,385945,4.61975e+06,-1.07081e+11,1.05045e+11
5.35091e+07,386339,4.62071e+06,-1.07344e+11,1.04776e+11
5.35154e+07,386732,4.62168e+06,-1.07606e+11,1.04508e+11
5.35217e+07,387124,4.62265e+06,-1.07867e+11,1.04238e+11
5.3528e+07,387515,4.62362e+06,-1.08127e+11,1.03968e+11
5.35343e+07,387906,4.62459e+06,-1.08387e+11,1.03697e+11
5.35406e+07,388295,4.62556e+06,-1.08646e+11,1.03425e+11
5.35469e+07,388683,4.62653e+06,-1.08905e+11,1.03153e+11
5.35532e+07,389070,4.62751e+06,-1.09163e+11,1.0288e+11
5.35596e+07,389456,4.62848e+06,-1.0942e+11,1.02606e+11
5.35659e+07,389841,4.62946e+06,-1.09676e+11,1.02332e+11
5.35722e+07,390225,4.63043e+06,-1.09932e+11,1.02057e+11
5.35785e+07,390608,4.63141e+06,-1.10187e+11,1.01782e+11
5.35848e+07,390989,4.63239e+06,-1.10441e+11,1.01506e+11
5.35911e+07,391370,4.63337e+06,-1.10695e+11,1.01229e+11
5.35974e+07,391750,4.63435e+06,-1.10948e+11,1.00952e+11
5.36037e+07,392129,4.63533e+06,-1.112e+11,1.00674e+11
5.36101e+07,392507,4.63631e+06,-1.11452e+11,1.00395e+11
5.36164e+07,392883,4.63729e+06,-1.11703e+11,1.00116e+11
5.36227e+07,393259,4.63827e+06,-1.11953e+11,9.98361e+10
5.3629e+07,393633,4.63926e+06,-1.12203e+11,9.95556e+10
5.36353e+07,394007,4.64025e+06,-1.12451e+11,9.92745e+10
5.36416e+07,394379,4.64123e+06,-1.12699e+11,9.89928e+10
5.36479e+07,394751,4.64222e+06,-1.12947e+11,9.87104e+10
5.36542e+07,395121,4.64321e+06,-1.13193e+11,9.84274e+10
5.36605e+07,395490,4.6442e+06,-1.13439e+11,9.81438e+10
5.36669e+07,395859,4.64519e+06,-1.13685e+11,9.78596e+10
5.36732e+07,396226,4.64618e+06,-1.13929e+11,9.75748e+10
5.36795e+07,396592,4.64717e+06,-1.14173e+11,9.72893e+10
5.36858e+07,396957,4.64816e+06,-1.14416e+11,9.70033e+10
5.36921e+07,397321,4.64916e+06,-1.14659e+11,9.67166e+10
5.36984e+07,397683,4.65015e+06,-1.149e+11,9.64294e+10
5.37047e+07,398045,4.65115e+06,-1.15141e+11,9.61415e+10
5.3711e+07,398406,4.65214e+06,-1.15381e+11,9.58531e+10
5.37173e+07,398765,4.65314e+06,-1.15621e+11,9.5564e+10
5.37237e+07,399124,4.65414e+06,-1.1586e+11,9.52743e+10
5.373e+07,399481,4.65514e+06,-1.16098e+11,9.49841e+10
5.37363e+07,399838,4.65614e+06,-1.16335e+11,9.46932e+10
5.37426e+07,400193,4.65714e+06,-1.16572e+11,9.44018e+10
5.37489e+07,400547,4.65814e+06,-1.16808e+11,9.41097e+10
5.37552e+07,400900,4.65915e+06,-1.17043e+11,9.38171e+10
5.37615e+07,401252,4.66015e+06,-1.17277e+11,9.35239e+10
5.37678e+07,401603,4.66115e+06,-1.17511e+11,9.32301e+10
5.37742e+07,401952,4.66216e+06,-1.17744e+11,9.29357e+10
5.37805e+07,402301,4.66317e+06,-1.17976e+11,9.26407e+10
5.37868e+07,402648,4.66417e+06,-1.18208e+11,9.23452e+10
5.37931e+07,402995,4.66518e+06,-1.18438e+11,9.2049e+10
5.37994e+07,403340,4.66619e+06,-1.18668e+11,9.17523e+10
5.38057e+07,403684,4.6672e+06,-1.18898e+11,9.14551e+10
5.3812e+07,404027,4.66821e+06,-1.19126e+11,9.11572e+10
5.38183e+07,404369,4.66922e+06,-1.19354e+11,9.08588e+10
5.38246e+07,404710,4.67024e+06,-1.19581e+11,9.05598e+10
5.3831e+07,405050,4.67125e+06,-1.19807e+11,9.02602e+10
5.38373e+07,405388,4.67226e+06,-1.20033e+11,8.99601e+10
5.38436e+07,405726,4.67328e+06,-1.20257e+11,8.96594e+10
5.38499e+07,406062,4.67429e+06,-1.20481e+11,8.93582e+10
5.38562e+07,406397,4.67531e+06,-1.20705e+11,8.90564e+10
5.38625e+07,406731,4.67633e+06,-1.20927e+11,8.8754e+10
5.38688e+07,407064,4.67735e+06,-1.21149e+11,8.84511e+10
5.38751e+07,407396,4.67837e+06,-1.2137e+11,8.81476e+10
5.38814e+07,407726,4.67939e+06,-1.2159e+11,8.78436e+10
5.38878e+07,408056,4.68041e+06,-1.21809e+11,8.7539e+10
5.38941e+07,408384,4.68143e+06,-1.22028e+11,8.72339e+10
5.39004e+07,408711,4.68245e+06,-1.22246e+11,8.69282e+10
5.39067e+07,409037,4.68347e+06,-1.22463e+11,8.6622e+10
5.3913e+07,409362,4.6845e+06,-1.2268e+11,8.63152e+10
5.39193e+07,409686,4.68552e+06,-1.22895e+11,8.60079e+10
5.39256e+07,410008,4.68655e+06,-1.2311e+11,8.57001e+10
5.39319e+07,410330,4.68757e+06,-1.23324e+11,8.53917e+10
5.39382e+07,410650,4.6886e+06,-1.23537e+11,8.50828e+10
5.39446e+07,410969,4.68963e+06,-1.2375e+11,8.47733e+10
5.39509e+07,411287,4.69066e+06,-1.23962e+11,8.44634e+10
5.39572e+07,411604,4.69169e+06,-1.24173e+11,8.41529e+10
5.39635e+07,411919,4.69272e+06,-1.24383e+11,8.38418e+10
5.39698e+07,412234,4.69375e+06,-1.24592e+11,8.35303e+10
5.39761e+07,412547,4.69478e+06,-1.24801e+11,8.32182e+10
5.39824e+07,412859,4.69582e+06,-1.25009e+11,8.29056e+10
5.39887e+07,413170,4.69685e+06,-1.25216e+11,8.25925e+10
5.39951e+07,413480,4.69788e+06,-1.25422e+11,8.22788e+10
5.40014e+07,413788,4.69892e+06,-1.25628e+11,8.19647e+10
5.40077e+07,414096,4.69996e+06,-1.25833e+11,8.165e+10
5.4014e+07,414402,4.70099e+06,-1.26036e+11,8.13348e+10
5.40203e+07,414707,4.70203e+06,-1.2624e+11,8.10192e+10
5.40266e+07,415010,4.70307e+06,-1.26442e+11,8.0703e+10
5.40329e+07,415313,4.70411e+06,-1.26644e+11,8.03863e+10
5.40392e+07,415614,4.70515e+06,-1.26844e+11,8.00691e+10
5.40455e+07,415915,4.70619e+06,-1.27044e+11,7.97514e+10
5.40519e+07,416214,4.70723e+06,-1.27244e+11,7.94332e+10
5.40582e+07,416512,4.70827e+06,-1.27442e+11,7.91145e+10
5.40645e+07,416808,4.70931e+06,-1.27639e+11,7.87953e+10
5.40708e+07,417104,4.71036e+06,-1.27836e+11,7.84756e+10
5.40771e+07,417398,4.7114e+06,-1.28032e+11,7.81554e+10
5.40834e+07,417691,4.71245e+06,-1.28227e+11,7.78347e+10
5.40897e+07,417983,4.71349e+06,-1.28422e+11,7.75136e+10
5.4096e+07,418273,4.71454e+06,-1.28615e+11,7.71919e+10
5.41023e+07,418563,4.71559e+06,-1.28808e+11,7.68698e+10
5.41087e+07,418851,4.71663e+06,-1.29e+11,7.65472e+10
5.4115e+07,419138,4.71768e+06,-1.29191e+11,7.62241e+10
5.41213e+07,419424,4.71873e+06,-1.29382e+11,7.59005e+10
5.41276e+07,419708,4.71978e+06,-1.29571e+11,7.55765e+10
5.41339e+07,419992,4.72083e+06,-1.2976e+11,7.5252e+10
5.41402e+07,420274,4.72188e+06,-1.29948e+11,7.4927e+10
5.41465e+07,420555,4.72294e+06,-1.30135e+11,7.46015e+10
5.41528e+07,420834,4.72399e+06,-1.30321e+11,7.42756e+10
5.41592e+07,421113,4.72504e+06,-1.30507e+11,7.39492e+10
5.41655e+07,421390,4.7261e+06,-1.30691e+11,7.36224e+10
5.41718e+07,421666,4.72715e+06,-1.30875e+11,7.3295e+10
5.41781e+07,421941,4.72821e+06,-1.31058e+11,7.29673e+10
5.41844e+07,422214,4.72926e+06,-1.3124e+11,7.2639e+10
5.41907e+07,422486,4.73032e+06,-1.31422e+11,7.23104e+10
5.4197e+07,422757,4.73138e+06,-1.31602e+11,7.19812e+10
5.42033e+07,423027,4.73244e+06,-1.31782e+11,7.16516e+10
5.42096e+07,423296,4.7335e+06,-1.31961e+11,7.13216e+10
5.4216e+07,423563,4.73455e+06,-1.32139e+11,7.09911e+10
5.42223e+07,423829,4.73562e+06,-1.32316e+11,7.06602e+10
5.42286e+07,424094,4.73668e+06,-1.32493e+11,7.03288e+10
5.42349e+07,424358,4.73774e+06,-1.32668e+11,6.9997e+10
5.42412e+07,424620,4.7388e+06,-1.32843e+11,6.96648e+10
5.42475e+07,424881,4.73986e+06,-1.33017e+11,6.93321e+10
5.42538e+07,425141,4.74093e+06,-1.3319e+11,6.8999e+10
5.42601e+07,425400,4.74199e+06,-1.33362e+11,6.86654e+10
5.42664e+07,425657,4.74306e+06,-1.33534e+11,6.83314e+10
5.42728e+07,425913,4.74412e+06,-1.33704e+11,6.7997e+10
5.42791e+07,426168,4.74519e+06,-1.33874e+11,6.76622e+10
5.42854e+07,426421,4.74626e+06,-1.34043e+11,6.73269e+10
5.42917e+07,426674,4.74732e+06,-1.34211e+11,6.69913e+10
5.4298e+07,426925,4.74839e+06,-1.34378e+11,6.66552e+10
5.43043e+07,427175,4.74946e+06,-1.34545e+11,6.63186e+10
5.43106e+07,427423,4.75053e+06,-1.3471e+11,6.59817e+10
5.43169e+07,427670,4.7516e+06,-1.34875e+11,6.56444e+10
5.43233e+07,427916,4.75267e+06,-1.35039e+11,6.53066e+10
5.43296e+07,428161,4.75374e+06,-1.35202e+11,6.49684e+10
5.43359e+07,428404,4.75481e+06,-1.35364e+11,6.46299e+10
5.43422e+07,428647,4.75589e+06,-1.35525e+11,6.42909e+10
5.43485e+07,428888,4.75696e+06,-1.35686e+11,6.39515e+10
5.43548e+07,429127,4.75803e+06,-1.35845e+11,6.36117e+10
5.43611e+07,429365,4.75911e+06,-1.36004e+11,6.32715e+10
5.43674e+07,429603,4.76018e+06,-1.36162e+11,6.2931e+10
5.43737e+07,429838,4.76126e+06,-1.36319e+11,6.259e+10
5.43801e+07,430073,4.76233e+06,-1.36475e+11,6.22486e+10
5.43864e+07,430306,4.76341e+06,-1.36631e+11,6.19069e+10
5.43927e+07,430538,4.76449e+06,-1.36785e+11,6.15647e+10
5.4399e+07,430769,4.76556e+06,-1.36939e+11,6.12222e+10
5.44053e+07,430998,4.76664e+06,-1.37091e+11,6.08793e+10
5.44116e+07,431226,4.76772e+06,-1.37243e+11,6.0536e+10
5.44179e+07,431453,4.7688e+06,-1.37394e+11,6.01923e+10
5.44242e+07,431678,4.76988e+06,-1.37545e+11,5.98483e+10
5.44305e+07,431903,4.77096e+06,-1.37694e+11,5.95039e+10
5.44369e+07,432125,4.77204e+06,-1.37842e+11,5.91591e+10
5.44432e+07,432347,4.77312e+06,-1.3799e+11,5.88139e+10
5.44495e+07,432567,4.77421e+06,-1.38137e+11,5.84684e+10
5.44558e+07,432786,4.77529e+06,-1.38283e+11,5.81225e+10
5.44621e+07,433004,4.77637e+06,-1.38428e+11,5.77762e+10
5.44684e+07,433220,4.77746e+06,-1.38572e+11,5.74296e+10
5.44747e+07,433436,4.77854e+06,-1.38715e+11,5.70826e+10
5.4481e+07,433649,4.77963e+06,-1.38858e+11,5.67353e+10
5.44874e+07,433862,4.78071e+06,-1.38999e+11,5.63876e+10
5.44937e+07,434073,4.7818e+06,-1.3914e+11,5.60395e+10
5.45e+07,434283,4.78289e+06,-1.3928e+11,5.56911e+10
5.45063e+07,434492,4.78397e+06,-1.39419e+11,5.53424e+10
5.45126e+07,434699,4.78506e+06,-1.39557e+11,5.49933e+10
5.45189e+07,434905,4.78615e+06,-1.39694e+11,5.46438e+10
5.45252e+07,435109,4.78724e+06,-1.3983e+11,5.42941e+10
5.45315e+07,435313,4.78833e+06,-1.39965e+11,5.39439e+10
5.45378e+07,435515,4.78942e+06,-1.401e+11,5.35935e+10
5.45442e+07,435715,4.79051e+06,-1.40234e+11,5.32427e+10
5.45505e+07,435915,4.7916e+06,-1.40367e+11,5.28916e+10
5.45568e+07,436113,4.79269e+06,-1.40498e+11,5.25401e+10
5.45631e+07,436310,4.79378e+06,-1.40629e+11,5.21883e+10
5.45694e+07,436505,4.79487e+06,-1.4076e+11,5.18362e+10
5.45757e+07,436699,4.79596e+06,-1.40889e+11,5.14837e+10
5.4582e+07,436892,4.79706e+06,-1.41017e+11,5.1131e+10
5.45883e+07,437083,4.79815e+06,-1.41145e+11,5.07779e+10
5.45946e+07,437273,4.79925e+06,-1.41271e+11,5.04245e+10
5.4601e+07,437462,4.80034e+06,-1.41397e+11,5.00708e+10
5.46073e+07,437649,4.80144e+06,-1.41522e+11,4.97167e+10
5.46136e+07,437836,4.80253e+06,-1.41646e+11,4.93624e+10
5.46199e+07,438020,4.80363e+06,-1.41769e+11,4.90077e+10
5.46262e+07,438204,4.80472e+06,-1.41891e+11,4.86528e+10
5.46325e+07,438386,4.80582e+06,-1.42013e+11,4.82975e+10
5.46388e+07,438567,4.80692e+06,-1.42133e+11,4.7942e+10
5.46451e+07,438746,4.80802e+06,-1.42253e+11,4.75861e+10
5.46515e+07,438924,4.80911e+06,-1.42371e+11,4.72299e+10
5.46578e+07,439101,4.81021e+06,-1.42489e+11,4.68735e+10
5.46641e+07,439276,4.81131e+06,-1.42606e+11,4.65167e+10
5.46704e+07,439451,4.81241e+06,-1.42722e+11,4.61597e+10
5.46767e+07,439623,4.81351e+06,-1.42837e+11,4.58023e+10
5.4683e+07,439795,4.81461e+06,-1.42951e+11,4.54447e+10
5.46893e+07,439965,4.81571e+06,-1.43064e+11,4.50868e+10
5.46956e+07,440133,4.81681e+06,-1.43177e+11,4.47286e+10
5.47019e+07,440301,4.81792e+06,-1.43288e+11,4.43701e+10
5.47083e+07,440467,4.81902e+06,-1.43399e+11,4.40114e+10
5.47146e+07,440631,4.82012e+06,-1.43508e+11,4.36524e+10
5.47209e+07,440795,4.82122e+06,-1.43617e+11,4.32931e+10
5.47272e+07,440957,4.82233e+06,-1.43725e+11,4.29335e+10
5.47335e+07,441117,4.82343e+06,-1.43832e+11,4.25737e+10
5.47398e+07,441277,4.82453e+06,-1.43938e+11,4.22136e+10
5.47461e+07,441435,4.82564e+06,-1.44043e+11,4.18532e+10
5.47524e+07,441591,4.82674e+06,-1.44148e+11,4.14926e+10
5.47587e+07,441746,4.82785e+06,-1.44251e+11,4.11317e+10
5.47651e+07,441900,4.82896e+06,-1.44353e+11,4.07705e+10
5.47714e+07,442053,4.83006e+06,-1.44455e+11,4.04091e+10
5.47777e+07,442204,4.83117e+06,-1.44556e+11,4.00475e+10
5.4784e+07,442354,4.83227e+06,-1.44655e+11,3.96856e+10
5.47903e+07,442502,4.83338e+06,-1.44754e+11,3.93234e+10
5.47966e+07,442649,4.83449e+06,-1.44852e+11,3.8961e+10
5.48029e+07,442795,4.8356e+06,-1.44949e+11,3.85984e+10
5.48092e+07,442939,4.83671e+06,-1.45045e+11,3.82355e+10
5.48156e+07,443082,4.83781e+06,-1.45141e+11,3.78724e+10
5.48219e+07,443224,4.83892e+06,-1.45235e+11,3.7509e+10
5.48282e+07,443364,4.84003e+06,-1.45328e+11,3.71454e+10
5.48345e+07,443503,4.84114e+06,-1.45421e+11,3.67816e+10
5.48408e+07,443640,4.84225e+06,-1.45512e+11,3.64175e+10
5.48471e+07,443776,4.84336e+06,-1.45603e+11,3.60532e+10
5.48534e+07,443911,4.84447e+06,-1.45693e+11,3.56887e+10
5.48597e+07,444044,4.84559e+06,-1.45782e+11,3.5324e+10
5.4866e+07,444176,4.8467e+06,-1.4587e+11,3.4959e+10
5.48724e+07,444307,4.84781e+06,-1.45957e+11,3.45939e+10
5.48787e+07,444436,4.84892e+06,-1.46043e+11,3.42285e+10
5.4885e+07,444564,4.85003e+06,-1.46128e+11,3.38628e+10
5.48913e+07,444691,4.85115e+06,-1.46212e+11,3.3497e+10
5.48976e+07,444816,4.85226e+06,-1.46296e+11,3.3131e+10
5.49039e+07,444940,4.85337e+06,-1.46378e+11,3.27648e+10
5.49102e+07,445062,4.85449e+06,-1.4646e+11,3.23983e+10
5.49165e+07,445183,4.8556e+06,-1.4654e+11,3.20317e+10
5.49228e+07,445303,4.85671e+06,-1.4662e+11,3.16648e+10
5.49292e+07,445421,4.85783e+06,-1.46699e+11,3.12978e+10
5.49355e+07,445538,4.85894e+06,-1.46777e+11,3.09305e+10
5.49418e+07,445653,4.86006e+06,-1.46854e+11,3.05631e+10
5.49481e+07,445767,4.86117e+06,-1.4693e+11,3.01955e+10
5.49544e+07,445880,4.86229e+06,-1.47005e+11,2.98277e+10
5.49607e+07,445992,4.86341e+06,-1.47079e+11,2.94597e+10
5.4967e+07,446102,4.86452e+06,-1.47152e+11,2.90915e+10
5.49733e+07,446210,4.86564e+06,-1.47224e+11,2.87231e+10
5.49797e+07,446317,4.86676e+06,-1.47296e+11,2.83546e+10
5.4986e+07,446423,4.86787e+06,-1.47366e+11,2.79858e+10
5.49923e+07,446528,4.86899e+06,-1.47436e+11,2.76169e+10
5.49986e+07,446631,4.87011e+06,-1.47504e+11,2.72479e+10
5.50049e+07,446732,4.87123e+06,-1.47572e+11,2.68786e+10
5.50112e+07,446833,4.87234e+06,-1.47639e+11,2.65092e+10
5.50175e+07,446932,4.87346e+06,-1.47705e+11,2.61396e+10
5.50238e+07,447029,4.87458e+06,-1.4777e+11,2.57699e+10
5.50301e+07,447125,4.8757e+06,-1.47834e+11,2.54e+10
5.50365e+07,447220,4.87682e+06,-1.47897e+11,2.50299e+10
5.50428e+07,447313,4.87794e+06,-1.47959e+11,2.46597e+10
5.50491e+07,447405,4.87906e+06,-1.4802e+11,2.42893e+10
5.50554e+07,447496,4.88018e+06,-1.48081e+11,2.39188e+10
5.50617e+07,447585,4.8813e+06,-1.4814e+11,2.35481e+10
5.5068e+07,447673,4.88242e+06,-1.48198e+11,2.31773e+10
5.50743e+07,447759,4.88354e+06,-1.48256e+11,2.28063e+10
5.50806e+07,447844,4.88466e+06,-1.48313e+11,2.24352e+10
5.50869e+07,447927,4.88578e+06,-1.48368e+11,2.20639e+10
5.50933e+07,448010,4.8869e+06,-1.48423e+11,2.16926e+10
5.50996e+07,448090,4.88802e+06,-1.48477e+11,2.1321e+10
5.51059e+07,448170,4.88914e+06,-1.4853e+11,2.09494e+10
5.51122e+07,448248,4.89027e+06,-1.48582e+11,2.05776e+10
5.51185e+07,448324,4.89139e+06,-1.48633e+11,2.02057e+10
5.51248e+07,448400,4.89251e+06,-1.48683e+11,1.98336e+10
5.51311e+07,448473,4.89363e+06,-1.48732e+11,1.94614e+10
5.51374e+07,448546,4.89476e+06,-1.4878e+11,1.90891e+10
5.51438e+07,448617,4.89588e+06,-1.48827e+11,1.87167e+10
5.51501e+07,448686,4.897e+06,-1.48874e+11,1.83442e+10
5.51564e+07,448755,4.89812e+06,-1.48919e+11,1.79716e+10
5.51627e+07,448821,4.89925e+06,-1.48964e+11,1.75988e+10
5.5169e+07,448887,4.90037e+06,-1.49007e+11,1.72259e+10
5.51753e+07,448951,4.90149e+06,-1.4905e+11,1.6853e+10
5.51816e+07,449013,4.90262e+06,-1.49092e+11,1.64799e+10
5.51879e+07,449075,4.90374e+06,-1.49132e+11,1.61067e+10
5.51942e+07,449134,4.90487e+06,-1.49172e+11,1.57334e+10
5.52006e+07,449193,4.90599e+06,-1.49211e+11,1.536e+10
5.52069e+07,449250,4.90711e+06,-1.49249e+11,1.49866e+10
5.52132e+07,449305,4.90824e+06,-1.49286e+11,1.4613e+10
5.52195e+07,449360,4.90936e+06,-1.49322e+11,1.42393e+10
5.52258e+07,449412,4.91049e+06,-1.49357e+11,1.38656e+10
5.52321e+07,449464,4.91161e+06,-1.49392e+11,1.34917e+10
5.52384e+07,449514,4.91274e+06,-1.49425e+11,1.31178e+10
5.52447e+07,449562,4.91386e+06,-1.49457e+11,1.27438e+10
5.5251e+07,449609,4.91499e+06,-1.49489e+11,1.23697e+10
5.52574e+07,449655,4.91611e+06,-1.49519e+11,1.19955e+10
5.52637e+07,449700,4.91724e+06,-1.49549e+11,1.16213e+10
5.527e+07,449742,4.91836e+06,-1.49577e+11,1.1247e+10
5.52763e+07,449784,4.91949e+06,-1.49605e+11,1.08726e+10
5.52826e+07,449824,4.92062e+06,-1.49632e+11,1.04981e+10
5.52889e+07,449863,4.92174e+06,-1.49657e+11,1.01236e+10
5.52952e+07,449900,4.92287e+06,-1.49682e+11,9.74905e+09
5.53015e+07,449936,4.92399e+06,-1.49706e+11,9.37441e+09
5.53078e+07,449971,4.92512e+06,-1.49729e+11,8.99971e+09
5.53142e+07,450004,4.92625e+06,-1.49751e+11,8.62496e+09
5.53205e+07,450035,4.92737e+06,-1.49772e+11,8.25015e+09
5.53268e+07,450066,4.9285e+06,-1.49793e+11,7.87529e+09
5.53331e+07,450095,4.92962e+06,-1.49812e+11,7.50038e+09
5.53394e+07,450122,4.93075e+06,-1.4983e+11,7.12542e+09
5.53457e+07,450148,4.93188e+06,-1.49847e+11,6.75041e+09
5.5352e+07,450173,4.933e+06,-1.49864e+11,6.37537e+09
5.53583e+07,450196,4.93413e+06,-1.49879e+11,6.00029e+09
5.53647e+07,450218,4.93526e+06,-1.49894e+11,5.62516e+09
5.5371e+07,450238,4.93638e+06,-1.49907e+11,5.25001e+09
5.53773e+07,450257,4.93751e+06,-1.4992e+11,4.87482e+09
5.53836e+07,450275,4.93864e+06,-1.49932e+11,4.4996e+09
5.53899e+07,450291,4.93976e+06,-1.49943e+11,4.12435e+09
5.53962e+07,450306,4.94089e+06,-1.49952e+11,3.74907e+09
5.54025e+07,450319,4.94202e+06,-1.49961e+11,3.37377e+09
5.54088e+07,450331,4.94315e+06,-1.49969e+11,2.99846e+09
5.54151e+07,450342,4.94427e+06,-1.49976e+11,2.62312e+09
5.54215e+07,450351,4.9454e+06,-1.49982e+11,2.24776e+09
5.54278e+07,450358,4.94653e+06,-1.49988e+11,1.87239e+09
5.54341e+07,450365,4.94765e+06,-1.49992e+11,1.49701e+09
5.54404e+07,450370,4.94878e+06,-1.49995e+11,1.12163e+09
5.54467e+07,450373,4.94991e+06,-1.49997e+11,7.46229e+08
5.5453e+07,450375,4.95104e+06,-1.49999e+11,3.70828e+08
5.54593e+07,450376,4.95216e+06,-1.49999e+11,-4.57521e+06
5.54656e+07,450375,4.95329e+06,-1.49999e+11,-3.79978e+08
5.54719e+07,450373,4.95442e+06,-1.49997e+11,-7.55379e+08
5.54783e+07,450369,4.95554e+06,-1.49995e+11,-1.13078e+09
5.54846e+07,450364,4.95667e+06,-1.49992e+11,-1.50616e+09
5.54909e+07,450358,4.9578e+06,-1.49987e+11,-1.88154e+09
5.54972e+07,450350,4.95893e+06,-1.49982e+11,-2.25691e+09
5.55035e+07,450341,4.96005e+06,-1.49976e+11,-2.63226e+09
5.55098e+07,450330,4.96118e+06,-1.49969e+11,-3.0076e+09
5.55161e+07,450318,4.96231e+06,-1.49961e+11,-3.38292e+09
5.55224e+07,450305,4.96343e+06,-1.49952e+11,-3.75822e+09
5.55288e+07,450290,4.96456e+06,-1.49942e+11,-4.13349e+09
5.55351e+07,450274,4.96569e+06,-1.49931e+11,-4.50874e+09
5.55414e+07,450256,4.96681e+06,-1.49919e+11,-4.88396e+09
5.55477e+07,450237,4.96794e+06,-1.49907e+11,-5.25915e+09
5.5554e+07,450217,4.96907e+06,-1.49893e+11,-5.6343e+09
5.55603e+07,450195,4.97019e+06,-1.49879e+11,-6.00942e+09
5.55666e+07,450171,4.97132e+06,-1.49863e+11,-6.3845e+09
5.55729e+07,450147,4.97245e+06,-1.49847e+11,-6.75955e+09
5.55792e+07,450121,4.97357e+06,-1.49829e+11,-7.13455e+09
5.55856e+07,450093,4.9747e+06,-1.49811e+11,-7.5095e+09
5.55919e+07,450064,4.97583e+06,-1.49792e+11,-7.88441e+09
5.55982e+07,450034,4.97695e+06,-1.49771e+11,-8.25927e+09
5.56045e+07,450002,4.97808e+06,-1.4975e+11,-8.63408e+09
5.56108e+07,449969,4.97921e+06,-1.49728e+11,-9.00883e+09
5.56171e+07,449934,4.98033e+06,-1.49705e+11,-9.38353e+09
5.56234e+07,449898,4.98146e+06,-1.49681e+11,-9.75816e+09
5.56297e+07,449861,4.98258e+06,-1.49656e+11,-1.01327e+10
5.5636e+07,449822,4.98371e+06,-1.4963e+11,-1.05073e+10
5.56424e+07,449782,4.98484e+06,-1.49604e+11,-1.08817e+10
5.56487e+07,449740,4.98596e+06,-1.49576e+11,-1.12561e+10
5.5655e+07,449697,4.98709e+06,-1.49547e+11,-1.16304e+10
5.56613e+07,449653,4.98821e+06,-1.49518e+11,-1.20046e+10
5.56676e+07,449607,4.98934e+06,-1.49487e+11,-1.23788e+10
5.56739e+07,449560,4.99046e+06,-1.49456e+11,-1.27529e+10
5.56802e+07,449511,4.99159e+06,-1.49423e+11,-1.31269e+10
5.56865e+07,449461,4.99271e+06,-1.4939e+11,-1.35008e+10
5.56929e+07,449410,4.99384e+06,-1.49356e+11,-1.38746e+10
5.56992e+07,449357,4.99496e+06,-1.4932e+11,-1.42484e+10
5.57055e+07,449303,4.99609e+06,-1.49284e+11,-1.4622e+10
5.57118e+07,449247,4.99721e+06,-1.49247e+11,-1.49956e+10
5.57181e+07,449190,4.99834e+06,-1.49209e+11,-1.53691e+10
5.57244e+07,449131,4.99946e+06,-1.4917e+11,-1.57425e+10
5.57307e+07,449072,5.00058e+06,-1.4913e+11,-1.61157e+10
5.5737e+07,449010,5.00171e+06,-1.4909e+11,-1.64889e+10
5.57433e+07,448948,5.00283e+06,-1.49048e+11,-1.6862e+10
5.57497e+07,448884,5.00395e+06,-1.49005e+11,-1.7235e+10
5.5756e+07,448818,5.00508e+06,-1.48962e+11,-1.76078e+10
5.57623e+07,448751,5.0062e+06,-1.48917e+11,-1.79806e+10
5.57686e+07,448683,5.00732e+06,-1.48872e+11,-1.83532e+10
5.57749e+07,448613,5.00845e+06,-1.48825e+11,-1.87257e+10
5.57812e+07,448542,5.00957e+06,-1.48778e+11,-1.90981e+10
5.57875e+07,448470,5.01069e+06,-1.48729e+11,-1.94704e+10
5.57938e+07,448396,5.01181e+06,-1.4868e+11,-1.98426e+10
5.58001e+07,448321,5.01294e+06,-1.4863e+11,-2.02146e+10
5.58065e+07,448244,5.01406e+06,-1.48579e+11,-2.05865e+10
5.58128e+07,448166,5.01518e+06,-1.48527e+11,-2.09583e+10
5.58191e+07,448086,5.0163e+06,-1.48474e+11,-2.133e+10
5.58254e+07,448006,5.01742e+06,-1.4842e+11,-2.17015e+10
5.58317e+07,447923,5.01854e+06,-1.48365e+11,-2.20729e+10
5.5838e+07,447840,5.01966e+06,-1.4831e+11,-2.24441e+10
5.58443e+07,447755,5.02079e+06,-1.48253e+11,-2.28152e+10
5.58506e+07,447668,5.02191e+06,-1.48196e+11,-2.31862e+10
5.5857e+07,447580,5.02303e+06,-1.48137e+11,-2.3557e+10
5.58633e+07,447491,5.02415e+06,-1.48078e+11,-2.39277e+10
5.58696e+07,447400,5.02527e+06,-1.48017e+11,-2.42982e+10
5.58759e+07,447308,5.02639e+06,-1.47956e+11,-2.46686e+10
5.58822e+07,447215,5.0275e+06,-1.47894e+11,-2.50388e+10
5.58885e+07,447120,5.02862e+06,-1.47831e+11,-2.54088e+10
5.58948e+07,447024,5.02974e+06,-1.47767e+11,-2.57787e+10
5.59011e+07,446927,5.03086e+06,-1.47702e+11,-2.61485e+10
5.59074e+07,446828,5.03198e+06,-1.47636e+11,-2.6518e+10
5.59138e+07,446727,5.0331e+06,-1.47569e+11,-2.68874e+10
5.59201e+07,446625,5.03422e+06,-1.47501e+11,-2.72567e+10
5.59264e+07,446522,5.03533e+06,-1.47432e+11,-2.76258e+10
5.59327e+07,446418,5.03645e+06,-1.47363e+11,-2.79946e+10
5.5939e+07,446312,5.03757e+06,-1.47292e+11,-2.83634e+10
5.59453e+07,446205,5.03869e+06,-1.47221e+11,-2.87319e+10
5.59516e+07,446096,5.0398e+06,-1.47148e+11,-2.91003e+10
5.59579e+07,445986,5.04092e+06,-1.47075e+11,-2.94684e+10
5.59642e+07,445875,5.04203e+06,-1.47001e+11,-2.98364e+10
5.59706e+07,445762,5.04315e+06,-1.46926e+11,-3.02042e+10
5.59769e+07,445648,5.04427e+06,-1.4685e+11,-3.05719e+10
5.59832e+07,445532,5.04538e+06,-1.46773e+11,-3.09393e+10
5.59895e+07,445415,5.0465e+06,-1.46695e+11,-3.13065e+10
5.59958e+07,445297,5.04761e+06,-1.46616e+11,-3.16735e+10
5.60021e+07,445177,5.04872e+06,-1.46536e+11,-3.20404e+10
5.60084e+07,445056,5.04984e+06,-1.46456e+11,-3.2407e+10
5.60147e+07,444933,5.05095e+06,-1.46374e+11,-3.27734e+10
5.60211e+07,444810,5.05207e+06,-1.46291e+11,-3.31397e+10
5.60274e+07,444684,5.05318e+06,-1.46208e+11,-3.35057e+10
5.60337e+07,444558,5.05429e+06,-1.46124e+11,-3.38715e+10
5.604e+07,444430,5.0554e+06,-1.46038e+11,-3.42371e+10
5.60463e+07,444300,5.05652e+06,-1.45952e+11,-3.46025e+10
5.60526e+07,444170,5.05763e+06,-1.45865e+11,-3.49677e+10
5.60589e+07,444038,5.05874e+06,-1.45777e+11,-3.53326e+10
5.60652e+07,443904,5.05985e+06,-1.45688e+11,-3.56973e+10
5.60715e+07,443769,5.06096e+06,-1.45599e+11,-3.60618e+10
5.60779e+07,443633,5.06207e+06,-1.45508e+11,-3.64261e+10
5.60842e+07,443496,5.06318e+06,-1.45416e+11,-3.67902e+10
5.60905e+07,443357,5.06429e+06,-1.45324e+11,-3.7154e+10
5.60968e+07,443216,5.0654e+06,-1.4523e+11,-3.75176e+10
5.61031e+07,443075,5.06651e+06,-1.45136e+11,-3.78809e+10
5.61094e+07,442932,5.06762e+06,-1.45041e+11,-3.8244e+10
5.61157e+07,442787,5.06873e+06,-1.44944e+11,-3.86069e+10
5.6122e+07,442642,5.06983e+06,-1.44847e+11,-3.89695e+10
5.61283e+07,442494,5.07094e+06,-1.44749e+11,-3.93319e+10
5.61347e+07,442346,5.07205e+06,-1.4465e+11,-3.96941e+10
5.6141e+07,442196,5.07316e+06,-1.44551e+11,-4.0056e+10
5.61473e+07,442045,5.07426e+06,-1.4445e+11,-4.04176e+10
5.61536e+07,441892,5.07537e+06,-1.44348e+11,-4.0779e+10
5.61599e+07,441738,5.07647e+06,-1.44246e+11,-4.11401e+10
5.61662e+07,441583,5.07758e+06,-1.44142e+11,-4.1501e+10
5.61725e+07,441427,5.07868e+06,-1.44038e+11,-4.18616e+10
5.61788e+07,441269,5.07979e+06,-1.43933e+11,-4.2222e+10
5.61852e+07,441109,5.08089e+06,-1.43827e+11,-4.2582e+10
5.61915e+07,440949,5.082e+06,-1.4372e+11,-4.29419e+10
5.61978e+07,440787,5.0831e+06,-1.43612e+11,-4.33014e+10
5.62041e+07,440623,5.0842e+06,-1.43503e+11,-4.36607e+10
5.62104e+07,440458,5.08531e+06,-1.43393e+11,-4.40197e+10
5.62167e+07,440292,5.08641e+06,-1.43282e+11,-4.43784e+10
5.6223e+07,440125,5.08751e+06,-1.43171e+11,-4.47369e+10
5.62293e+07,439956,5.08861e+06,-1.43059e+11,-4.50951e+10
5.62356e+07,439786,5.08971e+06,-1.42945e+11,-4.5453e+10
5.6242e+07,439615,5.09081e+06,-1.42831e+11,-4.58106e+10
5.62483e+07,439442,5.09191e+06,-1.42716e+11,-4.61679e+10
5.62546e+07,439268,5.09301e+06,-1.426e+11,-4.65249e+10
5.62609e+07,439092,5.09411e+06,-1.42483e+11,-4.68817e+10
5.62672e+07,438915,5.09521e+06,-1.42365e+11,-4.72381e+10
5.62735e+07,438737,5.09631e+06,-1.42246e+11,-4.75943e+10
5.62798e+07,438558,5.09741e+06,-1.42127e+11,-4.79501e+10
5.62861e+07,438377,5.0985e+06,-1.42006e+11,-4.83057e+10
5.62924e+07,438195,5.0996e+06,-1.41885e+11,-4.86609e+10
5.62988e+07,438011,5.1007e+06,-1.41763e+11,-4.90159e+10
5.63051e+07,437826,5.10179e+06,-1.4164e+11,-4.93705e+10
5.63114e+07,437640,5.10289e+06,-1.41516e+11,-4.97248e+10
5.63177e+07,437452,5.10398e+06,-1.41391e+11,-5.00788e+10
5.6324e+07,437264,5.10508e+06,-1.41265e+11,-5.04325e+10
5.63303e+07,437073,5.10617e+06,-1.41138e+11,-5.07859e+10
5.63366e+07,436882,5.10727e+06,-1.41011e+11,-5.1139e+10
5.63429e+07,436689,5.10836e+06,-1.40882e+11,-5.14917e+10
5.63493e+07,436495,5.10945e+06,-1.40753e+11,-5.18442e+10
5.63556e+07,436300,5.11054e+06,-1.40623e+11,-5.21963e+10
5.63619e+07,436103,5.11164e+06,-1.40492e+11,-5.2548e+10
5.63682e+07,435905,5.11273e+06,-1.4036e+11,-5.28995e+10
5.63745e+07,435705,5.11382e+06,-1.40227e+11,-5.32506e+10
5.63808e+07,435504,5.11491e+06,-1.40093e+11,-5.36014e+10
5.63871e+07,435302,5.116e+06,-1.39959e+11,-5.39518e+10
5.63934e+07,435099,5.11709e+06,-1.39823e+11,-5.43019e+10
5.63997e+07,434894,5.11817e+06,-1.39687e+11,-5.46517e+10
5.64061e+07,434688,5.11926e+06,-1.3955e+11,-5.50011e+10
5.64124e+07,434481,5.12035e+06,-1.39411e+11,-5.53502e+10
5.64187e+07,434272,5.12144e+06,-1.39273e+11,-5.56989e+10
5.6425e+07,434062,5.12252e+06,-1.39133e+11,-5.60473e+10
5.64313e+07,433851,5.12361e+06,-1.38992e+11,-5.63953e+10
5.64376e+07,433639,5.1247e+06,-1.3885e+11,-5.6743e+10
5.64439e+07,433425,5.12578e+06,-1.38708e+11,-5.70903e+10
5.64502e+07,433210,5.12687e+06,-1.38565e+11,-5.74373e+10
5.64565e+07,432993,5.12795e+06,-1.3842e+11,-5.77839e+10
5.64629e+07,432775,5.12903e+06,-1.38275e+11,-5.81302e+10
5.64692e+07,432556,5.13012e+06,-1.38129e+11,-5.8476e+10
5.64755e+07,432336,5.1312e+06,-1.37983e+11,-5.88215e+10
5.64818e+07,432114,5.13228e+06,-1.37835e+11,-5.91667e+10
5.64881e+07,431891,5.13336e+06,-1.37686e+11,-5.95115e+10
5.64944e+07,431667,5.13444e+06,-1.37537e+11,-5.98559e+10
5.65007e+07,431441,5.13552e+06,-1.37387e+11,-6.01999e+10
5.6507e+07,431215,5.1366e+06,-1.37236e+11,-6.05435e+10
5.65134e+07,430986,5.13768e+06,-1.37084e+11,-6.08868e+10
5.65197e+07,430757,5.13876e+06,-1.36931e+11,-6.12297e+10
5.6526e+07,430526,5.13984e+06,-1.36777e+11,-6.15722e+10
5.65323e+07,430294,5.14091e+06,-1.36623e+11,-6.19143e+10
5.65386e+07,430061,5.14199e+06,-1.36467e+11,-6.22561e+10
5.65449e+07,429826,5.14307e+06,-1.36311e+11,-6.25974e+10
5.65512e+07,429591,5.14414e+06,-1.36154e+11,-6.29384e+10
5.65575e+07,429353,5.14522e+06,-1.35996e+11,-6.32789e+10
5.65638e+07,429115,5.14629e+06,-1.35837e+11,-6.36191e+10
5.65702e+07,428875,5.14736e+06,-1.35678e+11,-6.39588e+10
5.65765e+07,428634,5.14844e+06,-1.35517e+11,-6.42982e+10
5.65828e+07,428392,5.14951e+06,-1.35356e+11,-6.46371e+10
5.65891e+07,428149,5.15058e+06,-1.35193e+11,-6.49757e+10
5.65954e+07,427904,5.15165e+06,-1.3503e+11,-6.53138e+10
5.66017e+07,427658,5.15272e+06,-1.34866e+11,-6.56516e+10
5.6608e+07,427410,5.15379e+06,-1.34702e+11,-6.59889e+10
5.66143e+07,427162,5.15486e+06,-1.34536e+11,-6.63258e+10
5.66206e+07,426912,5.15593e+06,-1.3437e+11,-6.66623e+10
5.6627e+07,426661,5.157e+06,-1.34202e+11,-6.69984e+10
5.66333e+07,426409,5.15807e+06,-1.34034e+11,-6.73341e+10
5.66396e+07,426155,5.15913e+06,-1.33865e+11,-6.76693e+10
5.66459e+07,425900,5.1602e+06,-1.33696e+11,-6.80041e+10
5.66522e+07,425644,5.16127e+06,-1.33525e+11,-6.83385e+10
5.66585e+07,425386,5.16233e+06,-1.33354e+11,-6.86725e+10
5.66648e+07,425128,5.16339e+06,-1.33181e+11,-6.9006e+10
5.66711e+07,424868,5.16446e+06,-1.33008e+11,-6.93391e+10
5.66774e+07,424607,5.16552e+06,-1.32834e+11,-6.96717e+10
5.66838e+07,424344,5.16658e+06,-1.32659e+11,-7.0004e+10
5.66901e+07,424081,5.16765e+06,-1.32484e+11,-7.03358e+10
5.66964e+07,423816,5.16871e+06,-1.32307e+11,-7.06671e+10
5.67027e+07,423550,5.16977e+06,-1.3213e+11,-7.0998e+10
5.6709e+07,423282,5.17083e+06,-1.31952e+11,-7.13285e+10
5.67153e+07,423014,5.17189e+06,-1.31773e+11,-7.16585e+10
5.67216e+07,422744,5.17294e+06,-1.31593e+11,-7.1988e+10
5.67279e+07,422473,5.174e+06,-1.31413e+11,-7.23172e+10
5.67343e+07,422200,5.17506e+06,-1.31231e+11,-7.26458e+10
5.67406e+07,421927,5.17611e+06,-1.31049e+11,-7.2974e+10
5.67469e+07,421652,5.17717e+06,-1.30866e+11,-7.33018e+10
5.67532e+07,421376,5.17823e+06,-1.30682e+11,-7.36291e+10
5.67595e+07,421099,5.17928e+06,-1.30497e+11,-7.39559e+10
5.67658e+07,420820,5.18033e+06,-1.30312e+11,-7.42822e+10
5.67721e+07,420540,5.18139e+06,-1.30125e+11,-7.46081e+10
5.67784e+07,420259,5.18244e+06,-1.29938e+11,-7.49336e+10
5.67847e+07,419977,5.18349e+06,-1.2975e+11,-7.52585e+10
5.67911e+07,419694,5.18454e+06,-1.29562e+11,-7.5583e+10
5.67974e+07,419409,5.18559e+06,-1.29372e+11,-7.5907e+10
5.68037e+07,419123,5.18664e+06,-1.29182e+11,-7.62306e+10
5.681e+07,418836,5.18769e+06,-1.2899e+11,-7.65537e+10
5.68163e+07,418548,5.18874e+06,-1.28798e+11,-7.68762e+10
5.68226e+07,418259,5.18978e+06,-1.28606e+11,-7.71983e+10
5.68289e+07,417968,5.19083e+06,-1.28412e+11,-7.752e+10
5.68352e+07,417676,5.19188e+06,-1.28218e+11,-7.78411e+10
5.68415e+07,417383,5.19292e+06,-1.28022e+11,-7.81617e+10
5.68479e+07,417089,5.19396e+06,-1.27826e+11,-7.84819e+10
5.68542e+07,416793,5.19501e+06,-1.27629e+11,-7.88016e+10
5.68605e+07,416496,5.19605e+06,-1.27432e+11,-7.91207e+10
5.68668e+07,416199,5.19709e+06,-1.27233e+11,-7.94394e+10
5.68731e+07,415900,5.19813e+06,-1.27034e+11,-7.97576e+10
5.68794e+07,415599,5.19917e+06,-1.26834e+11,-8.00753e+10
5.68857e+07,415298,5.20021e+06,-1.26633e+11,-8.03924e+10
5.6892e+07,414995,5.20125e+06,-1.26432e+11,-8.07091e+10
5.68984e+07,414691,5.20229e+06,-1.26229e+11,-8.10253e+10
5.69047e+07,414386,5.20333e+06,-1.26026e+11,-8.1341e+10
5.6911e+07,414080,5.20437e+06,-1.25822e+11,-8.16561e+10
5.69173e+07,413773,5.2054e+06,-1.25617e+11,-8.19707e+10
5.69236e+07,413464,5.20644e+06,-1.25412e+11,-8.22849e+10
5.69299e+07,413154,5.20747e+06,-1.25206e+11,-8.25985e+10
5.69362e+07,412843,5.2085e+06,-1.24998e+11,-8.29116e+10
5.69425e+07,412531,5.20954e+06,-1.2479e+11,-8.32241e+10
5.69488e+07,412218,5.21057e+06,-1.24582e+11,-8.35362e+10
5.69552e+07,411903,5.2116e+06,-1.24372e+11,-8.38477e+10
5.69615e+07,411588,5.21263e+06,-1.24162e+11,-8.41587e+10
5.69678e+07,411271,5.21366e+06,-1.23951e+11,-8.44692e+10
5.69741e+07,410953,5.21469e+06,-1.23739e+11,-8.47792e+10
5.69804e+07,410634,5.21572e+06,-1.23527e+11,-8.50886e+10
5.69867e+07,410314,5.21674e+06,-1.23313e+11,-8.53975e+10
5.6993e+07,409992,5.21777e+06,-1.23099e+11,-8.57058e+10
5.69993e+07,409669,5.2188e+06,-1.22884e+11,-8.60136e+10
5.70056e+07,409346,5.21982e+06,-1.22669e+11,-8.63209e+10
5.7012e+07,409021,5.22085e+06,-1.22452e+11,-8.66276e+10
5.70183e+07,408695,5.22187e+06,-1.22235e+11,-8.69338e+10
5.70246e+07,408367,5.22289e+06,-1.22017e+11,-8.72395e+10
5.70309e+07,408039,5.22391e+06,-1.21798e+11,-8.75446e+10
5.70372e+07,407710,5.22493e+06,-1.21579e+11,-8.78491e+10
5.70435e+07,407379,5.22595e+06,-1.21359e+11,-8.81531e+10
5.70498e+07,407047,5.22697e+06,-1.21138e+11,-8.84566e+10
5.70561e+07,406714,5.22799e+06,-1.20916e+11,-8.87595e+10
5.70625e+07,406380,5.22901e+06,-1.20693e+11,-8.90618e+10
5.70688e+07,406045,5.23003e+06,-1.2047e+11,-8.93636e+10
5.70751e+07,405709,5.23104e+06,-1.20246e+11,-8.96648e+10
5.70814e+07,405371,5.23206e+06,-1.20021e+11,-8.99655e+10
5.70877e+07,405033,5.23307e+06,-1.19796e+11,-9.02656e+10
5.7094e+07,404693,5.23408e+06,-1.19569e+11,-9.05651e+10
5.71003e+07,404352,5.2351e+06,-1.19342e+11,-9.0864e+10
5.71066e+07,404010,5.23611e+06,-1.19114e+11,-9.11624e+10
5.71129e+07,403667,5.23712e+06,-1.18886e+11,-9.14603e+10
5.71193e+07,403323,5.23813e+06,-1.18657e+11,-9.17575e+10
5.71256e+07,402977,5.23914e+06,-1.18427e+11,-9.20542e+10
5.71319e+07,402631,5.24015e+06,-1.18196e+11,-9.23503e+10
5.71382e+07,402283,5.24115e+06,-1.17964e+11,-9.26458e+10
5.71445e+07,401935,5.24216e+06,-1.17732e+11,-9.29407e+10
5.71508e+07,401585,5.24316e+06,-1.17499e+11,-9.32351e+10
5.71571e+07,401234,5.24417e+06,-1.17265e+11,-9.35289e+10
5.71634e+07,400882,5.24517e+06,-1.17031e+11,-9.38221e+10
5.71697e+07,400529,5.24618e+06,-1.16796e+11,-9.41147e+10
5.71761e+07,400175,5.24718e+06,-1.1656e+11,-9.44067e+10
5.71824e+07,399820,5.24818e+06,-1.16323e+11,-9.46981e+10
5.71887e+07,399463,5.24918e+06,-1.16086e+11,-9.49889e+10
5.7195e+07,399106,5.25018e+06,-1.15848e+11,-9.52791e+10
5.72013e+07,398747,5.25118e+06,-1.15609e+11,-9.55688e+10
5.72076e+07,398388,5.25217e+06,-1.15369e+11,-9.58578e+10
5.72139e+07,398027,5.25317e+06,-1.15129e+11,-9.61462e+10
5.72202e+07,397665,5.25417e+06,-1.14888e+11,-9.64341e+10
5.72266e+07,397302,5.25516e+06,-1.14646e+11,-9.67213e+10
5.72329e+07,396938,5.25615e+06,-1.14404e+11,-9.70079e+10
5.72392e+07,396573,5.25715e+06,-1.14161e+11,-9.72939e+10
5.72455e+07,396207,5.25814e+06,-1.13917e+11,-9.75794e+10
5.72518e+07,395840,5.25913e+06,-1.13672e+11,-9.78641e+10
5.72581e+07,395472,5.26012e+06,-1.13427e+11,-9.81483e+10
5.72644e+07,395102,5.26111e+06,-1.13181e+11,-9.84319e+10
5.72707e+07,394732,5.2621e+06,-1.12934e+11,-9.87148e+10
5.7277e+07,394360,5.26309e+06,-1.12687e+11,-9.89972e+10
5.72834e+07,393988,5.26407e+06,-1.12439e+11,-9.92789e+10
5.72897e+07,393614,5.26506e+06,-1.1219e+11,-9.956e+10
5.7296e+07,393240,5.26604e+06,-1.1194e+11,-9.98404e+10
5.73023e+07,392864,5.26703e+06,-1.1169e+11,-1.0012e+11
5.73086e+07,392487,5.26801e+06,-1.11439e+11,-1.00399e+11
5.73149e+07,392110,5.26899e+06,-1.11188e+11,-1.00678e+11
5.73212e+07,391731,5.26997e+06,-1.10935e+11,-1.00956e+11
5.73275e+07,391351,5.27095e+06,-1.10682e+11,-1.01233e+11
5.73338e+07,390970,5.27193e+06,-1.10429e+11,-1.0151e+11
5.73402e+07,390588,5.27291e+06,-1.10174e+11,-1.01786e+11
5.73465e+07,390205,5.27389e+06,-1.09919e+11,-1.02062e+11
5.73528e+07,389821,5.27486e+06,-1.09663e+11,-1.02336e+11
5.73591e+07,389436,5.27584e+06,-1.09407e+11,-1.0261e+11
5.73654e+07,389050,5.27681e+06,-1.0915e+11,-1.02884e+11
5.73717e+07,388663,5.27778e+06,-1.08892e+11,-1.03157e+11
5.7378e+07,388275,5.27876e+06,-1.08633e+11,-1.03429e+11
5.73843e+07,387886,5.27973e+06,-1.08374e+11,-1.03701e+11
5.73907e+07,387496,5.2807e+06,-1.08114e+11,-1.03971e+11
5.7397e+07,387104,5.28167e+06,-1.07854e+11,-1.04242e+11
5.74033e+07,386712,5.28264e+06,-1.07592e+11,-1.04511e+11
5.74096e+07,386319,5.2836e+06,-1.0733e+11,-1.0478e+11
5.74159e+07,385925,5.28457e+06,-1.07068e+11,-1.05049e+11
5.74222e+07,385530,5.28553e+06,-1.06805e+11,-1.05316e+11
5.74285e+07,385133,5.2865e+06,-1.06541e+11,-1.05583e+11
5.74348e+07,384736,5.28746e+06,-1.06276e+11,-1.05849e+11
5.74411e+07,384338,5.28842e+06,-1.06011e+11,-1.06115e+11
5.74475e+07,383939,5.28939e+06,-1.05745e+11,-1.0638e+11
5.74538e+07,383539,5.29035e+06,-1.05478e+11,-1.06644e+11
5.74601e+07,383137,5.29131e+06,-1.05211e+11,-1.06908e+11
5.74664e+07,382735,5.29226e+06,-1.04943e+11,-1.07171e+11
5.74727e+07,382332,5.29322e+06,-1.04675e+11,-1.07433e+11
5.7479e+07,381928,5.29418e+06,-1.04405e+11,-1.07695e+11
5.74853e+07,381523,5.29513e+06,-1.04136e+11,-1.07956e+11
5.74916e+07,381117,5.29609e+06,-1.03865e+11,-1.08216e+11
5.74979e+07,380710,5.29704e+06,-1.03594e+11,-1.08476e+11
5.75043e+07,380301,5.29799e+06,-1.03322e+11,-1.08735e+11
5.75106e+07,379892,5.29894e+06,-1.0305e+11,-1.08993e+11
5.75169e+07,379482,5.29989e+06,-1.02776e+11,-1.0925e+11
5.75232e+07,379071,5.30084e+06,-1.02503e+11,-1.09507e+11
5.75295e+07,378659,5.30179e+06,-1.02228e+11,-1.09764e+11
5.75358e+07,378247,5.30274e+06,-1.01953e+11,-1.10019e+11
5.75421e+07,377833,5.30369e+06,-1.01678e+11,-1.10274e+11
5.75484e+07,377418,5.30463e+06,-1.01401e+11,-1.10528e+11
5.75548e+07,377002,5.30557e+06,-1.01124e+11,-1.10781e+11
5.75611e+07,376585,5.30652e+06,-1.00847e+11,-1.11034e+11
5.75674e+07,376168,5.30746e+06,-1.00569e+11,-1.11286e+11
5.75737e+07,375749,5.3084e+06,-1.0029e+11,-1.11538e+11
5.758e+07,375330,5.30934e+06,-1.0001e+11,-1.11788e+11
5.75863e+07,374909,5.31028e+06,-9.97301e+10,-1.12038e+11
5.75926e+07,374488,5.31122e+06,-9.94494e+10,-1.12287e+11
5.75989e+07,374065,5.31215e+06,-9.9168e+10,-1.12536e+11
5.76052e+07,373642,5.31309e+06,-9.88861e+10,-1.12784e+11
5.76116e+07,373218,5.31402e+06,-9.86035e+10,-1.13031e+11
5.76179e+07,372793,5.31496e+06,-9.83203e+10,-1.13277e+11
5.76242e+07,372366,5.31589e+06,-9.80365e+10,-1.13523e+11
5.76305e+07,371939,5.31682e+06,-9.7752e+10,-1.13768e+11
5.76368e+07,371512,5.31775e+06,-9.7467e+10,-1.14012e+11
5.76431e+07,371083,5.31868e+06,-9.71813e+10,-1.14256e+11
5.76494e+07,370653,5.31961e+06,-9.68951e+10,-1.14499e+11
5.76557e+07,370222,5.32054e+06,-9.66082e+10,-1.14741e+11
5.7662e+07,369791,5.32146e+06,-9.63207e+10,-1.14982e+11
5.76684e+07,369358,5.32239e+06,-9.60326e+10,-1.15223e+11
5.76747e+07,368925,5.32331e+06,-9.5744e+10,-1.15463e+11
5.7681e+07,368491,5.32423e+06,-9.54547e+10,-1.15702e+11
5.76873e+07,368055,5.32516e+06,-9.51648e+10,-1.15941e+11
5.76936e+07,367619,5.32608e+06,-9.48743e+10,-1.16179e+11
5.76999e+07,367182,5.327e+06,-9.45832e+10,-1.16416e+11
5.77062e+07,366744,5.32791e+06,-9.42916e+10,-1.16652e+11
5.77125e+07,366306,5.32883e+06,-9.39993e+10,-1.16888e+11
5.77189e+07,365866,5.32975e+06,-9.37065e+10,-1.17123e+11
5.77252e+07,365426,5.33066e+06,-9.34131e+10,-1.17357e+11
5.77315e+07,364984,5.33158e+06,-9.3119e+10,-1.1759e+11
5.77378e+07,364542,5.33249e+06,-9.28245e+10,-1.17823e+11
5.77441e+07,364099,5.3334e+06,-9.25293e+10,-1.18055e+11
5.77504e+07,363655,5.33431e+06,-9.22335e+10,-1.18286e+11
5.77567e+07,363210,5.33522e+06,-9.19372e+10,-1.18516e+11
5.7763e+07,362764,5.33613e+06,-9.16403e+10,-1.18746e+11
5.77693e+07,362318,5.33704e+06,-9.13428e+10,-1.18975e+11
5.77757e+07,361870,5.33794e+06,-9.10447e+10,-1.19203e+11
5.7782e+07,361422,5.33885e+06,-9.07461e+10,-1.19431e+11
5.77883e+07,360973,5.33975e+06,-9.04469e+10,-1.19658e+11
5.77946e+07,360523,5.34066e+06,-9.01471e+10,-1.19884e+11
5.78009e+07,360072,5.34156e+06,-8.98468e+10,-1.20109e+11
5.78072e+07,359620,5.34246e+06,-8.95459e+10,-1.20333e+11
5.78135e+07,359167,5.34336e+06,-8.92445e+10,-1.20557e+11
5.78198e+07,358714,5.34426e+06,-8.89425e+10,-1.2078e+11
5.78261e+07,358260,5.34515e+06,-8.86399e+10,-1.21002e+11
5.78325e+07,357805,5.34605e+06,-8.83368e+10,-1.21224e+11
5.78388e+07,357349,5.34694e+06,-8.80331e+10,-1.21444e+11
5.78451e+07,356892,5.34784e+06,-8.77289e+10,-1.21664e+11
5.78514e+07,356435,5.34873e+06,-8.74241e+10,-1.21883e+11
5.78577e+07,355976,5.34962e+06,-8.71188e+10,-1.22102e+11
5.7864e+07,355517,5.35051e+06,-8.68129e+10,-1.2232e+11
5.78703e+07,355057,5.3514e+06,-8.65065e+10,-1.22536e+11
5.78766e+07,354596,5.35229e+06,-8.61995e+10,-1.22753e+11
5.78829e+07,354135,5.35318e+06,-8.5892e+10,-1.22968e+11
5.78893e+07,353672,5.35406e+06,-8.5584e+10,-1.23182e+11
5.78956e+07,353209,5.35495e+06,-8.52754e+10,-1.23396e+11
5.79019e+07,352745,5.35583e+06,-8.49663e+10,-1.23609e+11
5.79082e+07,352280,5.35671e+06,-8.46567e+10,-1.23822e+11
5.79145e+07,351814,5.35759e+06,-8.43465e+10,-1.24033e+11
5.79208e+07,351348,5.35847e+06,-8.40358e+10,-1.24244e+11
5.79271e+07,350881,5.35935e+06,-8.37246e+10,-1.24454e+11
5.79334e+07,350413,5.36023e+06,-8.34129e+10,-1.24663e+11
5.79398e+07,349944,5.36111e+06,-8.31006e+10,-1.24871e+11
5.79461e+07,349474,5.36198e+06,-8.27878e+10,-1.25079e+11
5.79524e+07,349004,5.36285e+06,-8.24745e+10,-1.25286e+11
5.79587e+07,348533,5.36373e+06,-8.21607e+10,-1.25492e+11
5.7965e+07,348061,5.3646e+06,-8.18463e+10,-1.25697e+11
5.79713e+07,347588,5.36547e+06,-8.15315e+10,-1.25901e+11
5.79776e+07,347115,5.36634e+06,-8.12161e+10,-1.26105e+11
5.79839e+07,346641,5.36721e+06,-8.09003e+10,-1.26308e+11
5.79902e+07,346166,5.36807e+06,-8.05839e+10,-1.2651e+11
5.79966e+07,345690,5.36894e+06,-8.0267e+10,-1.26711e+11
5.80029e+07,345213,5.3698e+06,-7.99496e+10,-1.26912e+11
5.80092e+07,344736,5.37067e+06,-7.96317e+10,-1.27111e+11
5.80155e+07,344258,5.37153e+06,-7.93134e+10,-1.2731e+11
5.80218e+07,343780,5.37239e+06,-7.89945e+10,-1.27508e+11
5.80281e+07,343300,5.37325e+06,-7.86751e+10,-1.27706e+11
5.80344e+07,342820,5.37411e+06,-7.83552e+10,-1.27902e+11
5.80407e+07,342339,5.37497e+06,-7.80349e+10,-1.28098e+11
5.8047e+07,341857,5.37582e+06,-7.7714e+10,-1.28293e+11
5.80534e+07,341375,5.37668e+06,-7.73927e+10,-1.28487e+11
5.80597e+07,340892,5.37753e+06,-7.70709e+10,-1.2868e+11
5.8066e+07,340408,5.37838e+06,-7.67486e+10,-1.28873e+11
5.80723e+07,339923,5.37924e+06,-7.64258e+10,-1.29064e+11
5.80786e+07,339438,5.38009e+06,-7.61025e+10,-1.29255e+11
5.80849e+07,338952,5.38093e+06,-7.57788e+10,-1.29445e+11
5.80912e+07,338465,5.38178e+06,-7.54546e+10,-1.29634e+11
5.80975e+07,337978,5.38263e+06,-7.51299e+10,-1.29823e+11
5.81039e+07,337490,5.38347e+06,-7.48047e+10,-1.3001e+11
5.81102e+07,337001,5.38432e+06,-7.44791e+10,-1.30197e+11
5.81165e+07,336511,5.38516e+06,-7.4153e+10,-1.30383e+11
5.81228e+07,336021,5.386e+06,-7.38265e+10,-1.30568e+11
5.81291e+07,335530,5.38684e+06,-7.34994e+10,-1.30753e+11
5.81354e+07,335038,5.38768e+06,-7.3172e+10,-1.30936e+11
5.81417e+07,334546,5.38852e+06,-7.2844e+10,-1.31119e+11
5.8148e+07,334053,5.38936e+06,-7.25156e+10,-1.31301e+11
5.81543e+07,333559,5.39019e+06,-7.21868e+10,-1.31482e+11
5.81607e+07,333065,5.39103e+06,-7.18575e+10,-1.31662e+11
5.8167e+07,332570,5.39186e+06,-7.15277e+10,-1.31842e+11
5.81733e+07,332074,5.39269e+06,-7.11975e+10,-1.3202e+11
5.81796e+07,331578,5.39352e+06,-7.08669e+10,-1.32198e+11
5.81859e+07,331081,5.39435e+06,-7.05358e+10,-1.32375e+11
5.81922e+07,330583,5.39518e+06,-7.02043e+10,-1.32551e+11
5.81985e+07,330085,5.396e+06,-6.98723e+10,-1.32726e+11
5.82048e+07,329586,5.39683e+06,-6.95399e+10,-1.32901e+11
5.82111e+07,329086,5.39765e+06,-6.92071e+10,-1.33074e+11
5.82175e+07,328586,5.39848e+06,-6.88738e+10,-1.33247e+11
5.82238e+07,328085,5.3993e+06,-6.85401e+10,-1.33419e+11
5.82301e+07,327583,5.40012e+06,-6.8206e+10,-1.3359e+11
5.82364e+07,327081,5.40094e+06,-6.78714e+10,-1.33761e+11
5.82427e+07,326578,5.40176e+06,-6.75364e+10,-1.3393e+11
5.8249e+07,326074,5.40257e+06,-6.7201e+10,-1.34099e+11
5.82553e+07,325570,5.40339e+06,-6.68652e+10,-1.34266e+11
5.82616e+07,325066,5.4042e+06,-6.65289e+10,-1.34433e+11
5.8268e+07,324560,5.40502e+06,-6.61922e+10,-1.34599e+11
5.82743e+07,324054,5.40583e+06,-6.58552e+10,-1.34765e+11
5.82806e+07,323547,5.40664e+06,-6.55177e+10,-1.34929e+11
5.82869e+07,323040,5.40745e+06,-6.51798e+10,-1.35093e+11
5.82932e+07,322532,5.40825e+06,-6.48415e+10,-1.35255e+11
5.82995e+07,322024,5.40906e+06,-6.45027e+10,-1.35417e+11
5.83058e+07,321515,5.40987e+06,-6.41636e+10,-1.35578e+11
5.83121e+07,321005,5.41067e+06,-6.38241e+10,-1.35738e+11
5.83184e+07,320495,5.41147e+06,-6.34842e+10,-1.35898e+11
5.83248e+07,319984,5.41227e+06,-6.31438e+10,-1.36056e+11
5.83311e+07,319472,5.41308e+06,-6.28031e+10,-1.36214e+11
5.83374e+07,318960,5.41387e+06,-6.2462e+10,-1.3637e+11
5.83437e+07,318447,5.41467e+06,-6.21205e+10,-1.36526e+11
5.835e+07,317934,5.41547e+06,-6.17786e+10,-1.36681e+11
5.83563e+07,317420,5.41626e+06,-6.14363e+10,-1.36836e+11
5.83626e+07,316906,5.41706e+06,-6.10937e+10,-1.36989e+11
5.83689e+07,316391,5.41785e+06,-6.07506e+10,-1.37141e+11
5.83752e+07,315875,5.41864e+06,-6.04072e+10,-1.37293e+11
5.83816e+07,315359,5.41943e+06,-6.00634e+10,-1.37444e+11
5.83879e+07,314842,5.42022e+06,-5.97192e+10,-1.37594e+11
5.83942e+07,314325,5.42101e+06,-5.93747e+10,-1.37743e+11
5.84005e+07,313807,5.42179e+06,-5.90297e+10,-1.37891e+11
5.84068e+07,313289,5.42258e+06,-5.86844e+10,-1.38038e+11
5.84131e+07,312770,5.42336e+06,-5.83388e+10,-1.38185e+11
5.84194e+07,312251,5.42414e+06,-5.79927e+10,-1.3833e+11
5.84257e+07,311731,5.42492e+06,-5.76463e+10,-1.38475e+11
5.84321e+07,311210,5.4257e+06,-5.72996e+10,-1.38619e+11
5.84384e+07,310689,5.42648e+06,-5.69525e+10,-1.38762e+11
5.84447e+07,310167,5.42726e+06,-5.6605e+10,-1.38904e+11
5.8451e+07,309645,5.42803e+06,-5.62572e+10,-1.39045e+11
5.84573e+07,309122,5.42881e+06,-5.5909e+10,-1.39185e+11
5.84636e+07,308599,5.42958e+06,-5.55605e+10,-1.39325e+11
5.84699e+07,308075,5.43035e+06,-5.52116e+10,-1.39463e+11
5.84762e+07,307551,5.43112e+06,-5.48624e+10,-1.39601e+11
5.84825e+07,307026,5.43189e+06,-5.45128e+10,-1.39738e+11
5.84889e+07,306501,5.43266e+06,-5.41629e+10,-1.39874e+11
5.84952e+07,305975,5.43343e+06,-5.38127e+10,-1.40009e+11
5.85015e+07,305449,5.43419e+06,-5.34621e+10,-1.40143e+11
5.85078e+07,304922,5.43496e+06,-5.31112e+10,-1.40277e+11
5.85141e+07,304395,5.43572e+06,-5.27599e+10,-1.40409e+11
5.85204e+07,303867,5.43648e+06,-5.24083e+10,-1.40541e+11
5.85267e+07,303339,5.43724e+06,-5.20564e+10,-1.40672e+11
5.8533e+07,302810,5.438e+06,-5.17042e+10,-1.40801e+11
5.85393e+07,302281,5.43875e+06,-5.13516e+10,-1.4093e+11
5.85457e+07,301751,5.43951e+06,-5.09988e+10,-1.41058e+11
5.8552e+07,301221,5.44026e+06,-5.06456e+10,-1.41186e+11
5.85583e+07,300690,5.44102e+06,-5.0292e+10,-1.41312e+11
5.85646e+07,300159,5.44177e+06,-4.99382e+10,-1.41437e+11
5.85709e+07,299627,5.44252e+06,-4.95841e+10,-1.41562e+11
5.85772e+07,299095,5.44327e+06,-4.92296e+10,-1.41686e+11
5.85835e+07,298562,5.44402e+06,-4.88749e+10,-1.41808e+11
5.85898e+07,298029,5.44476e+06,-4.85198e+10,-1.4193e+11
5.85962e+07,297496,5.44551e+06,-4.81644e+10,-1.42051e+11
5.86025e+07,296962,5.44625e+06,-4.78087e+10,-1.42171e+11
5.86088e+07,296427,5.447e+06,-4.74528e+10,-1.4229e+11
5.86151e+07,295892,5.44774e+06,-4.70965e+10,-1.42409e+11
5.86214e+07,295357,5.44848e+06,-4.67399e+10,-1.42526e+11
5.86277e+07,294821,5.44921e+06,-4.63831e+10,-1.42643e+11
5.8634e+07,294285,5.44995e+06,-4.60259e+10,-1.42758e+11
5.86403e+07,293749,5.45069e+06,-4.56685e+10,-1.42873e+11
5.86466e+07,293212,5.45142e+06,-4.53107e+10,-1.42987e+11
5.8653e+07,292674,5.45216e+06,-4.49527e+10,-1.431e+11
5.86593e+07,292136,5.45289e+06,-4.45945e+10,-1.43212e+11
5.86656e+07,291598,5.45362e+06,-4.42359e+10,-1.43323e+11
5.86719e+07,291059,5.45435e+06,-4.3877e+10,-1.43433e+11
5.86782e+07,290520,5.45507e+06,-4.35179e+10,-1.43543e+11
5.86845e+07,289981,5.4558e+06,-4.31585e+10,-1.43651e+11
5.86908e+07,289441,5.45653e+06,-4.27989e+10,-1.43759e+11
5.86971e+07,288900,5.45725e+06,-4.24389e+10,-1.43865e+11
5.87034e+07,288360,5.45797e+06,-4.20787e+10,-1.43971e+11
5.87098e+07,287818,5.45869e+06,-4.17183e+10,-1.44076e+11
5.87161e+07,287277,5.45941e+06,-4.13575e+10,-1.4418e+11
5.87224e+07,286735,5.46013e+06,-4.09966e+10,-1.44283e+11
5.87287e+07,286193,5.46085e+06,-4.06353e+10,-1.44385e+11
5.8735e+07,285650,5.46156e+06,-4.02738e+10,-1.44486e+11
5.87413e+07,285107,5.46228e+06,-3.99121e+10,-1.44587e+11
5.87476e+07,284563,5.46299e+06,-3.95501e+10,-1.44686e+11
5.87539e+07,284020,5.4637e+06,-3.91878e+10,-1.44785e+11
5.87603e+07,283475,5.46441e+06,-3.88254e+10,-1.44882e+11
5.87666e+07,282931,5.46512e+06,-3.84626e+10,-1.44979e+11
5.87729e+07,282386,5.46583e+06,-3.80997e+10,-1.45075e+11
5.87792e+07,281841,5.46653e+06,-3.77364e+10,-1.4517e+11
5.87855e+07,281295,5.46724e+06,-3.7373e+10,-1.45264e+11
5.87918e+07,280749,5.46794e+06,-3.70093e+10,-1.45357e+11
5.87981e+07,280203,5.46864e+06,-3.66454e+10,-1.45449e+11
5.88044e+07,279656,5.46935e+06,-3.62813e+10,-1.4554e+11
5.88107e+07,279109,5.47004e+06,-3.59169e+10,-1.45631e+11
5.88171e+07,278562,5.47074e+06,-3.55523e+10,-1.4572e+11
5.88234e+07,278014,5.47144e+06,-3.51875e+10,-1.45809e+11
5.88297e+07,277466,5.47213e+06,-3.48224e+10,-1.45896e+11
5.8836e+07,276918,5.47283e+06,-3.44572e+10,-1.45983e+11
5.88423e+07,276369,5.47352e+06,-3.40917e+10,-1.46069e+11
5.88486e+07,275820,5.47421e+06,-3.3726e+10,-1.46154e+11
5.88549e+07,275271,5.4749e+06,-3.33601e+10,-1.46238e+11
5.88612e+07,274721,5.47559e+06,-3.2994e+10,-1.46321e+11
5.88675e+07,274171,5.47628e+06,-3.26277e+10,-1.46403e+11
5.88739e+07,273621,5.47696e+06,-3.22612e+10,-1.46484e+11
5.88802e+07,273070,5.47765e+06,-3.18945e+10,-1.46564e+11
5.88865e+07,272519,5.47833e+06,-3.15276e+10,-1.46644e+11
5.88928e+07,271968,5.47901e+06,-3.11604e+10,-1.46722e+11
5.88991e+07,271417,5.47969e+06,-3.07931e+10,-1.46799e+11
5.89054e+07,270865,5.48037e+06,-3.04256e+10,-1.46876e+11
5.89117e+07,270313,5.48104e+06,-3.00579e+10,-1.46952e+11
5.8918e+07,269761,5.48172e+06,-2.969e+10,-1.47027e+11
5.89244e+07,269208,5.4824e+06,-2.9322e+10,-1.471e+11
5.89307e+07,268656,5.48307e+06,-2.89537e+10,-1.47173e+11
5.8937e+07,268102,5.48374e+06,-2.85853e+10,-1.47245e+11
5.89433e+07,267549,5.48441e+06,-2.82167e+10,-1.47316e+11
5.89496e+07,266995,5.48508e+06,-2.78479e+10,-1.47387e+11
5.89559e+07,266441,5.48575e+06,-2.74789e+10,-1.47456e+11
5.89622e+07,265887,5.48641e+06,-2.71098e+10,-1.47524e+11
5.89685e+07,265333,5.48708e+06,-2.67405e+10,-1.47591e+11
5.89748e+07,264778,5.48774e+06,-2.6371e+10,-1.47658e+11
5.89812e+07,264223,5.4884e+06,-2.60014e+10,-1.47723e+11
5.89875e+07,263668,5.48906e+06,-2.56316e+10,-1.47788e+11
5.89938e+07,263113,5.48972e+06,-2.52616e+10,-1.47852e+11
5.90001e+07,262557,5.49038e+06,-2.48915e+10,-1.47915e+11
5.90064e+07,262001,5.49104e+06,-2.45212e+10,-1.47976e+11
5.90127e+07,261445,5.49169e+06,-2.41508e+10,-1.48037e+11
5.9019e+07,260889,5.49235e+06,-2.37802e+10,-1.48097e+11
5.90253e+07,260332,5.493e+06,-2.34095e+10,-1.48156e+11
5.90316e+07,259775,5.49365e+06,-2.30386e+10,-1.48214e+11
5.9038e+07,259218,5.4943e+06,-2.26676e+10,-1.48272e+11
5.90443e+07,258661,5.49495e+06,-2.22964e+10,-1.48328e+11
5.90506e+07,258104,5.49559e+06,-2.19251e+10,-1.48383e+11
5.90569e+07,257546,5.49624e+06,-2.15537e+10,-1.48438e+11
5.90632e+07,256988,5.49688e+06,-2.11821e+10,-1.48491e+11
5.90695e+07,256430,5.49752e+06,-2.08104e+10,-1.48544e+11
5.90758e+07,255872,5.49817e+06,-2.04385e+10,-1.48595e+11
5.90821e+07,255314,5.4988e+06,-2.00666e+10,-1.48646e+11
5.90885e+07,254755,5.49944e+06,-1.96945e+10,-1.48696e+11
5.90948e+07,254196,5.50008e+06,-1.93223e+10,-1.48745e+11
5.91011e+07,253637,5.50072e+06,-1.89499e+10,-1.48792e+11
5.91074e+07,253078,5.50135e+06,-1.85775e+10,-1.48839e+11
5.91137e+07,252519,5.50198e+06,-1.82049e+10,-1.48885e+11
5.912e+07,251959,5.50261e+06,-1.78322e+10,-1.48931e+11
5.91263e+07,251400,5.50324e+06,-1.74594e+10,-1.48975e+11
5.91326e+07,250840,5.50387e+06,-1.70865e+10,-1.49018e+11
5.91389e+07,250280,5.5045e+06,-1.67135e+10,-1.4906e+11
5.91453e+07,249720,5.50512e+06,-1.63404e+10,-1.49102e+11
5.91516e+07,249159,5.50575e+06,-1.59672e+10,-1.49142e+11
5.91579e+07,248599,5.50637e+06,-1.55938e+10,-1.49181e+11
5.91642e+07,248038,5.50699e+06,-1.52204e+10,-1.4922e+11
5.91705e+07,247478,5.50761e+06,-1.48469e+10,-1.49258e+11
5.91768e+07,246917,5.50823e+06,-1.44733e+10,-1.49294e+11
5.91831e+07,246356,5.50885e+06,-1.40996e+10,-1.4933e+11
5.91894e+07,245795,5.50947e+06,-1.37258e+10,-1.49365e+11
5.91957e+07,245233,5.51008e+06,-1.3352e+10,-1.49399e+11
5.92021e+07,244672,5.51069e+06,-1.2978e+10,-1.49432e+11
5.92084e+07,244110,5.5113e+06,-1.2604e+10,-1.49464e+11
5.92147e+07,243549,5.51191e+06,-1.22298e+10,-1.49495e+11
5.9221e+07,242987,5.51252e+06,-1.18557e+10,-1.49525e+11
5.92273e+07,242425,5.51313e+06,-1.14814e+10,-1.49554e+11
5.92336e+07,241863,5.51374e+06,-1.11071e+10,-1.49582e+11
5.92399e+07,241301,5.51434e+06,-1.07326e+10,-1.4961e+11
5.92462e+07,240739,5.51494e+06,-1.03582e+10,-1.49636e+11
5.92525e+07,240177,5.51555e+06,-9.98363e+09,-1.49662e+11
5.92589e+07,239614,5.51615e+06,-9.60903e+09,-1.49686e+11
5.92652e+07,239052,5.51675e+06,-9.23437e+09,-1.4971e+11
5.92715e+07,238489,5.51734e+06,-8.85965e+09,-1.49732e+11
5.92778e+07,237927,5.51794e+06,-8.48487e+09,-1.49754e+11
5.92841e+07,237364,5.51853e+06,-8.11004e+09,-1.49775e+11
5.92904e+07,236801,5.51913e+06,-7.73516e+09,-1.49795e+11
5.92967e+07,236238,5.51972e+06,-7.36024e+09,-1.49814e+11
5.9303e+07,235675,5.52031e+06,-6.98526e+09,-1.49832e+11
5.93094e+07,235112,5.5209e+06,-6.61024e+09,-1.49849e+11
5.93157e+07,234549,5.52149e+06,-6.23518e+09,-1.49865e+11
5.9322e+07,233986,5.52207e+06,-5.86009e+09,-1.4988e+11
5.93283e+07,233423,5.52266e+06,-5.48495e+09,-1.49894e+11
5.93346e+07,232860,5.52324e+06,-5.10978e+09,-1.49907e+11
5.93409e+07,232296,5.52382e+06,-4.73458e+09,-1.4992e+11
5.93472e+07,231733,5.5244e+06,-4.35935e+09,-1.49931e+11
5.93535e+07,231170,5.52498e+06,-3.98409e+09,-1.49941e+11
5.93598e+07,230606,5.52556e+06,-3.60881e+09,-1.49951e+11
5.93662e+07,230043,5.52614e+06,-3.2335e+09,-1.49959e+11
5.93725e+07,229479,5.52671e+06,-2.85817e+09,-1.49967e+11
5.93788e+07,228916,5.52729e+06,-2.48283e+09,-1.49974e+11
5.93851e+07,228352,5.52786e+06,-2.10747e+09,-1.49979e+11
5.93914e+07,227789,5.52843e+06,-1.7321e+09,-1.49984e+11
5.93977e+07,227225,5.529e+06,-1.35671e+09,-1.49988e+11
5.9404e+07,226662,5.52957e+06,-9.81321e+08,-1.49991e+11
5.94103e+07,226098,5.53013e+06,-6.05923e+08,-1.49993e+11
5.94166e+07,225535,5.5307e+06,-2.30521e+08,-1.49994e+11
5.9423e+07,224971,5.53126e+06,1.44883e+08,-1.49994e+11
5.94293e+07,224407,5.53182e+06,5.20285e+08,-1.49993e+11
5.94356e+07,223844,5.53239e+06,8.95685e+08,-1.49992e+11
5.94419e+07,223280,5.53294e+06,1.27108e+09,-1.49989e+11
5.94482e+07,222717,5.5335e+06,1.64646e+09,-1.49985e+11
5.94545e+07,222153,5.53406e+06,2.02184e+09,-1.49981e+11
5.94608e+07,221590,5.53461e+06,2.3972e+09,-1.49975e+11
5.94671e+07,221026,5.53517e+06,2.77255e+09,-1.49969e+11
5.94735e+07,220463,5.53572e+06,3.14788e+09,-1.49961e+11
5.94798e+07,219899,5.53627e+06,3.52319e+09,-1.49953e+11
5.94861e+07,219336,5.53682e+06,3.89848e+09,-1.49944e+11
5.94924e+07,218773,5.53737e+06,4.27375e+09,-1.49933e+11
5.94987e+07,218209,5.53792e+06,4.64898e+09,-1.49922e+11
5.9505e+07,217646,5.53846e+06,5.02419e+09,-1.4991e+11
5.95113e+07,217083,5.53901e+06,5.39937e+09,-1.49897e+11
5.95176e+07,216520,5.53955e+06,5.77451e+09,-1.49883e+11
5.95239e+07,215956,5.54009e+06,6.14962e+09,-1.49868e+11
5.95303e+07,215393,5.54063e+06,6.52469e+09,-1.49852e+11
5.95366e+07,214830,5.54117e+06,6.89971e+09,-1.49836e+11
5.95429e+07,214267,5.54171e+06,7.2747e+09,-1.49818e+11
5.95492e+07,213704,5.54224e+06,7.64964e+09,-1.49799e+11
5.95555e+07,213142,5.54277e+06,8.02453e+09,-1.49779e+11
5.95618e+07,212579,5.54331e+06,8.39937e+09,-1.49759e+11
5.95681e+07,212016,5.54384e+06,8.77416e+09,-1.49737e+11
5.95744e+07,211454,5.54437e+06,9.14889e+09,-1.49715e+11
5.95807e+07,210891,5.5449e+06,9.52357e+09,-1.49692e+11
5.95871e+07,210329,5.54542e+06,9.89818e+09,-1.49667e+11
5.95934e+07,209767,5.54595e+06,1.02727e+10,-1.49642e+11
5.95997e+07,209204,5.54647e+06,1.06472e+10,-1.49616e+11
5.9606e+07,208642,5.547e+06,1.10217e+10,-1.49589e+11
5.96123e+07,208080,5.54752e+06,1.1396e+10,-1.49561e+11
5.96186e+07,207518,5.54804e+06,1.17703e+10,-1.49532e+11
5.96249e+07,206957,5.54856e+06,1.21445e+10,-1.49502e+11
5.96312e+07,206395,5.54907e+06,1.25186e+10,-1.49471e+11
5.96376e+07,205833,5.54959e+06,1.28927e+10,-1.49439e+11
5.96439e+07,205272,5.55011e+06,1.32667e+10,-1.49406e+11
5.96502e+07,204711,5.55062e+06,1.36405e+10,-1.49373e+11
5.96565e+07,204149,5.55113e+06,1.40144e+10,-1.49338e+11
5.96628e+07,203588,5.55164e+06,1.43881e+10,-1.49303e+11
5.96691e+07,203027,5.55215e+06,1.47617e+10,-1.49266e+11
5.96754e+07,202467,5.55266e+06,1.51352e+10,-1.49229e+11
5.96817e+07,201906,5.55316e+06,1.55087e+10,-1.4919e+11
5.9688e+07,201346,5.55367e+06,1.5882e+10,-1.49151e+11
5.96944e+07,200785,5.55417e+06,1.62553e+10,-1.49111e+11
5.97007e+07,200225,5.55467e+06,1.66284e+10,-1.4907e+11
5.9707e+07,199665,5.55517e+06,1.70014e+10,-1.49028e+11
5.97133e+07,199105,5.55567e+06,1.73744e+10,-1.48985e+11
5.97196e+07,198545,5.55617e+06,1.77472e+10,-1.48941e+11
5.97259e+07,197986,5.55666e+06,1.81199e+10,-1.48896e+11
5.97322e+07,197427,5.55716e+06,1.84925e+10,-1.4885e+11
5.97385e+07,196867,5.55765e+06,1.8865e+10,-1.48803e+11
5.97448e+07,196308,5.55815e+06,1.92373e+10,-1.48756e+11
5.97512e+07,195750,5.55864e+06,1.96096e+10,-1.48707e+11
5.97575e+07,195191,5.55912e+06,1.99817e+10,-1.48657e+11
5.97638e+07,194632,5.55961e+06,2.03537e+10,-1.48607e+11
5.97701e+07,194074,5.5601e+06,2.07256e+10,-1.48556e+11
5.97764e+07,193516,5.56058e+06,2.10973e+10,-1.48503e+11
5.97827e+07,192958,5.56107e+06,2.14689e+10,-1.4845e+11
5.9789e+07,192401,5.56155e+06,2.18404e+10,-1.48396e+11
5.97953e+07,191843,5.56203e+06,2.22117e+10,-1.48341e+11
5.98017e+07,191286,5.56251e+06,2.25829e+10,-1.48285e+11
5.9808e+07,190729,5.56299e+06,2.2954e+10,-1.48228e+11
5.98143e+07,190172,5.56346e+06,2.33249e+10,-1.4817e+11
5.98206e+07,189615,5.56394e+06,2.36956e+10,-1.48111e+11
5.98269e+07,189059,5.56441e+06,2.40663e+10,-1.48051e+11
5.98332e+07,188503,5.56489e+06,2.44367e+10,-1.4799e+11
5.98395e+07,187947,5.56536e+06,2.4807e+10,-1.47929e+11
5.98458e+07,187391,5.56583e+06,2.51772e+10,-1.47866e+11
5.98521e+07,186836,5.5663e+06,2.55472e+10,-1.47803e+11
5.98585e+07,186280,5.56676e+06,2.5917e+10,-1.47738e+11
5.98648e+07,185725,5.56723e+06,2.62867e+10,-1.47673e+11
5.98711e+07,185171,5.56769e+06,2.66562e+10,-1.47607e+11
5.98774e+07,184616,5.56815e+06,2.70256e+10,-1.4754e+11
5.98837e+07,184062,5.56862e+06,2.73947e+10,-1.47472e+11
5.989e+07,183508,5.56908e+06,2.77637e+10,-1.47402e+11
5.98963e+07,182954,5.56953e+06,2.81326e+10,-1.47333e+11
5.99026e+07,182401,5.56999e+06,2.85012e+10,-1.47262e+11
5.99089e+07,181848,5.57045e+06,2.88697e+10,-1.4719e+11
5.99153e+07,181295,5.5709e+06,2.9238e+10,-1.47117e+11
5.99216e+07,180742,5.57136e+06,2.96061e+10,-1.47044e+11
5.99279e+07,180190,5.57181e+06,2.9974e+10,-1.46969e+11
5.99342e+07,179638,5.57226e+06,3.03418e+10,-1.46894e+11
5.99405e+07,179086,5.57271e+06,3.07093e+10,-1.46817e+11
5.99468e+07,178534,5.57315e+06,3.10767e+10,-1.4674e+11
5.99531e+07,177983,5.5736e+06,3.14438e+10,-1.46662e+11
5.99594e+07,177432,5.57404e+06,3.18108e+10,-1.46582e+11
5.99658e+07,176882,5.57449e+06,3.21776e+10,-1.46502e+11
5.99721e+07,176331,5.57493e+06,3.25441e+10,-1.46421e+11
5.99784e+07,175781,5.57537e+06,3.29105e+10,-1.46339e+11
5.99847e+07,175232,5.57581e+06,3.32766e+10,-1.46257e+11
5.9991e+07,174682,5.57625e+06,3.36426e+10,-1.46173e+11
5.99973e+07,174133,5.57668e+06,3.40083e+10,-1.46088e+11
6.00036e+07,173585,5.57712e+06,3.43738e+10,-1.46003e+11
6.00099e+07,173036,5.57755e+06,3.47391e+10,-1.45916e+11
6.00162e+07,172488,5.57799e+06,3.51042e+10,-1.45829e+11
6.00226e+07,171940,5.57842e+06,3.54691e+10,-1.4574e+11
6.00289e+07,171393,5.57885e+06,3.58338e+10,-1.45651e+11
6.00352e+07,170846,5.57927e+06,3.61982e+10,-1.45561e+11
6.00415e+07,170299,5.5797e+06,3.65624e+10,-1.4547e+11
6.00478e+07,169753,5.58013e+06,3.69263e+10,-1.45378e+11
6.00541e+07,169207,5.58055e+06,3.72901e+10,-1.45285e+11
6.00604e+07,168661,5.58097e+06,3.76536e+10,-1.45191e+11
6.00667e+07,168115,5.58139e+06,3.80168e+10,-1.45097e+11
6.0073e+07,167571,5.58181e+06,3.83799e+10,-1.45001e+11
6.00794e+07,167026,5.58223e+06,3.87426e+10,-1.44905e+11
6.00857e+07,166482,5.58265e+06,3.91052e+10,-1.44807e+11
6.0092e+07,165938,5.58307e+06,3.94675e+10,-1.44709e+11
6.00983e+07,165394,5.58348e+06,3.98295e+10,-1.4461e+11
6.01046e+07,164851,5.58389e+06,4.01913e+10,-1.4451e+11
6.01109e+07,164308,5.58431e+06,4.05529e+10,-1.44409e+11
6.01172e+07,163766,5.58472e+06,4.09142e+10,-1.44307e+11
6.01235e+07,163224,5.58513e+06,4.12752e+10,-1.44204e+11
6.01299e+07,162682,5.58553e+06,4.1636e+10,-1.441e+11
6.01362e+07,162141,5.58594e+06,4.19965e+10,-1.43995e+11
6.01425e+07,161600,5.58635e+06,4.23568e+10,-1.4389e+11
6.01488e+07,161060,5.58675e+06,4.27168e+10,-1.43783e+11
6.01551e+07,160520,5.58715e+06,4.30765e+10,-1.43676e+11
6.01614e+07,159980,5.58755e+06,4.3436e+10,-1.43568e+11
6.01677e+07,159441,5.58795e+06,4.37952e+10,-1.43459e+11
6.0174e+07,158902,5.58835e+06,4.41541e+10,-1.43348e+11
6.01803e+07,158364,5.58875e+06,4.45127e+10,-1.43238e+11
6.01867e+07,157826,5.58914e+06,4.48711e+10,-1.43126e+11
6.0193e+07,157288,5.58954e+06,4.52291e+10,-1.43013e+11
6.01993e+07,156751,5.58993e+06,4.55869e+10,-1.42899e+11
6.02056e+07,156214,5.59032e+06,4.59444e+10,-1.42785e+11
6.02119e+07,155678,5.59071e+06,4.63016e+10,-1.42669e+11
6.02182e+07,155142,5.5911e+06,4.66586e+10,-1.42553e+11
6.02245e+07,154607,5.59149e+06,4.70152e+10,-1.42436e+11
6.02308e+07,154072,5.59188e+06,4.73715e+10,-1.42318e+11
6.02371e+07,153537,5.59226e+06,4.77276e+10,-1.42199e+11
6.02435e+07,153003,5.59264e+06,4.80833e+10,-1.42079e+11
6.02498e+07,152470,5.59303e+06,4.84388e+10,-1.41958e+11
6.02561e+07,151936,5.59341e+06,4.87939e+10,-1.41836e+11
6.02624e+07,151404,5.59379e+06,4.91487e+10,-1.41714e+11
6.02687e+07,150871,5.59417e+06,4.95033e+10,-1.4159e+11
6.0275e+07,150340,5.59454e+06,4.98575e+10,-1.41466e+11
6.02813e+07,149808,5.59492e+06,5.02114e+10,-1.41341e+11
6.02876e+07,149278,5.59529e+06,5.0565e+10,-1.41215e+11
6.0294e+07,148747,5.59566e+06,5.09182e+10,-1.41088e+11
6.03003e+07,148217,5.59604e+06,5.12712e+10,-1.4096e+11
6.03066e+07,147688,5.59641e+06,5.16238e+10,-1.40831e+11
6.03129e+07,147159,5.59678e+06,5.19761e+10,-1.40701e+11
6.03192e+07,146631,5.59714e+06,5.23281e+10,-1.40571e+11
6.03255e+07,146103,5.59751e+06,5.26798e+10,-1.40439e+11
6.03318e+07,145575,5.59787e+06,5.30311e+10,-1.40307e+11
6.03381e+07,145048,5.59824e+06,5.33821e+10,-1.40174e+11
6.03444e+07,144522,5.5986e+06,5.37328e+10,-1.4004e+11
6.03508e+07,143996,5.59896e+06,5.40831e+10,-1.39905e+11
6.03571e+07,143471,5.59932e+06,5.44331e+10,-1.39769e+11
6.03634e+07,142946,5.59968e+06,5.47827e+10,-1.39633e+11
6.03697e+07,142421,5.60004e+06,5.5132e+10,-1.39495e+11
6.0376e+07,141897,5.60039e+06,5.5481e+10,-1.39357e+11
6.03823e+07,141374,5.60075e+06,5.58296e+10,-1.39217e+11
6.03886e+07,140851,5.6011e+06,5.61778e+10,-1.39077e+11
6.03949e+07,140329,5.60145e+06,5.65257e+10,-1.38936e+11
6.04012e+07,139807,5.6018e+06,5.68733e+10,-1.38794e+11
6.04076e+07,139286,5.60215e+06,5.72205e+10,-1.38652e+11
6.04139e+07,138765,5.6025e+06,5.75673e+10,-1.38508e+11
6.04202e+07,138245,5.60285e+06,5.79138e+10,-1.38363e+11
6.04265e+07,137725,5.60319e+06,5.82599e+10,-1.38218e+11
6.04328e+07,137206,5.60354e+06,5.86057e+10,-1.38072e+11
6.04391e+07,136688,5.60388e+06,5.8951e+10,-1.37925e+11
6.04454e+07,136170,5.60422e+06,5.9296e+10,-1.37777e+11
6.04517e+07,135653,5.60456e+06,5.96407e+10,-1.37628e+11
6.04581e+07,135136,5.6049e+06,5.9985e+10,-1.37478e+11
6.04644e+07,134619,5.60524e+06,6.03288e+10,-1.37328e+11
6.04707e+07,134104,5.60557e+06,6.06724e+10,-1.37176e+11
6.0477e+07,133589,5.60591e+06,6.10155e+10,-1.37024e+11
6.04833e+07,133074,5.60624e+06,6.13582e+10,-1.36871e+11
6.04896e+07,132560,5.60657e+06,6.17006e+10,-1.36717e+11
6.04959e+07,132047,5.60691e+06,6.20426e+10,-1.36562e+11
6.05022e+07,131534,5.60723e+06,6.23842e+10,-1.36406e+11
6.05085e+07,131022,5.60756e+06,6.27254e+10,-1.3625e+11
6.05149e+07,130510,5.60789e+06,6.30662e+10,-1.36092e+11
6.05212e+07,129999,5.60822e+06,6.34066e+10,-1.35934e+11
6.05275e+07,129488,5.60854e+06,6.37466e+10,-1.35775e+11
6.05338e+07,128979,5.60886e+06,6.40862e+10,-1.35615e+11
6.05401e+07,128469,5.60919e+06,6.44255e+10,-1.35454e+11
6.05464e+07,127961,5.60951e+06,6.47643e+10,-1.35292e+11
6.05527e+07,127453,5.60983e+06,6.51027e+10,-1.3513e+11
6.0559e+07,126945,5.61015e+06,6.54407e+10,-1.34967e+11
6.05653e+07,126438,5.61046e+06,6.57783e+10,-1.34802e+11
6.05717e+07,125932,5.61078e+06,6.61154e+10,-1.34637e+11
6.0578e+07,125427,5.61109e+06,6.64522e+10,-1.34471e+11
6.05843e+07,124922,5.61141e+06,6.67885e+10,-1.34305e+11
6.05906e+07,124417,5.61172e+06,6.71245e+10,-1.34137e+11
6.05969e+07,123914,5.61203e+06,6.746e+10,-1.33969e+11
6.06032e+07,123411,5.61234e+06,6.77951e+10,-1.338e+11
6.06095e+07,122908,5.61265e+06,6.81297e+10,-1.33629e+11
6.06158e+07,122407,5.61295e+06,6.8464e+10,-1.33459e+11
6.06221e+07,121905,5.61326e+06,6.87978e+10,-1.33287e+11
6.06285e+07,121405,5.61356e+06,6.91311e+10,-1.33114e+11
6.06348e+07,120905,5.61387e+06,6.94641e+10,-1.32941e+11
6.06411e+07,120406,5.61417e+06,6.97966e+10,-1.32766e+11
6.06474e+07,119907,5.61447e+06,7.01287e+10,-1.32591e+11
6.06537e+07,119410,5.61477e+06,7.04603e+10,-1.32415e+11
6.066e+07,118912,5.61507e+06,7.07915e+10,-1.32239e+11
6.06663e+07,118416,5.61536e+06,7.11222e+10,-1.32061e+11
6.06726e+07,117920,5.61566e+06,7.14525e+10,-1.31883e+11
6.0679e+07,117425,5.61595e+06,7.17824e+10,-1.31703e+11
6.06853e+07,116930,5.61625e+06,7.21118e+10,-1.31523e+11
6.06916e+07,116436,5.61654e+06,7.24407e+10,-1.31343e+11
6.06979e+07,115943,5.61683e+06,7.27692e+10,-1.31161e+11
6.07042e+07,115451,5.61712e+06,7.30973e+10,-1.30978e+11
6.07105e+07,114959,5.61741e+06,7.34248e+10,-1.30795e+11
6.07168e+07,114468,5.6177e+06,7.3752e+10,-1.30611e+11
6.07231e+07,113977,5.61798e+06,7.40786e+10,-1.30426e+11
6.07294e+07,113488,5.61827e+06,7.44048e+10,-1.3024e+11
6.07358e+07,112999,5.61855e+06,7.47306e+10,-1.30053e+11
6.07421e+07,112510,5.61883e+06,7.50558e+10,-1.29866e+11
6.07484e+07,112023,5.61911e+06,7.53806e+10,-1.29678e+11
6.07547e+07,111536,5.61939e+06,7.57049e+10,-1.29489e+11
6.0761e+07,111050,5.61967e+06,7.60288e+10,-1.29299e+11
6.07673e+07,110564,5.61995e+06,7.63522e+10,-1.29108e+11
6.07736e+07,110080,5.62022e+06,7.6675e+10,-1.28917e+11
6.07799e+07,109596,5.6205e+06,7.69975e+10,-1.28724e+11
6.07862e+07,109112,5.62077e+06,7.73194e+10,-1.28531e+11
6.07926e+07,108630,5.62105e+06,7.76408e+10,-1.28337e+11
6.07989e+07,108148,5.62132e+06,7.79618e+10,-1.28143e+11
6.08052e+07,107667,5.62159e+06,7.82823e+10,-1.27947e+11
6.08115e+07,107186,5.62186e+06,7.86022e+10,-1.27751e+11
6.08178e+07,106707,5.62212e+06,7.89217e+10,-1.27554e+11
6.08241e+07,106228,5.62239e+06,7.92407e+10,-1.27356e+11
6.08304e+07,105750,5.62266e+06,7.95592e+10,-1.27157e+11
6.08367e+07,105272,5.62292e+06,7.98772e+10,-1.26957e+11
6.08431e+07,104796,5.62318e+06,8.01947e+10,-1.26757e+11
6.08494e+07,104320,5.62344e+06,8.05117e+10,-1.26556e+11
6.08557e+07,103845,5.6237e+06,8.08282e+10,-1.26354e+11
6.0862e+07,103370,5.62396e+06,8.11442e+10,-1.26151e+11
6.08683e+07,102897,5.62422e+06,8.14597e+10,-1.25948e+11
6.08746e+07,102424,5.62448e+06,8.17746e+10,-1.25744e+11
6.08809e+07,101952,5.62473e+06,8.20891e+10,-1.25539e+11
6.08872e+07,101480,5.62499e+06,8.2403e+10,-1.25333e+11
6.08935e+07,101010,5.62524e+06,8.27165e+10,-1.25126e+11
6.08999e+07,100540,5.62549e+06,8.30294e+10,-1.24919e+11
6.09062e+07,100071,5.62575e+06,8.33418e+10,-1.24711e+11
6.09125e+07,99603,5.626e+06,8.36536e+10,-1.24502e+11
6.09188e+07,99135.5,5.62624e+06,8.3965e+10,-1.24292e+11
6.09251e+07,98668.9,5.62649e+06,8.42758e+10,-1.24081e+11
6.09314e+07,98203.1,5.62674e+06,8.45861e+10,-1.2387e+11
6.09377e+07,97738.1,5.62698e+06,8.48958e+10,-1.23658e+11
6.0944e+07,97273.9,5.62723e+06,8.52051e+10,-1.23445e+11
6.09503e+07,96810.4,5.62747e+06,8.55137e+10,-1.23232e+11
6.09567e+07,96347.8,5.62771e+06,8.58219e+10,-1.23017e+11
6.0963e+07,95886,5.62795e+06,8.61295e+10,-1.22802e+11
6.09693e+07,95425,5.62819e+06,8.64366e+10,-1.22586e+11
6.09756e+07,94964.8,5.62843e+06,8.67431e+10,-1.22369e+11
6.09819e+07,94505.4,5.62867e+06,8.70491e+10,-1.22152e+11
6.09882e+07,94046.9,5.6289e+06,8.73546e+10,-1.21934e+11
6.09945e+07,93589.1,5.62914e+06,8.76595e+10,-1.21715e+11
6.10008e+07,93132.2,5.62937e+06,8.79638e+10,-1.21495e+11
6.10072e+07,92676.1,5.6296e+06,8.82676e+10,-1.21274e+11
6.10135e+07,92220.9,5.62984e+06,8.85709e+10,-1.21053e+11
6.10198e+07,91766.4,5.63007e+06,8.88736e+10,-1.20831e+11
6.10261e+07,91312.9,5.63029e+06,8.91757e+10,-1.20608e+11
6.10324e+07,90860.1,5.63052e+06,8.94773e+10,-1.20385e+11
6.10387e+07,90408.2,5.63075e+06,8.97783e+10,-1.2016e+11
6.1045e+07,89957.1,5.63098e+06,9.00788e+10,-1.19935e+11
6.10513e+07,89506.9,5.6312e+06,9.03787e+10,-1.19709e+11
6.10576e+07,89057.6,5.63142e+06,9.0678e+10,-1.19483e+11
6.1064e+07,88609,5.63165e+06,9.09768e+10,-1.19256e+11
6.10703e+07,88161.4,5.63187e+06,9.12749e+10,-1.19027e+11
6.10766e+07,87714.6,5.63209e+06,9.15726e+10,-1.18799e+11
6.10829e+07,87268.7,5.63231e+06,9.18696e+10,-1.18569e+11
6.10892e+07,86823.6,5.63252e+06,9.21661e+10,-1.18339e+11
6.10955e+07,86379.4,5.63274e+06,9.2462e+10,-1.18108e+11
6.11018e+07,85936,5.63296e+06,9.27573e+10,-1.17876e+11
6.11081e+07,85493.6,5.63317e+06,9.3052e+10,-1.17643e+11
6.11144e+07,85052,5.63338e+06,9.33462e+10,-1.1741e+11
6.11208e+07,84611.3,5.6336e+06,9.36397e+10,-1.17176e+11
6.11271e+07,84171.4,5.63381e+06,9.39327e+10,-1.16942e+11
6.11334e+07,83732.5,5.63402e+06,9.42251e+10,-1.16706e+11
6.11397e+07,83294.4,5.63423e+06,9.45169e+10,-1.1647e+11
6.1146e+07,82857.2,5.63443e+06,9.48081e+10,-1.16233e+11
6.11523e+07,82421,5.63464e+06,9.50987e+10,-1.15995e+11
6.11586e+07,81985.6,5.63485e+06,9.53887e+10,-1.15757e+11
6.11649e+07,81551.1,5.63505e+06,9.56781e+10,-1.15518e+11
6.11713e+07,81117.5,5.63526e+06,9.5967e+10,-1.15278e+11
6.11776e+07,80684.8,5.63546e+06,9.62552e+10,-1.15038e+11
6.11839e+07,80253,5.63566e+06,9.65428e+10,-1.14796e+11
6.11902e+07,79822.1,5.63586e+06,9.68298e+10,-1.14554e+11
6.11965e+07,79392.2,5.63606e+06,9.71162e+10,-1.14312e+11
6.12028e+07,78963.1,5.63626e+06,9.7402e+10,-1.14068e+11
6.12091e+07,78535,5.63645e+06,9.76872e+10,-1.13824e+11
6.12154e+07,78107.7,5.63665e+06,9.79718e+10,-1.13579e+11
6.12217e+07,77681.4,5.63684e+06,9.82557e+10,-1.13334e+11
6.12281e+07,77256.1,5.63704e+06,9.85391e+10,-1.13087e+11
6.12344e+07,76831.6,5.63723e+06,9.88218e+10,-1.1284e+11
6.12407e+07,76408.1,5.63742e+06,9.91039e+10,-1.12593e+11
6.1247e+07,75985.5,5.63761e+06,9.93854e+10,-1.12344e+11
6.12533e+07,75563.9,5.6378e+06,9.96663e+10,-1.12095e+11
6.12596e+07,75143.1,5.63799e+06,9.99465e+10,-1.11846e+11
6.12659e+07,74723.4,5.63818e+06,1.00226e+11,-1.11595e+11
6.12722e+07,74304.5,5.63837e+06,1.00505e+11,-1.11344e+11
6.12785e+07,73886.7,5.63855e+06,1.00783e+11,-1.11092e+11
6.12849e+07,73469.7,5.63874e+06,1.01061e+11,-1.10839e+11
6.12912e+07,73053.7,5.63892e+06,1.01338e+11,-1.10586e+11
6.12975e+07,72638.7,5.6391e+06,1.01615e+11,-1.10332e+11
6.13038e+07,72224.6,5.63928e+06,1.01891e+11,-1.10078e+11
6.13101e+07,71811.5,5.63946e+06,1.02166e+11,-1.09822e+11
6.13164e+07,71399.3,5.63964e+06,1.0244e+11,-1.09566e+11
6.13227e+07,70988.1,5.63982e+06,1.02714e+11,-1.09309e+11
6.1329e+07,70577.9,5.64e+06,1.02987e+11,-1.09052e+11
6.13354e+07,70168.6,5.64017e+06,1.0326e+11,-1.08794e+11
6.13417e+07,69760.3,5.64035e+06,1.03532e+11,-1.08535e+11
6.1348e+07,69353,5.64052e+06,1.03803e+11,-1.08276e+11
6.13543e+07,68946.7,5.6407e+06,1.04074e+11,-1.08016e+11
6.13606e+07,68541.3,5.64087e+06,1.04344e+11,-1.07755e+11
6.13669e+07,68136.9,5.64104e+06,1.04613e+11,-1.07493e+11
6.13732e+07,67733.5,5.64121e+06,1.04882e+11,-1.07231e+11
6.13795e+07,67331.1,5.64138e+06,1.0515e+11,-1.06968e+11
6.13858e+07,66929.7,5.64155e+06,1.05418e+11,-1.06705e+11
6.13922e+07,66529.2,5.64171e+06,1.05684e+11,-1.06441e+11
6.13985e+07,66129.8,5.64188e+06,1.0595e+11,-1.06176e+11
6.14048e+07,65731.3,5.64204e+06,1.06216e+11,-1.0591e+11
6.14111e+07,65333.9,5.64221e+06,1.06481e+11,-1.05644e+11
6.14174e+07,64937.5,5.64237e+06,1.06745e+11,-1.05377e+11
6.14237e+07,64542,5.64253e+06,1.07008e+11,-1.0511e+11
6.143e+07,64147.6,5.64269e+06,1.07271e+11,-1.04842e+11
6.14363e+07,63754.2,5.64285e+06,1.07533e+11,-1.04573e+11
6.14426e+07,63361.7,5.64301e+06,1.07794e+11,-1.04304e+11
6.1449e+07,62970.3,5.64317e+06,1.08055e+11,-1.04033e+11
6.14553e+07,62580,5.64333e+06,1.08315e+11,-1.03763e+11
6.14616e+07,62190.6,5.64348e+06,1.08574e+11,-1.03491e+11
6.14679e+07,61802.2,5.64364e+06,1.08833e+11,-1.03219e+11
6.14742e+07,61414.9,5.64379e+06,1.09091e+11,-1.02947e+11
6.14805e+07,61028.6,5.64395e+06,1.09348e+11,-1.02673e+11
6.14868e+07,60643.3,5.6441e+06,1.09605e+11,-1.02399e+11
6.14931e+07,60259.1,5.64425e+06,1.09861e+11,-1.02125e+11
6.14995e+07,59875.9,5.6444e+06,1.10116e+11,-1.01849e+11
6.15058e+07,59493.7,5.64455e+06,1.10371e+11,-1.01573e+11
6.15121e+07,59112.6,5.6447e+06,1.10625e+11,-1.01297e+11
6.15184e+07,58732.5,5.64485e+06,1.10878e+11,-1.0102e+11
6.15247e+07,58353.5,5.64499e+06,1.1113e+11,-1.00742e+11
6.1531e+07,57975.5,5.64514e+06,1.11382e+11,-1.00463e+11
6.15373e+07,57598.5,5.64528e+06,1.11633e+11,-1.00184e+11
6.15436e+07,57222.6,5.64543e+06,1.11884e+11,-9.99047e+10
6.15499e+07,56847.7,5.64557e+06,1.12133e+11,-9.96243e+10
6.15563e+07,56473.9,5.64571e+06,1.12382e+11,-9.93434e+10
6.15626e+07,56101.2,5.64585e+06,1.12631e+11,-9.90618e+10
6.15689e+07,55729.5,5.64599e+06,1.12878e+11,-9.87796e+10
6.15752e+07,55358.9,5.64613e+06,1.13125e+11,-9.84968e+10
6.15815e+07,54989.3,5.64627e+06,1.13371e+11,-9.82134e+10
6.15878e+07,54620.8,5.64641e+06,1.13617e+11,-9.79294e+10
6.15941e+07,54253.4,5.64654e+06,1.13861e+11,-9.76447e+10
6.16004e+07,53887.1,5.64668e+06,1.14105e+11,-9.73594e+10
6.16067e+07,53521.8,5.64681e+06,1.14349e+11,-9.70736e+10
6.16131e+07,53157.6,5.64695e+06,1.14591e+11,-9.67871e+10
6.16194e+07,52794.4,5.64708e+06,1.14833e+11,-9.65e+10
6.16257e+07,52432.4,5.64721e+06,1.15074e+11,-9.62123e+10
6.1632e+07,52071.4,5.64734e+06,1.15315e+11,-9.5924e+10
6.16383e+07,51711.5,5.64747e+06,1.15555e+11,-9.56351e+10
6.16446e+07,51352.7,5.6476e+06,1.15794e+11,-9.53456e+10
6.16509e+07,50995,5.64773e+06,1.16032e+11,-9.50555e+10
6.16572e+07,50638.4,5.64786e+06,1.16269e+11,-9.47648e+10
6.16636e+07,50282.9,5.64798e+06,1.16506e+11,-9.44736e+10
6.16699e+07,49928.5,5.64811e+06,1.16742e+11,-9.41817e+10
6.16762e+07,49575.1,5.64823e+06,1.16978e+11,-9.38892e+10
6.16825e+07,49222.9,5.64835e+06,1.17212e+11,-9.35962e+10
6.16888e+07,48871.8,5.64848e+06,1.17446e+11,-9.33025e+10
6.16951e+07,48521.8,5.6486e+06,1.17679e+11,-9.30083e+10
6.17014e+07,48172.8,5.64872e+06,1.17912e+11,-9.27135e+10
6.17077e+07,47825,5.64884e+06,1.18143e+11,-9.24181e+10
6.1714e+07,47478.3,5.64896e+06,1.18374e+11,-9.21221e+10
6.17204e+07,47132.7,5.64908e+06,1.18604e+11,-9.18256e+10
6.17267e+07,46788.3,5.6492e+06,1.18834e+11,-9.15285e+10
6.1733e+07,46444.9,5.64931e+06,1.19063e+11,-9.12308e+10
6.17393e+07,46102.7,5.64943e+06,1.19291e+11,-9.09325e+10
6.17456e+07,45761.6,5.64954e+06,1.19518e+11,-9.06337e+10
6.17519e+07,45421.6,5.64966e+06,1.19744e+11,-9.03343e+10
6.17582e+07,45082.7,5.64977e+06,1.1997e+11,-9.00343e+10
6.17645e+07,44745,5.64988e+06,1.20195e+11,-8.97338e+10
6.17708e+07,44408.4,5.64999e+06,1.20419e+11,-8.94327e+10
6.17772e+07,44072.9,5.65011e+06,1.20643e+11,-8.91311e+10
6.17835e+07,43738.6,5.65022e+06,1.20865e+11,-8.88288e+10
6.17898e+07,43405.4,5.65032e+06,1.21087e+11,-8.85261e+10
6.17961e+07,43073.3,5.65043e+06,1.21308e+11,-8.82228e+10
6.18024e+07,42742.4,5.65054e+06,1.21529e+11,-8.79189e+10
6.18087e+07,42412.6,5.65065e+06,1.21749e+11,-8.76145e+10
6.1815e+07,42084,5.65075e+06,1.21967e+11,-8.73095e+10
6.18213e+07,41756.5,5.65086e+06,1.22186e+11,-8.7004e+10
6.18276e+07,41430.2,5.65096e+06,1.22403e+11,-8.66979e+10
6.1834e+07,41105,5.65106e+06,1.2262e+11,-8.63913e+10
6.18403e+07,40781,5.65117e+06,1.22835e+11,-8.60841e+10
6.18466e+07,40458.1,5.65127e+06,1.23051e+11,-8.57765e+10
6.18529e+07,40136.4,5.65137e+06,1.23265e+11,-8.54682e+10
6.18592e+07,39815.8,5.65147e+06,1.23478e+11,-8.51595e+10
6.18655e+07,39496.4,5.65157e+06,1.23691e+11,-8.48502e+10
6.18718e+07,39178.2,5.65167e+06,1.23903e+11,-8.45403e+10
6.18781e+07,38861.1,5.65176e+06,1.24114e+11,-8.423e+10
6.18845e+07,38545.2,5.65186e+06,1.24325e+11,-8.39191e+10
6.18908e+07,38230.5,5.65196e+06,1.24534e+11,-8.36077e+10
6.18971e+07,37916.9,5.65205e+06,1.24743e+11,-8.32958e+10
6.19034e+07,37604.5,5.65215e+06,1.24951e+11,-8.29833e+10
6.19097e+07,37293.3,5.65224e+06,1.25159e+11,-8.26703e+10
6.1916e+07,36983.2,5.65233e+06,1.25365e+11,-8.23568e+10
6.19223e+07,36674.4,5.65243e+06,1.25571e+11,-8.20428e+10
6.19286e+07,36366.7,5.65252e+06,1.25776e+11,-8.17283e+10
6.19349e+07,36060.2,5.65261e+06,1.2598e+11,-8.14133e+10
6.19413e+07,35754.9,5.6527e+06,1.26183e+11,-8.10977e+10
6.19476e+07,35450.8,5.65279e+06,1.26386e+11,-8.07817e+10
6.19539e+07,35147.8,5.65288e+06,1.26588e+11,-8.04651e+10
6.19602e+07,34846.1,5.65296e+06,1.26789e+11,-8.01481e+10
6.19665e+07,34545.5,5.65305e+06,1.26989e+11,-7.98305e+10
6.19728e+07,34246.2,5.65314e+06,1.27188e+11,-7.95124e+10
6.19791e+07,33948,5.65322e+06,1.27387e+11,-7.91939e+10
6.19854e+07,33651,5.65331e+06,1.27585e+11,-7.88748e+10
6.19917e+07,33355.3,5.65339e+06,1.27782e+11,-7.85553e+10
6.19981e+07,33060.7,5.65347e+06,1.27978e+11,-7.82352e+10
6.20044e+07,32767.3,5.65356e+06,1.28173e+11,-7.79147e+10
6.20107e+07,32475.2,5.65364e+06,1.28368e+11,-7.75937e+10
6.2017e+07,32184.2,5.65372e+06,1.28562e+11,-7.72722e+10
6.20233e+07,31894.5,5.6538e+06,1.28755e+11,-7.69502e+10
6.20296e+07,31605.9,5.65388e+06,1.28947e+11,-7.66277e+10
6.20359e+07,31318.6,5.65396e+06,1.29138e+11,-7.63047e+10
6.20422e+07,31032.5,5.65403e+06,1.29329e+11,-7.59813e+10
6.20486e+07,30747.6,5.65411e+06,1.29519e+11,-7.56574e+10
6.20549e+07,30464,5.65419e+06,1.29708e+11,-7.5333e+10
6.20612e+07,30181.5,5.65426e+06,1.29896e+11,-7.50082e+10
6.20675e+07,29900.3,5.65434e+06,1.30083e+11,-7.46828e+10
6.20738e+07,29620.3,5.65441e+06,1.3027e+11,-7.4357e+10
6.20801e+07,29341.5,5.65449e+06,1.30455e+11,-7.40308e+10
6.20864e+07,29063.9,5.65456e+06,1.3064e+11,-7.37041e+10
6.20927e+07,28787.6,5.65463e+06,1.30824e+11,-7.33769e+10
6.2099e+07,28512.5,5.6547e+06,1.31008e+11,-7.30492e+10
6.21054e+07,28238.7,5.65478e+06,1.3119e+11,-7.27211e+10
6.21117e+07,27966,5.65485e+06,1.31372e+11,-7.23926e+10
6.2118e+07,27694.6,5.65492e+06,1.31552e+11,-7.20636e+10
6.21243e+07,27424.5,5.65498e+06,1.31732e+11,-7.17341e+10
6.21306e+07,27155.6,5.65505e+06,1.31911e+11,-7.14042e+10
6.21369e+07,26887.9,5.65512e+06,1.3209e+11,-7.10738e+10
6.21432e+07,26621.4,5.65519e+06,1.32267e+11,-7.0743e+10
6.21495e+07,26356.2,5.65525e+06,1.32444e+11,-7.04118e+10
6.21558e+07,26092.3,5.65532e+06,1.3262e+11,-7.00801e+10
6.21622e+07,25829.6,5.65538e+06,1.32795e+11,-6.9748e+10
6.21685e+07,25568.1,5.65545e+06,1.32969e+11,-6.94154e+10
6.21748e+07,25307.9,5.65551e+06,1.33142e+11,-6.90824e+10
6.21811e+07,25049,5.65558e+06,1.33315e+11,-6.8749e+10
6.21874e+07,24791.3,5.65564e+06,1.33486e+11,-6.84151e+10
6.21937e+07,24534.8,5.6557e+06,1.33657e+11,-6.80808e+10
6.22e+07,24279.7,5.65576e+06,1.33827e+11,-6.77461e+10
6.22063e+07,24025.7,5.65582e+06,1.33996e+11,-6.7411e+10
6.22127e+07,23773.1,5.65588e+06,1.34165e+11,-6.70754e+10
6.2219e+07,23521.7,5.65594e+06,1.34332e+11,-6.67394e+10
6.22253e+07,23271.5,5.656e+06,1.34499e+11,-6.6403e+10
6.22316e+07,23022.6,5.65606e+06,1.34664e+11,-6.60662e+10
6.22379e+07,22775,5.65611e+06,1.34829e+11,-6.5729e+10
6.22442e+07,22528.7,5.65617e+06,1.34993e+11,-6.53914e+10
6.22505e+07,22283.6,5.65623e+06,1.35157e+11,-6.50533e+10
6.22568e+07,22039.8,5.65628e+06,1.35319e+11,-6.47148e+10
6.22631e+07,21797.3,5.65634e+06,1.35481e+11,-6.4376e+10
6.22695e+07,21556,5.65639e+06,1.35641e+11,-6.40367e+10
6.22758e+07,21316,5.65644e+06,1.35801e+11,-6.3697e+10
6.22821e+07,21077.3,5.6565e+06,1.3596e+11,-6.3357e+10
6.22884e+07,20839.9,5.65655e+06,1.36118e+11,-6.30165e+10
6.22947e+07,20603.8,5.6566e+06,1.36276e+11,-6.26757e+10
6.2301e+07,20368.9,5.65665e+06,1.36432e+11,-6.23344e+10
6.23073e+07,20135.3,5.6567e+06,1.36588e+11,-6.19928e+10
6.23136e+07,19903,5.65675e+06,1.36742e+11,-6.16507e+10
6.23199e+07,19672,5.6568e+06,1.36896e+11,-6.13083e+10
6.23263e+07,19442.3,5.65685e+06,1.37049e+11,-6.09655e+10
6.23326e+07,19213.9,5.6569e+06,1.37201e+11,-6.06223e+10
6.23389e+07,18986.7,5.65695e+06,1.37353e+11,-6.02788e+10
6.23452e+07,18760.9,5.657e+06,1.37503e+11,-5.99348e+10
6.23515e+07,18536.3,5.65704e+06,1.37653e+11,-5.95905e+10
6.23578e+07,18313,5.65709e+06,1.37802e+11,-5.92458e+10
6.23641e+07,18091.1,5.65713e+06,1.37949e+11,-5.89008e+10
6.23704e+07,17870.4,5.65718e+06,1.38096e+11,-5.85553e+10
6.23768e+07,17651,5.65722e+06,1.38243e+11,-5.82095e+10
6.23831e+07,17432.9,5.65727e+06,1.38388e+11,-5.78634e+10
6.23894e+07,17216.2,5.65731e+06,1.38532e+11,-5.75169e+10
6.23957e+07,17000.7,5.65735e+06,1.38676e+11,-5.717e+10
6.2402e+07,16786.5,5.6574e+06,1.38818e+11,-5.68227e+10
6.24083e+07,16573.7,5.65744e+06,1.3896e+11,-5.64751e+10
6.24146e+07,16362.1,5.65748e+06,1.39101e+11,-5.61272e+10
6.24209e+07,16151.9,5.65752e+06,1.39241e+11,-5.57789e+10
6.24272e+07,15942.9,5.65756e+06,1.3938e+11,-5.54302e+10
6.24336e+07,15735.3,5.6576e+06,1.39519e+11,-5.50812e+10
6.24399e+07,15529,5.65764e+06,1.39656e+11,-5.47319e+10
6.24462e+07,15324,5.65768e+06,1.39793e+11,-5.43822e+10
6.24525e+07,15120.3,5.65772e+06,1.39928e+11,-5.40322e+10
6.24588e+07,14917.9,5.65775e+06,1.40063e+11,-5.36818e+10
6.24651e+07,14716.9,5.65779e+06,1.40197e+11,-5.33311e+10
6.24714e+07,14517.1,5.65783e+06,1.4033e+11,-5.29801e+10
6.24777e+07,14318.7,5.65786e+06,1.40462e+11,-5.26287e+10
6.2484e+07,14121.6,5.6579e+06,1.40593e+11,-5.2277e+10
6.24904e+07,13925.8,5.65793e+06,1.40724e+11,-5.1925e+10
6.24967e+07,13731.4,5.65797e+06,1.40853e+11,-5.15726e+10
6.2503e+07,13538.3,5.658e+06,1.40982e+11,-5.12199e+10
6.25093e+07,13346.5,5.65804e+06,1.4111e+11,-5.0867e+10
6.25156e+07,13156,5.65807e+06,1.41237e+11,-5.05136e+10
6.25219e+07,12966.8,5.6581e+06,1.41363e+11,-5.016e+10
6.25282e+07,12779,5.65813e+06,1.41488e+11,-4.98061e+10
6.25345e+07,12592.5,5.65817e+06,1.41612e+11,-4.94518e+10
6.25409e+07,12407.4,5.6582e+06,1.41735e+11,-4.90972e+10
6.25472e+07,12223.6,5.65823e+06,1.41858e+11,-4.87424e+10
6.25535e+07,12041.1,5.65826e+06,1.41979e+11,-4.83872e+10
6.25598e+07,11859.9,5.65829e+06,1.421e+11,-4.80317e+10
6.25661e+07,11680.1,5.65832e+06,1.4222e+11,-4.76759e+10
6.25724e+07,11501.6,5.65835e+06,1.42339e+11,-4.73198e+10
6.25787e+07,11324.5,5.65838e+06,1.42457e+11,-4.69635e+10
6.2585e+07,11148.7,5.6584e+06,1.42574e+11,-4.66068e+10
6.25913e+07,10974.2,5.65843e+06,1.4269e+11,-4.62498e+10
6.25977e+07,10801.1,5.65846e+06,1.42805e+11,-4.58926e+10
6.2604e+07,10629.3,5.65849e+06,1.4292e+11,-4.5535e+10
6.26103e+07,10458.9,5.65851e+06,1.43033e+11,-4.51772e+10
6.26166e+07,10289.8,5.65854e+06,1.43146e+11,-4.48191e+10
6.26229e+07,10122.1,5.65856e+06,1.43258e+11,-4.44607e+10
6.26292e+07,9955.67,5.65859e+06,1.43368e+11,-4.4102e+10
6.26355e+07,9790.62,5.65861e+06,1.43478e+11,-4.37431e+10
6.26418e+07,9626.92,5.65864e+06,1.43587e+11,-4.33839e+10
6.26481e+07,9464.58,5.65866e+06,1.43696e+11,-4.30244e+10
6.26545e+07,9303.58,5.65868e+06,1.43803e+11,-4.26646e+10
6.26608e+07,9143.94,5.65871e+06,1.43909e+11,-4.23046e+10
6.26671e+07,8985.65,5.65873e+06,1.44015e+11,-4.19443e+10
6.26734e+07,8828.71,5.65875e+06,1.44119e+11,-4.15838e+10
6.26797e+07,8673.13,5.65877e+06,1.44223e+11,-4.12229e+10
6.2686e+07,8518.9,5.6588e+06,1.44325e+11,-4.08619e+10
6.26923e+07,8366.04,5.65882e+06,1.44427e+11,-4.05005e+10
6.26986e+07,8214.53,5.65884e+06,1.44528e+11,-4.0139e+10
6.2705e+07,8064.37,5.65886e+06,1.44628e+11,-3.97771e+10
6.27113e+07,7915.58,5.65888e+06,1.44727e+11,-3.9415e+10
6.27176e+07,7768.15,5.6589e+06,1.44826e+11,-3.90527e+10
6.27239e+07,7622.09,5.65892e+06,1.44923e+11,-3.86901e+10
6.27302e+07,7477.38,5.65894e+06,1.45019e+11,-3.83273e+10
6.27365e+07,7334.04,5.65895e+06,1.45115e+11,-3.79642e+10
6.27428e+07,7192.06,5.65897e+06,1.45209e+11,-3.7601e+10
6.27491e+07,7051.45,5.65899e+06,1.45303e+11,-3.72374e+10
6.27554e+07,6912.2,5.65901e+06,1.45396e+11,-3.68737e+10
6.27618e+07,6774.32,5.65903e+06,1.45488e+11,-3.65097e+10
6.27681e+07,6637.81,5.65904e+06,1.45578e+11,-3.61454e+10
6.27744e+07,6502.67,5.65906e+06,1.45669e+11,-3.5781e+10
6.27807e+07,6368.9,5.65907e+06,1.45758e+11,-3.54163e+10
6.2787e+07,6236.5,5.65909e+06,1.45846e+11,-3.50514e+10
6.27933e+07,6105.47,5.65911e+06,1.45933e+11,-3.46863e+10
6.27996e+07,5975.81,5.65912e+06,1.46019e+11,-3.4321e+10
6.28059e+07,5847.53,5.65914e+06,1.46105e+11,-3.39554e+10
6.28122e+07,5720.61,5.65915e+06,1.46189e+11,-3.35897e+10
6.28186e+07,5595.08,5.65916e+06,1.46273e+11,-3.32237e+10
6.28249e+07,5470.92,5.65918e+06,1.46356e+11,-3.28575e+10
6.28312e+07,5348.13,5.65919e+06,1.46438e+11,-3.24911e+10
6.28375e+07,5226.72,5.6592e+06,1.46518e+11,-3.21245e+10
6.28438e+07,5106.69,5.65922e+06,1.46598e+11,-3.17577e+10
6.28501e+07,4988.04,5.65923e+06,1.46677e+11,-3.13907e+10
6.28564e+07,4870.77,5.65924e+06,1.46756e+11,-3.10236e+10
6.28627e+07,4754.88,5.65925e+06,1.46833e+11,-3.06562e+10
6.28691e+07,4640.37,5.65927e+06,1.46909e+11,-3.02886e+10
6.28754e+07,4527.24,5.65928e+06,1.46984e+11,-2.99208e+10
6.28817e+07,4415.49,5.65929e+06,1.47059e+11,-2.95529e+10
6.2888e+07,4305.12,5.6593e+06,1.47132e+11,-2.91848e+10
6.28943e+07,4196.14,5.65931e+06,1.47205e+11,-2.88164e+10
6.29006e+07,4088.54,5.65932e+06,1.47277e+11,-2.84479e+10
6.29069e+07,3982.33,5.65933e+06,1.47347e+11,-2.80793e+10
6.29132e+07,3877.5,5.65934e+06,1.47417e+11,-2.77104e+10
6.29195e+07,3774.06,5.65935e+06,1.47486e+11,-2.73414e+10
6.29259e+07,3672.01,5.65936e+06,1.47554e+11,-2.69722e+10
6.29322e+07,3571.34,5.65937e+06,1.47621e+11,-2.66028e+10
6.29385e+07,3472.06,5.65938e+06,1.47687e+11,-2.62333e+10
6.29448e+07,3374.17,5.65939e+06,1.47752e+11,-2.58636e+10
6.29511e+07,3277.67,5.65939e+06,1.47817e+11,-2.54937e+10
6.29574e+07,3182.56,5.6594e+06,1.4788e+11,-2.51237e+10
6.29637e+07,3088.84,5.65941e+06,1.47942e+11,-2.47535e+10
6.297e+07,2996.51,5.65942e+06,1.48004e+11,-2.43832e+10
6.29763e+07,2905.57,5.65943e+06,1.48065e+11,-2.40127e+10
6.29827e+07,2816.03,5.65943e+06,1.48124e+11,-2.36421e+10
6.2989e+07,2727.88,5.65944e+06,1.48183e+11,-2.32713e+10
6.29953e+07,2641.12,5.65945e+06,1.48241e+11,-2.29004e+10
6.30016e+07,2555.75,5.65945e+06,1.48298e+11,-2.25293e+10
6.30079e+07,2471.78,5.65946e+06,1.48354e+11,-2.21581e+10
6.30142e+07,2389.21,5.65947e+06,1.48409e+11,-2.17867e+10
6.30205e+07,2308.03,5.65947e+06,1.48463e+11,-2.14152e+10
6.30268e+07,2228.24,5.65948e+06,1.48516e+11,-2.10436e+10
6.30332e+07,2149.85,5.65948e+06,1.48568e+11,-2.06719e+10
6.30395e+07,2072.86,5.65949e+06,1.48619e+11,-2.03e+10
6.30458e+07,1997.27,5.65949e+06,1.4867e+11,-1.9928e+10
6.30521e+07,1923.07,5.6595e+06,1.48719e+11,-1.95558e+10
6.30584e+07,1850.28,5.6595e+06,1.48768e+11,-1.91836e+10
6.30647e+07,1778.88,5.65951e+06,1.48815e+11,-1.88112e+10
6.3071e+07,1708.88,5.65951e+06,1.48862e+11,-1.84387e+10
6.30773e+07,1640.28,5.65952e+06,1.48907e+11,-1.80661e+10
6.30836e+07,1573.08,5.65952e+06,1.48952e+11,-1.76934e+10
6.309e+07,1507.29,5.65952e+06,1.48996e+11,-1.73205e+10
6.30963e+07,1442.89,5.65953e+06,1.49039e+11,-1.69476e+10
6.31026e+07,1379.89,5.65953e+06,1.49081e+11,-1.65745e+10
6.31089e+07,1318.3,5.65953e+06,1.49122e+11,-1.62014e+10
