t,x1,y1,x2,y2
0,0,0,1.5e+11,0
6311.52,2.82092,0.0019856,1.5e+11,3.75403e+08
12623,11.2837,0.018091,1.49998e+11,7.50805e+08
18934.6,25.3882,0.0624358,1.49996e+11,1.1262e+09
25246.1,45.1344,0.14914,1.49992e+11,1.50159e+09
31557.6,70.5221,0.292322,1.49988e+11,1.87697e+09
37869.1,101.551,0.506101,1.49983e+11,2.25234e+09
44180.6,138.222,0.804596,1.49977e+11,2.62769e+09
50492.2,180.533,1.20192,1.4997e+11,3.00303e+09
56803.7,228.485,1.7122,1.49962e+11,3.37835e+09
63115.2,282.077,2.34955,1.49953e+11,3.75365e+09
69426.7,341.31,3.12808,1.49943e+11,4.12892e+09
75738.2,406.182,4.06191,1.49932e+11,4.50417e+09
82049.8,476.694,5.16515,1.49921e+11,4.87939e+09
88361.3,552.844,6.45191,1.49908e+11,5.25458e+09
94672.8,634.633,7.93631,1.49894e+11,5.62974e+09
100984,722.06,9.63246,1.4988e+11,6.00486e+09
107296,815.123,11.5545,1.49864e+11,6.37994e+09
113607,913.824,13.7164,1.49848e+11,6.75498e+09
119919,1018.16,16.1325,1.4983e+11,7.12999e+09
126230,1128.13,18.8167,1.49812e+11,7.50494e+09
132542,1243.74,21.7832,1.49793e+11,7.87985e+09
138853,1364.98,25.046,1.49773e+11,8.25471e+09
145165,1491.86,28.6194,1.49752e+11,8.62952e+09
151476,1624.36,32.5173,1.49729e+11,9.00428e+09
157788,1762.5,36.7539,1.49706e+11,9.37897e+09
164100,1906.27,41.3433,1.49683e+11,9.75361e+09
170411,2055.67,46.2995,1.49658e+11,1.01282e+10
176723,2210.7,51.6367,1.49632e+11,1.05027e+10
183034,2371.35,57.3689,1.49605e+11,1.08772e+10
189346,2537.64,63.5102,1.49577e+11,1.12515e+10
195657,2709.55,70.0747,1.49549e+11,1.16258e+10
201969,2887.08,77.0764,1.49519e+11,1.20001e+10
208280,3070.24,84.5296,1.49489e+11,1.23742e+10
214592,3259.02,92.4481,1.49457e+11,1.27483e+10
220903,3453.42,100.846,1.49425e+11,1.31223e+10
227215,3653.44,109.738,1.49392e+11,1.34963e+10
233526,3859.08,119.137,1.49357e+11,1.38701e+10
239838,4070.34,129.058,1.49322e+11,1.42439e+10
246149,4287.22,139.515,1.49286e+11,1.46175e+10
252461,4509.71,150.521,1.49249e+11,1.49911e+10
258772,4737.81,162.091,1.49211e+11,1.53646e+10
265084,4971.53,174.24,1.49172e+11,1.57379e+10
271395,5210.85,186.98,1.49132e+11,1.61112e+10
277707,5455.79,200.326,1.49091e+11,1.64844e+10
284018,5706.33,214.292,1.4905e+11,1.68575e+10
290330,5962.48,228.892,1.49007e+11,1.72305e+10
296641,6224.24,244.14,1.48963e+11,1.76033e+10
302953,6491.59,260.051,1.48919e+11,1.79761e+10
309264,6764.55,276.637,1.48874e+11,1.83487e+10
315576,7043.11,293.914,1.48827e+11,1.87212e+10
321888,7327.26,311.895,1.4878e+11,1.90937e+10
328199,7617.01,330.594,1.48732e+11,1.94659e+10
334511,7912.36,350.025,1.48682e+11,1.98381e+10
340822,8213.3,370.202,1.48632e+11,2.02102e+10
347134,8519.82,391.139,1.48581e+11,2.05821e+10
353445,8831.94,412.851,1.48529e+11,2.09539e+10
359757,9149.64,435.35,1.48476e+11,2.13255e+10
366068,9472.93,458.652,1.48423e+11,2.1697e+10
372380,9801.8,482.77,1.48368e+11,2.20684e+10
378691,10136.3,507.718,1.48312e+11,2.24397e+10
385003,10476.3,533.51,1.48255e+11,2.28108e+10
391314,10821.9,560.16,1.48198e+11,2.31818e+10
397626,11173.1,587.681,1.48139e+11,2.35526e+10
403937,11529.8,616.089,1.4808e+11,2.39232e+10
410249,11892.1,645.397,1.4802e+11,2.42938e+10
416560,12260,675.618,1.47958e+11,2.46641e+10
422872,12633.5,706.767,1.47896e+11,2.50344e+10
429183,13012.5,738.857,1.47833e+11,2.54044e+10
435495,13397.1,771.903,1.47769e+11,2.57743e+10
441806,13787.2,805.918,1.47704e+11,2.61441e+10
448118,14182.9,840.917,1.47638e+11,2.65136e+10
454429,14584.1,876.913,1.47571e+11,2.6883e+10
460741,14990.9,913.92,1.47504e+11,2.72523e+10
467052,15403.3,951.952,1.47435e+11,2.76214e+10
473364,15821.2,991.023,1.47365e+11,2.79903e+10
479676,16244.6,1031.15,1.47295e+11,2.8359e+10
485987,16673.6,1072.34,1.47223e+11,2.87275e+10
492299,17108.1,1114.61,1.47151e+11,2.90959e+10
498610,17548.1,1157.97,1.47078e+11,2.94641e+10
504922,17993.7,1202.45,1.47004e+11,2.98321e+10
511233,18444.8,1248.04,1.46928e+11,3.01999e+10
517545,18901.4,1294.77,1.46852e+11,3.05675e+10
523856,19363.6,1342.66,1.46775e+11,3.09349e+10
530168,19831.2,1391.7,1.46698e+11,3.13022e+10
536479,20304.4,1441.92,1.46619e+11,3.16692e+10
542791,20783.1,1493.34,1.46539e+11,3.2036e+10
549102,21267.3,1545.95,1.46458e+11,3.24027e+10
555414,21757.1,1599.79,1.46377e+11,3.27691e+10
561725,22252.3,1654.86,1.46294e+11,3.31354e+10
568037,22753,1711.18,1.46211e+11,3.35014e+10
574348,23259.3,1768.75,1.46127e+11,3.38672e+10
580660,23771,1827.6,1.46041e+11,3.42328e+10
586971,24288.2,1887.74,1.45955e+11,3.45982e+10
593283,24810.9,1949.18,1.45868e+11,3.49634e+10
599594,25339.1,2011.93,1.4578e+11,3.53283e+10
605906,25872.8,2076.01,1.45691e+11,3.56931e+10
612217,26412,2141.44,1.45602e+11,3.60576e+10
618529,26956.6,2208.22,1.45511e+11,3.64218e+10
624840,27506.7,2276.37,1.45419e+11,3.67859e+10
631152,28062.3,2345.9,1.45327e+11,3.71497e+10
637464,28623.3,2416.84,1.45233e+11,3.75133e+10
643775,29189.8,2489.18,1.45139e+11,3.78767e+10
650087,29761.8,2562.95,1.45044e+11,3.82398e+10
656398,30339.2,2638.15,1.44948e+11,3.86027e+10
662710,30922.1,2714.81,1.44851e+11,3.89653e+10
669021,31510.4,2792.93,1.44753e+11,3.93277e+10
675333,32104.2,2872.54,1.44654e+11,3.96898e+10
681644,32703.4,2953.63,1.44554e+11,4.00517e+10
687956,33308,3036.23,1.44453e+11,4.04134e+10
694267,33918.1,3120.35,1.44352e+11,4.07748e+10
700579,34533.6,3206.01,1.44249e+11,4.11359e+10
706890,35154.6,3293.21,1.44146e+11,4.14968e+10
713202,35780.9,3381.98,1.44042e+11,4.18574e+10
719513,36412.7,3472.31,1.43936e+11,4.22178e+10
725825,37049.9,3564.24,1.4383e+11,4.25779e+10
732136,37692.5,3657.77,1.43723e+11,4.29377e+10
738448,38340.5,3752.91,1.43615e+11,4.32973e+10
744759,38993.9,3849.68,1.43506e+11,4.36566e+10
751071,39652.7,3948.09,1.43397e+11,4.40156e+10
757382,40316.9,4048.16,1.43286e+11,4.43743e+10
763694,40986.5,4149.9,1.43175e+11,4.47328e+10
770005,41661.4,4253.32,1.43062e+11,4.5091e+10
776317,42341.8,4358.43,1.42949e+11,4.54489e+10
782628,43027.5,4465.26,1.42835e+11,4.58065e+10
788940,43718.6,4573.8,1.4272e+11,4.61638e+10
795252,44415.1,4684.09,1.42604e+11,4.65208e+10
801563,45116.9,4796.12,1.42487e+11,4.68776e+10
807875,45824.1,4909.92,1.42369e+11,4.7234e+10
814186,46536.6,5025.49,1.4225e+11,4.75902e+10
820498,47254.5,5142.86,1.42131e+11,4.79461e+10
826809,47977.8,5262.03,1.4201e+11,4.83016e+10
833121,48706.4,5383.01,1.41889e+11,4.86569e+10
839432,49440.3,5505.82,1.41767e+11,4.90118e+10
845744,50179.5,5630.48,1.41644e+11,4.93665e+10
852055,50924.1,5756.99,1.4152e+11,4.97208e+10
858367,51674,5885.38,1.41395e+11,5.00748e+10
864678,52429.2,6015.65,1.41269e+11,5.04285e+10
870990,53189.8,6147.81,1.41142e+11,5.07819e+10
877301,53955.6,6281.89,1.41015e+11,5.1135e+10
883613,54726.7,6417.88,1.40887e+11,5.14878e+10
889924,55503.2,6555.82,1.40757e+11,5.18402e+10
896236,56284.9,6695.7,1.40627e+11,5.21923e+10
902547,57072,6837.55,1.40496e+11,5.25441e+10
908859,57864.3,6981.37,1.40364e+11,5.28956e+10
915170,58661.9,7127.19,1.40231e+11,5.32467e+10
921482,59464.7,7275,1.40098e+11,5.35975e+10
927793,60272.9,7424.83,1.39963e+11,5.39479e+10
934105,61086.3,7576.69,1.39827e+11,5.4298e+10
940416,61904.9,7730.6,1.39691e+11,5.46478e+10
946728,62728.8,7886.56,1.39554e+11,5.49972e+10
953040,63558,8044.58,1.39416e+11,5.53463e+10
959351,64392.4,8204.69,1.39277e+11,5.56951e+10
965663,65232.1,8366.9,1.39137e+11,5.60435e+10
971974,66076.9,8531.21,1.38996e+11,5.63915e+10
978286,66927,8697.64,1.38855e+11,5.67392e+10
984597,67782.4,8866.21,1.38712e+11,5.70865e+10
990909,68642.9,9036.92,1.38569e+11,5.74335e+10
997220,69508.7,9209.8,1.38425e+11,5.77801e+10
1.00353e+06,70379.6,9384.84,1.3828e+11,5.81264e+10
1.00984e+06,71255.8,9562.08,1.38134e+11,5.84723e+10
1.01615e+06,72137.2,9741.51,1.37987e+11,5.88178e+10
1.02247e+06,73023.7,9923.15,1.3784e+11,5.91629e+10
1.02878e+06,73915.5,10107,1.37691e+11,5.95077e+10
1.03509e+06,74812.4,10293.1,1.37542e+11,5.98521e+10
1.0414e+06,75714.5,10481.5,1.37391e+11,6.01962e+10
1.04771e+06,76621.7,10672.1,1.3724e+11,6.05398e+10
1.05402e+06,77534.1,10865,1.37088e+11,6.08831e+10
1.06034e+06,78451.7,11060.2,1.36936e+11,6.1226e+10
1.06665e+06,79374.4,11257.7,1.36782e+11,6.15685e+10
1.07296e+06,80302.3,11457.5,1.36627e+11,6.19107e+10
1.07927e+06,81235.3,11659.6,1.36472e+11,6.22524e+10
1.08558e+06,82173.4,11864.1,1.36316e+11,6.25938e+10
1.09189e+06,83116.7,12071,1.36159e+11,6.29347e+10
1.0982e+06,84065.1,12280.2,1.36001e+11,6.32753e+10
1.10452e+06,85018.6,12491.7,1.35842e+11,6.36154e+10
1.11083e+06,85977.2,12705.7,1.35682e+11,6.39552e+10
1.11714e+06,86940.9,12922.1,1.35522e+11,6.42946e+10
1.12345e+06,87909.7,13140.9,1.35361e+11,6.46336e+10
1.12976e+06,88883.7,13362.1,1.35198e+11,6.49721e+10
1.13607e+06,89862.6,13585.8,1.35035e+11,6.53103e+10
1.14239e+06,90846.7,13811.9,1.34872e+11,6.5648e+10
1.1487e+06,91835.9,14040.5,1.34707e+11,6.59854e+10
1.15501e+06,92830.1,14271.6,1.34541e+11,6.63223e+10
1.16132e+06,93829.3,14505.2,1.34375e+11,6.66588e+10
1.16763e+06,94833.7,14741.3,1.34208e+11,6.69949e+10
1.17394e+06,95843,14979.9,1.3404e+11,6.73305e+10
1.18025e+06,96857.4,15221,1.33871e+11,6.76658e+10
1.18657e+06,97876.9,15464.7,1.33701e+11,6.80006e+10
1.19288e+06,98901.4,15710.9,1.3353e+11,6.8335e+10
1.19919e+06,99930.9,15959.7,1.33359e+11,6.8669e+10
1.2055e+06,100965,16211.1,1.33187e+11,6.90025e+10
1.21181e+06,102005,16465.1,1.33013e+11,6.93356e+10
1.21812e+06,103049,16721.7,1.32839e+11,6.96683e+10
1.22443e+06,104099,16980.9,1.32665e+11,7.00006e+10
1.23075e+06,105153,17242.7,1.32489e+11,7.03324e+10
1.23706e+06,106213,17507.2,1.32313e+11,7.06637e+10
1.24337e+06,107277,17774.4,1.32135e+11,7.09946e+10
1.24968e+06,108347,18044.2,1.31957e+11,7.13251e+10
1.25599e+06,109421,18316.7,1.31778e+11,7.16551e+10
1.2623e+06,110501,18591.9,1.31599e+11,7.19847e+10
1.26862e+06,111585,18869.8,1.31418e+11,7.23138e+10
1.27493e+06,112674,19150.4,1.31237e+11,7.26425e+10
1.28124e+06,113768,19433.8,1.31054e+11,7.29707e+10
1.28755e+06,114868,19719.9,1.30871e+11,7.32985e+10
1.29386e+06,115972,20008.7,1.30688e+11,7.36258e+10
1.30017e+06,117081,20300.4,1.30503e+11,7.39526e+10
1.30648e+06,118194,20594.8,1.30317e+11,7.4279e+10
1.3128e+06,119313,20892,1.30131e+11,7.46049e+10
1.31911e+06,120437,21192,1.29944e+11,7.49303e+10
1.32542e+06,121565,21494.8,1.29756e+11,7.52553e+10
1.33173e+06,122699,21800.5,1.29567e+11,7.55798e+10
1.33804e+06,123837,22109,1.29378e+11,7.59039e+10
1.34435e+06,124980,22420.3,1.29187e+11,7.62274e+10
1.35067e+06,126128,22734.6,1.28996e+11,7.65505e+10
1.35698e+06,127281,23051.7,1.28804e+11,7.68731e+10
1.36329e+06,128439,23371.7,1.28611e+11,7.71952e+10
1.3696e+06,129602,23694.6,1.28418e+11,7.75168e+10
1.37591e+06,130769,24020.4,1.28223e+11,7.7838e+10
1.38222e+06,131941,24349.1,1.28028e+11,7.81586e+10
1.38853e+06,133118,24680.8,1.27832e+11,7.84788e+10
1.39485e+06,134300,25015.4,1.27635e+11,7.87985e+10
1.40116e+06,135487,25353,1.27438e+11,7.91177e+10
1.40747e+06,136678,25693.6,1.27239e+11,7.94364e+10
1.41378e+06,137874,26037.1,1.2704e+11,7.97546e+10
1.42009e+06,139075,26383.7,1.2684e+11,8.00722e+10
1.4264e+06,140281,26733.3,1.26639e+11,8.03894e+10
1.43272e+06,141492,27085.9,1.26438e+11,8.07061e+10
1.43903e+06,142707,27441.5,1.26235e+11,8.10223e+10
1.44534e+06,143927,27800.2,1.26032e+11,8.1338e+10
1.45165e+06,145152,28161.9,1.25828e+11,8.16531e+10
1.45796e+06,146381,28526.7,1.25624e+11,8.19678e+10
1.46427e+06,147615,28894.6,1.25418e+11,8.22819e+10
1.47058e+06,148854,29265.6,1.25212e+11,8.25956e+10
1.4769e+06,150098,29639.7,1.25005e+11,8.29087e+10
1.48321e+06,151346,30016.9,1.24797e+11,8.32213e+10
1.48952e+06,152599,30397.2,1.24588e+11,8.35333e+10
1.49583e+06,153857,30780.7,1.24379e+11,8.38449e+10
1.50214e+06,155120,31167.4,1.24168e+11,8.41559e+10
1.50845e+06,156387,31557.2,1.23957e+11,8.44664e+10
1.51476e+06,157658,31950.1,1.23746e+11,8.47763e+10
1.52108e+06,158935,32346.3,1.23533e+11,8.50858e+10
1.52739e+06,160216,32745.7,1.2332e+11,8.53947e+10
1.5337e+06,161502,33148.2,1.23106e+11,8.5703e+10
1.54001e+06,162792,33554,1.22891e+11,8.60109e+10
1.54632e+06,164087,33963.1,1.22675e+11,8.63182e+10
1.55263e+06,165386,34375.4,1.22459e+11,8.66249e+10
1.55895e+06,166691,34790.9,1.22241e+11,8.69311e+10
1.56526e+06,167999,35209.7,1.22024e+11,8.72368e+10
1.57157e+06,169313,35631.8,1.21805e+11,8.75419e+10
1.57788e+06,170631,36057.2,1.21585e+11,8.78464e+10
1.58419e+06,171953,36485.9,1.21365e+11,8.81505e+10
1.5905e+06,173280,36917.9,1.21144e+11,8.84539e+10
1.59681e+06,174612,37353.2,1.20922e+11,8.87568e+10
1.60313e+06,175948,37791.9,1.207e+11,8.90592e+10
1.60944e+06,177289,38233.9,1.20477e+11,8.9361e+10
1.61575e+06,178634,38679.3,1.20253e+11,8.96622e+10
1.62206e+06,179984,39128.1,1.20028e+11,8.99629e+10
1.62837e+06,181338,39580.2,1.19802e+11,9.0263e+10
1.63468e+06,182697,40035.7,1.19576e+11,9.05625e+10
1.641e+06,184060,40494.7,1.19349e+11,9.08615e+10
1.64731e+06,185428,40957,1.19121e+11,9.11599e+10
1.65362e+06,186800,41422.8,1.18893e+11,9.14578e+10
1.65993e+06,188177,41892,1.18663e+11,9.1755e+10
1.66624e+06,189558,42364.7,1.18433e+11,9.20517e+10
1.67255e+06,190944,42840.9,1.18203e+11,9.23478e+10
1.67886e+06,192334,43320.5,1.17971e+11,9.26434e+10
1.68518e+06,193728,43803.6,1.17739e+11,9.29383e+10
1.69149e+06,195127,44290.2,1.17506e+11,9.32327e+10
1.6978e+06,196531,44780.3,1.17272e+11,9.35265e+10
1.70411e+06,197938,45273.9,1.17038e+11,9.38197e+10
1.71042e+06,199351,45771,1.16803e+11,9.41123e+10
1.71673e+06,200767,46271.7,1.16567e+11,9.44043e+10
1.72304e+06,202188,46775.9,1.1633e+11,9.46958e+10
1.72936e+06,203614,47283.7,1.16093e+11,9.49866e+10
1.73567e+06,205043,47795.1,1.15855e+11,9.52769e+10
1.74198e+06,206477,48310.1,1.15616e+11,9.55665e+10
1.74829e+06,207916,48828.6,1.15376e+11,9.58556e+10
1.7546e+06,209359,49350.8,1.15136e+11,9.6144e+10
1.76091e+06,210806,49876.5,1.14895e+11,9.64319e+10
1.76723e+06,212257,50405.9,1.14653e+11,9.67191e+10
1.77354e+06,213713,50939,1.14411e+11,9.70057e+10
1.77985e+06,215173,51475.6,1.14168e+11,9.72918e+10
1.78616e+06,216637,52016,1.13924e+11,9.75772e+10
1.79247e+06,218106,52560,1.13679e+11,9.7862e+10
1.79878e+06,219579,53107.7,1.13434e+11,9.81462e+10
1.80509e+06,221056,53659.1,1.13188e+11,9.84298e+10
1.81141e+06,222537,54214.2,1.12942e+11,9.87128e+10
1.81772e+06,224023,54773,1.12694e+11,9.89951e+10
1.82403e+06,225513,55335.5,1.12446e+11,9.92768e+10
1.83034e+06,227007,55901.8,1.12197e+11,9.95579e+10
1.83665e+06,228505,56471.8,1.11948e+11,9.98384e+10
1.84296e+06,230008,57045.5,1.11697e+11,1.00118e+11
1.84928e+06,231514,57623,1.11447e+11,1.00398e+11
1.85559e+06,233025,58204.3,1.11195e+11,1.00676e+11
1.8619e+06,234541,58789.4,1.10943e+11,1.00954e+11
1.86821e+06,236060,59378.3,1.1069e+11,1.01231e+11
1.87452e+06,237583,59971,1.10436e+11,1.01508e+11
1.88083e+06,239111,60567.5,1.10182e+11,1.01784e+11
1.88714e+06,240643,61167.8,1.09926e+11,1.0206e+11
1.89346e+06,242179,61772,1.09671e+11,1.02334e+11
1.89977e+06,243719,62380,1.09414e+11,1.02609e+11
1.90608e+06,245263,62991.9,1.09157e+11,1.02882e+11
1.91239e+06,246811,63607.7,1.08899e+11,1.03155e+11
1.9187e+06,248363,64227.3,1.08641e+11,1.03427e+11
1.92501e+06,249920,64850.8,1.08382e+11,1.03699e+11
1.93133e+06,251480,65478.3,1.08122e+11,1.0397e+11
1.93764e+06,253045,66109.6,1.07861e+11,1.0424e+11
1.94395e+06,254613,66744.9,1.076e+11,1.0451e+11
1.95026e+06,256186,67384,1.07338e+11,1.04778e+11
1.95657e+06,257763,68027.2,1.07076e+11,1.05047e+11
1.96288e+06,259343,68674.3,1.06812e+11,1.05314e+11
1.96919e+06,260928,69325.3,1.06548e+11,1.05581e+11
1.97551e+06,262517,69980.3,1.06284e+11,1.05848e+11
1.98182e+06,264110,70639.3,1.06019e+11,1.06113e+11
1.98813e+06,265706,71302.3,1.05753e+11,1.06378e+11
1.99444e+06,267307,71969.3,1.05486e+11,1.06643e+11
2.00075e+06,268912,72640.3,1.05219e+11,1.06906e+11
2.00706e+06,270521,73315.3,1.04951e+11,1.07169e+11
2.01337e+06,272133,73994.3,1.04682e+11,1.07432e+11
2.01969e+06,273750,74677.4,1.04413e+11,1.07693e+11
2.026e+06,275370,75364.6,1.04143e+11,1.07954e+11
2.03231e+06,276995,76055.8,1.03873e+11,1.08215e+11
2.03862e+06,278623,76751,1.03602e+11,1.08474e+11
2.04493e+06,280255,77450.4,1.0333e+11,1.08733e+11
2.05124e+06,281891,78153.8,1.03057e+11,1.08991e+11
2.05756e+06,283531,78861.3,1.02784e+11,1.09249e+11
2.06387e+06,285175,79573,1.02511e+11,1.09506e+11
2.07018e+06,286822,80288.8,1.02236e+11,1.09762e+11
2.07649e+06,288474,81008.7,1.01961e+11,1.10018e+11
2.0828e+06,290129,81732.7,1.01686e+11,1.10273e+11
2.08911e+06,291788,82460.9,1.01409e+11,1.10527e+11
2.09542e+06,293451,83193.2,1.01132e+11,1.1078e+11
2.10174e+06,295118,83929.7,1.00855e+11,1.11033e+11
2.10805e+06,296789,84670.4,1.00577e+11,1.11285e+11
2.11436e+06,298463,85415.3,1.00298e+11,1.11536e+11
2.12067e+06,300141,86164.3,1.00018e+11,1.11787e+11
2.12698e+06,301823,86917.6,9.97382e+10,1.12037e+11
2.13329e+06,303509,87675.1,9.94575e+10,1.12286e+11
2.13961e+06,305198,88436.8,9.91762e+10,1.12535e+11
2.14592e+06,306891,89202.7,9.88943e+10,1.12783e+11
2.15223e+06,308588,89972.9,9.86117e+10,1.1303e+11
2.15854e+06,310289,90747.3,9.83285e+10,1.13276e+11
2.16485e+06,311993,91526,9.80447e+10,1.13522e+11
2.17116e+06,313701,92309,9.77603e+10,1.13767e+11
2.17747e+06,315413,93096.2,9.74753e+10,1.14011e+11
2.18379e+06,317128,93887.7,9.71896e+10,1.14255e+11
2.1901e+06,318847,94683.6,9.69034e+10,1.14498e+11
2.19641e+06,320569,95483.7,9.66165e+10,1.1474e+11
2.20272e+06,322296,96288.1,9.6329e+10,1.14981e+11
2.20903e+06,324025,97096.9,9.6041e+10,1.15222e+11
2.21534e+06,325759,97910,9.57523e+10,1.15462e+11
2.22166e+06,327496,98727.5,9.5463e+10,1.15701e+11
2.22797e+06,329237,99549.3,9.51732e+10,1.1594e+11
2.23428e+06,330981,100375,9.48827e+10,1.16178e+11
2.24059e+06,332729,101206,9.45917e+10,1.16415e+11
2.2469e+06,334480,102041,9.43e+10,1.16651e+11
2.25321e+06,336235,102880,9.40078e+10,1.16887e+11
2.25952e+06,337993,103724,9.3715e+10,1.17122e+11
2.26584e+06,339755,104572,9.34215e+10,1.17356e+11
2.27215e+06,341521,105424,9.31275e+10,1.17589e+11
2.27846e+06,343290,106281,9.2833e+10,1.17822e+11
2.28477e+06,345062,107143,9.25378e+10,1.18054e+11
2.29108e+06,346838,108009,9.22421e+10,1.18285e+11
2.29739e+06,348617,108879,9.19457e+10,1.18516e+11
2.3037e+06,350400,109754,9.16488e+10,1.18745e+11
2.31002e+06,352187,110633,9.13514e+10,1.18974e+11
2.31633e+06,353976,111516,9.10533e+10,1.19203e+11
2.32264e+06,355770,112405,9.07547e+10,1.1943e+11
2.32895e+06,357566,113297,9.04555e+10,1.19657e+11
2.33526e+06,359366,114194,9.01558e+10,1.19883e+11
2.34157e+06,361170,115096,8.98555e+10,1.20108e+11
2.34789e+06,362976,116002,8.95546e+10,1.20333e+11
2.3542e+06,364786,116913,8.92532e+10,1.20556e+11
2.36051e+06,366600,117828,8.89512e+10,1.20779e+11
2.36682e+06,368417,118748,8.86486e+10,1.21002e+11
2.37313e+06,370237,119672,8.83455e+10,1.21223e+11
2.37944e+06,372060,120601,8.80419e+10,1.21444e+11
2.38575e+06,373887,121534,8.77376e+10,1.21664e+11
2.39207e+06,375717,122472,8.74329e+10,1.21883e+11
2.39838e+06,377551,123415,8.71276e+10,1.22101e+11
2.40469e+06,379387,124362,8.68217e+10,1.22319e+11
2.411e+06,381227,125314,8.65153e+10,1.22536e+11
2.41731e+06,383070,126270,8.62084e+10,1.22752e+11
2.42362e+06,384917,127231,8.59009e+10,1.22968e+11
2.42994e+06,386767,128197,8.55929e+10,1.23182e+11
2.43625e+06,388619,129167,8.52843e+10,1.23396e+11
2.44256e+06,390476,130142,8.49752e+10,1.23609e+11
2.44887e+06,392335,131122,8.46656e+10,1.23821e+11
2.45518e+06,394197,132106,8.43555e+10,1.24033e+11
2.46149e+06,396063,133095,8.40448e+10,1.24244e+11
2.4678e+06,397932,134088,8.37336e+10,1.24454e+11
2.47412e+06,399804,135087,8.34218e+10,1.24663e+11
2.48043e+06,401679,136090,8.31096e+10,1.24871e+11
2.48674e+06,403557,137097,8.27968e+10,1.25079e+11
2.49305e+06,405438,138110,8.24835e+10,1.25285e+11
2.49936e+06,407323,139127,8.21697e+10,1.25492e+11
2.50567e+06,409210,140148,8.18554e+10,1.25697e+11
2.51198e+06,411101,141175,8.15405e+10,1.25901e+11
2.5183e+06,412995,142206,8.12252e+10,1.26105e+11
2.52461e+06,414891,143242,8.09093e+10,1.26308e+11
2.53092e+06,416791,144283,8.0593e+10,1.2651e+11
2.53723e+06,418694,145328,8.02761e+10,1.26711e+11
2.54354e+06,420600,146379,7.99587e+10,1.26912e+11
2.54985e+06,422509,147434,7.96409e+10,1.27111e+11
2.55617e+06,424420,148493,7.93225e+10,1.2731e+11
2.56248e+06,426335,149558,7.90036e+10,1.27508e+11
2.56879e+06,428253,150627,7.86843e+10,1.27706e+11
2.5751e+06,430174,151702,7.83644e+10,1.27902e+11
2.58141e+06,432097,152781,7.80441e+10,1.28098e+11
2.58772e+06,434024,153864,7.77232e+10,1.28293e+11
2.59403e+06,435954,154953,7.74019e+10,1.28487e+11
2.60035e+06,437886,156047,7.70801e+10,1.2868e+11
2.60666e+06,439821,157145,7.67578e+10,1.28873e+11
2.61297e+06,441760,158248,7.6435e+10,1.29065e+11
2.61928e+06,443701,159356,7.61118e+10,1.29255e+11
2.62559e+06,445645,160469,7.57881e+10,1.29446e+11
2.6319e+06,447591,161587,7.54639e+10,1.29635e+11
2.63822e+06,449541,162709,7.51392e+10,1.29823e+11
2.64453e+06,451494,163837,7.48141e+10,1.30011e+11
2.65084e+06,453449,164969,7.44884e+10,1.30198e+11
2.65715e+06,455407,166106,7.41624e+10,1.30384e+11
2.66346e+06,457368,167249,7.38358e+10,1.30569e+11
2.66977e+06,459332,168396,7.35088e+10,1.30753e+11
2.67608e+06,461298,169548,7.31814e+10,1.30937e+11
2.6824e+06,463267,170705,7.28534e+10,1.3112e+11
2.68871e+06,465239,171867,7.25251e+10,1.31302e+11
2.69502e+06,467214,173033,7.21962e+10,1.31483e+11
2.70133e+06,469191,174205,7.18669e+10,1.31663e+11
2.70764e+06,471171,175382,7.15372e+10,1.31842e+11
2.71395e+06,473154,176564,7.1207e+10,1.32021e+11
2.72027e+06,475140,177750,7.08764e+10,1.32199e+11
2.72658e+06,477128,178942,7.05453e+10,1.32376e+11
2.73289e+06,479118,180139,7.02138e+10,1.32552e+11
2.7392e+06,481112,181340,6.98818e+10,1.32727e+11
2.74551e+06,483108,182547,6.95494e+10,1.32902e+11
2.75182e+06,485107,183758,6.92166e+10,1.33075e+11
2.75813e+06,487108,184975,6.88833e+10,1.33248e+11
2.76445e+06,489112,186196,6.85496e+10,1.3342e+11
2.77076e+06,491118,187423,6.82155e+10,1.33591e+11
2.77707e+06,493127,188655,6.7881e+10,1.33762e+11
2.78338e+06,495139,189891,6.7546e+10,1.33931e+11
2.78969e+06,497153,191133,6.72106e+10,1.341e+11
2.796e+06,499169,192380,6.68748e+10,1.34267e+11
2.80231e+06,501188,193632,6.65385e+10,1.34434e+11
2.80863e+06,503210,194888,6.62019e+10,1.346e+11
2.81494e+06,505234,196150,6.58648e+10,1.34766e+11
2.82125e+06,507261,197417,6.55273e+10,1.3493e+11
2.82756e+06,509290,198689,6.51894e+10,1.35094e+11
2.83387e+06,511321,199967,6.48511e+10,1.35256e+11
2.84018e+06,513355,201249,6.45124e+10,1.35418e+11
2.8465e+06,515392,202536,6.41733e+10,1.35579e+11
2.85281e+06,517430,203829,6.38338e+10,1.3574e+11
2.85912e+06,519472,205126,6.34939e+10,1.35899e+11
2.86543e+06,521515,206429,6.31536e+10,1.36057e+11
2.87174e+06,523561,207736,6.28129e+10,1.36215e+11
2.87805e+06,525610,209049,6.24718e+10,1.36372e+11
2.88436e+06,527660,210367,6.21303e+10,1.36528e+11
2.89068e+06,529713,211690,6.17884e+10,1.36683e+11
2.89699e+06,531769,213019,6.14461e+10,1.36837e+11
2.9033e+06,533826,214352,6.11035e+10,1.3699e+11
2.90961e+06,535886,215691,6.07604e+10,1.37143e+11
2.91592e+06,537948,217035,6.0417e+10,1.37294e+11
2.92223e+06,540013,218383,6.00732e+10,1.37445e+11
2.92855e+06,542080,219737,5.9729e+10,1.37595e+11
2.93486e+06,544149,221097,5.93845e+10,1.37744e+11
2.94117e+06,546220,222461,5.90396e+10,1.37892e+11
2.94748e+06,548293,223831,5.86943e+10,1.3804e+11
2.95379e+06,550369,225206,5.83486e+10,1.38186e+11
2.9601e+06,552447,226586,5.80026e+10,1.38332e+11
2.96641e+06,554527,227971,5.76562e+10,1.38476e+11
2.97273e+06,556609,229361,5.73095e+10,1.3862e+11
2.97904e+06,558693,230757,5.69624e+10,1.38763e+11
2.98535e+06,560780,232158,5.66149e+10,1.38905e+11
2.99166e+06,562869,233564,5.62671e+10,1.39047e+11
2.99797e+06,564959,234975,5.59189e+10,1.39187e+11
3.00428e+06,567052,236392,5.55704e+10,1.39327e+11
3.0106e+06,569147,237813,5.52216e+10,1.39465e+11
3.01691e+06,571244,239240,5.48723e+10,1.39603e+11
3.02322e+06,573343,240673,5.45228e+10,1.3974e+11
3.02953e+06,575444,242110,5.41729e+10,1.39876e+11
3.03584e+06,577548,243553,5.38227e+10,1.40011e+11
3.04215e+06,579653,245001,5.34721e+10,1.40145e+11
3.04846e+06,581760,246454,5.31212e+10,1.40279e+11
3.05478e+06,583869,247913,5.27699e+10,1.40411e+11
3.06109e+06,585980,249377,5.24184e+10,1.40543e+11
3.0674e+06,588094,250846,5.20665e+10,1.40674e+11
3.07371e+06,590209,252321,5.17142e+10,1.40803e+11
3.08002e+06,592326,253800,5.13617e+10,1.40932e+11
3.08633e+06,594445,255285,5.10088e+10,1.4106e+11
3.09264e+06,596566,256776,5.06556e+10,1.41188e+11
3.09896e+06,598689,258272,5.03021e+10,1.41314e+11
3.10527e+06,600813,259773,4.99483e+10,1.41439e+11
3.11158e+06,602940,261279,4.95942e+10,1.41564e+11
3.11789e+06,605068,262790,4.92397e+10,1.41688e+11
3.1242e+06,607199,264307,4.8885e+10,1.41811e+11
3.13051e+06,609331,265830,4.85299e+10,1.41932e+11
3.13683e+06,611465,267357,4.81745e+10,1.42053e+11
3.14314e+06,613601,268890,4.78189e+10,1.42174e+11
3.14945e+06,615738,270429,4.74629e+10,1.42293e+11
3.15576e+06,617878,271972,4.71066e+10,1.42411e+11
3.16207e+06,620019,273521,4.67501e+10,1.42529e+11
3.16838e+06,622162,275076,4.63932e+10,1.42645e+11
3.17469e+06,624306,276636,4.60361e+10,1.42761e+11
3.18101e+06,626453,278201,4.56786e+10,1.42876e+11
3.18732e+06,628601,279771,4.53209e+10,1.42989e+11
3.19363e+06,630751,281347,4.49629e+10,1.43102e+11
3.19994e+06,632902,282928,4.46046e+10,1.43214e+11
3.20625e+06,635055,284515,4.42461e+10,1.43326e+11
3.21256e+06,637210,286107,4.38872e+10,1.43436e+11
3.21888e+06,639367,287705,4.35281e+10,1.43545e+11
3.22519e+06,641525,289307,4.31687e+10,1.43654e+11
3.2315e+06,643684,290916,4.28091e+10,1.43761e+11
3.23781e+06,645846,292529,4.24492e+10,1.43868e+11
3.24412e+06,648009,294148,4.2089e+10,1.43974e+11
3.25043e+06,650173,295773,4.17285e+10,1.44079e+11
3.25674e+06,652339,297403,4.13678e+10,1.44183e+11
3.26306e+06,654507,299038,4.10068e+10,1.44286e+11
3.26937e+06,656676,300679,4.06456e+10,1.44388e+11
3.27568e+06,658847,302325,4.02841e+10,1.44489e+11
3.28199e+06,661019,303977,3.99224e+10,1.4459e+11
3.2883e+06,663193,305634,3.95604e+10,1.44689e+11
3.29461e+06,665368,307296,3.91981e+10,1.44788e+11
3.30092e+06,667545,308964,3.88357e+10,1.44885e+11
3.30724e+06,669723,310638,3.84729e+10,1.44982e+11
3.31355e+06,671903,312316,3.811e+10,1.45078e+11
3.31986e+06,674084,314001,3.77468e+10,1.45173e+11
3.32617e+06,676266,315690,3.73833e+10,1.45267e+11
3.33248e+06,678450,317386,3.70197e+10,1.4536e+11
3.33879e+06,680635,319086,3.66557e+10,1.45452e+11
3.34511e+06,682822,320793,3.62916e+10,1.45543e+11
3.35142e+06,685010,322504,3.59272e+10,1.45634e+11
3.35773e+06,687199,324221,3.55627e+10,1.45723e+11
3.36404e+06,689390,325944,3.51978e+10,1.45812e+11
3.37035e+06,691582,327672,3.48328e+10,1.45899e+11
3.37666e+06,693775,329406,3.44676e+10,1.45986e+11
3.38297e+06,695970,331145,3.41021e+10,1.46072e+11
3.38929e+06,698166,332889,3.37364e+10,1.46157e+11
3.3956e+06,700363,334639,3.33705e+10,1.46241e+11
3.40191e+06,702562,336395,3.30044e+10,1.46324e+11
3.40822e+06,704761,338156,3.26381e+10,1.46406e+11
3.41453e+06,706962,339922,3.22716e+10,1.46487e+11
3.42084e+06,709164,341694,3.19049e+10,1.46567e+11
3.42716e+06,711368,343472,3.1538e+10,1.46647e+11
3.43347e+06,713572,345255,3.11709e+10,1.46725e+11
3.43978e+06,715778,347044,3.08036e+10,1.46803e+11
3.44609e+06,717985,348838,3.04361e+10,1.46879e+11
3.4524e+06,720193,350638,3.00684e+10,1.46955e+11
3.45871e+06,722402,352443,2.97005e+10,1.4703e+11
3.46502e+06,724612,354253,2.93324e+10,1.47104e+11
3.47134e+06,726823,356070,2.89642e+10,1.47177e+11
3.47765e+06,729036,357891,2.85957e+10,1.47249e+11
3.48396e+06,731249,359719,2.82271e+10,1.4732e+11
3.49027e+06,733464,361552,2.78584e+10,1.4739e+11
3.49658e+06,735680,363390,2.74894e+10,1.47459e+11
3.50289e+06,737896,365234,2.71203e+10,1.47528e+11
3.50921e+06,740114,367084,2.6751e+10,1.47595e+11
3.51552e+06,742333,368939,2.63815e+10,1.47662e+11
3.52183e+06,744552,370799,2.60119e+10,1.47727e+11
3.52814e+06,746773,372665,2.56421e+10,1.47792e+11
3.53445e+06,748994,374537,2.52721e+10,1.47856e+11
3.54076e+06,751217,376414,2.4902e+10,1.47918e+11
3.54707e+06,753441,378297,2.45317e+10,1.4798e+11
3.55339e+06,755665,380186,2.41613e+10,1.48041e+11
3.5597e+06,757890,382080,2.37907e+10,1.48101e+11
3.56601e+06,760116,383979,2.342e+10,1.4816e+11
3.57232e+06,762344,385884,2.30491e+10,1.48218e+11
3.57863e+06,764572,387795,2.26781e+10,1.48276e+11
3.58494e+06,766800,389711,2.23069e+10,1.48332e+11
3.59125e+06,769030,391633,2.19356e+10,1.48387e+11
3.59757e+06,771261,393561,2.15642e+10,1.48442e+11
3.60388e+06,773492,395494,2.11926e+10,1.48495e+11
3.61019e+06,775724,397432,2.08209e+10,1.48548e+11
3.6165e+06,777957,399377,2.04491e+10,1.48599e+11
3.62281e+06,780190,401326,2.00771e+10,1.4865e+11
3.62912e+06,782425,403282,1.9705e+10,1.487e+11
3.63544e+06,784660,405243,1.93328e+10,1.48749e+11
3.64175e+06,786896,407209,1.89605e+10,1.48797e+11
3.64806e+06,789132,409181,1.8588e+10,1.48844e+11
3.65437e+06,791370,411159,1.82155e+10,1.4889e+11
3.66068e+06,793608,413143,1.78428e+10,1.48935e+11
3.66699e+06,795846,415132,1.747e+10,1.48979e+11
3.6733e+06,798086,417126,1.70971e+10,1.49022e+11
3.67962e+06,800326,419126,1.67241e+10,1.49065e+11
3.68593e+06,802566,421132,1.6351e+10,1.49106e+11
3.69224e+06,804807,423143,1.59777e+10,1.49146e+11
3.69855e+06,807049,425160,1.56044e+10,1.49186e+11
3.70486e+06,809291,427183,1.5231e+10,1.49224e+11
3.71117e+06,811534,429211,1.48575e+10,1.49262e+11
3.71749e+06,813778,431245,1.44839e+10,1.49299e+11
3.7238e+06,816022,433285,1.41102e+10,1.49335e+11
3.73011e+06,818267,435330,1.37364e+10,1.49369e+11
3.73642e+06,820512,437380,1.33626e+10,1.49403e+11
3.74273e+06,822757,439437,1.29886e+10,1.49436e+11
3.74904e+06,825003,441499,1.26146e+10,1.49468e+11
3.75535e+06,827250,443566,1.22405e+10,1.49499e+11
3.76167e+06,829497,445639,1.18663e+10,1.4953e+11
3.76798e+06,831744,447718,1.1492e+10,1.49559e+11
3.77429e+06,833992,449803,1.11177e+10,1.49587e+11
3.7806e+06,836241,451893,1.07433e+10,1.49614e+11
3.78691e+06,838489,453988,1.03688e+10,1.49641e+11
3.79322e+06,840738,456090,9.99425e+09,1.49666e+11
3.79954e+06,842988,458197,9.61965e+09,1.49691e+11
3.80585e+06,845238,460309,9.24499e+09,1.49715e+11
3.81216e+06,847488,462427,8.87027e+09,1.49737e+11
3.81847e+06,849738,464551,8.49549e+09,1.49759e+11
3.82478e+06,851989,466681,8.12066e+09,1.4978e+11
3.83109e+06,854240,468816,7.74579e+09,1.498e+11
3.8374e+06,856492,470956,7.37086e+09,1.49818e+11
3.84372e+06,858744,473103,6.99589e+09,1.49836e+11
3.85003e+06,860996,475255,6.62087e+09,1.49853e+11
3.85634e+06,863248,477412,6.24581e+09,1.4987e+11
3.86265e+06,865500,479576,5.87071e+09,1.49885e+11
3.86896e+06,867753,481745,5.49558e+09,1.49899e+11
3.87527e+06,870006,483919,5.12041e+09,1.49912e+11
3.88158e+06,872259,486099,4.74521e+09,1.49925e+11
3.8879e+06,874512,488285,4.36998e+09,1.49936e+11
3.89421e+06,876766,490477,3.99472e+09,1.49946e+11
3.90052e+06,879019,492674,3.61944e+09,1.49956e+11
3.90683e+06,881273,494876,3.24413e+09,1.49965e+11
3.91314e+06,883527,497085,2.86881e+09,1.49972e+11
3.91945e+06,885781,499299,2.49346e+09,1.49979e+11
3.92577e+06,888035,501519,2.11811e+09,1.49985e+11
3.93208e+06,890289,503744,1.74273e+09,1.4999e+11
3.93839e+06,892543,505975,1.36735e+09,1.49993e+11
3.9447e+06,894797,508211,9.91957e+08,1.49996e+11
3.95101e+06,897052,510454,6.16559e+08,1.49998e+11
3.95732e+06,899306,512702,2.41157e+08,1.49999e+11
3.96363e+06,901560,514955,-1.34247e+08,1.5e+11
3.96995e+06,903815,517214,-5.0965e+08,1.49999e+11
3.97626e+06,906069,519479,-8.85049e+08,1.49997e+11
3.98257e+06,908323,521749,-1.26044e+09,1.49994e+11
3.98888e+06,910577,524026,-1.63583e+09,1.49991e+11
3.99519e+06,912831,526307,-2.01121e+09,1.49986e+11
4.0015e+06,915086,528595,-2.38657e+09,1.49981e+11
4.00782e+06,917340,530888,-2.76192e+09,1.49974e+11
4.01413e+06,919593,533186,-3.13725e+09,1.49967e+11
4.02044e+06,921847,535491,-3.51256e+09,1.49958e+11
4.02675e+06,924101,537801,-3.88785e+09,1.49949e+11
4.03306e+06,926354,540116,-4.26311e+09,1.49939e+11
4.03937e+06,928608,542437,-4.63835e+09,1.49928e+11
4.04568e+06,930861,544764,-5.01356e+09,1.49916e+11
4.052e+06,933114,547097,-5.38874e+09,1.49903e+11
4.05831e+06,935366,549435,-5.76388e+09,1.49889e+11
4.06462e+06,937619,551779,-6.13899e+09,1.49874e+11
4.07093e+06,939871,554128,-6.51406e+09,1.49858e+11
4.07724e+06,942123,556483,-6.88909e+09,1.49841e+11
4.08355e+06,944375,558844,-7.26407e+09,1.49824e+11
4.08986e+06,946627,561210,-7.63901e+09,1.49805e+11
4.09618e+06,948878,563582,-8.01391e+09,1.49785e+11
4.10249e+06,951129,565960,-8.38875e+09,1.49765e+11
4.1088e+06,953379,568343,-8.76354e+09,1.49743e+11
4.11511e+06,955630,570732,-9.13827e+09,1.49721e+11
4.12142e+06,957880,573126,-9.51295e+09,1.49698e+11
4.12773e+06,960129,575526,-9.88757e+09,1.49673e+11
4.13405e+06,962378,577932,-1.02621e+10,1.49648e+11
4.14036e+06,964627,580343,-1.06366e+10,1.49622e+11
4.14667e+06,966876,582760,-1.1011e+10,1.49595e+11
4.15298e+06,969124,585183,-1.13854e+10,1.49567e+11
4.15929e+06,971371,587611,-1.17597e+10,1.49538e+11
4.1656e+06,973618,590045,-1.21339e+10,1.49508e+11
4.17191e+06,975865,592484,-1.2508e+10,1.49477e+11
4.17823e+06,978111,594930,-1.28821e+10,1.49445e+11
4.18454e+06,980357,597380,-1.32561e+10,1.49413e+11
4.19085e+06,982602,599837,-1.363e+10,1.49379e+11
4.19716e+06,984847,602299,-1.40038e+10,1.49344e+11
4.20347e+06,987091,604766,-1.43775e+10,1.49309e+11
4.20978e+06,989335,607239,-1.47511e+10,1.49272e+11
4.2161e+06,991578,609718,-1.51246e+10,1.49235e+11
4.22241e+06,993821,612203,-1.54981e+10,1.49197e+11
4.22872e+06,996063,614693,-1.58714e+10,1.49158e+11
4.23503e+06,998304,617188,-1.62447e+10,1.49117e+11
4.24134e+06,1.00054e+06,619690,-1.66178e+10,1.49076e+11
4.24765e+06,1.00278e+06,622197,-1.69909e+10,1.49034e+11
4.25396e+06,1.00502e+06,624709,-1.73638e+10,1.48991e+11
4.26028e+06,1.00726e+06,627227,-1.77366e+10,1.48947e+11
4.26659e+06,1.0095e+06,629751,-1.81093e+10,1.48902e+11
4.2729e+06,1.01174e+06,632280,-1.84819e+10,1.48857e+11
4.27921e+06,1.01398e+06,634815,-1.88544e+10,1.4881e+11
4.28552e+06,1.01621e+06,637355,-1.92268e+10,1.48762e+11
4.29183e+06,1.01845e+06,639902,-1.9599e+10,1.48714e+11
4.29815e+06,1.02068e+06,642453,-1.99712e+10,1.48664e+11
4.30446e+06,1.02292e+06,645010,-2.03432e+10,1.48614e+11
4.31077e+06,1.02515e+06,647573,-2.0715e+10,1.48562e+11
4.31708e+06,1.02738e+06,650142,-2.10868e+10,1.4851e+11
4.32339e+06,1.02961e+06,652716,-2.14584e+10,1.48457e+11
4.3297e+06,1.03184e+06,655295,-2.18299e+10,1.48403e+11
4.33601e+06,1.03407e+06,657881,-2.22012e+10,1.48347e+11
4.34233e+06,1.0363e+06,660471,-2.25724e+10,1.48291e+11
4.34864e+06,1.03853e+06,663068,-2.29434e+10,1.48234e+11
4.35495e+06,1.04076e+06,665670,-2.33144e+10,1.48177e+11
4.36126e+06,1.04298e+06,668277,-2.36851e+10,1.48118e+11
4.36757e+06,1.04521e+06,670890,-2.40557e+10,1.48058e+11
4.37388e+06,1.04743e+06,673509,-2.44262e+10,1.47997e+11
4.38019e+06,1.04966e+06,676133,-2.47965e+10,1.47936e+11
4.38651e+06,1.05188e+06,678763,-2.51667e+10,1.47873e+11
4.39282e+06,1.0541e+06,681398,-2.55367e+10,1.4781e+11
4.39913e+06,1.05632e+06,684039,-2.59065e+10,1.47745e+11
4.40544e+06,1.05854e+06,686686,-2.62762e+10,1.4768e+11
4.41175e+06,1.06076e+06,689338,-2.66457e+10,1.47614e+11
4.41806e+06,1.06298e+06,691995,-2.70151e+10,1.47547e+11
4.42438e+06,1.0652e+06,694658,-2.73843e+10,1.47479e+11
4.43069e+06,1.06741e+06,697327,-2.77533e+10,1.4741e+11
4.437e+06,1.06963e+06,700001,-2.81221e+10,1.4734e+11
4.44331e+06,1.07184e+06,702681,-2.84908e+10,1.47269e+11
4.44962e+06,1.07405e+06,705366,-2.88592e+10,1.47197e+11
4.45593e+06,1.07627e+06,708057,-2.92275e+10,1.47124e+11
4.46224e+06,1.07848e+06,710753,-2.95957e+10,1.47051e+11
4.46856e+06,1.08069e+06,713455,-2.99636e+10,1.46976e+11
4.47487e+06,1.08289e+06,716162,-3.03313e+10,1.46901e+11
4.48118e+06,1.0851e+06,718875,-3.06989e+10,1.46824e+11
4.48749e+06,1.08731e+06,721594,-3.10662e+10,1.46747e+11
4.4938e+06,1.08951e+06,724318,-3.14334e+10,1.46669e+11
4.50011e+06,1.09172e+06,727047,-3.18004e+10,1.4659e+11
4.50643e+06,1.09392e+06,729782,-3.21671e+10,1.4651e+11
4.51274e+06,1.09612e+06,732523,-3.25337e+10,1.46429e+11
4.51905e+06,1.09832e+06,735269,-3.29001e+10,1.46347e+11
4.52536e+06,1.10052e+06,738020,-3.32662e+10,1.46264e+11
4.53167e+06,1.10272e+06,740777,-3.36322e+10,1.4618e+11
4.53798e+06,1.10491e+06,743540,-3.39979e+10,1.46096e+11
4.54429e+06,1.10711e+06,746308,-3.43635e+10,1.4601e+11
4.55061e+06,1.1093e+06,749082,-3.47288e+10,1.45924e+11
4.55692e+06,1.11149e+06,751861,-3.50939e+10,1.45836e+11
4.56323e+06,1.11368e+06,754645,-3.54587e+10,1.45748e+11
4.56954e+06,1.11587e+06,757435,-3.58234e+10,1.45659e+11
4.57585e+06,1.11806e+06,760230,-3.61878e+10,1.45569e+11
4.58216e+06,1.12025e+06,763031,-3.6552e+10,1.45478e+11
4.58848e+06,1.12244e+06,765838,-3.6916e+10,1.45386e+11
4.59479e+06,1.12462e+06,768650,-3.72797e+10,1.45293e+11
4.6011e+06,1.1268e+06,771467,-3.76432e+10,1.45199e+11
4.60741e+06,1.12898e+06,774290,-3.80065e+10,1.45105e+11
4.61372e+06,1.13116e+06,777118,-3.83695e+10,1.45009e+11
4.62003e+06,1.13334e+06,779952,-3.87323e+10,1.44912e+11
4.62634e+06,1.13552e+06,782791,-3.90949e+10,1.44815e+11
4.63266e+06,1.1377e+06,785635,-3.94572e+10,1.44717e+11
4.63897e+06,1.13987e+06,788485,-3.98192e+10,1.44618e+11
4.64528e+06,1.14204e+06,791341,-4.0181e+10,1.44517e+11
4.65159e+06,1.14421e+06,794202,-4.05426e+10,1.44416e+11
4.6579e+06,1.14638e+06,797068,-4.09039e+10,1.44315e+11
4.66421e+06,1.14855e+06,799940,-4.1265e+10,1.44212e+11
4.67052e+06,1.15072e+06,802817,-4.16257e+10,1.44108e+11
4.67684e+06,1.15288e+06,805700,-4.19863e+10,1.44003e+11
4.68315e+06,1.15505e+06,808588,-4.23465e+10,1.43898e+11
4.68946e+06,1.15721e+06,811481,-4.27065e+10,1.43791e+11
4.69577e+06,1.15937e+06,814380,-4.30663e+10,1.43684e+11
4.70208e+06,1.16153e+06,817284,-4.34257e+10,1.43576e+11
4.70839e+06,1.16368e+06,820194,-4.37849e+10,1.43467e+11
4.71471e+06,1.16584e+06,823109,-4.41438e+10,1.43357e+11
4.72102e+06,1.16799e+06,826030,-4.45025e+10,1.43246e+11
4.72733e+06,1.17014e+06,828955,-4.48608e+10,1.43134e+11
4.73364e+06,1.17229e+06,831887,-4.52189e+10,1.43021e+11
4.73995e+06,1.17444e+06,834823,-4.55767e+10,1.42908e+11
4.74626e+06,1.17659e+06,837765,-4.59342e+10,1.42793e+11
4.75257e+06,1.17874e+06,840713,-4.62914e+10,1.42678e+11
4.75889e+06,1.18088e+06,843665,-4.66484e+10,1.42561e+11
4.7652e+06,1.18302e+06,846623,-4.7005e+10,1.42444e+11
4.77151e+06,1.18516e+06,849587,-4.73614e+10,1.42326e+11
4.77782e+06,1.1873e+06,852556,-4.77174e+10,1.42207e+11
4.78413e+06,1.18943e+06,855530,-4.80732e+10,1.42087e+11
4.79044e+06,1.19157e+06,858509,-4.84286e+10,1.41966e+11
4.79676e+06,1.1937e+06,861494,-4.87838e+10,1.41845e+11
4.80307e+06,1.19583e+06,864484,-4.91386e+10,1.41722e+11
4.80938e+06,1.19796e+06,867480,-4.94931e+10,1.41599e+11
4.81569e+06,1.20009e+06,870481,-4.98474e+10,1.41474e+11
4.822e+06,1.20221e+06,873487,-5.02013e+10,1.41349e+11
4.82831e+06,1.20434e+06,876498,-5.05549e+10,1.41223e+11
4.83462e+06,1.20646e+06,879515,-5.09082e+10,1.41096e+11
4.84094e+06,1.20858e+06,882537,-5.12611e+10,1.40968e+11
4.84725e+06,1.2107e+06,885564,-5.16138e+10,1.4084e+11
4.85356e+06,1.21281e+06,888597,-5.19661e+10,1.4071e+11
4.85987e+06,1.21493e+06,891635,-5.23181e+10,1.40579e+11
4.86618e+06,1.21704e+06,894678,-5.26697e+10,1.40448e+11
4.87249e+06,1.21915e+06,897727,-5.30211e+10,1.40316e+11
4.8788e+06,1.22125e+06,900781,-5.33721e+10,1.40183e+11
4.88512e+06,1.22336e+06,903840,-5.37227e+10,1.40049e+11
4.89143e+06,1.22546e+06,906904,-5.40731e+10,1.39914e+11
4.89774e+06,1.22757e+06,909974,-5.4423e+10,1.39778e+11
4.90405e+06,1.22967e+06,913049,-5.47727e+10,1.39641e+11
4.91036e+06,1.23176e+06,916129,-5.5122e+10,1.39504e+11
4.91667e+06,1.23386e+06,919214,-5.5471e+10,1.39365e+11
4.92299e+06,1.23595e+06,922305,-5.58196e+10,1.39226e+11
4.9293e+06,1.23804e+06,925400,-5.61678e+10,1.39086e+11
4.93561e+06,1.24013e+06,928502,-5.65158e+10,1.38945e+11
4.94192e+06,1.24222e+06,931608,-5.68633e+10,1.38803e+11
4.94823e+06,1.2443e+06,934719,-5.72105e+10,1.3866e+11
4.95454e+06,1.24639e+06,937836,-5.75574e+10,1.38517e+11
4.96085e+06,1.24847e+06,940958,-5.79039e+10,1.38372e+11
4.96717e+06,1.25055e+06,944085,-5.825e+10,1.38227e+11
4.97348e+06,1.25262e+06,947218,-5.85957e+10,1.38081e+11
4.97979e+06,1.2547e+06,950355,-5.89411e+10,1.37934e+11
4.9861e+06,1.25677e+06,953498,-5.92861e+10,1.37786e+11
4.99241e+06,1.25884e+06,956646,-5.96308e+10,1.37637e+11
4.99872e+06,1.26091e+06,959799,-5.99751e+10,1.37487e+11
5.00504e+06,1.26297e+06,962957,-6.0319e+10,1.37337e+11
5.01135e+06,1.26503e+06,966121,-6.06625e+10,1.37185e+11
5.01766e+06,1.26709e+06,969289,-6.10056e+10,1.37033e+11
5.02397e+06,1.26915e+06,972463,-6.13484e+10,1.3688e+11
5.03028e+06,1.27121e+06,975642,-6.16908e+10,1.36726e+11
5.03659e+06,1.27326e+06,978826,-6.20328e+10,1.36571e+11
5.0429e+06,1.27531e+06,982015,-6.23744e+10,1.36415e+11
5.04922e+06,1.27736e+06,985209,-6.27156e+10,1.36259e+11
5.05553e+06,1.27941e+06,988409,-6.30564e+10,1.36102e+11
5.06184e+06,1.28145e+06,991613,-6.33968e+10,1.35943e+11
5.06815e+06,1.2835e+06,994823,-6.37368e+10,1.35784e+11
5.07446e+06,1.28554e+06,998038,-6.40765e+10,1.35624e+11
5.08077e+06,1.28757e+06,1.00126e+06,-6.44157e+10,1.35463e+11
5.08709e+06,1.28961e+06,1.00448e+06,-6.47545e+10,1.35302e+11
5.0934e+06,1.29164e+06,1.00771e+06,-6.50929e+10,1.35139e+11
5.09971e+06,1.29367e+06,1.01095e+06,-6.54309e+10,1.34976e+11
5.10602e+06,1.2957e+06,1.01419e+06,-6.57685e+10,1.34812e+11
5.11233e+06,1.29772e+06,1.01743e+06,-6.61057e+10,1.34647e+11
5.11864e+06,1.29974e+06,1.02068e+06,-6.64425e+10,1.34481e+11
5.12495e+06,1.30176e+06,1.02394e+06,-6.67789e+10,1.34314e+11
5.13127e+06,1.30378e+06,1.0272e+06,-6.71148e+10,1.34147e+11
5.13758e+06,1.3058e+06,1.03047e+06,-6.74503e+10,1.33978e+11
5.14389e+06,1.30781e+06,1.03374e+06,-6.77854e+10,1.33809e+11
5.1502e+06,1.30982e+06,1.03701e+06,-6.81201e+10,1.33639e+11
5.15651e+06,1.31182e+06,1.04029e+06,-6.84543e+10,1.33468e+11
5.16282e+06,1.31383e+06,1.04358e+06,-6.87881e+10,1.33296e+11
5.16913e+06,1.31583e+06,1.04687e+06,-6.91215e+10,1.33124e+11
5.17545e+06,1.31783e+06,1.05016e+06,-6.94545e+10,1.3295e+11
5.18176e+06,1.31983e+06,1.05346e+06,-6.9787e+10,1.32776e+11
5.18807e+06,1.32182e+06,1.05677e+06,-7.01191e+10,1.32601e+11
5.19438e+06,1.32381e+06,1.06008e+06,-7.04507e+10,1.32425e+11
5.20069e+06,1.3258e+06,1.0634e+06,-7.07819e+10,1.32248e+11
5.207e+06,1.32779e+06,1.06672e+06,-7.11127e+10,1.32071e+11
5.21332e+06,1.32977e+06,1.07004e+06,-7.1443e+10,1.31892e+11
5.21963e+06,1.33175e+06,1.07337e+06,-7.17728e+10,1.31713e+11
5.22594e+06,1.33373e+06,1.07671e+06,-7.21022e+10,1.31533e+11
5.23225e+06,1.33571e+06,1.08005e+06,-7.24312e+10,1.31352e+11
5.23856e+06,1.33768e+06,1.08339e+06,-7.27597e+10,1.31171e+11
5.24487e+06,1.33965e+06,1.08674e+06,-7.30878e+10,1.30988e+11
5.25118e+06,1.34162e+06,1.0901e+06,-7.34154e+10,1.30805e+11
5.2575e+06,1.34358e+06,1.09346e+06,-7.37425e+10,1.30621e+11
5.26381e+06,1.34554e+06,1.09682e+06,-7.40692e+10,1.30436e+11
5.27012e+06,1.3475e+06,1.10019e+06,-7.43954e+10,1.3025e+11
5.27643e+06,1.34946e+06,1.10357e+06,-7.47211e+10,1.30063e+11
5.28274e+06,1.35141e+06,1.10695e+06,-7.50464e+10,1.29876e+11
5.28905e+06,1.35336e+06,1.11033e+06,-7.53712e+10,1.29688e+11
5.29537e+06,1.35531e+06,1.11372e+06,-7.56955e+10,1.29499e+11
5.30168e+06,1.35725e+06,1.11712e+06,-7.60194e+10,1.29309e+11
5.30799e+06,1.35919e+06,1.12052e+06,-7.63428e+10,1.29118e+11
5.3143e+06,1.36113e+06,1.12392e+06,-7.66657e+10,1.28927e+11
5.32061e+06,1.36307e+06,1.12733e+06,-7.69881e+10,1.28734e+11
5.32692e+06,1.365e+06,1.13074e+06,-7.731e+10,1.28541e+11
5.33323e+06,1.36693e+06,1.13416e+06,-7.76315e+10,1.28347e+11
5.33955e+06,1.36886e+06,1.13759e+06,-7.79524e+10,1.28153e+11
5.34586e+06,1.37079e+06,1.14101e+06,-7.82729e+10,1.27957e+11
5.35217e+06,1.37271e+06,1.14445e+06,-7.85929e+10,1.27761e+11
5.35848e+06,1.37463e+06,1.14789e+06,-7.89124e+10,1.27564e+11
5.36479e+06,1.37654e+06,1.15133e+06,-7.92314e+10,1.27366e+11
5.3711e+06,1.37845e+06,1.15478e+06,-7.95499e+10,1.27167e+11
5.37742e+06,1.38036e+06,1.15823e+06,-7.98679e+10,1.26968e+11
5.38373e+06,1.38227e+06,1.16168e+06,-8.01855e+10,1.26767e+11
5.39004e+06,1.38417e+06,1.16515e+06,-8.05025e+10,1.26566e+11
5.39635e+06,1.38607e+06,1.16861e+06,-8.0819e+10,1.26364e+11
5.40266e+06,1.38797e+06,1.17208e+06,-8.1135e+10,1.26162e+11
5.40897e+06,1.38987e+06,1.17556e+06,-8.14505e+10,1.25958e+11
5.41528e+06,1.39176e+06,1.17904e+06,-8.17654e+10,1.25754e+11
5.4216e+06,1.39365e+06,1.18253e+06,-8.20799e+10,1.25549e+11
5.42791e+06,1.39553e+06,1.18602e+06,-8.23939e+10,1.25343e+11
5.43422e+06,1.39741e+06,1.18951e+06,-8.27073e+10,1.25137e+11
5.44053e+06,1.39929e+06,1.19301e+06,-8.30202e+10,1.24929e+11
5.44684e+06,1.40117e+06,1.19652e+06,-8.33326e+10,1.24721e+11
5.45315e+06,1.40304e+06,1.20003e+06,-8.36445e+10,1.24512e+11
5.45946e+06,1.40491e+06,1.20354e+06,-8.39558e+10,1.24302e+11
5.46578e+06,1.40678e+06,1.20706e+06,-8.42667e+10,1.24092e+11
5.47209e+06,1.40864e+06,1.21058e+06,-8.4577e+10,1.23881e+11
5.4784e+06,1.4105e+06,1.21411e+06,-8.48867e+10,1.23668e+11
5.48471e+06,1.41236e+06,1.21764e+06,-8.5196e+10,1.23456e+11
5.49102e+06,1.41421e+06,1.22118e+06,-8.55047e+10,1.23242e+11
5.49733e+06,1.41606e+06,1.22472e+06,-8.58128e+10,1.23028e+11
5.50365e+06,1.41791e+06,1.22827e+06,-8.61205e+10,1.22813e+11
5.50996e+06,1.41975e+06,1.23182e+06,-8.64276e+10,1.22597e+11
5.51627e+06,1.42159e+06,1.23537e+06,-8.67341e+10,1.2238e+11
5.52258e+06,1.42343e+06,1.23893e+06,-8.70401e+10,1.22162e+11
5.52889e+06,1.42527e+06,1.2425e+06,-8.73456e+10,1.21944e+11
5.5352e+06,1.4271e+06,1.24607e+06,-8.76505e+10,1.21725e+11
5.54151e+06,1.42893e+06,1.24964e+06,-8.79549e+10,1.21505e+11
5.54783e+06,1.43075e+06,1.25322e+06,-8.82587e+10,1.21285e+11
5.55414e+06,1.43257e+06,1.2568e+06,-8.85619e+10,1.21064e+11
5.56045e+06,1.43439e+06,1.26039e+06,-8.88647e+10,1.20842e+11
5.56676e+06,1.4362e+06,1.26398e+06,-8.91668e+10,1.20619e+11
5.57307e+06,1.43801e+06,1.26758e+06,-8.94684e+10,1.20395e+11
5.57938e+06,1.43982e+06,1.27118e+06,-8.97694e+10,1.20171e+11
5.5857e+06,1.44163e+06,1.27479e+06,-9.00699e+10,1.19946e+11
5.59201e+06,1.44343e+06,1.2784e+06,-9.03698e+10,1.1972e+11
5.59832e+06,1.44522e+06,1.28201e+06,-9.06691e+10,1.19494e+11
5.60463e+06,1.44702e+06,1.28563e+06,-9.09679e+10,1.19266e+11
5.61094e+06,1.44881e+06,1.28925e+06,-9.12661e+10,1.19038e+11
5.61725e+06,1.4506e+06,1.29288e+06,-9.15637e+10,1.1881e+11
5.62356e+06,1.45238e+06,1.29651e+06,-9.18608e+10,1.1858e+11
5.62988e+06,1.45416e+06,1.30015e+06,-9.21573e+10,1.1835e+11
5.63619e+06,1.45594e+06,1.30379e+06,-9.24532e+10,1.18119e+11
5.6425e+06,1.45771e+06,1.30744e+06,-9.27485e+10,1.17887e+11
5.64881e+06,1.45948e+06,1.31109e+06,-9.30432e+10,1.17654e+11
5.65512e+06,1.46125e+06,1.31474e+06,-9.33374e+10,1.17421e+11
5.66143e+06,1.46301e+06,1.3184e+06,-9.3631e+10,1.17187e+11
5.66774e+06,1.46477e+06,1.32207e+06,-9.3924e+10,1.16953e+11
5.67406e+06,1.46653e+06,1.32574e+06,-9.42164e+10,1.16717e+11
5.68037e+06,1.46828e+06,1.32941e+06,-9.45082e+10,1.16481e+11
5.68668e+06,1.47003e+06,1.33308e+06,-9.47994e+10,1.16244e+11
5.69299e+06,1.47177e+06,1.33677e+06,-9.509e+10,1.16006e+11
5.6993e+06,1.47351e+06,1.34045e+06,-9.53801e+10,1.15768e+11
5.70561e+06,1.47525e+06,1.34414e+06,-9.56695e+10,1.15529e+11
5.71193e+06,1.47699e+06,1.34784e+06,-9.59583e+10,1.15289e+11
5.71824e+06,1.47872e+06,1.35153e+06,-9.62466e+10,1.15049e+11
5.72455e+06,1.48044e+06,1.35524e+06,-9.65342e+10,1.14807e+11
5.73086e+06,1.48217e+06,1.35894e+06,-9.68212e+10,1.14565e+11
5.73717e+06,1.48389e+06,1.36266e+06,-9.71076e+10,1.14323e+11
5.74348e+06,1.4856e+06,1.36637e+06,-9.73934e+10,1.14079e+11
5.74979e+06,1.48732e+06,1.37009e+06,-9.76786e+10,1.13835e+11
5.75611e+06,1.48903e+06,1.37382e+06,-9.79632e+10,1.1359e+11
5.76242e+06,1.49073e+06,1.37755e+06,-9.82472e+10,1.13345e+11
5.76873e+06,1.49243e+06,1.38128e+06,-9.85306e+10,1.13099e+11
5.77504e+06,1.49413e+06,1.38502e+06,-9.88133e+10,1.12852e+11
5.78135e+06,1.49582e+06,1.38876e+06,-9.90954e+10,1.12604e+11
5.78766e+06,1.49752e+06,1.3925e+06,-9.93769e+10,1.12356e+11
5.79398e+06,1.4992e+06,1.39625e+06,-9.96578e+10,1.12107e+11
5.80029e+06,1.50088e+06,1.40001e+06,-9.99381e+10,1.11857e+11
5.8066e+06,1.50256e+06,1.40377e+06,-1.00218e+11,1.11606e+11
5.81291e+06,1.50424e+06,1.40753e+06,-1.00497e+11,1.11355e+11
5.81922e+06,1.50591e+06,1.41129e+06,-1.00775e+11,1.11103e+11
5.82553e+06,1.50758e+06,1.41507e+06,-1.01053e+11,1.10851e+11
5.83184e+06,1.50924e+06,1.41884e+06,-1.0133e+11,1.10598e+11
5.83816e+06,1.5109e+06,1.42262e+06,-1.01606e+11,1.10344e+11
5.84447e+06,1.51256e+06,1.4264e+06,-1.01882e+11,1.10089e+11
5.85078e+06,1.51421e+06,1.43019e+06,-1.02157e+11,1.09834e+11
5.85709e+06,1.51586e+06,1.43398e+06,-1.02432e+11,1.09578e+11
5.8634e+06,1.51751e+06,1.43778e+06,-1.02706e+11,1.09321e+11
5.86971e+06,1.51915e+06,1.44158e+06,-1.02979e+11,1.09064e+11
5.87603e+06,1.52078e+06,1.44538e+06,-1.03252e+11,1.08805e+11
5.88234e+06,1.52242e+06,1.44919e+06,-1.03524e+11,1.08547e+11
5.88865e+06,1.52405e+06,1.453e+06,-1.03795e+11,1.08287e+11
5.89496e+06,1.52567e+06,1.45682e+06,-1.04066e+11,1.08027e+11
5.90127e+06,1.52729e+06,1.46064e+06,-1.04336e+11,1.07766e+11
5.90758e+06,1.52891e+06,1.46446e+06,-1.04605e+11,1.07505e+11
5.91389e+06,1.53052e+06,1.46829e+06,-1.04874e+11,1.07243e+11
5.92021e+06,1.53213e+06,1.47213e+06,-1.05142e+11,1.0698e+11
5.92652e+06,1.53374e+06,1.47596e+06,-1.05409e+11,1.06716e+11
5.93283e+06,1.53534e+06,1.4798e+06,-1.05676e+11,1.06452e+11
5.93914e+06,1.53694e+06,1.48365e+06,-1.05942e+11,1.06188e+11
5.94545e+06,1.53853e+06,1.4875e+06,-1.06208e+11,1.05922e+11
5.95176e+06,1.54012e+06,1.49135e+06,-1.06472e+11,1.05656e+11
5.95807e+06,1.54171e+06,1.4952e+06,-1.06736e+11,1.05389e+11
5.96439e+06,1.54329e+06,1.49906e+06,-1.07e+11,1.05122e+11
5.9707e+06,1.54487e+06,1.50293e+06,-1.07263e+11,1.04854e+11
5.97701e+06,1.54644e+06,1.5068e+06,-1.07525e+11,1.04585e+11
5.98332e+06,1.54801e+06,1.51067e+06,-1.07786e+11,1.04315e+11
5.98963e+06,1.54958e+06,1.51455e+06,-1.08047e+11,1.04045e+11
5.99594e+06,1.55114e+06,1.51843e+06,-1.08307e+11,1.03774e+11
6.00226e+06,1.5527e+06,1.52231e+06,-1.08566e+11,1.03503e+11
6.00857e+06,1.55425e+06,1.5262e+06,-1.08825e+11,1.03231e+11
6.01488e+06,1.5558e+06,1.53009e+06,-1.09083e+11,1.02958e+11
6.02119e+06,1.55735e+06,1.53399e+06,-1.0934e+11,1.02685e+11
6.0275e+06,1.55889e+06,1.53788e+06,-1.09597e+11,1.02411e+11
6.03381e+06,1.56042e+06,1.54179e+06,-1.09853e+11,1.02136e+11
6.04012e+06,1.56196e+06,1.5457e+06,-1.10108e+11,1.01861e+11
6.04644e+06,1.56349e+06,1.54961e+06,-1.10363e+11,1.01585e+11
6.05275e+06,1.56501e+06,1.55352e+06,-1.10617e+11,1.01309e+11
6.05906e+06,1.56653e+06,1.55744e+06,-1.1087e+11,1.01032e+11
6.06537e+06,1.56805e+06,1.56136e+06,-1.11122e+11,1.00754e+11
6.07168e+06,1.56956e+06,1.56529e+06,-1.11374e+11,1.00475e+11
6.07799e+06,1.57107e+06,1.56922e+06,-1.11625e+11,1.00196e+11
6.08431e+06,1.57257e+06,1.57315e+06,-1.11876e+11,9.99166e+10
6.09062e+06,1.57407e+06,1.57709e+06,-1.12125e+11,9.96363e+10
6.09693e+06,1.57557e+06,1.58103e+06,-1.12374e+11,9.93554e+10
6.10324e+06,1.57706e+06,1.58498e+06,-1.12623e+11,9.90738e+10
6.10955e+06,1.57854e+06,1.58893e+06,-1.1287e+11,9.87917e+10
6.11586e+06,1.58003e+06,1.59288e+06,-1.13117e+11,9.85089e+10
6.12217e+06,1.5815e+06,1.59683e+06,-1.13363e+11,9.82255e+10
6.12849e+06,1.58298e+06,1.60079e+06,-1.13609e+11,9.79414e+10
6.1348e+06,1.58445e+06,1.60476e+06,-1.13854e+11,9.76568e+10
6.14111e+06,1.58591e+06,1.60872e+06,-1.14098e+11,9.73715e+10
6.14742e+06,1.58738e+06,1.6127e+06,-1.14341e+11,9.70857e+10
6.15373e+06,1.58883e+06,1.61667e+06,-1.14584e+11,9.67992e+10
6.16004e+06,1.59028e+06,1.62065e+06,-1.14826e+11,9.65121e+10
6.16636e+06,1.59173e+06,1.62463e+06,-1.15067e+11,9.62244e+10
6.17267e+06,1.59318e+06,1.62862e+06,-1.15307e+11,9.59362e+10
6.17898e+06,1.59462e+06,1.63261e+06,-1.15547e+11,9.56473e+10
6.18529e+06,1.59605e+06,1.6366e+06,-1.15786e+11,9.53578e+10
6.1916e+06,1.59748e+06,1.64059e+06,-1.16024e+11,9.50677e+10
6.19791e+06,1.59891e+06,1.64459e+06,-1.16262e+11,9.4777e+10
6.20422e+06,1.60033e+06,1.6486e+06,-1.16499e+11,9.44858e+10
6.21054e+06,1.60175e+06,1.6526e+06,-1.16735e+11,9.41939e+10
6.21685e+06,1.60316e+06,1.65661e+06,-1.1697e+11,9.39014e+10
6.22316e+06,1.60457e+06,1.66063e+06,-1.17205e+11,9.36084e+10
6.22947e+06,1.60598e+06,1.66465e+06,-1.17439e+11,9.33148e+10
6.23578e+06,1.60738e+06,1.66867e+06,-1.17672e+11,9.30206e+10
6.24209e+06,1.60877e+06,1.67269e+06,-1.17904e+11,9.27258e+10
6.2484e+06,1.61016e+06,1.67672e+06,-1.18136e+11,9.24304e+10
6.25472e+06,1.61155e+06,1.68075e+06,-1.18367e+11,9.21344e+10
6.26103e+06,1.61293e+06,1.68479e+06,-1.18597e+11,9.18379e+10
6.26734e+06,1.61431e+06,1.68882e+06,-1.18827e+11,9.15408e+10
6.27365e+06,1.61568e+06,1.69287e+06,-1.19055e+11,9.12431e+10
6.27996e+06,1.61705e+06,1.69691e+06,-1.19283e+11,9.09449e+10
6.28627e+06,1.61842e+06,1.70096e+06,-1.1951e+11,9.0646e+10
6.29259e+06,1.61978e+06,1.70501e+06,-1.19737e+11,9.03467e+10
6.2989e+06,1.62113e+06,1.70907e+06,-1.19963e+11,9.00467e+10
6.30521e+06,1.62248e+06,1.71313e+06,-1.20188e+11,8.97462e+10
6.31152e+06,1.62383e+06,1.71719e+06,-1.20412e+11,8.94451e+10
6.31783e+06,1.62517e+06,1.72126e+06,-1.20635e+11,8.91435e+10
6.32414e+06,1.62651e+06,1.72532e+06,-1.20858e+11,8.88413e+10
6.33045e+06,1.62784e+06,1.7294e+06,-1.2108e+11,8.85385e+10
6.33677e+06,1.62917e+06,1.73347e+06,-1.21301e+11,8.82352e+10
6.34308e+06,1.6305e+06,1.73755e+06,-1.21522e+11,8.79313e+10
6.34939e+06,1.63181e+06,1.74163e+06,-1.21741e+11,8.76269e+10
6.3557e+06,1.63313e+06,1.74572e+06,-1.2196e+11,8.7322e+10
6.36201e+06,1.63444e+06,1.74981e+06,-1.22178e+11,8.70165e+10
6.36832e+06,1.63574e+06,1.7539e+06,-1.22396e+11,8.67104e+10
6.37464e+06,1.63705e+06,1.758e+06,-1.22612e+11,8.64038e+10
6.38095e+06,1.63834e+06,1.76209e+06,-1.22828e+11,8.60967e+10
6.38726e+06,1.63963e+06,1.7662e+06,-1.23043e+11,8.5789e+10
6.39357e+06,1.64092e+06,1.7703e+06,-1.23258e+11,8.54808e+10
6.39988e+06,1.6422e+06,1.77441e+06,-1.23471e+11,8.5172e+10
6.40619e+06,1.64348e+06,1.77852e+06,-1.23684e+11,8.48627e+10
6.4125e+06,1.64475e+06,1.78264e+06,-1.23896e+11,8.45529e+10
6.41882e+06,1.64602e+06,1.78675e+06,-1.24107e+11,8.42426e+10
6.42513e+06,1.64729e+06,1.79088e+06,-1.24318e+11,8.39317e+10
6.43144e+06,1.64854e+06,1.795e+06,-1.24527e+11,8.36203e+10
6.43775e+06,1.6498e+06,1.79913e+06,-1.24736e+11,8.33084e+10
6.44406e+06,1.65105e+06,1.80326e+06,-1.24944e+11,8.29959e+10
6.45037e+06,1.65229e+06,1.80739e+06,-1.25152e+11,8.2683e+10
6.45668e+06,1.65353e+06,1.81153e+06,-1.25358e+11,8.23695e+10
6.463e+06,1.65477e+06,1.81567e+06,-1.25564e+11,8.20555e+10
6.46931e+06,1.656e+06,1.81981e+06,-1.25769e+11,8.1741e+10
6.47562e+06,1.65723e+06,1.82396e+06,-1.25973e+11,8.1426e+10
6.48193e+06,1.65845e+06,1.82811e+06,-1.26176e+11,8.11104e+10
6.48824e+06,1.65966e+06,1.83226e+06,-1.26379e+11,8.07944e+10
6.49455e+06,1.66088e+06,1.83641e+06,-1.26581e+11,8.04778e+10
6.50087e+06,1.66208e+06,1.84057e+06,-1.26782e+11,8.01608e+10
6.50718e+06,1.66329e+06,1.84473e+06,-1.26982e+11,7.98432e+10
6.51349e+06,1.66448e+06,1.8489e+06,-1.27182e+11,7.95252e+10
6.5198e+06,1.66568e+06,1.85306e+06,-1.2738e+11,7.92066e+10
6.52611e+06,1.66686e+06,1.85723e+06,-1.27578e+11,7.88876e+10
6.53242e+06,1.66805e+06,1.86141e+06,-1.27775e+11,7.8568e+10
6.53873e+06,1.66922e+06,1.86558e+06,-1.27971e+11,7.8248e+10
6.54505e+06,1.6704e+06,1.86976e+06,-1.28167e+11,7.79275e+10
6.55136e+06,1.67157e+06,1.87394e+06,-1.28361e+11,7.76065e+10
6.55767e+06,1.67273e+06,1.87813e+06,-1.28555e+11,7.7285e+10
6.56398e+06,1.67389e+06,1.88232e+06,-1.28748e+11,7.6963e+10
6.57029e+06,1.67504e+06,1.88651e+06,-1.2894e+11,7.66405e+10
6.5766e+06,1.67619e+06,1.8907e+06,-1.29132e+11,7.63176e+10
6.58292e+06,1.67734e+06,1.8949e+06,-1.29322e+11,7.59941e+10
6.58923e+06,1.67848e+06,1.8991e+06,-1.29512e+11,7.56702e+10
6.59554e+06,1.67961e+06,1.9033e+06,-1.29701e+11,7.53459e+10
6.60185e+06,1.68074e+06,1.9075e+06,-1.29889e+11,7.5021e+10
6.60816e+06,1.68187e+06,1.91171e+06,-1.30077e+11,7.46957e+10
6.61447e+06,1.68299e+06,1.91592e+06,-1.30263e+11,7.43699e+10
6.62078e+06,1.6841e+06,1.92014e+06,-1.30449e+11,7.40437e+10
6.6271e+06,1.68521e+06,1.92435e+06,-1.30634e+11,7.3717e+10
6.63341e+06,1.68632e+06,1.92857e+06,-1.30818e+11,7.33898e+10
6.63972e+06,1.68742e+06,1.93279e+06,-1.31001e+11,7.30622e+10
6.64603e+06,1.68851e+06,1.93702e+06,-1.31183e+11,7.27341e+10
6.65234e+06,1.68961e+06,1.94125e+06,-1.31365e+11,7.24055e+10
6.65865e+06,1.69069e+06,1.94548e+06,-1.31546e+11,7.20765e+10
6.66497e+06,1.69177e+06,1.94971e+06,-1.31726e+11,7.17471e+10
6.67128e+06,1.69285e+06,1.95394e+06,-1.31905e+11,7.14172e+10
6.67759e+06,1.69392e+06,1.95818e+06,-1.32083e+11,7.10868e+10
6.6839e+06,1.69498e+06,1.96242e+06,-1.32261e+11,7.0756e+10
6.69021e+06,1.69604e+06,1.96667e+06,-1.32437e+11,7.04248e+10
6.69652e+06,1.6971e+06,1.97091e+06,-1.32613e+11,7.00931e+10
6.70283e+06,1.69815e+06,1.97516e+06,-1.32788e+11,6.9761e+10
6.70915e+06,1.6992e+06,1.97941e+06,-1.32962e+11,6.94284e+10
6.71546e+06,1.70024e+06,1.98367e+06,-1.33136e+11,6.90954e+10
6.72177e+06,1.70127e+06,1.98792e+06,-1.33308e+11,6.8762e+10
6.72808e+06,1.70231e+06,1.99218e+06,-1.3348e+11,6.84282e+10
6.73439e+06,1.70333e+06,1.99644e+06,-1.33651e+11,6.80939e+10
6.7407e+06,1.70435e+06,2.00071e+06,-1.33821e+11,6.77592e+10
6.74701e+06,1.70537e+06,2.00497e+06,-1.3399e+11,6.74241e+10
6.75333e+06,1.70638e+06,2.00924e+06,-1.34158e+11,6.70885e+10
6.75964e+06,1.70738e+06,2.01352e+06,-1.34326e+11,6.67525e+10
6.76595e+06,1.70838e+06,2.01779e+06,-1.34492e+11,6.64161e+10
6.77226e+06,1.70938e+06,2.02207e+06,-1.34658e+11,6.60793e+10
6.77857e+06,1.71037e+06,2.02635e+06,-1.34823e+11,6.57421e+10
6.78488e+06,1.71136e+06,2.03063e+06,-1.34987e+11,6.54045e+10
6.7912e+06,1.71234e+06,2.03491e+06,-1.35151e+11,6.50664e+10
6.79751e+06,1.71331e+06,2.0392e+06,-1.35313e+11,6.4728e+10
6.80382e+06,1.71428e+06,2.04349e+06,-1.35475e+11,6.43891e+10
6.81013e+06,1.71525e+06,2.04778e+06,-1.35635e+11,6.40499e+10
6.81644e+06,1.71621e+06,2.05207e+06,-1.35795e+11,6.37102e+10
6.82275e+06,1.71716e+06,2.05637e+06,-1.35954e+11,6.33701e+10
6.82906e+06,1.71811e+06,2.06067e+06,-1.36112e+11,6.30297e+10
6.83538e+06,1.71906e+06,2.06497e+06,-1.3627e+11,6.26888e+10
6.84169e+06,1.72e+06,2.06927e+06,-1.36426e+11,6.23476e+10
6.848e+06,1.72093e+06,2.07358e+06,-1.36582e+11,6.20059e+10
6.85431e+06,1.72186e+06,2.07789e+06,-1.36736e+11,6.16639e+10
6.86062e+06,1.72278e+06,2.0822e+06,-1.3689e+11,6.13215e+10
6.86693e+06,1.7237e+06,2.08651e+06,-1.37043e+11,6.09787e+10
6.87325e+06,1.72462e+06,2.09083e+06,-1.37196e+11,6.06355e+10
6.87956e+06,1.72553e+06,2.09514e+06,-1.37347e+11,6.0292e+10
6.88587e+06,1.72643e+06,2.09946e+06,-1.37497e+11,5.99481e+10
6.89218e+06,1.72733e+06,2.10378e+06,-1.37647e+11,5.96037e+10
6.89849e+06,1.72822e+06,2.10811e+06,-1.37796e+11,5.92591e+10
6.9048e+06,1.72911e+06,2.11243e+06,-1.37944e+11,5.8914e+10
6.91111e+06,1.72999e+06,2.11676e+06,-1.38091e+11,5.85686e+10
6.91743e+06,1.73087e+06,2.12109e+06,-1.38237e+11,5.82228e+10
6.92374e+06,1.73174e+06,2.12543e+06,-1.38382e+11,5.78766e+10
6.93005e+06,1.73261e+06,2.12976e+06,-1.38526e+11,5.75301e+10
6.93636e+06,1.73347e+06,2.1341e+06,-1.3867e+11,5.71832e+10
6.94267e+06,1.73433e+06,2.13844e+06,-1.38813e+11,5.6836e+10
6.94898e+06,1.73518e+06,2.14278e+06,-1.38954e+11,5.64884e+10
6.9553e+06,1.73603e+06,2.14712e+06,-1.39095e+11,5.61405e+10
6.96161e+06,1.73687e+06,2.15147e+06,-1.39235e+11,5.57922e+10
6.96792e+06,1.7377e+06,2.15582e+06,-1.39375e+11,5.54435e+10
6.97423e+06,1.73853e+06,2.16017e+06,-1.39513e+11,5.50945e+10
6.98054e+06,1.73936e+06,2.16452e+06,-1.3965e+11,5.47452e+10
6.98685e+06,1.74018e+06,2.16887e+06,-1.39787e+11,5.43955e+10
6.99316e+06,1.74099e+06,2.17323e+06,-1.39923e+11,5.40455e+10
6.99948e+06,1.7418e+06,2.17759e+06,-1.40057e+11,5.36951e+10
7.00579e+06,1.74261e+06,2.18195e+06,-1.40191e+11,5.33444e+10
7.0121e+06,1.74341e+06,2.18631e+06,-1.40324e+11,5.29934e+10
7.01841e+06,1.7442e+06,2.19068e+06,-1.40457e+11,5.26421e+10
7.02472e+06,1.74499e+06,2.19504e+06,-1.40588e+11,5.22904e+10
7.03103e+06,1.74577e+06,2.19941e+06,-1.40718e+11,5.19383e+10
7.03734e+06,1.74655e+06,2.20378e+06,-1.40848e+11,5.1586e+10
7.04366e+06,1.74732e+06,2.20815e+06,-1.40977e+11,5.12333e+10
7.04997e+06,1.74809e+06,2.21253e+06,-1.41104e+11,5.08803e+10
7.05628e+06,1.74885e+06,2.2169e+06,-1.41231e+11,5.0527e+10
7.06259e+06,1.74961e+06,2.22128e+06,-1.41357e+11,5.01734e+10
7.0689e+06,1.75036e+06,2.22566e+06,-1.41482e+11,4.98195e+10
7.07521e+06,1.75111e+06,2.23004e+06,-1.41607e+11,4.94652e+10
7.08153e+06,1.75185e+06,2.23443e+06,-1.4173e+11,4.91107e+10
7.08784e+06,1.75258e+06,2.23881e+06,-1.41852e+11,4.87558e+10
7.09415e+06,1.75331e+06,2.2432e+06,-1.41974e+11,4.84006e+10
7.10046e+06,1.75404e+06,2.24759e+06,-1.42095e+11,4.80451e+10
7.10677e+06,1.75476e+06,2.25198e+06,-1.42214e+11,4.76894e+10
7.11308e+06,1.75547e+06,2.25637e+06,-1.42333e+11,4.73333e+10
7.11939e+06,1.75618e+06,2.26076e+06,-1.42451e+11,4.69769e+10
7.12571e+06,1.75688e+06,2.26516e+06,-1.42568e+11,4.66202e+10
7.13202e+06,1.75758e+06,2.26956e+06,-1.42685e+11,4.62633e+10
7.13833e+06,1.75827e+06,2.27396e+06,-1.428e+11,4.5906e+10
7.14464e+06,1.75896e+06,2.27836e+06,-1.42914e+11,4.55485e+10
7.15095e+06,1.75964e+06,2.28276e+06,-1.43028e+11,4.51907e+10
7.15726e+06,1.76032e+06,2.28717e+06,-1.43141e+11,4.48326e+10
7.16358e+06,1.76099e+06,2.29157e+06,-1.43252e+11,4.44742e+10
7.16989e+06,1.76165e+06,2.29598e+06,-1.43363e+11,4.41155e+10
7.1762e+06,1.76231e+06,2.30039e+06,-1.43473e+11,4.37566e+10
7.18251e+06,1.76297e+06,2.3048e+06,-1.43582e+11,4.33974e+10
7.18882e+06,1.76362e+06,2.30922e+06,-1.4369e+11,4.30379e+10
7.19513e+06,1.76426e+06,2.31363e+06,-1.43798e+11,4.26781e+10
7.20144e+06,1.7649e+06,2.31805e+06,-1.43904e+11,4.23181e+10
7.20776e+06,1.76553e+06,2.32246e+06,-1.44009e+11,4.19578e+10
7.21407e+06,1.76616e+06,2.32688e+06,-1.44114e+11,4.15973e+10
7.22038e+06,1.76679e+06,2.3313e+06,-1.44218e+11,4.12365e+10
7.22669e+06,1.7674e+06,2.33573e+06,-1.4432e+11,4.08754e+10
7.233e+06,1.76801e+06,2.34015e+06,-1.44422e+11,4.05141e+10
7.23931e+06,1.76862e+06,2.34458e+06,-1.44523e+11,4.01525e+10
7.24562e+06,1.76922e+06,2.349e+06,-1.44623e+11,3.97907e+10
7.25194e+06,1.76982e+06,2.35343e+06,-1.44722e+11,3.94286e+10
7.25825e+06,1.77041e+06,2.35786e+06,-1.44821e+11,3.90663e+10
7.26456e+06,1.77099e+06,2.36229e+06,-1.44918e+11,3.87037e+10
7.27087e+06,1.77157e+06,2.36673e+06,-1.45014e+11,3.83409e+10
7.27718e+06,1.77214e+06,2.37116e+06,-1.4511e+11,3.79778e+10
7.28349e+06,1.77271e+06,2.3756e+06,-1.45204e+11,3.76145e+10
7.28981e+06,1.77327e+06,2.38003e+06,-1.45298e+11,3.7251e+10
7.29612e+06,1.77383e+06,2.38447e+06,-1.45391e+11,3.68872e+10
7.30243e+06,1.77438e+06,2.38891e+06,-1.45483e+11,3.65232e+10
7.30874e+06,1.77493e+06,2.39336e+06,-1.45574e+11,3.6159e+10
7.31505e+06,1.77547e+06,2.3978e+06,-1.45664e+11,3.57946e+10
7.32136e+06,1.776e+06,2.40224e+06,-1.45753e+11,3.54299e+10
7.32767e+06,1.77653e+06,2.40669e+06,-1.45841e+11,3.5065e+10
7.33399e+06,1.77706e+06,2.41113e+06,-1.45928e+11,3.46999e+10
7.3403e+06,1.77758e+06,2.41558e+06,-1.46015e+11,3.43346e+10
7.34661e+06,1.77809e+06,2.42003e+06,-1.461e+11,3.3969e+10
7.35292e+06,1.7786e+06,2.42448e+06,-1.46185e+11,3.36033e+10
7.35923e+06,1.7791e+06,2.42893e+06,-1.46268e+11,3.32373e+10
7.36554e+06,1.7796e+06,2.43339e+06,-1.46351e+11,3.28711e+10
7.37186e+06,1.78009e+06,2.43784e+06,-1.46433e+11,3.25047e+10
7.37817e+06,1.78057e+06,2.4423e+06,-1.46514e+11,3.21381e+10
7.38448e+06,1.78105e+06,2.44675e+06,-1.46594e+11,3.17714e+10
7.39079e+06,1.78153e+06,2.45121e+06,-1.46673e+11,3.14044e+10
7.3971e+06,1.782e+06,2.45567e+06,-1.46751e+11,3.10372e+10
7.40341e+06,1.78246e+06,2.46013e+06,-1.46828e+11,3.06698e+10
7.40972e+06,1.78292e+06,2.46459e+06,-1.46904e+11,3.03022e+10
7.41604e+06,1.78337e+06,2.46906e+06,-1.4698e+11,2.99345e+10
7.42235e+06,1.78382e+06,2.47352e+06,-1.47054e+11,2.95665e+10
7.42866e+06,1.78426e+06,2.47799e+06,-1.47128e+11,2.91984e+10
7.43497e+06,1.7847e+06,2.48245e+06,-1.472e+11,2.88301e+10
7.44128e+06,1.78513e+06,2.48692e+06,-1.47272e+11,2.84616e+10
7.44759e+06,1.78555e+06,2.49139e+06,-1.47343e+11,2.80929e+10
7.45391e+06,1.78597e+06,2.49586e+06,-1.47413e+11,2.77241e+10
7.46022e+06,1.78638e+06,2.50033e+06,-1.47482e+11,2.7355e+10
7.46653e+06,1.78679e+06,2.5048e+06,-1.4755e+11,2.69859e+10
7.47284e+06,1.7872e+06,2.50927e+06,-1.47617e+11,2.66165e+10
7.47915e+06,1.78759e+06,2.51374e+06,-1.47683e+11,2.6247e+10
7.48546e+06,1.78798e+06,2.51822e+06,-1.47748e+11,2.58773e+10
7.49177e+06,1.78837e+06,2.52269e+06,-1.47812e+11,2.55074e+10
7.49809e+06,1.78875e+06,2.52717e+06,-1.47876e+11,2.51374e+10
7.5044e+06,1.78913e+06,2.53165e+06,-1.47938e+11,2.47672e+10
7.51071e+06,1.7895e+06,2.53612e+06,-1.48e+11,2.43969e+10
7.51702e+06,1.78986e+06,2.5406e+06,-1.4806e+11,2.40264e+10
7.52333e+06,1.79022e+06,2.54508e+06,-1.4812e+11,2.36558e+10
7.52964e+06,1.79057e+06,2.54956e+06,-1.48179e+11,2.3285e+10
7.53595e+06,1.79092e+06,2.55405e+06,-1.48236e+11,2.29141e+10
7.54227e+06,1.79126e+06,2.55853e+06,-1.48293e+11,2.2543e+10
7.54858e+06,1.7916e+06,2.56301e+06,-1.48349e+11,2.21718e+10
7.55489e+06,1.79193e+06,2.5675e+06,-1.48404e+11,2.18004e+10
7.5612e+06,1.79225e+06,2.57198e+06,-1.48458e+11,2.14289e+10
7.56751e+06,1.79257e+06,2.57647e+06,-1.48511e+11,2.10573e+10
7.57382e+06,1.79288e+06,2.58095e+06,-1.48564e+11,2.06856e+10
7.58014e+06,1.79319e+06,2.58544e+06,-1.48615e+11,2.03137e+10
7.58645e+06,1.79349e+06,2.58993e+06,-1.48665e+11,1.99417e+10
7.59276e+06,1.79379e+06,2.59442e+06,-1.48715e+11,1.95695e+10
7.59907e+06,1.79408e+06,2.59891e+06,-1.48763e+11,1.91973e+10
7.60538e+06,1.79437e+06,2.6034e+06,-1.48811e+11,1.88249e+10
7.61169e+06,1.79465e+06,2.60789e+06,-1.48857e+11,1.84524e+10
7.618e+06,1.79492e+06,2.61238e+06,-1.48903e+11,1.80798e+10
7.62432e+06,1.79519e+06,2.61688e+06,-1.48948e+11,1.77071e+10
7.63063e+06,1.79545e+06,2.62137e+06,-1.48992e+11,1.73343e+10
7.63694e+06,1.79571e+06,2.62586e+06,-1.49035e+11,1.69613e+10
7.64325e+06,1.79596e+06,2.63036e+06,-1.49077e+11,1.65883e+10
7.64956e+06,1.79621e+06,2.63485e+06,-1.49118e+11,1.62151e+10
7.65587e+06,1.79645e+06,2.63935e+06,-1.49158e+11,1.58419e+10
7.66219e+06,1.79669e+06,2.64384e+06,-1.49197e+11,1.54685e+10
7.6685e+06,1.79692e+06,2.64834e+06,-1.49235e+11,1.5095e+10
7.67481e+06,1.79714e+06,2.65284e+06,-1.49273e+11,1.47215e+10
7.68112e+06,1.79736e+06,2.65734e+06,-1.49309e+11,1.43479e+10
7.68743e+06,1.79757e+06,2.66183e+06,-1.49344e+11,1.39741e+10
7.69374e+06,1.79778e+06,2.66633e+06,-1.49379e+11,1.36003e+10
7.70005e+06,1.79798e+06,2.67083e+06,-1.49412e+11,1.32264e+10
7.70637e+06,1.79818e+06,2.67533e+06,-1.49445e+11,1.28524e+10
7.71268e+06,1.79837e+06,2.67983e+06,-1.49477e+11,1.24784e+10
7.71899e+06,1.79855e+06,2.68433e+06,-1.49508e+11,1.21042e+10
7.7253e+06,1.79873e+06,2.68884e+06,-1.49537e+11,1.173e+10
7.73161e+06,1.7989e+06,2.69334e+06,-1.49566e+11,1.13557e+10
7.73792e+06,1.79907e+06,2.69784e+06,-1.49594e+11,1.09814e+10
7.74424e+06,1.79923e+06,2.70234e+06,-1.49621e+11,1.06069e+10
7.75055e+06,1.79939e+06,2.70685e+06,-1.49647e+11,1.02324e+10
7.75686e+06,1.79954e+06,2.71135e+06,-1.49672e+11,9.85787e+09
7.76317e+06,1.79969e+06,2.71585e+06,-1.49697e+11,9.48325e+09
7.76948e+06,1.79983e+06,2.72036e+06,-1.4972e+11,9.10857e+09
7.77579e+06,1.79996e+06,2.72486e+06,-1.49742e+11,8.73383e+09
7.7821e+06,1.80009e+06,2.72937e+06,-1.49764e+11,8.35903e+09
7.78842e+06,1.80021e+06,2.73387e+06,-1.49784e+11,7.98419e+09
7.79473e+06,1.80033e+06,2.73838e+06,-1.49803e+11,7.60929e+09
7.80104e+06,1.80044e+06,2.74288e+06,-1.49822e+11,7.23435e+09
7.80735e+06,1.80055e+06,2.74739e+06,-1.4984e+11,6.85936e+09
7.81366e+06,1.80065e+06,2.7519e+06,-1.49856e+11,6.48433e+09
7.81997e+06,1.80074e+06,2.7564e+06,-1.49872e+11,6.10925e+09
7.82628e+06,1.80083e+06,2.76091e+06,-1.49887e+11,5.73414e+09
7.8326e+06,1.80091e+06,2.76542e+06,-1.49901e+11,5.35899e+09
7.83891e+06,1.80099e+06,2.76993e+06,-1.49914e+11,4.98381e+09
7.84522e+06,1.80106e+06,2.77443e+06,-1.49926e+11,4.6086e+09
7.85153e+06,1.80113e+06,2.77894e+06,-1.49937e+11,4.23336e+09
7.85784e+06,1.80119e+06,2.78345e+06,-1.49947e+11,3.85809e+09
7.86415e+06,1.80124e+06,2.78796e+06,-1.49956e+11,3.4828e+09
7.87047e+06,1.80129e+06,2.79246e+06,-1.49964e+11,3.10749e+09
7.87678e+06,1.80134e+06,2.79697e+06,-1.49972e+11,2.73216e+09
7.88309e+06,1.80138e+06,2.80148e+06,-1.49978e+11,2.35681e+09
7.8894e+06,1.80141e+06,2.80599e+06,-1.49983e+11,1.98144e+09
7.89571e+06,1.80144e+06,2.8105e+06,-1.49988e+11,1.60607e+09
7.90202e+06,1.80146e+06,2.81501e+06,-1.49991e+11,1.23068e+09
7.90833e+06,1.80147e+06,2.81951e+06,-1.49994e+11,8.55285e+08
7.91465e+06,1.80148e+06,2.82402e+06,-1.49996e+11,4.79885e+08
7.92096e+06,1.80149e+06,2.82853e+06,-1.49996e+11,1.04482e+08
7.92727e+06,1.80149e+06,2.83304e+06,-1.49996e+11,-2.70921e+08
7.93358e+06,1.80148e+06,2.83755e+06,-1.49995e+11,-6.46323e+08
7.93989e+06,1.80147e+06,2.84206e+06,-1.49993e+11,-1.02172e+09
7.9462e+06,1.80145e+06,2.84657e+06,-1.4999e+11,-1.39711e+09
7.95252e+06,1.80142e+06,2.85107e+06,-1.49986e+11,-1.77249e+09
7.95883e+06,1.80139e+06,2.85558e+06,-1.49981e+11,-2.14787e+09
7.96514e+06,1.80136e+06,2.86009e+06,-1.49975e+11,-2.52322e+09
7.97145e+06,1.80132e+06,2.8646e+06,-1.49968e+11,-2.89857e+09
7.97776e+06,1.80127e+06,2.86911e+06,-1.49961e+11,-3.27389e+09
7.98407e+06,1.80122e+06,2.87362e+06,-1.49952e+11,-3.64919e+09
7.99038e+06,1.80116e+06,2.87812e+06,-1.49942e+11,-4.02447e+09
7.9967e+06,1.8011e+06,2.88263e+06,-1.49932e+11,-4.39973e+09
8.00301e+06,1.80103e+06,2.88714e+06,-1.4992e+11,-4.77496e+09
8.00932e+06,1.80096e+06,2.89165e+06,-1.49908e+11,-5.15015e+09
8.01563e+06,1.80088e+06,2.89615e+06,-1.49895e+11,-5.52532e+09
8.02194e+06,1.80079e+06,2.90066e+06,-1.4988e+11,-5.90045e+09
8.02825e+06,1.8007e+06,2.90517e+06,-1.49865e+11,-6.27555e+09
8.03456e+06,1.8006e+06,2.90967e+06,-1.49849e+11,-6.6506e+09
8.04088e+06,1.8005e+06,2.91418e+06,-1.49832e+11,-7.02561e+09
8.04719e+06,1.80039e+06,2.91869e+06,-1.49814e+11,-7.40058e+09
8.0535e+06,1.80028e+06,2.92319e+06,-1.49795e+11,-7.7755e+09
8.05981e+06,1.80016e+06,2.9277e+06,-1.49775e+11,-8.15038e+09
8.06612e+06,1.80003e+06,2.9322e+06,-1.49754e+11,-8.5252e+09
8.07243e+06,1.7999e+06,2.93671e+06,-1.49732e+11,-8.89997e+09
8.07875e+06,1.79976e+06,2.94121e+06,-1.49709e+11,-9.27468e+09
8.08506e+06,1.79962e+06,2.94572e+06,-1.49686e+11,-9.64934e+09
8.09137e+06,1.79947e+06,2.95022e+06,-1.49661e+11,-1.00239e+10
8.09768e+06,1.79932e+06,2.95472e+06,-1.49635e+11,-1.03985e+10
8.10399e+06,1.79916e+06,2.95923e+06,-1.49609e+11,-1.07729e+10
8.1103e+06,1.79899e+06,2.96373e+06,-1.49581e+11,-1.11473e+10
8.11661e+06,1.79882e+06,2.96823e+06,-1.49553e+11,-1.15217e+10
8.12293e+06,1.79865e+06,2.97273e+06,-1.49524e+11,-1.18959e+10
8.12924e+06,1.79847e+06,2.97723e+06,-1.49494e+11,-1.22701e+10
8.13555e+06,1.79828e+06,2.98173e+06,-1.49462e+11,-1.26442e+10
8.14186e+06,1.79809e+06,2.98623e+06,-1.4943e+11,-1.30182e+10
8.14817e+06,1.79789e+06,2.99073e+06,-1.49397e+11,-1.33922e+10
8.15448e+06,1.79768e+06,2.99523e+06,-1.49363e+11,-1.3766e+10
8.1608e+06,1.79747e+06,2.99973e+06,-1.49328e+11,-1.41398e+10
8.16711e+06,1.79726e+06,3.00423e+06,-1.49292e+11,-1.45135e+10
8.17342e+06,1.79704e+06,3.00873e+06,-1.49256e+11,-1.48871e+10
8.17973e+06,1.79681e+06,3.01323e+06,-1.49218e+11,-1.52606e+10
8.18604e+06,1.79658e+06,3.01772e+06,-1.49179e+11,-1.5634e+10
8.19235e+06,1.79634e+06,3.02222e+06,-1.4914e+11,-1.60073e+10
8.19866e+06,1.7961e+06,3.02671e+06,-1.49099e+11,-1.63805e+10
8.20498e+06,1.79585e+06,3.03121e+06,-1.49058e+11,-1.67536e+10
8.21129e+06,1.79559e+06,3.0357e+06,-1.49015e+11,-1.71266e+10
8.2176e+06,1.79533e+06,3.0402e+06,-1.48972e+11,-1.74995e+10
8.22391e+06,1.79507e+06,3.04469e+06,-1.48928e+11,-1.78723e+10
8.23022e+06,1.7948e+06,3.04918e+06,-1.48882e+11,-1.8245e+10
8.23653e+06,1.79452e+06,3.05367e+06,-1.48836e+11,-1.86175e+10
8.24285e+06,1.79424e+06,3.05816e+06,-1.48789e+11,-1.899e+10
8.24916e+06,1.79395e+06,3.06265e+06,-1.48741e+11,-1.93623e+10
8.25547e+06,1.79366e+06,3.06714e+06,-1.48692e+11,-1.97345e+10
8.26178e+06,1.79336e+06,3.07163e+06,-1.48642e+11,-2.01066e+10
8.26809e+06,1.79305e+06,3.07612e+06,-1.48592e+11,-2.04785e+10
8.2744e+06,1.79274e+06,3.08061e+06,-1.4854e+11,-2.08504e+10
8.28071e+06,1.79242e+06,3.08509e+06,-1.48487e+11,-2.1222e+10
8.28703e+06,1.7921e+06,3.08958e+06,-1.48434e+11,-2.15936e+10
8.29334e+06,1.79177e+06,3.09406e+06,-1.48379e+11,-2.1965e+10
8.29965e+06,1.79144e+06,3.09855e+06,-1.48324e+11,-2.23363e+10
8.30596e+06,1.7911e+06,3.10303e+06,-1.48267e+11,-2.27075e+10
8.31227e+06,1.79076e+06,3.10751e+06,-1.4821e+11,-2.30785e+10
8.31858e+06,1.79041e+06,3.11199e+06,-1.48152e+11,-2.34493e+10
8.32489e+06,1.79005e+06,3.11647e+06,-1.48093e+11,-2.382e+10
8.33121e+06,1.78969e+06,3.12095e+06,-1.48032e+11,-2.41906e+10
8.33752e+06,1.78933e+06,3.12543e+06,-1.47971e+11,-2.4561e+10
8.34383e+06,1.78896e+06,3.12991e+06,-1.4791e+11,-2.49313e+10
8.35014e+06,1.78858e+06,3.13439e+06,-1.47847e+11,-2.53014e+10
8.35645e+06,1.78819e+06,3.13886e+06,-1.47783e+11,-2.56713e+10
8.36276e+06,1.78781e+06,3.14334e+06,-1.47718e+11,-2.60411e+10
8.36908e+06,1.78741e+06,3.14781e+06,-1.47653e+11,-2.64107e+10
8.37539e+06,1.78701e+06,3.15229e+06,-1.47586e+11,-2.67802e+10
8.3817e+06,1.78661e+06,3.15676e+06,-1.47518e+11,-2.71495e+10
8.38801e+06,1.7862e+06,3.16123e+06,-1.4745e+11,-2.75186e+10
8.39432e+06,1.78578e+06,3.1657e+06,-1.47381e+11,-2.78875e+10
8.40063e+06,1.78536e+06,3.17017e+06,-1.4731e+11,-2.82563e+10
8.40694e+06,1.78493e+06,3.17463e+06,-1.47239e+11,-2.86249e+10
8.41326e+06,1.7845e+06,3.1791e+06,-1.47167e+11,-2.89933e+10
8.41957e+06,1.78406e+06,3.18357e+06,-1.47094e+11,-2.93615e+10
8.42588e+06,1.78361e+06,3.18803e+06,-1.4702e+11,-2.97296e+10
8.43219e+06,1.78316e+06,3.19249e+06,-1.46945e+11,-3.00974e+10
8.4385e+06,1.78271e+06,3.19696e+06,-1.46869e+11,-3.04651e+10
8.44481e+06,1.78225e+06,3.20142e+06,-1.46793e+11,-3.08326e+10
8.45113e+06,1.78178e+06,3.20588e+06,-1.46715e+11,-3.11999e+10
8.45744e+06,1.78131e+06,3.21034e+06,-1.46637e+11,-3.1567e+10
8.46375e+06,1.78083e+06,3.21479e+06,-1.46557e+11,-3.19339e+10
8.47006e+06,1.78035e+06,3.21925e+06,-1.46477e+11,-3.23006e+10
8.47637e+06,1.77986e+06,3.22371e+06,-1.46395e+11,-3.26671e+10
8.48268e+06,1.77937e+06,3.22816e+06,-1.46313e+11,-3.30333e+10
8.48899e+06,1.77887e+06,3.23261e+06,-1.4623e+11,-3.33994e+10
8.49531e+06,1.77836e+06,3.23706e+06,-1.46146e+11,-3.37653e+10
8.50162e+06,1.77785e+06,3.24151e+06,-1.46061e+11,-3.4131e+10
8.50793e+06,1.77734e+06,3.24596e+06,-1.45975e+11,-3.44964e+10
8.51424e+06,1.77682e+06,3.25041e+06,-1.45888e+11,-3.48616e+10
8.52055e+06,1.77629e+06,3.25486e+06,-1.45801e+11,-3.52267e+10
8.52686e+06,1.77576e+06,3.2593e+06,-1.45712e+11,-3.55914e+10
8.53318e+06,1.77522e+06,3.26374e+06,-1.45622e+11,-3.5956e+10
8.53949e+06,1.77468e+06,3.26819e+06,-1.45532e+11,-3.63204e+10
8.5458e+06,1.77413e+06,3.27263e+06,-1.45441e+11,-3.66845e+10
8.55211e+06,1.77358e+06,3.27707e+06,-1.45348e+11,-3.70484e+10
8.55842e+06,1.77302e+06,3.2815e+06,-1.45255e+11,-3.7412e+10
8.56473e+06,1.77245e+06,3.28594e+06,-1.45161e+11,-3.77754e+10
8.57104e+06,1.77188e+06,3.29038e+06,-1.45066e+11,-3.81386e+10
8.57736e+06,1.7713e+06,3.29481e+06,-1.4497e+11,-3.85016e+10
8.58367e+06,1.77072e+06,3.29924e+06,-1.44873e+11,-3.88643e+10
8.58998e+06,1.77014e+06,3.30367e+06,-1.44776e+11,-3.92267e+10
8.59629e+06,1.76954e+06,3.3081e+06,-1.44677e+11,-3.95889e+10
8.6026e+06,1.76895e+06,3.31253e+06,-1.44577e+11,-3.99509e+10
8.60891e+06,1.76834e+06,3.31696e+06,-1.44477e+11,-4.03126e+10
8.61522e+06,1.76773e+06,3.32138e+06,-1.44376e+11,-4.06741e+10
8.62154e+06,1.76712e+06,3.32581e+06,-1.44273e+11,-4.10353e+10
8.62785e+06,1.7665e+06,3.33023e+06,-1.4417e+11,-4.13962e+10
8.63416e+06,1.76588e+06,3.33465e+06,-1.44066e+11,-4.17569e+10
8.64047e+06,1.76525e+06,3.33907e+06,-1.43961e+11,-4.21174e+10
8.64678e+06,1.76461e+06,3.34348e+06,-1.43855e+11,-4.24775e+10
8.65309e+06,1.76397e+06,3.3479e+06,-1.43749e+11,-4.28374e+10
8.65941e+06,1.76332e+06,3.35231e+06,-1.43641e+11,-4.31971e+10
8.66572e+06,1.76267e+06,3.35673e+06,-1.43532e+11,-4.35564e+10
8.67203e+06,1.76201e+06,3.36114e+06,-1.43423e+11,-4.39155e+10
8.67834e+06,1.76135e+06,3.36554e+06,-1.43313e+11,-4.42743e+10
8.68465e+06,1.76068e+06,3.36995e+06,-1.43201e+11,-4.46329e+10
8.69096e+06,1.76001e+06,3.37436e+06,-1.43089e+11,-4.49911e+10
8.69727e+06,1.75933e+06,3.37876e+06,-1.42976e+11,-4.53491e+10
8.70359e+06,1.75864e+06,3.38316e+06,-1.42862e+11,-4.57068e+10
8.7099e+06,1.75796e+06,3.38756e+06,-1.42747e+11,-4.60642e+10
8.71621e+06,1.75726e+06,3.39196e+06,-1.42631e+11,-4.64213e+10
8.72252e+06,1.75656e+06,3.39636e+06,-1.42515e+11,-4.67781e+10
8.72883e+06,1.75585e+06,3.40076e+06,-1.42397e+11,-4.71347e+10
8.73514e+06,1.75514e+06,3.40515e+06,-1.42279e+11,-4.74909e+10
8.74146e+06,1.75443e+06,3.40954e+06,-1.4216e+11,-4.78468e+10
8.74777e+06,1.7537e+06,3.41393e+06,-1.42039e+11,-4.82025e+10
8.75408e+06,1.75298e+06,3.41832e+06,-1.41918e+11,-4.85578e+10
8.76039e+06,1.75224e+06,3.42271e+06,-1.41796e+11,-4.89129e+10
8.7667e+06,1.75151e+06,3.42709e+06,-1.41673e+11,-4.92676e+10
8.77301e+06,1.75076e+06,3.43147e+06,-1.4155e+11,-4.9622e+10
8.77932e+06,1.75002e+06,3.43585e+06,-1.41425e+11,-4.99761e+10
8.78564e+06,1.74926e+06,3.44023e+06,-1.413e+11,-5.03299e+10
8.79195e+06,1.7485e+06,3.44461e+06,-1.41173e+11,-5.06834e+10
8.79826e+06,1.74774e+06,3.44898e+06,-1.41046e+11,-5.10365e+10
8.80457e+06,1.74697e+06,3.45336e+06,-1.40918e+11,-5.13894e+10
8.81088e+06,1.74619e+06,3.45773e+06,-1.40789e+11,-5.17419e+10
8.81719e+06,1.74541e+06,3.4621e+06,-1.40659e+11,-5.20941e+10
8.8235e+06,1.74463e+06,3.46646e+06,-1.40528e+11,-5.2446e+10
8.82982e+06,1.74384e+06,3.47083e+06,-1.40396e+11,-5.27975e+10
8.83613e+06,1.74304e+06,3.47519e+06,-1.40264e+11,-5.31487e+10
8.84244e+06,1.74224e+06,3.47955e+06,-1.4013e+11,-5.34996e+10
8.84875e+06,1.74143e+06,3.48391e+06,-1.39996e+11,-5.38501e+10
8.85506e+06,1.74062e+06,3.48827e+06,-1.3986e+11,-5.42003e+10
8.86137e+06,1.7398e+06,3.49263e+06,-1.39724e+11,-5.45502e+10
8.86769e+06,1.73898e+06,3.49698e+06,-1.39587e+11,-5.48997e+10
8.874e+06,1.73815e+06,3.50133e+06,-1.3945e+11,-5.52489e+10
8.88031e+06,1.73732e+06,3.50568e+06,-1.39311e+11,-5.55978e+10
8.88662e+06,1.73648e+06,3.51003e+06,-1.39171e+11,-5.59462e+10
8.89293e+06,1.73564e+06,3.51437e+06,-1.39031e+11,-5.62944e+10
8.89924e+06,1.73479e+06,3.51871e+06,-1.38889e+11,-5.66422e+10
8.90555e+06,1.73394e+06,3.52306e+06,-1.38747e+11,-5.69896e+10
8.91187e+06,1.73308e+06,3.52739e+06,-1.38604e+11,-5.73367e+10
8.91818e+06,1.73221e+06,3.53173e+06,-1.3846e+11,-5.76834e+10
8.92449e+06,1.73134e+06,3.53606e+06,-1.38315e+11,-5.80297e+10
8.9308e+06,1.73047e+06,3.5404e+06,-1.3817e+11,-5.83757e+10
8.93711e+06,1.72959e+06,3.54473e+06,-1.38023e+11,-5.87213e+10
8.94342e+06,1.7287e+06,3.54905e+06,-1.37876e+11,-5.90666e+10
8.94974e+06,1.72781e+06,3.55338e+06,-1.37728e+11,-5.94115e+10
8.95605e+06,1.72692e+06,3.5577e+06,-1.37578e+11,-5.9756e+10
8.96236e+06,1.72602e+06,3.56202e+06,-1.37428e+11,-6.01001e+10
8.96867e+06,1.72511e+06,3.56634e+06,-1.37278e+11,-6.04439e+10
8.97498e+06,1.7242e+06,3.57066e+06,-1.37126e+11,-6.07873e+10
8.98129e+06,1.72328e+06,3.57497e+06,-1.36973e+11,-6.11303e+10
8.9876e+06,1.72236e+06,3.57928e+06,-1.3682e+11,-6.14729e+10
8.99392e+06,1.72143e+06,3.58359e+06,-1.36666e+11,-6.18151e+10
9.00023e+06,1.7205e+06,3.5879e+06,-1.3651e+11,-6.2157e+10
9.00654e+06,1.71957e+06,3.59221e+06,-1.36354e+11,-6.24984e+10
9.01285e+06,1.71862e+06,3.59651e+06,-1.36198e+11,-6.28395e+10
9.01916e+06,1.71768e+06,3.60081e+06,-1.3604e+11,-6.31801e+10
9.02547e+06,1.71673e+06,3.60511e+06,-1.35881e+11,-6.35204e+10
9.03179e+06,1.71577e+06,3.6094e+06,-1.35722e+11,-6.38603e+10
9.0381e+06,1.71481e+06,3.61369e+06,-1.35562e+11,-6.41998e+10
9.04441e+06,1.71384e+06,3.61798e+06,-1.35401e+11,-6.45389e+10
9.05072e+06,1.71287e+06,3.62227e+06,-1.35239e+11,-6.48775e+10
9.05703e+06,1.71189e+06,3.62656e+06,-1.35076e+11,-6.52158e+10
9.06334e+06,1.71091e+06,3.63084e+06,-1.34912e+11,-6.55536e+10
9.06965e+06,1.70992e+06,3.63512e+06,-1.34748e+11,-6.58911e+10
9.07597e+06,1.70892e+06,3.6394e+06,-1.34582e+11,-6.62281e+10
9.08228e+06,1.70793e+06,3.64368e+06,-1.34416e+11,-6.65647e+10
9.08859e+06,1.70692e+06,3.64795e+06,-1.34249e+11,-6.69009e+10
9.0949e+06,1.70592e+06,3.65222e+06,-1.34081e+11,-6.72367e+10
9.10121e+06,1.7049e+06,3.65649e+06,-1.33913e+11,-6.75721e+10
9.10752e+06,1.70388e+06,3.66075e+06,-1.33743e+11,-6.7907e+10
9.11383e+06,1.70286e+06,3.66502e+06,-1.33573e+11,-6.82415e+10
9.12015e+06,1.70183e+06,3.66928e+06,-1.33401e+11,-6.85756e+10
9.12646e+06,1.7008e+06,3.67353e+06,-1.33229e+11,-6.89093e+10
9.13277e+06,1.69976e+06,3.67779e+06,-1.33056e+11,-6.92425e+10
9.13908e+06,1.69872e+06,3.68204e+06,-1.32883e+11,-6.95753e+10
9.14539e+06,1.69767e+06,3.68629e+06,-1.32708e+11,-6.99076e+10
9.1517e+06,1.69662e+06,3.69054e+06,-1.32533e+11,-7.02396e+10
9.15802e+06,1.69556e+06,3.69478e+06,-1.32357e+11,-7.0571e+10
9.16433e+06,1.6945e+06,3.69903e+06,-1.3218e+11,-7.09021e+10
9.17064e+06,1.69343e+06,3.70327e+06,-1.32002e+11,-7.12327e+10
9.17695e+06,1.69235e+06,3.7075e+06,-1.31823e+11,-7.15628e+10
9.18326e+06,1.69128e+06,3.71174e+06,-1.31643e+11,-7.18925e+10
9.18957e+06,1.69019e+06,3.71597e+06,-1.31463e+11,-7.22217e+10
9.19588e+06,1.68911e+06,3.7202e+06,-1.31282e+11,-7.25505e+10
9.2022e+06,1.68801e+06,3.72442e+06,-1.311e+11,-7.28789e+10
9.20851e+06,1.68692e+06,3.72865e+06,-1.30917e+11,-7.32068e+10
9.21482e+06,1.68581e+06,3.73287e+06,-1.30734e+11,-7.35342e+10
9.22113e+06,1.6847e+06,3.73709e+06,-1.30549e+11,-7.38611e+10
9.22744e+06,1.68359e+06,3.7413e+06,-1.30364e+11,-7.41876e+10
9.23375e+06,1.68247e+06,3.74551e+06,-1.30178e+11,-7.45137e+10
9.24007e+06,1.68135e+06,3.74972e+06,-1.29991e+11,-7.48392e+10
9.24638e+06,1.68023e+06,3.75393e+06,-1.29803e+11,-7.51643e+10
9.25269e+06,1.67909e+06,3.75813e+06,-1.29615e+11,-7.5489e+10
9.259e+06,1.67796e+06,3.76233e+06,-1.29425e+11,-7.58131e+10
9.26531e+06,1.67681e+06,3.76653e+06,-1.29235e+11,-7.61368e+10
9.27162e+06,1.67567e+06,3.77073e+06,-1.29044e+11,-7.646e+10
9.27793e+06,1.67452e+06,3.77492e+06,-1.28852e+11,-7.67827e+10
9.28425e+06,1.67336e+06,3.77911e+06,-1.2866e+11,-7.7105e+10
9.29056e+06,1.6722e+06,3.78329e+06,-1.28466e+11,-7.74267e+10
9.29687e+06,1.67103e+06,3.78748e+06,-1.28272e+11,-7.7748e+10
9.30318e+06,1.66986e+06,3.79166e+06,-1.28077e+11,-7.80688e+10
9.30949e+06,1.66869e+06,3.79584e+06,-1.27881e+11,-7.83891e+10
9.3158e+06,1.6675e+06,3.80001e+06,-1.27685e+11,-7.87089e+10
9.32212e+06,1.66632e+06,3.80418e+06,-1.27487e+11,-7.90282e+10
9.32843e+06,1.66513e+06,3.80835e+06,-1.27289e+11,-7.93471e+10
9.33474e+06,1.66393e+06,3.81252e+06,-1.2709e+11,-7.96654e+10
9.34105e+06,1.66273e+06,3.81668e+06,-1.2689e+11,-7.99832e+10
9.34736e+06,1.66153e+06,3.82084e+06,-1.2669e+11,-8.03005e+10
9.35367e+06,1.66032e+06,3.825e+06,-1.26488e+11,-8.06174e+10
9.35998e+06,1.65911e+06,3.82915e+06,-1.26286e+11,-8.09337e+10
9.3663e+06,1.65789e+06,3.8333e+06,-1.26083e+11,-8.12495e+10
9.37261e+06,1.65666e+06,3.83745e+06,-1.2588e+11,-8.15648e+10
9.37892e+06,1.65544e+06,3.84159e+06,-1.25675e+11,-8.18796e+10
9.38523e+06,1.6542e+06,3.84574e+06,-1.2547e+11,-8.21938e+10
9.39154e+06,1.65297e+06,3.84987e+06,-1.25264e+11,-8.25076e+10
9.39785e+06,1.65172e+06,3.85401e+06,-1.25057e+11,-8.28209e+10
9.40416e+06,1.65048e+06,3.85814e+06,-1.24849e+11,-8.31336e+10
9.41048e+06,1.64922e+06,3.86227e+06,-1.24641e+11,-8.34458e+10
9.41679e+06,1.64797e+06,3.8664e+06,-1.24431e+11,-8.37575e+10
9.4231e+06,1.64671e+06,3.87052e+06,-1.24221e+11,-8.40686e+10
9.42941e+06,1.64544e+06,3.87464e+06,-1.24011e+11,-8.43793e+10
9.43572e+06,1.64417e+06,3.87876e+06,-1.23799e+11,-8.46894e+10
9.44203e+06,1.64289e+06,3.88287e+06,-1.23587e+11,-8.49989e+10
9.44835e+06,1.64162e+06,3.88698e+06,-1.23373e+11,-8.5308e+10
9.45466e+06,1.64033e+06,3.89109e+06,-1.2316e+11,-8.56165e+10
9.46097e+06,1.63904e+06,3.89519e+06,-1.22945e+11,-8.59244e+10
9.46728e+06,1.63775e+06,3.89929e+06,-1.22729e+11,-8.62319e+10
9.47359e+06,1.63645e+06,3.90339e+06,-1.22513e+11,-8.65388e+10
9.4799e+06,1.63515e+06,3.90748e+06,-1.22296e+11,-8.68451e+10
9.48621e+06,1.63384e+06,3.91157e+06,-1.22079e+11,-8.71509e+10
9.49253e+06,1.63253e+06,3.91566e+06,-1.2186e+11,-8.74562e+10
9.49884e+06,1.63121e+06,3.91974e+06,-1.21641e+11,-8.77609e+10
9.50515e+06,1.62989e+06,3.92382e+06,-1.21421e+11,-8.80651e+10
9.51146e+06,1.62856e+06,3.9279e+06,-1.212e+11,-8.83687e+10
9.51777e+06,1.62723e+06,3.93198e+06,-1.20978e+11,-8.86717e+10
9.52408e+06,1.6259e+06,3.93605e+06,-1.20756e+11,-8.89742e+10
9.5304e+06,1.62456e+06,3.94011e+06,-1.20533e+11,-8.92762e+10
9.53671e+06,1.62321e+06,3.94418e+06,-1.20309e+11,-8.95775e+10
9.54302e+06,1.62187e+06,3.94824e+06,-1.20085e+11,-8.98784e+10
9.54933e+06,1.62051e+06,3.9523e+06,-1.19859e+11,-9.01786e+10
9.55564e+06,1.61915e+06,3.95635e+06,-1.19633e+11,-9.04783e+10
9.56195e+06,1.61779e+06,3.9604e+06,-1.19406e+11,-9.07775e+10
9.56826e+06,1.61643e+06,3.96445e+06,-1.19179e+11,-9.1076e+10
9.57458e+06,1.61506e+06,3.96849e+06,-1.1895e+11,-9.1374e+10
9.58089e+06,1.61368e+06,3.97253e+06,-1.18721e+11,-9.16714e+10
9.5872e+06,1.6123e+06,3.97657e+06,-1.18492e+11,-9.19683e+10
9.59351e+06,1.61092e+06,3.9806e+06,-1.18261e+11,-9.22645e+10
9.59982e+06,1.60953e+06,3.98463e+06,-1.1803e+11,-9.25602e+10
9.60613e+06,1.60813e+06,3.98866e+06,-1.17798e+11,-9.28553e+10
9.61244e+06,1.60674e+06,3.99268e+06,-1.17565e+11,-9.31499e+10
9.61876e+06,1.60533e+06,3.9967e+06,-1.17331e+11,-9.34438e+10
9.62507e+06,1.60393e+06,4.00072e+06,-1.17097e+11,-9.37372e+10
9.63138e+06,1.60252e+06,4.00473e+06,-1.16862e+11,-9.40299e+10
9.63769e+06,1.6011e+06,4.00874e+06,-1.16627e+11,-9.43221e+10
9.644e+06,1.59968e+06,4.01274e+06,-1.1639e+11,-9.46137e+10
9.65031e+06,1.59826e+06,4.01675e+06,-1.16153e+11,-9.49047e+10
9.65663e+06,1.59683e+06,4.02074e+06,-1.15915e+11,-9.51951e+10
9.66294e+06,1.59539e+06,4.02474e+06,-1.15676e+11,-9.54849e+10
9.66925e+06,1.59396e+06,4.02873e+06,-1.15437e+11,-9.57741e+10
9.67556e+06,1.59252e+06,4.03272e+06,-1.15197e+11,-9.60627e+10
9.68187e+06,1.59107e+06,4.0367e+06,-1.14956e+11,-9.63507e+10
9.68818e+06,1.58962e+06,4.04068e+06,-1.14715e+11,-9.66381e+10
9.69449e+06,1.58816e+06,4.04466e+06,-1.14472e+11,-9.69249e+10
9.70081e+06,1.58671e+06,4.04863e+06,-1.1423e+11,-9.72111e+10
9.70712e+06,1.58524e+06,4.0526e+06,-1.13986e+11,-9.74967e+10
9.71343e+06,1.58378e+06,4.05656e+06,-1.13742e+11,-9.77817e+10
9.71974e+06,1.5823e+06,4.06053e+06,-1.13496e+11,-9.80661e+10
9.72605e+06,1.58083e+06,4.06449e+06,-1.13251e+11,-9.83498e+10
9.73236e+06,1.57935e+06,4.06844e+06,-1.13004e+11,-9.86329e+10
9.73868e+06,1.57786e+06,4.07239e+06,-1.12757e+11,-9.89154e+10
9.74499e+06,1.57637e+06,4.07634e+06,-1.12509e+11,-9.91973e+10
9.7513e+06,1.57488e+06,4.08028e+06,-1.1226e+11,-9.94786e+10
9.75761e+06,1.57338e+06,4.08422e+06,-1.12011e+11,-9.97592e+10
9.76392e+06,1.57188e+06,4.08816e+06,-1.11761e+11,-1.00039e+11
9.77023e+06,1.57038e+06,4.09209e+06,-1.1151e+11,-1.00319e+11
9.77654e+06,1.56887e+06,4.09602e+06,-1.11259e+11,-1.00597e+11
9.78286e+06,1.56735e+06,4.09994e+06,-1.11007e+11,-1.00876e+11
9.78917e+06,1.56583e+06,4.10386e+06,-1.10754e+11,-1.01153e+11
9.79548e+06,1.56431e+06,4.10778e+06,-1.105e+11,-1.0143e+11
9.80179e+06,1.56279e+06,4.11169e+06,-1.10246e+11,-1.01706e+11
9.8081e+06,1.56125e+06,4.1156e+06,-1.09991e+11,-1.01982e+11
9.81441e+06,1.55972e+06,4.11951e+06,-1.09736e+11,-1.02257e+11
9.82073e+06,1.55818e+06,4.12341e+06,-1.09479e+11,-1.02531e+11
9.82704e+06,1.55664e+06,4.12731e+06,-1.09222e+11,-1.02805e+11
9.83335e+06,1.55509e+06,4.1312e+06,-1.08965e+11,-1.03078e+11
9.83966e+06,1.55354e+06,4.13509e+06,-1.08706e+11,-1.0335e+11
9.84597e+06,1.55198e+06,4.13898e+06,-1.08447e+11,-1.03622e+11
9.85228e+06,1.55042e+06,4.14286e+06,-1.08188e+11,-1.03893e+11
9.85859e+06,1.54886e+06,4.14674e+06,-1.07927e+11,-1.04163e+11
9.86491e+06,1.54729e+06,4.15061e+06,-1.07666e+11,-1.04433e+11
9.87122e+06,1.54572e+06,4.15448e+06,-1.07405e+11,-1.04702e+11
9.87753e+06,1.54415e+06,4.15835e+06,-1.07142e+11,-1.04971e+11
9.88384e+06,1.54257e+06,4.16221e+06,-1.06879e+11,-1.05239e+11
9.89015e+06,1.54098e+06,4.16607e+06,-1.06616e+11,-1.05506e+11
9.89646e+06,1.5394e+06,4.16992e+06,-1.06351e+11,-1.05772e+11
9.90277e+06,1.5378e+06,4.17377e+06,-1.06086e+11,-1.06038e+11
9.90909e+06,1.53621e+06,4.17762e+06,-1.0582e+11,-1.06303e+11
9.9154e+06,1.53461e+06,4.18146e+06,-1.05554e+11,-1.06568e+11
9.92171e+06,1.533e+06,4.1853e+06,-1.05287e+11,-1.06832e+11
9.92802e+06,1.5314e+06,4.18914e+06,-1.05019e+11,-1.07095e+11
9.93433e+06,1.52979e+06,4.19297e+06,-1.04751e+11,-1.07357e+11
9.94064e+06,1.52817e+06,4.19679e+06,-1.04482e+11,-1.07619e+11
9.94696e+06,1.52655e+06,4.20062e+06,-1.04212e+11,-1.0788e+11
9.95327e+06,1.52493e+06,4.20444e+06,-1.03942e+11,-1.08141e+11
9.95958e+06,1.5233e+06,4.20825e+06,-1.03671e+11,-1.08401e+11
9.96589e+06,1.52167e+06,4.21206e+06,-1.03399e+11,-1.0866e+11
9.9722e+06,1.52003e+06,4.21587e+06,-1.03127e+11,-1.08918e+11
9.97851e+06,1.5184e+06,4.21967e+06,-1.02854e+11,-1.09176e+11
9.98482e+06,1.51675e+06,4.22347e+06,-1.0258e+11,-1.09433e+11
9.99114e+06,1.51511e+06,4.22726e+06,-1.02306e+11,-1.09689e+11
9.99745e+06,1.51346e+06,4.23105e+06,-1.02031e+11,-1.09945e+11
1.00038e+07,1.5118e+06,4.23484e+06,-1.01756e+11,-1.102e+11
1.00101e+07,1.51014e+06,4.23862e+06,-1.0148e+11,-1.10454e+11
1.00164e+07,1.50848e+06,4.2424e+06,-1.01203e+11,-1.10708e+11
1.00227e+07,1.50681e+06,4.24617e+06,-1.00926e+11,-1.10961e+11
1.0029e+07,1.50515e+06,4.24994e+06,-1.00648e+11,-1.11213e+11
1.00353e+07,1.50347e+06,4.2537e+06,-1.00369e+11,-1.11465e+11
1.00416e+07,1.50179e+06,4.25746e+06,-1.0009e+11,-1.11716e+11
1.00479e+07,1.50011e+06,4.26122e+06,-9.98097e+10,-1.11966e+11
1.00543e+07,1.49843e+06,4.26497e+06,-9.95291e+10,-1.12215e+11
1.00606e+07,1.49674e+06,4.26872e+06,-9.92479e+10,-1.12464e+11
1.00669e+07,1.49505e+06,4.27246e+06,-9.89662e+10,-1.12712e+11
1.00732e+07,1.49335e+06,4.2762e+06,-9.86838e+10,-1.12959e+11
1.00795e+07,1.49165e+06,4.27994e+06,-9.84007e+10,-1.13206e+11
1.00858e+07,1.48995e+06,4.28367e+06,-9.81171e+10,-1.13452e+11
1.00921e+07,1.48824e+06,4.2874e+06,-9.78328e+10,-1.13697e+11
1.00984e+07,1.48653e+06,4.29112e+06,-9.7548e+10,-1.13942e+11
1.01047e+07,1.48482e+06,4.29484e+06,-9.72625e+10,-1.14185e+11
1.01111e+07,1.4831e+06,4.29855e+06,-9.69764e+10,-1.14428e+11
1.01174e+07,1.48138e+06,4.30226e+06,-9.66897e+10,-1.14671e+11
1.01237e+07,1.47965e+06,4.30597e+06,-9.64024e+10,-1.14912e+11
1.013e+07,1.47792e+06,4.30967e+06,-9.61145e+10,-1.15153e+11
1.01363e+07,1.47619e+06,4.31336e+06,-9.5826e+10,-1.15394e+11
1.01426e+07,1.47446e+06,4.31706e+06,-9.55369e+10,-1.15633e+11
1.01489e+07,1.47272e+06,4.32074e+06,-9.52472e+10,-1.15872e+11
1.01552e+07,1.47097e+06,4.32443e+06,-9.49569e+10,-1.1611e+11
1.01615e+07,1.46923e+06,4.32811e+06,-9.4666e+10,-1.16347e+11
1.01679e+07,1.46748e+06,4.33178e+06,-9.43745e+10,-1.16584e+11
1.01742e+07,1.46572e+06,4.33545e+06,-9.40824e+10,-1.16819e+11
1.01805e+07,1.46396e+06,4.33912e+06,-9.37897e+10,-1.17055e+11
1.01868e+07,1.4622e+06,4.34278e+06,-9.34965e+10,-1.17289e+11
1.01931e+07,1.46044e+06,4.34644e+06,-9.32026e+10,-1.17523e+11
1.01994e+07,1.45867e+06,4.35009e+06,-9.29082e+10,-1.17755e+11
1.02057e+07,1.4569e+06,4.35374e+06,-9.26132e+10,-1.17988e+11
1.0212e+07,1.45512e+06,4.35738e+06,-9.23176e+10,-1.18219e+11
1.02184e+07,1.45335e+06,4.36102e+06,-9.20214e+10,-1.1845e+11
1.02247e+07,1.45156e+06,4.36466e+06,-9.17247e+10,-1.1868e+11
1.0231e+07,1.44978e+06,4.36829e+06,-9.14274e+10,-1.18909e+11
1.02373e+07,1.44799e+06,4.37191e+06,-9.11295e+10,-1.19137e+11
1.02436e+07,1.4462e+06,4.37554e+06,-9.0831e+10,-1.19365e+11
1.02499e+07,1.4444e+06,4.37915e+06,-9.0532e+10,-1.19592e+11
1.02562e+07,1.4426e+06,4.38277e+06,-9.02324e+10,-1.19818e+11
1.02625e+07,1.4408e+06,4.38637e+06,-8.99322e+10,-1.20044e+11
1.02688e+07,1.43899e+06,4.38998e+06,-8.96315e+10,-1.20268e+11
1.02752e+07,1.43718e+06,4.39358e+06,-8.93302e+10,-1.20492e+11
1.02815e+07,1.43537e+06,4.39717e+06,-8.90284e+10,-1.20715e+11
1.02878e+07,1.43356e+06,4.40076e+06,-8.87259e+10,-1.20938e+11
1.02941e+07,1.43174e+06,4.40435e+06,-8.8423e+10,-1.2116e+11
1.03004e+07,1.42991e+06,4.40793e+06,-8.81195e+10,-1.2138e+11
1.03067e+07,1.42809e+06,4.4115e+06,-8.78154e+10,-1.21601e+11
1.0313e+07,1.42626e+06,4.41508e+06,-8.75108e+10,-1.2182e+11
1.03193e+07,1.42443e+06,4.41864e+06,-8.72056e+10,-1.22039e+11
1.03256e+07,1.42259e+06,4.42221e+06,-8.68999e+10,-1.22257e+11
1.0332e+07,1.42075e+06,4.42576e+06,-8.65937e+10,-1.22474e+11
1.03383e+07,1.41891e+06,4.42932e+06,-8.62869e+10,-1.2269e+11
1.03446e+07,1.41706e+06,4.43287e+06,-8.59795e+10,-1.22906e+11
1.03509e+07,1.41521e+06,4.43641e+06,-8.56716e+10,-1.2312e+11
1.03572e+07,1.41336e+06,4.43995e+06,-8.53632e+10,-1.23334e+11
1.03635e+07,1.41151e+06,4.44348e+06,-8.50543e+10,-1.23548e+11
1.03698e+07,1.40965e+06,4.44701e+06,-8.47448e+10,-1.2376e+11
1.03761e+07,1.40779e+06,4.45054e+06,-8.44348e+10,-1.23972e+11
1.03825e+07,1.40592e+06,4.45406e+06,-8.41242e+10,-1.24183e+11
1.03888e+07,1.40405e+06,4.45758e+06,-8.38132e+10,-1.24393e+11
1.03951e+07,1.40218e+06,4.46109e+06,-8.35016e+10,-1.24602e+11
1.04014e+07,1.40031e+06,4.4646e+06,-8.31895e+10,-1.24811e+11
1.04077e+07,1.39843e+06,4.4681e+06,-8.28768e+10,-1.25019e+11
1.0414e+07,1.39655e+06,4.4716e+06,-8.25637e+10,-1.25226e+11
1.04203e+07,1.39467e+06,4.47509e+06,-8.225e+10,-1.25432e+11
1.04266e+07,1.39278e+06,4.47858e+06,-8.19358e+10,-1.25637e+11
1.04329e+07,1.39089e+06,4.48206e+06,-8.16211e+10,-1.25842e+11
1.04393e+07,1.389e+06,4.48554e+06,-8.13059e+10,-1.26046e+11
1.04456e+07,1.3871e+06,4.48901e+06,-8.09902e+10,-1.26249e+11
1.04519e+07,1.3852e+06,4.49248e+06,-8.06739e+10,-1.26451e+11
1.04582e+07,1.3833e+06,4.49595e+06,-8.03572e+10,-1.26653e+11
1.04645e+07,1.3814e+06,4.49941e+06,-8.004e+10,-1.26854e+11
1.04708e+07,1.37949e+06,4.50286e+06,-7.97222e+10,-1.27054e+11
1.04771e+07,1.37758e+06,4.50631e+06,-7.9404e+10,-1.27253e+11
1.04834e+07,1.37566e+06,4.50976e+06,-7.90852e+10,-1.27451e+11
1.04897e+07,1.37375e+06,4.5132e+06,-7.8766e+10,-1.27649e+11
1.04961e+07,1.37183e+06,4.51663e+06,-7.84463e+10,-1.27845e+11
1.05024e+07,1.3699e+06,4.52006e+06,-7.81261e+10,-1.28041e+11
1.05087e+07,1.36798e+06,4.52349e+06,-7.78054e+10,-1.28236e+11
1.0515e+07,1.36605e+06,4.52691e+06,-7.74842e+10,-1.28431e+11
1.05213e+07,1.36412e+06,4.53033e+06,-7.71625e+10,-1.28624e+11
1.05276e+07,1.36218e+06,4.53374e+06,-7.68403e+10,-1.28817e+11
1.05339e+07,1.36024e+06,4.53714e+06,-7.65177e+10,-1.29009e+11
1.05402e+07,1.3583e+06,4.54055e+06,-7.61946e+10,-1.292e+11
1.05465e+07,1.35636e+06,4.54394e+06,-7.5871e+10,-1.2939e+11
1.05529e+07,1.35442e+06,4.54734e+06,-7.55469e+10,-1.2958e+11
1.05592e+07,1.35247e+06,4.55072e+06,-7.52223e+10,-1.29768e+11
1.05655e+07,1.35051e+06,4.55411e+06,-7.48973e+10,-1.29956e+11
1.05718e+07,1.34856e+06,4.55748e+06,-7.45718e+10,-1.30143e+11
1.05781e+07,1.3466e+06,4.56086e+06,-7.42459e+10,-1.30329e+11
1.05844e+07,1.34464e+06,4.56422e+06,-7.39195e+10,-1.30515e+11
1.05907e+07,1.34268e+06,4.56759e+06,-7.35926e+10,-1.30699e+11
1.0597e+07,1.34071e+06,4.57094e+06,-7.32652e+10,-1.30883e+11
1.06034e+07,1.33875e+06,4.5743e+06,-7.29374e+10,-1.31066e+11
1.06097e+07,1.33677e+06,4.57765e+06,-7.26092e+10,-1.31248e+11
1.0616e+07,1.3348e+06,4.58099e+06,-7.22804e+10,-1.3143e+11
1.06223e+07,1.33282e+06,4.58433e+06,-7.19513e+10,-1.3161e+11
1.06286e+07,1.33084e+06,4.58766e+06,-7.16217e+10,-1.3179e+11
1.06349e+07,1.32886e+06,4.59099e+06,-7.12916e+10,-1.31969e+11
1.06412e+07,1.32688e+06,4.59431e+06,-7.09611e+10,-1.32147e+11
1.06475e+07,1.32489e+06,4.59763e+06,-7.06301e+10,-1.32324e+11
1.06538e+07,1.3229e+06,4.60094e+06,-7.02987e+10,-1.325e+11
1.06602e+07,1.32091e+06,4.60425e+06,-6.99669e+10,-1.32676e+11
1.06665e+07,1.31891e+06,4.60755e+06,-6.96346e+10,-1.3285e+11
1.06728e+07,1.31691e+06,4.61085e+06,-6.93019e+10,-1.33024e+11
1.06791e+07,1.31491e+06,4.61415e+06,-6.89687e+10,-1.33197e+11
1.06854e+07,1.31291e+06,4.61743e+06,-6.86352e+10,-1.3337e+11
1.06917e+07,1.3109e+06,4.62072e+06,-6.83011e+10,-1.33541e+11
1.0698e+07,1.3089e+06,4.624e+06,-6.79667e+10,-1.33711e+11
1.07043e+07,1.30689e+06,4.62727e+06,-6.76318e+10,-1.33881e+11
1.07106e+07,1.30487e+06,4.63054e+06,-6.72965e+10,-1.3405e+11
1.0717e+07,1.30286e+06,4.6338e+06,-6.69608e+10,-1.34218e+11
1.07233e+07,1.30084e+06,4.63706e+06,-6.66247e+10,-1.34385e+11
1.07296e+07,1.29882e+06,4.64031e+06,-6.62882e+10,-1.34551e+11
1.07359e+07,1.29679e+06,4.64356e+06,-6.59512e+10,-1.34717e+11
1.07422e+07,1.29477e+06,4.6468e+06,-6.56138e+10,-1.34882e+11
1.07485e+07,1.29274e+06,4.65004e+06,-6.5276e+10,-1.35045e+11
1.07548e+07,1.29071e+06,4.65327e+06,-6.49378e+10,-1.35208e+11
1.07611e+07,1.28867e+06,4.6565e+06,-6.45992e+10,-1.3537e+11
1.07675e+07,1.28664e+06,4.65972e+06,-6.42602e+10,-1.35532e+11
1.07738e+07,1.2846e+06,4.66294e+06,-6.39208e+10,-1.35692e+11
1.07801e+07,1.28256e+06,4.66615e+06,-6.3581e+10,-1.35852e+11
1.07864e+07,1.28052e+06,4.66936e+06,-6.32408e+10,-1.3601e+11
1.07927e+07,1.27847e+06,4.67256e+06,-6.29002e+10,-1.36168e+11
1.0799e+07,1.27642e+06,4.67576e+06,-6.25592e+10,-1.36325e+11
1.08053e+07,1.27437e+06,4.67895e+06,-6.22178e+10,-1.36481e+11
1.08116e+07,1.27232e+06,4.68214e+06,-6.1876e+10,-1.36637e+11
1.08179e+07,1.27027e+06,4.68532e+06,-6.15339e+10,-1.36791e+11
1.08243e+07,1.26821e+06,4.6885e+06,-6.11913e+10,-1.36945e+11
1.08306e+07,1.26615e+06,4.69167e+06,-6.08484e+10,-1.37097e+11
1.08369e+07,1.26409e+06,4.69484e+06,-6.05051e+10,-1.37249e+11
1.08432e+07,1.26202e+06,4.698e+06,-6.01614e+10,-1.374e+11
1.08495e+07,1.25996e+06,4.70115e+06,-5.98173e+10,-1.3755e+11
1.08558e+07,1.25789e+06,4.7043e+06,-5.94728e+10,-1.377e+11
1.08621e+07,1.25582e+06,4.70745e+06,-5.9128e+10,-1.37848e+11
1.08684e+07,1.25375e+06,4.71059e+06,-5.87828e+10,-1.37996e+11
1.08747e+07,1.25167e+06,4.71372e+06,-5.84373e+10,-1.38142e+11
1.08811e+07,1.24959e+06,4.71685e+06,-5.80913e+10,-1.38288e+11
1.08874e+07,1.24751e+06,4.71998e+06,-5.77451e+10,-1.38433e+11
1.08937e+07,1.24543e+06,4.7231e+06,-5.73984e+10,-1.38577e+11
1.09e+07,1.24335e+06,4.72621e+06,-5.70514e+10,-1.3872e+11
1.09063e+07,1.24126e+06,4.72932e+06,-5.6704e+10,-1.38863e+11
1.09126e+07,1.23918e+06,4.73243e+06,-5.63563e+10,-1.39004e+11
1.09189e+07,1.23709e+06,4.73552e+06,-5.60082e+10,-1.39145e+11
1.09252e+07,1.23499e+06,4.73862e+06,-5.56598e+10,-1.39285e+11
1.09316e+07,1.2329e+06,4.74171e+06,-5.5311e+10,-1.39423e+11
1.09379e+07,1.2308e+06,4.74479e+06,-5.49619e+10,-1.39561e+11
1.09442e+07,1.2287e+06,4.74787e+06,-5.46124e+10,-1.39698e+11
1.09505e+07,1.2266e+06,4.75094e+06,-5.42626e+10,-1.39835e+11
1.09568e+07,1.2245e+06,4.75401e+06,-5.39125e+10,-1.3997e+11
1.09631e+07,1.2224e+06,4.75707e+06,-5.3562e+10,-1.40105e+11
1.09694e+07,1.22029e+06,4.76013e+06,-5.32112e+10,-1.40238e+11
1.09757e+07,1.21818e+06,4.76318e+06,-5.286e+10,-1.40371e+11
1.0982e+07,1.21607e+06,4.76622e+06,-5.25085e+10,-1.40503e+11
1.09884e+07,1.21396e+06,4.76926e+06,-5.21567e+10,-1.40634e+11
1.09947e+07,1.21184e+06,4.7723e+06,-5.18046e+10,-1.40764e+11
1.1001e+07,1.20973e+06,4.77533e+06,-5.14521e+10,-1.40893e+11
1.10073e+07,1.20761e+06,4.77835e+06,-5.10993e+10,-1.41021e+11
1.10136e+07,1.20549e+06,4.78137e+06,-5.07462e+10,-1.41149e+11
1.10199e+07,1.20336e+06,4.78439e+06,-5.03928e+10,-1.41275e+11
1.10262e+07,1.20124e+06,4.7874e+06,-5.00391e+10,-1.41401e+11
1.10325e+07,1.19911e+06,4.7904e+06,-4.9685e+10,-1.41526e+11
1.10388e+07,1.19699e+06,4.7934e+06,-4.93306e+10,-1.4165e+11
1.10452e+07,1.19486e+06,4.79639e+06,-4.8976e+10,-1.41773e+11
1.10515e+07,1.19272e+06,4.79938e+06,-4.8621e+10,-1.41895e+11
1.10578e+07,1.19059e+06,4.80236e+06,-4.82657e+10,-1.42016e+11
1.10641e+07,1.18846e+06,4.80534e+06,-4.79101e+10,-1.42137e+11
1.10704e+07,1.18632e+06,4.80831e+06,-4.75542e+10,-1.42256e+11
1.10767e+07,1.18418e+06,4.81128e+06,-4.7198e+10,-1.42375e+11
1.1083e+07,1.18204e+06,4.81424e+06,-4.68416e+10,-1.42492e+11
1.10893e+07,1.1799e+06,4.81719e+06,-4.64848e+10,-1.42609e+11
1.10957e+07,1.17775e+06,4.82014e+06,-4.61277e+10,-1.42725e+11
1.1102e+07,1.17561e+06,4.82309e+06,-4.57704e+10,-1.4284e+11
1.11083e+07,1.17346e+06,4.82603e+06,-4.54127e+10,-1.42954e+11
1.11146e+07,1.17131e+06,4.82896e+06,-4.50548e+10,-1.43067e+11
1.11209e+07,1.16916e+06,4.83189e+06,-4.46966e+10,-1.4318e+11
1.11272e+07,1.16701e+06,4.83482e+06,-4.43381e+10,-1.43291e+11
1.11335e+07,1.16485e+06,4.83773e+06,-4.39793e+10,-1.43402e+11
1.11398e+07,1.1627e+06,4.84065e+06,-4.36203e+10,-1.43511e+11
1.11461e+07,1.16054e+06,4.84355e+06,-4.3261e+10,-1.4362e+11
1.11525e+07,1.15838e+06,4.84645e+06,-4.29014e+10,-1.43728e+11
1.11588e+07,1.15622e+06,4.84935e+06,-4.25415e+10,-1.43835e+11
1.11651e+07,1.15405e+06,4.85224e+06,-4.21814e+10,-1.43941e+11
1.11714e+07,1.15189e+06,4.85513e+06,-4.1821e+10,-1.44046e+11
1.11777e+07,1.14972e+06,4.85801e+06,-4.14604e+10,-1.4415e+11
1.1184e+07,1.14756e+06,4.86088e+06,-4.10995e+10,-1.44253e+11
1.11903e+07,1.14539e+06,4.86375e+06,-4.07383e+10,-1.44356e+11
1.11966e+07,1.14322e+06,4.86662e+06,-4.03769e+10,-1.44457e+11
1.12029e+07,1.14105e+06,4.86947e+06,-4.00152e+10,-1.44558e+11
1.12093e+07,1.13887e+06,4.87233e+06,-3.96533e+10,-1.44657e+11
1.12156e+07,1.1367e+06,4.87517e+06,-3.92911e+10,-1.44756e+11
1.12219e+07,1.13452e+06,4.87802e+06,-3.89287e+10,-1.44854e+11
1.12282e+07,1.13234e+06,4.88085e+06,-3.8566e+10,-1.44951e+11
1.12345e+07,1.13017e+06,4.88368e+06,-3.82031e+10,-1.45047e+11
1.12408e+07,1.12798e+06,4.88651e+06,-3.784e+10,-1.45142e+11
1.12471e+07,1.1258e+06,4.88933e+06,-3.74766e+10,-1.45237e+11
1.12534e+07,1.12362e+06,4.89215e+06,-3.7113e+10,-1.4533e+11
1.12598e+07,1.12143e+06,4.89495e+06,-3.67492e+10,-1.45422e+11
1.12661e+07,1.11925e+06,4.89776e+06,-3.63851e+10,-1.45514e+11
1.12724e+07,1.11706e+06,4.90056e+06,-3.60208e+10,-1.45605e+11
1.12787e+07,1.11487e+06,4.90335e+06,-3.56562e+10,-1.45694e+11
1.1285e+07,1.11268e+06,4.90614e+06,-3.52915e+10,-1.45783e+11
1.12913e+07,1.11049e+06,4.90892e+06,-3.49265e+10,-1.45871e+11
1.12976e+07,1.1083e+06,4.9117e+06,-3.45613e+10,-1.45958e+11
1.13039e+07,1.1061e+06,4.91447e+06,-3.41959e+10,-1.46044e+11
1.13102e+07,1.10391e+06,4.91723e+06,-3.38303e+10,-1.46129e+11
1.13166e+07,1.10171e+06,4.91999e+06,-3.34644e+10,-1.46213e+11
1.13229e+07,1.09951e+06,4.92275e+06,-3.30984e+10,-1.46297e+11
1.13292e+07,1.09731e+06,4.9255e+06,-3.27321e+10,-1.46379e+11
1.13355e+07,1.09511e+06,4.92824e+06,-3.23657e+10,-1.4646e+11
1.13418e+07,1.09291e+06,4.93098e+06,-3.1999e+10,-1.46541e+11
1.13481e+07,1.09071e+06,4.93371e+06,-3.16322e+10,-1.46621e+11
1.13544e+07,1.0885e+06,4.93644e+06,-3.12651e+10,-1.46699e+11
1.13607e+07,1.0863e+06,4.93916e+06,-3.08979e+10,-1.46777e+11
1.1367e+07,1.08409e+06,4.94187e+06,-3.05304e+10,-1.46854e+11
1.13734e+07,1.08188e+06,4.94458e+06,-3.01628e+10,-1.4693e+11
1.13797e+07,1.07967e+06,4.94729e+06,-2.97949e+10,-1.47005e+11
1.1386e+07,1.07746e+06,4.94999e+06,-2.94269e+10,-1.47079e+11
1.13923e+07,1.07525e+06,4.95268e+06,-2.90587e+10,-1.47152e+11
1.13986e+07,1.07304e+06,4.95537e+06,-2.86903e+10,-1.47224e+11
1.14049e+07,1.07083e+06,4.95805e+06,-2.83218e+10,-1.47296e+11
1.14112e+07,1.06861e+06,4.96073e+06,-2.7953e+10,-1.47366e+11
1.14175e+07,1.0664e+06,4.9634e+06,-2.75841e+10,-1.47436e+11
1.14239e+07,1.06418e+06,4.96607e+06,-2.7215e+10,-1.47504e+11
1.14302e+07,1.06196e+06,4.96873e+06,-2.68458e+10,-1.47572e+11
1.14365e+07,1.05975e+06,4.97138e+06,-2.64764e+10,-1.47639e+11
1.14428e+07,1.05753e+06,4.97403e+06,-2.61068e+10,-1.47704e+11
1.14491e+07,1.05531e+06,4.97668e+06,-2.5737e+10,-1.47769e+11
1.14554e+07,1.05308e+06,4.97932e+06,-2.53671e+10,-1.47833e+11
1.14617e+07,1.05086e+06,4.98195e+06,-2.4997e+10,-1.47896e+11
1.1468e+07,1.04864e+06,4.98458e+06,-2.46268e+10,-1.47958e+11
1.14743e+07,1.04641e+06,4.9872e+06,-2.42564e+10,-1.4802e+11
1.14807e+07,1.04419e+06,4.98981e+06,-2.38859e+10,-1.4808e+11
1.1487e+07,1.04196e+06,4.99242e+06,-2.35152e+10,-1.48139e+11
1.14933e+07,1.03974e+06,4.99503e+06,-2.31443e+10,-1.48198e+11
1.14996e+07,1.03751e+06,4.99763e+06,-2.27734e+10,-1.48255e+11
1.15059e+07,1.03528e+06,5.00022e+06,-2.24022e+10,-1.48312e+11
1.15122e+07,1.03305e+06,5.00281e+06,-2.2031e+10,-1.48367e+11
1.15185e+07,1.03082e+06,5.00539e+06,-2.16596e+10,-1.48422e+11
1.15248e+07,1.02859e+06,5.00797e+06,-2.1288e+10,-1.48476e+11
1.15311e+07,1.02636e+06,5.01054e+06,-2.09164e+10,-1.48528e+11
1.15375e+07,1.02412e+06,5.01311e+06,-2.05446e+10,-1.4858e+11
1.15438e+07,1.02189e+06,5.01567e+06,-2.01726e+10,-1.48631e+11
1.15501e+07,1.01966e+06,5.01822e+06,-1.98006e+10,-1.48681e+11
1.15564e+07,1.01742e+06,5.02077e+06,-1.94284e+10,-1.4873e+11
1.15627e+07,1.01519e+06,5.02331e+06,-1.90561e+10,-1.48778e+11
1.1569e+07,1.01295e+06,5.02585e+06,-1.86837e+10,-1.48826e+11
1.15753e+07,1.01071e+06,5.02839e+06,-1.83111e+10,-1.48872e+11
1.15816e+07,1.00848e+06,5.03091e+06,-1.79385e+10,-1.48917e+11
1.1588e+07,1.00624e+06,5.03343e+06,-1.75657e+10,-1.48962e+11
1.15943e+07,1.004e+06,5.03595e+06,-1.71928e+10,-1.49005e+11
1.16006e+07,1.00176e+06,5.03846e+06,-1.68199e+10,-1.49048e+11
1.16069e+07,999517,5.04096e+06,-1.64468e+10,-1.4909e+11
1.16132e+07,997276,5.04346e+06,-1.60736e+10,-1.4913e+11
1.16195e+07,995035,5.04595e+06,-1.57003e+10,-1.4917e+11
1.16258e+07,992793,5.04844e+06,-1.53269e+10,-1.49209e+11
1.16321e+07,990550,5.05092e+06,-1.49534e+10,-1.49247e+11
1.16384e+07,988306,5.0534e+06,-1.45798e+10,-1.49284e+11
1.16448e+07,986063,5.05587e+06,-1.42062e+10,-1.4932e+11
1.16511e+07,983818,5.05834e+06,-1.38324e+10,-1.49355e+11
1.16574e+07,981573,5.0608e+06,-1.34586e+10,-1.49389e+11
1.16637e+07,979328,5.06325e+06,-1.30846e+10,-1.49422e+11
1.167e+07,977082,5.0657e+06,-1.27106e+10,-1.49454e+11
1.16763e+07,974835,5.06814e+06,-1.23365e+10,-1.49486e+11
1.16826e+07,972588,5.07058e+06,-1.19623e+10,-1.49516e+11
1.16889e+07,970341,5.07301e+06,-1.15881e+10,-1.49546e+11
1.16952e+07,968093,5.07543e+06,-1.12138e+10,-1.49574e+11
1.17016e+07,965845,5.07785e+06,-1.08394e+10,-1.49602e+11
1.17079e+07,963596,5.08027e+06,-1.04649e+10,-1.49628e+11
1.17142e+07,961347,5.08268e+06,-1.00904e+10,-1.49654e+11
1.17205e+07,959098,5.08508e+06,-9.71584e+09,-1.49679e+11
1.17268e+07,956848,5.08748e+06,-9.34119e+09,-1.49703e+11
1.17331e+07,954598,5.08987e+06,-8.96649e+09,-1.49726e+11
1.17394e+07,952348,5.09226e+06,-8.59173e+09,-1.49748e+11
1.17457e+07,950097,5.09464e+06,-8.21691e+09,-1.49769e+11
1.17521e+07,947846,5.09701e+06,-7.84205e+09,-1.49789e+11
1.17584e+07,945594,5.09938e+06,-7.46713e+09,-1.49808e+11
1.17647e+07,943343,5.10174e+06,-7.09217e+09,-1.49826e+11
1.1771e+07,941091,5.1041e+06,-6.71717e+09,-1.49843e+11
1.17773e+07,938839,5.10645e+06,-6.34212e+09,-1.4986e+11
1.17836e+07,936586,5.1088e+06,-5.96703e+09,-1.49875e+11
1.17899e+07,934334,5.11114e+06,-5.59191e+09,-1.4989e+11
1.17962e+07,932081,5.11348e+06,-5.21675e+09,-1.49903e+11
1.18025e+07,929828,5.11581e+06,-4.84156e+09,-1.49916e+11
1.18089e+07,927575,5.11813e+06,-4.46633e+09,-1.49927e+11
1.18152e+07,925321,5.12045e+06,-4.09108e+09,-1.49938e+11
1.18215e+07,923068,5.12276e+06,-3.71581e+09,-1.49948e+11
1.18278e+07,920814,5.12507e+06,-3.34051e+09,-1.49957e+11
1.18341e+07,918560,5.12737e+06,-2.96518e+09,-1.49965e+11
1.18404e+07,916306,5.12967e+06,-2.58985e+09,-1.49972e+11
1.18467e+07,914052,5.13196e+06,-2.21449e+09,-1.49978e+11
1.1853e+07,911798,5.13424e+06,-1.83912e+09,-1.49983e+11
1.18593e+07,909544,5.13652e+06,-1.46374e+09,-1.49987e+11
1.18657e+07,907290,5.1388e+06,-1.08835e+09,-1.4999e+11
1.1872e+07,905035,5.14107e+06,-7.12953e+08,-1.49992e+11
1.18783e+07,902781,5.14333e+06,-3.37552e+08,-1.49994e+11
1.18846e+07,900527,5.14558e+06,3.78519e+07,-1.49994e+11
1.18909e+07,898273,5.14783e+06,4.13255e+08,-1.49993e+11
1.18972e+07,896018,5.15008e+06,7.88656e+08,-1.49992e+11
1.19035e+07,893764,5.15232e+06,1.16405e+09,-1.49989e+11
1.19098e+07,891510,5.15455e+06,1.53944e+09,-1.49986e+11
1.19161e+07,889256,5.15678e+06,1.91482e+09,-1.49982e+11
1.19225e+07,887002,5.159e+06,2.29019e+09,-1.49977e+11
1.19288e+07,884748,5.16122e+06,2.66554e+09,-1.4997e+11
1.19351e+07,882494,5.16343e+06,3.04087e+09,-1.49963e+11
1.19414e+07,880240,5.16564e+06,3.41619e+09,-1.49955e+11
1.19477e+07,877986,5.16784e+06,3.79149e+09,-1.49946e+11
1.1954e+07,875733,5.17003e+06,4.16676e+09,-1.49936e+11
1.19603e+07,873479,5.17222e+06,4.542e+09,-1.49925e+11
1.19666e+07,871226,5.17441e+06,4.91722e+09,-1.49913e+11
1.1973e+07,868973,5.17658e+06,5.29241e+09,-1.49901e+11
1.19793e+07,866720,5.17876e+06,5.66756e+09,-1.49887e+11
1.19856e+07,864468,5.18092e+06,6.04268e+09,-1.49872e+11
1.19919e+07,862215,5.18308e+06,6.41776e+09,-1.49857e+11
1.19982e+07,859963,5.18524e+06,6.7928e+09,-1.4984e+11
1.20045e+07,857711,5.18739e+06,7.16779e+09,-1.49823e+11
1.20108e+07,855460,5.18953e+06,7.54275e+09,-1.49804e+11
1.20171e+07,853208,5.19167e+06,7.91765e+09,-1.49785e+11
1.20234e+07,850957,5.1938e+06,8.29251e+09,-1.49765e+11
1.20298e+07,848707,5.19593e+06,8.66731e+09,-1.49743e+11
1.20361e+07,846456,5.19805e+06,9.04206e+09,-1.49721e+11
1.20424e+07,844206,5.20017e+06,9.41675e+09,-1.49698e+11
1.20487e+07,841957,5.20228e+06,9.79138e+09,-1.49674e+11
1.2055e+07,839707,5.20438e+06,1.0166e+10,-1.49649e+11
1.20613e+07,837458,5.20648e+06,1.05405e+10,-1.49623e+11
1.20676e+07,835210,5.20857e+06,1.09149e+10,-1.49596e+11
1.20739e+07,832962,5.21066e+06,1.12893e+10,-1.49569e+11
1.20802e+07,830714,5.21274e+06,1.16636e+10,-1.4954e+11
1.20866e+07,828467,5.21482e+06,1.20378e+10,-1.4951e+11
1.20929e+07,826220,5.21689e+06,1.2412e+10,-1.4948e+11
1.20992e+07,823974,5.21895e+06,1.2786e+10,-1.49448e+11
1.21055e+07,821728,5.22101e+06,1.316e+10,-1.49416e+11
1.21118e+07,819482,5.22307e+06,1.3534e+10,-1.49382e+11
1.21181e+07,817237,5.22511e+06,1.39078e+10,-1.49348e+11
1.21244e+07,814993,5.22716e+06,1.42815e+10,-1.49313e+11
1.21307e+07,812749,5.22919e+06,1.46552e+10,-1.49276e+11
1.21371e+07,810506,5.23122e+06,1.50287e+10,-1.49239e+11
1.21434e+07,808263,5.23325e+06,1.54022e+10,-1.49201e+11
1.21497e+07,806021,5.23527e+06,1.57756e+10,-1.49162e+11
1.2156e+07,803780,5.23728e+06,1.61489e+10,-1.49122e+11
1.21623e+07,801539,5.23929e+06,1.6522e+10,-1.49081e+11
1.21686e+07,799299,5.2413e+06,1.68951e+10,-1.4904e+11
1.21749e+07,797059,5.24329e+06,1.72681e+10,-1.48997e+11
1.21812e+07,794820,5.24529e+06,1.76409e+10,-1.48953e+11
1.21875e+07,792582,5.24727e+06,1.80137e+10,-1.48909e+11
1.21939e+07,790344,5.24925e+06,1.83863e+10,-1.48863e+11
1.22002e+07,788107,5.25123e+06,1.87588e+10,-1.48816e+11
1.22065e+07,785871,5.2532e+06,1.91312e+10,-1.48769e+11
1.22128e+07,783635,5.25516e+06,1.95035e+10,-1.48721e+11
1.22191e+07,781400,5.25712e+06,1.98756e+10,-1.48671e+11
1.22254e+07,779166,5.25907e+06,2.02477e+10,-1.48621e+11
1.22317e+07,776933,5.26102e+06,2.06196e+10,-1.4857e+11
1.2238e+07,774701,5.26296e+06,2.09913e+10,-1.48518e+11
1.22443e+07,772469,5.2649e+06,2.1363e+10,-1.48465e+11
1.22507e+07,770238,5.26683e+06,2.17345e+10,-1.48411e+11
1.2257e+07,768008,5.26875e+06,2.21059e+10,-1.48356e+11
1.22633e+07,765779,5.27067e+06,2.24771e+10,-1.483e+11
1.22696e+07,763550,5.27259e+06,2.28482e+10,-1.48244e+11
1.22759e+07,761322,5.27449e+06,2.32192e+10,-1.48186e+11
1.22822e+07,759096,5.2764e+06,2.359e+10,-1.48128e+11
1.22885e+07,756870,5.27829e+06,2.39606e+10,-1.48068e+11
1.22948e+07,754645,5.28019e+06,2.43311e+10,-1.48008e+11
1.23012e+07,752421,5.28207e+06,2.47015e+10,-1.47946e+11
1.23075e+07,750198,5.28395e+06,2.50717e+10,-1.47884e+11
1.23138e+07,747976,5.28583e+06,2.54417e+10,-1.47821e+11
1.23201e+07,745755,5.2877e+06,2.58116e+10,-1.47757e+11
1.23264e+07,743535,5.28956e+06,2.61813e+10,-1.47692e+11
1.23327e+07,741315,5.29142e+06,2.65509e+10,-1.47626e+11
1.2339e+07,739097,5.29327e+06,2.69203e+10,-1.47559e+11
1.23453e+07,736880,5.29512e+06,2.72895e+10,-1.47491e+11
1.23516e+07,734664,5.29696e+06,2.76586e+10,-1.47422e+11
1.2358e+07,732449,5.29879e+06,2.80274e+10,-1.47352e+11
1.23643e+07,730234,5.30062e+06,2.83961e+10,-1.47282e+11
1.23706e+07,728021,5.30245e+06,2.87647e+10,-1.4721e+11
1.23769e+07,725810,5.30427e+06,2.9133e+10,-1.47138e+11
1.23832e+07,723599,5.30608e+06,2.95012e+10,-1.47064e+11
1.23895e+07,721389,5.30789e+06,2.98692e+10,-1.4699e+11
1.23958e+07,719180,5.30969e+06,3.0237e+10,-1.46915e+11
1.24021e+07,716973,5.31149e+06,3.06046e+10,-1.46839e+11
1.24084e+07,714767,5.31328e+06,3.0972e+10,-1.46762e+11
1.24148e+07,712561,5.31507e+06,3.13392e+10,-1.46684e+11
1.24211e+07,710357,5.31685e+06,3.17062e+10,-1.46605e+11
1.24274e+07,708155,5.31862e+06,3.2073e+10,-1.46525e+11
1.24337e+07,705953,5.32039e+06,3.24397e+10,-1.46444e+11
1.244e+07,703753,5.32216e+06,3.28061e+10,-1.46363e+11
1.24463e+07,701554,5.32392e+06,3.31723e+10,-1.4628e+11
1.24526e+07,699356,5.32567e+06,3.35383e+10,-1.46197e+11
1.24589e+07,697159,5.32742e+06,3.39041e+10,-1.46112e+11
1.24653e+07,694964,5.32916e+06,3.42697e+10,-1.46027e+11
1.24716e+07,692770,5.3309e+06,3.4635e+10,-1.45941e+11
1.24779e+07,690577,5.33263e+06,3.50002e+10,-1.45854e+11
1.24842e+07,688386,5.33435e+06,3.53651e+10,-1.45766e+11
1.24905e+07,686196,5.33607e+06,3.57298e+10,-1.45677e+11
1.24968e+07,684007,5.33779e+06,3.60943e+10,-1.45587e+11
1.25031e+07,681819,5.3395e+06,3.64586e+10,-1.45496e+11
1.25094e+07,679633,5.3412e+06,3.68226e+10,-1.45404e+11
1.25157e+07,677449,5.3429e+06,3.71864e+10,-1.45312e+11
1.25221e+07,675266,5.34459e+06,3.755e+10,-1.45218e+11
1.25284e+07,673084,5.34628e+06,3.79133e+10,-1.45124e+11
1.25347e+07,670903,5.34796e+06,3.82764e+10,-1.45028e+11
1.2541e+07,668724,5.34964e+06,3.86393e+10,-1.44932e+11
1.25473e+07,666547,5.35131e+06,3.90019e+10,-1.44835e+11
1.25536e+07,664371,5.35297e+06,3.93642e+10,-1.44737e+11
1.25599e+07,662196,5.35463e+06,3.97264e+10,-1.44638e+11
1.25662e+07,660023,5.35629e+06,4.00882e+10,-1.44538e+11
1.25725e+07,657852,5.35794e+06,4.04499e+10,-1.44437e+11
1.25789e+07,655682,5.35958e+06,4.08112e+10,-1.44336e+11
1.25852e+07,653513,5.36122e+06,4.11723e+10,-1.44233e+11
1.25915e+07,651346,5.36285e+06,4.15332e+10,-1.4413e+11
1.25978e+07,649181,5.36448e+06,4.18938e+10,-1.44025e+11
1.26041e+07,647017,5.3661e+06,4.22541e+10,-1.4392e+11
1.26104e+07,644855,5.36772e+06,4.26142e+10,-1.43814e+11
1.26167e+07,642694,5.36933e+06,4.2974e+10,-1.43707e+11
1.2623e+07,640535,5.37093e+06,4.33335e+10,-1.43599e+11
1.26294e+07,638378,5.37253e+06,4.36928e+10,-1.4349e+11
1.26357e+07,636222,5.37413e+06,4.40518e+10,-1.4338e+11
1.2642e+07,634068,5.37572e+06,4.44105e+10,-1.43269e+11
1.26483e+07,631915,5.3773e+06,4.47689e+10,-1.43158e+11
1.26546e+07,629765,5.37888e+06,4.51271e+10,-1.43045e+11
1.26609e+07,627616,5.38045e+06,4.5485e+10,-1.42932e+11
1.26672e+07,625468,5.38202e+06,4.58425e+10,-1.42817e+11
1.26735e+07,623323,5.38359e+06,4.61998e+10,-1.42702e+11
1.26798e+07,621179,5.38514e+06,4.65568e+10,-1.42586e+11
1.26862e+07,619037,5.38669e+06,4.69136e+10,-1.42469e+11
1.26925e+07,616897,5.38824e+06,4.727e+10,-1.42351e+11
1.26988e+07,614758,5.38978e+06,4.76261e+10,-1.42233e+11
1.27051e+07,612621,5.39132e+06,4.79819e+10,-1.42113e+11
1.27114e+07,610486,5.39285e+06,4.83375e+10,-1.41992e+11
1.27177e+07,608353,5.39437e+06,4.86927e+10,-1.41871e+11
1.2724e+07,606222,5.39589e+06,4.90476e+10,-1.41749e+11
1.27303e+07,604092,5.39741e+06,4.94022e+10,-1.41625e+11
1.27366e+07,601965,5.39892e+06,4.97565e+10,-1.41501e+11
1.2743e+07,599839,5.40042e+06,5.01105e+10,-1.41376e+11
1.27493e+07,597715,5.40192e+06,5.04642e+10,-1.41251e+11
1.27556e+07,595593,5.40341e+06,5.08176e+10,-1.41124e+11
1.27619e+07,593473,5.4049e+06,5.11706e+10,-1.40996e+11
1.27682e+07,591355,5.40638e+06,5.15233e+10,-1.40868e+11
1.27745e+07,589239,5.40786e+06,5.18758e+10,-1.40738e+11
1.27808e+07,587125,5.40933e+06,5.22278e+10,-1.40608e+11
1.27871e+07,585012,5.4108e+06,5.25796e+10,-1.40477e+11
1.27935e+07,582902,5.41226e+06,5.2931e+10,-1.40345e+11
1.27998e+07,580794,5.41372e+06,5.32821e+10,-1.40212e+11
1.28061e+07,578687,5.41517e+06,5.36328e+10,-1.40078e+11
1.28124e+07,576583,5.41661e+06,5.39833e+10,-1.39944e+11
1.28187e+07,574481,5.41805e+06,5.43333e+10,-1.39808e+11
1.2825e+07,572381,5.41949e+06,5.46831e+10,-1.39672e+11
1.28313e+07,570283,5.42092e+06,5.50325e+10,-1.39534e+11
1.28376e+07,568187,5.42234e+06,5.53815e+10,-1.39396e+11
1.28439e+07,566093,5.42376e+06,5.57302e+10,-1.39257e+11
1.28503e+07,564001,5.42518e+06,5.60786e+10,-1.39117e+11
1.28566e+07,561911,5.42659e+06,5.64266e+10,-1.38976e+11
1.28629e+07,559823,5.42799e+06,5.67743e+10,-1.38835e+11
1.28692e+07,557738,5.42939e+06,5.71216e+10,-1.38692e+11
1.28755e+07,555654,5.43078e+06,5.74685e+10,-1.38549e+11
1.28818e+07,553573,5.43217e+06,5.78151e+10,-1.38405e+11
1.28881e+07,551494,5.43355e+06,5.81613e+10,-1.38259e+11
1.28944e+07,549417,5.43493e+06,5.85071e+10,-1.38113e+11
1.29007e+07,547342,5.4363e+06,5.88526e+10,-1.37967e+11
1.29071e+07,545270,5.43767e+06,5.91977e+10,-1.37819e+11
1.29134e+07,543200,5.43903e+06,5.95425e+10,-1.3767e+11
1.29197e+07,541132,5.44039e+06,5.98869e+10,-1.37521e+11
1.2926e+07,539066,5.44174e+06,6.02309e+10,-1.37371e+11
1.29323e+07,537003,5.44309e+06,6.05745e+10,-1.37219e+11
1.29386e+07,534941,5.44443e+06,6.09177e+10,-1.37067e+11
1.29449e+07,532883,5.44576e+06,6.12606e+10,-1.36914e+11
1.29512e+07,530826,5.4471e+06,6.16031e+10,-1.36761e+11
1.29576e+07,528772,5.44842e+06,6.19452e+10,-1.36606e+11
1.29639e+07,526720,5.44974e+06,6.22869e+10,-1.36451e+11
1.29702e+07,524670,5.45106e+06,6.26282e+10,-1.36294e+11
1.29765e+07,522623,5.45237e+06,6.29691e+10,-1.36137e+11
1.29828e+07,520578,5.45367e+06,6.33096e+10,-1.35979e+11
1.29891e+07,518536,5.45497e+06,6.36498e+10,-1.3582e+11
1.29954e+07,516496,5.45627e+06,6.39895e+10,-1.35661e+11
1.30017e+07,514458,5.45756e+06,6.43288e+10,-1.355e+11
1.3008e+07,512423,5.45884e+06,6.46677e+10,-1.35339e+11
1.30144e+07,510390,5.46012e+06,6.50063e+10,-1.35176e+11
1.30207e+07,508359,5.4614e+06,6.53444e+10,-1.35013e+11
1.3027e+07,506331,5.46267e+06,6.56821e+10,-1.34849e+11
1.30333e+07,504306,5.46393e+06,6.60194e+10,-1.34684e+11
1.30396e+07,502283,5.46519e+06,6.63563e+10,-1.34519e+11
1.30459e+07,500262,5.46645e+06,6.66927e+10,-1.34352e+11
1.30522e+07,498244,5.4677e+06,6.70288e+10,-1.34185e+11
1.30585e+07,496229,5.46894e+06,6.73644e+10,-1.34017e+11
1.30648e+07,494216,5.47018e+06,6.76996e+10,-1.33848e+11
1.30712e+07,492206,5.47142e+06,6.80344e+10,-1.33678e+11
1.30775e+07,490198,5.47265e+06,6.83687e+10,-1.33507e+11
1.30838e+07,488193,5.47387e+06,6.87027e+10,-1.33336e+11
1.30901e+07,486190,5.47509e+06,6.90362e+10,-1.33163e+11
1.30964e+07,484190,5.4763e+06,6.93692e+10,-1.3299e+11
1.31027e+07,482192,5.47751e+06,6.97019e+10,-1.32816e+11
1.3109e+07,480198,5.47872e+06,7.00341e+10,-1.32641e+11
1.31153e+07,478205,5.47992e+06,7.03658e+10,-1.32466e+11
1.31217e+07,476216,5.48111e+06,7.06971e+10,-1.32289e+11
1.3128e+07,474229,5.4823e+06,7.1028e+10,-1.32112e+11
1.31343e+07,472245,5.48348e+06,7.13584e+10,-1.31934e+11
1.31406e+07,470263,5.48466e+06,7.16884e+10,-1.31755e+11
1.31469e+07,468284,5.48584e+06,7.20179e+10,-1.31575e+11
1.31532e+07,466308,5.48701e+06,7.2347e+10,-1.31394e+11
1.31595e+07,464335,5.48817e+06,7.26756e+10,-1.31213e+11
1.31658e+07,462364,5.48933e+06,7.30038e+10,-1.3103e+11
1.31721e+07,460396,5.49049e+06,7.33315e+10,-1.30847e+11
1.31785e+07,458431,5.49164e+06,7.36588e+10,-1.30663e+11
1.31848e+07,456469,5.49278e+06,7.39856e+10,-1.30478e+11
1.31911e+07,454509,5.49392e+06,7.43119e+10,-1.30293e+11
1.31974e+07,452552,5.49506e+06,7.46378e+10,-1.30107e+11
1.32037e+07,450598,5.49619e+06,7.49632e+10,-1.29919e+11
1.321e+07,448647,5.49731e+06,7.52881e+10,-1.29731e+11
1.32163e+07,446699,5.49843e+06,7.56126e+10,-1.29542e+11
1.32226e+07,444753,5.49955e+06,7.59365e+10,-1.29353e+11
1.32289e+07,442810,5.50066e+06,7.626e+10,-1.29162e+11
1.32353e+07,440871,5.50176e+06,7.65831e+10,-1.28971e+11
1.32416e+07,438934,5.50286e+06,7.69056e+10,-1.28779e+11
1.32479e+07,437000,5.50396e+06,7.72277e+10,-1.28586e+11
1.32542e+07,435069,5.50505e+06,7.75493e+10,-1.28393e+11
1.32605e+07,433140,5.50614e+06,7.78704e+10,-1.28198e+11
1.32668e+07,431215,5.50722e+06,7.8191e+10,-1.28003e+11
1.32731e+07,429293,5.5083e+06,7.85111e+10,-1.27807e+11
1.32794e+07,427373,5.50937e+06,7.88307e+10,-1.2761e+11
1.32857e+07,425457,5.51044e+06,7.91499e+10,-1.27412e+11
1.32921e+07,423544,5.5115e+06,7.94685e+10,-1.27214e+11
1.32984e+07,421633,5.51256e+06,7.97867e+10,-1.27014e+11
1.33047e+07,419726,5.51361e+06,8.01043e+10,-1.26814e+11
1.3311e+07,417821,5.51466e+06,8.04214e+10,-1.26613e+11
1.33173e+07,415920,5.5157e+06,8.07381e+10,-1.26412e+11
1.33236e+07,414021,5.51674e+06,8.10542e+10,-1.26209e+11
1.33299e+07,412126,5.51777e+06,8.13698e+10,-1.26006e+11
1.33362e+07,410234,5.5188e+06,8.16849e+10,-1.25802e+11
1.33426e+07,408345,5.51983e+06,8.19995e+10,-1.25597e+11
1.33489e+07,406459,5.52085e+06,8.23136e+10,-1.25392e+11
1.33552e+07,404576,5.52186e+06,8.26272e+10,-1.25185e+11
1.33615e+07,402696,5.52287e+06,8.29403e+10,-1.24978e+11
1.33678e+07,400819,5.52388e+06,8.32528e+10,-1.2477e+11
1.33741e+07,398945,5.52488e+06,8.35648e+10,-1.24561e+11
1.33804e+07,397075,5.52587e+06,8.38763e+10,-1.24352e+11
1.33867e+07,395207,5.52686e+06,8.41873e+10,-1.24141e+11
1.3393e+07,393343,5.52785e+06,8.44977e+10,-1.2393e+11
1.33994e+07,391482,5.52883e+06,8.48076e+10,-1.23718e+11
1.34057e+07,389624,5.52981e+06,8.5117e+10,-1.23506e+11
1.3412e+07,387770,5.53078e+06,8.54258e+10,-1.23292e+11
1.34183e+07,385918,5.53175e+06,8.57341e+10,-1.23078e+11
1.34246e+07,384070,5.53271e+06,8.60419e+10,-1.22863e+11
1.34309e+07,382225,5.53367e+06,8.63492e+10,-1.22648e+11
1.34372e+07,380383,5.53463e+06,8.66558e+10,-1.22431e+11
1.34435e+07,378545,5.53558e+06,8.6962e+10,-1.22214e+11
1.34498e+07,376710,5.53652e+06,8.72676e+10,-1.21996e+11
1.34562e+07,374878,5.53746e+06,8.75727e+10,-1.21777e+11
1.34625e+07,373049,5.5384e+06,8.78772e+10,-1.21557e+11
1.34688e+07,371224,5.53933e+06,8.81811e+10,-1.21337e+11
1.34751e+07,369402,5.54026e+06,8.84845e+10,-1.21116e+11
1.34814e+07,367583,5.54118e+06,8.87874e+10,-1.20894e+11
1.34877e+07,365768,5.5421e+06,8.90897e+10,-1.20672e+11
1.3494e+07,363956,5.54301e+06,8.93914e+10,-1.20448e+11
1.35003e+07,362148,5.54392e+06,8.96926e+10,-1.20224e+11
1.35067e+07,360342,5.54482e+06,8.99932e+10,-1.19999e+11
1.3513e+07,358541,5.54572e+06,9.02933e+10,-1.19774e+11
1.35193e+07,356742,5.54662e+06,9.05928e+10,-1.19547e+11
1.35256e+07,354947,5.54751e+06,9.08917e+10,-1.1932e+11
1.35319e+07,353155,5.54839e+06,9.119e+10,-1.19092e+11
1.35382e+07,351367,5.54928e+06,9.14878e+10,-1.18864e+11
1.35445e+07,349583,5.55015e+06,9.1785e+10,-1.18635e+11
1.35508e+07,347801,5.55103e+06,9.20817e+10,-1.18404e+11
1.35571e+07,346023,5.55189e+06,9.23777e+10,-1.18174e+11
1.35635e+07,344249,5.55276e+06,9.26732e+10,-1.17942e+11
1.35698e+07,342478,5.55362e+06,9.29681e+10,-1.1771e+11
1.35761e+07,340711,5.55447e+06,9.32624e+10,-1.17477e+11
1.35824e+07,338947,5.55532e+06,9.35561e+10,-1.17243e+11
1.35887e+07,337187,5.55617e+06,9.38493e+10,-1.17008e+11
1.3595e+07,335430,5.55701e+06,9.41418e+10,-1.16773e+11
1.36013e+07,333677,5.55785e+06,9.44338e+10,-1.16537e+11
1.36076e+07,331927,5.55868e+06,9.47252e+10,-1.16301e+11
1.36139e+07,330181,5.55951e+06,9.5016e+10,-1.16063e+11
1.36203e+07,328438,5.56033e+06,9.53061e+10,-1.15825e+11
1.36266e+07,326699,5.56115e+06,9.55957e+10,-1.15586e+11
1.36329e+07,324964,5.56197e+06,9.58847e+10,-1.15346e+11
1.36392e+07,323232,5.56278e+06,9.61731e+10,-1.15106e+11
1.36455e+07,321504,5.56359e+06,9.64609e+10,-1.14865e+11
1.36518e+07,319779,5.56439e+06,9.67481e+10,-1.14623e+11
1.36581e+07,318058,5.56519e+06,9.70347e+10,-1.14381e+11
1.36644e+07,316341,5.56598e+06,9.73206e+10,-1.14138e+11
1.36708e+07,314627,5.56677e+06,9.7606e+10,-1.13894e+11
1.36771e+07,312918,5.56756e+06,9.78907e+10,-1.13649e+11
1.36834e+07,311211,5.56834e+06,9.81749e+10,-1.13404e+11
1.36897e+07,309509,5.56911e+06,9.84584e+10,-1.13158e+11
1.3696e+07,307810,5.56989e+06,9.87413e+10,-1.12911e+11
1.37023e+07,306115,5.57065e+06,9.90236e+10,-1.12663e+11
1.37086e+07,304423,5.57142e+06,9.93053e+10,-1.12415e+11
1.37149e+07,302736,5.57218e+06,9.95863e+10,-1.12166e+11
1.37212e+07,301052,5.57293e+06,9.98667e+10,-1.11917e+11
1.37276e+07,299372,5.57368e+06,1.00147e+11,-1.11666e+11
1.37339e+07,297695,5.57443e+06,1.00426e+11,-1.11416e+11
1.37402e+07,296023,5.57517e+06,1.00704e+11,-1.11164e+11
1.37465e+07,294354,5.57591e+06,1.00982e+11,-1.10911e+11
1.37528e+07,292689,5.57665e+06,1.01259e+11,-1.10658e+11
1.37591e+07,291027,5.57738e+06,1.01536e+11,-1.10405e+11
1.37654e+07,289370,5.5781e+06,1.01812e+11,-1.1015e+11
1.37717e+07,287716,5.57883e+06,1.02087e+11,-1.09895e+11
1.3778e+07,286067,5.57954e+06,1.02362e+11,-1.09639e+11
1.37844e+07,284421,5.58026e+06,1.02636e+11,-1.09383e+11
1.37907e+07,282779,5.58097e+06,1.0291e+11,-1.09125e+11
1.3797e+07,281141,5.58167e+06,1.03182e+11,-1.08868e+11
1.38033e+07,279506,5.58238e+06,1.03455e+11,-1.08609e+11
1.38096e+07,277876,5.58307e+06,1.03726e+11,-1.0835e+11
1.38159e+07,276249,5.58377e+06,1.03997e+11,-1.0809e+11
1.38222e+07,274627,5.58446e+06,1.04267e+11,-1.07829e+11
1.38285e+07,273008,5.58514e+06,1.04537e+11,-1.07568e+11
1.38349e+07,271393,5.58582e+06,1.04806e+11,-1.07306e+11
1.38412e+07,269783,5.5865e+06,1.05074e+11,-1.07043e+11
1.38475e+07,268176,5.58717e+06,1.05341e+11,-1.0678e+11
1.38538e+07,266573,5.58784e+06,1.05608e+11,-1.06516e+11
1.38601e+07,264974,5.58851e+06,1.05875e+11,-1.06251e+11
1.38664e+07,263379,5.58917e+06,1.0614e+11,-1.05986e+11
1.38727e+07,261788,5.58983e+06,1.06405e+11,-1.0572e+11
1.3879e+07,260201,5.59048e+06,1.06669e+11,-1.05453e+11
1.38853e+07,258618,5.59113e+06,1.06933e+11,-1.05186e+11
1.38917e+07,257039,5.59177e+06,1.07196e+11,-1.04918e+11
1.3898e+07,255465,5.59241e+06,1.07458e+11,-1.0465e+11
1.39043e+07,253894,5.59305e+06,1.0772e+11,-1.0438e+11
1.39106e+07,252327,5.59369e+06,1.07981e+11,-1.0411e+11
1.39169e+07,250764,5.59431e+06,1.08241e+11,-1.0384e+11
1.39232e+07,249206,5.59494e+06,1.085e+11,-1.03569e+11
1.39295e+07,247651,5.59556e+06,1.08759e+11,-1.03297e+11
1.39358e+07,246101,5.59618e+06,1.09018e+11,-1.03024e+11
1.39421e+07,244554,5.59679e+06,1.09275e+11,-1.02751e+11
1.39485e+07,243012,5.5974e+06,1.09532e+11,-1.02477e+11
1.39548e+07,241474,5.59801e+06,1.09788e+11,-1.02203e+11
1.39611e+07,239940,5.59861e+06,1.10043e+11,-1.01928e+11
1.39674e+07,238410,5.59921e+06,1.10298e+11,-1.01652e+11
1.39737e+07,236884,5.59981e+06,1.10552e+11,-1.01376e+11
1.398e+07,235363,5.6004e+06,1.10806e+11,-1.01099e+11
1.39863e+07,233845,5.60098e+06,1.11058e+11,-1.00821e+11
1.39926e+07,232332,5.60157e+06,1.1131e+11,-1.00543e+11
1.3999e+07,230823,5.60215e+06,1.11562e+11,-1.00264e+11
1.40053e+07,229318,5.60272e+06,1.11812e+11,-9.99844e+10
1.40116e+07,227818,5.6033e+06,1.12062e+11,-9.97043e+10
1.40179e+07,226321,5.60386e+06,1.12311e+11,-9.94235e+10
1.40242e+07,224829,5.60443e+06,1.1256e+11,-9.91421e+10
1.40305e+07,223341,5.60499e+06,1.12808e+11,-9.88601e+10
1.40368e+07,221857,5.60555e+06,1.13055e+11,-9.85774e+10
1.40431e+07,220378,5.6061e+06,1.13301e+11,-9.82942e+10
1.40494e+07,218903,5.60665e+06,1.13547e+11,-9.80103e+10
1.40558e+07,217432,5.60719e+06,1.13792e+11,-9.77259e+10
1.40621e+07,215965,5.60774e+06,1.14036e+11,-9.74408e+10
1.40684e+07,214503,5.60828e+06,1.14279e+11,-9.71551e+10
1.40747e+07,213045,5.60881e+06,1.14522e+11,-9.68688e+10
1.4081e+07,211591,5.60934e+06,1.14764e+11,-9.65818e+10
1.40873e+07,210142,5.60987e+06,1.15006e+11,-9.62943e+10
1.40936e+07,208697,5.61039e+06,1.15246e+11,-9.60062e+10
1.40999e+07,207256,5.61091e+06,1.15486e+11,-9.57175e+10
1.41062e+07,205819,5.61143e+06,1.15725e+11,-9.54281e+10
1.41126e+07,204387,5.61194e+06,1.15964e+11,-9.51382e+10
1.41189e+07,202960,5.61245e+06,1.16202e+11,-9.48477e+10
1.41252e+07,201536,5.61296e+06,1.16439e+11,-9.45566e+10
1.41315e+07,200117,5.61346e+06,1.16675e+11,-9.42649e+10
1.41378e+07,198703,5.61396e+06,1.16911e+11,-9.39726e+10
1.41441e+07,197293,5.61446e+06,1.17145e+11,-9.36797e+10
1.41504e+07,195887,5.61495e+06,1.1738e+11,-9.33862e+10
1.41567e+07,194485,5.61544e+06,1.17613e+11,-9.30922e+10
1.41631e+07,193089,5.61592e+06,1.17846e+11,-9.27975e+10
1.41694e+07,191696,5.6164e+06,1.18077e+11,-9.25023e+10
1.41757e+07,190308,5.61688e+06,1.18309e+11,-9.22065e+10
1.4182e+07,188924,5.61736e+06,1.18539e+11,-9.19101e+10
1.41883e+07,187545,5.61783e+06,1.18769e+11,-9.16132e+10
1.41946e+07,186171,5.6183e+06,1.18998e+11,-9.13156e+10
1.42009e+07,184800,5.61876e+06,1.19226e+11,-9.10175e+10
1.42072e+07,183435,5.61922e+06,1.19453e+11,-9.07189e+10
1.42135e+07,182073,5.61968e+06,1.1968e+11,-9.04196e+10
1.42199e+07,180717,5.62013e+06,1.19906e+11,-9.01198e+10
1.42262e+07,179364,5.62058e+06,1.20131e+11,-8.98195e+10
1.42325e+07,178017,5.62103e+06,1.20355e+11,-8.95185e+10
1.42388e+07,176674,5.62147e+06,1.20579e+11,-8.9217e+10
1.42451e+07,175335,5.62191e+06,1.20802e+11,-8.8915e+10
1.42514e+07,174001,5.62235e+06,1.21024e+11,-8.86124e+10
1.42577e+07,172671,5.62279e+06,1.21246e+11,-8.83092e+10
1.4264e+07,171346,5.62322e+06,1.21466e+11,-8.80055e+10
1.42703e+07,170026,5.62364e+06,1.21686e+11,-8.77012e+10
1.42767e+07,168710,5.62407e+06,1.21905e+11,-8.73964e+10
1.4283e+07,167399,5.62449e+06,1.22124e+11,-8.7091e+10
1.42893e+07,166092,5.62491e+06,1.22341e+11,-8.67851e+10
1.42956e+07,164790,5.62532e+06,1.22558e+11,-8.64787e+10
1.43019e+07,163493,5.62573e+06,1.22774e+11,-8.61717e+10
1.43082e+07,162200,5.62614e+06,1.22989e+11,-8.58642e+10
1.43145e+07,160912,5.62654e+06,1.23204e+11,-8.55561e+10
1.43208e+07,159628,5.62694e+06,1.23418e+11,-8.52475e+10
1.43272e+07,158349,5.62734e+06,1.23631e+11,-8.49383e+10
1.43335e+07,157075,5.62774e+06,1.23843e+11,-8.46287e+10
1.43398e+07,155805,5.62813e+06,1.24054e+11,-8.43184e+10
1.43461e+07,154540,5.62852e+06,1.24265e+11,-8.40077e+10
1.43524e+07,153280,5.6289e+06,1.24475e+11,-8.36965e+10
1.43587e+07,152024,5.62928e+06,1.24684e+11,-8.33847e+10
1.4365e+07,150774,5.62966e+06,1.24892e+11,-8.30724e+10
1.43713e+07,149527,5.63004e+06,1.251e+11,-8.27595e+10
1.43776e+07,148286,5.63041e+06,1.25306e+11,-8.24462e+10
1.4384e+07,147049,5.63078e+06,1.25512e+11,-8.21323e+10
1.43903e+07,145817,5.63115e+06,1.25718e+11,-8.1818e+10
1.43966e+07,144590,5.63151e+06,1.25922e+11,-8.15031e+10
1.44029e+07,143367,5.63187e+06,1.26126e+11,-8.11877e+10
1.44092e+07,142149,5.63223e+06,1.26328e+11,-8.08718e+10
1.44155e+07,140936,5.63258e+06,1.2653e+11,-8.05553e+10
1.44218e+07,139728,5.63293e+06,1.26732e+11,-8.02384e+10
1.44281e+07,138524,5.63328e+06,1.26932e+11,-7.9921e+10
1.44344e+07,137325,5.63363e+06,1.27132e+11,-7.96031e+10
1.44408e+07,136131,5.63397e+06,1.2733e+11,-7.92847e+10
1.44471e+07,134942,5.63431e+06,1.27528e+11,-7.89658e+10
1.44534e+07,133758,5.63464e+06,1.27726e+11,-7.86463e+10
1.44597e+07,132578,5.63498e+06,1.27922e+11,-7.83264e+10
1.4466e+07,131403,5.63531e+06,1.28118e+11,-7.8006e+10
1.44723e+07,130233,5.63563e+06,1.28313e+11,-7.76852e+10
1.44786e+07,129068,5.63596e+06,1.28507e+11,-7.73638e+10
1.44849e+07,127908,5.63628e+06,1.287e+11,-7.70419e+10
1.44912e+07,126752,5.6366e+06,1.28892e+11,-7.67196e+10
1.44976e+07,125601,5.63691e+06,1.29084e+11,-7.63968e+10
1.45039e+07,124456,5.63723e+06,1.29275e+11,-7.60735e+10
1.45102e+07,123315,5.63754e+06,1.29465e+11,-7.57497e+10
1.45165e+07,122179,5.63785e+06,1.29654e+11,-7.54255e+10
1.45228e+07,121047,5.63815e+06,1.29842e+11,-7.51007e+10
1.45291e+07,119921,5.63845e+06,1.3003e+11,-7.47756e+10
1.45354e+07,118800,5.63875e+06,1.30217e+11,-7.44499e+10
1.45417e+07,117683,5.63905e+06,1.30403e+11,-7.41238e+10
1.45481e+07,116572,5.63934e+06,1.30588e+11,-7.37972e+10
1.45544e+07,115465,5.63963e+06,1.30772e+11,-7.34701e+10
1.45607e+07,114363,5.63992e+06,1.30955e+11,-7.31426e+10
1.4567e+07,113266,5.6402e+06,1.31138e+11,-7.28146e+10
1.45733e+07,112174,5.64048e+06,1.3132e+11,-7.24862e+10
1.45796e+07,111087,5.64076e+06,1.31501e+11,-7.21573e+10
1.45859e+07,110005,5.64104e+06,1.31681e+11,-7.1828e+10
1.45922e+07,108928,5.64131e+06,1.31861e+11,-7.14982e+10
1.45985e+07,107856,5.64158e+06,1.32039e+11,-7.1168e+10
1.46049e+07,106789,5.64185e+06,1.32217e+11,-7.08373e+10
1.46112e+07,105727,5.64212e+06,1.32394e+11,-7.05062e+10
1.46175e+07,104669,5.64238e+06,1.3257e+11,-7.01746e+10
1.46238e+07,103617,5.64264e+06,1.32745e+11,-6.98426e+10
1.46301e+07,102570,5.6429e+06,1.32919e+11,-6.95102e+10
1.46364e+07,101528,5.64316e+06,1.33093e+11,-6.91773e+10
1.46427e+07,100490,5.64341e+06,1.33266e+11,-6.8844e+10
1.4649e+07,99458.3,5.64366e+06,1.33437e+11,-6.85103e+10
1.46553e+07,98431.1,5.64391e+06,1.33609e+11,-6.81761e+10
1.46617e+07,97408.9,5.64415e+06,1.33779e+11,-6.78415e+10
1.4668e+07,96391.8,5.64439e+06,1.33948e+11,-6.75065e+10
1.46743e+07,95379.7,5.64463e+06,1.34117e+11,-6.71711e+10
1.46806e+07,94372.6,5.64487e+06,1.34284e+11,-6.68352e+10
1.46869e+07,93370.6,5.64511e+06,1.34451e+11,-6.64989e+10
1.46932e+07,92373.7,5.64534e+06,1.34617e+11,-6.61622e+10
1.46995e+07,91381.8,5.64557e+06,1.34782e+11,-6.58251e+10
1.47058e+07,90394.9,5.6458e+06,1.34947e+11,-6.54876e+10
1.47122e+07,89413.2,5.64602e+06,1.3511e+11,-6.51496e+10
1.47185e+07,88436.5,5.64624e+06,1.35273e+11,-6.48113e+10
1.47248e+07,87465,5.64646e+06,1.35435e+11,-6.44726e+10
1.47311e+07,86498.5,5.64668e+06,1.35596e+11,-6.41334e+10
1.47374e+07,85537.1,5.6469e+06,1.35756e+11,-6.37938e+10
1.47437e+07,84580.8,5.64711e+06,1.35915e+11,-6.34539e+10
1.475e+07,83629.7,5.64732e+06,1.36073e+11,-6.31135e+10
1.47563e+07,82683.6,5.64753e+06,1.36231e+11,-6.27728e+10
1.47626e+07,81742.7,5.64774e+06,1.36388e+11,-6.24317e+10
1.4769e+07,80806.9,5.64794e+06,1.36543e+11,-6.20901e+10
1.47753e+07,79876.3,5.64814e+06,1.36698e+11,-6.17482e+10
1.47816e+07,78950.8,5.64834e+06,1.36853e+11,-6.14059e+10
1.47879e+07,78030.4,5.64853e+06,1.37006e+11,-6.10632e+10
1.47942e+07,77115.2,5.64873e+06,1.37158e+11,-6.07201e+10
1.48005e+07,76205.2,5.64892e+06,1.3731e+11,-6.03767e+10
1.48068e+07,75300.3,5.64911e+06,1.3746e+11,-6.00328e+10
1.48131e+07,74400.5,5.6493e+06,1.3761e+11,-5.96886e+10
1.48194e+07,73506,5.64948e+06,1.37759e+11,-5.9344e+10
1.48258e+07,72616.6,5.64967e+06,1.37907e+11,-5.89991e+10
1.48321e+07,71732.5,5.64985e+06,1.38055e+11,-5.86538e+10
1.48384e+07,70853.5,5.65002e+06,1.38201e+11,-5.83081e+10
1.48447e+07,69979.7,5.6502e+06,1.38346e+11,-5.7962e+10
1.4851e+07,69111.1,5.65037e+06,1.38491e+11,-5.76156e+10
1.48573e+07,68247.8,5.65055e+06,1.38635e+11,-5.72688e+10
1.48636e+07,67389.6,5.65072e+06,1.38778e+11,-5.69217e+10
1.48699e+07,66536.7,5.65088e+06,1.3892e+11,-5.65742e+10
1.48763e+07,65689,5.65105e+06,1.39061e+11,-5.62263e+10
1.48826e+07,64846.5,5.65121e+06,1.39201e+11,-5.58781e+10
1.48889e+07,64009.2,5.65137e+06,1.39341e+11,-5.55296e+10
1.48952e+07,63177.2,5.65153e+06,1.39479e+11,-5.51807e+10
1.49015e+07,62350.5,5.65169e+06,1.39617e+11,-5.48314e+10
1.49078e+07,61529,5.65185e+06,1.39754e+11,-5.44818e+10
1.49141e+07,60712.7,5.652e+06,1.3989e+11,-5.41319e+10
1.49204e+07,59901.7,5.65215e+06,1.40025e+11,-5.37816e+10
1.49267e+07,59096,5.6523e+06,1.40159e+11,-5.3431e+10
1.49331e+07,58295.6,5.65245e+06,1.40292e+11,-5.30801e+10
1.49394e+07,57500.4,5.65259e+06,1.40425e+11,-5.27288e+10
1.49457e+07,56710.5,5.65273e+06,1.40556e+11,-5.23772e+10
1.4952e+07,55925.9,5.65287e+06,1.40687e+11,-5.20253e+10
1.49583e+07,55146.6,5.65301e+06,1.40817e+11,-5.1673e+10
1.49646e+07,54372.6,5.65315e+06,1.40945e+11,-5.13204e+10
1.49709e+07,53603.9,5.65328e+06,1.41074e+11,-5.09675e+10
1.49772e+07,52840.4,5.65342e+06,1.41201e+11,-5.06143e+10
1.49835e+07,52082.3,5.65355e+06,1.41327e+11,-5.02608e+10
1.49899e+07,51329.6,5.65368e+06,1.41452e+11,-4.99069e+10
1.49962e+07,50582.1,5.65381e+06,1.41577e+11,-4.95528e+10
1.50025e+07,49840,5.65393e+06,1.417e+11,-4.91983e+10
1.50088e+07,49103.2,5.65406e+06,1.41823e+11,-4.88435e+10
1.50151e+07,48371.7,5.65418e+06,1.41945e+11,-4.84884e+10
1.50214e+07,47645.6,5.6543e+06,1.42066e+11,-4.8133e+10
1.50277e+07,46924.8,5.65442e+06,1.42186e+11,-4.77773e+10
1.5034e+07,46209.3,5.65453e+06,1.42305e+11,-4.74213e+10
1.50404e+07,45499.2,5.65465e+06,1.42423e+11,-4.7065e+10
1.50467e+07,44794.5,5.65476e+06,1.42541e+11,-4.67084e+10
1.5053e+07,44095.1,5.65487e+06,1.42657e+11,-4.63515e+10
1.50593e+07,43401.1,5.65498e+06,1.42773e+11,-4.59944e+10
1.50656e+07,42712.5,5.65509e+06,1.42887e+11,-4.56369e+10
1.50719e+07,42029.2,5.6552e+06,1.43001e+11,-4.52792e+10
1.50782e+07,41351.3,5.6553e+06,1.43114e+11,-4.49211e+10
1.50845e+07,40678.8,5.6554e+06,1.43226e+11,-4.45628e+10
1.50908e+07,40011.7,5.6555e+06,1.43337e+11,-4.42042e+10
1.50972e+07,39350,5.6556e+06,1.43447e+11,-4.38454e+10
1.51035e+07,38693.7,5.6557e+06,1.43556e+11,-4.34862e+10
1.51098e+07,38042.7,5.6558e+06,1.43665e+11,-4.31268e+10
1.51161e+07,37397.2,5.65589e+06,1.43772e+11,-4.27671e+10
1.51224e+07,36757.1,5.65598e+06,1.43879e+11,-4.24072e+10
1.51287e+07,36122.4,5.65607e+06,1.43985e+11,-4.2047e+10
1.5135e+07,35493.1,5.65616e+06,1.44089e+11,-4.16865e+10
1.51413e+07,34869.2,5.65625e+06,1.44193e+11,-4.13257e+10
1.51476e+07,34250.8,5.65634e+06,1.44296e+11,-4.09647e+10
1.5154e+07,33637.8,5.65642e+06,1.44398e+11,-4.06035e+10
1.51603e+07,33030.2,5.65651e+06,1.445e+11,-4.0242e+10
1.51666e+07,32428,5.65659e+06,1.446e+11,-3.98802e+10
1.51729e+07,31831.3,5.65667e+06,1.44699e+11,-3.95182e+10
1.51792e+07,31240,5.65675e+06,1.44798e+11,-3.91559e+10
1.51855e+07,30654.2,5.65683e+06,1.44895e+11,-3.87934e+10
1.51918e+07,30073.8,5.6569e+06,1.44992e+11,-3.84307e+10
1.51981e+07,29498.9,5.65698e+06,1.45088e+11,-3.80677e+10
1.52045e+07,28929.5,5.65705e+06,1.45182e+11,-3.77045e+10
1.52108e+07,28365.5,5.65712e+06,1.45276e+11,-3.7341e+10
1.52171e+07,27806.9,5.65719e+06,1.45369e+11,-3.69773e+10
1.52234e+07,27253.8,5.65726e+06,1.45461e+11,-3.66134e+10
1.52297e+07,26706.2,5.65733e+06,1.45553e+11,-3.62492e+10
1.5236e+07,26164.1,5.65739e+06,1.45643e+11,-3.58848e+10
1.52423e+07,25627.5,5.65746e+06,1.45732e+11,-3.55202e+10
1.52486e+07,25096.3,5.65752e+06,1.45821e+11,-3.51554e+10
1.52549e+07,24570.6,5.65758e+06,1.45908e+11,-3.47903e+10
1.52613e+07,24050.4,5.65765e+06,1.45995e+11,-3.44251e+10
1.52676e+07,23535.7,5.6577e+06,1.46081e+11,-3.40596e+10
1.52739e+07,23026.5,5.65776e+06,1.46165e+11,-3.36939e+10
1.52802e+07,22522.8,5.65782e+06,1.46249e+11,-3.33279e+10
1.52865e+07,22024.6,5.65788e+06,1.46332e+11,-3.29618e+10
1.52928e+07,21531.9,5.65793e+06,1.46414e+11,-3.25955e+10
1.52991e+07,21044.7,5.65798e+06,1.46495e+11,-3.2229e+10
1.53054e+07,20563,5.65804e+06,1.46576e+11,-3.18622e+10
1.53117e+07,20086.8,5.65809e+06,1.46655e+11,-3.14953e+10
1.53181e+07,19616.1,5.65814e+06,1.46733e+11,-3.11282e+10
1.53244e+07,19151,5.65818e+06,1.46811e+11,-3.07608e+10
1.53307e+07,18691.4,5.65823e+06,1.46887e+11,-3.03933e+10
1.5337e+07,18237.3,5.65828e+06,1.46963e+11,-3.00256e+10
1.53433e+07,17788.7,5.65832e+06,1.47038e+11,-2.96577e+10
1.53496e+07,17345.7,5.65837e+06,1.47111e+11,-2.92896e+10
1.53559e+07,16908.2,5.65841e+06,1.47184e+11,-2.89214e+10
1.53622e+07,16476.2,5.65845e+06,1.47256e+11,-2.85529e+10
1.53686e+07,16049.8,5.65849e+06,1.47327e+11,-2.81843e+10
1.53749e+07,15628.9,5.65853e+06,1.47397e+11,-2.78155e+10
1.53812e+07,15213.5,5.65857e+06,1.47467e+11,-2.74465e+10
1.53875e+07,14803.7,5.65861e+06,1.47535e+11,-2.70774e+10
1.53938e+07,14399.5,5.65864e+06,1.47602e+11,-2.67081e+10
1.54001e+07,14000.8,5.65868e+06,1.47668e+11,-2.63386e+10
1.54064e+07,13607.7,5.65871e+06,1.47734e+11,-2.59689e+10
1.54127e+07,13220.1,5.65875e+06,1.47798e+11,-2.55991e+10
1.5419e+07,12838,5.65878e+06,1.47862e+11,-2.52291e+10
1.54254e+07,12461.6,5.65881e+06,1.47925e+11,-2.4859e+10
1.54317e+07,12090.7,5.65884e+06,1.47987e+11,-2.44887e+10
1.5438e+07,11725.3,5.65887e+06,1.48047e+11,-2.41183e+10
1.54443e+07,11365.6,5.6589e+06,1.48107e+11,-2.37477e+10
1.54506e+07,11011.4,5.65893e+06,1.48166e+11,-2.33769e+10
1.54569e+07,10662.8,5.65896e+06,1.48224e+11,-2.3006e+10
1.54632e+07,10319.7,5.65898e+06,1.48281e+11,-2.2635e+10
1.54695e+07,9982.23,5.65901e+06,1.48338e+11,-2.22638e+10
1.54758e+07,9650.34,5.65903e+06,1.48393e+11,-2.18925e+10
1.54822e+07,9324.03,5.65906e+06,1.48447e+11,-2.15211e+10
1.54885e+07,9003.3,5.65908e+06,1.48501e+11,-2.11495e+10
1.54948e+07,8688.16,5.6591e+06,1.48553e+11,-2.07778e+10
1.55011e+07,8378.61,5.65912e+06,1.48605e+11,-2.04059e+10
1.55074e+07,8074.64,5.65914e+06,1.48655e+11,-2.0034e+10
1.55137e+07,7776.27,5.65916e+06,1.48705e+11,-1.96619e+10
1.552e+07,7483.49,5.65918e+06,1.48754e+11,-1.92896e+10
1.55263e+07,7196.3,5.6592e+06,1.48802e+11,-1.89173e+10
1.55327e+07,6914.71,5.65922e+06,1.48849e+11,-1.85448e+10
1.5539e+07,6638.72,5.65924e+06,1.48894e+11,-1.81722e+10
1.55453e+07,6368.33,5.65925e+06,1.4894e+11,-1.77995e+10
1.55516e+07,6103.54,5.65927e+06,1.48984e+11,-1.74267e+10
1.55579e+07,5844.36,5.65928e+06,1.49027e+11,-1.70538e+10
1.55642e+07,5590.78,5.6593e+06,1.49069e+11,-1.66808e+10
1.55705e+07,5342.8,5.65931e+06,1.4911e+11,-1.63077e+10
1.55768e+07,5100.44,5.65932e+06,1.49151e+11,-1.59345e+10
1.55831e+07,4863.69,5.65934e+06,1.4919e+11,-1.55611e+10
1.55895e+07,4632.54,5.65935e+06,1.49229e+11,-1.51877e+10
1.55958e+07,4407.01,5.65936e+06,1.49266e+11,-1.48142e+10
1.56021e+07,4187.1,5.65937e+06,1.49303e+11,-1.44406e+10
1.56084e+07,3972.8,5.65938e+06,1.49338e+11,-1.40669e+10
1.56147e+07,3764.11,5.65939e+06,1.49373e+11,-1.36931e+10
1.5621e+07,3561.05,5.6594e+06,1.49407e+11,-1.33192e+10
1.56273e+07,3363.6,5.65941e+06,1.4944e+11,-1.29452e+10
1.56336e+07,3171.78,5.65942e+06,1.49472e+11,-1.25712e+10
1.56399e+07,2985.57,5.65942e+06,1.49503e+11,-1.21971e+10
1.56463e+07,2804.99,5.65943e+06,1.49533e+11,-1.18229e+10
1.56526e+07,2630.04,5.65944e+06,1.49562e+11,-1.14486e+10
1.56589e+07,2460.71,5.65944e+06,1.4959e+11,-1.10743e+10
1.56652e+07,2297,5.65945e+06,1.49617e+11,-1.06998e+10
1.56715e+07,2138.93,5.65946e+06,1.49644e+11,-1.03254e+10
1.56778e+07,1986.48,5.65946e+06,1.49669e+11,-9.95082e+09
1.56841e+07,1839.66,5.65947e+06,1.49694e+11,-9.57621e+09
1.56904e+07,1698.47,5.65947e+06,1.49717e+11,-9.20155e+09
1.56968e+07,1562.92,5.65947e+06,1.4974e+11,-8.82682e+09
1.57031e+07,1432.99,5.65948e+06,1.49761e+11,-8.45204e+09
1.57094e+07,1308.7,5.65948e+06,1.49782e+11,-8.07721e+09
1.57157e+07,1190.04,5.65948e+06,1.49802e+11,-7.70233e+09
1.5722e+07,1077.02,5.65949e+06,1.49821e+11,-7.32739e+09
1.57283e+07,969.63,5.65949e+06,1.49839e+11,-6.95242e+09
1.57346e+07,867.876,5.65949e+06,1.49855e+11,-6.5774e+09
1.57409e+07,771.76,5.65949e+06,1.49871e+11,-6.20233e+09
1.57472e+07,681.28,5.6595e+06,1.49887e+11,-5.82723e+09
1.57536e+07,596.438,5.6595e+06,1.49901e+11,-5.45209e+09
1.57599e+07,517.234,5.6595e+06,1.49914e+11,-5.07692e+09
1.57662e+07,443.669,5.6595e+06,1.49926e+11,-4.70172e+09
1.57725e+07,375.742,5.6595e+06,1.49937e+11,-4.32649e+09
1.57788e+07,313.456,5.6595e+06,1.49948e+11,-3.95122e+09
1.57851e+07,256.809,5.6595e+06,1.49957e+11,-3.57594e+09
1.57914e+07,205.802,5.6595e+06,1.49966e+11,-3.20063e+09
1.57977e+07,160.436,5.6595e+06,1.49973e+11,-2.8253e+09
1.5804e+07,120.71,5.6595e+06,1.4998e+11,-2.44996e+09
1.58104e+07,86.6261,5.6595e+06,1.49986e+11,-2.0746e+09
1.58167e+07,58.1831,5.6595e+06,1.4999e+11,-1.69922e+09
1.5823e+07,35.3817,5.65951e+06,1.49994e+11,-1.32384e+09
1.58293e+07,18.2218,5.65951e+06,1.49997e+11,-9.48447e+08
1.58356e+07,6.70368,5.65951e+06,1.49999e+11,-5.73048e+08
1.58419e+07,0.827352,5.65951e+06,1.5e+11,-1.97646e+08
1.58482e+07,0.592856,5.65951e+06,1.5e+11,1.77758e+08
1.58545e+07,6.0002,5.65951e+06,1.49999e+11,5.53161e+08
1.58608e+07,17.0493,5.65951e+06,1.49997e+11,9.2856e+08
1.58672e+07,33.7402,5.65951e+06,1.49994e+11,1.30395e+09
1.58735e+07,56.0727,5.65951e+06,1.49991e+11,1.67934e+09
1.58798e+07,84.0467,5.65951e+06,1.49986e+11,2.05471e+09
1.58861e+07,117.662,5.65951e+06,1.4998e+11,2.43008e+09
1.58924e+07,156.918,5.65951e+06,1.49974e+11,2.80542e+09
1.58987e+07,201.816,5.65951e+06,1.49966e+11,3.18075e+09
1.5905e+07,252.354,5.65951e+06,1.49958e+11,3.55606e+09
1.59113e+07,308.532,5.65951e+06,1.49949e+11,3.93135e+09
1.59177e+07,370.35,5.65951e+06,1.49938e+11,4.30661e+09
1.5924e+07,437.807,5.65951e+06,1.49927e+11,4.68185e+09
1.59303e+07,510.904,5.65951e+06,1.49915e+11,5.05705e+09
1.59366e+07,589.639,5.65951e+06,1.49902e+11,5.43223e+09
1.59429e+07,674.013,5.65951e+06,1.49888e+11,5.80737e+09
1.59492e+07,764.024,5.65952e+06,1.49873e+11,6.18247e+09
1.59555e+07,859.672,5.65952e+06,1.49857e+11,6.55754e+09
1.59618e+07,960.956,5.65952e+06,1.4984e+11,6.93256e+09
1.59681e+07,1067.88,5.65952e+06,1.49822e+11,7.30754e+09
1.59745e+07,1180.43,5.65953e+06,1.49803e+11,7.68248e+09
1.59808e+07,1298.62,5.65953e+06,1.49784e+11,8.05737e+09
1.59871e+07,1422.45,5.65953e+06,1.49763e+11,8.4322e+09
1.59934e+07,1551.9,5.65954e+06,1.49742e+11,8.80699e+09
1.59997e+07,1686.99,5.65954e+06,1.49719e+11,9.18172e+09
1.6006e+07,1827.71,5.65954e+06,1.49696e+11,9.55639e+09
1.60123e+07,1974.06,5.65955e+06,1.49671e+11,9.931e+09
1.60186e+07,2126.04,5.65955e+06,1.49646e+11,1.03056e+10
1.60249e+07,2283.65,5.65956e+06,1.4962e+11,1.068e+10
1.60313e+07,2446.89,5.65957e+06,1.49593e+11,1.10545e+10
1.60376e+07,2615.75,5.65957e+06,1.49564e+11,1.14288e+10
1.60439e+07,2790.24,5.65958e+06,1.49535e+11,1.18031e+10
1.60502e+07,2970.35,5.65959e+06,1.49505e+11,1.21773e+10
1.60565e+07,3156.08,5.65959e+06,1.49474e+11,1.25514e+10
1.60628e+07,3347.44,5.6596e+06,1.49443e+11,1.29255e+10
1.60691e+07,3544.42,5.65961e+06,1.4941e+11,1.32994e+10
1.60754e+07,3747.02,5.65962e+06,1.49376e+11,1.36733e+10
1.60818e+07,3955.23,5.65963e+06,1.49341e+11,1.40471e+10
1.60881e+07,4169.07,5.65964e+06,1.49306e+11,1.44208e+10
1.60944e+07,4388.52,5.65965e+06,1.49269e+11,1.47944e+10
1.61007e+07,4613.58,5.65966e+06,1.49232e+11,1.5168e+10
1.6107e+07,4844.26,5.65967e+06,1.49193e+11,1.55414e+10
1.61133e+07,5080.55,5.65969e+06,1.49154e+11,1.59147e+10
1.61196e+07,5322.44,5.6597e+06,1.49114e+11,1.6288e+10
1.61259e+07,5569.95,5.65971e+06,1.49072e+11,1.66611e+10
1.61322e+07,5823.06,5.65973e+06,1.4903e+11,1.70341e+10
1.61386e+07,6081.78,5.65974e+06,1.48987e+11,1.74071e+10
1.61449e+07,6346.11,5.65976e+06,1.48943e+11,1.77799e+10
1.61512e+07,6616.03,5.65977e+06,1.48898e+11,1.81526e+10
1.61575e+07,6891.56,5.65979e+06,1.48852e+11,1.85252e+10
1.61638e+07,7172.68,5.65981e+06,1.48806e+11,1.88976e+10
1.61701e+07,7459.4,5.65983e+06,1.48758e+11,1.927e+10
1.61764e+07,7751.72,5.65984e+06,1.48709e+11,1.96422e+10
1.61827e+07,8049.63,5.65986e+06,1.4866e+11,2.00143e+10
1.6189e+07,8353.13,5.65988e+06,1.48609e+11,2.03863e+10
1.61954e+07,8662.22,5.65991e+06,1.48558e+11,2.07582e+10
1.62017e+07,8976.89,5.65993e+06,1.48505e+11,2.11299e+10
1.6208e+07,9297.16,5.65995e+06,1.48452e+11,2.15015e+10
1.62143e+07,9623,5.65997e+06,1.48398e+11,2.1873e+10
1.62206e+07,9954.43,5.66e+06,1.48342e+11,2.22443e+10
1.62269e+07,10291.4,5.66002e+06,1.48286e+11,2.26155e+10
1.62332e+07,10634,5.66005e+06,1.48229e+11,2.29865e+10
1.62395e+07,10982.2,5.66008e+06,1.48171e+11,2.33574e+10
1.62459e+07,11335.9,5.66011e+06,1.48112e+11,2.37282e+10
1.62522e+07,11695.2,5.66013e+06,1.48052e+11,2.40988e+10
1.62585e+07,12060.1,5.66016e+06,1.47992e+11,2.44692e+10
1.62648e+07,12430.5,5.66019e+06,1.4793e+11,2.48395e+10
1.62711e+07,12806.5,5.66023e+06,1.47867e+11,2.52097e+10
1.62774e+07,13188.1,5.66026e+06,1.47804e+11,2.55797e+10
1.62837e+07,13575.2,5.66029e+06,1.47739e+11,2.59495e+10
1.629e+07,13967.9,5.66033e+06,1.47674e+11,2.63192e+10
1.62963e+07,14366.1,5.66036e+06,1.47608e+11,2.66887e+10
1.63027e+07,14769.9,5.6604e+06,1.4754e+11,2.7058e+10
1.6309e+07,15179.3,5.66044e+06,1.47472e+11,2.74272e+10
1.63153e+07,15594.2,5.66047e+06,1.47403e+11,2.77962e+10
1.63216e+07,16014.6,5.66051e+06,1.47333e+11,2.8165e+10
1.63279e+07,16440.5,5.66056e+06,1.47262e+11,2.85336e+10
1.63342e+07,16872.1,5.6606e+06,1.4719e+11,2.89021e+10
1.63405e+07,17309.1,5.66064e+06,1.47118e+11,2.92704e+10
1.63468e+07,17751.7,5.66068e+06,1.47044e+11,2.96385e+10
1.63531e+07,18199.8,5.66073e+06,1.46969e+11,3.00064e+10
1.63595e+07,18653.4,5.66077e+06,1.46894e+11,3.03741e+10
1.63658e+07,19112.6,5.66082e+06,1.46817e+11,3.07416e+10
1.63721e+07,19577.3,5.66087e+06,1.4674e+11,3.1109e+10
1.63784e+07,20047.5,5.66092e+06,1.46662e+11,3.14761e+10
1.63847e+07,20523.2,5.66097e+06,1.46582e+11,3.18431e+10
1.6391e+07,21004.4,5.66102e+06,1.46502e+11,3.22098e+10
1.63973e+07,21491.2,5.66108e+06,1.46421e+11,3.25764e+10
1.64036e+07,21983.4,5.66113e+06,1.46339e+11,3.29427e+10
1.641e+07,22481.2,5.66119e+06,1.46256e+11,3.33088e+10
1.64163e+07,22984.4,5.66124e+06,1.46172e+11,3.36748e+10
1.64226e+07,23493.2,5.6613e+06,1.46088e+11,3.40405e+10
1.64289e+07,24007.4,5.66136e+06,1.46002e+11,3.4406e+10
1.64352e+07,24527.2,5.66142e+06,1.45916e+11,3.47713e+10
1.64415e+07,25052.4,5.66148e+06,1.45828e+11,3.51364e+10
1.64478e+07,25583.1,5.66155e+06,1.4574e+11,3.55012e+10
1.64541e+07,26119.3,5.66161e+06,1.4565e+11,3.58658e+10
1.64604e+07,26661,5.66168e+06,1.4556e+11,3.62302e+10
1.64668e+07,27208.1,5.66174e+06,1.45469e+11,3.65944e+10
1.64731e+07,27760.7,5.66181e+06,1.45377e+11,3.69584e+10
1.64794e+07,28318.8,5.66188e+06,1.45284e+11,3.73221e+10
1.64857e+07,28882.4,5.66195e+06,1.4519e+11,3.76856e+10
1.6492e+07,29451.4,5.66203e+06,1.45096e+11,3.80488e+10
1.64983e+07,30025.8,5.6621e+06,1.45e+11,3.84118e+10
1.65046e+07,30605.8,5.66218e+06,1.44903e+11,3.87746e+10
1.65109e+07,31191.1,5.66226e+06,1.44806e+11,3.91371e+10
1.65172e+07,31782,5.66233e+06,1.44707e+11,3.94994e+10
1.65236e+07,32378.2,5.66241e+06,1.44608e+11,3.98614e+10
1.65299e+07,32979.9,5.6625e+06,1.44508e+11,4.02232e+10
1.65362e+07,33587.1,5.66258e+06,1.44407e+11,4.05848e+10
1.65425e+07,34199.6,5.66266e+06,1.44305e+11,4.0946e+10
1.65488e+07,34817.6,5.66275e+06,1.44202e+11,4.13071e+10
1.65551e+07,35441,5.66284e+06,1.44098e+11,4.16678e+10
1.65614e+07,36069.9,5.66293e+06,1.43993e+11,4.20283e+10
1.65677e+07,36704.1,5.66302e+06,1.43888e+11,4.23886e+10
1.65741e+07,37343.8,5.66311e+06,1.43781e+11,4.27485e+10
1.65804e+07,37988.9,5.66321e+06,1.43674e+11,4.31082e+10
1.65867e+07,38639.4,5.6633e+06,1.43565e+11,4.34677e+10
1.6593e+07,39295.2,5.6634e+06,1.43456e+11,4.38268e+10
1.65993e+07,39956.5,5.6635e+06,1.43346e+11,4.41857e+10
1.66056e+07,40623.2,5.6636e+06,1.43235e+11,4.45444e+10
1.66119e+07,41295.2,5.6637e+06,1.43123e+11,4.49027e+10
1.66182e+07,41972.7,5.66381e+06,1.4301e+11,4.52607e+10
1.66245e+07,42655.5,5.66391e+06,1.42897e+11,4.56185e+10
1.66309e+07,43343.7,5.66402e+06,1.42782e+11,4.5976e+10
1.66372e+07,44037.2,5.66413e+06,1.42667e+11,4.63332e+10
1.66435e+07,44736.2,5.66424e+06,1.4255e+11,4.66901e+10
1.66498e+07,45440.4,5.66435e+06,1.42433e+11,4.70467e+10
1.66561e+07,46150.1,5.66447e+06,1.42315e+11,4.7403e+10
1.66624e+07,46865.1,5.66458e+06,1.42196e+11,4.7759e+10
1.66687e+07,47585.4,5.6647e+06,1.42076e+11,4.81148e+10
1.6675e+07,48311.1,5.66482e+06,1.41955e+11,4.84702e+10
1.66813e+07,49042.2,5.66494e+06,1.41833e+11,4.88253e+10
1.66877e+07,49778.5,5.66507e+06,1.41711e+11,4.91801e+10
1.6694e+07,50520.2,5.66519e+06,1.41587e+11,4.95346e+10
1.67003e+07,51267.2,5.66532e+06,1.41463e+11,4.98888e+10
1.67066e+07,52019.6,5.66545e+06,1.41337e+11,5.02427e+10
1.67129e+07,52777.2,5.66558e+06,1.41211e+11,5.05963e+10
1.67192e+07,53540.2,5.66571e+06,1.41084e+11,5.09495e+10
1.67255e+07,54308.5,5.66585e+06,1.40956e+11,5.13024e+10
1.67318e+07,55082,5.66599e+06,1.40827e+11,5.1655e+10
1.67382e+07,55860.9,5.66612e+06,1.40698e+11,5.20073e+10
1.67445e+07,56645.1,5.66627e+06,1.40567e+11,5.23593e+10
1.67508e+07,57434.5,5.66641e+06,1.40436e+11,5.27109e+10
1.67571e+07,58229.3,5.66655e+06,1.40303e+11,5.30622e+10
1.67634e+07,59029.3,5.6667e+06,1.4017e+11,5.34132e+10
1.67697e+07,59834.6,5.66685e+06,1.40036e+11,5.37638e+10
1.6776e+07,60645.1,5.667e+06,1.39901e+11,5.41141e+10
1.67823e+07,61460.9,5.66715e+06,1.39765e+11,5.44641e+10
1.67886e+07,62282,5.66731e+06,1.39628e+11,5.48137e+10
1.6795e+07,63108.3,5.66746e+06,1.39491e+11,5.5163e+10
1.68013e+07,63939.9,5.66762e+06,1.39352e+11,5.55119e+10
1.68076e+07,64776.7,5.66778e+06,1.39213e+11,5.58605e+10
1.68139e+07,65618.7,5.66795e+06,1.39073e+11,5.62087e+10
1.68202e+07,66466,5.66811e+06,1.38932e+11,5.65566e+10
1.68265e+07,67318.5,5.66828e+06,1.3879e+11,5.69041e+10
1.68328e+07,68176.2,5.66845e+06,1.38647e+11,5.72513e+10
1.68391e+07,69039.2,5.66862e+06,1.38503e+11,5.75981e+10
1.68454e+07,69907.3,5.66879e+06,1.38359e+11,5.79446e+10
1.68518e+07,70780.7,5.66897e+06,1.38213e+11,5.82906e+10
1.68581e+07,71659.2,5.66915e+06,1.38067e+11,5.86364e+10
1.68644e+07,72542.9,5.66933e+06,1.3792e+11,5.89817e+10
1.68707e+07,73431.9,5.66951e+06,1.37772e+11,5.93267e+10
1.6877e+07,74326,5.6697e+06,1.37623e+11,5.96713e+10
1.68833e+07,75225.3,5.66988e+06,1.37473e+11,6.00156e+10
1.68896e+07,76129.7,5.67007e+06,1.37322e+11,6.03594e+10
1.68959e+07,77039.4,5.67027e+06,1.37171e+11,6.07029e+10
1.69023e+07,77954.1,5.67046e+06,1.37019e+11,6.1046e+10
1.69086e+07,78874.1,5.67066e+06,1.36865e+11,6.13887e+10
1.69149e+07,79799.2,5.67085e+06,1.36711e+11,6.17311e+10
1.69212e+07,80729.4,5.67106e+06,1.36556e+11,6.2073e+10
1.69275e+07,81664.7,5.67126e+06,1.36401e+11,6.24146e+10
1.69338e+07,82605.2,5.67146e+06,1.36244e+11,6.27558e+10
1.69401e+07,83550.8,5.67167e+06,1.36087e+11,6.30965e+10
1.69464e+07,84501.6,5.67188e+06,1.35928e+11,6.34369e+10
1.69527e+07,85457.4,5.67209e+06,1.35769e+11,6.37769e+10
1.69591e+07,86418.4,5.67231e+06,1.35609e+11,6.41165e+10
1.69654e+07,87384.4,5.67253e+06,1.35448e+11,6.44557e+10
1.69717e+07,88355.6,5.67275e+06,1.35286e+11,6.47945e+10
1.6978e+07,89331.8,5.67297e+06,1.35124e+11,6.51329e+10
1.69843e+07,90313.1,5.67319e+06,1.3496e+11,6.54708e+10
1.69906e+07,91299.5,5.67342e+06,1.34796e+11,6.58084e+10
1.69969e+07,92291,5.67365e+06,1.34631e+11,6.61455e+10
1.70032e+07,93287.5,5.67388e+06,1.34465e+11,6.64823e+10
1.70095e+07,94289.1,5.67412e+06,1.34298e+11,6.68186e+10
1.70159e+07,95295.8,5.67436e+06,1.34131e+11,6.71545e+10
1.70222e+07,96307.4,5.6746e+06,1.33962e+11,6.749e+10
1.70285e+07,97324.2,5.67484e+06,1.33793e+11,6.7825e+10
1.70348e+07,98345.9,5.67508e+06,1.33623e+11,6.81596e+10
1.70411e+07,99372.7,5.67533e+06,1.33452e+11,6.84938e+10
1.70474e+07,100405,5.67558e+06,1.3328e+11,6.88276e+10
1.70537e+07,101441,5.67583e+06,1.33107e+11,6.9161e+10
1.706e+07,102483,5.67609e+06,1.32934e+11,6.94939e+10
1.70664e+07,103530,5.67635e+06,1.32759e+11,6.98263e+10
1.70727e+07,104582,5.67661e+06,1.32584e+11,7.01584e+10
1.7079e+07,105639,5.67687e+06,1.32408e+11,7.049e+10
1.70853e+07,106700,5.67713e+06,1.32231e+11,7.08211e+10
1.70916e+07,107767,5.6774e+06,1.32054e+11,7.11518e+10
1.70979e+07,108839,5.67767e+06,1.31875e+11,7.14821e+10
1.71042e+07,109915,5.67795e+06,1.31696e+11,7.18119e+10
1.71105e+07,110997,5.67822e+06,1.31516e+11,7.21413e+10
1.71168e+07,112084,5.6785e+06,1.31335e+11,7.24702e+10
1.71232e+07,113175,5.67879e+06,1.31153e+11,7.27987e+10
1.71295e+07,114272,5.67907e+06,1.30971e+11,7.31267e+10
1.71358e+07,115373,5.67936e+06,1.30787e+11,7.34542e+10
1.71421e+07,116479,5.67965e+06,1.30603e+11,7.37813e+10
1.71484e+07,117591,5.67994e+06,1.30418e+11,7.4108e+10
1.71547e+07,118707,5.68024e+06,1.30232e+11,7.44341e+10
1.7161e+07,119828,5.68053e+06,1.30045e+11,7.47598e+10
1.71673e+07,120954,5.68084e+06,1.29858e+11,7.5085e+10
1.71736e+07,122084,5.68114e+06,1.2967e+11,7.54098e+10
1.718e+07,123220,5.68145e+06,1.29481e+11,7.57341e+10
1.71863e+07,124361,5.68176e+06,1.29291e+11,7.60579e+10
1.71926e+07,125506,5.68207e+06,1.291e+11,7.63812e+10
1.71989e+07,126656,5.68238e+06,1.28908e+11,7.67041e+10
1.72052e+07,127811,5.6827e+06,1.28716e+11,7.70265e+10
1.72115e+07,128971,5.68302e+06,1.28523e+11,7.73484e+10
1.72178e+07,130136,5.68335e+06,1.28329e+11,7.76698e+10
1.72241e+07,131306,5.68368e+06,1.28134e+11,7.79907e+10
1.72304e+07,132480,5.68401e+06,1.27938e+11,7.83111e+10
1.72368e+07,133659,5.68434e+06,1.27742e+11,7.86311e+10
1.72431e+07,134843,5.68467e+06,1.27545e+11,7.89505e+10
1.72494e+07,136032,5.68501e+06,1.27347e+11,7.92695e+10
1.72557e+07,137226,5.68536e+06,1.27148e+11,7.9588e+10
1.7262e+07,138424,5.6857e+06,1.26949e+11,7.99059e+10
1.72683e+07,139627,5.68605e+06,1.26748e+11,8.02234e+10
1.72746e+07,140835,5.6864e+06,1.26547e+11,8.05403e+10
1.72809e+07,142048,5.68675e+06,1.26345e+11,8.08568e+10
1.72873e+07,143266,5.68711e+06,1.26142e+11,8.11727e+10
1.72936e+07,144488,5.68747e+06,1.25939e+11,8.14882e+10
1.72999e+07,145715,5.68783e+06,1.25735e+11,8.18031e+10
1.73062e+07,146946,5.6882e+06,1.25529e+11,8.21175e+10
1.73125e+07,148183,5.68857e+06,1.25324e+11,8.24314e+10
1.73188e+07,149424,5.68894e+06,1.25117e+11,8.27448e+10
1.73251e+07,150670,5.68932e+06,1.24909e+11,8.30577e+10
1.73314e+07,151920,5.6897e+06,1.24701e+11,8.337e+10
1.73377e+07,153175,5.69008e+06,1.24492e+11,8.36819e+10
1.73441e+07,154435,5.69046e+06,1.24282e+11,8.39932e+10
1.73504e+07,155700,5.69085e+06,1.24072e+11,8.4304e+10
1.73567e+07,156969,5.69124e+06,1.2386e+11,8.46142e+10
1.7363e+07,158243,5.69164e+06,1.23648e+11,8.49239e+10
1.73693e+07,159522,5.69203e+06,1.23435e+11,8.52331e+10
1.73756e+07,160805,5.69243e+06,1.23222e+11,8.55418e+10
1.73819e+07,162093,5.69284e+06,1.23007e+11,8.58499e+10
1.73882e+07,163385,5.69325e+06,1.22792e+11,8.61575e+10
1.73945e+07,164682,5.69366e+06,1.22576e+11,8.64645e+10
1.74009e+07,165984,5.69407e+06,1.22359e+11,8.6771e+10
1.74072e+07,167290,5.69449e+06,1.22142e+11,8.7077e+10
1.74135e+07,168601,5.69491e+06,1.21923e+11,8.73824e+10
1.74198e+07,169916,5.69533e+06,1.21704e+11,8.76872e+10
1.74261e+07,171236,5.69576e+06,1.21484e+11,8.79915e+10
1.74324e+07,172561,5.69619e+06,1.21264e+11,8.82953e+10
1.74387e+07,173890,5.69662e+06,1.21043e+11,8.85985e+10
1.7445e+07,175224,5.69706e+06,1.2082e+11,8.89012e+10
1.74514e+07,176562,5.6975e+06,1.20598e+11,8.92033e+10
1.74577e+07,177905,5.69794e+06,1.20374e+11,8.95048e+10
1.7464e+07,179252,5.69839e+06,1.2015e+11,8.98058e+10
1.74703e+07,180604,5.69884e+06,1.19925e+11,9.01062e+10
1.74766e+07,181960,5.69929e+06,1.19699e+11,9.04061e+10
1.74829e+07,183321,5.69975e+06,1.19472e+11,9.07053e+10
1.74892e+07,184687,5.70021e+06,1.19245e+11,9.10041e+10
1.74955e+07,186056,5.70068e+06,1.19017e+11,9.13022e+10
1.75018e+07,187431,5.70114e+06,1.18788e+11,9.15998e+10
1.75082e+07,188810,5.70161e+06,1.18558e+11,9.18968e+10
1.75145e+07,190193,5.70209e+06,1.18328e+11,9.21932e+10
1.75208e+07,191580,5.70257e+06,1.18097e+11,9.24891e+10
1.75271e+07,192973,5.70305e+06,1.17865e+11,9.27843e+10
1.75334e+07,194369,5.70353e+06,1.17632e+11,9.3079e+10
1.75397e+07,195770,5.70402e+06,1.17399e+11,9.33731e+10
1.7546e+07,197176,5.70451e+06,1.17165e+11,9.36666e+10
1.75523e+07,198585,5.70501e+06,1.1693e+11,9.39596e+10
1.75586e+07,200000,5.70551e+06,1.16695e+11,9.42519e+10
1.7565e+07,201418,5.70601e+06,1.16458e+11,9.45437e+10
1.75713e+07,202841,5.70651e+06,1.16221e+11,9.48348e+10
1.75776e+07,204268,5.70702e+06,1.15984e+11,9.51254e+10
1.75839e+07,205700,5.70754e+06,1.15745e+11,9.54154e+10
1.75902e+07,207136,5.70805e+06,1.15506e+11,9.57048e+10
1.75965e+07,208577,5.70857e+06,1.15266e+11,9.59935e+10
1.76028e+07,210021,5.7091e+06,1.15026e+11,9.62817e+10
1.76091e+07,211470,5.70962e+06,1.14784e+11,9.65693e+10
1.76155e+07,212924,5.71015e+06,1.14542e+11,9.68562e+10
1.76218e+07,214382,5.71069e+06,1.143e+11,9.71426e+10
1.76281e+07,215844,5.71123e+06,1.14056e+11,9.74284e+10
1.76344e+07,217310,5.71177e+06,1.13812e+11,9.77135e+10
1.76407e+07,218780,5.71232e+06,1.13567e+11,9.7998e+10
1.7647e+07,220255,5.71287e+06,1.13322e+11,9.82819e+10
1.76533e+07,221734,5.71342e+06,1.13075e+11,9.85652e+10
1.76596e+07,223218,5.71398e+06,1.12828e+11,9.88479e+10
1.76659e+07,224705,5.71454e+06,1.1258e+11,9.913e+10
1.76723e+07,226197,5.7151e+06,1.12332e+11,9.94114e+10
1.76786e+07,227693,5.71567e+06,1.12083e+11,9.96923e+10
1.76849e+07,229193,5.71624e+06,1.11833e+11,9.99725e+10
1.76912e+07,230698,5.71681e+06,1.11583e+11,1.00252e+11
1.76975e+07,232207,5.71739e+06,1.11331e+11,1.00531e+11
1.77038e+07,233719,5.71798e+06,1.11079e+11,1.00809e+11
1.77101e+07,235236,5.71856e+06,1.10827e+11,1.01087e+11
1.77164e+07,236758,5.71915e+06,1.10573e+11,1.01364e+11
1.77227e+07,238283,5.71975e+06,1.10319e+11,1.0164e+11
1.77291e+07,239813,5.72035e+06,1.10065e+11,1.01916e+11
1.77354e+07,241346,5.72095e+06,1.09809e+11,1.02191e+11
1.77417e+07,242884,5.72156e+06,1.09553e+11,1.02466e+11
1.7748e+07,244426,5.72217e+06,1.09296e+11,1.0274e+11
1.77543e+07,245972,5.72278e+06,1.09039e+11,1.03013e+11
1.77606e+07,247522,5.7234e+06,1.08781e+11,1.03285e+11
1.77669e+07,249076,5.72402e+06,1.08522e+11,1.03557e+11
1.77732e+07,250635,5.72464e+06,1.08263e+11,1.03829e+11
1.77796e+07,252197,5.72527e+06,1.08002e+11,1.04099e+11
1.77859e+07,253763,5.72591e+06,1.07742e+11,1.04369e+11
1.77922e+07,255334,5.72654e+06,1.0748e+11,1.04639e+11
1.77985e+07,256908,5.72718e+06,1.07218e+11,1.04907e+11
1.78048e+07,258487,5.72783e+06,1.06955e+11,1.05175e+11
1.78111e+07,260069,5.72848e+06,1.06691e+11,1.05443e+11
1.78174e+07,261656,5.72913e+06,1.06427e+11,1.05709e+11
1.78237e+07,263247,5.72979e+06,1.06162e+11,1.05975e+11
1.783e+07,264841,5.73045e+06,1.05897e+11,1.06241e+11
1.78364e+07,266440,5.73111e+06,1.05631e+11,1.06505e+11
1.78427e+07,268042,5.73178e+06,1.05364e+11,1.06769e+11
1.7849e+07,269649,5.73245e+06,1.05096e+11,1.07033e+11
1.78553e+07,271259,5.73313e+06,1.04828e+11,1.07295e+11
1.78616e+07,272874,5.73381e+06,1.04559e+11,1.07557e+11
1.78679e+07,274492,5.7345e+06,1.0429e+11,1.07819e+11
1.78742e+07,276114,5.73519e+06,1.04019e+11,1.08079e+11
1.78805e+07,277740,5.73588e+06,1.03749e+11,1.08339e+11
1.78868e+07,279371,5.73658e+06,1.03477e+11,1.08599e+11
1.78932e+07,281005,5.73728e+06,1.03205e+11,1.08857e+11
1.78995e+07,282642,5.73798e+06,1.02932e+11,1.09115e+11
1.79058e+07,284284,5.73869e+06,1.02659e+11,1.09373e+11
1.79121e+07,285930,5.73941e+06,1.02385e+11,1.09629e+11
1.79184e+07,287579,5.74012e+06,1.0211e+11,1.09885e+11
1.79247e+07,289232,5.74085e+06,1.01835e+11,1.1014e+11
1.7931e+07,290889,5.74157e+06,1.01559e+11,1.10395e+11
1.79373e+07,292550,5.7423e+06,1.01282e+11,1.10649e+11
1.79437e+07,294215,5.74304e+06,1.01005e+11,1.10902e+11
1.795e+07,295884,5.74377e+06,1.00727e+11,1.11154e+11
1.79563e+07,297556,5.74452e+06,1.00449e+11,1.11406e+11
1.79626e+07,299232,5.74526e+06,1.0017e+11,1.11657e+11
1.79689e+07,300912,5.74601e+06,9.989e+10,1.11907e+11
1.79752e+07,302596,5.74677e+06,9.96096e+10,1.12157e+11
1.79815e+07,304283,5.74753e+06,9.93286e+10,1.12406e+11
1.79878e+07,305974,5.74829e+06,9.9047e+10,1.12654e+11
1.79941e+07,307669,5.74906e+06,9.87648e+10,1.12902e+11
1.80005e+07,309367,5.74983e+06,9.84819e+10,1.13148e+11
1.80068e+07,311070,5.75061e+06,9.81985e+10,1.13395e+11
1.80131e+07,312776,5.75139e+06,9.79144e+10,1.1364e+11
1.80194e+07,314485,5.75217e+06,9.76297e+10,1.13885e+11
1.80257e+07,316198,5.75296e+06,9.73444e+10,1.14129e+11
1.8032e+07,317915,5.75376e+06,9.70585e+10,1.14372e+11
1.80383e+07,319636,5.75455e+06,9.67719e+10,1.14614e+11
1.80446e+07,321360,5.75536e+06,9.64848e+10,1.14856e+11
1.80509e+07,323088,5.75616e+06,9.61971e+10,1.15097e+11
1.80573e+07,324820,5.75697e+06,9.59087e+10,1.15338e+11
1.80636e+07,326555,5.75779e+06,9.56198e+10,1.15577e+11
1.80699e+07,328293,5.75861e+06,9.53302e+10,1.15816e+11
1.80762e+07,330036,5.75943e+06,9.50401e+10,1.16055e+11
1.80825e+07,331782,5.76026e+06,9.47494e+10,1.16292e+11
1.80888e+07,333531,5.76109e+06,9.4458e+10,1.16529e+11
1.80951e+07,335284,5.76193e+06,9.41661e+10,1.16765e+11
1.81014e+07,337040,5.76277e+06,9.38736e+10,1.17e+11
1.81078e+07,338801,5.76362e+06,9.35805e+10,1.17235e+11
1.81141e+07,340564,5.76447e+06,9.32868e+10,1.17469e+11
1.81204e+07,342331,5.76532e+06,9.29926e+10,1.17702e+11
1.81267e+07,344102,5.76618e+06,9.26977e+10,1.17934e+11
1.8133e+07,345876,5.76704e+06,9.24023e+10,1.18166e+11
1.81393e+07,347653,5.76791e+06,9.21063e+10,1.18397e+11
1.81456e+07,349434,5.76878e+06,9.18097e+10,1.18627e+11
1.81519e+07,351219,5.76966e+06,9.15125e+10,1.18856e+11
1.81582e+07,353007,5.77054e+06,9.12148e+10,1.19085e+11
1.81646e+07,354798,5.77143e+06,9.09165e+10,1.19313e+11
1.81709e+07,356593,5.77232e+06,9.06176e+10,1.1954e+11
1.81772e+07,358391,5.77321e+06,9.03182e+10,1.19766e+11
1.81835e+07,360192,5.77411e+06,9.00182e+10,1.19992e+11
1.81898e+07,361997,5.77502e+06,8.97176e+10,1.20217e+11
1.81961e+07,363806,5.77592e+06,8.94165e+10,1.20441e+11
1.82024e+07,365617,5.77684e+06,8.91148e+10,1.20664e+11
1.82087e+07,367432,5.77775e+06,8.88125e+10,1.20887e+11
1.8215e+07,369251,5.77868e+06,8.85097e+10,1.21109e+11
1.82214e+07,371072,5.7796e+06,8.82064e+10,1.2133e+11
1.82277e+07,372897,5.78053e+06,8.79025e+10,1.2155e+11
1.8234e+07,374726,5.78147e+06,8.7598e+10,1.2177e+11
1.82403e+07,376557,5.78241e+06,8.7293e+10,1.21989e+11
1.82466e+07,378392,5.78335e+06,8.69874e+10,1.22207e+11
1.82529e+07,380230,5.7843e+06,8.66813e+10,1.22424e+11
1.82592e+07,382072,5.78526e+06,8.63747e+10,1.22641e+11
1.82655e+07,383917,5.78622e+06,8.60675e+10,1.22857e+11
1.82719e+07,385764,5.78718e+06,8.57597e+10,1.23072e+11
1.82782e+07,387616,5.78815e+06,8.54515e+10,1.23286e+11
1.82845e+07,389470,5.78912e+06,8.51427e+10,1.23499e+11
1.82908e+07,391328,5.7901e+06,8.48334e+10,1.23712e+11
1.82971e+07,393188,5.79108e+06,8.45235e+10,1.23924e+11
1.83034e+07,395052,5.79206e+06,8.42131e+10,1.24135e+11
1.83097e+07,396919,5.79305e+06,8.39022e+10,1.24346e+11
1.8316e+07,398790,5.79405e+06,8.35907e+10,1.24555e+11
1.83223e+07,400663,5.79505e+06,8.32788e+10,1.24764e+11
1.83287e+07,402539,5.79606e+06,8.29663e+10,1.24972e+11
1.8335e+07,404419,5.79707e+06,8.26532e+10,1.25179e+11
1.83413e+07,406302,5.79808e+06,8.23397e+10,1.25386e+11
1.83476e+07,408188,5.7991e+06,8.20257e+10,1.25591e+11
1.83539e+07,410077,5.80012e+06,8.17111e+10,1.25796e+11
1.83602e+07,411969,5.80115e+06,8.1396e+10,1.26e+11
1.83665e+07,413864,5.80219e+06,8.10805e+10,1.26204e+11
1.83728e+07,415762,5.80322e+06,8.07644e+10,1.26406e+11
1.83791e+07,417663,5.80427e+06,8.04478e+10,1.26608e+11
1.83855e+07,419567,5.80531e+06,8.01307e+10,1.26809e+11
1.83918e+07,421474,5.80637e+06,7.98131e+10,1.27009e+11
1.83981e+07,423385,5.80742e+06,7.9495e+10,1.27208e+11
1.84044e+07,425298,5.80849e+06,7.91764e+10,1.27407e+11
1.84107e+07,427214,5.80955e+06,7.88573e+10,1.27605e+11
1.8417e+07,429133,5.81062e+06,7.85377e+10,1.27802e+11
1.84233e+07,431055,5.8117e+06,7.82176e+10,1.27998e+11
1.84296e+07,432980,5.81278e+06,7.7897e+10,1.28193e+11
1.84359e+07,434908,5.81387e+06,7.7576e+10,1.28388e+11
1.84423e+07,436839,5.81496e+06,7.72544e+10,1.28581e+11
1.84486e+07,438773,5.81605e+06,7.69324e+10,1.28774e+11
1.84549e+07,440710,5.81716e+06,7.66099e+10,1.28967e+11
1.84612e+07,442649,5.81826e+06,7.62869e+10,1.29158e+11
1.84675e+07,444592,5.81937e+06,7.59635e+10,1.29348e+11
1.84738e+07,446537,5.82049e+06,7.56395e+10,1.29538e+11
1.84801e+07,448485,5.82161e+06,7.53151e+10,1.29727e+11
1.84864e+07,450436,5.82273e+06,7.49902e+10,1.29915e+11
1.84928e+07,452390,5.82386e+06,7.46648e+10,1.30102e+11
1.84991e+07,454346,5.825e+06,7.4339e+10,1.30289e+11
1.85054e+07,456306,5.82613e+06,7.40127e+10,1.30474e+11
1.85117e+07,458268,5.82728e+06,7.3686e+10,1.30659e+11
1.8518e+07,460233,5.82843e+06,7.33588e+10,1.30843e+11
1.85243e+07,462200,5.82958e+06,7.30311e+10,1.31026e+11
1.85306e+07,464171,5.83074e+06,7.27029e+10,1.31209e+11
1.85369e+07,466144,5.83191e+06,7.23744e+10,1.3139e+11
1.85432e+07,468120,5.83308e+06,7.20453e+10,1.31571e+11
1.85496e+07,470099,5.83425e+06,7.17158e+10,1.31751e+11
1.85559e+07,472080,5.83543e+06,7.13859e+10,1.3193e+11
1.85622e+07,474064,5.83661e+06,7.10555e+10,1.32108e+11
1.85685e+07,476051,5.8378e+06,7.07247e+10,1.32286e+11
1.85748e+07,478040,5.83899e+06,7.03934e+10,1.32462e+11
1.85811e+07,480032,5.84019e+06,7.00617e+10,1.32638e+11
1.85874e+07,482027,5.8414e+06,6.97295e+10,1.32813e+11
1.85937e+07,484024,5.84261e+06,6.93969e+10,1.32987e+11
1.86e+07,486024,5.84382e+06,6.90639e+10,1.3316e+11
1.86064e+07,488026,5.84504e+06,6.87304e+10,1.33333e+11
1.86127e+07,490031,5.84626e+06,6.83965e+10,1.33504e+11
1.8619e+07,492039,5.84749e+06,6.80622e+10,1.33675e+11
1.86253e+07,494049,5.84873e+06,6.77275e+10,1.33845e+11
1.86316e+07,496062,5.84997e+06,6.73923e+10,1.34014e+11
1.86379e+07,498077,5.85121e+06,6.70567e+10,1.34182e+11
1.86442e+07,500095,5.85246e+06,6.67207e+10,1.3435e+11
1.86505e+07,502115,5.85371e+06,6.63842e+10,1.34516e+11
1.86569e+07,504138,5.85497e+06,6.60474e+10,1.34682e+11
1.86632e+07,506163,5.85624e+06,6.57101e+10,1.34847e+11
1.86695e+07,508191,5.8575e+06,6.53725e+10,1.35011e+11
1.86758e+07,510221,5.85878e+06,6.50344e+10,1.35174e+11
1.86821e+07,512253,5.86006e+06,6.46959e+10,1.35336e+11
1.86884e+07,514289,5.86134e+06,6.4357e+10,1.35498e+11
1.86947e+07,516326,5.86263e+06,6.40177e+10,1.35659e+11
1.8701e+07,518366,5.86393e+06,6.3678e+10,1.35818e+11
1.87073e+07,520408,5.86523e+06,6.33379e+10,1.35977e+11
1.87137e+07,522453,5.86653e+06,6.29974e+10,1.36135e+11
1.872e+07,524500,5.86784e+06,6.26565e+10,1.36293e+11
1.87263e+07,526549,5.86916e+06,6.23153e+10,1.36449e+11
1.87326e+07,528601,5.87048e+06,6.19736e+10,1.36605e+11
1.87389e+07,530655,5.8718e+06,6.16315e+10,1.36759e+11
1.87452e+07,532712,5.87313e+06,6.12891e+10,1.36913e+11
1.87515e+07,534770,5.87447e+06,6.09462e+10,1.37066e+11
1.87578e+07,536831,5.87581e+06,6.0603e+10,1.37218e+11
1.87641e+07,538895,5.87716e+06,6.02594e+10,1.37369e+11
1.87705e+07,540960,5.87851e+06,5.99155e+10,1.3752e+11
1.87768e+07,543028,5.87987e+06,5.95711e+10,1.37669e+11
1.87831e+07,545098,5.88123e+06,5.92264e+10,1.37818e+11
1.87894e+07,547170,5.88259e+06,5.88813e+10,1.37966e+11
1.87957e+07,549245,5.88397e+06,5.85359e+10,1.38113e+11
1.8802e+07,551321,5.88534e+06,5.81901e+10,1.38259e+11
1.88083e+07,553400,5.88673e+06,5.78439e+10,1.38404e+11
1.88146e+07,555481,5.88811e+06,5.74973e+10,1.38548e+11
1.8821e+07,557564,5.88951e+06,5.71504e+10,1.38692e+11
1.88273e+07,559650,5.8909e+06,5.68031e+10,1.38834e+11
1.88336e+07,561737,5.89231e+06,5.64555e+10,1.38976e+11
1.88399e+07,563827,5.89372e+06,5.61075e+10,1.39117e+11
1.88462e+07,565919,5.89513e+06,5.57592e+10,1.39257e+11
1.88525e+07,568012,5.89655e+06,5.54105e+10,1.39396e+11
1.88588e+07,570108,5.89797e+06,5.50615e+10,1.39534e+11
1.88651e+07,572206,5.8994e+06,5.47121e+10,1.39671e+11
1.88714e+07,574306,5.90084e+06,5.43624e+10,1.39808e+11
1.88778e+07,576408,5.90228e+06,5.40124e+10,1.39944e+11
1.88841e+07,578512,5.90372e+06,5.3662e+10,1.40078e+11
1.88904e+07,580619,5.90517e+06,5.33113e+10,1.40212e+11
1.88967e+07,582727,5.90663e+06,5.29602e+10,1.40345e+11
1.8903e+07,584837,5.90809e+06,5.26088e+10,1.40477e+11
1.89093e+07,586949,5.90955e+06,5.22571e+10,1.40609e+11
1.89156e+07,589063,5.91103e+06,5.1905e+10,1.40739e+11
1.89219e+07,591179,5.9125e+06,5.15527e+10,1.40868e+11
1.89282e+07,593297,5.91399e+06,5.12e+10,1.40997e+11
1.89346e+07,595417,5.91547e+06,5.08469e+10,1.41125e+11
1.89409e+07,597539,5.91697e+06,5.04936e+10,1.41251e+11
1.89472e+07,599662,5.91846e+06,5.01399e+10,1.41377e+11
1.89535e+07,601788,5.91997e+06,4.9786e+10,1.41502e+11
1.89598e+07,603915,5.92148e+06,4.94317e+10,1.41627e+11
1.89661e+07,606045,5.92299e+06,4.90771e+10,1.4175e+11
1.89724e+07,608176,5.92451e+06,4.87222e+10,1.41872e+11
1.89787e+07,610309,5.92603e+06,4.8367e+10,1.41994e+11
1.89851e+07,612444,5.92756e+06,4.80115e+10,1.42114e+11
1.89914e+07,614580,5.9291e+06,4.76557e+10,1.42234e+11
1.89977e+07,616719,5.93064e+06,4.72996e+10,1.42353e+11
1.9004e+07,618859,5.93219e+06,4.69432e+10,1.42471e+11
1.90103e+07,621001,5.93374e+06,4.65865e+10,1.42588e+11
1.90166e+07,623145,5.9353e+06,4.62295e+10,1.42704e+11
1.90229e+07,625290,5.93686e+06,4.58723e+10,1.42819e+11
1.90292e+07,627437,5.93843e+06,4.55147e+10,1.42934e+11
1.90355e+07,629586,5.94e+06,4.51568e+10,1.43047e+11
1.90419e+07,631737,5.94158e+06,4.47987e+10,1.4316e+11
1.90482e+07,633889,5.94316e+06,4.44403e+10,1.43271e+11
1.90545e+07,636043,5.94475e+06,4.40816e+10,1.43382e+11
1.90608e+07,638198,5.94634e+06,4.37226e+10,1.43492e+11
1.90671e+07,640356,5.94794e+06,4.33634e+10,1.43601e+11
1.90734e+07,642515,5.94955e+06,4.30039e+10,1.43709e+11
1.90797e+07,644675,5.95116e+06,4.26441e+10,1.43816e+11
1.9086e+07,646837,5.95278e+06,4.22841e+10,1.43922e+11
1.90923e+07,649001,5.9544e+06,4.19238e+10,1.44028e+11
1.90987e+07,651166,5.95602e+06,4.15632e+10,1.44132e+11
1.9105e+07,653333,5.95766e+06,4.12024e+10,1.44236e+11
1.91113e+07,655501,5.95929e+06,4.08413e+10,1.44338e+11
1.91176e+07,657671,5.96094e+06,4.04799e+10,1.4444e+11
1.91239e+07,659843,5.96259e+06,4.01183e+10,1.44541e+11
1.91302e+07,662016,5.96424e+06,3.97565e+10,1.44641e+11
1.91365e+07,664190,5.9659e+06,3.93944e+10,1.4474e+11
1.91428e+07,666366,5.96757e+06,3.9032e+10,1.44838e+11
1.91492e+07,668543,5.96924e+06,3.86694e+10,1.44935e+11
1.91555e+07,670722,5.97091e+06,3.83066e+10,1.45032e+11
1.91618e+07,672902,5.97259e+06,3.79435e+10,1.45127e+11
1.91681e+07,675084,5.97428e+06,3.75802e+10,1.45222e+11
1.91744e+07,677267,5.97597e+06,3.72166e+10,1.45315e+11
1.91807e+07,679452,5.97767e+06,3.68529e+10,1.45408e+11
1.9187e+07,681638,5.97937e+06,3.64888e+10,1.455e+11
1.91933e+07,683825,5.98108e+06,3.61246e+10,1.45591e+11
1.91996e+07,686014,5.9828e+06,3.57601e+10,1.4568e+11
1.9206e+07,688204,5.98452e+06,3.53954e+10,1.4577e+11
1.92123e+07,690395,5.98624e+06,3.50305e+10,1.45858e+11
1.92186e+07,692588,5.98797e+06,3.46654e+10,1.45945e+11
1.92249e+07,694781,5.98971e+06,3.43e+10,1.46031e+11
1.92312e+07,696977,5.99145e+06,3.39345e+10,1.46117e+11
1.92375e+07,699173,5.9932e+06,3.35687e+10,1.46201e+11
1.92438e+07,701371,5.99495e+06,3.32027e+10,1.46285e+11
1.92501e+07,703570,5.99671e+06,3.28365e+10,1.46367e+11
1.92564e+07,705770,5.99847e+06,3.24701e+10,1.46449e+11
1.92628e+07,707972,6.00024e+06,3.21035e+10,1.4653e+11
1.92691e+07,710174,6.00201e+06,3.17367e+10,1.4661e+11
1.92754e+07,712378,6.00379e+06,3.13697e+10,1.46689e+11
1.92817e+07,714583,6.00558e+06,3.10025e+10,1.46767e+11
1.9288e+07,716789,6.00737e+06,3.06351e+10,1.46844e+11
1.92943e+07,718997,6.00917e+06,3.02675e+10,1.4692e+11
1.93006e+07,721205,6.01097e+06,2.98997e+10,1.46995e+11
1.93069e+07,723415,6.01278e+06,2.95318e+10,1.4707e+11
1.93133e+07,725626,6.01459e+06,2.91636e+10,1.47143e+11
1.93196e+07,727838,6.01641e+06,2.87953e+10,1.47216e+11
1.93259e+07,730050,6.01823e+06,2.84268e+10,1.47287e+11
1.93322e+07,732264,6.02006e+06,2.80581e+10,1.47358e+11
1.93385e+07,734480,6.0219e+06,2.76892e+10,1.47428e+11
1.93448e+07,736696,6.02374e+06,2.73202e+10,1.47496e+11
1.93511e+07,738913,6.02559e+06,2.6951e+10,1.47564e+11
1.93574e+07,741131,6.02744e+06,2.65816e+10,1.47631e+11
1.93637e+07,743350,6.0293e+06,2.62121e+10,1.47697e+11
1.93701e+07,745570,6.03116e+06,2.58424e+10,1.47763e+11
1.93764e+07,747791,6.03303e+06,2.54725e+10,1.47827e+11
1.93827e+07,750013,6.0349e+06,2.51024e+10,1.4789e+11
1.9389e+07,752236,6.03678e+06,2.47323e+10,1.47952e+11
1.93953e+07,754460,6.03867e+06,2.43619e+10,1.48014e+11
1.94016e+07,756685,6.04056e+06,2.39914e+10,1.48074e+11
1.94079e+07,758911,6.04245e+06,2.36208e+10,1.48134e+11
1.94142e+07,761137,6.04436e+06,2.325e+10,1.48193e+11
1.94205e+07,763365,6.04626e+06,2.2879e+10,1.4825e+11
1.94269e+07,765593,6.04818e+06,2.2508e+10,1.48307e+11
1.94332e+07,767822,6.0501e+06,2.21367e+10,1.48363e+11
1.94395e+07,770052,6.05202e+06,2.17654e+10,1.48418e+11
1.94458e+07,772283,6.05395e+06,2.13939e+10,1.48472e+11
1.94521e+07,774515,6.05589e+06,2.10222e+10,1.48525e+11
1.94584e+07,776747,6.05783e+06,2.06505e+10,1.48577e+11
1.94647e+07,778981,6.05977e+06,2.02786e+10,1.48628e+11
1.9471e+07,781215,6.06173e+06,1.99066e+10,1.48679e+11
1.94774e+07,783449,6.06369e+06,1.95344e+10,1.48728e+11
1.94837e+07,785685,6.06565e+06,1.91621e+10,1.48776e+11
1.949e+07,787921,6.06762e+06,1.87898e+10,1.48824e+11
1.94963e+07,790158,6.06959e+06,1.84173e+10,1.4887e+11
1.95026e+07,792396,6.07157e+06,1.80446e+10,1.48916e+11
1.95089e+07,794634,6.07356e+06,1.76719e+10,1.48961e+11
1.95152e+07,796873,6.07555e+06,1.72991e+10,1.49005e+11
1.95215e+07,799112,6.07755e+06,1.69261e+10,1.49047e+11
1.95278e+07,801353,6.07955e+06,1.6553e+10,1.49089e+11
1.95342e+07,803594,6.08156e+06,1.61799e+10,1.4913e+11
1.95405e+07,805835,6.08357e+06,1.58066e+10,1.4917e+11
1.95468e+07,808077,6.08559e+06,1.54333e+10,1.49209e+11
1.95531e+07,810320,6.08762e+06,1.50598e+10,1.49247e+11
1.95594e+07,812563,6.08965e+06,1.46862e+10,1.49285e+11
1.95657e+07,814807,6.09168e+06,1.43126e+10,1.49321e+11
1.9572e+07,817051,6.09373e+06,1.39389e+10,1.49356e+11
1.95783e+07,819296,6.09577e+06,1.3565e+10,1.49391e+11
1.95846e+07,821541,6.09783e+06,1.31911e+10,1.49424e+11
1.9591e+07,823787,6.09989e+06,1.28171e+10,1.49457e+11
1.95973e+07,826033,6.10195e+06,1.24431e+10,1.49488e+11
1.96036e+07,828280,6.10402e+06,1.20689e+10,1.49519e+11
1.96099e+07,830527,6.1061e+06,1.16947e+10,1.49549e+11
1.96162e+07,832775,6.10818e+06,1.13204e+10,1.49578e+11
1.96225e+07,835023,6.11027e+06,1.0946e+10,1.49605e+11
1.96288e+07,837271,6.11236e+06,1.05716e+10,1.49632e+11
1.96351e+07,839520,6.11446e+06,1.01971e+10,1.49658e+11
1.96415e+07,841770,6.11656e+06,9.82252e+09,1.49683e+11
1.96478e+07,844019,6.11867e+06,9.4479e+09,1.49708e+11
1.96541e+07,846269,6.12078e+06,9.07321e+09,1.49731e+11
1.96604e+07,848520,6.12291e+06,8.69846e+09,1.49753e+11
1.96667e+07,850770,6.12503e+06,8.32366e+09,1.49774e+11
1.9673e+07,853021,6.12716e+06,7.94881e+09,1.49795e+11
1.96793e+07,855273,6.1293e+06,7.57391e+09,1.49814e+11
1.96856e+07,857524,6.13144e+06,7.19896e+09,1.49832e+11
1.96919e+07,859776,6.13359e+06,6.82397e+09,1.4985e+11
1.96983e+07,862028,6.13575e+06,6.44893e+09,1.49867e+11
1.97046e+07,864280,6.13791e+06,6.07386e+09,1.49882e+11
1.97109e+07,866533,6.14007e+06,5.69874e+09,1.49897e+11
1.97172e+07,868786,6.14225e+06,5.32359e+09,1.49911e+11
1.97235e+07,871039,6.14442e+06,4.94841e+09,1.49924e+11
1.97298e+07,873292,6.14661e+06,4.57319e+09,1.49936e+11
1.97361e+07,875545,6.14879e+06,4.19795e+09,1.49947e+11
1.97424e+07,877799,6.15099e+06,3.82268e+09,1.49957e+11
1.97487e+07,880052,6.15319e+06,3.44739e+09,1.49966e+11
1.97551e+07,882306,6.15539e+06,3.07207e+09,1.49974e+11
1.97614e+07,884560,6.1576e+06,2.69674e+09,1.49981e+11
1.97677e+07,886814,6.15982e+06,2.32139e+09,1.49987e+11
1.9774e+07,889068,6.16204e+06,1.94602e+09,1.49993e+11
1.97803e+07,891322,6.16427e+06,1.57064e+09,1.49997e+11
1.97866e+07,893577,6.1665e+06,1.19526e+09,1.50001e+11
1.97929e+07,895831,6.16874e+06,8.19862e+08,1.50003e+11
1.97992e+07,898085,6.17099e+06,4.44461e+08,1.50005e+11
1.98055e+07,900339,6.17324e+06,6.90583e+07,1.50005e+11
1.98119e+07,902594,6.1755e+06,-3.06345e+08,1.50005e+11
1.98182e+07,904848,6.17776e+06,-6.81747e+08,1.50004e+11
1.98245e+07,907102,6.18002e+06,-1.05714e+09,1.50002e+11
1.98308e+07,909357,6.1823e+06,-1.43253e+09,1.49998e+11
1.98371e+07,911611,6.18458e+06,-1.80792e+09,1.49994e+11
1.98434e+07,913865,6.18686e+06,-2.18329e+09,1.49989e+11
1.98497e+07,916119,6.18915e+06,-2.55864e+09,1.49983e+11
1.9856e+07,918373,6.19145e+06,-2.93398e+09,1.49977e+11
1.98624e+07,920627,6.19375e+06,-3.30931e+09,1.49969e+11
1.98687e+07,922880,6.19605e+06,-3.68461e+09,1.4996e+11
1.9875e+07,925134,6.19837e+06,-4.05989e+09,1.4995e+11
1.98813e+07,927387,6.20068e+06,-4.43514e+09,1.4994e+11
1.98876e+07,929641,6.20301e+06,-4.81037e+09,1.49928e+11
1.98939e+07,931894,6.20534e+06,-5.18556e+09,1.49916e+11
1.99002e+07,934146,6.20767e+06,-5.56072e+09,1.49902e+11
1.99065e+07,936399,6.21001e+06,-5.93585e+09,1.49888e+11
1.99128e+07,938652,6.21236e+06,-6.31094e+09,1.49872e+11
1.99192e+07,940904,6.21471e+06,-6.68599e+09,1.49856e+11
1.99255e+07,943156,6.21707e+06,-7.061e+09,1.49839e+11
1.99318e+07,945407,6.21943e+06,-7.43597e+09,1.49821e+11
1.99381e+07,947659,6.2218e+06,-7.81088e+09,1.49802e+11
1.99444e+07,949910,6.22418e+06,-8.18575e+09,1.49782e+11
1.99507e+07,952161,6.22656e+06,-8.56057e+09,1.49761e+11
1.9957e+07,954411,6.22894e+06,-8.93534e+09,1.49739e+11
1.99633e+07,956661,6.23133e+06,-9.31005e+09,1.49716e+11
1.99696e+07,958911,6.23373e+06,-9.6847e+09,1.49692e+11
1.9976e+07,961160,6.23613e+06,-1.00593e+10,1.49668e+11
1.99823e+07,963409,6.23854e+06,-1.04338e+10,1.49642e+11
1.99886e+07,965658,6.24096e+06,-1.08083e+10,1.49615e+11
1.99949e+07,967906,6.24338e+06,-1.11827e+10,1.49588e+11
2.00012e+07,970154,6.2458e+06,-1.1557e+10,1.49559e+11
2.00075e+07,972402,6.24823e+06,-1.19312e+10,1.4953e+11
2.00138e+07,974649,6.25067e+06,-1.23054e+10,1.495e+11
2.00201e+07,976895,6.25311e+06,-1.26795e+10,1.49468e+11
2.00265e+07,979141,6.25556e+06,-1.30535e+10,1.49436e+11
2.00328e+07,981387,6.25801e+06,-1.34275e+10,1.49403e+11
2.00391e+07,983632,6.26047e+06,-1.38013e+10,1.49369e+11
2.00454e+07,985876,6.26293e+06,-1.41751e+10,1.49334e+11
2.00517e+07,988120,6.2654e+06,-1.45488e+10,1.49298e+11
2.0058e+07,990363,6.26788e+06,-1.49224e+10,1.49261e+11
2.00643e+07,992606,6.27036e+06,-1.52959e+10,1.49223e+11
2.00706e+07,994848,6.27285e+06,-1.56693e+10,1.49185e+11
2.00769e+07,997090,6.27534e+06,-1.60426e+10,1.49145e+11
2.00833e+07,999331,6.27784e+06,-1.64158e+10,1.49104e+11
2.00896e+07,1.00157e+06,6.28034e+06,-1.67889e+10,1.49063e+11
2.00959e+07,1.00381e+06,6.28285e+06,-1.71618e+10,1.4902e+11
2.01022e+07,1.00605e+06,6.28537e+06,-1.75347e+10,1.48977e+11
2.01085e+07,1.00829e+06,6.28789e+06,-1.79075e+10,1.48932e+11
2.01148e+07,1.01053e+06,6.29041e+06,-1.82802e+10,1.48887e+11
2.01211e+07,1.01276e+06,6.29295e+06,-1.86527e+10,1.48841e+11
2.01274e+07,1.015e+06,6.29548e+06,-1.90251e+10,1.48794e+11
2.01337e+07,1.01724e+06,6.29803e+06,-1.93975e+10,1.48746e+11
2.01401e+07,1.01947e+06,6.30058e+06,-1.97696e+10,1.48697e+11
2.01464e+07,1.02171e+06,6.30313e+06,-2.01417e+10,1.48647e+11
2.01527e+07,1.02394e+06,6.30569e+06,-2.05137e+10,1.48596e+11
2.0159e+07,1.02617e+06,6.30826e+06,-2.08855e+10,1.48544e+11
2.01653e+07,1.0284e+06,6.31083e+06,-2.12571e+10,1.48491e+11
2.01716e+07,1.03064e+06,6.3134e+06,-2.16287e+10,1.48438e+11
2.01779e+07,1.03287e+06,6.31598e+06,-2.20001e+10,1.48383e+11
2.01842e+07,1.03509e+06,6.31857e+06,-2.23714e+10,1.48328e+11
2.01906e+07,1.03732e+06,6.32117e+06,-2.27425e+10,1.48271e+11
2.01969e+07,1.03955e+06,6.32376e+06,-2.31135e+10,1.48214e+11
2.02032e+07,1.04178e+06,6.32637e+06,-2.34843e+10,1.48155e+11
2.02095e+07,1.044e+06,6.32898e+06,-2.3855e+10,1.48096e+11
2.02158e+07,1.04623e+06,6.3316e+06,-2.42256e+10,1.48036e+11
2.02221e+07,1.04845e+06,6.33422e+06,-2.4596e+10,1.47975e+11
2.02284e+07,1.05068e+06,6.33684e+06,-2.49662e+10,1.47913e+11
2.02347e+07,1.0529e+06,6.33948e+06,-2.53363e+10,1.4785e+11
2.0241e+07,1.05512e+06,6.34211e+06,-2.57063e+10,1.47786e+11
2.02474e+07,1.05734e+06,6.34476e+06,-2.6076e+10,1.47721e+11
2.02537e+07,1.05956e+06,6.34741e+06,-2.64456e+10,1.47655e+11
2.026e+07,1.06178e+06,6.35006e+06,-2.68151e+10,1.47589e+11
2.02663e+07,1.064e+06,6.35272e+06,-2.71843e+10,1.47521e+11
2.02726e+07,1.06621e+06,6.35539e+06,-2.75534e+10,1.47453e+11
2.02789e+07,1.06843e+06,6.35806e+06,-2.79224e+10,1.47383e+11
2.02852e+07,1.07064e+06,6.36073e+06,-2.82911e+10,1.47313e+11
2.02915e+07,1.07286e+06,6.36342e+06,-2.86597e+10,1.47242e+11
2.02978e+07,1.07507e+06,6.3661e+06,-2.90281e+10,1.4717e+11
2.03042e+07,1.07728e+06,6.3688e+06,-2.93963e+10,1.47096e+11
2.03105e+07,1.07949e+06,6.3715e+06,-2.97643e+10,1.47022e+11
2.03168e+07,1.0817e+06,6.3742e+06,-3.01322e+10,1.46947e+11
2.03231e+07,1.08391e+06,6.37691e+06,-3.04999e+10,1.46872e+11
2.03294e+07,1.08611e+06,6.37963e+06,-3.08673e+10,1.46795e+11
2.03357e+07,1.08832e+06,6.38235e+06,-3.12346e+10,1.46717e+11
2.0342e+07,1.09052e+06,6.38507e+06,-3.16017e+10,1.46638e+11
2.03483e+07,1.09273e+06,6.38781e+06,-3.19685e+10,1.46559e+11
2.03547e+07,1.09493e+06,6.39054e+06,-3.23352e+10,1.46478e+11
2.0361e+07,1.09713e+06,6.39329e+06,-3.27017e+10,1.46397e+11
2.03673e+07,1.09933e+06,6.39603e+06,-3.3068e+10,1.46315e+11
2.03736e+07,1.10153e+06,6.39879e+06,-3.3434e+10,1.46231e+11
2.03799e+07,1.10372e+06,6.40155e+06,-3.37999e+10,1.46147e+11
2.03862e+07,1.10592e+06,6.40431e+06,-3.41655e+10,1.46062e+11
2.03925e+07,1.10811e+06,6.40708e+06,-3.4531e+10,1.45976e+11
2.03988e+07,1.11031e+06,6.40986e+06,-3.48962e+10,1.45889e+11
2.04051e+07,1.1125e+06,6.41264e+06,-3.52612e+10,1.45802e+11
2.04115e+07,1.11469e+06,6.41543e+06,-3.56259e+10,1.45713e+11
2.04178e+07,1.11688e+06,6.41822e+06,-3.59905e+10,1.45623e+11
2.04241e+07,1.11907e+06,6.42102e+06,-3.63548e+10,1.45533e+11
2.04304e+07,1.12125e+06,6.42382e+06,-3.67189e+10,1.45441e+11
2.04367e+07,1.12344e+06,6.42663e+06,-3.70828e+10,1.45349e+11
2.0443e+07,1.12562e+06,6.42945e+06,-3.74464e+10,1.45256e+11
2.04493e+07,1.1278e+06,6.43227e+06,-3.78098e+10,1.45162e+11
2.04556e+07,1.12998e+06,6.43509e+06,-3.8173e+10,1.45066e+11
2.04619e+07,1.13216e+06,6.43792e+06,-3.85359e+10,1.4497e+11
2.04683e+07,1.13434e+06,6.44076e+06,-3.88986e+10,1.44874e+11
2.04746e+07,1.13652e+06,6.4436e+06,-3.9261e+10,1.44776e+11
2.04809e+07,1.13869e+06,6.44645e+06,-3.96232e+10,1.44677e+11
2.04872e+07,1.14087e+06,6.4493e+06,-3.99851e+10,1.44577e+11
2.04935e+07,1.14304e+06,6.45216e+06,-4.03468e+10,1.44477e+11
2.04998e+07,1.14521e+06,6.45502e+06,-4.07083e+10,1.44375e+11
2.05061e+07,1.14738e+06,6.45789e+06,-4.10695e+10,1.44273e+11
2.05124e+07,1.14954e+06,6.46076e+06,-4.14304e+10,1.4417e+11
2.05188e+07,1.15171e+06,6.46364e+06,-4.17911e+10,1.44066e+11
2.05251e+07,1.15387e+06,6.46653e+06,-4.21515e+10,1.43961e+11
2.05314e+07,1.15604e+06,6.46942e+06,-4.25116e+10,1.43855e+11
2.05377e+07,1.1582e+06,6.47231e+06,-4.28715e+10,1.43748e+11
2.0544e+07,1.16036e+06,6.47522e+06,-4.32311e+10,1.4364e+11
2.05503e+07,1.16252e+06,6.47812e+06,-4.35904e+10,1.43532e+11
2.05566e+07,1.16467e+06,6.48103e+06,-4.39495e+10,1.43422e+11
2.05629e+07,1.16683e+06,6.48395e+06,-4.43083e+10,1.43312e+11
2.05692e+07,1.16898e+06,6.48688e+06,-4.46668e+10,1.432e+11
2.05756e+07,1.17113e+06,6.4898e+06,-4.5025e+10,1.43088e+11
2.05819e+07,1.17328e+06,6.49274e+06,-4.5383e+10,1.42975e+11
2.05882e+07,1.17543e+06,6.49568e+06,-4.57406e+10,1.42861e+11
2.05945e+07,1.17757e+06,6.49862e+06,-4.6098e+10,1.42746e+11
2.06008e+07,1.17972e+06,6.50157e+06,-4.64551e+10,1.4263e+11
2.06071e+07,1.18186e+06,6.50453e+06,-4.68119e+10,1.42513e+11
2.06134e+07,1.184e+06,6.50749e+06,-4.71684e+10,1.42396e+11
2.06197e+07,1.18614e+06,6.51045e+06,-4.75246e+10,1.42277e+11
2.0626e+07,1.18828e+06,6.51342e+06,-4.78805e+10,1.42158e+11
2.06324e+07,1.19041e+06,6.5164e+06,-4.82362e+10,1.42038e+11
2.06387e+07,1.19255e+06,6.51938e+06,-4.85915e+10,1.41916e+11
2.0645e+07,1.19468e+06,6.52237e+06,-4.89465e+10,1.41794e+11
2.06513e+07,1.19681e+06,6.52536e+06,-4.93012e+10,1.41671e+11
2.06576e+07,1.19894e+06,6.52836e+06,-4.96556e+10,1.41548e+11
2.06639e+07,1.20106e+06,6.53136e+06,-5.00096e+10,1.41423e+11
2.06702e+07,1.20319e+06,6.53437e+06,-5.03634e+10,1.41297e+11
2.06765e+07,1.20531e+06,6.53739e+06,-5.07169e+10,1.41171e+11
2.06829e+07,1.20743e+06,6.5404e+06,-5.107e+10,1.41043e+11
2.06892e+07,1.20955e+06,6.54343e+06,-5.14228e+10,1.40915e+11
2.06955e+07,1.21167e+06,6.54646e+06,-5.17753e+10,1.40786e+11
2.07018e+07,1.21378e+06,6.54949e+06,-5.21275e+10,1.40656e+11
2.07081e+07,1.21589e+06,6.55253e+06,-5.24793e+10,1.40525e+11
2.07144e+07,1.218e+06,6.55558e+06,-5.28308e+10,1.40393e+11
2.07207e+07,1.22011e+06,6.55863e+06,-5.3182e+10,1.40261e+11
2.0727e+07,1.22222e+06,6.56169e+06,-5.35329e+10,1.40127e+11
2.07333e+07,1.22433e+06,6.56475e+06,-5.38834e+10,1.39993e+11
2.07397e+07,1.22643e+06,6.56782e+06,-5.42335e+10,1.39857e+11
2.0746e+07,1.22853e+06,6.57089e+06,-5.45834e+10,1.39721e+11
2.07523e+07,1.23063e+06,6.57397e+06,-5.49329e+10,1.39584e+11
2.07586e+07,1.23272e+06,6.57705e+06,-5.5282e+10,1.39446e+11
2.07649e+07,1.23482e+06,6.58014e+06,-5.56308e+10,1.39307e+11
2.07712e+07,1.23691e+06,6.58323e+06,-5.59793e+10,1.39168e+11
2.07775e+07,1.239e+06,6.58633e+06,-5.63274e+10,1.39027e+11
2.07838e+07,1.24109e+06,6.58943e+06,-5.66751e+10,1.38886e+11
2.07901e+07,1.24318e+06,6.59254e+06,-5.70225e+10,1.38744e+11
2.07965e+07,1.24526e+06,6.59565e+06,-5.73696e+10,1.386e+11
2.08028e+07,1.24734e+06,6.59877e+06,-5.77163e+10,1.38456e+11
2.08091e+07,1.24942e+06,6.6019e+06,-5.80626e+10,1.38311e+11
2.08154e+07,1.2515e+06,6.60503e+06,-5.84085e+10,1.38166e+11
2.08217e+07,1.25357e+06,6.60816e+06,-5.87541e+10,1.38019e+11
2.0828e+07,1.25565e+06,6.6113e+06,-5.90993e+10,1.37872e+11
2.08343e+07,1.25772e+06,6.61445e+06,-5.94442e+10,1.37723e+11
2.08406e+07,1.25979e+06,6.6176e+06,-5.97887e+10,1.37574e+11
2.0847e+07,1.26185e+06,6.62075e+06,-6.01328e+10,1.37424e+11
2.08533e+07,1.26392e+06,6.62391e+06,-6.04765e+10,1.37273e+11
2.08596e+07,1.26598e+06,6.62708e+06,-6.08199e+10,1.37121e+11
2.08659e+07,1.26804e+06,6.63025e+06,-6.11628e+10,1.36969e+11
2.08722e+07,1.2701e+06,6.63342e+06,-6.15054e+10,1.36815e+11
2.08785e+07,1.27215e+06,6.63661e+06,-6.18476e+10,1.36661e+11
2.08848e+07,1.2742e+06,6.63979e+06,-6.21894e+10,1.36506e+11
2.08911e+07,1.27625e+06,6.64298e+06,-6.25308e+10,1.36349e+11
2.08974e+07,1.2783e+06,6.64618e+06,-6.28719e+10,1.36193e+11
2.09038e+07,1.28035e+06,6.64938e+06,-6.32125e+10,1.36035e+11
2.09101e+07,1.28239e+06,6.65259e+06,-6.35527e+10,1.35876e+11
2.09164e+07,1.28443e+06,6.6558e+06,-6.38926e+10,1.35717e+11
2.09227e+07,1.28647e+06,6.65902e+06,-6.4232e+10,1.35556e+11
2.0929e+07,1.28851e+06,6.66224e+06,-6.45711e+10,1.35395e+11
2.09353e+07,1.29054e+06,6.66547e+06,-6.49097e+10,1.35233e+11
2.09416e+07,1.29257e+06,6.6687e+06,-6.52479e+10,1.3507e+11
2.09479e+07,1.2946e+06,6.67194e+06,-6.55858e+10,1.34907e+11
2.09542e+07,1.29662e+06,6.67518e+06,-6.59232e+10,1.34742e+11
2.09606e+07,1.29865e+06,6.67843e+06,-6.62602e+10,1.34577e+11
2.09669e+07,1.30067e+06,6.68168e+06,-6.65967e+10,1.3441e+11
2.09732e+07,1.30269e+06,6.68494e+06,-6.69329e+10,1.34243e+11
2.09795e+07,1.3047e+06,6.6882e+06,-6.72687e+10,1.34075e+11
2.09858e+07,1.30672e+06,6.69147e+06,-6.7604e+10,1.33906e+11
2.09921e+07,1.30873e+06,6.69474e+06,-6.79389e+10,1.33737e+11
2.09984e+07,1.31074e+06,6.69802e+06,-6.82734e+10,1.33566e+11
2.10047e+07,1.31274e+06,6.7013e+06,-6.86074e+10,1.33395e+11
2.10111e+07,1.31475e+06,6.70459e+06,-6.8941e+10,1.33223e+11
2.10174e+07,1.31675e+06,6.70788e+06,-6.92742e+10,1.3305e+11
2.10237e+07,1.31875e+06,6.71118e+06,-6.9607e+10,1.32876e+11
2.103e+07,1.32074e+06,6.71448e+06,-6.99393e+10,1.32702e+11
2.10363e+07,1.32273e+06,6.71779e+06,-7.02712e+10,1.32526e+11
2.10426e+07,1.32472e+06,6.72111e+06,-7.06026e+10,1.3235e+11
2.10489e+07,1.32671e+06,6.72442e+06,-7.09336e+10,1.32173e+11
2.10552e+07,1.3287e+06,6.72775e+06,-7.12641e+10,1.31995e+11
2.10615e+07,1.33068e+06,6.73107e+06,-7.15942e+10,1.31816e+11
2.10679e+07,1.33266e+06,6.73441e+06,-7.19239e+10,1.31636e+11
2.10742e+07,1.33464e+06,6.73774e+06,-7.22531e+10,1.31456e+11
2.10805e+07,1.33661e+06,6.74109e+06,-7.25819e+10,1.31275e+11
2.10868e+07,1.33858e+06,6.74443e+06,-7.29102e+10,1.31093e+11
2.10931e+07,1.34055e+06,6.74779e+06,-7.3238e+10,1.3091e+11
2.10994e+07,1.34252e+06,6.75114e+06,-7.35654e+10,1.30726e+11
2.11057e+07,1.34448e+06,6.75451e+06,-7.38923e+10,1.30542e+11
2.1112e+07,1.34644e+06,6.75787e+06,-7.42188e+10,1.30356e+11
2.11183e+07,1.3484e+06,6.76125e+06,-7.45448e+10,1.3017e+11
2.11247e+07,1.35035e+06,6.76462e+06,-7.48703e+10,1.29983e+11
2.1131e+07,1.3523e+06,6.76801e+06,-7.51953e+10,1.29795e+11
2.11373e+07,1.35425e+06,6.77139e+06,-7.55199e+10,1.29607e+11
2.11436e+07,1.3562e+06,6.77478e+06,-7.5844e+10,1.29417e+11
2.11499e+07,1.35814e+06,6.77818e+06,-7.61677e+10,1.29227e+11
2.11562e+07,1.36008e+06,6.78158e+06,-7.64908e+10,1.29036e+11
2.11625e+07,1.36202e+06,6.78499e+06,-7.68135e+10,1.28844e+11
2.11688e+07,1.36396e+06,6.7884e+06,-7.71357e+10,1.28652e+11
2.11751e+07,1.36589e+06,6.79182e+06,-7.74574e+10,1.28458e+11
2.11815e+07,1.36782e+06,6.79524e+06,-7.77787e+10,1.28264e+11
2.11878e+07,1.36974e+06,6.79866e+06,-7.80994e+10,1.28069e+11
2.11941e+07,1.37167e+06,6.80209e+06,-7.84197e+10,1.27873e+11
2.12004e+07,1.37359e+06,6.80553e+06,-7.87395e+10,1.27676e+11
2.12067e+07,1.3755e+06,6.80897e+06,-7.90587e+10,1.27479e+11
2.1213e+07,1.37742e+06,6.81241e+06,-7.93775e+10,1.27281e+11
2.12193e+07,1.37933e+06,6.81586e+06,-7.96958e+10,1.27081e+11
2.12256e+07,1.38124e+06,6.81932e+06,-8.00136e+10,1.26882e+11
2.1232e+07,1.38314e+06,6.82278e+06,-8.03308e+10,1.26681e+11
2.12383e+07,1.38505e+06,6.82624e+06,-8.06476e+10,1.2648e+11
2.12446e+07,1.38694e+06,6.82971e+06,-8.09639e+10,1.26277e+11
2.12509e+07,1.38884e+06,6.83318e+06,-8.12797e+10,1.26074e+11
2.12572e+07,1.39073e+06,6.83666e+06,-8.15949e+10,1.2587e+11
2.12635e+07,1.39262e+06,6.84014e+06,-8.19097e+10,1.25666e+11
2.12698e+07,1.39451e+06,6.84363e+06,-8.22239e+10,1.2546e+11
2.12761e+07,1.39639e+06,6.84712e+06,-8.25376e+10,1.25254e+11
2.12824e+07,1.39828e+06,6.85062e+06,-8.28508e+10,1.25047e+11
2.12888e+07,1.40015e+06,6.85412e+06,-8.31635e+10,1.2484e+11
2.12951e+07,1.40203e+06,6.85763e+06,-8.34757e+10,1.24631e+11
2.13014e+07,1.4039e+06,6.86114e+06,-8.37873e+10,1.24422e+11
2.13077e+07,1.40577e+06,6.86466e+06,-8.40984e+10,1.24212e+11
2.1314e+07,1.40763e+06,6.86818e+06,-8.4409e+10,1.24001e+11
2.13203e+07,1.40949e+06,6.8717e+06,-8.4719e+10,1.23789e+11
2.13266e+07,1.41135e+06,6.87523e+06,-8.50286e+10,1.23577e+11
2.13329e+07,1.41321e+06,6.87877e+06,-8.53376e+10,1.23363e+11
2.13392e+07,1.41506e+06,6.88231e+06,-8.5646e+10,1.2315e+11
2.13456e+07,1.41691e+06,6.88585e+06,-8.59539e+10,1.22935e+11
2.13519e+07,1.41876e+06,6.8894e+06,-8.62613e+10,1.22719e+11
2.13582e+07,1.4206e+06,6.89295e+06,-8.65682e+10,1.22503e+11
2.13645e+07,1.42244e+06,6.89651e+06,-8.68745e+10,1.22286e+11
2.13708e+07,1.42427e+06,6.90007e+06,-8.71802e+10,1.22068e+11
2.13771e+07,1.42611e+06,6.90364e+06,-8.74854e+10,1.2185e+11
2.13834e+07,1.42794e+06,6.90721e+06,-8.77901e+10,1.2163e+11
2.13897e+07,1.42976e+06,6.91079e+06,-8.80942e+10,1.2141e+11
2.13961e+07,1.43159e+06,6.91437e+06,-8.83978e+10,1.21189e+11
2.14024e+07,1.4334e+06,6.91795e+06,-8.87008e+10,1.20968e+11
2.14087e+07,1.43522e+06,6.92154e+06,-8.90032e+10,1.20745e+11
2.1415e+07,1.43703e+06,6.92514e+06,-8.93051e+10,1.20522e+11
2.14213e+07,1.43884e+06,6.92873e+06,-8.96065e+10,1.20298e+11
2.14276e+07,1.44065e+06,6.93234e+06,-8.99072e+10,1.20074e+11
2.14339e+07,1.44245e+06,6.93594e+06,-9.02075e+10,1.19848e+11
2.14402e+07,1.44425e+06,6.93956e+06,-9.05071e+10,1.19622e+11
2.14465e+07,1.44605e+06,6.94317e+06,-9.08062e+10,1.19395e+11
2.14529e+07,1.44784e+06,6.9468e+06,-9.11047e+10,1.19168e+11
2.14592e+07,1.44963e+06,6.95042e+06,-9.14026e+10,1.18939e+11
2.14655e+07,1.45142e+06,6.95405e+06,-9.17e+10,1.1871e+11
2.14718e+07,1.4532e+06,6.95769e+06,-9.19968e+10,1.1848e+11
2.14781e+07,1.45498e+06,6.96133e+06,-9.2293e+10,1.1825e+11
2.14844e+07,1.45675e+06,6.96497e+06,-9.25886e+10,1.18018e+11
2.14907e+07,1.45852e+06,6.96862e+06,-9.28837e+10,1.17786e+11
2.1497e+07,1.46029e+06,6.97227e+06,-9.31782e+10,1.17553e+11
2.15033e+07,1.46206e+06,6.97593e+06,-9.34721e+10,1.1732e+11
2.15097e+07,1.46382e+06,6.97959e+06,-9.37654e+10,1.17085e+11
2.1516e+07,1.46558e+06,6.98325e+06,-9.40581e+10,1.1685e+11
2.15223e+07,1.46733e+06,6.98692e+06,-9.43502e+10,1.16615e+11
2.15286e+07,1.46908e+06,6.9906e+06,-9.46418e+10,1.16378e+11
2.15349e+07,1.47083e+06,6.99428e+06,-9.49327e+10,1.16141e+11
2.15412e+07,1.47257e+06,6.99796e+06,-9.52231e+10,1.15903e+11
2.15475e+07,1.47431e+06,7.00165e+06,-9.55128e+10,1.15664e+11
2.15538e+07,1.47605e+06,7.00534e+06,-9.5802e+10,1.15425e+11
2.15602e+07,1.47778e+06,7.00904e+06,-9.60905e+10,1.15185e+11
2.15665e+07,1.47951e+06,7.01274e+06,-9.63785e+10,1.14944e+11
2.15728e+07,1.48124e+06,7.01644e+06,-9.66658e+10,1.14702e+11
2.15791e+07,1.48296e+06,7.02015e+06,-9.69526e+10,1.1446e+11
2.15854e+07,1.48468e+06,7.02386e+06,-9.72387e+10,1.14217e+11
2.15917e+07,1.48639e+06,7.02758e+06,-9.75243e+10,1.13973e+11
2.1598e+07,1.4881e+06,7.0313e+06,-9.78092e+10,1.13729e+11
2.16043e+07,1.48981e+06,7.03503e+06,-9.80935e+10,1.13484e+11
2.16106e+07,1.49151e+06,7.03876e+06,-9.83772e+10,1.13238e+11
2.1617e+07,1.49321e+06,7.0425e+06,-9.86603e+10,1.12991e+11
2.16233e+07,1.49491e+06,7.04624e+06,-9.89427e+10,1.12744e+11
2.16296e+07,1.4966e+06,7.04998e+06,-9.92245e+10,1.12496e+11
2.16359e+07,1.49829e+06,7.05373e+06,-9.95058e+10,1.12247e+11
2.16422e+07,1.49997e+06,7.05748e+06,-9.97864e+10,1.11998e+11
2.16485e+07,1.50166e+06,7.06123e+06,-1.00066e+11,1.11748e+11
2.16548e+07,1.50333e+06,7.065e+06,-1.00346e+11,1.11497e+11
2.16611e+07,1.50501e+06,7.06876e+06,-1.00624e+11,1.11246e+11
2.16674e+07,1.50668e+06,7.07253e+06,-1.00902e+11,1.10993e+11
2.16738e+07,1.50834e+06,7.0763e+06,-1.0118e+11,1.1074e+11
2.16801e+07,1.51e+06,7.08008e+06,-1.01457e+11,1.10487e+11
2.16864e+07,1.51166e+06,7.08386e+06,-1.01733e+11,1.10233e+11
2.16927e+07,1.51332e+06,7.08764e+06,-1.02008e+11,1.09978e+11
2.1699e+07,1.51497e+06,7.09143e+06,-1.02283e+11,1.09722e+11
2.17053e+07,1.51662e+06,7.09523e+06,-1.02558e+11,1.09466e+11
2.17116e+07,1.51826e+06,7.09903e+06,-1.02831e+11,1.09209e+11
2.17179e+07,1.5199e+06,7.10283e+06,-1.03104e+11,1.08951e+11
2.17243e+07,1.52153e+06,7.10663e+06,-1.03377e+11,1.08693e+11
2.17306e+07,1.52316e+06,7.11044e+06,-1.03648e+11,1.08434e+11
2.17369e+07,1.52479e+06,7.11426e+06,-1.03919e+11,1.08174e+11
2.17432e+07,1.52642e+06,7.11808e+06,-1.0419e+11,1.07913e+11
2.17495e+07,1.52804e+06,7.1219e+06,-1.04459e+11,1.07652e+11
2.17558e+07,1.52965e+06,7.12572e+06,-1.04728e+11,1.0739e+11
2.17621e+07,1.53126e+06,7.12955e+06,-1.04997e+11,1.07128e+11
2.17684e+07,1.53287e+06,7.13339e+06,-1.05265e+11,1.06865e+11
2.17747e+07,1.53448e+06,7.13723e+06,-1.05532e+11,1.06601e+11
2.17811e+07,1.53608e+06,7.14107e+06,-1.05798e+11,1.06337e+11
2.17874e+07,1.53767e+06,7.14492e+06,-1.06064e+11,1.06072e+11
2.17937e+07,1.53926e+06,7.14877e+06,-1.06329e+11,1.05806e+11
2.18e+07,1.54085e+06,7.15262e+06,-1.06594e+11,1.05539e+11
2.18063e+07,1.54244e+06,7.15648e+06,-1.06857e+11,1.05272e+11
2.18126e+07,1.54402e+06,7.16034e+06,-1.0712e+11,1.05004e+11
2.18189e+07,1.54559e+06,7.16421e+06,-1.07383e+11,1.04736e+11
2.18252e+07,1.54716e+06,7.16808e+06,-1.07645e+11,1.04467e+11
2.18315e+07,1.54873e+06,7.17195e+06,-1.07906e+11,1.04197e+11
2.18379e+07,1.5503e+06,7.17583e+06,-1.08166e+11,1.03927e+11
2.18442e+07,1.55185e+06,7.17971e+06,-1.08426e+11,1.03656e+11
2.18505e+07,1.55341e+06,7.1836e+06,-1.08685e+11,1.03384e+11
2.18568e+07,1.55496e+06,7.18749e+06,-1.08943e+11,1.03112e+11
2.18631e+07,1.55651e+06,7.19138e+06,-1.09201e+11,1.02839e+11
2.18694e+07,1.55805e+06,7.19528e+06,-1.09458e+11,1.02565e+11
2.18757e+07,1.55959e+06,7.19918e+06,-1.09714e+11,1.02291e+11
2.1882e+07,1.56113e+06,7.20308e+06,-1.0997e+11,1.02016e+11
2.18884e+07,1.56266e+06,7.20699e+06,-1.10225e+11,1.0174e+11
2.18947e+07,1.56419e+06,7.21091e+06,-1.10479e+11,1.01464e+11
2.1901e+07,1.56571e+06,7.21482e+06,-1.10733e+11,1.01187e+11
2.19073e+07,1.56723e+06,7.21874e+06,-1.10986e+11,1.0091e+11
2.19136e+07,1.56874e+06,7.22267e+06,-1.11238e+11,1.00632e+11
2.19199e+07,1.57025e+06,7.2266e+06,-1.11489e+11,1.00353e+11
2.19262e+07,1.57176e+06,7.23053e+06,-1.1174e+11,1.00074e+11
2.19325e+07,1.57326e+06,7.23446e+06,-1.1199e+11,9.97939e+10
2.19388e+07,1.57476e+06,7.2384e+06,-1.1224e+11,9.95133e+10
2.19452e+07,1.57625e+06,7.24234e+06,-1.12488e+11,9.92321e+10
2.19515e+07,1.57774e+06,7.24629e+06,-1.12736e+11,9.89502e+10
2.19578e+07,1.57922e+06,7.25024e+06,-1.12984e+11,9.86678e+10
2.19641e+07,1.5807e+06,7.2542e+06,-1.1323e+11,9.83847e+10
2.19704e+07,1.58218e+06,7.25815e+06,-1.13476e+11,9.8101e+10
2.19767e+07,1.58365e+06,7.26212e+06,-1.13721e+11,9.78167e+10
2.1983e+07,1.58512e+06,7.26608e+06,-1.13966e+11,9.75317e+10
2.19893e+07,1.58658e+06,7.27005e+06,-1.14209e+11,9.72462e+10
2.19956e+07,1.58804e+06,7.27402e+06,-1.14452e+11,9.69601e+10
2.2002e+07,1.5895e+06,7.278e+06,-1.14695e+11,9.66733e+10
2.20083e+07,1.59095e+06,7.28198e+06,-1.14936e+11,9.6386e+10
2.20146e+07,1.5924e+06,7.28596e+06,-1.15177e+11,9.6098e+10
2.20209e+07,1.59384e+06,7.28995e+06,-1.15417e+11,9.58095e+10
2.20272e+07,1.59527e+06,7.29394e+06,-1.15657e+11,9.55203e+10
2.20335e+07,1.59671e+06,7.29793e+06,-1.15895e+11,9.52305e+10
2.20398e+07,1.59814e+06,7.30193e+06,-1.16133e+11,9.49402e+10
2.20461e+07,1.59956e+06,7.30593e+06,-1.1637e+11,9.46492e+10
2.20525e+07,1.60098e+06,7.30994e+06,-1.16607e+11,9.43577e+10
2.20588e+07,1.6024e+06,7.31395e+06,-1.16843e+11,9.40656e+10
2.20651e+07,1.60381e+06,7.31796e+06,-1.17078e+11,9.37728e+10
2.20714e+07,1.60522e+06,7.32198e+06,-1.17312e+11,9.34795e+10
2.20777e+07,1.60662e+06,7.32599e+06,-1.17546e+11,9.31856e+10
2.2084e+07,1.60802e+06,7.33002e+06,-1.17778e+11,9.28911e+10
2.20903e+07,1.60941e+06,7.33404e+06,-1.18011e+11,9.25961e+10
2.20966e+07,1.6108e+06,7.33807e+06,-1.18242e+11,9.23004e+10
2.21029e+07,1.61218e+06,7.34211e+06,-1.18472e+11,9.20042e+10
2.21093e+07,1.61357e+06,7.34614e+06,-1.18702e+11,9.17074e+10
2.21156e+07,1.61494e+06,7.35018e+06,-1.18931e+11,9.14101e+10
2.21219e+07,1.61631e+06,7.35423e+06,-1.1916e+11,9.11121e+10
2.21282e+07,1.61768e+06,7.35827e+06,-1.19387e+11,9.08136e+10
2.21345e+07,1.61904e+06,7.36232e+06,-1.19614e+11,9.05145e+10
2.21408e+07,1.6204e+06,7.36638e+06,-1.19841e+11,9.02149e+10
2.21471e+07,1.62175e+06,7.37043e+06,-1.20066e+11,8.99147e+10
2.21534e+07,1.6231e+06,7.37449e+06,-1.20291e+11,8.96139e+10
2.21597e+07,1.62445e+06,7.37856e+06,-1.20514e+11,8.93126e+10
2.21661e+07,1.62579e+06,7.38263e+06,-1.20738e+11,8.90107e+10
2.21724e+07,1.62712e+06,7.3867e+06,-1.2096e+11,8.87082e+10
2.21787e+07,1.62845e+06,7.39077e+06,-1.21182e+11,8.84052e+10
2.2185e+07,1.62978e+06,7.39485e+06,-1.21402e+11,8.81016e+10
2.21913e+07,1.6311e+06,7.39893e+06,-1.21622e+11,8.77975e+10
2.21976e+07,1.63242e+06,7.40301e+06,-1.21842e+11,8.74928e+10
2.22039e+07,1.63373e+06,7.4071e+06,-1.2206e+11,8.71876e+10
2.22102e+07,1.63504e+06,7.41119e+06,-1.22278e+11,8.68819e+10
2.22166e+07,1.63634e+06,7.41528e+06,-1.22495e+11,8.65756e+10
2.22229e+07,1.63764e+06,7.41938e+06,-1.22712e+11,8.62687e+10
2.22292e+07,1.63893e+06,7.42348e+06,-1.22927e+11,8.59613e+10
2.22355e+07,1.64022e+06,7.42758e+06,-1.23142e+11,8.56534e+10
2.22418e+07,1.64151e+06,7.43169e+06,-1.23356e+11,8.5345e+10
2.22481e+07,1.64279e+06,7.4358e+06,-1.23569e+11,8.5036e+10
2.22544e+07,1.64406e+06,7.43991e+06,-1.23781e+11,8.47264e+10
2.22607e+07,1.64534e+06,7.44403e+06,-1.23993e+11,8.44164e+10
2.2267e+07,1.6466e+06,7.44815e+06,-1.24204e+11,8.41058e+10
2.22734e+07,1.64786e+06,7.45227e+06,-1.24414e+11,8.37947e+10
2.22797e+07,1.64912e+06,7.4564e+06,-1.24623e+11,8.3483e+10
2.2286e+07,1.65037e+06,7.46053e+06,-1.24832e+11,8.31709e+10
2.22923e+07,1.65162e+06,7.46466e+06,-1.25039e+11,8.28582e+10
2.22986e+07,1.65286e+06,7.46879e+06,-1.25246e+11,8.2545e+10
2.23049e+07,1.6541e+06,7.47293e+06,-1.25453e+11,8.22313e+10
2.23112e+07,1.65533e+06,7.47707e+06,-1.25658e+11,8.1917e+10
2.23175e+07,1.65656e+06,7.48122e+06,-1.25863e+11,8.16023e+10
2.23238e+07,1.65779e+06,7.48536e+06,-1.26066e+11,8.1287e+10
2.23302e+07,1.65901e+06,7.48951e+06,-1.26269e+11,8.09713e+10
2.23365e+07,1.66022e+06,7.49367e+06,-1.26472e+11,8.0655e+10
2.23428e+07,1.66143e+06,7.49782e+06,-1.26673e+11,8.03382e+10
2.23491e+07,1.66263e+06,7.50198e+06,-1.26874e+11,8.00209e+10
2.23554e+07,1.66383e+06,7.50615e+06,-1.27074e+11,7.97031e+10
2.23617e+07,1.66503e+06,7.51031e+06,-1.27273e+11,7.93849e+10
2.2368e+07,1.66622e+06,7.51448e+06,-1.27471e+11,7.90661e+10
2.23743e+07,1.66741e+06,7.51865e+06,-1.27668e+11,7.87468e+10
2.23806e+07,1.66859e+06,7.52283e+06,-1.27865e+11,7.8427e+10
2.2387e+07,1.66976e+06,7.527e+06,-1.28061e+11,7.81068e+10
2.23933e+07,1.67093e+06,7.53118e+06,-1.28256e+11,7.7786e+10
2.23996e+07,1.6721e+06,7.53537e+06,-1.2845e+11,7.74648e+10
2.24059e+07,1.67326e+06,7.53955e+06,-1.28644e+11,7.71431e+10
2.24122e+07,1.67442e+06,7.54374e+06,-1.28836e+11,7.68209e+10
2.24185e+07,1.67557e+06,7.54794e+06,-1.29028e+11,7.64982e+10
2.24248e+07,1.67672e+06,7.55213e+06,-1.29219e+11,7.6175e+10
2.24311e+07,1.67786e+06,7.55633e+06,-1.29409e+11,7.58514e+10
2.24375e+07,1.679e+06,7.56053e+06,-1.29599e+11,7.55273e+10
2.24438e+07,1.68013e+06,7.56473e+06,-1.29787e+11,7.52027e+10
2.24501e+07,1.68126e+06,7.56894e+06,-1.29975e+11,7.48776e+10
2.24564e+07,1.68238e+06,7.57315e+06,-1.30162e+11,7.45521e+10
2.24627e+07,1.6835e+06,7.57736e+06,-1.30348e+11,7.42261e+10
2.2469e+07,1.68461e+06,7.58157e+06,-1.30534e+11,7.38996e+10
2.24753e+07,1.68572e+06,7.58579e+06,-1.30718e+11,7.35727e+10
2.24816e+07,1.68682e+06,7.59001e+06,-1.30902e+11,7.32453e+10
2.24879e+07,1.68792e+06,7.59424e+06,-1.31085e+11,7.29175e+10
2.24943e+07,1.68902e+06,7.59846e+06,-1.31267e+11,7.25892e+10
2.25006e+07,1.6901e+06,7.60269e+06,-1.31448e+11,7.22604e+10
2.25069e+07,1.69119e+06,7.60692e+06,-1.31629e+11,7.19312e+10
2.25132e+07,1.69227e+06,7.61115e+06,-1.31808e+11,7.16015e+10
2.25195e+07,1.69334e+06,7.61539e+06,-1.31987e+11,7.12714e+10
2.25258e+07,1.69441e+06,7.61963e+06,-1.32165e+11,7.09409e+10
2.25321e+07,1.69547e+06,7.62387e+06,-1.32342e+11,7.06099e+10
2.25384e+07,1.69653e+06,7.62812e+06,-1.32518e+11,7.02784e+10
2.25447e+07,1.69758e+06,7.63236e+06,-1.32694e+11,6.99466e+10
2.25511e+07,1.69863e+06,7.63661e+06,-1.32868e+11,6.96143e+10
2.25574e+07,1.69968e+06,7.64087e+06,-1.33042e+11,6.92815e+10
2.25637e+07,1.70071e+06,7.64512e+06,-1.33215e+11,6.89483e+10
2.257e+07,1.70175e+06,7.64938e+06,-1.33387e+11,6.86147e+10
2.25763e+07,1.70278e+06,7.65364e+06,-1.33558e+11,6.82806e+10
2.25826e+07,1.7038e+06,7.6579e+06,-1.33729e+11,6.79462e+10
2.25889e+07,1.70482e+06,7.66217e+06,-1.33898e+11,6.76113e+10
2.25952e+07,1.70583e+06,7.66644e+06,-1.34067e+11,6.72759e+10
2.26016e+07,1.70684e+06,7.67071e+06,-1.34235e+11,6.69402e+10
2.26079e+07,1.70784e+06,7.67498e+06,-1.34402e+11,6.6604e+10
2.26142e+07,1.70884e+06,7.67926e+06,-1.34569e+11,6.62674e+10
2.26205e+07,1.70984e+06,7.68353e+06,-1.34734e+11,6.59304e+10
2.26268e+07,1.71082e+06,7.68781e+06,-1.34899e+11,6.5593e+10
2.26331e+07,1.71181e+06,7.6921e+06,-1.35062e+11,6.52552e+10
2.26394e+07,1.71278e+06,7.69638e+06,-1.35225e+11,6.4917e+10
2.26457e+07,1.71376e+06,7.70067e+06,-1.35387e+11,6.45783e+10
2.2652e+07,1.71473e+06,7.70496e+06,-1.35548e+11,6.42393e+10
2.26584e+07,1.71569e+06,7.70925e+06,-1.35709e+11,6.38999e+10
2.26647e+07,1.71665e+06,7.71355e+06,-1.35868e+11,6.356e+10
2.2671e+07,1.7176e+06,7.71785e+06,-1.36027e+11,6.32198e+10
2.26773e+07,1.71855e+06,7.72215e+06,-1.36185e+11,6.28791e+10
2.26836e+07,1.71949e+06,7.72645e+06,-1.36341e+11,6.25381e+10
2.26899e+07,1.72043e+06,7.73075e+06,-1.36498e+11,6.21967e+10
2.26962e+07,1.72136e+06,7.73506e+06,-1.36653e+11,6.18549e+10
2.27025e+07,1.72228e+06,7.73937e+06,-1.36807e+11,6.15127e+10
2.27088e+07,1.72321e+06,7.74368e+06,-1.36961e+11,6.11701e+10
2.27152e+07,1.72412e+06,7.74799e+06,-1.37113e+11,6.08271e+10
2.27215e+07,1.72503e+06,7.75231e+06,-1.37265e+11,6.04837e+10
2.27278e+07,1.72594e+06,7.75663e+06,-1.37416e+11,6.014e+10
2.27341e+07,1.72684e+06,7.76095e+06,-1.37566e+11,5.97959e+10
2.27404e+07,1.72774e+06,7.76527e+06,-1.37715e+11,5.94514e+10
2.27467e+07,1.72863e+06,7.7696e+06,-1.37864e+11,5.91066e+10
2.2753e+07,1.72951e+06,7.77392e+06,-1.38011e+11,5.87614e+10
2.27593e+07,1.73039e+06,7.77825e+06,-1.38158e+11,5.84158e+10
2.27657e+07,1.73127e+06,7.78259e+06,-1.38303e+11,5.80698e+10
2.2772e+07,1.73214e+06,7.78692e+06,-1.38448e+11,5.77235e+10
2.27783e+07,1.733e+06,7.79126e+06,-1.38592e+11,5.73768e+10
2.27846e+07,1.73386e+06,7.79559e+06,-1.38735e+11,5.70298e+10
2.27909e+07,1.73472e+06,7.79993e+06,-1.38878e+11,5.66824e+10
2.27972e+07,1.73557e+06,7.80428e+06,-1.39019e+11,5.63346e+10
2.28035e+07,1.73641e+06,7.80862e+06,-1.3916e+11,5.59865e+10
2.28098e+07,1.73725e+06,7.81297e+06,-1.39299e+11,5.56381e+10
2.28161e+07,1.73808e+06,7.81732e+06,-1.39438e+11,5.52892e+10
2.28225e+07,1.73891e+06,7.82167e+06,-1.39576e+11,5.49401e+10
2.28288e+07,1.73973e+06,7.82602e+06,-1.39713e+11,5.45906e+10
2.28351e+07,1.74055e+06,7.83038e+06,-1.39849e+11,5.42408e+10
2.28414e+07,1.74136e+06,7.83473e+06,-1.39985e+11,5.38906e+10
2.28477e+07,1.74217e+06,7.83909e+06,-1.40119e+11,5.35401e+10
2.2854e+07,1.74297e+06,7.84345e+06,-1.40252e+11,5.31892e+10
2.28603e+07,1.74377e+06,7.84782e+06,-1.40385e+11,5.2838e+10
2.28666e+07,1.74456e+06,7.85218e+06,-1.40517e+11,5.24865e+10
2.28729e+07,1.74535e+06,7.85655e+06,-1.40648e+11,5.21347e+10
2.28793e+07,1.74613e+06,7.86092e+06,-1.40778e+11,5.17825e+10
2.28856e+07,1.7469e+06,7.86529e+06,-1.40907e+11,5.143e+10
2.28919e+07,1.74767e+06,7.86966e+06,-1.41035e+11,5.10772e+10
2.28982e+07,1.74844e+06,7.87404e+06,-1.41163e+11,5.07241e+10
2.29045e+07,1.7492e+06,7.87841e+06,-1.41289e+11,5.03706e+10
2.29108e+07,1.74995e+06,7.88279e+06,-1.41415e+11,5.00168e+10
2.29171e+07,1.7507e+06,7.88717e+06,-1.41539e+11,4.96628e+10
2.29234e+07,1.75145e+06,7.89156e+06,-1.41663e+11,4.93084e+10
2.29298e+07,1.75218e+06,7.89594e+06,-1.41786e+11,4.89537e+10
2.29361e+07,1.75292e+06,7.90033e+06,-1.41908e+11,4.85987e+10
2.29424e+07,1.75364e+06,7.90471e+06,-1.42029e+11,4.82434e+10
2.29487e+07,1.75437e+06,7.9091e+06,-1.4215e+11,4.78877e+10
2.2955e+07,1.75508e+06,7.9135e+06,-1.42269e+11,4.75318e+10
2.29613e+07,1.7558e+06,7.91789e+06,-1.42388e+11,4.71756e+10
2.29676e+07,1.7565e+06,7.92228e+06,-1.42505e+11,4.68191e+10
2.29739e+07,1.7572e+06,7.92668e+06,-1.42622e+11,4.64623e+10
2.29802e+07,1.7579e+06,7.93108e+06,-1.42738e+11,4.61052e+10
2.29866e+07,1.75859e+06,7.93548e+06,-1.42853e+11,4.57478e+10
2.29929e+07,1.75927e+06,7.93988e+06,-1.42967e+11,4.53902e+10
2.29992e+07,1.75995e+06,7.94429e+06,-1.4308e+11,4.50322e+10
2.30055e+07,1.76063e+06,7.94869e+06,-1.43192e+11,4.4674e+10
2.30118e+07,1.76129e+06,7.9531e+06,-1.43303e+11,4.43155e+10
2.30181e+07,1.76196e+06,7.95751e+06,-1.43414e+11,4.39567e+10
2.30244e+07,1.76262e+06,7.96192e+06,-1.43523e+11,4.35976e+10
2.30307e+07,1.76327e+06,7.96633e+06,-1.43632e+11,4.32383e+10
2.3037e+07,1.76391e+06,7.97074e+06,-1.4374e+11,4.28787e+10
2.30434e+07,1.76456e+06,7.97516e+06,-1.43847e+11,4.25188e+10
2.30497e+07,1.76519e+06,7.97958e+06,-1.43952e+11,4.21586e+10
2.3056e+07,1.76582e+06,7.984e+06,-1.44057e+11,4.17982e+10
2.30623e+07,1.76645e+06,7.98842e+06,-1.44162e+11,4.14376e+10
2.30686e+07,1.76707e+06,7.99284e+06,-1.44265e+11,4.10766e+10
2.30749e+07,1.76768e+06,7.99726e+06,-1.44367e+11,4.07154e+10
2.30812e+07,1.76829e+06,8.00169e+06,-1.44469e+11,4.0354e+10
2.30875e+07,1.7689e+06,8.00611e+06,-1.44569e+11,3.99923e+10
2.30939e+07,1.76949e+06,8.01054e+06,-1.44669e+11,3.96304e+10
2.31002e+07,1.77009e+06,8.01497e+06,-1.44767e+11,3.92682e+10
2.31065e+07,1.77067e+06,8.0194e+06,-1.44865e+11,3.89057e+10
2.31128e+07,1.77126e+06,8.02383e+06,-1.44962e+11,3.8543e+10
2.31191e+07,1.77183e+06,8.02827e+06,-1.45058e+11,3.81801e+10
2.31254e+07,1.7724e+06,8.0327e+06,-1.45153e+11,3.7817e+10
2.31317e+07,1.77297e+06,8.03714e+06,-1.45247e+11,3.74536e+10
2.3138e+07,1.77353e+06,8.04157e+06,-1.45341e+11,3.70899e+10
2.31443e+07,1.77408e+06,8.04601e+06,-1.45433e+11,3.67261e+10
2.31507e+07,1.77463e+06,8.05045e+06,-1.45524e+11,3.6362e+10
2.3157e+07,1.77518e+06,8.0549e+06,-1.45615e+11,3.59976e+10
2.31633e+07,1.77571e+06,8.05934e+06,-1.45705e+11,3.56331e+10
2.31696e+07,1.77625e+06,8.06379e+06,-1.45793e+11,3.52683e+10
2.31759e+07,1.77677e+06,8.06823e+06,-1.45881e+11,3.49033e+10
2.31822e+07,1.7773e+06,8.07268e+06,-1.45968e+11,3.45381e+10
2.31885e+07,1.77781e+06,8.07713e+06,-1.46054e+11,3.41727e+10
2.31948e+07,1.77832e+06,8.08158e+06,-1.46139e+11,3.3807e+10
2.32011e+07,1.77883e+06,8.08603e+06,-1.46223e+11,3.34412e+10
2.32075e+07,1.77933e+06,8.09048e+06,-1.46306e+11,3.30751e+10
2.32138e+07,1.77982e+06,8.09493e+06,-1.46389e+11,3.27088e+10
2.32201e+07,1.78031e+06,8.09939e+06,-1.4647e+11,3.23424e+10
2.32264e+07,1.78079e+06,8.10385e+06,-1.4655e+11,3.19757e+10
2.32327e+07,1.78127e+06,8.1083e+06,-1.4663e+11,3.16088e+10
2.3239e+07,1.78174e+06,8.11276e+06,-1.46709e+11,3.12417e+10
2.32453e+07,1.78221e+06,8.11722e+06,-1.46786e+11,3.08745e+10
2.32516e+07,1.78267e+06,8.12168e+06,-1.46863e+11,3.0507e+10
2.3258e+07,1.78313e+06,8.12615e+06,-1.46939e+11,3.01393e+10
2.32643e+07,1.78358e+06,8.13061e+06,-1.47014e+11,2.97715e+10
2.32706e+07,1.78402e+06,8.13507e+06,-1.47088e+11,2.94035e+10
2.32769e+07,1.78446e+06,8.13954e+06,-1.47161e+11,2.90352e+10
2.32832e+07,1.78489e+06,8.144e+06,-1.47233e+11,2.86668e+10
2.32895e+07,1.78532e+06,8.14847e+06,-1.47305e+11,2.82983e+10
2.32958e+07,1.78574e+06,8.15294e+06,-1.47375e+11,2.79295e+10
2.33021e+07,1.78616e+06,8.15741e+06,-1.47444e+11,2.75606e+10
2.33084e+07,1.78657e+06,8.16188e+06,-1.47513e+11,2.71915e+10
2.33148e+07,1.78698e+06,8.16635e+06,-1.4758e+11,2.68222e+10
2.33211e+07,1.78738e+06,8.17083e+06,-1.47647e+11,2.64528e+10
2.33274e+07,1.78777e+06,8.1753e+06,-1.47713e+11,2.60832e+10
2.33337e+07,1.78816e+06,8.17977e+06,-1.47778e+11,2.57134e+10
2.334e+07,1.78855e+06,8.18425e+06,-1.47841e+11,2.53435e+10
2.33463e+07,1.78892e+06,8.18873e+06,-1.47904e+11,2.49734e+10
2.33526e+07,1.7893e+06,8.1932e+06,-1.47966e+11,2.46031e+10
2.33589e+07,1.78966e+06,8.19768e+06,-1.48027e+11,2.42327e+10
2.33652e+07,1.79002e+06,8.20216e+06,-1.48088e+11,2.38622e+10
2.33716e+07,1.79038e+06,8.20664e+06,-1.48147e+11,2.34915e+10
2.33779e+07,1.79073e+06,8.21112e+06,-1.48205e+11,2.31206e+10
2.33842e+07,1.79107e+06,8.21561e+06,-1.48263e+11,2.27496e+10
2.33905e+07,1.79141e+06,8.22009e+06,-1.48319e+11,2.23785e+10
2.33968e+07,1.79175e+06,8.22457e+06,-1.48375e+11,2.20072e+10
2.34031e+07,1.79208e+06,8.22906e+06,-1.48429e+11,2.16358e+10
2.34094e+07,1.7924e+06,8.23354e+06,-1.48483e+11,2.12643e+10
2.34157e+07,1.79271e+06,8.23803e+06,-1.48536e+11,2.08926e+10
2.34221e+07,1.79303e+06,8.24252e+06,-1.48587e+11,2.05208e+10
2.34284e+07,1.79333e+06,8.247e+06,-1.48638e+11,2.01488e+10
2.34347e+07,1.79363e+06,8.25149e+06,-1.48688e+11,1.97768e+10
2.3441e+07,1.79392e+06,8.25598e+06,-1.48737e+11,1.94046e+10
2.34473e+07,1.79421e+06,8.26047e+06,-1.48785e+11,1.90323e+10
2.34536e+07,1.7945e+06,8.26496e+06,-1.48832e+11,1.86598e+10
2.34599e+07,1.79477e+06,8.26945e+06,-1.48879e+11,1.82873e+10
2.34662e+07,1.79505e+06,8.27395e+06,-1.48924e+11,1.79146e+10
2.34725e+07,1.79531e+06,8.27844e+06,-1.48968e+11,1.75418e+10
2.34789e+07,1.79557e+06,8.28293e+06,-1.49012e+11,1.7169e+10
2.34852e+07,1.79583e+06,8.28743e+06,-1.49054e+11,1.6796e+10
2.34915e+07,1.79608e+06,8.29192e+06,-1.49096e+11,1.64229e+10
2.34978e+07,1.79632e+06,8.29642e+06,-1.49136e+11,1.60497e+10
2.35041e+07,1.79656e+06,8.30091e+06,-1.49176e+11,1.56764e+10
2.35104e+07,1.79679e+06,8.30541e+06,-1.49215e+11,1.5303e+10
2.35167e+07,1.79702e+06,8.30991e+06,-1.49252e+11,1.49295e+10
2.3523e+07,1.79724e+06,8.31441e+06,-1.49289e+11,1.45559e+10
2.35293e+07,1.79746e+06,8.3189e+06,-1.49325e+11,1.41822e+10
2.35357e+07,1.79767e+06,8.3234e+06,-1.4936e+11,1.38084e+10
2.3542e+07,1.79787e+06,8.3279e+06,-1.49394e+11,1.34346e+10
2.35483e+07,1.79807e+06,8.3324e+06,-1.49428e+11,1.30606e+10
2.35546e+07,1.79826e+06,8.3369e+06,-1.4946e+11,1.26866e+10
2.35609e+07,1.79845e+06,8.3414e+06,-1.49491e+11,1.23125e+10
2.35672e+07,1.79863e+06,8.3459e+06,-1.49521e+11,1.19383e+10
2.35735e+07,1.79881e+06,8.35041e+06,-1.49551e+11,1.15641e+10
2.35798e+07,1.79898e+06,8.35491e+06,-1.49579e+11,1.11898e+10
2.35862e+07,1.79915e+06,8.35941e+06,-1.49607e+11,1.08154e+10
2.35925e+07,1.79931e+06,8.36391e+06,-1.49633e+11,1.04409e+10
2.35988e+07,1.79946e+06,8.36842e+06,-1.49659e+11,1.00664e+10
2.36051e+07,1.79961e+06,8.37292e+06,-1.49684e+11,9.6918e+09
2.36114e+07,1.79975e+06,8.37742e+06,-1.49707e+11,9.31715e+09
2.36177e+07,1.79989e+06,8.38193e+06,-1.4973e+11,8.94244e+09
2.3624e+07,1.80002e+06,8.38643e+06,-1.49752e+11,8.56768e+09
2.36303e+07,1.80015e+06,8.39094e+06,-1.49773e+11,8.19286e+09
2.36366e+07,1.80027e+06,8.39544e+06,-1.49793e+11,7.81799e+09
2.3643e+07,1.80038e+06,8.39995e+06,-1.49812e+11,7.44307e+09
2.36493e+07,1.80049e+06,8.40446e+06,-1.4983e+11,7.0681e+09
2.36556e+07,1.80059e+06,8.40896e+06,-1.49847e+11,6.69309e+09
2.36619e+07,1.80069e+06,8.41347e+06,-1.49864e+11,6.31804e+09
2.36682e+07,1.80078e+06,8.41798e+06,-1.49879e+11,5.94295e+09
2.36745e+07,1.80087e+06,8.42248e+06,-1.49893e+11,5.56782e+09
2.36808e+07,1.80095e+06,8.42699e+06,-1.49907e+11,5.19266e+09
2.36871e+07,1.80102e+06,8.4315e+06,-1.49919e+11,4.81747e+09
2.36934e+07,1.80109e+06,8.436e+06,-1.49931e+11,4.44224e+09
2.36998e+07,1.80116e+06,8.44051e+06,-1.49942e+11,4.06699e+09
2.37061e+07,1.80122e+06,8.44502e+06,-1.49951e+11,3.69171e+09
2.37124e+07,1.80127e+06,8.44953e+06,-1.4996e+11,3.31641e+09
2.37187e+07,1.80131e+06,8.45404e+06,-1.49968e+11,2.94109e+09
2.3725e+07,1.80136e+06,8.45854e+06,-1.49975e+11,2.56574e+09
2.37313e+07,1.80139e+06,8.46305e+06,-1.49981e+11,2.19039e+09
2.37376e+07,1.80142e+06,8.46756e+06,-1.49986e+11,1.81502e+09
2.37439e+07,1.80145e+06,8.47207e+06,-1.4999e+11,1.43964e+09
2.37502e+07,1.80146e+06,8.47658e+06,-1.49993e+11,1.06425e+09
2.37566e+07,1.80148e+06,8.48109e+06,-1.49995e+11,6.88848e+08
2.37629e+07,1.80149e+06,8.4856e+06,-1.49996e+11,3.13447e+08
2.37692e+07,1.80149e+06,8.4901e+06,-1.49996e+11,-6.19569e+07
2.37755e+07,1.80148e+06,8.49461e+06,-1.49996e+11,-4.3736e+08
2.37818e+07,1.80147e+06,8.49912e+06,-1.49994e+11,-8.1276e+08
2.37881e+07,1.80146e+06,8.50363e+06,-1.49992e+11,-1.18816e+09
2.37944e+07,1.80144e+06,8.50814e+06,-1.49988e+11,-1.56354e+09
2.38007e+07,1.80141e+06,8.51265e+06,-1.49984e+11,-1.93892e+09
2.38071e+07,1.80138e+06,8.51715e+06,-1.49978e+11,-2.31429e+09
2.38134e+07,1.80134e+06,8.52166e+06,-1.49972e+11,-2.68964e+09
2.38197e+07,1.8013e+06,8.52617e+06,-1.49965e+11,-3.06497e+09
2.3826e+07,1.80125e+06,8.53068e+06,-1.49957e+11,-3.44029e+09
2.38323e+07,1.80119e+06,8.53519e+06,-1.49948e+11,-3.81558e+09
2.38386e+07,1.80113e+06,8.5397e+06,-1.49938e+11,-4.19085e+09
2.38449e+07,1.80107e+06,8.5442e+06,-1.49927e+11,-4.56609e+09
2.38512e+07,1.801e+06,8.54871e+06,-1.49915e+11,-4.94131e+09
2.38575e+07,1.80092e+06,8.55322e+06,-1.49902e+11,-5.31649e+09
2.38639e+07,1.80084e+06,8.55772e+06,-1.49888e+11,-5.69164e+09
2.38702e+07,1.80075e+06,8.56223e+06,-1.49873e+11,-6.06675e+09
2.38765e+07,1.80065e+06,8.56674e+06,-1.49858e+11,-6.44183e+09
2.38828e+07,1.80055e+06,8.57124e+06,-1.49841e+11,-6.81687e+09
2.38891e+07,1.80045e+06,8.57575e+06,-1.49824e+11,-7.19186e+09
2.38954e+07,1.80034e+06,8.58026e+06,-1.49805e+11,-7.56681e+09
2.39017e+07,1.80022e+06,8.58476e+06,-1.49786e+11,-7.94171e+09
2.3908e+07,1.8001e+06,8.58927e+06,-1.49765e+11,-8.31656e+09
2.39143e+07,1.79997e+06,8.59377e+06,-1.49744e+11,-8.69136e+09
2.39207e+07,1.79984e+06,8.59828e+06,-1.49722e+11,-9.0661e+09
2.3927e+07,1.7997e+06,8.60278e+06,-1.49699e+11,-9.44079e+09
2.39333e+07,1.79955e+06,8.60729e+06,-1.49674e+11,-9.81542e+09
2.39396e+07,1.7994e+06,8.61179e+06,-1.49649e+11,-1.019e+10
2.39459e+07,1.79925e+06,8.61629e+06,-1.49623e+11,-1.05645e+10
2.39522e+07,1.79908e+06,8.6208e+06,-1.49596e+11,-1.09389e+10
2.39585e+07,1.79892e+06,8.6253e+06,-1.49569e+11,-1.13133e+10
2.39648e+07,1.79874e+06,8.6298e+06,-1.4954e+11,-1.16876e+10
2.39712e+07,1.79857e+06,8.6343e+06,-1.4951e+11,-1.20618e+10
2.39775e+07,1.79838e+06,8.6388e+06,-1.49479e+11,-1.2436e+10
2.39838e+07,1.79819e+06,8.6433e+06,-1.49448e+11,-1.281e+10
2.39901e+07,1.798e+06,8.6478e+06,-1.49415e+11,-1.3184e+10
2.39964e+07,1.7978e+06,8.6523e+06,-1.49382e+11,-1.35579e+10
2.40027e+07,1.79759e+06,8.6568e+06,-1.49347e+11,-1.39317e+10
2.4009e+07,1.79738e+06,8.6613e+06,-1.49312e+11,-1.43055e+10
2.40153e+07,1.79716e+06,8.6658e+06,-1.49276e+11,-1.46791e+10
2.40216e+07,1.79693e+06,8.6703e+06,-1.49238e+11,-1.50527e+10
2.4028e+07,1.79671e+06,8.67479e+06,-1.492e+11,-1.54261e+10
2.40343e+07,1.79647e+06,8.67929e+06,-1.49161e+11,-1.57995e+10
2.40406e+07,1.79623e+06,8.68378e+06,-1.49121e+11,-1.61728e+10
2.40469e+07,1.79598e+06,8.68828e+06,-1.4908e+11,-1.65459e+10
2.40532e+07,1.79573e+06,8.69277e+06,-1.49038e+11,-1.6919e+10
2.40595e+07,1.79548e+06,8.69727e+06,-1.48995e+11,-1.72919e+10
2.40658e+07,1.79521e+06,8.70176e+06,-1.48952e+11,-1.76648e+10
2.40721e+07,1.79494e+06,8.70625e+06,-1.48907e+11,-1.80375e+10
2.40784e+07,1.79467e+06,8.71075e+06,-1.48861e+11,-1.84101e+10
2.40848e+07,1.79439e+06,8.71524e+06,-1.48815e+11,-1.87826e+10
2.40911e+07,1.79411e+06,8.71973e+06,-1.48767e+11,-1.9155e+10
2.40974e+07,1.79381e+06,8.72422e+06,-1.48719e+11,-1.95273e+10
2.41037e+07,1.79352e+06,8.72871e+06,-1.48669e+11,-1.98994e+10
2.411e+07,1.79322e+06,8.7332e+06,-1.48619e+11,-2.02715e+10
2.41163e+07,1.79291e+06,8.73768e+06,-1.48568e+11,-2.06433e+10
2.41226e+07,1.7926e+06,8.74217e+06,-1.48516e+11,-2.10151e+10
2.41289e+07,1.79228e+06,8.74666e+06,-1.48463e+11,-2.13867e+10
2.41353e+07,1.79195e+06,8.75114e+06,-1.48409e+11,-2.17582e+10
2.41416e+07,1.79162e+06,8.75562e+06,-1.48354e+11,-2.21296e+10
2.41479e+07,1.79129e+06,8.76011e+06,-1.48298e+11,-2.25008e+10
2.41542e+07,1.79095e+06,8.76459e+06,-1.48241e+11,-2.28719e+10
2.41605e+07,1.7906e+06,8.76907e+06,-1.48183e+11,-2.32428e+10
2.41668e+07,1.79025e+06,8.77355e+06,-1.48125e+11,-2.36136e+10
2.41731e+07,1.78989e+06,8.77803e+06,-1.48065e+11,-2.39843e+10
2.41794e+07,1.78953e+06,8.78251e+06,-1.48005e+11,-2.43548e+10
2.41857e+07,1.78916e+06,8.78699e+06,-1.47943e+11,-2.47251e+10
2.41921e+07,1.78878e+06,8.79147e+06,-1.47881e+11,-2.50953e+10
2.41984e+07,1.7884e+06,8.79594e+06,-1.47818e+11,-2.54653e+10
2.42047e+07,1.78802e+06,8.80042e+06,-1.47753e+11,-2.58352e+10
2.4211e+07,1.78763e+06,8.80489e+06,-1.47688e+11,-2.62049e+10
2.42173e+07,1.78723e+06,8.80937e+06,-1.47622e+11,-2.65745e+10
2.42236e+07,1.78683e+06,8.81384e+06,-1.47555e+11,-2.69438e+10
2.42299e+07,1.78642e+06,8.81831e+06,-1.47487e+11,-2.7313e+10
2.42362e+07,1.78601e+06,8.82278e+06,-1.47418e+11,-2.76821e+10
2.42425e+07,1.78559e+06,8.82725e+06,-1.47349e+11,-2.80509e+10
2.42489e+07,1.78516e+06,8.83172e+06,-1.47278e+11,-2.84196e+10
2.42552e+07,1.78473e+06,8.83619e+06,-1.47206e+11,-2.87881e+10
2.42615e+07,1.7843e+06,8.84065e+06,-1.47134e+11,-2.91565e+10
2.42678e+07,1.78386e+06,8.84512e+06,-1.4706e+11,-2.95246e+10
2.42741e+07,1.78341e+06,8.84958e+06,-1.46986e+11,-2.98926e+10
2.42804e+07,1.78296e+06,8.85405e+06,-1.46911e+11,-3.02604e+10
2.42867e+07,1.7825e+06,8.85851e+06,-1.46834e+11,-3.06279e+10
2.4293e+07,1.78204e+06,8.86297e+06,-1.46757e+11,-3.09953e+10
2.42994e+07,1.78157e+06,8.86743e+06,-1.46679e+11,-3.13625e+10
2.43057e+07,1.78109e+06,8.87188e+06,-1.466e+11,-3.17295e+10
2.4312e+07,1.78061e+06,8.87634e+06,-1.4652e+11,-3.20963e+10
2.43183e+07,1.78013e+06,8.8808e+06,-1.4644e+11,-3.24629e+10
2.43246e+07,1.77964e+06,8.88525e+06,-1.46358e+11,-3.28293e+10
2.43309e+07,1.77914e+06,8.88971e+06,-1.46275e+11,-3.31955e+10
2.43372e+07,1.77864e+06,8.89416e+06,-1.46192e+11,-3.35615e+10
2.43435e+07,1.77813e+06,8.89861e+06,-1.46107e+11,-3.39273e+10
2.43498e+07,1.77762e+06,8.90306e+06,-1.46022e+11,-3.42929e+10
2.43562e+07,1.7771e+06,8.90751e+06,-1.45935e+11,-3.46582e+10
2.43625e+07,1.77658e+06,8.91195e+06,-1.45848e+11,-3.50233e+10
2.43688e+07,1.77605e+06,8.9164e+06,-1.4576e+11,-3.53883e+10
2.43751e+07,1.77551e+06,8.92084e+06,-1.45671e+11,-3.57529e+10
2.43814e+07,1.77497e+06,8.92529e+06,-1.45581e+11,-3.61174e+10
2.43877e+07,1.77443e+06,8.92973e+06,-1.4549e+11,-3.64817e+10
2.4394e+07,1.77388e+06,8.93417e+06,-1.45398e+11,-3.68457e+10
2.44003e+07,1.77332e+06,8.93861e+06,-1.45306e+11,-3.72094e+10
2.44066e+07,1.77276e+06,8.94304e+06,-1.45212e+11,-3.7573e+10
2.4413e+07,1.77219e+06,8.94748e+06,-1.45118e+11,-3.79363e+10
2.44193e+07,1.77162e+06,8.95191e+06,-1.45022e+11,-3.82994e+10
2.44256e+07,1.77104e+06,8.95635e+06,-1.44926e+11,-3.86622e+10
2.44319e+07,1.77045e+06,8.96078e+06,-1.44829e+11,-3.90248e+10
2.44382e+07,1.76986e+06,8.96521e+06,-1.44731e+11,-3.93871e+10
2.44445e+07,1.76927e+06,8.96964e+06,-1.44631e+11,-3.97492e+10
2.44508e+07,1.76867e+06,8.97407e+06,-1.44532e+11,-4.01111e+10
2.44571e+07,1.76806e+06,8.97849e+06,-1.44431e+11,-4.04727e+10
2.44635e+07,1.76745e+06,8.98292e+06,-1.44329e+11,-4.0834e+10
2.44698e+07,1.76684e+06,8.98734e+06,-1.44226e+11,-4.11951e+10
2.44761e+07,1.76621e+06,8.99176e+06,-1.44123e+11,-4.1556e+10
2.44824e+07,1.76559e+06,8.99618e+06,-1.44018e+11,-4.19165e+10
2.44887e+07,1.76495e+06,9.0006e+06,-1.43913e+11,-4.22769e+10
2.4495e+07,1.76432e+06,9.00501e+06,-1.43807e+11,-4.26369e+10
2.45013e+07,1.76367e+06,9.00943e+06,-1.43699e+11,-4.29967e+10
2.45076e+07,1.76302e+06,9.01384e+06,-1.43591e+11,-4.33562e+10
2.45139e+07,1.76237e+06,9.01825e+06,-1.43482e+11,-4.37154e+10
2.45203e+07,1.76171e+06,9.02266e+06,-1.43372e+11,-4.40744e+10
2.45266e+07,1.76104e+06,9.02707e+06,-1.43262e+11,-4.44331e+10
2.45329e+07,1.76037e+06,9.03148e+06,-1.4315e+11,-4.47915e+10
2.45392e+07,1.7597e+06,9.03588e+06,-1.43037e+11,-4.51496e+10
2.45455e+07,1.75902e+06,9.04029e+06,-1.42924e+11,-4.55075e+10
2.45518e+07,1.75833e+06,9.04469e+06,-1.4281e+11,-4.5865e+10
2.45581e+07,1.75764e+06,9.04909e+06,-1.42694e+11,-4.62223e+10
2.45644e+07,1.75694e+06,9.05348e+06,-1.42578e+11,-4.65793e+10
2.45707e+07,1.75624e+06,9.05788e+06,-1.42461e+11,-4.6936e+10
2.45771e+07,1.75553e+06,9.06228e+06,-1.42343e+11,-4.72924e+10
2.45834e+07,1.75482e+06,9.06667e+06,-1.42224e+11,-4.76485e+10
2.45897e+07,1.7541e+06,9.07106e+06,-1.42105e+11,-4.80043e+10
2.4596e+07,1.75337e+06,9.07545e+06,-1.41984e+11,-4.83598e+10
2.46023e+07,1.75264e+06,9.07984e+06,-1.41862e+11,-4.8715e+10
2.46086e+07,1.75191e+06,9.08422e+06,-1.4174e+11,-4.90699e+10
2.46149e+07,1.75117e+06,9.0886e+06,-1.41617e+11,-4.94244e+10
2.46212e+07,1.75042e+06,9.09299e+06,-1.41493e+11,-4.97787e+10
2.46276e+07,1.74967e+06,9.09737e+06,-1.41368e+11,-5.01327e+10
2.46339e+07,1.74891e+06,9.10174e+06,-1.41242e+11,-5.04863e+10
2.46402e+07,1.74815e+06,9.10612e+06,-1.41115e+11,-5.08397e+10
2.46465e+07,1.74739e+06,9.11049e+06,-1.40987e+11,-5.11927e+10
2.46528e+07,1.74661e+06,9.11487e+06,-1.40859e+11,-5.15454e+10
2.46591e+07,1.74584e+06,9.11924e+06,-1.40729e+11,-5.18977e+10
2.46654e+07,1.74505e+06,9.12361e+06,-1.40599e+11,-5.22498e+10
2.46717e+07,1.74427e+06,9.12797e+06,-1.40468e+11,-5.26015e+10
2.4678e+07,1.74347e+06,9.13234e+06,-1.40335e+11,-5.29529e+10
2.46844e+07,1.74267e+06,9.1367e+06,-1.40202e+11,-5.3304e+10
2.46907e+07,1.74187e+06,9.14106e+06,-1.40069e+11,-5.36547e+10
2.4697e+07,1.74106e+06,9.14542e+06,-1.39934e+11,-5.40051e+10
2.47033e+07,1.74025e+06,9.14977e+06,-1.39798e+11,-5.43551e+10
2.47096e+07,1.73943e+06,9.15413e+06,-1.39662e+11,-5.47048e+10
2.47159e+07,1.7386e+06,9.15848e+06,-1.39524e+11,-5.50542e+10
2.47222e+07,1.73777e+06,9.16283e+06,-1.39386e+11,-5.54032e+10
2.47285e+07,1.73694e+06,9.16718e+06,-1.39247e+11,-5.57519e+10
2.47348e+07,1.7361e+06,9.17152e+06,-1.39107e+11,-5.61002e+10
2.47412e+07,1.73525e+06,9.17587e+06,-1.38966e+11,-5.64482e+10
2.47475e+07,1.7344e+06,9.18021e+06,-1.38824e+11,-5.67958e+10
2.47538e+07,1.73354e+06,9.18455e+06,-1.38682e+11,-5.71431e+10
2.47601e+07,1.73268e+06,9.18889e+06,-1.38538e+11,-5.749e+10
2.47664e+07,1.73181e+06,9.19322e+06,-1.38394e+11,-5.78365e+10
2.47727e+07,1.73094e+06,9.19756e+06,-1.38249e+11,-5.81827e+10
2.4779e+07,1.73006e+06,9.20189e+06,-1.38103e+11,-5.85285e+10
2.47853e+07,1.72918e+06,9.20622e+06,-1.37956e+11,-5.8874e+10
2.47917e+07,1.72829e+06,9.21054e+06,-1.37808e+11,-5.92191e+10
2.4798e+07,1.7274e+06,9.21487e+06,-1.37659e+11,-5.95638e+10
2.48043e+07,1.7265e+06,9.21919e+06,-1.3751e+11,-5.99081e+10
2.48106e+07,1.7256e+06,9.22351e+06,-1.37359e+11,-6.02521e+10
2.48169e+07,1.72469e+06,9.22783e+06,-1.37208e+11,-6.05957e+10
2.48232e+07,1.72378e+06,9.23214e+06,-1.37056e+11,-6.09389e+10
2.48295e+07,1.72286e+06,9.23645e+06,-1.36903e+11,-6.12817e+10
2.48358e+07,1.72194e+06,9.24076e+06,-1.36749e+11,-6.16242e+10
2.48421e+07,1.72101e+06,9.24507e+06,-1.36595e+11,-6.19662e+10
2.48485e+07,1.72007e+06,9.24938e+06,-1.36439e+11,-6.23079e+10
2.48548e+07,1.71914e+06,9.25368e+06,-1.36283e+11,-6.26492e+10
2.48611e+07,1.71819e+06,9.25798e+06,-1.36125e+11,-6.299e+10
2.48674e+07,1.71724e+06,9.26228e+06,-1.35967e+11,-6.33305e+10
2.48737e+07,1.71629e+06,9.26658e+06,-1.35808e+11,-6.36706e+10
2.488e+07,1.71533e+06,9.27087e+06,-1.35649e+11,-6.40103e+10
2.48863e+07,1.71436e+06,9.27517e+06,-1.35488e+11,-6.43496e+10
2.48926e+07,1.71339e+06,9.27946e+06,-1.35326e+11,-6.46885e+10
2.48989e+07,1.71242e+06,9.28374e+06,-1.35164e+11,-6.5027e+10
2.49053e+07,1.71144e+06,9.28803e+06,-1.35001e+11,-6.53651e+10
2.49116e+07,1.71045e+06,9.29231e+06,-1.34837e+11,-6.57027e+10
2.49179e+07,1.70946e+06,9.29659e+06,-1.34672e+11,-6.604e+10
2.49242e+07,1.70847e+06,9.30087e+06,-1.34506e+11,-6.63768e+10
2.49305e+07,1.70747e+06,9.30514e+06,-1.3434e+11,-6.67133e+10
2.49368e+07,1.70646e+06,9.30941e+06,-1.34172e+11,-6.70493e+10
2.49431e+07,1.70545e+06,9.31368e+06,-1.34004e+11,-6.73849e+10
2.49494e+07,1.70444e+06,9.31795e+06,-1.33835e+11,-6.772e+10
2.49558e+07,1.70342e+06,9.32221e+06,-1.33665e+11,-6.80548e+10
2.49621e+07,1.70239e+06,9.32647e+06,-1.33494e+11,-6.83891e+10
2.49684e+07,1.70136e+06,9.33073e+06,-1.33323e+11,-6.8723e+10
2.49747e+07,1.70032e+06,9.33499e+06,-1.3315e+11,-6.90564e+10
2.4981e+07,1.69928e+06,9.33924e+06,-1.32977e+11,-6.93895e+10
2.49873e+07,1.69824e+06,9.3435e+06,-1.32803e+11,-6.9722e+10
2.49936e+07,1.69719e+06,9.34775e+06,-1.32628e+11,-7.00542e+10
2.49999e+07,1.69613e+06,9.35199e+06,-1.32452e+11,-7.03859e+10
2.50062e+07,1.69507e+06,9.35624e+06,-1.32276e+11,-7.07172e+10
2.50126e+07,1.69401e+06,9.36048e+06,-1.32098e+11,-7.1048e+10
2.50189e+07,1.69294e+06,9.36471e+06,-1.3192e+11,-7.13784e+10
2.50252e+07,1.69186e+06,9.36895e+06,-1.31741e+11,-7.17083e+10
2.50315e+07,1.69078e+06,9.37318e+06,-1.31561e+11,-7.20378e+10
2.50378e+07,1.6897e+06,9.37741e+06,-1.3138e+11,-7.23669e+10
2.50441e+07,1.68861e+06,9.38164e+06,-1.31199e+11,-7.26955e+10
2.50504e+07,1.68751e+06,9.38587e+06,-1.31016e+11,-7.30236e+10
2.50567e+07,1.68641e+06,9.39009e+06,-1.30833e+11,-7.33513e+10
2.5063e+07,1.68531e+06,9.39431e+06,-1.30649e+11,-7.36785e+10
2.50694e+07,1.6842e+06,9.39852e+06,-1.30464e+11,-7.40052e+10
2.50757e+07,1.68308e+06,9.40274e+06,-1.30279e+11,-7.43315e+10
2.5082e+07,1.68196e+06,9.40695e+06,-1.30092e+11,-7.46573e+10
2.50883e+07,1.68084e+06,9.41116e+06,-1.29905e+11,-7.49827e+10
2.50946e+07,1.67971e+06,9.41536e+06,-1.29717e+11,-7.53076e+10
2.51009e+07,1.67857e+06,9.41956e+06,-1.29528e+11,-7.5632e+10
2.51072e+07,1.67743e+06,9.42376e+06,-1.29338e+11,-7.59559e+10
2.51135e+07,1.67629e+06,9.42796e+06,-1.29148e+11,-7.62794e+10
2.51198e+07,1.67514e+06,9.43215e+06,-1.28956e+11,-7.66024e+10
2.51262e+07,1.67399e+06,9.43634e+06,-1.28764e+11,-7.69249e+10
2.51325e+07,1.67283e+06,9.44053e+06,-1.28571e+11,-7.72469e+10
2.51388e+07,1.67166e+06,9.44472e+06,-1.28377e+11,-7.75684e+10
2.51451e+07,1.6705e+06,9.4489e+06,-1.28183e+11,-7.78895e+10
2.51514e+07,1.66932e+06,9.45308e+06,-1.27988e+11,-7.82101e+10
2.51577e+07,1.66814e+06,9.45726e+06,-1.27791e+11,-7.85301e+10
2.5164e+07,1.66696e+06,9.46143e+06,-1.27594e+11,-7.88497e+10
2.51703e+07,1.66577e+06,9.4656e+06,-1.27397e+11,-7.91688e+10
2.51767e+07,1.66458e+06,9.46977e+06,-1.27198e+11,-7.94874e+10
2.5183e+07,1.66338e+06,9.47393e+06,-1.26999e+11,-7.98055e+10
2.51893e+07,1.66218e+06,9.47809e+06,-1.26799e+11,-8.01231e+10
2.51956e+07,1.66098e+06,9.48225e+06,-1.26598e+11,-8.04402e+10
2.52019e+07,1.65976e+06,9.48641e+06,-1.26396e+11,-8.07568e+10
2.52082e+07,1.65855e+06,9.49056e+06,-1.26193e+11,-8.10729e+10
2.52145e+07,1.65733e+06,9.49471e+06,-1.2599e+11,-8.13884e+10
2.52208e+07,1.6561e+06,9.49885e+06,-1.25786e+11,-8.17035e+10
2.52271e+07,1.65487e+06,9.503e+06,-1.25581e+11,-8.2018e+10
2.52335e+07,1.65364e+06,9.50714e+06,-1.25375e+11,-8.23321e+10
2.52398e+07,1.6524e+06,9.51128e+06,-1.25169e+11,-8.26456e+10
2.52461e+07,1.65115e+06,9.51541e+06,-1.24962e+11,-8.29586e+10
2.52524e+07,1.6499e+06,9.51954e+06,-1.24754e+11,-8.32711e+10
2.52587e+07,1.64865e+06,9.52367e+06,-1.24545e+11,-8.35831e+10
2.5265e+07,1.64739e+06,9.52779e+06,-1.24335e+11,-8.38945e+10
2.52713e+07,1.64613e+06,9.53191e+06,-1.24125e+11,-8.42054e+10
2.52776e+07,1.64486e+06,9.53603e+06,-1.23914e+11,-8.45158e+10
2.52839e+07,1.64359e+06,9.54015e+06,-1.23702e+11,-8.48257e+10
2.52903e+07,1.64231e+06,9.54426e+06,-1.23489e+11,-8.5135e+10
2.52966e+07,1.64103e+06,9.54837e+06,-1.23275e+11,-8.54438e+10
2.53029e+07,1.63974e+06,9.55247e+06,-1.23061e+11,-8.57521e+10
2.53092e+07,1.63845e+06,9.55657e+06,-1.22846e+11,-8.60598e+10
2.53155e+07,1.63715e+06,9.56067e+06,-1.2263e+11,-8.6367e+10
2.53218e+07,1.63585e+06,9.56477e+06,-1.22414e+11,-8.66736e+10
2.53281e+07,1.63455e+06,9.56886e+06,-1.22197e+11,-8.69797e+10
2.53344e+07,1.63324e+06,9.57295e+06,-1.21978e+11,-8.72853e+10
2.53408e+07,1.63192e+06,9.57704e+06,-1.2176e+11,-8.75903e+10
2.53471e+07,1.63061e+06,9.58112e+06,-1.2154e+11,-8.78947e+10
2.53534e+07,1.62928e+06,9.5852e+06,-1.2132e+11,-8.81986e+10
2.53597e+07,1.62795e+06,9.58927e+06,-1.21098e+11,-8.8502e+10
2.5366e+07,1.62662e+06,9.59335e+06,-1.20877e+11,-8.88048e+10
2.53723e+07,1.62528e+06,9.59742e+06,-1.20654e+11,-8.9107e+10
2.53786e+07,1.62394e+06,9.60148e+06,-1.2043e+11,-8.94087e+10
2.53849e+07,1.6226e+06,9.60555e+06,-1.20206e+11,-8.97099e+10
2.53912e+07,1.62125e+06,9.6096e+06,-1.19981e+11,-9.00104e+10
2.53976e+07,1.61989e+06,9.61366e+06,-1.19756e+11,-9.03104e+10
2.54039e+07,1.61853e+06,9.61771e+06,-1.19529e+11,-9.06099e+10
2.54102e+07,1.61717e+06,9.62176e+06,-1.19302e+11,-9.09087e+10
2.54165e+07,1.6158e+06,9.62581e+06,-1.19074e+11,-9.1207e+10
2.54228e+07,1.61443e+06,9.62985e+06,-1.18846e+11,-9.15048e+10
2.54291e+07,1.61305e+06,9.63389e+06,-1.18616e+11,-9.18019e+10
2.54354e+07,1.61167e+06,9.63792e+06,-1.18386e+11,-9.20985e+10
2.54417e+07,1.61028e+06,9.64196e+06,-1.18155e+11,-9.23945e+10
2.5448e+07,1.60889e+06,9.64598e+06,-1.17923e+11,-9.26899e+10
2.54544e+07,1.60749e+06,9.65001e+06,-1.17691e+11,-9.29848e+10
2.54607e+07,1.60609e+06,9.65403e+06,-1.17458e+11,-9.3279e+10
2.5467e+07,1.60469e+06,9.65805e+06,-1.17224e+11,-9.35727e+10
2.54733e+07,1.60328e+06,9.66206e+06,-1.1699e+11,-9.38658e+10
2.54796e+07,1.60187e+06,9.66607e+06,-1.16754e+11,-9.41583e+10
2.54859e+07,1.60045e+06,9.67008e+06,-1.16518e+11,-9.44502e+10
2.54922e+07,1.59903e+06,9.67408e+06,-1.16281e+11,-9.47415e+10
2.54985e+07,1.5976e+06,9.67808e+06,-1.16044e+11,-9.50322e+10
2.55049e+07,1.59617e+06,9.68208e+06,-1.15806e+11,-9.53224e+10
2.55112e+07,1.59474e+06,9.68607e+06,-1.15567e+11,-9.56119e+10
2.55175e+07,1.5933e+06,9.69006e+06,-1.15327e+11,-9.59008e+10
2.55238e+07,1.59185e+06,9.69405e+06,-1.15087e+11,-9.61892e+10
2.55301e+07,1.59041e+06,9.69803e+06,-1.14846e+11,-9.64769e+10
2.55364e+07,1.58895e+06,9.70201e+06,-1.14604e+11,-9.6764e+10
2.55427e+07,1.5875e+06,9.70598e+06,-1.14361e+11,-9.70506e+10
2.5549e+07,1.58604e+06,9.70996e+06,-1.14118e+11,-9.73365e+10
2.55553e+07,1.58457e+06,9.71392e+06,-1.13874e+11,-9.76218e+10
2.55617e+07,1.5831e+06,9.71789e+06,-1.13629e+11,-9.79065e+10
2.5568e+07,1.58163e+06,9.72185e+06,-1.13384e+11,-9.81905e+10
2.55743e+07,1.58015e+06,9.7258e+06,-1.13138e+11,-9.8474e+10
2.55806e+07,1.57867e+06,9.72976e+06,-1.12891e+11,-9.87569e+10
2.55869e+07,1.57718e+06,9.73371e+06,-1.12643e+11,-9.90391e+10
2.55932e+07,1.57569e+06,9.73765e+06,-1.12395e+11,-9.93207e+10
2.55995e+07,1.57419e+06,9.74159e+06,-1.12146e+11,-9.96017e+10
2.56058e+07,1.5727e+06,9.74553e+06,-1.11896e+11,-9.9882e+10
2.56121e+07,1.57119e+06,9.74946e+06,-1.11646e+11,-1.00162e+11
2.56185e+07,1.56968e+06,9.75339e+06,-1.11395e+11,-1.00441e+11
2.56248e+07,1.56817e+06,9.75732e+06,-1.11143e+11,-1.00719e+11
2.56311e+07,1.56666e+06,9.76124e+06,-1.10891e+11,-1.00997e+11
2.56374e+07,1.56514e+06,9.76516e+06,-1.10638e+11,-1.01274e+11
2.56437e+07,1.56361e+06,9.76908e+06,-1.10384e+11,-1.01551e+11
2.565e+07,1.56208e+06,9.77299e+06,-1.10129e+11,-1.01827e+11
2.56563e+07,1.56055e+06,9.7769e+06,-1.09874e+11,-1.02102e+11
2.56626e+07,1.55902e+06,9.7808e+06,-1.09618e+11,-1.02377e+11
2.5669e+07,1.55747e+06,9.7847e+06,-1.09362e+11,-1.02651e+11
2.56753e+07,1.55593e+06,9.7886e+06,-1.09104e+11,-1.02924e+11
2.56816e+07,1.55438e+06,9.79249e+06,-1.08846e+11,-1.03197e+11
2.56879e+07,1.55283e+06,9.79638e+06,-1.08588e+11,-1.03469e+11
2.56942e+07,1.55127e+06,9.80026e+06,-1.08329e+11,-1.03741e+11
2.57005e+07,1.54971e+06,9.80414e+06,-1.08069e+11,-1.04011e+11
2.57068e+07,1.54814e+06,9.80802e+06,-1.07808e+11,-1.04282e+11
2.57131e+07,1.54657e+06,9.81189e+06,-1.07547e+11,-1.04551e+11
2.57194e+07,1.545e+06,9.81576e+06,-1.07284e+11,-1.0482e+11
2.57258e+07,1.54342e+06,9.81962e+06,-1.07022e+11,-1.05088e+11
2.57321e+07,1.54184e+06,9.82349e+06,-1.06758e+11,-1.05356e+11
2.57384e+07,1.54026e+06,9.82734e+06,-1.06494e+11,-1.05622e+11
2.57447e+07,1.53867e+06,9.83119e+06,-1.0623e+11,-1.05889e+11
2.5751e+07,1.53707e+06,9.83504e+06,-1.05964e+11,-1.06154e+11
2.57573e+07,1.53548e+06,9.83889e+06,-1.05698e+11,-1.06419e+11
2.57636e+07,1.53387e+06,9.84273e+06,-1.05432e+11,-1.06683e+11
2.57699e+07,1.53227e+06,9.84657e+06,-1.05164e+11,-1.06947e+11
2.57762e+07,1.53066e+06,9.8504e+06,-1.04896e+11,-1.0721e+11
2.57826e+07,1.52905e+06,9.85423e+06,-1.04628e+11,-1.07472e+11
2.57889e+07,1.52743e+06,9.85805e+06,-1.04358e+11,-1.07733e+11
2.57952e+07,1.52581e+06,9.86187e+06,-1.04088e+11,-1.07994e+11
2.58015e+07,1.52418e+06,9.86569e+06,-1.03818e+11,-1.08254e+11
2.58078e+07,1.52255e+06,9.8695e+06,-1.03546e+11,-1.08514e+11
2.58141e+07,1.52092e+06,9.87331e+06,-1.03274e+11,-1.08773e+11
2.58204e+07,1.51928e+06,9.87712e+06,-1.03002e+11,-1.09031e+11
2.58267e+07,1.51764e+06,9.88092e+06,-1.02729e+11,-1.09288e+11
2.58331e+07,1.516e+06,9.88471e+06,-1.02455e+11,-1.09545e+11
2.58394e+07,1.51435e+06,9.8885e+06,-1.0218e+11,-1.09801e+11
2.58457e+07,1.5127e+06,9.89229e+06,-1.01905e+11,-1.10056e+11
2.5852e+07,1.51104e+06,9.89608e+06,-1.01629e+11,-1.10311e+11
2.58583e+07,1.50938e+06,9.89986e+06,-1.01353e+11,-1.10565e+11
2.58646e+07,1.50772e+06,9.90363e+06,-1.01076e+11,-1.10818e+11
2.58709e+07,1.50605e+06,9.9074e+06,-1.00798e+11,-1.11071e+11
2.58772e+07,1.50438e+06,9.91117e+06,-1.0052e+11,-1.11323e+11
2.58835e+07,1.5027e+06,9.91493e+06,-1.00241e+11,-1.11574e+11
2.58899e+07,1.50102e+06,9.91869e+06,-9.99613e+10,-1.11825e+11
2.58962e+07,1.49934e+06,9.92245e+06,-9.96811e+10,-1.12075e+11
2.59025e+07,1.49766e+06,9.9262e+06,-9.94003e+10,-1.12324e+11
2.59088e+07,1.49597e+06,9.92994e+06,-9.91188e+10,-1.12572e+11
2.59151e+07,1.49427e+06,9.93368e+06,-9.88368e+10,-1.1282e+11
2.59214e+07,1.49257e+06,9.93742e+06,-9.85541e+10,-1.13067e+11
2.59277e+07,1.49087e+06,9.94115e+06,-9.82708e+10,-1.13313e+11
2.5934e+07,1.48917e+06,9.94488e+06,-9.79869e+10,-1.13559e+11
2.59403e+07,1.48746e+06,9.94861e+06,-9.77023e+10,-1.13804e+11
2.59467e+07,1.48575e+06,9.95233e+06,-9.74172e+10,-1.14048e+11
2.5953e+07,1.48403e+06,9.95605e+06,-9.71314e+10,-1.14291e+11
2.59593e+07,1.48231e+06,9.95976e+06,-9.6845e+10,-1.14534e+11
2.59656e+07,1.48059e+06,9.96346e+06,-9.65581e+10,-1.14776e+11
2.59719e+07,1.47886e+06,9.96717e+06,-9.62705e+10,-1.15017e+11
2.59782e+07,1.47713e+06,9.97087e+06,-9.59823e+10,-1.15258e+11
2.59845e+07,1.4754e+06,9.97456e+06,-9.56935e+10,-1.15498e+11
2.59908e+07,1.47366e+06,9.97825e+06,-9.54041e+10,-1.15737e+11
2.59972e+07,1.47192e+06,9.98194e+06,-9.51142e+10,-1.15975e+11
2.60035e+07,1.47017e+06,9.98562e+06,-9.48236e+10,-1.16213e+11
2.60098e+07,1.46842e+06,9.9893e+06,-9.45324e+10,-1.1645e+11
2.60161e+07,1.46667e+06,9.99297e+06,-9.42407e+10,-1.16686e+11
2.60224e+07,1.46492e+06,9.99664e+06,-9.39483e+10,-1.16922e+11
2.60287e+07,1.46316e+06,1.00003e+07,-9.36554e+10,-1.17156e+11
2.6035e+07,1.46139e+06,1.0004e+07,-9.33618e+10,-1.1739e+11
2.60413e+07,1.45963e+06,1.00076e+07,-9.30677e+10,-1.17624e+11
2.60476e+07,1.45786e+06,1.00113e+07,-9.2773e+10,-1.17856e+11
2.6054e+07,1.45609e+06,1.00149e+07,-9.24778e+10,-1.18088e+11
2.60603e+07,1.45431e+06,1.00186e+07,-9.21819e+10,-1.18319e+11
2.60666e+07,1.45253e+06,1.00222e+07,-9.18855e+10,-1.1855e+11
2.60729e+07,1.45075e+06,1.00258e+07,-9.15885e+10,-1.18779e+11
2.60792e+07,1.44896e+06,1.00295e+07,-9.12909e+10,-1.19008e+11
2.60855e+07,1.44717e+06,1.00331e+07,-9.09927e+10,-1.19236e+11
2.60918e+07,1.44537e+06,1.00367e+07,-9.0694e+10,-1.19463e+11
2.60981e+07,1.44358e+06,1.00403e+07,-9.03947e+10,-1.1969e+11
2.61044e+07,1.44178e+06,1.00439e+07,-9.00948e+10,-1.19916e+11
2.61108e+07,1.43997e+06,1.00475e+07,-8.97944e+10,-1.20141e+11
2.61171e+07,1.43816e+06,1.00511e+07,-8.94934e+10,-1.20365e+11
2.61234e+07,1.43635e+06,1.00547e+07,-8.91919e+10,-1.20589e+11
2.61297e+07,1.43454e+06,1.00583e+07,-8.88898e+10,-1.20812e+11
2.6136e+07,1.43272e+06,1.00619e+07,-8.85871e+10,-1.21034e+11
2.61423e+07,1.4309e+06,1.00655e+07,-8.82839e+10,-1.21255e+11
2.61486e+07,1.42908e+06,1.00691e+07,-8.79801e+10,-1.21476e+11
2.61549e+07,1.42725e+06,1.00726e+07,-8.76758e+10,-1.21696e+11
2.61613e+07,1.42542e+06,1.00762e+07,-8.7371e+10,-1.21915e+11
2.61676e+07,1.42359e+06,1.00798e+07,-8.70655e+10,-1.22133e+11
2.61739e+07,1.42175e+06,1.00833e+07,-8.67596e+10,-1.22351e+11
2.61802e+07,1.41991e+06,1.00869e+07,-8.64531e+10,-1.22567e+11
2.61865e+07,1.41806e+06,1.00904e+07,-8.6146e+10,-1.22783e+11
2.61928e+07,1.41622e+06,1.0094e+07,-8.58384e+10,-1.22998e+11
2.61991e+07,1.41437e+06,1.00975e+07,-8.55303e+10,-1.23213e+11
2.62054e+07,1.41251e+06,1.01011e+07,-8.52217e+10,-1.23427e+11
2.62117e+07,1.41066e+06,1.01046e+07,-8.49125e+10,-1.2364e+11
2.62181e+07,1.4088e+06,1.01081e+07,-8.46027e+10,-1.23852e+11
2.62244e+07,1.40693e+06,1.01117e+07,-8.42925e+10,-1.24063e+11
2.62307e+07,1.40507e+06,1.01152e+07,-8.39817e+10,-1.24274e+11
2.6237e+07,1.4032e+06,1.01187e+07,-8.36704e+10,-1.24483e+11
2.62433e+07,1.40132e+06,1.01222e+07,-8.33586e+10,-1.24692e+11
2.62496e+07,1.39945e+06,1.01257e+07,-8.30462e+10,-1.24901e+11
2.62559e+07,1.39757e+06,1.01292e+07,-8.27333e+10,-1.25108e+11
2.62622e+07,1.39569e+06,1.01327e+07,-8.24199e+10,-1.25315e+11
2.62685e+07,1.3938e+06,1.01362e+07,-8.2106e+10,-1.25521e+11
2.62749e+07,1.39191e+06,1.01397e+07,-8.17916e+10,-1.25726e+11
2.62812e+07,1.39002e+06,1.01432e+07,-8.14767e+10,-1.2593e+11
2.62875e+07,1.38813e+06,1.01466e+07,-8.11612e+10,-1.26134e+11
2.62938e+07,1.38623e+06,1.01501e+07,-8.08453e+10,-1.26336e+11
2.63001e+07,1.38433e+06,1.01536e+07,-8.05288e+10,-1.26538e+11
2.63064e+07,1.38243e+06,1.0157e+07,-8.02118e+10,-1.26739e+11
2.63127e+07,1.38052e+06,1.01605e+07,-7.98944e+10,-1.2694e+11
2.6319e+07,1.37861e+06,1.01639e+07,-7.95764e+10,-1.27139e+11
2.63253e+07,1.3767e+06,1.01674e+07,-7.92579e+10,-1.27338e+11
2.63317e+07,1.37478e+06,1.01708e+07,-7.8939e+10,-1.27536e+11
2.6338e+07,1.37287e+06,1.01743e+07,-7.86195e+10,-1.27733e+11
2.63443e+07,1.37095e+06,1.01777e+07,-7.82995e+10,-1.2793e+11
2.63506e+07,1.36902e+06,1.01811e+07,-7.79791e+10,-1.28125e+11
2.63569e+07,1.36709e+06,1.01846e+07,-7.76582e+10,-1.2832e+11
2.63632e+07,1.36516e+06,1.0188e+07,-7.73368e+10,-1.28514e+11
2.63695e+07,1.36323e+06,1.01914e+07,-7.70149e+10,-1.28707e+11
2.63758e+07,1.36129e+06,1.01948e+07,-7.66925e+10,-1.28899e+11
2.63822e+07,1.35936e+06,1.01982e+07,-7.63696e+10,-1.29091e+11
2.63885e+07,1.35741e+06,1.02016e+07,-7.60463e+10,-1.29282e+11
2.63948e+07,1.35547e+06,1.0205e+07,-7.57225e+10,-1.29472e+11
2.64011e+07,1.35352e+06,1.02084e+07,-7.53982e+10,-1.29661e+11
2.64074e+07,1.35157e+06,1.02118e+07,-7.50734e+10,-1.29849e+11
2.64137e+07,1.34962e+06,1.02152e+07,-7.47482e+10,-1.30036e+11
2.642e+07,1.34766e+06,1.02185e+07,-7.44225e+10,-1.30223e+11
2.64263e+07,1.3457e+06,1.02219e+07,-7.40963e+10,-1.30409e+11
2.64326e+07,1.34374e+06,1.02253e+07,-7.37697e+10,-1.30594e+11
2.6439e+07,1.34178e+06,1.02286e+07,-7.34426e+10,-1.30778e+11
2.64453e+07,1.33981e+06,1.0232e+07,-7.3115e+10,-1.30962e+11
2.64516e+07,1.33784e+06,1.02353e+07,-7.2787e+10,-1.31144e+11
2.64579e+07,1.33587e+06,1.02387e+07,-7.24585e+10,-1.31326e+11
2.64642e+07,1.33389e+06,1.0242e+07,-7.21296e+10,-1.31507e+11
2.64705e+07,1.33192e+06,1.02454e+07,-7.18002e+10,-1.31687e+11
2.64768e+07,1.32994e+06,1.02487e+07,-7.14704e+10,-1.31866e+11
2.64831e+07,1.32795e+06,1.0252e+07,-7.11401e+10,-1.32045e+11
2.64894e+07,1.32597e+06,1.02553e+07,-7.08094e+10,-1.32222e+11
2.64958e+07,1.32398e+06,1.02587e+07,-7.04782e+10,-1.32399e+11
2.65021e+07,1.32199e+06,1.0262e+07,-7.01466e+10,-1.32575e+11
2.65084e+07,1.31999e+06,1.02653e+07,-6.98146e+10,-1.3275e+11
2.65147e+07,1.318e+06,1.02686e+07,-6.94821e+10,-1.32925e+11
2.6521e+07,1.316e+06,1.02719e+07,-6.91492e+10,-1.33098e+11
2.65273e+07,1.314e+06,1.02752e+07,-6.88159e+10,-1.33271e+11
2.65336e+07,1.31199e+06,1.02784e+07,-6.84821e+10,-1.33443e+11
2.65399e+07,1.30998e+06,1.02817e+07,-6.81479e+10,-1.33613e+11
2.65463e+07,1.30797e+06,1.0285e+07,-6.78132e+10,-1.33784e+11
2.65526e+07,1.30596e+06,1.02883e+07,-6.74782e+10,-1.33953e+11
2.65589e+07,1.30395e+06,1.02915e+07,-6.71427e+10,-1.34121e+11
2.65652e+07,1.30193e+06,1.02948e+07,-6.68068e+10,-1.34289e+11
2.65715e+07,1.29991e+06,1.02981e+07,-6.64705e+10,-1.34456e+11
2.65778e+07,1.29789e+06,1.03013e+07,-6.61337e+10,-1.34622e+11
2.65841e+07,1.29586e+06,1.03046e+07,-6.57966e+10,-1.34787e+11
2.65904e+07,1.29384e+06,1.03078e+07,-6.5459e+10,-1.34951e+11
2.65967e+07,1.29181e+06,1.0311e+07,-6.5121e+10,-1.35114e+11
2.66031e+07,1.28978e+06,1.03143e+07,-6.47827e+10,-1.35277e+11
2.66094e+07,1.28774e+06,1.03175e+07,-6.44439e+10,-1.35439e+11
2.66157e+07,1.2857e+06,1.03207e+07,-6.41047e+10,-1.356e+11
2.6622e+07,1.28367e+06,1.03239e+07,-6.37651e+10,-1.3576e+11
2.66283e+07,1.28162e+06,1.03271e+07,-6.34251e+10,-1.35919e+11
2.66346e+07,1.27958e+06,1.03303e+07,-6.30847e+10,-1.36077e+11
2.66409e+07,1.27753e+06,1.03335e+07,-6.27439e+10,-1.36235e+11
2.66472e+07,1.27548e+06,1.03367e+07,-6.24027e+10,-1.36391e+11
2.66535e+07,1.27343e+06,1.03399e+07,-6.20612e+10,-1.36547e+11
2.66599e+07,1.27138e+06,1.03431e+07,-6.17192e+10,-1.36702e+11
2.66662e+07,1.26932e+06,1.03463e+07,-6.13769e+10,-1.36856e+11
2.66725e+07,1.26727e+06,1.03495e+07,-6.10341e+10,-1.37009e+11
2.66788e+07,1.26521e+06,1.03526e+07,-6.0691e+10,-1.37161e+11
2.66851e+07,1.26314e+06,1.03558e+07,-6.03475e+10,-1.37313e+11
2.66914e+07,1.26108e+06,1.03589e+07,-6.00037e+10,-1.37463e+11
2.66977e+07,1.25901e+06,1.03621e+07,-5.96594e+10,-1.37613e+11
2.6704e+07,1.25694e+06,1.03653e+07,-5.93148e+10,-1.37762e+11
2.67104e+07,1.25487e+06,1.03684e+07,-5.89698e+10,-1.3791e+11
2.67167e+07,1.2528e+06,1.03715e+07,-5.86245e+10,-1.38057e+11
2.6723e+07,1.25072e+06,1.03747e+07,-5.82787e+10,-1.38204e+11
2.67293e+07,1.24864e+06,1.03778e+07,-5.79326e+10,-1.38349e+11
2.67356e+07,1.24656e+06,1.03809e+07,-5.75862e+10,-1.38494e+11
2.67419e+07,1.24448e+06,1.0384e+07,-5.72394e+10,-1.38637e+11
2.67482e+07,1.24239e+06,1.03871e+07,-5.68922e+10,-1.3878e+11
2.67545e+07,1.24031e+06,1.03903e+07,-5.65447e+10,-1.38922e+11
2.67608e+07,1.23822e+06,1.03934e+07,-5.61968e+10,-1.39063e+11
2.67672e+07,1.23613e+06,1.03964e+07,-5.58485e+10,-1.39203e+11
2.67735e+07,1.23403e+06,1.03995e+07,-5.55e+10,-1.39343e+11
2.67798e+07,1.23194e+06,1.04026e+07,-5.5151e+10,-1.39481e+11
2.67861e+07,1.22984e+06,1.04057e+07,-5.48017e+10,-1.39619e+11
2.67924e+07,1.22774e+06,1.04088e+07,-5.44521e+10,-1.39755e+11
2.67987e+07,1.22564e+06,1.04119e+07,-5.41022e+10,-1.39891e+11
2.6805e+07,1.22354e+06,1.04149e+07,-5.37519e+10,-1.40026e+11
2.68113e+07,1.22143e+06,1.0418e+07,-5.34012e+10,-1.4016e+11
2.68176e+07,1.21932e+06,1.0421e+07,-5.30502e+10,-1.40294e+11
2.6824e+07,1.21721e+06,1.04241e+07,-5.26989e+10,-1.40426e+11
2.68303e+07,1.2151e+06,1.04271e+07,-5.23473e+10,-1.40557e+11
2.68366e+07,1.21299e+06,1.04302e+07,-5.19953e+10,-1.40688e+11
2.68429e+07,1.21087e+06,1.04332e+07,-5.16431e+10,-1.40818e+11
2.68492e+07,1.20875e+06,1.04362e+07,-5.12904e+10,-1.40946e+11
2.68555e+07,1.20664e+06,1.04392e+07,-5.09375e+10,-1.41074e+11
2.68618e+07,1.20451e+06,1.04423e+07,-5.05842e+10,-1.41201e+11
2.68681e+07,1.20239e+06,1.04453e+07,-5.02307e+10,-1.41327e+11
2.68745e+07,1.20027e+06,1.04483e+07,-4.98768e+10,-1.41453e+11
2.68808e+07,1.19814e+06,1.04513e+07,-4.95226e+10,-1.41577e+11
2.68871e+07,1.19601e+06,1.04543e+07,-4.91681e+10,-1.41701e+11
2.68934e+07,1.19388e+06,1.04573e+07,-4.88133e+10,-1.41823e+11
2.68997e+07,1.19175e+06,1.04603e+07,-4.84582e+10,-1.41945e+11
2.6906e+07,1.18961e+06,1.04632e+07,-4.81027e+10,-1.42066e+11
2.69123e+07,1.18748e+06,1.04662e+07,-4.7747e+10,-1.42186e+11
2.69186e+07,1.18534e+06,1.04692e+07,-4.7391e+10,-1.42305e+11
2.69249e+07,1.1832e+06,1.04721e+07,-4.70347e+10,-1.42423e+11
2.69313e+07,1.18106e+06,1.04751e+07,-4.6678e+10,-1.4254e+11
2.69376e+07,1.17891e+06,1.04781e+07,-4.63211e+10,-1.42657e+11
2.69439e+07,1.17677e+06,1.0481e+07,-4.59639e+10,-1.42772e+11
2.69502e+07,1.17462e+06,1.04839e+07,-4.56064e+10,-1.42887e+11
2.69565e+07,1.17247e+06,1.04869e+07,-4.52487e+10,-1.43e+11
2.69628e+07,1.17032e+06,1.04898e+07,-4.48906e+10,-1.43113e+11
2.69691e+07,1.16817e+06,1.04927e+07,-4.45323e+10,-1.43225e+11
2.69754e+07,1.16602e+06,1.04957e+07,-4.41737e+10,-1.43336e+11
2.69817e+07,1.16386e+06,1.04986e+07,-4.38148e+10,-1.43446e+11
2.69881e+07,1.16171e+06,1.05015e+07,-4.34556e+10,-1.43555e+11
2.69944e+07,1.15955e+06,1.05044e+07,-4.30962e+10,-1.43664e+11
2.70007e+07,1.15739e+06,1.05073e+07,-4.27365e+10,-1.43771e+11
2.7007e+07,1.15523e+06,1.05102e+07,-4.23765e+10,-1.43878e+11
2.70133e+07,1.15306e+06,1.05131e+07,-4.20162e+10,-1.43983e+11
2.70196e+07,1.1509e+06,1.0516e+07,-4.16557e+10,-1.44088e+11
2.70259e+07,1.14873e+06,1.05188e+07,-4.1295e+10,-1.44192e+11
2.70322e+07,1.14656e+06,1.05217e+07,-4.09339e+10,-1.44295e+11
2.70386e+07,1.14439e+06,1.05246e+07,-4.05727e+10,-1.44397e+11
2.70449e+07,1.14222e+06,1.05274e+07,-4.02111e+10,-1.44498e+11
2.70512e+07,1.14005e+06,1.05303e+07,-3.98493e+10,-1.44598e+11
2.70575e+07,1.13788e+06,1.05331e+07,-3.94873e+10,-1.44697e+11
2.70638e+07,1.1357e+06,1.0536e+07,-3.9125e+10,-1.44796e+11
2.70701e+07,1.13352e+06,1.05388e+07,-3.87625e+10,-1.44893e+11
2.70764e+07,1.13135e+06,1.05417e+07,-3.83997e+10,-1.4499e+11
2.70827e+07,1.12917e+06,1.05445e+07,-3.80367e+10,-1.45085e+11
2.7089e+07,1.12698e+06,1.05473e+07,-3.76734e+10,-1.4518e+11
2.70954e+07,1.1248e+06,1.05501e+07,-3.73099e+10,-1.45274e+11
2.71017e+07,1.12262e+06,1.05529e+07,-3.69462e+10,-1.45367e+11
2.7108e+07,1.12043e+06,1.05557e+07,-3.65823e+10,-1.45459e+11
2.71143e+07,1.11824e+06,1.05585e+07,-3.62181e+10,-1.4555e+11
2.71206e+07,1.11606e+06,1.05613e+07,-3.58537e+10,-1.4564e+11
2.71269e+07,1.11387e+06,1.05641e+07,-3.54891e+10,-1.45729e+11
2.71332e+07,1.11168e+06,1.05669e+07,-3.51242e+10,-1.45818e+11
2.71395e+07,1.10948e+06,1.05697e+07,-3.47591e+10,-1.45905e+11
2.71458e+07,1.10729e+06,1.05725e+07,-3.43938e+10,-1.45992e+11
2.71522e+07,1.1051e+06,1.05752e+07,-3.40283e+10,-1.46077e+11
2.71585e+07,1.1029e+06,1.0578e+07,-3.36626e+10,-1.46162e+11
2.71648e+07,1.1007e+06,1.05808e+07,-3.32967e+10,-1.46246e+11
2.71711e+07,1.0985e+06,1.05835e+07,-3.29305e+10,-1.46329e+11
2.71774e+07,1.0963e+06,1.05863e+07,-3.25642e+10,-1.46411e+11
2.71837e+07,1.0941e+06,1.0589e+07,-3.21976e+10,-1.46492e+11
2.719e+07,1.0919e+06,1.05917e+07,-3.18309e+10,-1.46572e+11
2.71963e+07,1.0897e+06,1.05945e+07,-3.14639e+10,-1.46651e+11
2.72027e+07,1.08749e+06,1.05972e+07,-3.10968e+10,-1.46729e+11
2.7209e+07,1.08529e+06,1.05999e+07,-3.07294e+10,-1.46807e+11
2.72153e+07,1.08308e+06,1.06026e+07,-3.03619e+10,-1.46883e+11
2.72216e+07,1.08087e+06,1.06053e+07,-2.99942e+10,-1.46959e+11
2.72279e+07,1.07866e+06,1.0608e+07,-2.96262e+10,-1.47033e+11
2.72342e+07,1.07645e+06,1.06107e+07,-2.92581e+10,-1.47107e+11
2.72405e+07,1.07424e+06,1.06134e+07,-2.88899e+10,-1.4718e+11
2.72468e+07,1.07203e+06,1.06161e+07,-2.85214e+10,-1.47252e+11
2.72531e+07,1.06981e+06,1.06188e+07,-2.81528e+10,-1.47323e+11
2.72595e+07,1.0676e+06,1.06215e+07,-2.77839e+10,-1.47393e+11
2.72658e+07,1.06538e+06,1.06241e+07,-2.74149e+10,-1.47462e+11
2.72721e+07,1.06316e+06,1.06268e+07,-2.70458e+10,-1.4753e+11
2.72784e+07,1.06095e+06,1.06295e+07,-2.66764e+10,-1.47597e+11
2.72847e+07,1.05873e+06,1.06321e+07,-2.63069e+10,-1.47663e+11
2.7291e+07,1.05651e+06,1.06348e+07,-2.59373e+10,-1.47729e+11
2.72973e+07,1.05429e+06,1.06374e+07,-2.55674e+10,-1.47793e+11
2.73036e+07,1.05207e+06,1.064e+07,-2.51975e+10,-1.47857e+11
2.73099e+07,1.04984e+06,1.06427e+07,-2.48273e+10,-1.47919e+11
2.73163e+07,1.04762e+06,1.06453e+07,-2.4457e+10,-1.47981e+11
2.73226e+07,1.04539e+06,1.06479e+07,-2.40865e+10,-1.48042e+11
2.73289e+07,1.04317e+06,1.06505e+07,-2.37159e+10,-1.48101e+11
2.73352e+07,1.04094e+06,1.06531e+07,-2.33452e+10,-1.4816e+11
2.73415e+07,1.03872e+06,1.06557e+07,-2.29743e+10,-1.48218e+11
2.73478e+07,1.03649e+06,1.06583e+07,-2.26032e+10,-1.48275e+11
2.73541e+07,1.03426e+06,1.06609e+07,-2.22321e+10,-1.48331e+11
2.73604e+07,1.03203e+06,1.06635e+07,-2.18607e+10,-1.48387e+11
2.73668e+07,1.0298e+06,1.06661e+07,-2.14893e+10,-1.48441e+11
2.73731e+07,1.02757e+06,1.06687e+07,-2.11177e+10,-1.48494e+11
2.73794e+07,1.02533e+06,1.06712e+07,-2.07459e+10,-1.48547e+11
2.73857e+07,1.0231e+06,1.06738e+07,-2.03741e+10,-1.48598e+11
2.7392e+07,1.02087e+06,1.06763e+07,-2.00021e+10,-1.48649e+11
2.73983e+07,1.01863e+06,1.06789e+07,-1.963e+10,-1.48698e+11
2.74046e+07,1.0164e+06,1.06814e+07,-1.92577e+10,-1.48747e+11
2.74109e+07,1.01416e+06,1.0684e+07,-1.88854e+10,-1.48795e+11
2.74172e+07,1.01192e+06,1.06865e+07,-1.85129e+10,-1.48841e+11
2.74236e+07,1.00969e+06,1.0689e+07,-1.81403e+10,-1.48887e+11
2.74299e+07,1.00745e+06,1.06916e+07,-1.77676e+10,-1.48932e+11
2.74362e+07,1.00521e+06,1.06941e+07,-1.73948e+10,-1.48976e+11
2.74425e+07,1.00297e+06,1.06966e+07,-1.70219e+10,-1.49019e+11
2.74488e+07,1.00073e+06,1.06991e+07,-1.66488e+10,-1.49061e+11
2.74551e+07,998490,1.07016e+07,-1.62757e+10,-1.49103e+11
2.74614e+07,996249,1.07041e+07,-1.59025e+10,-1.49143e+11
2.74677e+07,994007,1.07066e+07,-1.55291e+10,-1.49182e+11
2.7474e+07,991764,1.07091e+07,-1.51557e+10,-1.49221e+11
2.74804e+07,989521,1.07116e+07,-1.47822e+10,-1.49258e+11
2.74867e+07,987278,1.0714e+07,-1.44085e+10,-1.49295e+11
2.7493e+07,985034,1.07165e+07,-1.40348e+10,-1.4933e+11
2.74993e+07,982789,1.0719e+07,-1.3661e+10,-1.49365e+11
2.75056e+07,980544,1.07214e+07,-1.32871e+10,-1.49399e+11
2.75119e+07,978298,1.07239e+07,-1.29132e+10,-1.49431e+11
2.75182e+07,976052,1.07263e+07,-1.25391e+10,-1.49463e+11
2.75245e+07,973805,1.07288e+07,-1.2165e+10,-1.49494e+11
2.75309e+07,971558,1.07312e+07,-1.17908e+10,-1.49524e+11
2.75372e+07,969311,1.07336e+07,-1.14165e+10,-1.49553e+11
2.75435e+07,967063,1.0736e+07,-1.10422e+10,-1.49581e+11
2.75498e+07,964814,1.07385e+07,-1.06677e+10,-1.49608e+11
2.75561e+07,962565,1.07409e+07,-1.02933e+10,-1.49635e+11
2.75624e+07,960316,1.07433e+07,-9.91871e+09,-1.4966e+11
2.75687e+07,958067,1.07457e+07,-9.54409e+09,-1.49684e+11
2.7575e+07,955817,1.07481e+07,-9.16942e+09,-1.49708e+11
2.75813e+07,953567,1.07505e+07,-8.79469e+09,-1.4973e+11
2.75877e+07,951316,1.07529e+07,-8.41991e+09,-1.49752e+11
2.7594e+07,949065,1.07552e+07,-8.04507e+09,-1.49772e+11
2.76003e+07,946814,1.07576e+07,-7.67018e+09,-1.49792e+11
2.76066e+07,944562,1.076e+07,-7.29524e+09,-1.49811e+11
2.76129e+07,942311,1.07623e+07,-6.92026e+09,-1.49829e+11
2.76192e+07,940058,1.07647e+07,-6.54524e+09,-1.49845e+11
2.76255e+07,937806,1.0767e+07,-6.17017e+09,-1.49861e+11
2.76318e+07,935554,1.07694e+07,-5.79507e+09,-1.49876e+11
2.76381e+07,933301,1.07717e+07,-5.41992e+09,-1.4989e+11
2.76445e+07,931048,1.07741e+07,-5.04475e+09,-1.49903e+11
2.76508e+07,928795,1.07764e+07,-4.66954e+09,-1.49916e+11
2.76571e+07,926542,1.07787e+07,-4.29431e+09,-1.49927e+11
2.76634e+07,924288,1.0781e+07,-3.91904e+09,-1.49937e+11
2.76697e+07,922035,1.07833e+07,-3.54376e+09,-1.49946e+11
2.7676e+07,919781,1.07856e+07,-3.16845e+09,-1.49955e+11
2.76823e+07,917527,1.07879e+07,-2.79312e+09,-1.49962e+11
2.76886e+07,915273,1.07902e+07,-2.41777e+09,-1.49969e+11
2.76949e+07,913019,1.07925e+07,-2.04241e+09,-1.49974e+11
2.77013e+07,910765,1.07948e+07,-1.66703e+09,-1.49979e+11
2.77076e+07,908511,1.07971e+07,-1.29165e+09,-1.49983e+11
2.77139e+07,906256,1.07993e+07,-9.16255e+08,-1.49986e+11
2.77202e+07,904002,1.08016e+07,-5.40856e+08,-1.49987e+11
2.77265e+07,901748,1.08039e+07,-1.65453e+08,-1.49988e+11
2.77328e+07,899493,1.08061e+07,2.09951e+08,-1.49988e+11
2.77391e+07,897239,1.08084e+07,5.85353e+08,-1.49987e+11
2.77454e+07,894985,1.08106e+07,9.60752e+08,-1.49985e+11
2.77518e+07,892731,1.08128e+07,1.33614e+09,-1.49982e+11
2.77581e+07,890476,1.08151e+07,1.71153e+09,-1.49979e+11
2.77644e+07,888222,1.08173e+07,2.0869e+09,-1.49974e+11
2.77707e+07,885968,1.08195e+07,2.46226e+09,-1.49968e+11
2.7777e+07,883714,1.08217e+07,2.83761e+09,-1.49962e+11
2.77833e+07,881460,1.0824e+07,3.21294e+09,-1.49954e+11
2.77896e+07,879207,1.08262e+07,3.58824e+09,-1.49945e+11
2.77959e+07,876953,1.08284e+07,3.96353e+09,-1.49936e+11
2.78022e+07,874700,1.08305e+07,4.33879e+09,-1.49926e+11
2.78086e+07,872446,1.08327e+07,4.71402e+09,-1.49914e+11
2.78149e+07,870193,1.08349e+07,5.08922e+09,-1.49902e+11
2.78212e+07,867940,1.08371e+07,5.46439e+09,-1.49889e+11
2.78275e+07,865688,1.08393e+07,5.83953e+09,-1.49875e+11
2.78338e+07,863435,1.08414e+07,6.21463e+09,-1.4986e+11
2.78401e+07,861183,1.08436e+07,6.58969e+09,-1.49844e+11
2.78464e+07,858931,1.08457e+07,6.96471e+09,-1.49827e+11
2.78527e+07,856679,1.08479e+07,7.33969e+09,-1.49809e+11
2.7859e+07,854428,1.085e+07,7.71462e+09,-1.4979e+11
2.78654e+07,852176,1.08522e+07,8.0895e+09,-1.4977e+11
2.78717e+07,849926,1.08543e+07,8.46434e+09,-1.49749e+11
2.7878e+07,847675,1.08564e+07,8.83911e+09,-1.49728e+11
2.78843e+07,845425,1.08585e+07,9.21384e+09,-1.49705e+11
2.78906e+07,843175,1.08606e+07,9.5885e+09,-1.49682e+11
2.78969e+07,840925,1.08627e+07,9.96311e+09,-1.49657e+11
2.79032e+07,838676,1.08648e+07,1.03377e+10,-1.49632e+11
2.79095e+07,836428,1.08669e+07,1.07121e+10,-1.49605e+11
2.79159e+07,834179,1.0869e+07,1.10865e+10,-1.49578e+11
2.79222e+07,831931,1.08711e+07,1.14609e+10,-1.4955e+11
2.79285e+07,829684,1.08732e+07,1.18352e+10,-1.49521e+11
2.79348e+07,827437,1.08753e+07,1.22094e+10,-1.49491e+11
2.79411e+07,825190,1.08773e+07,1.25835e+10,-1.4946e+11
2.79474e+07,822944,1.08794e+07,1.29575e+10,-1.49428e+11
2.79537e+07,820698,1.08815e+07,1.33315e+10,-1.49395e+11
2.796e+07,818453,1.08835e+07,1.37053e+10,-1.49361e+11
2.79663e+07,816209,1.08856e+07,1.40791e+10,-1.49326e+11
2.79727e+07,813964,1.08876e+07,1.44528e+10,-1.49291e+11
2.7979e+07,811721,1.08896e+07,1.48265e+10,-1.49254e+11
2.79853e+07,809478,1.08917e+07,1.52e+10,-1.49216e+11
2.79916e+07,807235,1.08937e+07,1.55734e+10,-1.49178e+11
2.79979e+07,804994,1.08957e+07,1.59467e+10,-1.49138e+11
2.80042e+07,802752,1.08977e+07,1.63199e+10,-1.49098e+11
2.80105e+07,800512,1.08997e+07,1.66931e+10,-1.49057e+11
2.80168e+07,798272,1.09017e+07,1.70661e+10,-1.49014e+11
2.80231e+07,796032,1.09037e+07,1.7439e+10,-1.48971e+11
2.80295e+07,793794,1.09057e+07,1.78118e+10,-1.48927e+11
2.80358e+07,791556,1.09077e+07,1.81845e+10,-1.48882e+11
2.80421e+07,789318,1.09097e+07,1.85571e+10,-1.48836e+11
2.80484e+07,787082,1.09116e+07,1.89295e+10,-1.48789e+11
2.80547e+07,784846,1.09136e+07,1.93019e+10,-1.48741e+11
2.8061e+07,782611,1.09156e+07,1.96741e+10,-1.48693e+11
2.80673e+07,780376,1.09175e+07,2.00462e+10,-1.48643e+11
2.80736e+07,778142,1.09195e+07,2.04182e+10,-1.48592e+11
2.808e+07,775910,1.09214e+07,2.079e+10,-1.48541e+11
2.80863e+07,773677,1.09234e+07,2.11617e+10,-1.48488e+11
2.80926e+07,771446,1.09253e+07,2.15333e+10,-1.48435e+11
2.80989e+07,769215,1.09272e+07,2.19048e+10,-1.4838e+11
2.81052e+07,766986,1.09291e+07,2.22761e+10,-1.48325e+11
2.81115e+07,764757,1.09311e+07,2.26472e+10,-1.48269e+11
2.81178e+07,762529,1.0933e+07,2.30183e+10,-1.48212e+11
2.81241e+07,760302,1.09349e+07,2.33892e+10,-1.48154e+11
2.81304e+07,758075,1.09368e+07,2.37599e+10,-1.48095e+11
2.81368e+07,755850,1.09387e+07,2.41305e+10,-1.48035e+11
2.81431e+07,753625,1.09406e+07,2.45009e+10,-1.47974e+11
2.81494e+07,751402,1.09424e+07,2.48712e+10,-1.47912e+11
2.81557e+07,749179,1.09443e+07,2.52413e+10,-1.47849e+11
2.8162e+07,746957,1.09462e+07,2.56113e+10,-1.47786e+11
2.81683e+07,744737,1.09481e+07,2.59811e+10,-1.47721e+11
2.81746e+07,742517,1.09499e+07,2.63508e+10,-1.47656e+11
2.81809e+07,740298,1.09518e+07,2.67203e+10,-1.47589e+11
2.81872e+07,738081,1.09536e+07,2.70896e+10,-1.47522e+11
2.81936e+07,735864,1.09555e+07,2.74587e+10,-1.47454e+11
2.81999e+07,733648,1.09573e+07,2.78277e+10,-1.47385e+11
2.82062e+07,731433,1.09591e+07,2.81965e+10,-1.47314e+11
2.82125e+07,729220,1.0961e+07,2.85651e+10,-1.47243e+11
2.82188e+07,727007,1.09628e+07,2.89336e+10,-1.47172e+11
2.82251e+07,724796,1.09646e+07,2.93018e+10,-1.47099e+11
2.82314e+07,722586,1.09664e+07,2.96699e+10,-1.47025e+11
2.82377e+07,720376,1.09682e+07,3.00378e+10,-1.4695e+11
2.82441e+07,718168,1.097e+07,3.04055e+10,-1.46875e+11
2.82504e+07,715961,1.09718e+07,3.0773e+10,-1.46798e+11
2.82567e+07,713756,1.09736e+07,3.11403e+10,-1.4672e+11
2.8263e+07,711551,1.09754e+07,3.15075e+10,-1.46642e+11
2.82693e+07,709348,1.09772e+07,3.18744e+10,-1.46563e+11
2.82756e+07,707145,1.09789e+07,3.22411e+10,-1.46483e+11
2.82819e+07,704944,1.09807e+07,3.26077e+10,-1.46401e+11
2.82882e+07,702744,1.09825e+07,3.2974e+10,-1.46319e+11
2.82945e+07,700546,1.09842e+07,3.33401e+10,-1.46236e+11
2.83009e+07,698349,1.0986e+07,3.3706e+10,-1.46152e+11
2.83072e+07,696153,1.09877e+07,3.40717e+10,-1.46068e+11
2.83135e+07,693958,1.09895e+07,3.44372e+10,-1.45982e+11
2.83198e+07,691764,1.09912e+07,3.48025e+10,-1.45895e+11
2.83261e+07,689572,1.09929e+07,3.51675e+10,-1.45808e+11
2.83324e+07,687381,1.09946e+07,3.55323e+10,-1.45719e+11
2.83387e+07,685192,1.09964e+07,3.58969e+10,-1.4563e+11
2.8345e+07,683004,1.09981e+07,3.62613e+10,-1.4554e+11
2.83513e+07,680817,1.09998e+07,3.66255e+10,-1.45448e+11
2.83577e+07,678632,1.10015e+07,3.69894e+10,-1.45356e+11
2.8364e+07,676448,1.10032e+07,3.73531e+10,-1.45263e+11
2.83703e+07,674265,1.10049e+07,3.77166e+10,-1.45169e+11
2.83766e+07,672084,1.10066e+07,3.80798e+10,-1.45074e+11
2.83829e+07,669904,1.10082e+07,3.84428e+10,-1.44979e+11
2.83892e+07,667726,1.10099e+07,3.88055e+10,-1.44882e+11
2.83955e+07,665549,1.10116e+07,3.9168e+10,-1.44784e+11
2.84018e+07,663374,1.10132e+07,3.95303e+10,-1.44686e+11
2.84082e+07,661200,1.10149e+07,3.98923e+10,-1.44587e+11
2.84145e+07,659027,1.10165e+07,4.0254e+10,-1.44486e+11
2.84208e+07,656857,1.10182e+07,4.06156e+10,-1.44385e+11
2.84271e+07,654687,1.10198e+07,4.09768e+10,-1.44283e+11
2.84334e+07,652519,1.10215e+07,4.13378e+10,-1.4418e+11
2.84397e+07,650353,1.10231e+07,4.16985e+10,-1.44076e+11
2.8446e+07,648189,1.10247e+07,4.2059e+10,-1.43971e+11
2.84523e+07,646025,1.10263e+07,4.24192e+10,-1.43866e+11
2.84586e+07,643864,1.1028e+07,4.27792e+10,-1.43759e+11
2.8465e+07,641704,1.10296e+07,4.31389e+10,-1.43651e+11
2.84713e+07,639546,1.10312e+07,4.34983e+10,-1.43543e+11
2.84776e+07,637389,1.10328e+07,4.38574e+10,-1.43434e+11
2.84839e+07,635234,1.10344e+07,4.42163e+10,-1.43324e+11
2.84902e+07,633081,1.1036e+07,4.45749e+10,-1.43212e+11
2.84965e+07,630929,1.10375e+07,4.49332e+10,-1.431e+11
2.85028e+07,628779,1.10391e+07,4.52912e+10,-1.42988e+11
2.85091e+07,626631,1.10407e+07,4.56489e+10,-1.42874e+11
2.85154e+07,624485,1.10422e+07,4.60064e+10,-1.42759e+11
2.85218e+07,622340,1.10438e+07,4.63635e+10,-1.42643e+11
2.85281e+07,620197,1.10454e+07,4.67204e+10,-1.42527e+11
2.85344e+07,618055,1.10469e+07,4.7077e+10,-1.4241e+11
2.85407e+07,615916,1.10485e+07,4.74333e+10,-1.42291e+11
2.8547e+07,613778,1.105e+07,4.77893e+10,-1.42172e+11
2.85533e+07,611642,1.10515e+07,4.8145e+10,-1.42052e+11
2.85596e+07,609508,1.10531e+07,4.85004e+10,-1.41931e+11
2.85659e+07,607376,1.10546e+07,4.88555e+10,-1.41809e+11
2.85723e+07,605245,1.10561e+07,4.92102e+10,-1.41687e+11
2.85786e+07,603117,1.10576e+07,4.95647e+10,-1.41563e+11
2.85849e+07,600990,1.10591e+07,4.99189e+10,-1.41439e+11
2.85912e+07,598865,1.10606e+07,5.02727e+10,-1.41313e+11
2.85975e+07,596742,1.10621e+07,5.06263e+10,-1.41187e+11
2.86038e+07,594621,1.10636e+07,5.09795e+10,-1.4106e+11
2.86101e+07,592502,1.10651e+07,5.13324e+10,-1.40932e+11
2.86164e+07,590385,1.10666e+07,5.16849e+10,-1.40803e+11
2.86227e+07,588269,1.1068e+07,5.20372e+10,-1.40673e+11
2.86291e+07,586156,1.10695e+07,5.23891e+10,-1.40542e+11
2.86354e+07,584045,1.1071e+07,5.27407e+10,-1.40411e+11
2.86417e+07,581935,1.10724e+07,5.3092e+10,-1.40278e+11
2.8648e+07,579828,1.10739e+07,5.34429e+10,-1.40145e+11
2.86543e+07,577723,1.10753e+07,5.37935e+10,-1.40011e+11
2.86606e+07,575619,1.10768e+07,5.41438e+10,-1.39876e+11
2.86669e+07,573518,1.10782e+07,5.44937e+10,-1.3974e+11
2.86732e+07,571419,1.10797e+07,5.48433e+10,-1.39603e+11
2.86795e+07,569321,1.10811e+07,5.51925e+10,-1.39465e+11
2.86859e+07,567226,1.10825e+07,5.55414e+10,-1.39327e+11
2.86922e+07,565133,1.10839e+07,5.589e+10,-1.39187e+11
2.86985e+07,563042,1.10853e+07,5.62382e+10,-1.39047e+11
2.87048e+07,560954,1.10867e+07,5.6586e+10,-1.38906e+11
2.87111e+07,558867,1.10881e+07,5.69335e+10,-1.38764e+11
2.87174e+07,556782,1.10895e+07,5.72806e+10,-1.38621e+11
2.87237e+07,554700,1.10909e+07,5.76274e+10,-1.38477e+11
2.873e+07,552620,1.10923e+07,5.79738e+10,-1.38332e+11
2.87364e+07,550542,1.10937e+07,5.83199e+10,-1.38187e+11
2.87427e+07,548466,1.10951e+07,5.86656e+10,-1.38041e+11
2.8749e+07,546392,1.10964e+07,5.90109e+10,-1.37893e+11
2.87553e+07,544321,1.10978e+07,5.93558e+10,-1.37745e+11
2.87616e+07,542252,1.10992e+07,5.97004e+10,-1.37596e+11
2.87679e+07,540185,1.11005e+07,6.00446e+10,-1.37446e+11
2.87742e+07,538120,1.11019e+07,6.03884e+10,-1.37296e+11
2.87805e+07,536057,1.11032e+07,6.07319e+10,-1.37144e+11
2.87868e+07,533997,1.11045e+07,6.1075e+10,-1.36992e+11
2.87932e+07,531940,1.11059e+07,6.14176e+10,-1.36838e+11
2.87995e+07,529884,1.11072e+07,6.17599e+10,-1.36684e+11
2.88058e+07,527831,1.11085e+07,6.21019e+10,-1.36529e+11
2.88121e+07,525780,1.11099e+07,6.24434e+10,-1.36373e+11
2.88184e+07,523731,1.11112e+07,6.27845e+10,-1.36217e+11
2.88247e+07,521685,1.11125e+07,6.31253e+10,-1.36059e+11
2.8831e+07,519641,1.11138e+07,6.34656e+10,-1.35901e+11
2.88373e+07,517600,1.11151e+07,6.38055e+10,-1.35741e+11
2.88436e+07,515561,1.11164e+07,6.41451e+10,-1.35581e+11
2.885e+07,513524,1.11177e+07,6.44842e+10,-1.3542e+11
2.88563e+07,511490,1.11189e+07,6.4823e+10,-1.35259e+11
2.88626e+07,509459,1.11202e+07,6.51613e+10,-1.35096e+11
2.88689e+07,507429,1.11215e+07,6.54992e+10,-1.34932e+11
2.88752e+07,505403,1.11228e+07,6.58368e+10,-1.34768e+11
2.88815e+07,503378,1.1124e+07,6.61739e+10,-1.34603e+11
2.88878e+07,501356,1.11253e+07,6.65106e+10,-1.34437e+11
2.88941e+07,499337,1.11265e+07,6.68468e+10,-1.3427e+11
2.89005e+07,497320,1.11278e+07,6.71827e+10,-1.34102e+11
2.89068e+07,495306,1.1129e+07,6.75181e+10,-1.33934e+11
2.89131e+07,493294,1.11303e+07,6.78531e+10,-1.33764e+11
2.89194e+07,491285,1.11315e+07,6.81877e+10,-1.33594e+11
2.89257e+07,489278,1.11327e+07,6.85219e+10,-1.33423e+11
2.8932e+07,487274,1.11339e+07,6.88556e+10,-1.33251e+11
2.89383e+07,485273,1.11352e+07,6.91889e+10,-1.33078e+11
2.89446e+07,483274,1.11364e+07,6.95218e+10,-1.32905e+11
2.89509e+07,481278,1.11376e+07,6.98542e+10,-1.3273e+11
2.89573e+07,479284,1.11388e+07,7.01862e+10,-1.32555e+11
2.89636e+07,477293,1.114e+07,7.05178e+10,-1.32379e+11
2.89699e+07,475305,1.11412e+07,7.08489e+10,-1.32202e+11
2.89762e+07,473319,1.11423e+07,7.11795e+10,-1.32024e+11
2.89825e+07,471336,1.11435e+07,7.15098e+10,-1.31846e+11
2.89888e+07,469356,1.11447e+07,7.18395e+10,-1.31667e+11
2.89951e+07,467378,1.11459e+07,7.21689e+10,-1.31486e+11
2.90014e+07,465403,1.1147e+07,7.24977e+10,-1.31305e+11
2.90077e+07,463431,1.11482e+07,7.28262e+10,-1.31123e+11
2.90141e+07,461462,1.11494e+07,7.31541e+10,-1.30941e+11
2.90204e+07,459495,1.11505e+07,7.34816e+10,-1.30757e+11
2.90267e+07,457531,1.11517e+07,7.38087e+10,-1.30573e+11
2.9033e+07,455570,1.11528e+07,7.41352e+10,-1.30388e+11
2.90393e+07,453612,1.11539e+07,7.44614e+10,-1.30202e+11
2.90456e+07,451656,1.11551e+07,7.4787e+10,-1.30015e+11
2.90519e+07,449703,1.11562e+07,7.51122e+10,-1.29828e+11
2.90582e+07,447753,1.11573e+07,7.54369e+10,-1.29639e+11
2.90645e+07,445806,1.11584e+07,7.57611e+10,-1.2945e+11
2.90709e+07,443862,1.11596e+07,7.60849e+10,-1.2926e+11
2.90772e+07,441921,1.11607e+07,7.64082e+10,-1.29069e+11
2.90835e+07,439982,1.11618e+07,7.6731e+10,-1.28878e+11
2.90898e+07,438047,1.11629e+07,7.70533e+10,-1.28685e+11
2.90961e+07,436114,1.1164e+07,7.73752e+10,-1.28492e+11
2.91024e+07,434184,1.11651e+07,7.76965e+10,-1.28298e+11
2.91087e+07,432257,1.11661e+07,7.80174e+10,-1.28103e+11
2.9115e+07,430333,1.11672e+07,7.83378e+10,-1.27907e+11
2.91214e+07,428412,1.11683e+07,7.86577e+10,-1.27711e+11
2.91277e+07,426494,1.11694e+07,7.89771e+10,-1.27514e+11
2.9134e+07,424579,1.11704e+07,7.9296e+10,-1.27316e+11
2.91403e+07,422667,1.11715e+07,7.96144e+10,-1.27117e+11
2.91466e+07,420758,1.11725e+07,7.99323e+10,-1.26917e+11
2.91529e+07,418852,1.11736e+07,8.02497e+10,-1.26717e+11
2.91592e+07,416949,1.11746e+07,8.05667e+10,-1.26515e+11
2.91655e+07,415049,1.11757e+07,8.08831e+10,-1.26313e+11
2.91718e+07,413152,1.11767e+07,8.1199e+10,-1.2611e+11
2.91782e+07,411258,1.11777e+07,8.15143e+10,-1.25907e+11
2.91845e+07,409367,1.11788e+07,8.18292e+10,-1.25702e+11
2.91908e+07,407480,1.11798e+07,8.21436e+10,-1.25497e+11
2.91971e+07,405595,1.11808e+07,8.24574e+10,-1.25291e+11
2.92034e+07,403713,1.11818e+07,8.27708e+10,-1.25085e+11
2.92097e+07,401835,1.11828e+07,8.30836e+10,-1.24877e+11
2.9216e+07,399959,1.11838e+07,8.33959e+10,-1.24669e+11
2.92223e+07,398087,1.11848e+07,8.37077e+10,-1.2446e+11
2.92286e+07,396218,1.11858e+07,8.40189e+10,-1.2425e+11
2.9235e+07,394352,1.11868e+07,8.43296e+10,-1.24039e+11
2.92413e+07,392490,1.11878e+07,8.46398e+10,-1.23828e+11
2.92476e+07,390630,1.11888e+07,8.49495e+10,-1.23615e+11
2.92539e+07,388774,1.11898e+07,8.52586e+10,-1.23402e+11
2.92602e+07,386920,1.11907e+07,8.55672e+10,-1.23189e+11
2.92665e+07,385071,1.11917e+07,8.58753e+10,-1.22974e+11
2.92728e+07,383224,1.11927e+07,8.61828e+10,-1.22759e+11
2.92791e+07,381380,1.11936e+07,8.64898e+10,-1.22543e+11
2.92855e+07,379540,1.11946e+07,8.67963e+10,-1.22326e+11
2.92918e+07,377703,1.11955e+07,8.71022e+10,-1.22108e+11
2.92981e+07,375870,1.11965e+07,8.74075e+10,-1.2189e+11
2.93044e+07,374039,1.11974e+07,8.77123e+10,-1.21671e+11
2.93107e+07,372212,1.11983e+07,8.80166e+10,-1.21451e+11
2.9317e+07,370388,1.11993e+07,8.83203e+10,-1.2123e+11
2.93233e+07,368568,1.12002e+07,8.86234e+10,-1.21009e+11
2.93296e+07,366751,1.12011e+07,8.8926e+10,-1.20787e+11
2.93359e+07,364937,1.1202e+07,8.92281e+10,-1.20564e+11
2.93423e+07,363127,1.12029e+07,8.95296e+10,-1.2034e+11
2.93486e+07,361320,1.12038e+07,8.98305e+10,-1.20116e+11
2.93549e+07,359516,1.12047e+07,9.01308e+10,-1.1989e+11
2.93612e+07,357716,1.12056e+07,9.04306e+10,-1.19664e+11
2.93675e+07,355919,1.12065e+07,9.07299e+10,-1.19438e+11
2.93738e+07,354125,1.12074e+07,9.10285e+10,-1.1921e+11
2.93801e+07,352335,1.12083e+07,9.13266e+10,-1.18982e+11
2.93864e+07,350549,1.12092e+07,9.16241e+10,-1.18753e+11
2.93927e+07,348765,1.12101e+07,9.19211e+10,-1.18524e+11
2.93991e+07,346986,1.12109e+07,9.22175e+10,-1.18293e+11
2.94054e+07,345210,1.12118e+07,9.25132e+10,-1.18062e+11
2.94117e+07,343437,1.12127e+07,9.28085e+10,-1.1783e+11
2.9418e+07,341668,1.12135e+07,9.31031e+10,-1.17597e+11
2.94243e+07,339902,1.12144e+07,9.33971e+10,-1.17364e+11
2.94306e+07,338140,1.12152e+07,9.36906e+10,-1.1713e+11
2.94369e+07,336381,1.12161e+07,9.39835e+10,-1.16895e+11
2.94432e+07,334626,1.12169e+07,9.42758e+10,-1.16659e+11
2.94496e+07,332874,1.12177e+07,9.45674e+10,-1.16423e+11
2.94559e+07,331126,1.12186e+07,9.48586e+10,-1.16186e+11
2.94622e+07,329381,1.12194e+07,9.51491e+10,-1.15948e+11
2.94685e+07,327640,1.12202e+07,9.5439e+10,-1.1571e+11
2.94748e+07,325903,1.1221e+07,9.57283e+10,-1.15471e+11
2.94811e+07,324169,1.12218e+07,9.6017e+10,-1.15231e+11
2.94874e+07,322439,1.12227e+07,9.63051e+10,-1.1499e+11
2.94937e+07,320713,1.12235e+07,9.65926e+10,-1.14749e+11
2.95e+07,318990,1.12243e+07,9.68795e+10,-1.14507e+11
2.95064e+07,317271,1.12251e+07,9.71658e+10,-1.14264e+11
2.95127e+07,315555,1.12258e+07,9.74515e+10,-1.1402e+11
2.9519e+07,313843,1.12266e+07,9.77366e+10,-1.13776e+11
2.95253e+07,312135,1.12274e+07,9.80211e+10,-1.13531e+11
2.95316e+07,310430,1.12282e+07,9.83049e+10,-1.13285e+11
2.95379e+07,308729,1.1229e+07,9.85882e+10,-1.13039e+11
2.95442e+07,307032,1.12297e+07,9.88708e+10,-1.12792e+11
2.95505e+07,305339,1.12305e+07,9.91528e+10,-1.12544e+11
2.95568e+07,303649,1.12313e+07,9.94342e+10,-1.12296e+11
2.95632e+07,301963,1.1232e+07,9.97149e+10,-1.12046e+11
2.95695e+07,300281,1.12328e+07,9.99951e+10,-1.11796e+11
2.95758e+07,298603,1.12335e+07,1.00275e+11,-1.11546e+11
2.95821e+07,296928,1.12343e+07,1.00553e+11,-1.11295e+11
2.95884e+07,295257,1.1235e+07,1.00832e+11,-1.11043e+11
2.95947e+07,293590,1.12358e+07,1.01109e+11,-1.1079e+11
2.9601e+07,291927,1.12365e+07,1.01386e+11,-1.10536e+11
2.96073e+07,290267,1.12372e+07,1.01663e+11,-1.10282e+11
2.96137e+07,288611,1.12379e+07,1.01938e+11,-1.10028e+11
2.962e+07,286960,1.12387e+07,1.02213e+11,-1.09772e+11
2.96263e+07,285312,1.12394e+07,1.02488e+11,-1.09516e+11
2.96326e+07,283667,1.12401e+07,1.02762e+11,-1.09259e+11
2.96389e+07,282027,1.12408e+07,1.03035e+11,-1.09002e+11
2.96452e+07,280391,1.12415e+07,1.03307e+11,-1.08743e+11
2.96515e+07,278758,1.12422e+07,1.03579e+11,-1.08485e+11
2.96578e+07,277130,1.12429e+07,1.0385e+11,-1.08225e+11
2.96641e+07,275505,1.12436e+07,1.04121e+11,-1.07965e+11
2.96705e+07,273884,1.12443e+07,1.04391e+11,-1.07704e+11
2.96768e+07,272267,1.1245e+07,1.0466e+11,-1.07442e+11
2.96831e+07,270654,1.12456e+07,1.04929e+11,-1.0718e+11
2.96894e+07,269045,1.12463e+07,1.05197e+11,-1.06917e+11
2.96957e+07,267440,1.1247e+07,1.05464e+11,-1.06653e+11
2.9702e+07,265839,1.12477e+07,1.05731e+11,-1.06389e+11
2.97083e+07,264242,1.12483e+07,1.05996e+11,-1.06124e+11
2.97146e+07,262649,1.1249e+07,1.06262e+11,-1.05859e+11
2.97209e+07,261060,1.12496e+07,1.06526e+11,-1.05592e+11
2.97273e+07,259475,1.12503e+07,1.0679e+11,-1.05325e+11
2.97336e+07,257894,1.12509e+07,1.07054e+11,-1.05058e+11
2.97399e+07,256317,1.12516e+07,1.07316e+11,-1.0479e+11
2.97462e+07,254744,1.12522e+07,1.07578e+11,-1.04521e+11
2.97525e+07,253175,1.12528e+07,1.07839e+11,-1.04251e+11
2.97588e+07,251610,1.12535e+07,1.081e+11,-1.03981e+11
2.97651e+07,250049,1.12541e+07,1.0836e+11,-1.0371e+11
2.97714e+07,248492,1.12547e+07,1.08619e+11,-1.03438e+11
2.97778e+07,246940,1.12554e+07,1.08878e+11,-1.03166e+11
2.97841e+07,245391,1.1256e+07,1.09136e+11,-1.02893e+11
2.97904e+07,243847,1.12566e+07,1.09393e+11,-1.0262e+11
2.97967e+07,242306,1.12572e+07,1.09649e+11,-1.02346e+11
2.9803e+07,240770,1.12578e+07,1.09905e+11,-1.02071e+11
2.98093e+07,239238,1.12584e+07,1.1016e+11,-1.01796e+11
2.98156e+07,237710,1.1259e+07,1.10415e+11,-1.0152e+11
2.98219e+07,236186,1.12596e+07,1.10669e+11,-1.01243e+11
2.98282e+07,234667,1.12602e+07,1.10922e+11,-1.00966e+11
2.98346e+07,233151,1.12608e+07,1.11174e+11,-1.00688e+11
2.98409e+07,231640,1.12613e+07,1.11426e+11,-1.00409e+11
2.98472e+07,230133,1.12619e+07,1.11677e+11,-1.0013e+11
2.98535e+07,228630,1.12625e+07,1.11927e+11,-9.98504e+10
2.98598e+07,227131,1.12631e+07,1.12176e+11,-9.957e+10
2.98661e+07,225637,1.12636e+07,1.12425e+11,-9.92889e+10
2.98724e+07,224146,1.12642e+07,1.12674e+11,-9.90072e+10
2.98787e+07,222660,1.12647e+07,1.12921e+11,-9.87249e+10
2.9885e+07,221179,1.12653e+07,1.13168e+11,-9.8442e+10
2.98914e+07,219701,1.12659e+07,1.13414e+11,-9.81585e+10
2.98977e+07,218228,1.12664e+07,1.13659e+11,-9.78743e+10
2.9904e+07,216759,1.12669e+07,1.13904e+11,-9.75896e+10
2.99103e+07,215294,1.12675e+07,1.14148e+11,-9.73042e+10
2.99166e+07,213834,1.1268e+07,1.14391e+11,-9.70182e+10
2.99229e+07,212378,1.12686e+07,1.14633e+11,-9.67316e+10
2.99292e+07,210926,1.12691e+07,1.14875e+11,-9.64444e+10
2.99355e+07,209479,1.12696e+07,1.15116e+11,-9.61566e+10
2.99419e+07,208036,1.12701e+07,1.15356e+11,-9.58682e+10
2.99482e+07,206597,1.12707e+07,1.15596e+11,-9.55792e+10
2.99545e+07,205162,1.12712e+07,1.15835e+11,-9.52896e+10
2.99608e+07,203732,1.12717e+07,1.16073e+11,-9.49994e+10
2.99671e+07,202307,1.12722e+07,1.1631e+11,-9.47086e+10
2.99734e+07,200885,1.12727e+07,1.16547e+11,-9.44173e+10
2.99797e+07,199468,1.12732e+07,1.16783e+11,-9.41253e+10
2.9986e+07,198056,1.12737e+07,1.17018e+11,-9.38327e+10
2.99923e+07,196648,1.12742e+07,1.17253e+11,-9.35396e+10
2.99987e+07,195244,1.12747e+07,1.17487e+11,-9.32458e+10
3.0005e+07,193844,1.12752e+07,1.1772e+11,-9.29515e+10
3.00113e+07,192450,1.12756e+07,1.17952e+11,-9.26566e+10
3.00176e+07,191059,1.12761e+07,1.18183e+11,-9.23611e+10
3.00239e+07,189673,1.12766e+07,1.18414e+11,-9.2065e+10
3.00302e+07,188292,1.12771e+07,1.18644e+11,-9.17684e+10
3.00365e+07,186914,1.12775e+07,1.18874e+11,-9.14712e+10
3.00428e+07,185542,1.1278e+07,1.19102e+11,-9.11734e+10
3.00491e+07,184174,1.12785e+07,1.1933e+11,-9.0875e+10
3.00555e+07,182810,1.12789e+07,1.19557e+11,-9.05761e+10
3.00618e+07,181451,1.12794e+07,1.19784e+11,-9.02766e+10
3.00681e+07,180096,1.12798e+07,1.20009e+11,-8.99765e+10
3.00744e+07,178746,1.12803e+07,1.20234e+11,-8.96759e+10
3.00807e+07,177400,1.12807e+07,1.20458e+11,-8.93747e+10
3.0087e+07,176059,1.12812e+07,1.20681e+11,-8.9073e+10
3.00933e+07,174723,1.12816e+07,1.20904e+11,-8.87707e+10
3.00996e+07,173391,1.12821e+07,1.21126e+11,-8.84678e+10
3.0106e+07,172063,1.12825e+07,1.21347e+11,-8.81644e+10
3.01123e+07,170740,1.12829e+07,1.21567e+11,-8.78604e+10
3.01186e+07,169422,1.12833e+07,1.21787e+11,-8.75559e+10
3.01249e+07,168108,1.12838e+07,1.22005e+11,-8.72508e+10
3.01312e+07,166799,1.12842e+07,1.22223e+11,-8.69452e+10
3.01375e+07,165495,1.12846e+07,1.22441e+11,-8.66391e+10
3.01438e+07,164195,1.1285e+07,1.22657e+11,-8.63324e+10
3.01501e+07,162899,1.12854e+07,1.22873e+11,-8.60251e+10
3.01564e+07,161609,1.12858e+07,1.23088e+11,-8.57173e+10
3.01628e+07,160323,1.12862e+07,1.23302e+11,-8.5409e+10
3.01691e+07,159041,1.12866e+07,1.23515e+11,-8.51002e+10
3.01754e+07,157764,1.1287e+07,1.23728e+11,-8.47908e+10
3.01817e+07,156492,1.12874e+07,1.2394e+11,-8.44808e+10
3.0188e+07,155225,1.12878e+07,1.24151e+11,-8.41704e+10
3.01943e+07,153962,1.12882e+07,1.24361e+11,-8.38594e+10
3.02006e+07,152704,1.12886e+07,1.24571e+11,-8.35479e+10
3.02069e+07,151450,1.1289e+07,1.24779e+11,-8.32359e+10
3.02132e+07,150202,1.12893e+07,1.24987e+11,-8.29234e+10
3.02196e+07,148958,1.12897e+07,1.25195e+11,-8.26103e+10
3.02259e+07,147718,1.12901e+07,1.25401e+11,-8.22967e+10
3.02322e+07,146484,1.12905e+07,1.25607e+11,-8.19826e+10
3.02385e+07,145254,1.12908e+07,1.25811e+11,-8.1668e+10
3.02448e+07,144029,1.12912e+07,1.26015e+11,-8.13529e+10
3.02511e+07,142808,1.12915e+07,1.26219e+11,-8.10372e+10
3.02574e+07,141592,1.12919e+07,1.26421e+11,-8.07211e+10
3.02637e+07,140381,1.12922e+07,1.26623e+11,-8.04045e+10
3.027e+07,139175,1.12926e+07,1.26824e+11,-8.00873e+10
3.02764e+07,137974,1.12929e+07,1.27024e+11,-7.97697e+10
3.02827e+07,136777,1.12933e+07,1.27223e+11,-7.94515e+10
3.0289e+07,135585,1.12936e+07,1.27421e+11,-7.91329e+10
3.02953e+07,134398,1.1294e+07,1.27619e+11,-7.88137e+10
3.03016e+07,133216,1.12943e+07,1.27816e+11,-7.84941e+10
3.03079e+07,132039,1.12946e+07,1.28012e+11,-7.8174e+10
3.03142e+07,130866,1.1295e+07,1.28207e+11,-7.78533e+10
3.03205e+07,129698,1.12953e+07,1.28402e+11,-7.75322e+10
3.03269e+07,128535,1.12956e+07,1.28595e+11,-7.72106e+10
3.03332e+07,127377,1.12959e+07,1.28788e+11,-7.68886e+10
3.03395e+07,126224,1.12962e+07,1.2898e+11,-7.6566e+10
3.03458e+07,125076,1.12966e+07,1.29172e+11,-7.6243e+10
3.03521e+07,123932,1.12969e+07,1.29362e+11,-7.59195e+10
3.03584e+07,122793,1.12972e+07,1.29552e+11,-7.55955e+10
3.03647e+07,121659,1.12975e+07,1.2974e+11,-7.5271e+10
3.0371e+07,120530,1.12978e+07,1.29928e+11,-7.49461e+10
3.03773e+07,119406,1.12981e+07,1.30116e+11,-7.46207e+10
3.03837e+07,118287,1.12984e+07,1.30302e+11,-7.42948e+10
3.039e+07,117173,1.12987e+07,1.30488e+11,-7.39684e+10
3.03963e+07,116064,1.1299e+07,1.30672e+11,-7.36416e+10
3.04026e+07,114959,1.12993e+07,1.30856e+11,-7.33144e+10
3.04089e+07,113860,1.12996e+07,1.31039e+11,-7.29867e+10
3.04152e+07,112765,1.12998e+07,1.31222e+11,-7.26585e+10
3.04215e+07,111675,1.13001e+07,1.31403e+11,-7.23298e+10
3.04278e+07,110591,1.13004e+07,1.31584e+11,-7.20008e+10
3.04341e+07,109511,1.13007e+07,1.31763e+11,-7.16712e+10
3.04405e+07,108436,1.13009e+07,1.31942e+11,-7.13412e+10
3.04468e+07,107366,1.13012e+07,1.32121e+11,-7.10108e+10
3.04531e+07,106301,1.13015e+07,1.32298e+11,-7.06799e+10
3.04594e+07,105241,1.13017e+07,1.32474e+11,-7.03486e+10
3.04657e+07,104186,1.1302e+07,1.3265e+11,-7.00168e+10
3.0472e+07,103136,1.13023e+07,1.32825e+11,-6.96846e+10
3.04783e+07,102092,1.13025e+07,1.32999e+11,-6.9352e+10
3.04846e+07,101052,1.13028e+07,1.33172e+11,-6.90189e+10
3.0491e+07,100017,1.1303e+07,1.33345e+11,-6.86854e+10
3.04973e+07,98986.8,1.13033e+07,1.33516e+11,-6.83515e+10
3.05036e+07,97961.9,1.13035e+07,1.33687e+11,-6.80171e+10
3.05099e+07,96942,1.13038e+07,1.33857e+11,-6.76823e+10
3.05162e+07,95927.2,1.1304e+07,1.34026e+11,-6.73471e+10
3.05225e+07,94917.4,1.13042e+07,1.34194e+11,-6.70115e+10
3.05288e+07,93912.6,1.13045e+07,1.34361e+11,-6.66754e+10
3.05351e+07,92912.9,1.13047e+07,1.34527e+11,-6.6339e+10
3.05414e+07,91918.3,1.1305e+07,1.34693e+11,-6.60021e+10
3.05478e+07,90928.7,1.13052e+07,1.34858e+11,-6.56648e+10
3.05541e+07,89944.3,1.13054e+07,1.35022e+11,-6.5327e+10
3.05604e+07,88964.8,1.13056e+07,1.35185e+11,-6.49889e+10
3.05667e+07,87990.5,1.13059e+07,1.35347e+11,-6.46504e+10
3.0573e+07,87021.3,1.13061e+07,1.35509e+11,-6.43115e+10
3.05793e+07,86057.1,1.13063e+07,1.35669e+11,-6.39721e+10
3.05856e+07,85098.1,1.13065e+07,1.35829e+11,-6.36324e+10
3.05919e+07,84144.2,1.13067e+07,1.35988e+11,-6.32923e+10
3.05982e+07,83195.4,1.13069e+07,1.36146e+11,-6.29517e+10
3.06046e+07,82251.7,1.13071e+07,1.36303e+11,-6.26108e+10
3.06109e+07,81313.1,1.13073e+07,1.36459e+11,-6.22695e+10
3.06172e+07,80379.7,1.13075e+07,1.36615e+11,-6.19278e+10
3.06235e+07,79451.4,1.13077e+07,1.36769e+11,-6.15857e+10
3.06298e+07,78528.2,1.13079e+07,1.36923e+11,-6.12432e+10
3.06361e+07,77610.2,1.13081e+07,1.37076e+11,-6.09003e+10
3.06424e+07,76697.4,1.13083e+07,1.37228e+11,-6.05571e+10
3.06487e+07,75789.7,1.13085e+07,1.37379e+11,-6.02134e+10
3.06551e+07,74887.2,1.13087e+07,1.37529e+11,-5.98694e+10
3.06614e+07,73989.8,1.13089e+07,1.37679e+11,-5.9525e+10
3.06677e+07,73097.6,1.13091e+07,1.37827e+11,-5.91803e+10
3.0674e+07,72210.7,1.13093e+07,1.37975e+11,-5.88352e+10
3.06803e+07,71328.9,1.13094e+07,1.38122e+11,-5.84897e+10
3.06866e+07,70452.3,1.13096e+07,1.38268e+11,-5.81438e+10
3.06929e+07,69580.9,1.13098e+07,1.38413e+11,-5.77976e+10
3.06992e+07,68714.7,1.131e+07,1.38557e+11,-5.7451e+10
3.07055e+07,67853.7,1.13101e+07,1.38701e+11,-5.71041e+10
3.07119e+07,66997.9,1.13103e+07,1.38843e+11,-5.67568e+10
3.07182e+07,66147.4,1.13105e+07,1.38985e+11,-5.64091e+10
3.07245e+07,65302.1,1.13106e+07,1.39125e+11,-5.60611e+10
3.07308e+07,64462,1.13108e+07,1.39265e+11,-5.57127e+10
3.07371e+07,63627.2,1.1311e+07,1.39404e+11,-5.5364e+10
3.07434e+07,62797.6,1.13111e+07,1.39543e+11,-5.5015e+10
3.07497e+07,61973.2,1.13113e+07,1.3968e+11,-5.46656e+10
3.0756e+07,61154.1,1.13114e+07,1.39816e+11,-5.43158e+10
3.07623e+07,60340.3,1.13116e+07,1.39952e+11,-5.39657e+10
3.07687e+07,59531.7,1.13117e+07,1.40086e+11,-5.36153e+10
3.0775e+07,58728.4,1.13119e+07,1.4022e+11,-5.32645e+10
3.07813e+07,57930.4,1.1312e+07,1.40353e+11,-5.29134e+10
3.07876e+07,57137.6,1.13122e+07,1.40485e+11,-5.2562e+10
3.07939e+07,56350.2,1.13123e+07,1.40616e+11,-5.22103e+10
3.08002e+07,55568,1.13124e+07,1.40746e+11,-5.18582e+10
3.08065e+07,54791.1,1.13126e+07,1.40876e+11,-5.15058e+10
3.08128e+07,54019.5,1.13127e+07,1.41004e+11,-5.1153e+10
3.08192e+07,53253.2,1.13129e+07,1.41132e+11,-5.08e+10
3.08255e+07,52492.2,1.1313e+07,1.41259e+11,-5.04466e+10
3.08318e+07,51736.6,1.13131e+07,1.41384e+11,-5.00929e+10
3.08381e+07,50986.2,1.13132e+07,1.41509e+11,-4.97389e+10
3.08444e+07,50241.2,1.13134e+07,1.41633e+11,-4.93846e+10
3.08507e+07,49501.5,1.13135e+07,1.41757e+11,-4.903e+10
3.0857e+07,48767.2,1.13136e+07,1.41879e+11,-4.86751e+10
3.08633e+07,48038.1,1.13137e+07,1.42e+11,-4.83198e+10
3.08696e+07,47314.5,1.13139e+07,1.42121e+11,-4.79643e+10
3.0876e+07,46596.1,1.1314e+07,1.4224e+11,-4.76085e+10
3.08823e+07,45883.1,1.13141e+07,1.42359e+11,-4.72523e+10
3.08886e+07,45175.5,1.13142e+07,1.42477e+11,-4.68959e+10
3.08949e+07,44473.2,1.13143e+07,1.42594e+11,-4.65392e+10
3.09012e+07,43776.3,1.13144e+07,1.4271e+11,-4.61822e+10
3.09075e+07,43084.8,1.13145e+07,1.42825e+11,-4.58249e+10
3.09138e+07,42398.6,1.13146e+07,1.42939e+11,-4.54673e+10
3.09201e+07,41717.8,1.13147e+07,1.43053e+11,-4.51094e+10
3.09264e+07,41042.4,1.13149e+07,1.43165e+11,-4.47513e+10
3.09328e+07,40372.3,1.1315e+07,1.43277e+11,-4.43928e+10
3.09391e+07,39707.7,1.13151e+07,1.43388e+11,-4.40341e+10
3.09454e+07,39048.4,1.13152e+07,1.43497e+11,-4.36751e+10
3.09517e+07,38394.6,1.13152e+07,1.43606e+11,-4.33158e+10
3.0958e+07,37746.1,1.13153e+07,1.43714e+11,-4.29563e+10
3.09643e+07,37103.1,1.13154e+07,1.43821e+11,-4.25965e+10
3.09706e+07,36465.5,1.13155e+07,1.43928e+11,-4.22364e+10
3.09769e+07,35833.2,1.13156e+07,1.44033e+11,-4.18761e+10
3.09833e+07,35206.4,1.13157e+07,1.44137e+11,-4.15155e+10
3.09896e+07,34585,1.13158e+07,1.44241e+11,-4.11546e+10
3.09959e+07,33969.1,1.13159e+07,1.44343e+11,-4.07935e+10
3.10022e+07,33358.6,1.1316e+07,1.44445e+11,-4.04321e+10
3.10085e+07,32753.5,1.1316e+07,1.44546e+11,-4.00705e+10
3.10148e+07,32153.8,1.13161e+07,1.44646e+11,-3.97086e+10
3.10211e+07,31559.6,1.13162e+07,1.44744e+11,-3.93465e+10
3.10274e+07,30970.8,1.13163e+07,1.44843e+11,-3.89841e+10
3.10337e+07,30387.5,1.13164e+07,1.4494e+11,-3.86215e+10
3.10401e+07,29809.6,1.13164e+07,1.45036e+11,-3.82586e+10
3.10464e+07,29237.2,1.13165e+07,1.45131e+11,-3.78955e+10
3.10527e+07,28670.2,1.13166e+07,1.45226e+11,-3.75322e+10
3.1059e+07,28108.7,1.13167e+07,1.45319e+11,-3.71686e+10
3.10653e+07,27552.7,1.13167e+07,1.45412e+11,-3.68048e+10
3.10716e+07,27002.1,1.13168e+07,1.45503e+11,-3.64408e+10
3.10779e+07,26457,1.13169e+07,1.45594e+11,-3.60765e+10
3.10842e+07,25917.4,1.13169e+07,1.45684e+11,-3.5712e+10
3.10905e+07,25383.3,1.1317e+07,1.45773e+11,-3.53473e+10
3.10969e+07,24854.6,1.13171e+07,1.45861e+11,-3.49824e+10
3.11032e+07,24331.5,1.13171e+07,1.45948e+11,-3.46172e+10
3.11095e+07,23813.8,1.13172e+07,1.46034e+11,-3.42519e+10
3.11158e+07,23301.6,1.13172e+07,1.4612e+11,-3.38863e+10
3.11221e+07,22794.9,1.13173e+07,1.46204e+11,-3.35205e+10
3.11284e+07,22293.7,1.13174e+07,1.46287e+11,-3.31545e+10
3.11347e+07,21798,1.13174e+07,1.4637e+11,-3.27883e+10
3.1141e+07,21307.8,1.13175e+07,1.46452e+11,-3.24218e+10
3.11474e+07,20823.2,1.13175e+07,1.46532e+11,-3.20552e+10
3.11537e+07,20344,1.13176e+07,1.46612e+11,-3.16884e+10
3.116e+07,19870.4,1.13176e+07,1.46691e+11,-3.13214e+10
3.11663e+07,19402.2,1.13177e+07,1.46769e+11,-3.09541e+10
3.11726e+07,18939.6,1.13177e+07,1.46846e+11,-3.05867e+10
3.11789e+07,18482.5,1.13178e+07,1.46922e+11,-3.02191e+10
3.11852e+07,18031,1.13178e+07,1.46997e+11,-2.98513e+10
3.11915e+07,17584.9,1.13178e+07,1.47072e+11,-2.94833e+10
3.11978e+07,17144.4,1.13179e+07,1.47145e+11,-2.91152e+10
3.12042e+07,16709.5,1.13179e+07,1.47217e+11,-2.87468e+10
3.12105e+07,16280,1.1318e+07,1.47289e+11,-2.83783e+10
3.12168e+07,15856.1,1.1318e+07,1.4736e+11,-2.80096e+10
3.12231e+07,15437.8,1.13181e+07,1.47429e+11,-2.76407e+10
3.12294e+07,15025,1.13181e+07,1.47498e+11,-2.72717e+10
3.12357e+07,14617.7,1.13181e+07,1.47566e+11,-2.69024e+10
3.1242e+07,14216,1.13182e+07,1.47633e+11,-2.6533e+10
3.12483e+07,13819.9,1.13182e+07,1.47699e+11,-2.61635e+10
3.12546e+07,13429.3,1.13182e+07,1.47764e+11,-2.57937e+10
3.1261e+07,13044.2,1.13183e+07,1.47828e+11,-2.54239e+10
3.12673e+07,12664.8,1.13183e+07,1.47891e+11,-2.50538e+10
3.12736e+07,12290.9,1.13183e+07,1.47953e+11,-2.46836e+10
3.12799e+07,11922.5,1.13184e+07,1.48015e+11,-2.43132e+10
3.12862e+07,11559.7,1.13184e+07,1.48075e+11,-2.39427e+10
3.12925e+07,11202.5,1.13184e+07,1.48134e+11,-2.35721e+10
3.12988e+07,10850.9,1.13184e+07,1.48193e+11,-2.32013e+10
3.13051e+07,10504.8,1.13185e+07,1.48251e+11,-2.28303e+10
3.13115e+07,10164.3,1.13185e+07,1.48307e+11,-2.24592e+10
3.13178e+07,9829.39,1.13185e+07,1.48363e+11,-2.2088e+10
3.13241e+07,9500.06,1.13185e+07,1.48418e+11,-2.17166e+10
3.13304e+07,9176.3,1.13186e+07,1.48472e+11,-2.13451e+10
3.13367e+07,8858.14,1.13186e+07,1.48525e+11,-2.09734e+10
3.1343e+07,8545.56,1.13186e+07,1.48577e+11,-2.06017e+10
3.13493e+07,8238.56,1.13186e+07,1.48628e+11,-2.02298e+10
3.13556e+07,7937.16,1.13187e+07,1.48678e+11,-1.98577e+10
3.13619e+07,7641.35,1.13187e+07,1.48728e+11,-1.94856e+10
3.13683e+07,7351.14,1.13187e+07,1.48776e+11,-1.91133e+10
3.13746e+07,7066.52,1.13187e+07,1.48823e+11,-1.87409e+10
3.13809e+07,6787.49,1.13187e+07,1.4887e+11,-1.83684e+10
3.13872e+07,6514.07,1.13187e+07,1.48915e+11,-1.79957e+10
3.13935e+07,6246.25,1.13188e+07,1.4896e+11,-1.7623e+10
3.13998e+07,5984.03,1.13188e+07,1.49003e+11,-1.72501e+10
3.14061e+07,5727.41,1.13188e+07,1.49046e+11,-1.68772e+10
3.14124e+07,5476.4,1.13188e+07,1.49088e+11,-1.65041e+10
3.14187e+07,5231,1.13188e+07,1.49129e+11,-1.61309e+10
3.14251e+07,4991.21,1.13188e+07,1.49169e+11,-1.57577e+10
3.14314e+07,4757.03,1.13188e+07,1.49208e+11,-1.53843e+10
3.14377e+07,4528.45,1.13189e+07,1.49246e+11,-1.50108e+10
3.1444e+07,4305.5,1.13189e+07,1.49283e+11,-1.46373e+10
3.14503e+07,4088.16,1.13189e+07,1.49319e+11,-1.42636e+10
3.14566e+07,3876.43,1.13189e+07,1.49354e+11,-1.38899e+10
3.14629e+07,3670.32,1.13189e+07,1.49389e+11,-1.3516e+10
3.14692e+07,3469.83,1.13189e+07,1.49422e+11,-1.31421e+10
3.14756e+07,3274.96,1.13189e+07,1.49455e+11,-1.27681e+10
3.14819e+07,3085.72,1.13189e+07,1.49486e+11,-1.2394e+10
3.14882e+07,2902.09,1.13189e+07,1.49517e+11,-1.20199e+10
3.14945e+07,2724.09,1.13189e+07,1.49546e+11,-1.16456e+10
3.15008e+07,2551.71,1.13189e+07,1.49575e+11,-1.12713e+10
3.15071e+07,2384.96,1.1319e+07,1.49603e+11,-1.0897e+10
3.15134e+07,2223.84,1.1319e+07,1.4963e+11,-1.05225e+10
3.15197e+07,2068.34,1.1319e+07,1.49656e+11,-1.0148e+10
3.1526e+07,1918.48,1.1319e+07,1.49681e+11,-9.77343e+09
3.15324e+07,1774.24,1.1319e+07,1.49705e+11,-9.3988e+09
3.15387e+07,1635.63,1.1319e+07,1.49728e+11,-9.02411e+09
3.1545e+07,1502.66,1.1319e+07,1.4975e+11,-8.64936e+09
3.15513e+07,1375.31,1.1319e+07,1.49771e+11,-8.27455e+09
3.15576e+07,1253.6,1.1319e+07,1.49791e+11,-7.8997e+09
3.15639e+07,1137.53,1.1319e+07,1.49811e+11,-7.52479e+09
3.15702e+07,1027.09,1.1319e+07,1.49829e+11,-7.14984e+09
3.15765e+07,922.283,1.1319e+07,1.49846e+11,-6.77484e+09
3.15828e+07,823.113,1.1319e+07,1.49863e+11,-6.3998e+09
3.15892e+07,729.581,1.1319e+07,1.49879e+11,-6.02472e+09
3.15955e+07,641.686,1.1319e+07,1.49893e+11,-5.6496e+09
3.16018e+07,559.428,1.1319e+07,1.49907e+11,-5.27445e+09
3.16081e+07,482.809,1.1319e+07,1.4992e+11,-4.89926e+09
3.16144e+07,411.829,1.1319e+07,1.49931e+11,-4.52404e+09
3.16207e+07,346.488,1.1319e+07,1.49942e+11,-4.1488e+09
3.1627e+07,286.786,1.1319e+07,1.49952e+11,-3.77352e+09
3.16333e+07,232.725,1.1319e+07,1.49961e+11,-3.39823e+09
3.16396e+07,184.304,1.1319e+07,1.49969e+11,-3.02291e+09
3.1646e+07,141.524,1.1319e+07,1.49976e+11,-2.64758e+09
3.16523e+07,104.385,1.1319e+07,1.49983e+11,-2.27222e+09
3.16586e+07,72.8865,1.1319e+07,1.49988e+11,-1.89686e+09
3.16649e+07,47.0298,1.1319e+07,1.49992e+11,-1.52148e+09
3.16712e+07,26.8146,1.1319e+07,1.49996e+11,-1.14609e+09
3.16775e+07,12.2411,1.1319e+07,1.49998e+11,-7.70692e+08
3.16838e+07,3.30941,1.1319e+07,1.49999e+11,-3.95291e+08
3.16901e+07,0.0194931,1.1319e+07,1.5e+11,-1.98874e+07
3.16965e+07,2.37142,1.1319e+07,1.5e+11,3.55516e+08
3.17028e+07,10.3652,1.1319e+07,1.49998e+11,7.30917e+08
3.17091e+07,24.0007,1.1319e+07,1.49996e+11,1.10631e+09
3.17154e+07,43.2779,1.1319e+07,1.49993e+11,1.4817e+09
3.17217e+07,68.1967,1.1319e+07,1.49989e+11,1.85709e+09
3.1728e+07,98.7569,1.1319e+07,1.49984e+11,2.23245e+09
3.17343e+07,134.958,1.1319e+07,1.49978e+11,2.60781e+09
3.17406e+07,176.801,1.1319e+07,1.49971e+11,2.98315e+09
3.17469e+07,224.284,1.1319e+07,1.49963e+11,3.35847e+09
3.17533e+07,277.408,1.1319e+07,1.49954e+11,3.73377e+09
3.17596e+07,336.171,1.1319e+07,1.49944e+11,4.10904e+09
3.17659e+07,400.575,1.1319e+07,1.49933e+11,4.4843e+09
3.17722e+07,470.617,1.1319e+07,1.49922e+11,4.85952e+09
3.17785e+07,546.299,1.1319e+07,1.49909e+11,5.23471e+09
3.17848e+07,627.619,1.1319e+07,1.49895e+11,5.60987e+09
3.17911e+07,714.577,1.1319e+07,1.49881e+11,5.98499e+09
3.17974e+07,807.172,1.1319e+07,1.49866e+11,6.36008e+09
3.18037e+07,905.405,1.1319e+07,1.49849e+11,6.73513e+09
3.18101e+07,1009.27,1.1319e+07,1.49832e+11,7.11013e+09
3.18164e+07,1118.78,1.1319e+07,1.49814e+11,7.48509e+09
3.18227e+07,1233.92,1.1319e+07,1.49795e+11,7.86001e+09
3.1829e+07,1354.69,1.1319e+07,1.49774e+11,8.23487e+09
3.18353e+07,1481.09,1.1319e+07,1.49753e+11,8.60969e+09
3.18416e+07,1613.13,1.1319e+07,1.49731e+11,8.98444e+09
3.18479e+07,1750.8,1.1319e+07,1.49708e+11,9.35915e+09
3.18542e+07,1894.1,1.13191e+07,1.49685e+11,9.73379e+09
3.18606e+07,2043.04,1.13191e+07,1.4966e+11,1.01084e+10
3.18669e+07,2197.6,1.13191e+07,1.49634e+11,1.04829e+10
3.18732e+07,2357.78,1.13191e+07,1.49607e+11,1.08574e+10
3.18795e+07,2523.6,1.13191e+07,1.4958e+11,1.12317e+10
3.18858e+07,2695.04,1.13191e+07,1.49551e+11,1.16061e+10
3.18921e+07,2872.11,1.13191e+07,1.49522e+11,1.19803e+10
3.18984e+07,3054.8,1.13191e+07,1.49491e+11,1.23545e+10
3.19047e+07,3243.11,1.13191e+07,1.4946e+11,1.27286e+10
3.1911e+07,3437.05,1.13191e+07,1.49428e+11,1.31026e+10
3.19174e+07,3636.6,1.13191e+07,1.49394e+11,1.34765e+10
3.19237e+07,3841.77,1.13191e+07,1.4936e+11,1.38503e+10
3.193e+07,4052.57,1.13191e+07,1.49325e+11,1.42241e+10
3.19363e+07,4268.97,1.13191e+07,1.49289e+11,1.45978e+10
3.19426e+07,4491,1.13192e+07,1.49252e+11,1.49714e+10
3.19489e+07,4718.64,1.13192e+07,1.49214e+11,1.53448e+10
3.19552e+07,4951.88,1.13192e+07,1.49175e+11,1.57182e+10
3.19615e+07,5190.74,1.13192e+07,1.49136e+11,1.60915e+10
3.19678e+07,5435.21,1.13192e+07,1.49095e+11,1.64647e+10
3.19742e+07,5685.29,1.13192e+07,1.49053e+11,1.68378e+10
3.19805e+07,5940.97,1.13192e+07,1.49011e+11,1.72108e+10
3.19868e+07,6202.26,1.13193e+07,1.48967e+11,1.75836e+10
3.19931e+07,6469.15,1.13193e+07,1.48923e+11,1.79564e+10
3.19994e+07,6741.65,1.13193e+07,1.48877e+11,1.83291e+10
3.20057e+07,7019.74,1.13193e+07,1.48831e+11,1.87016e+10
3.2012e+07,7303.43,1.13193e+07,1.48784e+11,1.9074e+10
3.20183e+07,7592.71,1.13193e+07,1.48736e+11,1.94463e+10
3.20247e+07,7887.59,1.13194e+07,1.48687e+11,1.98185e+10
3.2031e+07,8188.07,1.13194e+07,1.48636e+11,2.01906e+10
3.20373e+07,8494.13,1.13194e+07,1.48585e+11,2.05625e+10
3.20436e+07,8805.78,1.13194e+07,1.48534e+11,2.09343e+10
3.20499e+07,9123.02,1.13194e+07,1.48481e+11,2.13059e+10
3.20562e+07,9445.84,1.13195e+07,1.48427e+11,2.16775e+10
3.20625e+07,9774.25,1.13195e+07,1.48372e+11,2.20489e+10
3.20688e+07,10108.2,1.13195e+07,1.48317e+11,2.24201e+10
3.20751e+07,10447.8,1.13195e+07,1.4826e+11,2.27913e+10
3.20815e+07,10792.9,1.13196e+07,1.48203e+11,2.31622e+10
3.20878e+07,11143.7,1.13196e+07,1.48144e+11,2.35331e+10
3.20941e+07,11499.9,1.13196e+07,1.48085e+11,2.39038e+10
3.21004e+07,11861.8,1.13197e+07,1.48025e+11,2.42743e+10
3.21067e+07,12229.2,1.13197e+07,1.47964e+11,2.46447e+10
3.2113e+07,12602.2,1.13197e+07,1.47901e+11,2.50149e+10
3.21193e+07,12980.8,1.13197e+07,1.47838e+11,2.5385e+10
3.21256e+07,13364.9,1.13198e+07,1.47774e+11,2.57549e+10
3.21319e+07,13754.6,1.13198e+07,1.47709e+11,2.61246e+10
3.21383e+07,14149.8,1.13198e+07,1.47644e+11,2.64942e+10
3.21446e+07,14550.6,1.13199e+07,1.47577e+11,2.68637e+10
3.21509e+07,14956.9,1.13199e+07,1.47509e+11,2.72329e+10
3.21572e+07,15368.8,1.132e+07,1.47441e+11,2.7602e+10
3.21635e+07,15786.2,1.132e+07,1.47371e+11,2.79709e+10
3.21698e+07,16209.2,1.132e+07,1.47301e+11,2.83396e+10
3.21761e+07,16637.7,1.13201e+07,1.47229e+11,2.87082e+10
3.21824e+07,17071.7,1.13201e+07,1.47157e+11,2.90766e+10
3.21888e+07,17511.3,1.13202e+07,1.47084e+11,2.94448e+10
3.21951e+07,17956.4,1.13202e+07,1.4701e+11,2.98128e+10
3.22014e+07,18407.1,1.13203e+07,1.46935e+11,3.01806e+10
3.22077e+07,18863.2,1.13203e+07,1.46859e+11,3.05483e+10
3.2214e+07,19324.9,1.13203e+07,1.46782e+11,3.09157e+10
3.22203e+07,19792.1,1.13204e+07,1.46704e+11,3.1283e+10
3.22266e+07,20264.9,1.13204e+07,1.46625e+11,3.165e+10
3.22329e+07,20743.1,1.13205e+07,1.46546e+11,3.20169e+10
3.22392e+07,21226.9,1.13206e+07,1.46465e+11,3.23835e+10
3.22456e+07,21716.1,1.13206e+07,1.46384e+11,3.275e+10
3.22519e+07,22210.9,1.13207e+07,1.46301e+11,3.31162e+10
3.22582e+07,22711.2,1.13207e+07,1.46218e+11,3.34823e+10
3.22645e+07,23217,1.13208e+07,1.46134e+11,3.38481e+10
3.22708e+07,23728.2,1.13208e+07,1.46049e+11,3.42137e+10
3.22771e+07,24245,1.13209e+07,1.45963e+11,3.45791e+10
3.22834e+07,24767.3,1.1321e+07,1.45876e+11,3.49443e+10
3.22897e+07,25295,1.1321e+07,1.45788e+11,3.53093e+10
3.2296e+07,25828.2,1.13211e+07,1.45699e+11,3.56741e+10
3.23024e+07,26366.9,1.13211e+07,1.45609e+11,3.60386e+10
3.23087e+07,26911.1,1.13212e+07,1.45519e+11,3.64029e+10
3.2315e+07,27460.8,1.13213e+07,1.45427e+11,3.6767e+10
3.23213e+07,28015.9,1.13214e+07,1.45335e+11,3.71308e+10
3.23276e+07,28576.5,1.13214e+07,1.45241e+11,3.74944e+10
3.23339e+07,29142.5,1.13215e+07,1.45147e+11,3.78578e+10
3.23402e+07,29714.1,1.13216e+07,1.45052e+11,3.82209e+10
3.23465e+07,30291,1.13216e+07,1.44956e+11,3.85838e+10
3.23529e+07,30873.4,1.13217e+07,1.44859e+11,3.89465e+10
3.23592e+07,31461.3,1.13218e+07,1.44761e+11,3.93089e+10
3.23655e+07,32054.6,1.13219e+07,1.44662e+11,3.96711e+10
3.23718e+07,32653.4,1.1322e+07,1.44562e+11,4.0033e+10
3.23781e+07,33257.6,1.1322e+07,1.44462e+11,4.03947e+10
3.23844e+07,33867.2,1.13221e+07,1.4436e+11,4.07561e+10
3.23907e+07,34482.3,1.13222e+07,1.44258e+11,4.11172e+10
3.2397e+07,35102.7,1.13223e+07,1.44154e+11,4.14781e+10
3.24033e+07,35728.6,1.13224e+07,1.4405e+11,4.18388e+10
3.24097e+07,36360,1.13225e+07,1.43945e+11,4.21992e+10
3.2416e+07,36996.7,1.13226e+07,1.43839e+11,4.25593e+10
3.24223e+07,37638.9,1.13227e+07,1.43732e+11,4.29191e+10
3.24286e+07,38286.4,1.13228e+07,1.43624e+11,4.32787e+10
3.24349e+07,38939.4,1.13229e+07,1.43516e+11,4.3638e+10
3.24412e+07,39597.7,1.1323e+07,1.43406e+11,4.39971e+10
3.24475e+07,40261.5,1.13231e+07,1.43295e+11,4.43558e+10
3.24538e+07,40930.6,1.13232e+07,1.43184e+11,4.47143e+10
3.24601e+07,41605.1,1.13233e+07,1.43072e+11,4.50725e+10
3.24665e+07,42285,1.13234e+07,1.42958e+11,4.54304e+10
3.24728e+07,42970.3,1.13235e+07,1.42844e+11,4.57881e+10
3.24791e+07,43661,1.13236e+07,1.42729e+11,4.61454e+10
3.24854e+07,44357,1.13237e+07,1.42613e+11,4.65025e+10
3.24917e+07,45058.4,1.13238e+07,1.42497e+11,4.68593e+10
3.2498e+07,45765.1,1.13239e+07,1.42379e+11,4.72157e+10
3.25043e+07,46477.2,1.1324e+07,1.4226e+11,4.75719e+10
3.25106e+07,47194.7,1.13241e+07,1.42141e+11,4.79278e+10
3.2517e+07,47917.5,1.13243e+07,1.4202e+11,4.82834e+10
3.25233e+07,48645.6,1.13244e+07,1.41899e+11,4.86387e+10
3.25296e+07,49379.1,1.13245e+07,1.41777e+11,4.89937e+10
3.25359e+07,50117.9,1.13246e+07,1.41654e+11,4.93483e+10
3.25422e+07,50862,1.13248e+07,1.4153e+11,4.97027e+10
3.25485e+07,51611.5,1.13249e+07,1.41405e+11,5.00567e+10
3.25548e+07,52366.2,1.1325e+07,1.4128e+11,5.04105e+10
3.25611e+07,53126.3,1.13251e+07,1.41153e+11,5.07639e+10
3.25674e+07,53891.7,1.13253e+07,1.41026e+11,5.1117e+10
3.25738e+07,54662.4,1.13254e+07,1.40897e+11,5.14698e+10
3.25801e+07,55438.4,1.13256e+07,1.40768e+11,5.18222e+10
3.25864e+07,56219.7,1.13257e+07,1.40638e+11,5.21744e+10
3.25927e+07,57006.3,1.13258e+07,1.40507e+11,5.25262e+10
3.2599e+07,57798.2,1.1326e+07,1.40375e+11,5.28777e+10
3.26053e+07,58595.4,1.13261e+07,1.40242e+11,5.32288e+10
3.26116e+07,59397.8,1.13263e+07,1.40109e+11,5.35796e+10
3.26179e+07,60205.5,1.13264e+07,1.39974e+11,5.39301e+10
3.26242e+07,61018.5,1.13266e+07,1.39839e+11,5.42803e+10
3.26306e+07,61836.7,1.13267e+07,1.39703e+11,5.46301e+10
3.26369e+07,62660.2,1.13269e+07,1.39565e+11,5.49795e+10
3.26432e+07,63488.9,1.1327e+07,1.39427e+11,5.53286e+10
3.26495e+07,64322.9,1.13272e+07,1.39289e+11,5.56774e+10
3.26558e+07,65162.1,1.13274e+07,1.39149e+11,5.60258e+10
3.26621e+07,66006.5,1.13275e+07,1.39008e+11,5.63739e+10
3.26684e+07,66856.2,1.13277e+07,1.38867e+11,5.67216e+10
3.26747e+07,67711.1,1.13279e+07,1.38724e+11,5.7069e+10
3.26811e+07,68571.2,1.1328e+07,1.38581e+11,5.7416e+10
3.26874e+07,69436.5,1.13282e+07,1.38437e+11,5.77626e+10
3.26937e+07,70307,1.13284e+07,1.38292e+11,5.81089e+10
3.27e+07,71182.8,1.13286e+07,1.38146e+11,5.84548e+10
3.27063e+07,72063.7,1.13287e+07,1.37999e+11,5.88004e+10
3.27126e+07,72949.8,1.13289e+07,1.37852e+11,5.91456e+10
3.27189e+07,73841.1,1.13291e+07,1.37703e+11,5.94904e+10
3.27252e+07,74737.6,1.13293e+07,1.37554e+11,5.98348e+10
3.27315e+07,75639.3,1.13295e+07,1.37404e+11,6.01789e+10
3.27379e+07,76546.1,1.13297e+07,1.37253e+11,6.05226e+10
3.27442e+07,77458.1,1.13299e+07,1.37101e+11,6.08659e+10
3.27505e+07,78375.2,1.13301e+07,1.36948e+11,6.12088e+10
3.27568e+07,79297.5,1.13303e+07,1.36795e+11,6.15514e+10
3.27631e+07,80225,1.13305e+07,1.3664e+11,6.18935e+10
3.27694e+07,81157.5,1.13307e+07,1.36485e+11,6.22353e+10
3.27757e+07,82095.3,1.13309e+07,1.36329e+11,6.25767e+10
3.2782e+07,83038.1,1.13311e+07,1.36172e+11,6.29177e+10
3.27883e+07,83986.1,1.13313e+07,1.36014e+11,6.32583e+10
3.27947e+07,84939.1,1.13315e+07,1.35855e+11,6.35985e+10
3.2801e+07,85897.3,1.13317e+07,1.35696e+11,6.39383e+10
3.28073e+07,86860.6,1.13319e+07,1.35535e+11,6.42777e+10
3.28136e+07,87829,1.13321e+07,1.35374e+11,6.46167e+10
3.28199e+07,88802.5,1.13324e+07,1.35212e+11,6.49553e+10
3.28262e+07,89781.1,1.13326e+07,1.35049e+11,6.52935e+10
3.28325e+07,90764.7,1.13328e+07,1.34885e+11,6.56313e+10
3.28388e+07,91753.4,1.1333e+07,1.34721e+11,6.59687e+10
3.28452e+07,92747.2,1.13333e+07,1.34555e+11,6.63056e+10
3.28515e+07,93746.1,1.13335e+07,1.34389e+11,6.66422e+10
3.28578e+07,94750,1.13337e+07,1.34222e+11,6.69783e+10
3.28641e+07,95758.9,1.1334e+07,1.34054e+11,6.7314e+10
3.28704e+07,96772.9,1.13342e+07,1.33885e+11,6.76493e+10
3.28767e+07,97792,1.13345e+07,1.33715e+11,6.79841e+10
3.2883e+07,98816,1.13347e+07,1.33544e+11,6.83186e+10
3.28893e+07,99845.1,1.13349e+07,1.33373e+11,6.86526e+10
3.28956e+07,100879,1.13352e+07,1.33201e+11,6.89861e+10
3.2902e+07,101918,1.13355e+07,1.33028e+11,6.93193e+10
3.29083e+07,102962,1.13357e+07,1.32854e+11,6.9652e+10
3.29146e+07,104012,1.1336e+07,1.32679e+11,6.99843e+10
3.29209e+07,105066,1.13362e+07,1.32504e+11,7.03161e+10
3.29272e+07,106125,1.13365e+07,1.32327e+11,7.06475e+10
3.29335e+07,107189,1.13368e+07,1.3215e+11,7.09785e+10
3.29398e+07,108258,1.1337e+07,1.31972e+11,7.1309e+10
3.29461e+07,109332,1.13373e+07,1.31793e+11,7.1639e+10
3.29524e+07,110411,1.13376e+07,1.31614e+11,7.19686e+10
3.29588e+07,111495,1.13379e+07,1.31433e+11,7.22978e+10
3.29651e+07,112583,1.13381e+07,1.31252e+11,7.26265e+10
3.29714e+07,113677,1.13384e+07,1.3107e+11,7.29548e+10
3.29777e+07,114776,1.13387e+07,1.30887e+11,7.32826e+10
3.2984e+07,115880,1.1339e+07,1.30703e+11,7.36099e+10
3.29903e+07,116988,1.13393e+07,1.30518e+11,7.39368e+10
3.29966e+07,118102,1.13396e+07,1.30333e+11,7.42632e+10
3.30029e+07,119220,1.13399e+07,1.30147e+11,7.45891e+10
3.30092e+07,120343,1.13402e+07,1.2996e+11,7.49146e+10
3.30156e+07,121471,1.13405e+07,1.29772e+11,7.52396e+10
3.30219e+07,122604,1.13408e+07,1.29583e+11,7.55642e+10
3.30282e+07,123742,1.13411e+07,1.29394e+11,7.58883e+10
3.30345e+07,124885,1.13414e+07,1.29203e+11,7.62119e+10
3.30408e+07,126033,1.13417e+07,1.29012e+11,7.6535e+10
3.30471e+07,127185,1.1342e+07,1.2882e+11,7.68576e+10
3.30534e+07,128343,1.13424e+07,1.28627e+11,7.71798e+10
3.30597e+07,129505,1.13427e+07,1.28434e+11,7.75014e+10
3.30661e+07,130672,1.1343e+07,1.2824e+11,7.78226e+10
3.30724e+07,131843,1.13433e+07,1.28044e+11,7.81433e+10
3.30787e+07,133020,1.13437e+07,1.27849e+11,7.84635e+10
3.3085e+07,134202,1.1344e+07,1.27652e+11,7.87833e+10
3.30913e+07,135388,1.13443e+07,1.27454e+11,7.91025e+10
3.30976e+07,136579,1.13447e+07,1.27256e+11,7.94212e+10
3.31039e+07,137775,1.1345e+07,1.27057e+11,7.97394e+10
3.31102e+07,138975,1.13454e+07,1.26857e+11,8.00572e+10
3.31165e+07,140181,1.13457e+07,1.26656e+11,8.03744e+10
3.31229e+07,141391,1.13461e+07,1.26455e+11,8.06911e+10
3.31292e+07,142606,1.13464e+07,1.26252e+11,8.10074e+10
3.31355e+07,143825,1.13468e+07,1.26049e+11,8.13231e+10
3.31418e+07,145050,1.13471e+07,1.25845e+11,8.16383e+10
3.31481e+07,146279,1.13475e+07,1.25641e+11,8.1953e+10
3.31544e+07,147513,1.13479e+07,1.25435e+11,8.22672e+10
3.31607e+07,148751,1.13482e+07,1.25229e+11,8.25808e+10
3.3167e+07,149994,1.13486e+07,1.25022e+11,8.2894e+10
3.31733e+07,151242,1.1349e+07,1.24814e+11,8.32066e+10
3.31797e+07,152495,1.13494e+07,1.24605e+11,8.35187e+10
3.3186e+07,153752,1.13498e+07,1.24396e+11,8.38303e+10
3.31923e+07,155015,1.13501e+07,1.24186e+11,8.41414e+10
3.31986e+07,156281,1.13505e+07,1.23975e+11,8.44519e+10
3.32049e+07,157553,1.13509e+07,1.23763e+11,8.47619e+10
3.32112e+07,158829,1.13513e+07,1.23551e+11,8.50714e+10
3.32175e+07,160109,1.13517e+07,1.23337e+11,8.53803e+10
3.32238e+07,161395,1.13521e+07,1.23123e+11,8.56887e+10
3.32302e+07,162685,1.13525e+07,1.22909e+11,8.59966e+10
3.32365e+07,163979,1.13529e+07,1.22693e+11,8.63039e+10
3.32428e+07,165278,1.13534e+07,1.22477e+11,8.66107e+10
3.32491e+07,166582,1.13538e+07,1.2226e+11,8.6917e+10
3.32554e+07,167890,1.13542e+07,1.22042e+11,8.72227e+10
3.32617e+07,169203,1.13546e+07,1.21823e+11,8.75279e+10
3.3268e+07,170521,1.1355e+07,1.21604e+11,8.78325e+10
3.32743e+07,171843,1.13555e+07,1.21383e+11,8.81365e+10
3.32806e+07,173170,1.13559e+07,1.21163e+11,8.844e+10
3.3287e+07,174501,1.13563e+07,1.20941e+11,8.8743e+10
3.32933e+07,175837,1.13568e+07,1.20718e+11,8.90454e+10
3.32996e+07,177177,1.13572e+07,1.20495e+11,8.93472e+10
3.33059e+07,178522,1.13577e+07,1.20271e+11,8.96485e+10
3.33122e+07,179871,1.13581e+07,1.20047e+11,8.99492e+10
3.33185e+07,181225,1.13586e+07,1.19821e+11,9.02494e+10
3.33248e+07,182584,1.1359e+07,1.19595e+11,9.0549e+10
3.33311e+07,183947,1.13595e+07,1.19368e+11,9.0848e+10
3.33374e+07,185314,1.13599e+07,1.1914e+11,9.11465e+10
3.33438e+07,186686,1.13604e+07,1.18912e+11,9.14444e+10
3.33501e+07,188062,1.13609e+07,1.18683e+11,9.17417e+10
3.33564e+07,189443,1.13613e+07,1.18453e+11,9.20384e+10
3.33627e+07,190828,1.13618e+07,1.18222e+11,9.23346e+10
3.3369e+07,192218,1.13623e+07,1.1799e+11,9.26301e+10
3.33753e+07,193612,1.13628e+07,1.17758e+11,9.29251e+10
3.33816e+07,195011,1.13633e+07,1.17525e+11,9.32196e+10
3.33879e+07,196414,1.13637e+07,1.17292e+11,9.35134e+10
3.33943e+07,197821,1.13642e+07,1.17057e+11,9.38067e+10
3.34006e+07,199233,1.13647e+07,1.16822e+11,9.40993e+10
3.34069e+07,200649,1.13652e+07,1.16586e+11,9.43914e+10
3.34132e+07,202070,1.13657e+07,1.1635e+11,9.46829e+10
3.34195e+07,203495,1.13663e+07,1.16113e+11,9.49738e+10
3.34258e+07,204924,1.13668e+07,1.15875e+11,9.52641e+10
3.34321e+07,206358,1.13673e+07,1.15636e+11,9.55538e+10
3.34384e+07,207796,1.13678e+07,1.15396e+11,9.58429e+10
3.34447e+07,209238,1.13683e+07,1.15156e+11,9.61314e+10
3.34511e+07,210685,1.13688e+07,1.14915e+11,9.64193e+10
3.34574e+07,212136,1.13694e+07,1.14674e+11,9.67066e+10
3.34637e+07,213592,1.13699e+07,1.14431e+11,9.69933e+10
3.347e+07,215051,1.13704e+07,1.14188e+11,9.72793e+10
3.34763e+07,216515,1.1371e+07,1.13944e+11,9.75648e+10
3.34826e+07,217983,1.13715e+07,1.137e+11,9.78497e+10
3.34889e+07,219456,1.13721e+07,1.13455e+11,9.81339e+10
3.34952e+07,220933,1.13726e+07,1.13209e+11,9.84176e+10
3.35015e+07,222414,1.13732e+07,1.12962e+11,9.87006e+10
3.35079e+07,223899,1.13737e+07,1.12715e+11,9.8983e+10
3.35142e+07,225389,1.13743e+07,1.12467e+11,9.92648e+10
3.35205e+07,226882,1.13749e+07,1.12218e+11,9.95459e+10
3.35268e+07,228380,1.13754e+07,1.11968e+11,9.98264e+10
3.35331e+07,229883,1.1376e+07,1.11718e+11,1.00106e+11
3.35394e+07,231389,1.13766e+07,1.11467e+11,1.00386e+11
3.35457e+07,232900,1.13772e+07,1.11216e+11,1.00664e+11
3.3552e+07,234414,1.13778e+07,1.10964e+11,1.00942e+11
3.35584e+07,235933,1.13783e+07,1.10711e+11,1.0122e+11
3.35647e+07,237456,1.13789e+07,1.10457e+11,1.01496e+11
3.3571e+07,238984,1.13795e+07,1.10203e+11,1.01773e+11
3.35773e+07,240515,1.13801e+07,1.09948e+11,1.02048e+11
3.35836e+07,242051,1.13807e+07,1.09692e+11,1.02323e+11
3.35899e+07,243590,1.13813e+07,1.09436e+11,1.02597e+11
3.35962e+07,245134,1.1382e+07,1.09179e+11,1.02871e+11
3.36025e+07,246682,1.13826e+07,1.08921e+11,1.03144e+11
3.36088e+07,248234,1.13832e+07,1.08662e+11,1.03416e+11
3.36152e+07,249790,1.13838e+07,1.08403e+11,1.03687e+11
3.36215e+07,251350,1.13844e+07,1.08143e+11,1.03958e+11
3.36278e+07,252915,1.13851e+07,1.07883e+11,1.04229e+11
3.36341e+07,254483,1.13857e+07,1.07622e+11,1.04498e+11
3.36404e+07,256055,1.13863e+07,1.0736e+11,1.04767e+11
3.36467e+07,257632,1.1387e+07,1.07097e+11,1.05036e+11
3.3653e+07,259212,1.13876e+07,1.06834e+11,1.05304e+11
3.36593e+07,260796,1.13883e+07,1.0657e+11,1.05571e+11
3.36656e+07,262385,1.13889e+07,1.06306e+11,1.05837e+11
3.3672e+07,263977,1.13896e+07,1.06041e+11,1.06103e+11
3.36783e+07,265574,1.13903e+07,1.05775e+11,1.06368e+11
3.36846e+07,267174,1.13909e+07,1.05508e+11,1.06632e+11
3.36909e+07,268778,1.13916e+07,1.05241e+11,1.06896e+11
3.36972e+07,270387,1.13923e+07,1.04973e+11,1.07159e+11
3.37035e+07,271999,1.13929e+07,1.04705e+11,1.07421e+11
3.37098e+07,273615,1.13936e+07,1.04436e+11,1.07683e+11
3.37161e+07,275235,1.13943e+07,1.04166e+11,1.07944e+11
3.37225e+07,276859,1.1395e+07,1.03895e+11,1.08204e+11
3.37288e+07,278487,1.13957e+07,1.03624e+11,1.08464e+11
3.37351e+07,280119,1.13964e+07,1.03353e+11,1.08723e+11
3.37414e+07,281755,1.13971e+07,1.0308e+11,1.08981e+11
3.37477e+07,283395,1.13978e+07,1.02807e+11,1.09239e+11
3.3754e+07,285038,1.13985e+07,1.02533e+11,1.09496e+11
3.37603e+07,286685,1.13992e+07,1.02259e+11,1.09752e+11
3.37666e+07,288337,1.14e+07,1.01984e+11,1.10008e+11
3.37729e+07,289992,1.14007e+07,1.01709e+11,1.10263e+11
3.37793e+07,291650,1.14014e+07,1.01432e+11,1.10517e+11
3.37856e+07,293313,1.14021e+07,1.01155e+11,1.1077e+11
3.37919e+07,294980,1.14029e+07,1.00878e+11,1.11023e+11
3.37982e+07,296650,1.14036e+07,1.006e+11,1.11275e+11
3.38045e+07,298324,1.14044e+07,1.00321e+11,1.11527e+11
3.38108e+07,300002,1.14051e+07,1.00042e+11,1.11777e+11
3.38171e+07,301683,1.14059e+07,9.97616e+10,1.12028e+11
3.38234e+07,303369,1.14066e+07,9.94809e+10,1.12277e+11
3.38297e+07,305058,1.14074e+07,9.91996e+10,1.12525e+11
3.38361e+07,306750,1.14081e+07,9.89177e+10,1.12773e+11
3.38424e+07,308447,1.14089e+07,9.86352e+10,1.13021e+11
3.38487e+07,310147,1.14097e+07,9.83521e+10,1.13267e+11
3.3855e+07,311851,1.14105e+07,9.80683e+10,1.13513e+11
3.38613e+07,313559,1.14113e+07,9.77839e+10,1.13758e+11
3.38676e+07,315270,1.1412e+07,9.7499e+10,1.14002e+11
3.38739e+07,316985,1.14128e+07,9.72134e+10,1.14246e+11
3.38802e+07,318704,1.14136e+07,9.69272e+10,1.14489e+11
3.38866e+07,320426,1.14144e+07,9.66404e+10,1.14731e+11
3.38929e+07,322152,1.14152e+07,9.6353e+10,1.14973e+11
3.38992e+07,323881,1.1416e+07,9.60649e+10,1.15213e+11
3.39055e+07,325615,1.14169e+07,9.57763e+10,1.15453e+11
3.39118e+07,327351,1.14177e+07,9.54871e+10,1.15693e+11
3.39181e+07,329092,1.14185e+07,9.51973e+10,1.15931e+11
3.39244e+07,330836,1.14193e+07,9.49069e+10,1.16169e+11
3.39307e+07,332583,1.14201e+07,9.46159e+10,1.16406e+11
3.3937e+07,334334,1.1421e+07,9.43243e+10,1.16643e+11
3.39434e+07,336089,1.14218e+07,9.40321e+10,1.16879e+11
3.39497e+07,337847,1.14227e+07,9.37393e+10,1.17114e+11
3.3956e+07,339609,1.14235e+07,9.3446e+10,1.17348e+11
3.39623e+07,341374,1.14244e+07,9.3152e+10,1.17581e+11
3.39686e+07,343142,1.14252e+07,9.28575e+10,1.17814e+11
3.39749e+07,344915,1.14261e+07,9.25624e+10,1.18046e+11
3.39812e+07,346690,1.14269e+07,9.22667e+10,1.18277e+11
3.39875e+07,348469,1.14278e+07,9.19704e+10,1.18508e+11
3.39938e+07,350252,1.14287e+07,9.16735e+10,1.18738e+11
3.40002e+07,352038,1.14296e+07,9.13761e+10,1.18967e+11
3.40065e+07,353827,1.14305e+07,9.10781e+10,1.19195e+11
3.40128e+07,355620,1.14313e+07,9.07796e+10,1.19423e+11
3.40191e+07,357417,1.14322e+07,9.04804e+10,1.19649e+11
3.40254e+07,359216,1.14331e+07,9.01807e+10,1.19876e+11
3.40317e+07,361019,1.1434e+07,8.98805e+10,1.20101e+11
3.4038e+07,362826,1.14349e+07,8.95796e+10,1.20325e+11
3.40443e+07,364636,1.14358e+07,8.92782e+10,1.20549e+11
3.40507e+07,366449,1.14368e+07,8.89763e+10,1.20772e+11
3.4057e+07,368266,1.14377e+07,8.86738e+10,1.20995e+11
3.40633e+07,370085,1.14386e+07,8.83707e+10,1.21216e+11
3.40696e+07,371909,1.14395e+07,8.80671e+10,1.21437e+11
3.40759e+07,373735,1.14405e+07,8.77629e+10,1.21657e+11
3.40822e+07,375565,1.14414e+07,8.74582e+10,1.21876e+11
3.40885e+07,377398,1.14423e+07,8.7153e+10,1.22095e+11
3.40948e+07,379235,1.14433e+07,8.68472e+10,1.22312e+11
3.41011e+07,381074,1.14442e+07,8.65408e+10,1.22529e+11
3.41075e+07,382917,1.14452e+07,8.62339e+10,1.22746e+11
3.41138e+07,384763,1.14462e+07,8.59265e+10,1.22961e+11
3.41201e+07,386613,1.14471e+07,8.56185e+10,1.23176e+11
3.41264e+07,388465,1.14481e+07,8.531e+10,1.2339e+11
3.41327e+07,390321,1.14491e+07,8.50009e+10,1.23603e+11
3.4139e+07,392180,1.14501e+07,8.46914e+10,1.23815e+11
3.41453e+07,394042,1.1451e+07,8.43813e+10,1.24027e+11
3.41516e+07,395908,1.1452e+07,8.40706e+10,1.24237e+11
3.41579e+07,397776,1.1453e+07,8.37595e+10,1.24447e+11
3.41643e+07,399648,1.1454e+07,8.34478e+10,1.24657e+11
3.41706e+07,401523,1.1455e+07,8.31356e+10,1.24865e+11
3.41769e+07,403401,1.1456e+07,8.28228e+10,1.25073e+11
3.41832e+07,405282,1.1457e+07,8.25096e+10,1.2528e+11
3.41895e+07,407166,1.14581e+07,8.21958e+10,1.25486e+11
3.41958e+07,409053,1.14591e+07,8.18815e+10,1.25691e+11
3.42021e+07,410944,1.14601e+07,8.15667e+10,1.25896e+11
3.42084e+07,412837,1.14611e+07,8.12514e+10,1.26099e+11
3.42147e+07,414734,1.14622e+07,8.09356e+10,1.26302e+11
3.42211e+07,416633,1.14632e+07,8.06193e+10,1.26504e+11
3.42274e+07,418536,1.14643e+07,8.03025e+10,1.26706e+11
3.42337e+07,420441,1.14653e+07,7.99851e+10,1.26906e+11
3.424e+07,422350,1.14664e+07,7.96673e+10,1.27106e+11
3.42463e+07,424261,1.14674e+07,7.9349e+10,1.27305e+11
3.42526e+07,426176,1.14685e+07,7.90302e+10,1.27503e+11
3.42589e+07,428093,1.14695e+07,7.87108e+10,1.27701e+11
3.42652e+07,430014,1.14706e+07,7.8391e+10,1.27897e+11
3.42716e+07,431937,1.14717e+07,7.80707e+10,1.28093e+11
3.42779e+07,433864,1.14728e+07,7.77499e+10,1.28288e+11
3.42842e+07,435793,1.14739e+07,7.74286e+10,1.28482e+11
3.42905e+07,437725,1.1475e+07,7.71069e+10,1.28676e+11
3.42968e+07,439660,1.14761e+07,7.67846e+10,1.28868e+11
3.43031e+07,441598,1.14772e+07,7.64619e+10,1.2906e+11
3.43094e+07,443539,1.14783e+07,7.61387e+10,1.29251e+11
3.43157e+07,445483,1.14794e+07,7.5815e+10,1.29441e+11
3.4322e+07,447430,1.14805e+07,7.54908e+10,1.2963e+11
3.43284e+07,449379,1.14816e+07,7.51662e+10,1.29819e+11
3.43347e+07,451331,1.14828e+07,7.48411e+10,1.30007e+11
3.4341e+07,453286,1.14839e+07,7.45155e+10,1.30194e+11
3.43473e+07,455244,1.1485e+07,7.41895e+10,1.3038e+11
3.43536e+07,457205,1.14862e+07,7.3863e+10,1.30565e+11
3.43599e+07,459168,1.14873e+07,7.3536e+10,1.30749e+11
3.43662e+07,461135,1.14885e+07,7.32086e+10,1.30933e+11
3.43725e+07,463103,1.14896e+07,7.28807e+10,1.31116e+11
3.43788e+07,465075,1.14908e+07,7.25524e+10,1.31298e+11
3.43852e+07,467050,1.14919e+07,7.22236e+10,1.31479e+11
3.43915e+07,469027,1.14931e+07,7.18943e+10,1.31659e+11
3.43978e+07,471007,1.14943e+07,7.15646e+10,1.31839e+11
3.44041e+07,472989,1.14955e+07,7.12345e+10,1.32017e+11
3.44104e+07,474974,1.14967e+07,7.09039e+10,1.32195e+11
3.44167e+07,476962,1.14979e+07,7.05728e+10,1.32372e+11
3.4423e+07,478953,1.1499e+07,7.02414e+10,1.32549e+11
3.44293e+07,480946,1.15003e+07,6.99094e+10,1.32724e+11
3.44357e+07,482942,1.15015e+07,6.95771e+10,1.32899e+11
3.4442e+07,484940,1.15027e+07,6.92443e+10,1.33072e+11
3.44483e+07,486941,1.15039e+07,6.89111e+10,1.33245e+11
3.44546e+07,488945,1.15051e+07,6.85774e+10,1.33417e+11
3.44609e+07,490951,1.15063e+07,6.82433e+10,1.33588e+11
3.44672e+07,492960,1.15076e+07,6.79088e+10,1.33759e+11
3.44735e+07,494971,1.15088e+07,6.75739e+10,1.33928e+11
3.44798e+07,496985,1.151e+07,6.72385e+10,1.34097e+11
3.44861e+07,499002,1.15113e+07,6.69027e+10,1.34265e+11
3.44925e+07,501020,1.15125e+07,6.65665e+10,1.34432e+11
3.44988e+07,503042,1.15138e+07,6.62299e+10,1.34598e+11
3.45051e+07,505066,1.15151e+07,6.58928e+10,1.34763e+11
3.45114e+07,507092,1.15163e+07,6.55554e+10,1.34928e+11
3.45177e+07,509121,1.15176e+07,6.52175e+10,1.35091e+11
3.4524e+07,511152,1.15189e+07,6.48793e+10,1.35254e+11
3.45303e+07,513186,1.15202e+07,6.45406e+10,1.35416e+11
3.45366e+07,515222,1.15214e+07,6.42015e+10,1.35577e+11
3.45429e+07,517261,1.15227e+07,6.3862e+10,1.35738e+11
3.45493e+07,519302,1.1524e+07,6.35221e+10,1.35897e+11
3.45556e+07,521345,1.15253e+07,6.31819e+10,1.36056e+11
3.45619e+07,523391,1.15266e+07,6.28412e+10,1.36213e+11
3.45682e+07,525439,1.1528e+07,6.25001e+10,1.3637e+11
3.45745e+07,527490,1.15293e+07,6.21587e+10,1.36526e+11
3.45808e+07,529542,1.15306e+07,6.18168e+10,1.36681e+11
3.45871e+07,531598,1.15319e+07,6.14746e+10,1.36835e+11
3.45934e+07,533655,1.15333e+07,6.1132e+10,1.36989e+11
3.45998e+07,535715,1.15346e+07,6.0789e+10,1.37141e+11
3.46061e+07,537777,1.15359e+07,6.04456e+10,1.37293e+11
3.46124e+07,539841,1.15373e+07,6.01018e+10,1.37444e+11
3.46187e+07,541908,1.15386e+07,5.97577e+10,1.37594e+11
3.4625e+07,543977,1.154e+07,5.94131e+10,1.37743e+11
3.46313e+07,546048,1.15414e+07,5.90683e+10,1.37891e+11
3.46376e+07,548121,1.15427e+07,5.8723e+10,1.38039e+11
3.46439e+07,550196,1.15441e+07,5.83774e+10,1.38185e+11
3.46502e+07,552274,1.15455e+07,5.80314e+10,1.38331e+11
3.46566e+07,554354,1.15469e+07,5.7685e+10,1.38476e+11
3.46629e+07,556436,1.15483e+07,5.73383e+10,1.3862e+11
3.46692e+07,558520,1.15497e+07,5.69913e+10,1.38763e+11
3.46755e+07,560606,1.15511e+07,5.66438e+10,1.38905e+11
3.46818e+07,562695,1.15525e+07,5.6296e+10,1.39046e+11
3.46881e+07,564785,1.15539e+07,5.59479e+10,1.39187e+11
3.46944e+07,566878,1.15553e+07,5.55994e+10,1.39326e+11
3.47007e+07,568973,1.15567e+07,5.52506e+10,1.39465e+11
3.4707e+07,571070,1.15581e+07,5.49014e+10,1.39603e+11
3.47134e+07,573169,1.15596e+07,5.45519e+10,1.3974e+11
3.47197e+07,575270,1.1561e+07,5.4202e+10,1.39876e+11
3.4726e+07,577373,1.15624e+07,5.38518e+10,1.40011e+11
3.47323e+07,579478,1.15639e+07,5.35012e+10,1.40145e+11
3.47386e+07,581585,1.15653e+07,5.31504e+10,1.40279e+11
3.47449e+07,583694,1.15668e+07,5.27991e+10,1.40412e+11
3.47512e+07,585805,1.15683e+07,5.24476e+10,1.40543e+11
3.47575e+07,587918,1.15697e+07,5.20957e+10,1.40674e+11
3.47639e+07,590033,1.15712e+07,5.17435e+10,1.40804e+11
3.47702e+07,592150,1.15727e+07,5.1391e+10,1.40933e+11
3.47765e+07,594269,1.15742e+07,5.10382e+10,1.41061e+11
3.47828e+07,596389,1.15757e+07,5.0685e+10,1.41188e+11
3.47891e+07,598512,1.15772e+07,5.03315e+10,1.41315e+11
3.47954e+07,600637,1.15787e+07,4.99777e+10,1.4144e+11
3.48017e+07,602763,1.15802e+07,4.96236e+10,1.41565e+11
3.4808e+07,604891,1.15817e+07,4.92692e+10,1.41689e+11
3.48143e+07,607021,1.15832e+07,4.89145e+10,1.41812e+11
3.48207e+07,609153,1.15847e+07,4.85594e+10,1.41934e+11
3.4827e+07,611287,1.15862e+07,4.82041e+10,1.42055e+11
3.48333e+07,613423,1.15878e+07,4.78484e+10,1.42175e+11
3.48396e+07,615560,1.15893e+07,4.74925e+10,1.42294e+11
3.48459e+07,617700,1.15909e+07,4.71363e+10,1.42413e+11
3.48522e+07,619841,1.15924e+07,4.67797e+10,1.4253e+11
3.48585e+07,621983,1.1594e+07,4.64229e+10,1.42647e+11
3.48648e+07,624128,1.15955e+07,4.60658e+10,1.42763e+11
3.48711e+07,626274,1.15971e+07,4.57084e+10,1.42877e+11
3.48775e+07,628422,1.15987e+07,4.53507e+10,1.42991e+11
3.48838e+07,630572,1.16002e+07,4.49927e+10,1.43104e+11
3.48901e+07,632723,1.16018e+07,4.46344e+10,1.43216e+11
3.48964e+07,634876,1.16034e+07,4.42759e+10,1.43328e+11
3.49027e+07,637031,1.1605e+07,4.39171e+10,1.43438e+11
3.4909e+07,639187,1.16066e+07,4.3558e+10,1.43548e+11
3.49153e+07,641345,1.16082e+07,4.31986e+10,1.43656e+11
3.49216e+07,643505,1.16098e+07,4.2839e+10,1.43764e+11
3.4928e+07,645666,1.16114e+07,4.24791e+10,1.43871e+11
3.49343e+07,647829,1.1613e+07,4.21189e+10,1.43976e+11
3.49406e+07,649993,1.16146e+07,4.17585e+10,1.44081e+11
3.49469e+07,652159,1.16163e+07,4.13978e+10,1.44185e+11
3.49532e+07,654327,1.16179e+07,4.10368e+10,1.44289e+11
3.49595e+07,656496,1.16196e+07,4.06756e+10,1.44391e+11
3.49658e+07,658666,1.16212e+07,4.03142e+10,1.44492e+11
3.49721e+07,660839,1.16228e+07,3.99525e+10,1.44593e+11
3.49784e+07,663012,1.16245e+07,3.95905e+10,1.44692e+11
3.49848e+07,665187,1.16262e+07,3.92283e+10,1.44791e+11
3.49911e+07,667364,1.16278e+07,3.88658e+10,1.44889e+11
3.49974e+07,669542,1.16295e+07,3.85031e+10,1.44985e+11
3.50037e+07,671721,1.16312e+07,3.81402e+10,1.45081e+11
3.501e+07,673902,1.16329e+07,3.7777e+10,1.45176e+11
3.50163e+07,676085,1.16346e+07,3.74135e+10,1.4527e+11
3.50226e+07,678269,1.16363e+07,3.70499e+10,1.45363e+11
3.50289e+07,680454,1.1638e+07,3.6686e+10,1.45456e+11
3.50352e+07,682640,1.16397e+07,3.63219e+10,1.45547e+11
3.50416e+07,684828,1.16414e+07,3.59575e+10,1.45638e+11
3.50479e+07,687017,1.16431e+07,3.5593e+10,1.45727e+11
3.50542e+07,689208,1.16448e+07,3.52282e+10,1.45816e+11
3.50605e+07,691400,1.16465e+07,3.48632e+10,1.45903e+11
3.50668e+07,693593,1.16483e+07,3.44979e+10,1.4599e+11
3.50731e+07,695788,1.165e+07,3.41325e+10,1.46076e+11
3.50794e+07,697983,1.16518e+07,3.37668e+10,1.46161e+11
3.50857e+07,700181,1.16535e+07,3.34009e+10,1.46245e+11
3.50921e+07,702379,1.16553e+07,3.30349e+10,1.46328e+11
3.50984e+07,704578,1.1657e+07,3.26686e+10,1.4641e+11
3.51047e+07,706779,1.16588e+07,3.23021e+10,1.46492e+11
3.5111e+07,708981,1.16606e+07,3.19354e+10,1.46572e+11
3.51173e+07,711185,1.16623e+07,3.15685e+10,1.46652e+11
3.51236e+07,713389,1.16641e+07,3.12014e+10,1.4673e+11
3.51299e+07,715595,1.16659e+07,3.08341e+10,1.46808e+11
3.51362e+07,717801,1.16677e+07,3.04666e+10,1.46884e+11
3.51425e+07,720009,1.16695e+07,3.00989e+10,1.4696e+11
3.51489e+07,722218,1.16713e+07,2.97311e+10,1.47035e+11
3.51552e+07,724428,1.16731e+07,2.9363e+10,1.47109e+11
3.51615e+07,726640,1.16749e+07,2.89948e+10,1.47182e+11
3.51678e+07,728852,1.16768e+07,2.86264e+10,1.47254e+11
3.51741e+07,731065,1.16786e+07,2.82578e+10,1.47325e+11
3.51804e+07,733280,1.16804e+07,2.7889e+10,1.47396e+11
3.51867e+07,735495,1.16822e+07,2.75201e+10,1.47465e+11
3.5193e+07,737712,1.16841e+07,2.7151e+10,1.47533e+11
3.51993e+07,739929,1.16859e+07,2.67817e+10,1.47601e+11
3.52057e+07,742148,1.16878e+07,2.64122e+10,1.47667e+11
3.5212e+07,744368,1.16897e+07,2.60426e+10,1.47733e+11
3.52183e+07,746588,1.16915e+07,2.56728e+10,1.47798e+11
3.52246e+07,748810,1.16934e+07,2.53029e+10,1.47862e+11
3.52309e+07,751032,1.16953e+07,2.49328e+10,1.47924e+11
3.52372e+07,753256,1.16972e+07,2.45625e+10,1.47986e+11
3.52435e+07,755480,1.1699e+07,2.41921e+10,1.48047e+11
3.52498e+07,757705,1.17009e+07,2.38215e+10,1.48107e+11
3.52562e+07,759931,1.17028e+07,2.34508e+10,1.48167e+11
3.52625e+07,762158,1.17047e+07,2.30799e+10,1.48225e+11
3.52688e+07,764386,1.17066e+07,2.27089e+10,1.48282e+11
3.52751e+07,766615,1.17086e+07,2.23378e+10,1.48338e+11
3.52814e+07,768845,1.17105e+07,2.19665e+10,1.48394e+11
3.52877e+07,771075,1.17124e+07,2.15951e+10,1.48448e+11
3.5294e+07,773306,1.17143e+07,2.12235e+10,1.48502e+11
3.53003e+07,775538,1.17163e+07,2.08518e+10,1.48555e+11
3.53066e+07,777771,1.17182e+07,2.048e+10,1.48606e+11
3.5313e+07,780005,1.17202e+07,2.01081e+10,1.48657e+11
3.53193e+07,782239,1.17221e+07,1.9736e+10,1.48707e+11
3.53256e+07,784474,1.17241e+07,1.93638e+10,1.48756e+11
3.53319e+07,786710,1.17261e+07,1.89914e+10,1.48804e+11
3.53382e+07,788946,1.1728e+07,1.8619e+10,1.48851e+11
3.53445e+07,791184,1.173e+07,1.82464e+10,1.48897e+11
3.53508e+07,793422,1.1732e+07,1.78738e+10,1.48942e+11
3.53571e+07,795660,1.1734e+07,1.7501e+10,1.48987e+11
3.53634e+07,797899,1.1736e+07,1.71281e+10,1.4903e+11
3.53698e+07,800139,1.1738e+07,1.67551e+10,1.49072e+11
3.53761e+07,802380,1.174e+07,1.6382e+10,1.49114e+11
3.53824e+07,804621,1.1742e+07,1.60088e+10,1.49154e+11
3.53887e+07,806863,1.1744e+07,1.56355e+10,1.49194e+11
3.5395e+07,809105,1.1746e+07,1.52621e+10,1.49233e+11
3.54013e+07,811348,1.17481e+07,1.48886e+10,1.4927e+11
3.54076e+07,813591,1.17501e+07,1.4515e+10,1.49307e+11
3.54139e+07,815835,1.17521e+07,1.41413e+10,1.49343e+11
3.54203e+07,818080,1.17542e+07,1.37675e+10,1.49378e+11
3.54266e+07,820325,1.17562e+07,1.33936e+10,1.49412e+11
3.54329e+07,822571,1.17583e+07,1.30197e+10,1.49445e+11
3.54392e+07,824817,1.17603e+07,1.26457e+10,1.49477e+11
3.54455e+07,827063,1.17624e+07,1.22716e+10,1.49508e+11
3.54518e+07,829310,1.17645e+07,1.18974e+10,1.49538e+11
3.54581e+07,831558,1.17666e+07,1.15231e+10,1.49568e+11
3.54644e+07,833805,1.17686e+07,1.11488e+10,1.49596e+11
3.54707e+07,836054,1.17707e+07,1.07744e+10,1.49624e+11
3.54771e+07,838302,1.17728e+07,1.03999e+10,1.4965e+11
3.54834e+07,840551,1.17749e+07,1.00254e+10,1.49676e+11
3.54897e+07,842801,1.1777e+07,9.65079e+09,1.497e+11
3.5496e+07,845051,1.17791e+07,9.27613e+09,1.49724e+11
3.55023e+07,847301,1.17813e+07,8.90142e+09,1.49747e+11
3.55086e+07,849551,1.17834e+07,8.52665e+09,1.49768e+11
3.55149e+07,851802,1.17855e+07,8.15183e+09,1.49789e+11
3.55212e+07,854053,1.17876e+07,7.77695e+09,1.49809e+11
3.55275e+07,856305,1.17898e+07,7.40203e+09,1.49828e+11
3.55339e+07,858556,1.17919e+07,7.02706e+09,1.49846e+11
3.55402e+07,860808,1.17941e+07,6.65205e+09,1.49863e+11
3.55465e+07,863061,1.17962e+07,6.27699e+09,1.4988e+11
3.55528e+07,865313,1.17984e+07,5.9019e+09,1.49895e+11
3.55591e+07,867566,1.18006e+07,5.52677e+09,1.49909e+11
3.55654e+07,869819,1.18027e+07,5.1516e+09,1.49923e+11
3.55717e+07,872072,1.18049e+07,4.7764e+09,1.49935e+11
3.5578e+07,874325,1.18071e+07,4.40117e+09,1.49946e+11
3.55843e+07,876578,1.18093e+07,4.02592e+09,1.49957e+11
3.55907e+07,878832,1.18115e+07,3.65064e+09,1.49967e+11
3.5597e+07,881086,1.18137e+07,3.27533e+09,1.49975e+11
3.56033e+07,883340,1.18159e+07,2.90001e+09,1.49983e+11
3.56096e+07,885593,1.18181e+07,2.52467e+09,1.4999e+11
3.56159e+07,887847,1.18203e+07,2.14931e+09,1.49996e+11
3.56222e+07,890102,1.18226e+07,1.77394e+09,1.5e+11
3.56285e+07,892356,1.18248e+07,1.39855e+09,1.50004e+11
3.56348e+07,894610,1.1827e+07,1.02316e+09,1.50007e+11
3.56412e+07,896864,1.18293e+07,6.47765e+08,1.5001e+11
3.56475e+07,899119,1.18315e+07,2.72363e+08,1.50011e+11
3.56538e+07,901373,1.18338e+07,-1.0304e+08,1.50011e+11
3.56601e+07,903627,1.1836e+07,-4.78443e+08,1.5001e+11
3.56664e+07,905882,1.18383e+07,-8.53843e+08,1.50009e+11
3.56727e+07,908136,1.18406e+07,-1.22924e+09,1.50006e+11
3.5679e+07,910390,1.18428e+07,-1.60462e+09,1.50002e+11
3.56853e+07,912644,1.18451e+07,-1.98e+09,1.49998e+11
3.56916e+07,914898,1.18474e+07,-2.35537e+09,1.49992e+11
3.5698e+07,917152,1.18497e+07,-2.73072e+09,1.49986e+11
3.57043e+07,919406,1.1852e+07,-3.10605e+09,1.49979e+11
3.57106e+07,921660,1.18543e+07,-3.48136e+09,1.49971e+11
3.57169e+07,923913,1.18566e+07,-3.85665e+09,1.49961e+11
3.57232e+07,926167,1.18589e+07,-4.23192e+09,1.49951e+11
3.57295e+07,928420,1.18613e+07,-4.60716e+09,1.4994e+11
3.57358e+07,930673,1.18636e+07,-4.98237e+09,1.49928e+11
3.57421e+07,932926,1.18659e+07,-5.35755e+09,1.49915e+11
3.57484e+07,935179,1.18683e+07,-5.7327e+09,1.49901e+11
3.57548e+07,937432,1.18706e+07,-6.10781e+09,1.49887e+11
3.57611e+07,939684,1.18729e+07,-6.48288e+09,1.49871e+11
3.57674e+07,941936,1.18753e+07,-6.85792e+09,1.49854e+11
3.57737e+07,944188,1.18777e+07,-7.2329e+09,1.49836e+11
3.578e+07,946439,1.188e+07,-7.60785e+09,1.49818e+11
3.57863e+07,948691,1.18824e+07,-7.98274e+09,1.49798e+11
3.57926e+07,950942,1.18848e+07,-8.35759e+09,1.49778e+11
3.57989e+07,953192,1.18872e+07,-8.73238e+09,1.49757e+11
3.58053e+07,955443,1.18895e+07,-9.10712e+09,1.49734e+11
3.58116e+07,957693,1.18919e+07,-9.48181e+09,1.49711e+11
3.58179e+07,959942,1.18943e+07,-9.85643e+09,1.49687e+11
3.58242e+07,962192,1.18967e+07,-1.0231e+10,1.49662e+11
3.58305e+07,964440,1.18992e+07,-1.06055e+10,1.49636e+11
3.58368e+07,966689,1.19016e+07,-1.09799e+10,1.49608e+11
3.58431e+07,968937,1.1904e+07,-1.13543e+10,1.49581e+11
3.58494e+07,971185,1.19064e+07,-1.17286e+10,1.49552e+11
3.58557e+07,973432,1.19089e+07,-1.21028e+10,1.49522e+11
3.58621e+07,975678,1.19113e+07,-1.24769e+10,1.49491e+11
3.58684e+07,977925,1.19137e+07,-1.2851e+10,1.49459e+11
3.58747e+07,980170,1.19162e+07,-1.3225e+10,1.49427e+11
3.5881e+07,982416,1.19186e+07,-1.35989e+10,1.49393e+11
3.58873e+07,984661,1.19211e+07,-1.39727e+10,1.49359e+11
3.58936e+07,986905,1.19236e+07,-1.43464e+10,1.49323e+11
3.58999e+07,989148,1.1926e+07,-1.47201e+10,1.49287e+11
3.59062e+07,991392,1.19285e+07,-1.50936e+10,1.4925e+11
3.59125e+07,993634,1.1931e+07,-1.5467e+10,1.49211e+11
3.59189e+07,995876,1.19335e+07,-1.58404e+10,1.49172e+11
3.59252e+07,998118,1.1936e+07,-1.62137e+10,1.49132e+11
3.59315e+07,1.00036e+06,1.19385e+07,-1.65868e+10,1.49091e+11
3.59378e+07,1.0026e+06,1.1941e+07,-1.69599e+10,1.49049e+11
3.59441e+07,1.00484e+06,1.19435e+07,-1.73328e+10,1.49006e+11
3.59504e+07,1.00708e+06,1.1946e+07,-1.77056e+10,1.48962e+11
3.59567e+07,1.00932e+06,1.19486e+07,-1.80784e+10,1.48917e+11
3.5963e+07,1.01155e+06,1.19511e+07,-1.8451e+10,1.48872e+11
3.59694e+07,1.01379e+06,1.19536e+07,-1.88235e+10,1.48825e+11
3.59757e+07,1.01603e+06,1.19562e+07,-1.91958e+10,1.48778e+11
3.5982e+07,1.01826e+06,1.19587e+07,-1.95681e+10,1.48729e+11
3.59883e+07,1.0205e+06,1.19613e+07,-1.99402e+10,1.4868e+11
3.59946e+07,1.02273e+06,1.19638e+07,-2.03122e+10,1.48629e+11
3.60009e+07,1.02496e+06,1.19664e+07,-2.06841e+10,1.48578e+11
3.60072e+07,1.0272e+06,1.19689e+07,-2.10559e+10,1.48526e+11
3.60135e+07,1.02943e+06,1.19715e+07,-2.14275e+10,1.48472e+11
3.60198e+07,1.03166e+06,1.19741e+07,-2.1799e+10,1.48418e+11
3.60262e+07,1.03389e+06,1.19767e+07,-2.21703e+10,1.48363e+11
3.60325e+07,1.03612e+06,1.19793e+07,-2.25415e+10,1.48307e+11
3.60388e+07,1.03834e+06,1.19819e+07,-2.29126e+10,1.48251e+11
3.60451e+07,1.04057e+06,1.19845e+07,-2.32835e+10,1.48193e+11
3.60514e+07,1.0428e+06,1.19871e+07,-2.36543e+10,1.48134e+11
3.60577e+07,1.04502e+06,1.19897e+07,-2.40249e+10,1.48074e+11
3.6064e+07,1.04725e+06,1.19923e+07,-2.43954e+10,1.48014e+11
3.60703e+07,1.04947e+06,1.19949e+07,-2.47658e+10,1.47952e+11
3.60766e+07,1.0517e+06,1.19976e+07,-2.51359e+10,1.4789e+11
3.6083e+07,1.05392e+06,1.20002e+07,-2.55059e+10,1.47826e+11
3.60893e+07,1.05614e+06,1.20028e+07,-2.58758e+10,1.47762e+11
3.60956e+07,1.05836e+06,1.20055e+07,-2.62455e+10,1.47697e+11
3.61019e+07,1.06058e+06,1.20081e+07,-2.6615e+10,1.47631e+11
3.61082e+07,1.0628e+06,1.20108e+07,-2.69844e+10,1.47564e+11
3.61145e+07,1.06501e+06,1.20134e+07,-2.73536e+10,1.47496e+11
3.61208e+07,1.06723e+06,1.20161e+07,-2.77226e+10,1.47427e+11
3.61271e+07,1.06944e+06,1.20188e+07,-2.80914e+10,1.47357e+11
3.61335e+07,1.07166e+06,1.20215e+07,-2.84601e+10,1.47286e+11
3.61398e+07,1.07387e+06,1.20242e+07,-2.88286e+10,1.47214e+11
3.61461e+07,1.07608e+06,1.20268e+07,-2.91969e+10,1.47142e+11
3.61524e+07,1.07829e+06,1.20295e+07,-2.95651e+10,1.47068e+11
3.61587e+07,1.0805e+06,1.20322e+07,-2.9933e+10,1.46994e+11
3.6165e+07,1.08271e+06,1.20349e+07,-3.03008e+10,1.46918e+11
3.61713e+07,1.08492e+06,1.20377e+07,-3.06683e+10,1.46842e+11
3.61776e+07,1.08712e+06,1.20404e+07,-3.10357e+10,1.46765e+11
3.61839e+07,1.08933e+06,1.20431e+07,-3.14029e+10,1.46687e+11
3.61903e+07,1.09153e+06,1.20458e+07,-3.17699e+10,1.46608e+11
3.61966e+07,1.09374e+06,1.20486e+07,-3.21367e+10,1.46528e+11
3.62029e+07,1.09594e+06,1.20513e+07,-3.25032e+10,1.46447e+11
3.62092e+07,1.09814e+06,1.20541e+07,-3.28696e+10,1.46365e+11
3.62155e+07,1.10034e+06,1.20568e+07,-3.32358e+10,1.46282e+11
3.62218e+07,1.10253e+06,1.20596e+07,-3.36018e+10,1.46199e+11
3.62281e+07,1.10473e+06,1.20623e+07,-3.39675e+10,1.46114e+11
3.62344e+07,1.10693e+06,1.20651e+07,-3.43331e+10,1.46029e+11
3.62407e+07,1.10912e+06,1.20679e+07,-3.46984e+10,1.45942e+11
3.62471e+07,1.11131e+06,1.20706e+07,-3.50635e+10,1.45855e+11
3.62534e+07,1.1135e+06,1.20734e+07,-3.54284e+10,1.45767e+11
3.62597e+07,1.11569e+06,1.20762e+07,-3.57931e+10,1.45678e+11
3.6266e+07,1.11788e+06,1.2079e+07,-3.61575e+10,1.45588e+11
3.62723e+07,1.12007e+06,1.20818e+07,-3.65217e+10,1.45497e+11
3.62786e+07,1.12225e+06,1.20846e+07,-3.68857e+10,1.45405e+11
3.62849e+07,1.12444e+06,1.20874e+07,-3.72495e+10,1.45312e+11
3.62912e+07,1.12662e+06,1.20902e+07,-3.7613e+10,1.45218e+11
3.62976e+07,1.1288e+06,1.20931e+07,-3.79763e+10,1.45124e+11
3.63039e+07,1.13098e+06,1.20959e+07,-3.83394e+10,1.45028e+11
3.63102e+07,1.13316e+06,1.20987e+07,-3.87022e+10,1.44932e+11
3.63165e+07,1.13534e+06,1.21016e+07,-3.90647e+10,1.44835e+11
3.63228e+07,1.13751e+06,1.21044e+07,-3.94271e+10,1.44736e+11
3.63291e+07,1.13969e+06,1.21073e+07,-3.97892e+10,1.44637e+11
3.63354e+07,1.14186e+06,1.21101e+07,-4.0151e+10,1.44537e+11
3.63417e+07,1.14403e+06,1.2113e+07,-4.05126e+10,1.44436e+11
3.6348e+07,1.1462e+06,1.21158e+07,-4.08739e+10,1.44334e+11
3.63544e+07,1.14837e+06,1.21187e+07,-4.1235e+10,1.44232e+11
3.63607e+07,1.15054e+06,1.21216e+07,-4.15958e+10,1.44128e+11
3.6367e+07,1.1527e+06,1.21245e+07,-4.19563e+10,1.44023e+11
3.63733e+07,1.15487e+06,1.21274e+07,-4.23166e+10,1.43918e+11
3.63796e+07,1.15703e+06,1.21303e+07,-4.26766e+10,1.43812e+11
3.63859e+07,1.15919e+06,1.21331e+07,-4.30364e+10,1.43704e+11
3.63922e+07,1.16135e+06,1.21361e+07,-4.33959e+10,1.43596e+11
3.63985e+07,1.1635e+06,1.2139e+07,-4.37551e+10,1.43487e+11
3.64048e+07,1.16566e+06,1.21419e+07,-4.4114e+10,1.43377e+11
3.64112e+07,1.16781e+06,1.21448e+07,-4.44727e+10,1.43266e+11
3.64175e+07,1.16997e+06,1.21477e+07,-4.48311e+10,1.43155e+11
3.64238e+07,1.17212e+06,1.21507e+07,-4.51892e+10,1.43042e+11
3.64301e+07,1.17427e+06,1.21536e+07,-4.5547e+10,1.42928e+11
3.64364e+07,1.17641e+06,1.21565e+07,-4.59045e+10,1.42814e+11
3.64427e+07,1.17856e+06,1.21595e+07,-4.62618e+10,1.42699e+11
3.6449e+07,1.1807e+06,1.21624e+07,-4.66187e+10,1.42582e+11
3.64553e+07,1.18284e+06,1.21654e+07,-4.69754e+10,1.42465e+11
3.64617e+07,1.18498e+06,1.21684e+07,-4.73318e+10,1.42347e+11
3.6468e+07,1.18712e+06,1.21713e+07,-4.76878e+10,1.42228e+11
3.64743e+07,1.18926e+06,1.21743e+07,-4.80436e+10,1.42108e+11
3.64806e+07,1.19139e+06,1.21773e+07,-4.83991e+10,1.41988e+11
3.64869e+07,1.19352e+06,1.21803e+07,-4.87543e+10,1.41866e+11
3.64932e+07,1.19566e+06,1.21832e+07,-4.91091e+10,1.41744e+11
3.64995e+07,1.19778e+06,1.21862e+07,-4.94637e+10,1.4162e+11
3.65058e+07,1.19991e+06,1.21892e+07,-4.98179e+10,1.41496e+11
3.65121e+07,1.20204e+06,1.21922e+07,-5.01719e+10,1.41371e+11
3.65185e+07,1.20416e+06,1.21953e+07,-5.05255e+10,1.41245e+11
3.65248e+07,1.20628e+06,1.21983e+07,-5.08788e+10,1.41118e+11
3.65311e+07,1.2084e+06,1.22013e+07,-5.12318e+10,1.4099e+11
3.65374e+07,1.21052e+06,1.22043e+07,-5.15844e+10,1.40862e+11
3.65437e+07,1.21264e+06,1.22074e+07,-5.19368e+10,1.40732e+11
3.655e+07,1.21475e+06,1.22104e+07,-5.22888e+10,1.40602e+11
3.65563e+07,1.21686e+06,1.22134e+07,-5.26405e+10,1.4047e+11
3.65626e+07,1.21897e+06,1.22165e+07,-5.29919e+10,1.40338e+11
3.65689e+07,1.22108e+06,1.22195e+07,-5.33429e+10,1.40205e+11
3.65753e+07,1.22319e+06,1.22226e+07,-5.36936e+10,1.40071e+11
3.65816e+07,1.22529e+06,1.22257e+07,-5.40439e+10,1.39936e+11
3.65879e+07,1.22739e+06,1.22287e+07,-5.4394e+10,1.39801e+11
3.65942e+07,1.22949e+06,1.22318e+07,-5.47436e+10,1.39664e+11
3.66005e+07,1.23159e+06,1.22349e+07,-5.5093e+10,1.39527e+11
3.66068e+07,1.23368e+06,1.2238e+07,-5.5442e+10,1.39388e+11
3.66131e+07,1.23578e+06,1.22411e+07,-5.57906e+10,1.39249e+11
3.66194e+07,1.23787e+06,1.22442e+07,-5.61389e+10,1.39109e+11
3.66258e+07,1.23996e+06,1.22473e+07,-5.64869e+10,1.38968e+11
3.66321e+07,1.24205e+06,1.22504e+07,-5.68344e+10,1.38826e+11
3.66384e+07,1.24413e+06,1.22535e+07,-5.71817e+10,1.38684e+11
3.66447e+07,1.24621e+06,1.22566e+07,-5.75286e+10,1.3854e+11
3.6651e+07,1.2483e+06,1.22597e+07,-5.78751e+10,1.38396e+11
3.66573e+07,1.25037e+06,1.22628e+07,-5.82212e+10,1.3825e+11
3.66636e+07,1.25245e+06,1.2266e+07,-5.8567e+10,1.38104e+11
3.66699e+07,1.25452e+06,1.22691e+07,-5.89124e+10,1.37957e+11
3.66762e+07,1.2566e+06,1.22722e+07,-5.92575e+10,1.37809e+11
3.66826e+07,1.25867e+06,1.22754e+07,-5.96022e+10,1.37661e+11
3.66889e+07,1.26073e+06,1.22785e+07,-5.99465e+10,1.37511e+11
3.66952e+07,1.2628e+06,1.22817e+07,-6.02904e+10,1.37361e+11
3.67015e+07,1.26486e+06,1.22849e+07,-6.0634e+10,1.37209e+11
3.67078e+07,1.26692e+06,1.2288e+07,-6.09771e+10,1.37057e+11
3.67141e+07,1.26898e+06,1.22912e+07,-6.13199e+10,1.36904e+11
3.67204e+07,1.27104e+06,1.22944e+07,-6.16623e+10,1.3675e+11
3.67267e+07,1.27309e+06,1.22976e+07,-6.20043e+10,1.36595e+11
3.6733e+07,1.27514e+06,1.23008e+07,-6.2346e+10,1.3644e+11
3.67394e+07,1.27719e+06,1.2304e+07,-6.26872e+10,1.36283e+11
3.67457e+07,1.27924e+06,1.23072e+07,-6.30281e+10,1.36126e+11
3.6752e+07,1.28128e+06,1.23104e+07,-6.33685e+10,1.35968e+11
3.67583e+07,1.28333e+06,1.23136e+07,-6.37086e+10,1.35809e+11
3.67646e+07,1.28537e+06,1.23168e+07,-6.40482e+10,1.35649e+11
3.67709e+07,1.2874e+06,1.232e+07,-6.43875e+10,1.35488e+11
3.67772e+07,1.28944e+06,1.23232e+07,-6.47264e+10,1.35327e+11
3.67835e+07,1.29147e+06,1.23265e+07,-6.50648e+10,1.35164e+11
3.67899e+07,1.2935e+06,1.23297e+07,-6.54029e+10,1.35001e+11
3.67962e+07,1.29553e+06,1.23329e+07,-6.57405e+10,1.34837e+11
3.68025e+07,1.29755e+06,1.23362e+07,-6.60777e+10,1.34672e+11
3.68088e+07,1.29958e+06,1.23394e+07,-6.64145e+10,1.34506e+11
3.68151e+07,1.3016e+06,1.23427e+07,-6.67509e+10,1.34339e+11
3.68214e+07,1.30361e+06,1.23459e+07,-6.70869e+10,1.34172e+11
3.68277e+07,1.30563e+06,1.23492e+07,-6.74224e+10,1.34004e+11
3.6834e+07,1.30764e+06,1.23525e+07,-6.77576e+10,1.33834e+11
3.68403e+07,1.30965e+06,1.23557e+07,-6.80923e+10,1.33664e+11
3.68467e+07,1.31166e+06,1.2359e+07,-6.84265e+10,1.33494e+11
3.6853e+07,1.31366e+06,1.23623e+07,-6.87604e+10,1.33322e+11
3.68593e+07,1.31566e+06,1.23656e+07,-6.90938e+10,1.33149e+11
3.68656e+07,1.31766e+06,1.23689e+07,-6.94268e+10,1.32976e+11
3.68719e+07,1.31966e+06,1.23722e+07,-6.97594e+10,1.32802e+11
3.68782e+07,1.32166e+06,1.23755e+07,-7.00915e+10,1.32627e+11
3.68845e+07,1.32365e+06,1.23788e+07,-7.04231e+10,1.32451e+11
3.68908e+07,1.32564e+06,1.23821e+07,-7.07544e+10,1.32274e+11
3.68971e+07,1.32762e+06,1.23855e+07,-7.10852e+10,1.32097e+11
3.69035e+07,1.32961e+06,1.23888e+07,-7.14155e+10,1.31919e+11
3.69098e+07,1.33159e+06,1.23921e+07,-7.17454e+10,1.31739e+11
3.69161e+07,1.33357e+06,1.23954e+07,-7.20749e+10,1.31559e+11
3.69224e+07,1.33554e+06,1.23988e+07,-7.24039e+10,1.31379e+11
3.69287e+07,1.33751e+06,1.24021e+07,-7.27324e+10,1.31197e+11
3.6935e+07,1.33948e+06,1.24055e+07,-7.30605e+10,1.31015e+11
3.69413e+07,1.34145e+06,1.24088e+07,-7.33881e+10,1.30831e+11
3.69476e+07,1.34342e+06,1.24122e+07,-7.37153e+10,1.30647e+11
3.69539e+07,1.34538e+06,1.24156e+07,-7.4042e+10,1.30462e+11
3.69603e+07,1.34734e+06,1.24189e+07,-7.43683e+10,1.30277e+11
3.69666e+07,1.34929e+06,1.24223e+07,-7.4694e+10,1.3009e+11
3.69729e+07,1.35125e+06,1.24257e+07,-7.50194e+10,1.29903e+11
3.69792e+07,1.3532e+06,1.24291e+07,-7.53442e+10,1.29715e+11
3.69855e+07,1.35515e+06,1.24325e+07,-7.56686e+10,1.29526e+11
3.69918e+07,1.35709e+06,1.24358e+07,-7.59925e+10,1.29336e+11
3.69981e+07,1.35903e+06,1.24392e+07,-7.63159e+10,1.29145e+11
3.70044e+07,1.36097e+06,1.24426e+07,-7.66388e+10,1.28954e+11
3.70108e+07,1.36291e+06,1.24461e+07,-7.69613e+10,1.28762e+11
3.70171e+07,1.36484e+06,1.24495e+07,-7.72833e+10,1.28569e+11
3.70234e+07,1.36677e+06,1.24529e+07,-7.76048e+10,1.28375e+11
3.70297e+07,1.3687e+06,1.24563e+07,-7.79258e+10,1.2818e+11
3.7036e+07,1.37063e+06,1.24597e+07,-7.82463e+10,1.27985e+11
3.70423e+07,1.37255e+06,1.24632e+07,-7.85663e+10,1.27789e+11
3.70486e+07,1.37447e+06,1.24666e+07,-7.88859e+10,1.27591e+11
3.70549e+07,1.37638e+06,1.24701e+07,-7.92049e+10,1.27394e+11
3.70612e+07,1.37829e+06,1.24735e+07,-7.95235e+10,1.27195e+11
3.70676e+07,1.3802e+06,1.2477e+07,-7.98415e+10,1.26996e+11
3.70739e+07,1.38211e+06,1.24804e+07,-8.01591e+10,1.26795e+11
3.70802e+07,1.38402e+06,1.24839e+07,-8.04761e+10,1.26594e+11
3.70865e+07,1.38592e+06,1.24873e+07,-8.07927e+10,1.26393e+11
3.70928e+07,1.38781e+06,1.24908e+07,-8.11087e+10,1.2619e+11
3.70991e+07,1.38971e+06,1.24943e+07,-8.14242e+10,1.25987e+11
3.71054e+07,1.3916e+06,1.24978e+07,-8.17393e+10,1.25782e+11
3.71117e+07,1.39349e+06,1.25012e+07,-8.20538e+10,1.25577e+11
3.7118e+07,1.39537e+06,1.25047e+07,-8.23678e+10,1.25372e+11
3.71244e+07,1.39726e+06,1.25082e+07,-8.26813e+10,1.25165e+11
3.71307e+07,1.39914e+06,1.25117e+07,-8.29942e+10,1.24958e+11
3.7137e+07,1.40101e+06,1.25152e+07,-8.33067e+10,1.2475e+11
3.71433e+07,1.40289e+06,1.25187e+07,-8.36186e+10,1.24541e+11
3.71496e+07,1.40476e+06,1.25223e+07,-8.393e+10,1.24331e+11
3.71559e+07,1.40662e+06,1.25258e+07,-8.42408e+10,1.24121e+11
3.71622e+07,1.40849e+06,1.25293e+07,-8.45512e+10,1.23909e+11
3.71685e+07,1.41035e+06,1.25328e+07,-8.4861e+10,1.23697e+11
3.71749e+07,1.4122e+06,1.25364e+07,-8.51703e+10,1.23485e+11
3.71812e+07,1.41406e+06,1.25399e+07,-8.5479e+10,1.23271e+11
3.71875e+07,1.41591e+06,1.25434e+07,-8.57872e+10,1.23057e+11
3.71938e+07,1.41776e+06,1.2547e+07,-8.60949e+10,1.22842e+11
3.72001e+07,1.4196e+06,1.25505e+07,-8.64021e+10,1.22626e+11
3.72064e+07,1.42144e+06,1.25541e+07,-8.67087e+10,1.22409e+11
3.72127e+07,1.42328e+06,1.25576e+07,-8.70147e+10,1.22192e+11
3.7219e+07,1.42511e+06,1.25612e+07,-8.73202e+10,1.21974e+11
3.72253e+07,1.42695e+06,1.25648e+07,-8.76252e+10,1.21755e+11
3.72317e+07,1.42877e+06,1.25684e+07,-8.79296e+10,1.21535e+11
3.7238e+07,1.4306e+06,1.25719e+07,-8.82334e+10,1.21315e+11
3.72443e+07,1.43242e+06,1.25755e+07,-8.85368e+10,1.21093e+11
3.72506e+07,1.43424e+06,1.25791e+07,-8.88395e+10,1.20871e+11
3.72569e+07,1.43605e+06,1.25827e+07,-8.91417e+10,1.20649e+11
3.72632e+07,1.43786e+06,1.25863e+07,-8.94433e+10,1.20425e+11
3.72695e+07,1.43967e+06,1.25899e+07,-8.97444e+10,1.20201e+11
3.72758e+07,1.44148e+06,1.25935e+07,-9.00449e+10,1.19976e+11
3.72821e+07,1.44328e+06,1.25971e+07,-9.03449e+10,1.1975e+11
3.72885e+07,1.44508e+06,1.26007e+07,-9.06443e+10,1.19524e+11
3.72948e+07,1.44687e+06,1.26043e+07,-9.09431e+10,1.19297e+11
3.73011e+07,1.44866e+06,1.2608e+07,-9.12413e+10,1.19069e+11
3.73074e+07,1.45045e+06,1.26116e+07,-9.1539e+10,1.1884e+11
3.73137e+07,1.45223e+06,1.26152e+07,-9.18361e+10,1.1861e+11
3.732e+07,1.45401e+06,1.26189e+07,-9.21327e+10,1.1838e+11
3.73263e+07,1.45579e+06,1.26225e+07,-9.24286e+10,1.18149e+11
3.73326e+07,1.45756e+06,1.26261e+07,-9.2724e+10,1.17918e+11
3.7339e+07,1.45933e+06,1.26298e+07,-9.30188e+10,1.17685e+11
3.73453e+07,1.4611e+06,1.26335e+07,-9.3313e+10,1.17452e+11
3.73516e+07,1.46286e+06,1.26371e+07,-9.36066e+10,1.17218e+11
3.73579e+07,1.46462e+06,1.26408e+07,-9.38996e+10,1.16983e+11
3.73642e+07,1.46638e+06,1.26444e+07,-9.41921e+10,1.16748e+11
3.73705e+07,1.46813e+06,1.26481e+07,-9.4484e+10,1.16512e+11
3.73768e+07,1.46988e+06,1.26518e+07,-9.47752e+10,1.16275e+11
3.73831e+07,1.47163e+06,1.26555e+07,-9.50659e+10,1.16038e+11
3.73894e+07,1.47337e+06,1.26592e+07,-9.5356e+10,1.15799e+11
3.73958e+07,1.47511e+06,1.26628e+07,-9.56455e+10,1.1556e+11
3.74021e+07,1.47684e+06,1.26665e+07,-9.59343e+10,1.1532e+11
3.74084e+07,1.47857e+06,1.26702e+07,-9.62226e+10,1.1508e+11
3.74147e+07,1.4803e+06,1.26739e+07,-9.65103e+10,1.14839e+11
3.7421e+07,1.48203e+06,1.26776e+07,-9.67974e+10,1.14597e+11
3.74273e+07,1.48375e+06,1.26814e+07,-9.70838e+10,1.14354e+11
3.74336e+07,1.48546e+06,1.26851e+07,-9.73697e+10,1.14111e+11
3.74399e+07,1.48717e+06,1.26888e+07,-9.7655e+10,1.13867e+11
3.74462e+07,1.48888e+06,1.26925e+07,-9.79396e+10,1.13622e+11
3.74526e+07,1.49059e+06,1.26962e+07,-9.82236e+10,1.13377e+11
3.74589e+07,1.49229e+06,1.27e+07,-9.8507e+10,1.13131e+11
3.74652e+07,1.49399e+06,1.27037e+07,-9.87898e+10,1.12884e+11
3.74715e+07,1.49568e+06,1.27075e+07,-9.9072e+10,1.12636e+11
3.74778e+07,1.49737e+06,1.27112e+07,-9.93535e+10,1.12388e+11
3.74841e+07,1.49906e+06,1.2715e+07,-9.96345e+10,1.12139e+11
3.74904e+07,1.50075e+06,1.27187e+07,-9.99148e+10,1.11889e+11
3.74967e+07,1.50242e+06,1.27225e+07,-1.00194e+11,1.11639e+11
3.75031e+07,1.5041e+06,1.27262e+07,-1.00474e+11,1.11387e+11
3.75094e+07,1.50577e+06,1.273e+07,-1.00752e+11,1.11136e+11
3.75157e+07,1.50744e+06,1.27338e+07,-1.0103e+11,1.10883e+11
3.7522e+07,1.5091e+06,1.27375e+07,-1.01307e+11,1.1063e+11
3.75283e+07,1.51077e+06,1.27413e+07,-1.01583e+11,1.10376e+11
3.75346e+07,1.51242e+06,1.27451e+07,-1.01859e+11,1.10121e+11
3.75409e+07,1.51408e+06,1.27489e+07,-1.02135e+11,1.09866e+11
3.75472e+07,1.51572e+06,1.27527e+07,-1.02409e+11,1.0961e+11
3.75535e+07,1.51737e+06,1.27565e+07,-1.02683e+11,1.09354e+11
3.75599e+07,1.51901e+06,1.27603e+07,-1.02956e+11,1.09096e+11
3.75662e+07,1.52065e+06,1.27641e+07,-1.03229e+11,1.08838e+11
3.75725e+07,1.52228e+06,1.27679e+07,-1.03501e+11,1.0858e+11
3.75788e+07,1.52391e+06,1.27717e+07,-1.03773e+11,1.0832e+11
3.75851e+07,1.52554e+06,1.27755e+07,-1.04043e+11,1.0806e+11
3.75914e+07,1.52716e+06,1.27793e+07,-1.04313e+11,1.07799e+11
3.75977e+07,1.52878e+06,1.27832e+07,-1.04583e+11,1.07538e+11
3.7604e+07,1.53039e+06,1.2787e+07,-1.04852e+11,1.07276e+11
3.76103e+07,1.532e+06,1.27908e+07,-1.0512e+11,1.07013e+11
3.76167e+07,1.53361e+06,1.27947e+07,-1.05387e+11,1.0675e+11
3.7623e+07,1.53521e+06,1.27985e+07,-1.05654e+11,1.06486e+11
3.76293e+07,1.53681e+06,1.28023e+07,-1.0592e+11,1.06221e+11
3.76356e+07,1.5384e+06,1.28062e+07,-1.06186e+11,1.05955e+11
3.76419e+07,1.53999e+06,1.281e+07,-1.0645e+11,1.05689e+11
3.76482e+07,1.54158e+06,1.28139e+07,-1.06715e+11,1.05423e+11
3.76545e+07,1.54316e+06,1.28178e+07,-1.06978e+11,1.05155e+11
3.76608e+07,1.54474e+06,1.28216e+07,-1.07241e+11,1.04887e+11
3.76672e+07,1.54631e+06,1.28255e+07,-1.07503e+11,1.04618e+11
3.76735e+07,1.54788e+06,1.28294e+07,-1.07764e+11,1.04349e+11
3.76798e+07,1.54945e+06,1.28332e+07,-1.08025e+11,1.04079e+11
3.76861e+07,1.55101e+06,1.28371e+07,-1.08285e+11,1.03808e+11
3.76924e+07,1.55257e+06,1.2841e+07,-1.08545e+11,1.03537e+11
3.76987e+07,1.55412e+06,1.28449e+07,-1.08804e+11,1.03265e+11
3.7705e+07,1.55567e+06,1.28488e+07,-1.09062e+11,1.02992e+11
3.77113e+07,1.55722e+06,1.28527e+07,-1.09319e+11,1.02719e+11
3.77176e+07,1.55876e+06,1.28566e+07,-1.09576e+11,1.02445e+11
3.7724e+07,1.5603e+06,1.28605e+07,-1.09832e+11,1.02171e+11
3.77303e+07,1.56183e+06,1.28644e+07,-1.10087e+11,1.01895e+11
3.77366e+07,1.56336e+06,1.28683e+07,-1.10342e+11,1.0162e+11
3.77429e+07,1.56488e+06,1.28722e+07,-1.10596e+11,1.01343e+11
3.77492e+07,1.5664e+06,1.28761e+07,-1.10849e+11,1.01066e+11
3.77555e+07,1.56792e+06,1.288e+07,-1.11101e+11,1.00788e+11
3.77618e+07,1.56943e+06,1.2884e+07,-1.11353e+11,1.0051e+11
3.77681e+07,1.57094e+06,1.28879e+07,-1.11604e+11,1.00231e+11
3.77744e+07,1.57245e+06,1.28918e+07,-1.11855e+11,9.99512e+10
3.77808e+07,1.57395e+06,1.28958e+07,-1.12105e+11,9.9671e+10
3.77871e+07,1.57544e+06,1.28997e+07,-1.12354e+11,9.93901e+10
3.77934e+07,1.57693e+06,1.29037e+07,-1.12602e+11,9.91086e+10
3.77997e+07,1.57842e+06,1.29076e+07,-1.1285e+11,9.88265e+10
3.7806e+07,1.5799e+06,1.29116e+07,-1.13097e+11,9.85437e+10
3.78123e+07,1.58138e+06,1.29155e+07,-1.13343e+11,9.82604e+10
3.78186e+07,1.58286e+06,1.29195e+07,-1.13588e+11,9.79764e+10
3.78249e+07,1.58433e+06,1.29234e+07,-1.13833e+11,9.76918e+10
3.78313e+07,1.58579e+06,1.29274e+07,-1.14077e+11,9.74066e+10
3.78376e+07,1.58725e+06,1.29314e+07,-1.14321e+11,9.71208e+10
3.78439e+07,1.58871e+06,1.29354e+07,-1.14563e+11,9.68344e+10
3.78502e+07,1.59016e+06,1.29393e+07,-1.14805e+11,9.65473e+10
3.78565e+07,1.59161e+06,1.29433e+07,-1.15047e+11,9.62597e+10
3.78628e+07,1.59306e+06,1.29473e+07,-1.15287e+11,9.59715e+10
3.78691e+07,1.5945e+06,1.29513e+07,-1.15527e+11,9.56826e+10
3.78754e+07,1.59593e+06,1.29553e+07,-1.15766e+11,9.53932e+10
3.78817e+07,1.59736e+06,1.29593e+07,-1.16004e+11,9.51032e+10
3.78881e+07,1.59879e+06,1.29633e+07,-1.16242e+11,9.48125e+10
3.78944e+07,1.60021e+06,1.29673e+07,-1.16479e+11,9.45213e+10
3.79007e+07,1.60163e+06,1.29713e+07,-1.16715e+11,9.42295e+10
3.7907e+07,1.60305e+06,1.29753e+07,-1.16951e+11,9.39371e+10
3.79133e+07,1.60445e+06,1.29793e+07,-1.17185e+11,9.36441e+10
3.79196e+07,1.60586e+06,1.29833e+07,-1.17419e+11,9.33505e+10
3.79259e+07,1.60726e+06,1.29873e+07,-1.17652e+11,9.30564e+10
3.79322e+07,1.60866e+06,1.29914e+07,-1.17885e+11,9.27616e+10
3.79385e+07,1.61005e+06,1.29954e+07,-1.18117e+11,9.24663e+10
3.79449e+07,1.61144e+06,1.29994e+07,-1.18348e+11,9.21704e+10
3.79512e+07,1.61282e+06,1.30035e+07,-1.18578e+11,9.18739e+10
3.79575e+07,1.6142e+06,1.30075e+07,-1.18807e+11,9.15768e+10
3.79638e+07,1.61557e+06,1.30115e+07,-1.19036e+11,9.12792e+10
3.79701e+07,1.61694e+06,1.30156e+07,-1.19264e+11,9.0981e+10
3.79764e+07,1.6183e+06,1.30196e+07,-1.19492e+11,9.06822e+10
3.79827e+07,1.61966e+06,1.30237e+07,-1.19718e+11,9.03829e+10
3.7989e+07,1.62102e+06,1.30277e+07,-1.19944e+11,9.0083e+10
3.79954e+07,1.62237e+06,1.30318e+07,-1.20169e+11,8.97825e+10
3.80017e+07,1.62372e+06,1.30359e+07,-1.20393e+11,8.94815e+10
3.8008e+07,1.62506e+06,1.30399e+07,-1.20617e+11,8.91799e+10
3.80143e+07,1.6264e+06,1.3044e+07,-1.2084e+11,8.88777e+10
3.80206e+07,1.62773e+06,1.30481e+07,-1.21062e+11,8.8575e+10
3.80269e+07,1.62906e+06,1.30521e+07,-1.21283e+11,8.82718e+10
3.80332e+07,1.63039e+06,1.30562e+07,-1.21503e+11,8.79679e+10
3.80395e+07,1.6317e+06,1.30603e+07,-1.21723e+11,8.76636e+10
3.80458e+07,1.63302e+06,1.30644e+07,-1.21942e+11,8.73587e+10
3.80522e+07,1.63433e+06,1.30685e+07,-1.2216e+11,8.70532e+10
3.80585e+07,1.63564e+06,1.30726e+07,-1.22378e+11,8.67472e+10
3.80648e+07,1.63694e+06,1.30767e+07,-1.22594e+11,8.64406e+10
3.80711e+07,1.63823e+06,1.30808e+07,-1.2281e+11,8.61335e+10
3.80774e+07,1.63953e+06,1.30849e+07,-1.23026e+11,8.58259e+10
3.80837e+07,1.64081e+06,1.3089e+07,-1.2324e+11,8.55177e+10
3.809e+07,1.6421e+06,1.30931e+07,-1.23454e+11,8.5209e+10
3.80963e+07,1.64337e+06,1.30972e+07,-1.23666e+11,8.48998e+10
3.81026e+07,1.64465e+06,1.31013e+07,-1.23878e+11,8.459e+10
3.8109e+07,1.64592e+06,1.31054e+07,-1.2409e+11,8.42797e+10
3.81153e+07,1.64718e+06,1.31095e+07,-1.243e+11,8.39689e+10
3.81216e+07,1.64844e+06,1.31137e+07,-1.2451e+11,8.36575e+10
3.81279e+07,1.64969e+06,1.31178e+07,-1.24719e+11,8.33456e+10
3.81342e+07,1.65094e+06,1.31219e+07,-1.24927e+11,8.30332e+10
3.81405e+07,1.65219e+06,1.31261e+07,-1.25134e+11,8.27203e+10
3.81468e+07,1.65343e+06,1.31302e+07,-1.25341e+11,8.24069e+10
3.81531e+07,1.65467e+06,1.31343e+07,-1.25547e+11,8.20929e+10
3.81594e+07,1.6559e+06,1.31385e+07,-1.25752e+11,8.17785e+10
3.81658e+07,1.65712e+06,1.31426e+07,-1.25956e+11,8.14635e+10
3.81721e+07,1.65835e+06,1.31468e+07,-1.2616e+11,8.1148e+10
3.81784e+07,1.65956e+06,1.31509e+07,-1.26362e+11,8.0832e+10
3.81847e+07,1.66078e+06,1.31551e+07,-1.26564e+11,8.05155e+10
3.8191e+07,1.66198e+06,1.31592e+07,-1.26765e+11,8.01985e+10
3.81973e+07,1.66319e+06,1.31634e+07,-1.26965e+11,7.9881e+10
3.82036e+07,1.66438e+06,1.31676e+07,-1.27165e+11,7.9563e+10
3.82099e+07,1.66558e+06,1.31717e+07,-1.27364e+11,7.92444e+10
3.82163e+07,1.66676e+06,1.31759e+07,-1.27562e+11,7.89254e+10
3.82226e+07,1.66795e+06,1.31801e+07,-1.27759e+11,7.86059e+10
3.82289e+07,1.66913e+06,1.31842e+07,-1.27955e+11,7.82859e+10
3.82352e+07,1.6703e+06,1.31884e+07,-1.2815e+11,7.79655e+10
3.82415e+07,1.67147e+06,1.31926e+07,-1.28345e+11,7.76445e+10
3.82478e+07,1.67263e+06,1.31968e+07,-1.28539e+11,7.7323e+10
3.82541e+07,1.67379e+06,1.3201e+07,-1.28732e+11,7.70011e+10
3.82604e+07,1.67495e+06,1.32052e+07,-1.28924e+11,7.66787e+10
3.82667e+07,1.6761e+06,1.32094e+07,-1.29116e+11,7.63557e+10
3.82731e+07,1.67724e+06,1.32136e+07,-1.29307e+11,7.60324e+10
3.82794e+07,1.67838e+06,1.32178e+07,-1.29496e+11,7.57085e+10
3.82857e+07,1.67952e+06,1.3222e+07,-1.29685e+11,7.53842e+10
3.8292e+07,1.68065e+06,1.32262e+07,-1.29874e+11,7.50594e+10
3.82983e+07,1.68177e+06,1.32304e+07,-1.30061e+11,7.47341e+10
3.83046e+07,1.68289e+06,1.32346e+07,-1.30248e+11,7.44083e+10
3.83109e+07,1.68401e+06,1.32388e+07,-1.30433e+11,7.40821e+10
3.83172e+07,1.68512e+06,1.3243e+07,-1.30618e+11,7.37555e+10
3.83235e+07,1.68623e+06,1.32472e+07,-1.30803e+11,7.34283e+10
3.83299e+07,1.68733e+06,1.32515e+07,-1.30986e+11,7.31007e+10
3.83362e+07,1.68842e+06,1.32557e+07,-1.31168e+11,7.27727e+10
3.83425e+07,1.68951e+06,1.32599e+07,-1.3135e+11,7.24442e+10
3.83488e+07,1.6906e+06,1.32641e+07,-1.31531e+11,7.21152e+10
3.83551e+07,1.69168e+06,1.32684e+07,-1.31711e+11,7.17858e+10
3.83614e+07,1.69276e+06,1.32726e+07,-1.3189e+11,7.14559e+10
3.83677e+07,1.69383e+06,1.32768e+07,-1.32069e+11,7.11256e+10
3.8374e+07,1.6949e+06,1.32811e+07,-1.32246e+11,7.07949e+10
3.83804e+07,1.69596e+06,1.32853e+07,-1.32423e+11,7.04637e+10
3.83867e+07,1.69701e+06,1.32896e+07,-1.32599e+11,7.0132e+10
3.8393e+07,1.69806e+06,1.32938e+07,-1.32774e+11,6.97999e+10
3.83993e+07,1.69911e+06,1.32981e+07,-1.32948e+11,6.94674e+10
3.84056e+07,1.70015e+06,1.33023e+07,-1.33121e+11,6.91345e+10
3.84119e+07,1.70119e+06,1.33066e+07,-1.33294e+11,6.88011e+10
3.84182e+07,1.70222e+06,1.33108e+07,-1.33466e+11,6.84673e+10
3.84245e+07,1.70325e+06,1.33151e+07,-1.33637e+11,6.8133e+10
3.84308e+07,1.70427e+06,1.33194e+07,-1.33807e+11,6.77983e+10
3.84372e+07,1.70528e+06,1.33236e+07,-1.33976e+11,6.74632e+10
3.84435e+07,1.70629e+06,1.33279e+07,-1.34144e+11,6.71277e+10
3.84498e+07,1.7073e+06,1.33322e+07,-1.34312e+11,6.67918e+10
3.84561e+07,1.7083e+06,1.33364e+07,-1.34479e+11,6.64554e+10
3.84624e+07,1.7093e+06,1.33407e+07,-1.34644e+11,6.61187e+10
3.84687e+07,1.71029e+06,1.3345e+07,-1.34809e+11,6.57815e+10
3.8475e+07,1.71127e+06,1.33493e+07,-1.34974e+11,6.54439e+10
3.84813e+07,1.71226e+06,1.33536e+07,-1.35137e+11,6.51059e+10
3.84876e+07,1.71323e+06,1.33579e+07,-1.35299e+11,6.47674e+10
3.8494e+07,1.7142e+06,1.33621e+07,-1.35461e+11,6.44286e+10
3.85003e+07,1.71517e+06,1.33664e+07,-1.35622e+11,6.40894e+10
3.85066e+07,1.71613e+06,1.33707e+07,-1.35782e+11,6.37498e+10
3.85129e+07,1.71708e+06,1.3375e+07,-1.35941e+11,6.34097e+10
3.85192e+07,1.71803e+06,1.33793e+07,-1.36099e+11,6.30693e+10
3.85255e+07,1.71898e+06,1.33836e+07,-1.36257e+11,6.27285e+10
3.85318e+07,1.71992e+06,1.33879e+07,-1.36413e+11,6.23873e+10
3.85381e+07,1.72085e+06,1.33922e+07,-1.36569e+11,6.20457e+10
3.85445e+07,1.72178e+06,1.33965e+07,-1.36724e+11,6.17037e+10
3.85508e+07,1.72271e+06,1.34008e+07,-1.36878e+11,6.13613e+10
3.85571e+07,1.72363e+06,1.34052e+07,-1.37031e+11,6.10185e+10
3.85634e+07,1.72454e+06,1.34095e+07,-1.37183e+11,6.06754e+10
3.85697e+07,1.72545e+06,1.34138e+07,-1.37334e+11,6.03319e+10
3.8576e+07,1.72635e+06,1.34181e+07,-1.37485e+11,5.9988e+10
3.85823e+07,1.72725e+06,1.34224e+07,-1.37635e+11,5.96437e+10
3.85886e+07,1.72815e+06,1.34268e+07,-1.37783e+11,5.9299e+10
3.85949e+07,1.72904e+06,1.34311e+07,-1.37931e+11,5.8954e+10
3.86013e+07,1.72992e+06,1.34354e+07,-1.38078e+11,5.86086e+10
3.86076e+07,1.7308e+06,1.34397e+07,-1.38225e+11,5.82629e+10
3.86139e+07,1.73167e+06,1.34441e+07,-1.3837e+11,5.79168e+10
3.86202e+07,1.73254e+06,1.34484e+07,-1.38514e+11,5.75703e+10
3.86265e+07,1.7334e+06,1.34527e+07,-1.38658e+11,5.72234e+10
3.86328e+07,1.73426e+06,1.34571e+07,-1.38801e+11,5.68762e+10
3.86391e+07,1.73511e+06,1.34614e+07,-1.38943e+11,5.65287e+10
3.86454e+07,1.73596e+06,1.34658e+07,-1.39084e+11,5.61807e+10
3.86517e+07,1.7368e+06,1.34701e+07,-1.39224e+11,5.58325e+10
3.86581e+07,1.73763e+06,1.34745e+07,-1.39363e+11,5.54839e+10
3.86644e+07,1.73846e+06,1.34788e+07,-1.39501e+11,5.51349e+10
3.86707e+07,1.73929e+06,1.34832e+07,-1.39639e+11,5.47856e+10
3.8677e+07,1.74011e+06,1.34875e+07,-1.39776e+11,5.44359e+10
3.86833e+07,1.74093e+06,1.34919e+07,-1.39911e+11,5.40859e+10
3.86896e+07,1.74174e+06,1.34962e+07,-1.40046e+11,5.37356e+10
3.86959e+07,1.74254e+06,1.35006e+07,-1.4018e+11,5.33849e+10
3.87022e+07,1.74334e+06,1.3505e+07,-1.40313e+11,5.30339e+10
3.87086e+07,1.74413e+06,1.35093e+07,-1.40446e+11,5.26826e+10
3.87149e+07,1.74492e+06,1.35137e+07,-1.40577e+11,5.23309e+10
3.87212e+07,1.74571e+06,1.35181e+07,-1.40708e+11,5.19789e+10
3.87275e+07,1.74648e+06,1.35224e+07,-1.40837e+11,5.16266e+10
3.87338e+07,1.74726e+06,1.35268e+07,-1.40966e+11,5.1274e+10
3.87401e+07,1.74803e+06,1.35312e+07,-1.41094e+11,5.0921e+10
3.87464e+07,1.74879e+06,1.35355e+07,-1.41221e+11,5.05677e+10
3.87527e+07,1.74955e+06,1.35399e+07,-1.41347e+11,5.02141e+10
3.8759e+07,1.7503e+06,1.35443e+07,-1.41472e+11,4.98602e+10
3.87654e+07,1.75104e+06,1.35487e+07,-1.41596e+11,4.9506e+10
3.87717e+07,1.75178e+06,1.35531e+07,-1.4172e+11,4.91515e+10
3.8778e+07,1.75252e+06,1.35575e+07,-1.41842e+11,4.87966e+10
3.87843e+07,1.75325e+06,1.35618e+07,-1.41964e+11,4.84415e+10
3.87906e+07,1.75398e+06,1.35662e+07,-1.42085e+11,4.8086e+10
3.87969e+07,1.7547e+06,1.35706e+07,-1.42204e+11,4.77303e+10
3.88032e+07,1.75541e+06,1.3575e+07,-1.42323e+11,4.73742e+10
3.88095e+07,1.75612e+06,1.35794e+07,-1.42442e+11,4.70179e+10
3.88158e+07,1.75682e+06,1.35838e+07,-1.42559e+11,4.66612e+10
3.88222e+07,1.75752e+06,1.35882e+07,-1.42675e+11,4.63043e+10
3.88285e+07,1.75821e+06,1.35926e+07,-1.4279e+11,4.59471e+10
3.88348e+07,1.7589e+06,1.3597e+07,-1.42905e+11,4.55896e+10
3.88411e+07,1.75958e+06,1.36014e+07,-1.43019e+11,4.52318e+10
3.88474e+07,1.76026e+06,1.36058e+07,-1.43131e+11,4.48737e+10
3.88537e+07,1.76093e+06,1.36102e+07,-1.43243e+11,4.45153e+10
3.886e+07,1.7616e+06,1.36146e+07,-1.43354e+11,4.41567e+10
3.88663e+07,1.76226e+06,1.3619e+07,-1.43464e+11,4.37978e+10
3.88727e+07,1.76292e+06,1.36234e+07,-1.43573e+11,4.34386e+10
3.8879e+07,1.76357e+06,1.36279e+07,-1.43681e+11,4.30791e+10
3.88853e+07,1.76421e+06,1.36323e+07,-1.43789e+11,4.27194e+10
3.88916e+07,1.76485e+06,1.36367e+07,-1.43895e+11,4.23594e+10
3.88979e+07,1.76548e+06,1.36411e+07,-1.44001e+11,4.19991e+10
3.89042e+07,1.76611e+06,1.36455e+07,-1.44105e+11,4.16386e+10
3.89105e+07,1.76673e+06,1.36499e+07,-1.44209e+11,4.12778e+10
3.89168e+07,1.76735e+06,1.36544e+07,-1.44312e+11,4.09167e+10
3.89231e+07,1.76796e+06,1.36588e+07,-1.44414e+11,4.05554e+10
3.89295e+07,1.76857e+06,1.36632e+07,-1.44515e+11,4.01939e+10
3.89358e+07,1.76917e+06,1.36676e+07,-1.44615e+11,3.98321e+10
3.89421e+07,1.76977e+06,1.36721e+07,-1.44714e+11,3.947e+10
3.89484e+07,1.77036e+06,1.36765e+07,-1.44812e+11,3.91077e+10
3.89547e+07,1.77094e+06,1.36809e+07,-1.4491e+11,3.87451e+10
3.8961e+07,1.77152e+06,1.36854e+07,-1.45006e+11,3.83824e+10
3.89673e+07,1.77209e+06,1.36898e+07,-1.45102e+11,3.80193e+10
3.89736e+07,1.77266e+06,1.36942e+07,-1.45197e+11,3.7656e+10
3.89799e+07,1.77323e+06,1.36987e+07,-1.4529e+11,3.72925e+10
3.89863e+07,1.77378e+06,1.37031e+07,-1.45383e+11,3.69288e+10
3.89926e+07,1.77434e+06,1.37076e+07,-1.45475e+11,3.65648e+10
3.89989e+07,1.77488e+06,1.3712e+07,-1.45566e+11,3.62006e+10
3.90052e+07,1.77542e+06,1.37164e+07,-1.45656e+11,3.58362e+10
3.90115e+07,1.77596e+06,1.37209e+07,-1.45745e+11,3.54715e+10
3.90178e+07,1.77649e+06,1.37253e+07,-1.45834e+11,3.51067e+10
3.90241e+07,1.77701e+06,1.37298e+07,-1.45921e+11,3.47416e+10
3.90304e+07,1.77753e+06,1.37342e+07,-1.46007e+11,3.43763e+10
3.90368e+07,1.77805e+06,1.37387e+07,-1.46093e+11,3.40107e+10
3.90431e+07,1.77856e+06,1.37431e+07,-1.46178e+11,3.3645e+10
3.90494e+07,1.77906e+06,1.37476e+07,-1.46261e+11,3.3279e+10
3.90557e+07,1.77955e+06,1.3752e+07,-1.46344e+11,3.29129e+10
3.9062e+07,1.78005e+06,1.37565e+07,-1.46426e+11,3.25465e+10
3.90683e+07,1.78053e+06,1.37609e+07,-1.46507e+11,3.21799e+10
3.90746e+07,1.78101e+06,1.37654e+07,-1.46587e+11,3.18132e+10
3.90809e+07,1.78149e+06,1.37699e+07,-1.46666e+11,3.14462e+10
3.90872e+07,1.78196e+06,1.37743e+07,-1.46744e+11,3.1079e+10
3.90936e+07,1.78242e+06,1.37788e+07,-1.46822e+11,3.07117e+10
3.90999e+07,1.78288e+06,1.37832e+07,-1.46898e+11,3.03441e+10
3.91062e+07,1.78333e+06,1.37877e+07,-1.46973e+11,2.99764e+10
3.91125e+07,1.78378e+06,1.37922e+07,-1.47048e+11,2.96084e+10
3.91188e+07,1.78422e+06,1.37966e+07,-1.47122e+11,2.92403e+10
3.91251e+07,1.78466e+06,1.38011e+07,-1.47194e+11,2.8872e+10
3.91314e+07,1.78509e+06,1.38056e+07,-1.47266e+11,2.85036e+10
3.91377e+07,1.78552e+06,1.381e+07,-1.47337e+11,2.81349e+10
3.9144e+07,1.78594e+06,1.38145e+07,-1.47407e+11,2.77661e+10
3.91504e+07,1.78635e+06,1.3819e+07,-1.47476e+11,2.7397e+10
3.91567e+07,1.78676e+06,1.38234e+07,-1.47544e+11,2.70279e+10
3.9163e+07,1.78716e+06,1.38279e+07,-1.47611e+11,2.66585e+10
3.91693e+07,1.78756e+06,1.38324e+07,-1.47677e+11,2.6289e+10
3.91756e+07,1.78795e+06,1.38369e+07,-1.47743e+11,2.59193e+10
3.91819e+07,1.78834e+06,1.38413e+07,-1.47807e+11,2.55495e+10
3.91882e+07,1.78872e+06,1.38458e+07,-1.4787e+11,2.51795e+10
3.91945e+07,1.7891e+06,1.38503e+07,-1.47933e+11,2.48093e+10
3.92009e+07,1.78947e+06,1.38548e+07,-1.47994e+11,2.4439e+10
3.92072e+07,1.78983e+06,1.38592e+07,-1.48055e+11,2.40685e+10
3.92135e+07,1.79019e+06,1.38637e+07,-1.48115e+11,2.36979e+10
3.92198e+07,1.79054e+06,1.38682e+07,-1.48174e+11,2.33271e+10
3.92261e+07,1.79089e+06,1.38727e+07,-1.48232e+11,2.29562e+10
3.92324e+07,1.79123e+06,1.38772e+07,-1.48289e+11,2.25852e+10
3.92387e+07,1.79157e+06,1.38817e+07,-1.48345e+11,2.2214e+10
3.9245e+07,1.7919e+06,1.38861e+07,-1.484e+11,2.18426e+10
3.92513e+07,1.79222e+06,1.38906e+07,-1.48454e+11,2.14712e+10
3.92577e+07,1.79254e+06,1.38951e+07,-1.48507e+11,2.10995e+10
3.9264e+07,1.79286e+06,1.38996e+07,-1.48559e+11,2.07278e+10
3.92703e+07,1.79317e+06,1.39041e+07,-1.48611e+11,2.03559e+10
3.92766e+07,1.79347e+06,1.39086e+07,-1.48661e+11,1.99839e+10
3.92829e+07,1.79377e+06,1.39131e+07,-1.48711e+11,1.96118e+10
3.92892e+07,1.79406e+06,1.39175e+07,-1.48759e+11,1.92396e+10
3.92955e+07,1.79434e+06,1.3922e+07,-1.48807e+11,1.88672e+10
3.93018e+07,1.79462e+06,1.39265e+07,-1.48854e+11,1.84947e+10
3.93081e+07,1.7949e+06,1.3931e+07,-1.48899e+11,1.81221e+10
3.93145e+07,1.79517e+06,1.39355e+07,-1.48944e+11,1.77494e+10
3.93208e+07,1.79543e+06,1.394e+07,-1.48988e+11,1.73766e+10
3.93271e+07,1.79569e+06,1.39445e+07,-1.49031e+11,1.70036e+10
3.93334e+07,1.79594e+06,1.3949e+07,-1.49073e+11,1.66306e+10
3.93397e+07,1.79619e+06,1.39535e+07,-1.49114e+11,1.62574e+10
3.9346e+07,1.79643e+06,1.3958e+07,-1.49155e+11,1.58842e+10
3.93523e+07,1.79667e+06,1.39625e+07,-1.49194e+11,1.55109e+10
3.93586e+07,1.7969e+06,1.3967e+07,-1.49232e+11,1.51374e+10
3.9365e+07,1.79712e+06,1.39715e+07,-1.4927e+11,1.47639e+10
3.93713e+07,1.79734e+06,1.3976e+07,-1.49306e+11,1.43902e+10
3.93776e+07,1.79755e+06,1.39805e+07,-1.49341e+11,1.40165e+10
3.93839e+07,1.79776e+06,1.3985e+07,-1.49376e+11,1.36427e+10
3.93902e+07,1.79796e+06,1.39895e+07,-1.4941e+11,1.32688e+10
3.93965e+07,1.79816e+06,1.3994e+07,-1.49442e+11,1.28948e+10
3.94028e+07,1.79835e+06,1.39985e+07,-1.49474e+11,1.25208e+10
3.94091e+07,1.79854e+06,1.4003e+07,-1.49505e+11,1.21467e+10
3.94154e+07,1.79872e+06,1.40075e+07,-1.49535e+11,1.17724e+10
3.94218e+07,1.79889e+06,1.4012e+07,-1.49564e+11,1.13982e+10
3.94281e+07,1.79906e+06,1.40165e+07,-1.49592e+11,1.10238e+10
3.94344e+07,1.79922e+06,1.4021e+07,-1.49619e+11,1.06494e+10
3.94407e+07,1.79938e+06,1.40255e+07,-1.49645e+11,1.02749e+10
3.9447e+07,1.79953e+06,1.403e+07,-1.4967e+11,9.90033e+09
3.94533e+07,1.79967e+06,1.40345e+07,-1.49695e+11,9.52571e+09
3.94596e+07,1.79981e+06,1.4039e+07,-1.49718e+11,9.15104e+09
3.94659e+07,1.79995e+06,1.40435e+07,-1.4974e+11,8.7763e+09
3.94722e+07,1.80008e+06,1.4048e+07,-1.49762e+11,8.40151e+09
3.94786e+07,1.8002e+06,1.40525e+07,-1.49782e+11,8.02667e+09
3.94849e+07,1.80032e+06,1.4057e+07,-1.49802e+11,7.65178e+09
3.94912e+07,1.80043e+06,1.40615e+07,-1.49821e+11,7.27684e+09
3.94975e+07,1.80054e+06,1.4066e+07,-1.49838e+11,6.90185e+09
3.95038e+07,1.80064e+06,1.40705e+07,-1.49855e+11,6.52682e+09
3.95101e+07,1.80073e+06,1.4075e+07,-1.49871e+11,6.15175e+09
3.95164e+07,1.80082e+06,1.40795e+07,-1.49886e+11,5.77664e+09
3.95227e+07,1.80091e+06,1.40841e+07,-1.499e+11,5.4015e+09
3.9529e+07,1.80098e+06,1.40886e+07,-1.49913e+11,5.02632e+09
3.95354e+07,1.80106e+06,1.40931e+07,-1.49925e+11,4.65111e+09
3.95417e+07,1.80112e+06,1.40976e+07,-1.49936e+11,4.27587e+09
3.9548e+07,1.80118e+06,1.41021e+07,-1.49946e+11,3.90061e+09
3.95543e+07,1.80124e+06,1.41066e+07,-1.49955e+11,3.52532e+09
3.95606e+07,1.80129e+06,1.41111e+07,-1.49964e+11,3.15001e+09
3.95669e+07,1.80133e+06,1.41156e+07,-1.49971e+11,2.77468e+09
3.95732e+07,1.80137e+06,1.41201e+07,-1.49978e+11,2.39933e+09
3.95795e+07,1.80141e+06,1.41246e+07,-1.49983e+11,2.02397e+09
3.95859e+07,1.80143e+06,1.41291e+07,-1.49988e+11,1.64859e+09
3.95922e+07,1.80146e+06,1.41336e+07,-1.49991e+11,1.2732e+09
3.95985e+07,1.80147e+06,1.41381e+07,-1.49994e+11,8.9781e+08
3.96048e+07,1.80148e+06,1.41427e+07,-1.49996e+11,5.2241e+08
3.96111e+07,1.80149e+06,1.41472e+07,-1.49996e+11,1.47008e+08
3.96174e+07,1.80149e+06,1.41517e+07,-1.49996e+11,-2.28396e+08
3.96237e+07,1.80148e+06,1.41562e+07,-1.49995e+11,-6.03798e+08
3.963e+07,1.80147e+06,1.41607e+07,-1.49993e+11,-9.79196e+08
3.96363e+07,1.80145e+06,1.41652e+07,-1.4999e+11,-1.35459e+09
3.96427e+07,1.80143e+06,1.41697e+07,-1.49986e+11,-1.72997e+09
3.9649e+07,1.8014e+06,1.41742e+07,-1.49981e+11,-2.10534e+09
3.96553e+07,1.80136e+06,1.41787e+07,-1.49976e+11,-2.4807e+09
3.96616e+07,1.80132e+06,1.41832e+07,-1.49969e+11,-2.85605e+09
3.96679e+07,1.80128e+06,1.41877e+07,-1.49961e+11,-3.23137e+09
3.96742e+07,1.80122e+06,1.41923e+07,-1.49953e+11,-3.60668e+09
3.96805e+07,1.80117e+06,1.41968e+07,-1.49943e+11,-3.98196e+09
3.96868e+07,1.8011e+06,1.42013e+07,-1.49933e+11,-4.35722e+09
3.96931e+07,1.80104e+06,1.42058e+07,-1.49921e+11,-4.73245e+09
3.96995e+07,1.80096e+06,1.42103e+07,-1.49909e+11,-5.10765e+09
3.97058e+07,1.80088e+06,1.42148e+07,-1.49896e+11,-5.48282e+09
3.97121e+07,1.8008e+06,1.42193e+07,-1.49881e+11,-5.85795e+09
3.97184e+07,1.80071e+06,1.42238e+07,-1.49866e+11,-6.23305e+09
3.97247e+07,1.80061e+06,1.42283e+07,-1.4985e+11,-6.6081e+09
3.9731e+07,1.80051e+06,1.42328e+07,-1.49833e+11,-6.98312e+09
3.97373e+07,1.8004e+06,1.42373e+07,-1.49815e+11,-7.35809e+09
3.97436e+07,1.80028e+06,1.42418e+07,-1.49796e+11,-7.73302e+09
3.975e+07,1.80017e+06,1.42463e+07,-1.49776e+11,-8.1079e+09
3.97563e+07,1.80004e+06,1.42508e+07,-1.49756e+11,-8.48273e+09
3.97626e+07,1.79991e+06,1.42553e+07,-1.49734e+11,-8.8575e+09
3.97689e+07,1.79977e+06,1.42598e+07,-1.49711e+11,-9.23222e+09
3.97752e+07,1.79963e+06,1.42644e+07,-1.49688e+11,-9.60688e+09
3.97815e+07,1.79948e+06,1.42689e+07,-1.49663e+11,-9.98148e+09
3.97878e+07,1.79933e+06,1.42734e+07,-1.49638e+11,-1.0356e+10
3.97941e+07,1.79917e+06,1.42779e+07,-1.49611e+11,-1.07305e+10
3.98004e+07,1.79901e+06,1.42824e+07,-1.49584e+11,-1.11049e+10
3.98068e+07,1.79884e+06,1.42869e+07,-1.49555e+11,-1.14792e+10
3.98131e+07,1.79866e+06,1.42914e+07,-1.49526e+11,-1.18535e+10
3.98194e+07,1.79848e+06,1.42959e+07,-1.49496e+11,-1.22277e+10
3.98257e+07,1.7983e+06,1.43004e+07,-1.49465e+11,-1.26018e+10
3.9832e+07,1.7981e+06,1.43049e+07,-1.49433e+11,-1.29758e+10
3.98383e+07,1.79791e+06,1.43094e+07,-1.494e+11,-1.33498e+10
3.98446e+07,1.7977e+06,1.43139e+07,-1.49366e+11,-1.37236e+10
3.98509e+07,1.79749e+06,1.43184e+07,-1.49331e+11,-1.40974e+10
3.98572e+07,1.79728e+06,1.43229e+07,-1.49295e+11,-1.44711e+10
3.98636e+07,1.79706e+06,1.43274e+07,-1.49259e+11,-1.48447e+10
3.98699e+07,1.79683e+06,1.43319e+07,-1.49221e+11,-1.52182e+10
3.98762e+07,1.7966e+06,1.43364e+07,-1.49182e+11,-1.55917e+10
3.98825e+07,1.79636e+06,1.43409e+07,-1.49143e+11,-1.5965e+10
3.98888e+07,1.79612e+06,1.43454e+07,-1.49102e+11,-1.63382e+10
3.98951e+07,1.79587e+06,1.43498e+07,-1.49061e+11,-1.67113e+10
3.99014e+07,1.79562e+06,1.43543e+07,-1.49019e+11,-1.70843e+10
3.99077e+07,1.79536e+06,1.43588e+07,-1.48975e+11,-1.74572e+10
3.99141e+07,1.79509e+06,1.43633e+07,-1.48931e+11,-1.783e+10
3.99204e+07,1.79482e+06,1.43678e+07,-1.48886e+11,-1.82027e+10
3.99267e+07,1.79454e+06,1.43723e+07,-1.4884e+11,-1.85753e+10
3.9933e+07,1.79426e+06,1.43768e+07,-1.48793e+11,-1.89477e+10
3.99393e+07,1.79397e+06,1.43813e+07,-1.48745e+11,-1.932e+10
3.99456e+07,1.79368e+06,1.43858e+07,-1.48696e+11,-1.96923e+10
3.99519e+07,1.79338e+06,1.43903e+07,-1.48647e+11,-2.00643e+10
3.99582e+07,1.79308e+06,1.43948e+07,-1.48596e+11,-2.04363e+10
3.99645e+07,1.79277e+06,1.43992e+07,-1.48544e+11,-2.08081e+10
3.99709e+07,1.79245e+06,1.44037e+07,-1.48492e+11,-2.11798e+10
3.99772e+07,1.79213e+06,1.44082e+07,-1.48438e+11,-2.15514e+10
3.99835e+07,1.7918e+06,1.44127e+07,-1.48384e+11,-2.19228e+10
3.99898e+07,1.79147e+06,1.44172e+07,-1.48328e+11,-2.22941e+10
3.99961e+07,1.79113e+06,1.44217e+07,-1.48272e+11,-2.26653e+10
4.00024e+07,1.79079e+06,1.44262e+07,-1.48215e+11,-2.30363e+10
4.00087e+07,1.79044e+06,1.44306e+07,-1.48157e+11,-2.34072e+10
4.0015e+07,1.79008e+06,1.44351e+07,-1.48098e+11,-2.37779e+10
4.00213e+07,1.78972e+06,1.44396e+07,-1.48038e+11,-2.41485e+10
4.00277e+07,1.78936e+06,1.44441e+07,-1.47977e+11,-2.45189e+10
4.0034e+07,1.78899e+06,1.44485e+07,-1.47915e+11,-2.48892e+10
4.00403e+07,1.78861e+06,1.4453e+07,-1.47852e+11,-2.52593e+10
4.00466e+07,1.78823e+06,1.44575e+07,-1.47788e+11,-2.56293e+10
4.00529e+07,1.78784e+06,1.4462e+07,-1.47724e+11,-2.59991e+10
4.00592e+07,1.78744e+06,1.44665e+07,-1.47658e+11,-2.63687e+10
4.00655e+07,1.78705e+06,1.44709e+07,-1.47592e+11,-2.67382e+10
4.00718e+07,1.78664e+06,1.44754e+07,-1.47524e+11,-2.71075e+10
4.00782e+07,1.78623e+06,1.44799e+07,-1.47456e+11,-2.74766e+10
4.00845e+07,1.78581e+06,1.44843e+07,-1.47386e+11,-2.78455e+10
4.00908e+07,1.78539e+06,1.44888e+07,-1.47316e+11,-2.82143e+10
4.00971e+07,1.78497e+06,1.44933e+07,-1.47245e+11,-2.85829e+10
4.01034e+07,1.78453e+06,1.44977e+07,-1.47173e+11,-2.89514e+10
4.01097e+07,1.78409e+06,1.45022e+07,-1.471e+11,-2.93196e+10
4.0116e+07,1.78365e+06,1.45067e+07,-1.47026e+11,-2.96877e+10
4.01223e+07,1.7832e+06,1.45111e+07,-1.46952e+11,-3.00555e+10
4.01286e+07,1.78275e+06,1.45156e+07,-1.46876e+11,-3.04232e+10
4.0135e+07,1.78229e+06,1.45201e+07,-1.46799e+11,-3.07907e+10
4.01413e+07,1.78182e+06,1.45245e+07,-1.46722e+11,-3.1158e+10
4.01476e+07,1.78135e+06,1.4529e+07,-1.46643e+11,-3.15252e+10
4.01539e+07,1.78087e+06,1.45334e+07,-1.46564e+11,-3.18921e+10
4.01602e+07,1.78039e+06,1.45379e+07,-1.46483e+11,-3.22588e+10
4.01665e+07,1.7799e+06,1.45423e+07,-1.46402e+11,-3.26253e+10
4.01728e+07,1.77941e+06,1.45468e+07,-1.4632e+11,-3.29916e+10
4.01791e+07,1.77891e+06,1.45513e+07,-1.46237e+11,-3.33577e+10
4.01854e+07,1.77841e+06,1.45557e+07,-1.46153e+11,-3.37236e+10
4.01918e+07,1.7779e+06,1.45602e+07,-1.46068e+11,-3.40893e+10
4.01981e+07,1.77738e+06,1.45646e+07,-1.45982e+11,-3.44547e+10
4.02044e+07,1.77686e+06,1.4569e+07,-1.45896e+11,-3.482e+10
4.02107e+07,1.77633e+06,1.45735e+07,-1.45808e+11,-3.5185e+10
4.0217e+07,1.7758e+06,1.45779e+07,-1.45719e+11,-3.55498e+10
4.02233e+07,1.77527e+06,1.45824e+07,-1.4563e+11,-3.59144e+10
4.02296e+07,1.77472e+06,1.45868e+07,-1.4554e+11,-3.62788e+10
4.02359e+07,1.77418e+06,1.45913e+07,-1.45448e+11,-3.66429e+10
4.02423e+07,1.77362e+06,1.45957e+07,-1.45356e+11,-3.70068e+10
4.02486e+07,1.77306e+06,1.46001e+07,-1.45263e+11,-3.73705e+10
4.02549e+07,1.7725e+06,1.46046e+07,-1.45169e+11,-3.77339e+10
4.02612e+07,1.77193e+06,1.4609e+07,-1.45074e+11,-3.80971e+10
4.02675e+07,1.77135e+06,1.46135e+07,-1.44978e+11,-3.84601e+10
4.02738e+07,1.77077e+06,1.46179e+07,-1.44881e+11,-3.88228e+10
4.02801e+07,1.77018e+06,1.46223e+07,-1.44784e+11,-3.91853e+10
4.02864e+07,1.76959e+06,1.46267e+07,-1.44685e+11,-3.95475e+10
4.02927e+07,1.769e+06,1.46312e+07,-1.44586e+11,-3.99095e+10
4.02991e+07,1.76839e+06,1.46356e+07,-1.44485e+11,-4.02712e+10
4.03054e+07,1.76778e+06,1.464e+07,-1.44384e+11,-4.06327e+10
4.03117e+07,1.76717e+06,1.46444e+07,-1.44282e+11,-4.0994e+10
4.0318e+07,1.76655e+06,1.46489e+07,-1.44179e+11,-4.13549e+10
4.03243e+07,1.76593e+06,1.46533e+07,-1.44075e+11,-4.17156e+10
4.03306e+07,1.7653e+06,1.46577e+07,-1.4397e+11,-4.20761e+10
4.03369e+07,1.76466e+06,1.46621e+07,-1.43864e+11,-4.24363e+10
4.03432e+07,1.76402e+06,1.46665e+07,-1.43757e+11,-4.27962e+10
4.03495e+07,1.76338e+06,1.4671e+07,-1.4365e+11,-4.31559e+10
4.03559e+07,1.76272e+06,1.46754e+07,-1.43541e+11,-4.35152e+10
4.03622e+07,1.76207e+06,1.46798e+07,-1.43432e+11,-4.38744e+10
4.03685e+07,1.7614e+06,1.46842e+07,-1.43322e+11,-4.42332e+10
4.03748e+07,1.76074e+06,1.46886e+07,-1.43211e+11,-4.45918e+10
4.03811e+07,1.76006e+06,1.4693e+07,-1.43098e+11,-4.495e+10
4.03874e+07,1.75939e+06,1.46974e+07,-1.42985e+11,-4.5308e+10
4.03937e+07,1.7587e+06,1.47018e+07,-1.42872e+11,-4.56657e+10
4.04e+07,1.75801e+06,1.47062e+07,-1.42757e+11,-4.60232e+10
4.04064e+07,1.75732e+06,1.47106e+07,-1.42641e+11,-4.63803e+10
4.04127e+07,1.75662e+06,1.4715e+07,-1.42525e+11,-4.67372e+10
4.0419e+07,1.75591e+06,1.47194e+07,-1.42407e+11,-4.70937e+10
4.04253e+07,1.7552e+06,1.47238e+07,-1.42289e+11,-4.745e+10
4.04316e+07,1.75449e+06,1.47282e+07,-1.4217e+11,-4.78059e+10
4.04379e+07,1.75376e+06,1.47326e+07,-1.42049e+11,-4.81616e+10
4.04442e+07,1.75304e+06,1.4737e+07,-1.41928e+11,-4.8517e+10
4.04505e+07,1.75231e+06,1.47414e+07,-1.41806e+11,-4.8872e+10
4.04568e+07,1.75157e+06,1.47457e+07,-1.41684e+11,-4.92268e+10
4.04632e+07,1.75083e+06,1.47501e+07,-1.4156e+11,-4.95812e+10
4.04695e+07,1.75008e+06,1.47545e+07,-1.41435e+11,-4.99354e+10
4.04758e+07,1.74932e+06,1.47589e+07,-1.4131e+11,-5.02892e+10
4.04821e+07,1.74857e+06,1.47633e+07,-1.41184e+11,-5.06427e+10
4.04884e+07,1.7478e+06,1.47676e+07,-1.41056e+11,-5.09959e+10
4.04947e+07,1.74703e+06,1.4772e+07,-1.40928e+11,-5.13487e+10
4.0501e+07,1.74626e+06,1.47764e+07,-1.40799e+11,-5.17013e+10
4.05073e+07,1.74548e+06,1.47807e+07,-1.40669e+11,-5.20535e+10
4.05136e+07,1.74469e+06,1.47851e+07,-1.40539e+11,-5.24054e+10
4.052e+07,1.7439e+06,1.47895e+07,-1.40407e+11,-5.2757e+10
4.05263e+07,1.74311e+06,1.47938e+07,-1.40275e+11,-5.31082e+10
4.05326e+07,1.74231e+06,1.47982e+07,-1.40141e+11,-5.34591e+10
4.05389e+07,1.7415e+06,1.48026e+07,-1.40007e+11,-5.38097e+10
4.05452e+07,1.74069e+06,1.48069e+07,-1.39872e+11,-5.41599e+10
4.05515e+07,1.73987e+06,1.48113e+07,-1.39736e+11,-5.45098e+10
4.05578e+07,1.73905e+06,1.48156e+07,-1.39599e+11,-5.48594e+10
4.05641e+07,1.73822e+06,1.482e+07,-1.39461e+11,-5.52086e+10
4.05705e+07,1.73739e+06,1.48243e+07,-1.39322e+11,-5.55574e+10
4.05768e+07,1.73655e+06,1.48287e+07,-1.39183e+11,-5.5906e+10
4.05831e+07,1.73571e+06,1.4833e+07,-1.39043e+11,-5.62541e+10
4.05894e+07,1.73486e+06,1.48374e+07,-1.38901e+11,-5.66019e+10
4.05957e+07,1.73401e+06,1.48417e+07,-1.38759e+11,-5.69494e+10
4.0602e+07,1.73315e+06,1.4846e+07,-1.38616e+11,-5.72965e+10
4.06083e+07,1.73228e+06,1.48504e+07,-1.38472e+11,-5.76432e+10
4.06146e+07,1.73141e+06,1.48547e+07,-1.38328e+11,-5.79896e+10
4.06209e+07,1.73054e+06,1.4859e+07,-1.38182e+11,-5.83356e+10
4.06273e+07,1.72966e+06,1.48634e+07,-1.38035e+11,-5.86813e+10
4.06336e+07,1.72878e+06,1.48677e+07,-1.37888e+11,-5.90266e+10
4.06399e+07,1.72789e+06,1.4872e+07,-1.3774e+11,-5.93715e+10
4.06462e+07,1.72699e+06,1.48764e+07,-1.37591e+11,-5.9716e+10
4.06525e+07,1.72609e+06,1.48807e+07,-1.37441e+11,-6.00602e+10
4.06588e+07,1.72519e+06,1.4885e+07,-1.3729e+11,-6.0404e+10
4.06651e+07,1.72427e+06,1.48893e+07,-1.37139e+11,-6.07474e+10
4.06714e+07,1.72336e+06,1.48936e+07,-1.36986e+11,-6.10904e+10
4.06777e+07,1.72244e+06,1.48979e+07,-1.36833e+11,-6.14331e+10
4.06841e+07,1.72151e+06,1.49022e+07,-1.36678e+11,-6.17754e+10
4.06904e+07,1.72058e+06,1.49066e+07,-1.36523e+11,-6.21172e+10
4.06967e+07,1.71964e+06,1.49109e+07,-1.36367e+11,-6.24587e+10
4.0703e+07,1.7187e+06,1.49152e+07,-1.36211e+11,-6.27998e+10
4.07093e+07,1.71776e+06,1.49195e+07,-1.36053e+11,-6.31405e+10
4.07156e+07,1.7168e+06,1.49238e+07,-1.35895e+11,-6.34808e+10
4.07219e+07,1.71585e+06,1.49281e+07,-1.35735e+11,-6.38207e+10
4.07282e+07,1.71489e+06,1.49323e+07,-1.35575e+11,-6.41603e+10
4.07346e+07,1.71392e+06,1.49366e+07,-1.35414e+11,-6.44994e+10
4.07409e+07,1.71295e+06,1.49409e+07,-1.35252e+11,-6.48381e+10
4.07472e+07,1.71197e+06,1.49452e+07,-1.35089e+11,-6.51764e+10
4.07535e+07,1.71099e+06,1.49495e+07,-1.34926e+11,-6.55143e+10
4.07598e+07,1.71e+06,1.49538e+07,-1.34761e+11,-6.58517e+10
4.07661e+07,1.70901e+06,1.49581e+07,-1.34596e+11,-6.61888e+10
4.07724e+07,1.70801e+06,1.49623e+07,-1.3443e+11,-6.65255e+10
4.07787e+07,1.70701e+06,1.49666e+07,-1.34263e+11,-6.68617e+10
4.0785e+07,1.706e+06,1.49709e+07,-1.34095e+11,-6.71975e+10
4.07914e+07,1.70499e+06,1.49751e+07,-1.33927e+11,-6.75329e+10
4.07977e+07,1.70397e+06,1.49794e+07,-1.33757e+11,-6.78679e+10
4.0804e+07,1.70295e+06,1.49837e+07,-1.33587e+11,-6.82024e+10
4.08103e+07,1.70192e+06,1.49879e+07,-1.33416e+11,-6.85365e+10
4.08166e+07,1.70089e+06,1.49922e+07,-1.33244e+11,-6.88702e+10
4.08229e+07,1.69985e+06,1.49964e+07,-1.33071e+11,-6.92035e+10
4.08292e+07,1.69881e+06,1.50007e+07,-1.32897e+11,-6.95363e+10
4.08355e+07,1.69776e+06,1.50049e+07,-1.32723e+11,-6.98687e+10
4.08418e+07,1.69671e+06,1.50092e+07,-1.32547e+11,-7.02007e+10
4.08482e+07,1.69565e+06,1.50134e+07,-1.32371e+11,-7.05322e+10
4.08545e+07,1.69458e+06,1.50177e+07,-1.32194e+11,-7.08632e+10
4.08608e+07,1.69352e+06,1.50219e+07,-1.32017e+11,-7.11939e+10
4.08671e+07,1.69244e+06,1.50262e+07,-1.31838e+11,-7.15241e+10
4.08734e+07,1.69137e+06,1.50304e+07,-1.31658e+11,-7.18538e+10
4.08797e+07,1.69028e+06,1.50346e+07,-1.31478e+11,-7.21831e+10
4.0886e+07,1.6892e+06,1.50389e+07,-1.31297e+11,-7.25119e+10
4.08923e+07,1.6881e+06,1.50431e+07,-1.31115e+11,-7.28403e+10
4.08986e+07,1.68701e+06,1.50473e+07,-1.30932e+11,-7.31682e+10
4.0905e+07,1.6859e+06,1.50515e+07,-1.30749e+11,-7.34957e+10
4.09113e+07,1.6848e+06,1.50557e+07,-1.30564e+11,-7.38227e+10
4.09176e+07,1.68368e+06,1.506e+07,-1.30379e+11,-7.41492e+10
4.09239e+07,1.68257e+06,1.50642e+07,-1.30193e+11,-7.44753e+10
4.09302e+07,1.68145e+06,1.50684e+07,-1.30006e+11,-7.48009e+10
4.09365e+07,1.68032e+06,1.50726e+07,-1.29819e+11,-7.5126e+10
4.09428e+07,1.67919e+06,1.50768e+07,-1.2963e+11,-7.54507e+10
4.09491e+07,1.67805e+06,1.5081e+07,-1.29441e+11,-7.57749e+10
4.09555e+07,1.67691e+06,1.50852e+07,-1.29251e+11,-7.60986e+10
4.09618e+07,1.67576e+06,1.50894e+07,-1.2906e+11,-7.64218e+10
4.09681e+07,1.67461e+06,1.50936e+07,-1.28868e+11,-7.67446e+10
4.09744e+07,1.67346e+06,1.50978e+07,-1.28676e+11,-7.70669e+10
4.09807e+07,1.67229e+06,1.5102e+07,-1.28482e+11,-7.73887e+10
4.0987e+07,1.67113e+06,1.51061e+07,-1.28288e+11,-7.771e+10
4.09933e+07,1.66996e+06,1.51103e+07,-1.28093e+11,-7.80308e+10
4.09996e+07,1.66878e+06,1.51145e+07,-1.27898e+11,-7.83512e+10
4.10059e+07,1.6676e+06,1.51187e+07,-1.27701e+11,-7.8671e+10
4.10123e+07,1.66642e+06,1.51228e+07,-1.27504e+11,-7.89904e+10
4.10186e+07,1.66523e+06,1.5127e+07,-1.27306e+11,-7.93093e+10
4.10249e+07,1.66403e+06,1.51312e+07,-1.27107e+11,-7.96276e+10
4.10312e+07,1.66283e+06,1.51353e+07,-1.26907e+11,-7.99455e+10
4.10375e+07,1.66163e+06,1.51395e+07,-1.26707e+11,-8.02629e+10
4.10438e+07,1.66042e+06,1.51437e+07,-1.26505e+11,-8.05797e+10
4.10501e+07,1.65921e+06,1.51478e+07,-1.26303e+11,-8.08961e+10
4.10564e+07,1.65799e+06,1.5152e+07,-1.261e+11,-8.12119e+10
4.10627e+07,1.65677e+06,1.51561e+07,-1.25897e+11,-8.15273e+10
4.10691e+07,1.65554e+06,1.51603e+07,-1.25692e+11,-8.18421e+10
4.10754e+07,1.65431e+06,1.51644e+07,-1.25487e+11,-8.21564e+10
4.10817e+07,1.65307e+06,1.51685e+07,-1.25281e+11,-8.24702e+10
4.1088e+07,1.65183e+06,1.51727e+07,-1.25074e+11,-8.27835e+10
4.10943e+07,1.65058e+06,1.51768e+07,-1.24866e+11,-8.30963e+10
4.11006e+07,1.64933e+06,1.51809e+07,-1.24658e+11,-8.34085e+10
4.11069e+07,1.64807e+06,1.51851e+07,-1.24449e+11,-8.37203e+10
4.11132e+07,1.64681e+06,1.51892e+07,-1.24239e+11,-8.40315e+10
4.11196e+07,1.64555e+06,1.51933e+07,-1.24028e+11,-8.43421e+10
4.11259e+07,1.64428e+06,1.51974e+07,-1.23817e+11,-8.46523e+10
4.11322e+07,1.643e+06,1.52015e+07,-1.23604e+11,-8.49619e+10
4.11385e+07,1.64172e+06,1.52056e+07,-1.23391e+11,-8.5271e+10
4.11448e+07,1.64044e+06,1.52098e+07,-1.23177e+11,-8.55795e+10
4.11511e+07,1.63915e+06,1.52139e+07,-1.22963e+11,-8.58875e+10
4.11574e+07,1.63786e+06,1.5218e+07,-1.22747e+11,-8.6195e+10
4.11637e+07,1.63656e+06,1.52221e+07,-1.22531e+11,-8.6502e+10
4.117e+07,1.63526e+06,1.52262e+07,-1.22314e+11,-8.68084e+10
4.11764e+07,1.63395e+06,1.52302e+07,-1.22097e+11,-8.71142e+10
4.11827e+07,1.63264e+06,1.52343e+07,-1.21878e+11,-8.74195e+10
4.1189e+07,1.63132e+06,1.52384e+07,-1.21659e+11,-8.77243e+10
4.11953e+07,1.63e+06,1.52425e+07,-1.21439e+11,-8.80285e+10
4.12016e+07,1.62867e+06,1.52466e+07,-1.21218e+11,-8.83321e+10
4.12079e+07,1.62734e+06,1.52506e+07,-1.20997e+11,-8.86352e+10
4.12142e+07,1.62601e+06,1.52547e+07,-1.20775e+11,-8.89378e+10
4.12205e+07,1.62467e+06,1.52588e+07,-1.20552e+11,-8.92398e+10
4.12268e+07,1.62333e+06,1.52629e+07,-1.20328e+11,-8.95412e+10
4.12332e+07,1.62198e+06,1.52669e+07,-1.20103e+11,-8.98421e+10
4.12395e+07,1.62063e+06,1.5271e+07,-1.19878e+11,-9.01424e+10
4.12458e+07,1.61927e+06,1.5275e+07,-1.19652e+11,-9.04421e+10
4.12521e+07,1.61791e+06,1.52791e+07,-1.19425e+11,-9.07413e+10
4.12584e+07,1.61654e+06,1.52831e+07,-1.19198e+11,-9.10399e+10
4.12647e+07,1.61517e+06,1.52872e+07,-1.18969e+11,-9.13379e+10
4.1271e+07,1.61379e+06,1.52912e+07,-1.1874e+11,-9.16354e+10
4.12773e+07,1.61241e+06,1.52952e+07,-1.18511e+11,-9.19323e+10
4.12837e+07,1.61103e+06,1.52993e+07,-1.1828e+11,-9.22286e+10
4.129e+07,1.60964e+06,1.53033e+07,-1.18049e+11,-9.25243e+10
4.12963e+07,1.60825e+06,1.53073e+07,-1.17817e+11,-9.28195e+10
4.13026e+07,1.60685e+06,1.53114e+07,-1.17584e+11,-9.31141e+10
4.13089e+07,1.60545e+06,1.53154e+07,-1.17351e+11,-9.34081e+10
4.13152e+07,1.60404e+06,1.53194e+07,-1.17117e+11,-9.37015e+10
4.13215e+07,1.60263e+06,1.53234e+07,-1.16882e+11,-9.39943e+10
4.13278e+07,1.60122e+06,1.53274e+07,-1.16646e+11,-9.42865e+10
4.13341e+07,1.5998e+06,1.53314e+07,-1.1641e+11,-9.45782e+10
4.13405e+07,1.59837e+06,1.53354e+07,-1.16173e+11,-9.48692e+10
4.13468e+07,1.59695e+06,1.53394e+07,-1.15935e+11,-9.51597e+10
4.13531e+07,1.59551e+06,1.53434e+07,-1.15696e+11,-9.54495e+10
4.13594e+07,1.59408e+06,1.53474e+07,-1.15457e+11,-9.57388e+10
4.13657e+07,1.59264e+06,1.53514e+07,-1.15217e+11,-9.60274e+10
4.1372e+07,1.59119e+06,1.53554e+07,-1.14976e+11,-9.63155e+10
4.13783e+07,1.58974e+06,1.53594e+07,-1.14735e+11,-9.6603e+10
4.13846e+07,1.58829e+06,1.53633e+07,-1.14493e+11,-9.68898e+10
4.13909e+07,1.58683e+06,1.53673e+07,-1.1425e+11,-9.7176e+10
4.13973e+07,1.58536e+06,1.53713e+07,-1.14006e+11,-9.74617e+10
4.14036e+07,1.5839e+06,1.53752e+07,-1.13762e+11,-9.77467e+10
4.14099e+07,1.58243e+06,1.53792e+07,-1.13517e+11,-9.80311e+10
4.14162e+07,1.58095e+06,1.53832e+07,-1.13271e+11,-9.83149e+10
4.14225e+07,1.57947e+06,1.53871e+07,-1.13025e+11,-9.85981e+10
4.14288e+07,1.57799e+06,1.53911e+07,-1.12777e+11,-9.88807e+10
4.14351e+07,1.5765e+06,1.5395e+07,-1.1253e+11,-9.91626e+10
4.14414e+07,1.57501e+06,1.5399e+07,-1.12281e+11,-9.94439e+10
4.14478e+07,1.57351e+06,1.54029e+07,-1.12032e+11,-9.97246e+10
4.14541e+07,1.57201e+06,1.54068e+07,-1.11782e+11,-1.00005e+11
4.14604e+07,1.5705e+06,1.54108e+07,-1.11531e+11,-1.00284e+11
4.14667e+07,1.56899e+06,1.54147e+07,-1.1128e+11,-1.00563e+11
4.1473e+07,1.56748e+06,1.54186e+07,-1.11028e+11,-1.00841e+11
4.14793e+07,1.56596e+06,1.54225e+07,-1.10775e+11,-1.01119e+11
4.14856e+07,1.56444e+06,1.54265e+07,-1.10521e+11,-1.01396e+11
4.14919e+07,1.56291e+06,1.54304e+07,-1.10267e+11,-1.01672e+11
4.14982e+07,1.56138e+06,1.54343e+07,-1.10012e+11,-1.01948e+11
4.15046e+07,1.55985e+06,1.54382e+07,-1.09757e+11,-1.02223e+11
4.15109e+07,1.55831e+06,1.54421e+07,-1.09501e+11,-1.02497e+11
4.15172e+07,1.55677e+06,1.5446e+07,-1.09244e+11,-1.02771e+11
4.15235e+07,1.55522e+06,1.54499e+07,-1.08986e+11,-1.03044e+11
4.15298e+07,1.55367e+06,1.54538e+07,-1.08728e+11,-1.03316e+11
4.15361e+07,1.55211e+06,1.54577e+07,-1.08469e+11,-1.03588e+11
4.15424e+07,1.55055e+06,1.54615e+07,-1.08209e+11,-1.03859e+11
4.15487e+07,1.54899e+06,1.54654e+07,-1.07949e+11,-1.0413e+11
4.1555e+07,1.54742e+06,1.54693e+07,-1.07688e+11,-1.044e+11
4.15614e+07,1.54585e+06,1.54732e+07,-1.07426e+11,-1.04669e+11
4.15677e+07,1.54428e+06,1.5477e+07,-1.07164e+11,-1.04937e+11
4.1574e+07,1.5427e+06,1.54809e+07,-1.06901e+11,-1.05205e+11
4.15803e+07,1.54112e+06,1.54848e+07,-1.06637e+11,-1.05472e+11
4.15866e+07,1.53953e+06,1.54886e+07,-1.06373e+11,-1.05739e+11
4.15929e+07,1.53794e+06,1.54925e+07,-1.06108e+11,-1.06005e+11
4.15992e+07,1.53634e+06,1.54963e+07,-1.05842e+11,-1.0627e+11
4.16055e+07,1.53474e+06,1.55002e+07,-1.05576e+11,-1.06535e+11
4.16119e+07,1.53314e+06,1.5504e+07,-1.05309e+11,-1.06798e+11
4.16182e+07,1.53153e+06,1.55078e+07,-1.05041e+11,-1.07062e+11
4.16245e+07,1.52992e+06,1.55117e+07,-1.04773e+11,-1.07324e+11
4.16308e+07,1.5283e+06,1.55155e+07,-1.04504e+11,-1.07586e+11
4.16371e+07,1.52669e+06,1.55193e+07,-1.04235e+11,-1.07847e+11
4.16434e+07,1.52506e+06,1.55231e+07,-1.03964e+11,-1.08108e+11
4.16497e+07,1.52344e+06,1.55269e+07,-1.03693e+11,-1.08368e+11
4.1656e+07,1.5218e+06,1.55308e+07,-1.03422e+11,-1.08627e+11
4.16623e+07,1.52017e+06,1.55346e+07,-1.0315e+11,-1.08885e+11
4.16687e+07,1.51853e+06,1.55384e+07,-1.02877e+11,-1.09143e+11
4.1675e+07,1.51689e+06,1.55422e+07,-1.02603e+11,-1.094e+11
4.16813e+07,1.51524e+06,1.5546e+07,-1.02329e+11,-1.09657e+11
4.16876e+07,1.51359e+06,1.55497e+07,-1.02054e+11,-1.09913e+11
4.16939e+07,1.51194e+06,1.55535e+07,-1.01779e+11,-1.10168e+11
4.17002e+07,1.51028e+06,1.55573e+07,-1.01503e+11,-1.10422e+11
4.17065e+07,1.50862e+06,1.55611e+07,-1.01226e+11,-1.10676e+11
4.17128e+07,1.50695e+06,1.55649e+07,-1.00949e+11,-1.10929e+11
4.17191e+07,1.50528e+06,1.55686e+07,-1.00671e+11,-1.11181e+11
4.17255e+07,1.50361e+06,1.55724e+07,-1.00392e+11,-1.11433e+11
4.17318e+07,1.50193e+06,1.55762e+07,-1.00113e+11,-1.11684e+11
4.17381e+07,1.50025e+06,1.55799e+07,-9.98329e+10,-1.11934e+11
4.17444e+07,1.49857e+06,1.55837e+07,-9.95525e+10,-1.12183e+11
4.17507e+07,1.49688e+06,1.55874e+07,-9.92713e+10,-1.12432e+11
4.1757e+07,1.49519e+06,1.55912e+07,-9.89896e+10,-1.1268e+11
4.17633e+07,1.49349e+06,1.55949e+07,-9.87073e+10,-1.12928e+11
4.17696e+07,1.49179e+06,1.55986e+07,-9.84243e+10,-1.13174e+11
4.1776e+07,1.49009e+06,1.56024e+07,-9.81407e+10,-1.1342e+11
4.17823e+07,1.48839e+06,1.56061e+07,-9.78565e+10,-1.13665e+11
4.17886e+07,1.48667e+06,1.56098e+07,-9.75717e+10,-1.1391e+11
4.17949e+07,1.48496e+06,1.56135e+07,-9.72862e+10,-1.14154e+11
4.18012e+07,1.48324e+06,1.56173e+07,-9.70002e+10,-1.14397e+11
4.18075e+07,1.48152e+06,1.5621e+07,-9.67136e+10,-1.14639e+11
4.18138e+07,1.4798e+06,1.56247e+07,-9.64263e+10,-1.14881e+11
4.18201e+07,1.47807e+06,1.56284e+07,-9.61385e+10,-1.15122e+11
4.18264e+07,1.47634e+06,1.56321e+07,-9.585e+10,-1.15362e+11
4.18328e+07,1.4746e+06,1.56358e+07,-9.55609e+10,-1.15602e+11
4.18391e+07,1.47286e+06,1.56394e+07,-9.52713e+10,-1.15841e+11
4.18454e+07,1.47112e+06,1.56431e+07,-9.4981e+10,-1.16079e+11
4.18517e+07,1.46937e+06,1.56468e+07,-9.46902e+10,-1.16316e+11
4.1858e+07,1.46762e+06,1.56505e+07,-9.43987e+10,-1.16553e+11
4.18643e+07,1.46587e+06,1.56542e+07,-9.41067e+10,-1.16789e+11
4.18706e+07,1.46411e+06,1.56578e+07,-9.38141e+10,-1.17024e+11
4.18769e+07,1.46235e+06,1.56615e+07,-9.35209e+10,-1.17258e+11
4.18832e+07,1.46059e+06,1.56651e+07,-9.32271e+10,-1.17492e+11
4.18896e+07,1.45882e+06,1.56688e+07,-9.29327e+10,-1.17725e+11
4.18959e+07,1.45705e+06,1.56724e+07,-9.26377e+10,-1.17957e+11
4.19022e+07,1.45527e+06,1.56761e+07,-9.23422e+10,-1.18189e+11
4.19085e+07,1.45349e+06,1.56797e+07,-9.20461e+10,-1.18419e+11
4.19148e+07,1.45171e+06,1.56834e+07,-9.17494e+10,-1.18649e+11
4.19211e+07,1.44993e+06,1.5687e+07,-9.14521e+10,-1.18879e+11
4.19274e+07,1.44814e+06,1.56906e+07,-9.11543e+10,-1.19107e+11
4.19337e+07,1.44635e+06,1.56942e+07,-9.08558e+10,-1.19335e+11
4.19401e+07,1.44455e+06,1.56979e+07,-9.05569e+10,-1.19562e+11
4.19464e+07,1.44275e+06,1.57015e+07,-9.02573e+10,-1.19788e+11
4.19527e+07,1.44095e+06,1.57051e+07,-8.99572e+10,-1.20014e+11
4.1959e+07,1.43914e+06,1.57087e+07,-8.96565e+10,-1.20238e+11
4.19653e+07,1.43734e+06,1.57123e+07,-8.93553e+10,-1.20462e+11
4.19716e+07,1.43552e+06,1.57159e+07,-8.90535e+10,-1.20686e+11
4.19779e+07,1.43371e+06,1.57195e+07,-8.87511e+10,-1.20908e+11
4.19842e+07,1.43189e+06,1.57231e+07,-8.84482e+10,-1.2113e+11
4.19905e+07,1.43007e+06,1.57266e+07,-8.81447e+10,-1.21351e+11
4.19969e+07,1.42824e+06,1.57302e+07,-8.78407e+10,-1.21571e+11
4.20032e+07,1.42641e+06,1.57338e+07,-8.75361e+10,-1.21791e+11
4.20095e+07,1.42458e+06,1.57374e+07,-8.7231e+10,-1.22009e+11
4.20158e+07,1.42274e+06,1.57409e+07,-8.69253e+10,-1.22227e+11
4.20221e+07,1.4209e+06,1.57445e+07,-8.66191e+10,-1.22444e+11
4.20284e+07,1.41906e+06,1.5748e+07,-8.63124e+10,-1.22661e+11
4.20347e+07,1.41722e+06,1.57516e+07,-8.60051e+10,-1.22876e+11
4.2041e+07,1.41537e+06,1.57551e+07,-8.56972e+10,-1.23091e+11
4.20473e+07,1.41352e+06,1.57587e+07,-8.53889e+10,-1.23305e+11
4.20537e+07,1.41166e+06,1.57622e+07,-8.508e+10,-1.23519e+11
4.206e+07,1.4098e+06,1.57657e+07,-8.47705e+10,-1.23731e+11
4.20663e+07,1.40794e+06,1.57693e+07,-8.44606e+10,-1.23943e+11
4.20726e+07,1.40608e+06,1.57728e+07,-8.41501e+10,-1.24154e+11
4.20789e+07,1.40421e+06,1.57763e+07,-8.3839e+10,-1.24364e+11
4.20852e+07,1.40234e+06,1.57798e+07,-8.35275e+10,-1.24574e+11
4.20915e+07,1.40047e+06,1.57833e+07,-8.32154e+10,-1.24782e+11
4.20978e+07,1.39859e+06,1.57868e+07,-8.29028e+10,-1.2499e+11
4.21041e+07,1.39671e+06,1.57903e+07,-8.25897e+10,-1.25197e+11
4.21105e+07,1.39482e+06,1.57938e+07,-8.22761e+10,-1.25404e+11
4.21168e+07,1.39294e+06,1.57973e+07,-8.19619e+10,-1.25609e+11
4.21231e+07,1.39105e+06,1.58008e+07,-8.16473e+10,-1.25814e+11
4.21294e+07,1.38916e+06,1.58043e+07,-8.13321e+10,-1.26018e+11
4.21357e+07,1.38726e+06,1.58077e+07,-8.10164e+10,-1.26221e+11
4.2142e+07,1.38536e+06,1.58112e+07,-8.07002e+10,-1.26423e+11
4.21483e+07,1.38346e+06,1.58147e+07,-8.03835e+10,-1.26625e+11
4.21546e+07,1.38155e+06,1.58181e+07,-8.00664e+10,-1.26826e+11
4.2161e+07,1.37965e+06,1.58216e+07,-7.97487e+10,-1.27026e+11
4.21673e+07,1.37774e+06,1.5825e+07,-7.94305e+10,-1.27225e+11
4.21736e+07,1.37582e+06,1.58285e+07,-7.91118e+10,-1.27423e+11
4.21799e+07,1.37391e+06,1.58319e+07,-7.87926e+10,-1.27621e+11
4.21862e+07,1.37199e+06,1.58354e+07,-7.84729e+10,-1.27818e+11
4.21925e+07,1.37006e+06,1.58388e+07,-7.81527e+10,-1.28014e+11
4.21988e+07,1.36814e+06,1.58422e+07,-7.7832e+10,-1.28209e+11
4.22051e+07,1.36621e+06,1.58456e+07,-7.75109e+10,-1.28403e+11
4.22114e+07,1.36428e+06,1.58491e+07,-7.71893e+10,-1.28597e+11
4.22178e+07,1.36234e+06,1.58525e+07,-7.68671e+10,-1.2879e+11
4.22241e+07,1.36041e+06,1.58559e+07,-7.65445e+10,-1.28982e+11
4.22304e+07,1.35847e+06,1.58593e+07,-7.62214e+10,-1.29173e+11
4.22367e+07,1.35652e+06,1.58627e+07,-7.58979e+10,-1.29363e+11
4.2243e+07,1.35458e+06,1.58661e+07,-7.55738e+10,-1.29553e+11
4.22493e+07,1.35263e+06,1.58695e+07,-7.52493e+10,-1.29741e+11
4.22556e+07,1.35068e+06,1.58728e+07,-7.49244e+10,-1.29929e+11
4.22619e+07,1.34872e+06,1.58762e+07,-7.45989e+10,-1.30116e+11
4.22682e+07,1.34677e+06,1.58796e+07,-7.4273e+10,-1.30303e+11
4.22746e+07,1.34481e+06,1.5883e+07,-7.39466e+10,-1.30488e+11
4.22809e+07,1.34284e+06,1.58863e+07,-7.36198e+10,-1.30673e+11
4.22872e+07,1.34088e+06,1.58897e+07,-7.32925e+10,-1.30857e+11
4.22935e+07,1.33891e+06,1.5893e+07,-7.29647e+10,-1.3104e+11
4.22998e+07,1.33694e+06,1.58964e+07,-7.26365e+10,-1.31222e+11
4.23061e+07,1.33496e+06,1.58997e+07,-7.23078e+10,-1.31403e+11
4.23124e+07,1.33299e+06,1.59031e+07,-7.19787e+10,-1.31584e+11
4.23187e+07,1.33101e+06,1.59064e+07,-7.16491e+10,-1.31764e+11
4.23251e+07,1.32903e+06,1.59097e+07,-7.1319e+10,-1.31942e+11
4.23314e+07,1.32704e+06,1.5913e+07,-7.09886e+10,-1.32121e+11
4.23377e+07,1.32506e+06,1.59164e+07,-7.06576e+10,-1.32298e+11
4.2344e+07,1.32307e+06,1.59197e+07,-7.03263e+10,-1.32474e+11
4.23503e+07,1.32107e+06,1.5923e+07,-6.99945e+10,-1.3265e+11
4.23566e+07,1.31908e+06,1.59263e+07,-6.96622e+10,-1.32825e+11
4.23629e+07,1.31708e+06,1.59296e+07,-6.93296e+10,-1.32999e+11
4.23692e+07,1.31508e+06,1.59329e+07,-6.89964e+10,-1.33172e+11
4.23755e+07,1.31308e+06,1.59362e+07,-6.86629e+10,-1.33344e+11
4.23819e+07,1.31107e+06,1.59395e+07,-6.83289e+10,-1.33515e+11
4.23882e+07,1.30906e+06,1.59427e+07,-6.79945e+10,-1.33686e+11
4.23945e+07,1.30705e+06,1.5946e+07,-6.76597e+10,-1.33856e+11
4.24008e+07,1.30504e+06,1.59493e+07,-6.73244e+10,-1.34025e+11
4.24071e+07,1.30302e+06,1.59525e+07,-6.69888e+10,-1.34193e+11
4.24134e+07,1.30101e+06,1.59558e+07,-6.66527e+10,-1.3436e+11
4.24197e+07,1.29898e+06,1.59591e+07,-6.63161e+10,-1.34526e+11
4.2426e+07,1.29696e+06,1.59623e+07,-6.59792e+10,-1.34692e+11
4.24323e+07,1.29494e+06,1.59655e+07,-6.56419e+10,-1.34857e+11
4.24387e+07,1.29291e+06,1.59688e+07,-6.53041e+10,-1.3502e+11
4.2445e+07,1.29088e+06,1.5972e+07,-6.4966e+10,-1.35183e+11
4.24513e+07,1.28884e+06,1.59752e+07,-6.46274e+10,-1.35346e+11
4.24576e+07,1.28681e+06,1.59785e+07,-6.42884e+10,-1.35507e+11
4.24639e+07,1.28477e+06,1.59817e+07,-6.3949e+10,-1.35667e+11
4.24702e+07,1.28273e+06,1.59849e+07,-6.36093e+10,-1.35827e+11
4.24765e+07,1.28069e+06,1.59881e+07,-6.32691e+10,-1.35986e+11
4.24828e+07,1.27864e+06,1.59913e+07,-6.29285e+10,-1.36144e+11
4.24892e+07,1.27659e+06,1.59945e+07,-6.25876e+10,-1.36301e+11
4.24955e+07,1.27454e+06,1.59977e+07,-6.22462e+10,-1.36457e+11
4.25018e+07,1.27249e+06,1.60009e+07,-6.19045e+10,-1.36612e+11
4.25081e+07,1.27044e+06,1.60041e+07,-6.15623e+10,-1.36767e+11
4.25144e+07,1.26838e+06,1.60072e+07,-6.12198e+10,-1.36921e+11
4.25207e+07,1.26632e+06,1.60104e+07,-6.08769e+10,-1.37073e+11
4.2527e+07,1.26426e+06,1.60136e+07,-6.05336e+10,-1.37225e+11
4.25333e+07,1.2622e+06,1.60167e+07,-6.01899e+10,-1.37376e+11
4.25396e+07,1.26013e+06,1.60199e+07,-5.98459e+10,-1.37527e+11
4.2546e+07,1.25806e+06,1.60231e+07,-5.95015e+10,-1.37676e+11
4.25523e+07,1.25599e+06,1.60262e+07,-5.91567e+10,-1.37824e+11
4.25586e+07,1.25392e+06,1.60293e+07,-5.88115e+10,-1.37972e+11
4.25649e+07,1.25184e+06,1.60325e+07,-5.8466e+10,-1.38119e+11
4.25712e+07,1.24977e+06,1.60356e+07,-5.81201e+10,-1.38265e+11
4.25775e+07,1.24769e+06,1.60387e+07,-5.77739e+10,-1.3841e+11
4.25838e+07,1.24561e+06,1.60418e+07,-5.74272e+10,-1.38554e+11
4.25901e+07,1.24352e+06,1.6045e+07,-5.70803e+10,-1.38697e+11
4.25964e+07,1.24144e+06,1.60481e+07,-5.67329e+10,-1.3884e+11
4.26028e+07,1.23935e+06,1.60512e+07,-5.63852e+10,-1.38981e+11
4.26091e+07,1.23726e+06,1.60543e+07,-5.60372e+10,-1.39122e+11
4.26154e+07,1.23517e+06,1.60574e+07,-5.56888e+10,-1.39262e+11
4.26217e+07,1.23307e+06,1.60605e+07,-5.534e+10,-1.39401e+11
4.2628e+07,1.23098e+06,1.60635e+07,-5.49909e+10,-1.39539e+11
4.26343e+07,1.22888e+06,1.60666e+07,-5.46415e+10,-1.39676e+11
4.26406e+07,1.22678e+06,1.60697e+07,-5.42917e+10,-1.39812e+11
4.26469e+07,1.22468e+06,1.60728e+07,-5.39416e+10,-1.39948e+11
4.26533e+07,1.22257e+06,1.60758e+07,-5.35912e+10,-1.40082e+11
4.26596e+07,1.22046e+06,1.60789e+07,-5.32404e+10,-1.40216e+11
4.26659e+07,1.21836e+06,1.60819e+07,-5.28892e+10,-1.40349e+11
4.26722e+07,1.21624e+06,1.6085e+07,-5.25378e+10,-1.40481e+11
4.26785e+07,1.21413e+06,1.6088e+07,-5.2186e+10,-1.40612e+11
4.26848e+07,1.21202e+06,1.60911e+07,-5.18339e+10,-1.40742e+11
4.26911e+07,1.2099e+06,1.60941e+07,-5.14814e+10,-1.40871e+11
4.26974e+07,1.20778e+06,1.60971e+07,-5.11287e+10,-1.40999e+11
4.27037e+07,1.20566e+06,1.61001e+07,-5.07756e+10,-1.41127e+11
4.27101e+07,1.20354e+06,1.61031e+07,-5.04222e+10,-1.41254e+11
4.27164e+07,1.20142e+06,1.61062e+07,-5.00685e+10,-1.41379e+11
4.27227e+07,1.19929e+06,1.61092e+07,-4.97145e+10,-1.41504e+11
4.2729e+07,1.19716e+06,1.61122e+07,-4.93601e+10,-1.41628e+11
4.27353e+07,1.19503e+06,1.61152e+07,-4.90055e+10,-1.41751e+11
4.27416e+07,1.1929e+06,1.61181e+07,-4.86505e+10,-1.41874e+11
4.27479e+07,1.19077e+06,1.61211e+07,-4.82953e+10,-1.41995e+11
4.27542e+07,1.18863e+06,1.61241e+07,-4.79397e+10,-1.42115e+11
4.27605e+07,1.1865e+06,1.61271e+07,-4.75838e+10,-1.42235e+11
4.27669e+07,1.18436e+06,1.613e+07,-4.72277e+10,-1.42353e+11
4.27732e+07,1.18222e+06,1.6133e+07,-4.68712e+10,-1.42471e+11
4.27795e+07,1.18007e+06,1.6136e+07,-4.65145e+10,-1.42588e+11
4.27858e+07,1.17793e+06,1.61389e+07,-4.61574e+10,-1.42704e+11
4.27921e+07,1.17578e+06,1.61419e+07,-4.58001e+10,-1.42819e+11
4.27984e+07,1.17364e+06,1.61448e+07,-4.54425e+10,-1.42933e+11
4.28047e+07,1.17149e+06,1.61477e+07,-4.50846e+10,-1.43047e+11
4.2811e+07,1.16934e+06,1.61507e+07,-4.47264e+10,-1.43159e+11
4.28174e+07,1.16718e+06,1.61536e+07,-4.43679e+10,-1.4327e+11
4.28237e+07,1.16503e+06,1.61565e+07,-4.40092e+10,-1.43381e+11
4.283e+07,1.16287e+06,1.61594e+07,-4.36501e+10,-1.43491e+11
4.28363e+07,1.16072e+06,1.61623e+07,-4.32909e+10,-1.436e+11
4.28426e+07,1.15856e+06,1.61652e+07,-4.29313e+10,-1.43707e+11
4.28489e+07,1.1564e+06,1.61681e+07,-4.25715e+10,-1.43814e+11
4.28552e+07,1.15423e+06,1.6171e+07,-4.22114e+10,-1.43921e+11
4.28615e+07,1.15207e+06,1.61739e+07,-4.1851e+10,-1.44026e+11
4.28678e+07,1.1499e+06,1.61768e+07,-4.14904e+10,-1.4413e+11
4.28742e+07,1.14774e+06,1.61797e+07,-4.11295e+10,-1.44233e+11
4.28805e+07,1.14557e+06,1.61825e+07,-4.07683e+10,-1.44336e+11
4.28868e+07,1.1434e+06,1.61854e+07,-4.04069e+10,-1.44437e+11
4.28931e+07,1.14123e+06,1.61882e+07,-4.00453e+10,-1.44538e+11
4.28994e+07,1.13905e+06,1.61911e+07,-3.96834e+10,-1.44638e+11
4.29057e+07,1.13688e+06,1.61939e+07,-3.93212e+10,-1.44737e+11
4.2912e+07,1.1347e+06,1.61968e+07,-3.89588e+10,-1.44835e+11
4.29183e+07,1.13253e+06,1.61996e+07,-3.85962e+10,-1.44932e+11
4.29246e+07,1.13035e+06,1.62025e+07,-3.82333e+10,-1.45028e+11
4.2931e+07,1.12817e+06,1.62053e+07,-3.78702e+10,-1.45123e+11
4.29373e+07,1.12598e+06,1.62081e+07,-3.75068e+10,-1.45217e+11
4.29436e+07,1.1238e+06,1.62109e+07,-3.71432e+10,-1.45311e+11
4.29499e+07,1.12162e+06,1.62137e+07,-3.67794e+10,-1.45403e+11
4.29562e+07,1.11943e+06,1.62165e+07,-3.64153e+10,-1.45495e+11
4.29625e+07,1.11724e+06,1.62193e+07,-3.60511e+10,-1.45586e+11
4.29688e+07,1.11505e+06,1.62221e+07,-3.56866e+10,-1.45675e+11
4.29751e+07,1.11286e+06,1.62249e+07,-3.53218e+10,-1.45764e+11
4.29815e+07,1.11067e+06,1.62277e+07,-3.49569e+10,-1.45852e+11
4.29878e+07,1.10848e+06,1.62305e+07,-3.45917e+10,-1.45939e+11
4.29941e+07,1.10628e+06,1.62332e+07,-3.42263e+10,-1.46025e+11
4.30004e+07,1.10409e+06,1.6236e+07,-3.38607e+10,-1.46111e+11
4.30067e+07,1.10189e+06,1.62388e+07,-3.34949e+10,-1.46195e+11
4.3013e+07,1.09969e+06,1.62415e+07,-3.31288e+10,-1.46278e+11
4.30193e+07,1.09749e+06,1.62443e+07,-3.27626e+10,-1.46361e+11
4.30256e+07,1.09529e+06,1.6247e+07,-3.23962e+10,-1.46442e+11
4.30319e+07,1.09309e+06,1.62498e+07,-3.20295e+10,-1.46523e+11
4.30383e+07,1.09089e+06,1.62525e+07,-3.16627e+10,-1.46603e+11
4.30446e+07,1.08869e+06,1.62552e+07,-3.12956e+10,-1.46681e+11
4.30509e+07,1.08648e+06,1.62579e+07,-3.09284e+10,-1.46759e+11
4.30572e+07,1.08427e+06,1.62607e+07,-3.0561e+10,-1.46836e+11
4.30635e+07,1.08207e+06,1.62634e+07,-3.01933e+10,-1.46912e+11
4.30698e+07,1.07986e+06,1.62661e+07,-2.98255e+10,-1.46987e+11
4.30761e+07,1.07765e+06,1.62688e+07,-2.94575e+10,-1.47062e+11
4.30824e+07,1.07544e+06,1.62715e+07,-2.90893e+10,-1.47135e+11
4.30887e+07,1.07322e+06,1.62742e+07,-2.8721e+10,-1.47207e+11
4.30951e+07,1.07101e+06,1.62768e+07,-2.83524e+10,-1.47279e+11
4.31014e+07,1.0688e+06,1.62795e+07,-2.79837e+10,-1.47349e+11
4.31077e+07,1.06658e+06,1.62822e+07,-2.76148e+10,-1.47419e+11
4.3114e+07,1.06437e+06,1.62849e+07,-2.72457e+10,-1.47487e+11
4.31203e+07,1.06215e+06,1.62875e+07,-2.68765e+10,-1.47555e+11
4.31266e+07,1.05993e+06,1.62902e+07,-2.65071e+10,-1.47622e+11
4.31329e+07,1.05771e+06,1.62928e+07,-2.61375e+10,-1.47688e+11
4.31392e+07,1.05549e+06,1.62955e+07,-2.57677e+10,-1.47753e+11
4.31456e+07,1.05327e+06,1.62981e+07,-2.53978e+10,-1.47817e+11
4.31519e+07,1.05105e+06,1.63007e+07,-2.50278e+10,-1.4788e+11
4.31582e+07,1.04882e+06,1.63034e+07,-2.46576e+10,-1.47942e+11
4.31645e+07,1.0466e+06,1.6306e+07,-2.42872e+10,-1.48003e+11
4.31708e+07,1.04437e+06,1.63086e+07,-2.39167e+10,-1.48064e+11
4.31771e+07,1.04215e+06,1.63112e+07,-2.3546e+10,-1.48123e+11
4.31834e+07,1.03992e+06,1.63138e+07,-2.31752e+10,-1.48181e+11
4.31897e+07,1.03769e+06,1.63164e+07,-2.28042e+10,-1.48239e+11
4.3196e+07,1.03547e+06,1.6319e+07,-2.24331e+10,-1.48296e+11
4.32024e+07,1.03324e+06,1.63216e+07,-2.20618e+10,-1.48351e+11
4.32087e+07,1.03101e+06,1.63242e+07,-2.16904e+10,-1.48406e+11
4.3215e+07,1.02877e+06,1.63268e+07,-2.13189e+10,-1.4846e+11
4.32213e+07,1.02654e+06,1.63293e+07,-2.09473e+10,-1.48513e+11
4.32276e+07,1.02431e+06,1.63319e+07,-2.05755e+10,-1.48565e+11
4.32339e+07,1.02208e+06,1.63345e+07,-2.02036e+10,-1.48616e+11
4.32402e+07,1.01984e+06,1.6337e+07,-1.98315e+10,-1.48666e+11
4.32465e+07,1.01761e+06,1.63396e+07,-1.94593e+10,-1.48715e+11
4.32528e+07,1.01537e+06,1.63421e+07,-1.9087e+10,-1.48763e+11
4.32592e+07,1.01314e+06,1.63447e+07,-1.87146e+10,-1.48811e+11
4.32655e+07,1.0109e+06,1.63472e+07,-1.83421e+10,-1.48857e+11
4.32718e+07,1.00866e+06,1.63497e+07,-1.79695e+10,-1.48902e+11
4.32781e+07,1.00642e+06,1.63522e+07,-1.75967e+10,-1.48947e+11
4.32844e+07,1.00418e+06,1.63547e+07,-1.72238e+10,-1.4899e+11
4.32907e+07,1.00194e+06,1.63573e+07,-1.68509e+10,-1.49033e+11
4.3297e+07,999704,1.63598e+07,-1.64778e+10,-1.49075e+11
4.33033e+07,997463,1.63623e+07,-1.61046e+10,-1.49116e+11
4.33097e+07,995221,1.63648e+07,-1.57313e+10,-1.49155e+11
4.3316e+07,992979,1.63672e+07,-1.53579e+10,-1.49194e+11
4.33223e+07,990736,1.63697e+07,-1.49845e+10,-1.49232e+11
4.33286e+07,988493,1.63722e+07,-1.46109e+10,-1.49269e+11
4.33349e+07,986249,1.63747e+07,-1.42372e+10,-1.49305e+11
4.33412e+07,984005,1.63771e+07,-1.38635e+10,-1.49341e+11
4.33475e+07,981760,1.63796e+07,-1.34896e+10,-1.49375e+11
4.33538e+07,979514,1.63821e+07,-1.31157e+10,-1.49408e+11
4.33601e+07,977268,1.63845e+07,-1.27417e+10,-1.4944e+11
4.33665e+07,975022,1.63869e+07,-1.23676e+10,-1.49472e+11
4.33728e+07,972775,1.63894e+07,-1.19935e+10,-1.49502e+11
4.33791e+07,970528,1.63918e+07,-1.16192e+10,-1.49532e+11
4.33854e+07,968280,1.63942e+07,-1.12449e+10,-1.49561e+11
4.33917e+07,966032,1.63967e+07,-1.08705e+10,-1.49588e+11
4.3398e+07,963783,1.63991e+07,-1.04961e+10,-1.49615e+11
4.34043e+07,961534,1.64015e+07,-1.01216e+10,-1.49641e+11
4.34106e+07,959285,1.64039e+07,-9.74698e+09,-1.49666e+11
4.34169e+07,957035,1.64063e+07,-9.37234e+09,-1.4969e+11
4.34233e+07,954785,1.64087e+07,-8.99764e+09,-1.49713e+11
4.34296e+07,952535,1.64111e+07,-8.62288e+09,-1.49735e+11
4.34359e+07,950284,1.64134e+07,-8.24807e+09,-1.49756e+11
4.34422e+07,948033,1.64158e+07,-7.87321e+09,-1.49776e+11
4.34485e+07,945782,1.64182e+07,-7.4983e+09,-1.49795e+11
4.34548e+07,943530,1.64206e+07,-7.12334e+09,-1.49813e+11
4.34611e+07,941278,1.64229e+07,-6.74834e+09,-1.49831e+11
4.34674e+07,939026,1.64253e+07,-6.3733e+09,-1.49847e+11
4.34737e+07,936774,1.64276e+07,-5.99821e+09,-1.49863e+11
4.34801e+07,934521,1.643e+07,-5.62309e+09,-1.49877e+11
4.34864e+07,932268,1.64323e+07,-5.24794e+09,-1.49891e+11
4.34927e+07,930015,1.64346e+07,-4.87275e+09,-1.49903e+11
4.3499e+07,927762,1.64369e+07,-4.49752e+09,-1.49915e+11
4.35053e+07,925509,1.64393e+07,-4.12228e+09,-1.49926e+11
4.35116e+07,923255,1.64416e+07,-3.747e+09,-1.49936e+11
4.35179e+07,921001,1.64439e+07,-3.3717e+09,-1.49945e+11
4.35242e+07,918748,1.64462e+07,-2.99638e+09,-1.49953e+11
4.35306e+07,916494,1.64485e+07,-2.62105e+09,-1.4996e+11
4.35369e+07,914240,1.64508e+07,-2.24569e+09,-1.49966e+11
4.35432e+07,911985,1.64531e+07,-1.87032e+09,-1.49971e+11
4.35495e+07,909731,1.64553e+07,-1.49494e+09,-1.49975e+11
4.35558e+07,907477,1.64576e+07,-1.11956e+09,-1.49978e+11
4.35621e+07,905223,1.64599e+07,-7.44159e+08,-1.49981e+11
4.35684e+07,902969,1.64621e+07,-3.68758e+08,-1.49982e+11
4.35747e+07,900714,1.64644e+07,6.6455e+06,-1.49983e+11
4.3581e+07,898460,1.64667e+07,3.82049e+08,-1.49982e+11
4.35874e+07,896206,1.64689e+07,7.5745e+08,-1.49981e+11
4.35937e+07,893951,1.64711e+07,1.13285e+09,-1.49978e+11
4.36e+07,891697,1.64734e+07,1.50824e+09,-1.49975e+11
4.36063e+07,889443,1.64756e+07,1.88361e+09,-1.49971e+11
4.36126e+07,887189,1.64778e+07,2.25898e+09,-1.49966e+11
4.36189e+07,884935,1.648e+07,2.63434e+09,-1.4996e+11
4.36252e+07,882681,1.64823e+07,3.00967e+09,-1.49952e+11
4.36315e+07,880427,1.64845e+07,3.38499e+09,-1.49944e+11
4.36378e+07,878174,1.64867e+07,3.76029e+09,-1.49936e+11
4.36442e+07,875920,1.64889e+07,4.13556e+09,-1.49926e+11
4.36505e+07,873667,1.64911e+07,4.51081e+09,-1.49915e+11
4.36568e+07,871413,1.64932e+07,4.88603e+09,-1.49903e+11
4.36631e+07,869160,1.64954e+07,5.26122e+09,-1.4989e+11
4.36694e+07,866908,1.64976e+07,5.63638e+09,-1.49877e+11
4.36757e+07,864655,1.64998e+07,6.0115e+09,-1.49862e+11
4.3682e+07,862403,1.65019e+07,6.38658e+09,-1.49847e+11
4.36883e+07,860150,1.65041e+07,6.76162e+09,-1.4983e+11
4.36947e+07,857899,1.65062e+07,7.13662e+09,-1.49813e+11
4.3701e+07,855647,1.65084e+07,7.51158e+09,-1.49795e+11
4.37073e+07,853396,1.65105e+07,7.88649e+09,-1.49775e+11
4.37136e+07,851145,1.65126e+07,8.26135e+09,-1.49755e+11
4.37199e+07,848894,1.65148e+07,8.63615e+09,-1.49734e+11
4.37262e+07,846643,1.65169e+07,9.01091e+09,-1.49712e+11
4.37325e+07,844393,1.6519e+07,9.38561e+09,-1.49689e+11
4.37388e+07,842144,1.65211e+07,9.76024e+09,-1.49665e+11
4.37451e+07,839894,1.65232e+07,1.01348e+10,-1.4964e+11
4.37515e+07,837645,1.65253e+07,1.05093e+10,-1.49614e+11
4.37578e+07,835397,1.65274e+07,1.08838e+10,-1.49587e+11
4.37641e+07,833149,1.65295e+07,1.12582e+10,-1.4956e+11
4.37704e+07,830901,1.65316e+07,1.16325e+10,-1.49531e+11
4.37767e+07,828654,1.65337e+07,1.20067e+10,-1.49501e+11
4.3783e+07,826407,1.65357e+07,1.23809e+10,-1.49471e+11
4.37893e+07,824160,1.65378e+07,1.2755e+10,-1.49439e+11
4.37956e+07,821914,1.65399e+07,1.3129e+10,-1.49407e+11
4.38019e+07,819669,1.65419e+07,1.35029e+10,-1.49374e+11
4.38083e+07,817424,1.6544e+07,1.38767e+10,-1.49339e+11
4.38146e+07,815180,1.6546e+07,1.42505e+10,-1.49304e+11
4.38209e+07,812936,1.6548e+07,1.46241e+10,-1.49268e+11
4.38272e+07,810693,1.65501e+07,1.49977e+10,-1.49231e+11
4.38335e+07,808450,1.65521e+07,1.53712e+10,-1.49193e+11
4.38398e+07,806208,1.65541e+07,1.57446e+10,-1.49154e+11
4.38461e+07,803966,1.65561e+07,1.61178e+10,-1.49114e+11
4.38524e+07,801725,1.65581e+07,1.6491e+10,-1.49073e+11
4.38588e+07,799485,1.65601e+07,1.68641e+10,-1.49032e+11
4.38651e+07,797245,1.65621e+07,1.72371e+10,-1.48989e+11
4.38714e+07,795006,1.65641e+07,1.76099e+10,-1.48945e+11
4.38777e+07,792768,1.65661e+07,1.79827e+10,-1.48901e+11
4.3884e+07,790530,1.65681e+07,1.83553e+10,-1.48855e+11
4.38903e+07,788293,1.65701e+07,1.87278e+10,-1.48809e+11
4.38966e+07,786057,1.6572e+07,1.91002e+10,-1.48762e+11
4.39029e+07,783821,1.6574e+07,1.94725e+10,-1.48713e+11
4.39092e+07,781586,1.6576e+07,1.98447e+10,-1.48664e+11
4.39156e+07,779352,1.65779e+07,2.02167e+10,-1.48614e+11
4.39219e+07,777119,1.65799e+07,2.05887e+10,-1.48563e+11
4.39282e+07,774886,1.65818e+07,2.09604e+10,-1.48511e+11
4.39345e+07,772654,1.65837e+07,2.13321e+10,-1.48458e+11
4.39408e+07,770423,1.65857e+07,2.17036e+10,-1.48404e+11
4.39471e+07,768193,1.65876e+07,2.2075e+10,-1.4835e+11
4.39534e+07,765964,1.65895e+07,2.24463e+10,-1.48294e+11
4.39597e+07,763735,1.65914e+07,2.28174e+10,-1.48237e+11
4.3966e+07,761508,1.65933e+07,2.31883e+10,-1.4818e+11
4.39724e+07,759281,1.65952e+07,2.35591e+10,-1.48121e+11
4.39787e+07,757055,1.65971e+07,2.39298e+10,-1.48062e+11
4.3985e+07,754830,1.6599e+07,2.43003e+10,-1.48001e+11
4.39913e+07,752606,1.66009e+07,2.46707e+10,-1.4794e+11
4.39976e+07,750383,1.66028e+07,2.50409e+10,-1.47878e+11
4.40039e+07,748161,1.66047e+07,2.5411e+10,-1.47815e+11
4.40102e+07,745939,1.66066e+07,2.57809e+10,-1.47751e+11
4.40165e+07,743719,1.66084e+07,2.61506e+10,-1.47686e+11
4.40229e+07,741500,1.66103e+07,2.65202e+10,-1.4762e+11
4.40292e+07,739281,1.66121e+07,2.68896e+10,-1.47553e+11
4.40355e+07,737064,1.6614e+07,2.72588e+10,-1.47485e+11
4.40418e+07,734848,1.66158e+07,2.76279e+10,-1.47417e+11
4.40481e+07,732633,1.66177e+07,2.79968e+10,-1.47347e+11
4.40544e+07,730419,1.66195e+07,2.83655e+10,-1.47276e+11
4.40607e+07,728205,1.66213e+07,2.8734e+10,-1.47205e+11
4.4067e+07,725993,1.66231e+07,2.91024e+10,-1.47133e+11
4.40733e+07,723782,1.66249e+07,2.94706e+10,-1.47059e+11
4.40797e+07,721573,1.66268e+07,2.98386e+10,-1.46985e+11
4.4086e+07,719364,1.66286e+07,3.02064e+10,-1.4691e+11
4.40923e+07,717156,1.66304e+07,3.0574e+10,-1.46834e+11
4.40986e+07,714950,1.66321e+07,3.09414e+10,-1.46757e+11
4.41049e+07,712745,1.66339e+07,3.13087e+10,-1.46679e+11
4.41112e+07,710541,1.66357e+07,3.16757e+10,-1.466e+11
4.41175e+07,708338,1.66375e+07,3.20425e+10,-1.4652e+11
4.41238e+07,706136,1.66393e+07,3.24092e+10,-1.4644e+11
4.41301e+07,703936,1.6641e+07,3.27756e+10,-1.46358e+11
4.41365e+07,701736,1.66428e+07,3.31418e+10,-1.46276e+11
4.41428e+07,699538,1.66445e+07,3.35079e+10,-1.46192e+11
4.41491e+07,697342,1.66463e+07,3.38737e+10,-1.46108e+11
4.41554e+07,695146,1.6648e+07,3.42393e+10,-1.46023e+11
4.41617e+07,692952,1.66498e+07,3.46047e+10,-1.45937e+11
4.4168e+07,690759,1.66515e+07,3.49698e+10,-1.4585e+11
4.41743e+07,688568,1.66532e+07,3.53348e+10,-1.45762e+11
4.41806e+07,686378,1.66549e+07,3.56995e+10,-1.45673e+11
4.4187e+07,684189,1.66567e+07,3.6064e+10,-1.45583e+11
4.41933e+07,682001,1.66584e+07,3.64283e+10,-1.45492e+11
4.41996e+07,679815,1.66601e+07,3.67923e+10,-1.45401e+11
4.42059e+07,677630,1.66618e+07,3.71562e+10,-1.45308e+11
4.42122e+07,675447,1.66635e+07,3.75198e+10,-1.45215e+11
4.42185e+07,673265,1.66651e+07,3.78831e+10,-1.4512e+11
4.42248e+07,671085,1.66668e+07,3.82462e+10,-1.45025e+11
4.42311e+07,668905,1.66685e+07,3.86091e+10,-1.44929e+11
4.42374e+07,666728,1.66702e+07,3.89717e+10,-1.44832e+11
4.42438e+07,664552,1.66718e+07,3.93341e+10,-1.44734e+11
4.42501e+07,662377,1.66735e+07,3.96963e+10,-1.44635e+11
4.42564e+07,660204,1.66752e+07,4.00582e+10,-1.44535e+11
4.42627e+07,658032,1.66768e+07,4.04198e+10,-1.44434e+11
4.4269e+07,655862,1.66785e+07,4.07812e+10,-1.44333e+11
4.42753e+07,653693,1.66801e+07,4.11423e+10,-1.4423e+11
4.42816e+07,651526,1.66817e+07,4.15032e+10,-1.44127e+11
4.42879e+07,649361,1.66834e+07,4.18638e+10,-1.44023e+11
4.42942e+07,647197,1.6685e+07,4.22242e+10,-1.43917e+11
4.43006e+07,645034,1.66866e+07,4.25843e+10,-1.43811e+11
4.43069e+07,642874,1.66882e+07,4.29441e+10,-1.43704e+11
4.43132e+07,640714,1.66898e+07,4.33037e+10,-1.43596e+11
4.43195e+07,638557,1.66914e+07,4.36629e+10,-1.43487e+11
4.43258e+07,636401,1.6693e+07,4.4022e+10,-1.43378e+11
4.43321e+07,634247,1.66946e+07,4.43807e+10,-1.43267e+11
4.43384e+07,632094,1.66962e+07,4.47391e+10,-1.43156e+11
4.43447e+07,629943,1.66978e+07,4.50973e+10,-1.43043e+11
4.43511e+07,627794,1.66993e+07,4.54552e+10,-1.4293e+11
4.43574e+07,625647,1.67009e+07,4.58128e+10,-1.42816e+11
4.43637e+07,623501,1.67025e+07,4.61701e+10,-1.427e+11
4.437e+07,621357,1.6704e+07,4.65272e+10,-1.42584e+11
4.43763e+07,619215,1.67056e+07,4.68839e+10,-1.42468e+11
4.43826e+07,617074,1.67071e+07,4.72404e+10,-1.4235e+11
4.43889e+07,614936,1.67087e+07,4.75965e+10,-1.42231e+11
4.43952e+07,612799,1.67102e+07,4.79524e+10,-1.42112e+11
4.44015e+07,610664,1.67117e+07,4.83079e+10,-1.41991e+11
4.44079e+07,608530,1.67133e+07,4.86632e+10,-1.4187e+11
4.44142e+07,606399,1.67148e+07,4.90181e+10,-1.41748e+11
4.44205e+07,604269,1.67163e+07,4.93728e+10,-1.41624e+11
4.44268e+07,602142,1.67178e+07,4.97271e+10,-1.415e+11
4.44331e+07,600016,1.67193e+07,5.00811e+10,-1.41376e+11
4.44394e+07,597892,1.67208e+07,5.04348e+10,-1.4125e+11
4.44457e+07,595769,1.67223e+07,5.07882e+10,-1.41123e+11
4.4452e+07,593649,1.67238e+07,5.11413e+10,-1.40996e+11
4.44583e+07,591531,1.67253e+07,5.1494e+10,-1.40867e+11
4.44647e+07,589415,1.67267e+07,5.18465e+10,-1.40738e+11
4.4471e+07,587300,1.67282e+07,5.21986e+10,-1.40608e+11
4.44773e+07,585188,1.67297e+07,5.25503e+10,-1.40477e+11
4.44836e+07,583077,1.67312e+07,5.29018e+10,-1.40345e+11
4.44899e+07,580969,1.67326e+07,5.32529e+10,-1.40212e+11
4.44962e+07,578862,1.67341e+07,5.36037e+10,-1.40078e+11
4.45025e+07,576758,1.67355e+07,5.39541e+10,-1.39943e+11
4.45088e+07,574656,1.67369e+07,5.43043e+10,-1.39808e+11
4.45152e+07,572555,1.67384e+07,5.4654e+10,-1.39672e+11
4.45215e+07,570457,1.67398e+07,5.50034e+10,-1.39534e+11
4.45278e+07,568361,1.67412e+07,5.53525e+10,-1.39396e+11
4.45341e+07,566267,1.67427e+07,5.57013e+10,-1.39257e+11
4.45404e+07,564174,1.67441e+07,5.60497e+10,-1.39117e+11
4.45467e+07,562084,1.67455e+07,5.63977e+10,-1.38977e+11
4.4553e+07,559997,1.67469e+07,5.67454e+10,-1.38835e+11
4.45593e+07,557911,1.67483e+07,5.70927e+10,-1.38693e+11
4.45656e+07,555827,1.67497e+07,5.74397e+10,-1.38549e+11
4.4572e+07,553746,1.67511e+07,5.77863e+10,-1.38405e+11
4.45783e+07,551667,1.67524e+07,5.81325e+10,-1.3826e+11
4.45846e+07,549590,1.67538e+07,5.84784e+10,-1.38114e+11
4.45909e+07,547515,1.67552e+07,5.88239e+10,-1.37967e+11
4.45972e+07,545442,1.67566e+07,5.91691e+10,-1.3782e+11
4.46035e+07,543372,1.67579e+07,5.95138e+10,-1.37671e+11
4.46098e+07,541304,1.67593e+07,5.98583e+10,-1.37522e+11
4.46161e+07,539238,1.67606e+07,6.02023e+10,-1.37372e+11
4.46224e+07,537174,1.6762e+07,6.05459e+10,-1.37221e+11
4.46288e+07,535113,1.67633e+07,6.08892e+10,-1.37069e+11
4.46351e+07,533054,1.67647e+07,6.12321e+10,-1.36916e+11
4.46414e+07,530997,1.6766e+07,6.15746e+10,-1.36762e+11
4.46477e+07,528942,1.67673e+07,6.19167e+10,-1.36608e+11
4.4654e+07,526890,1.67686e+07,6.22585e+10,-1.36452e+11
4.46603e+07,524841,1.677e+07,6.25998e+10,-1.36296e+11
4.46666e+07,522793,1.67713e+07,6.29408e+10,-1.36139e+11
4.46729e+07,520748,1.67726e+07,6.32813e+10,-1.35981e+11
4.46793e+07,518705,1.67739e+07,6.36215e+10,-1.35822e+11
4.46856e+07,516665,1.67752e+07,6.39613e+10,-1.35663e+11
4.46919e+07,514627,1.67765e+07,6.43006e+10,-1.35502e+11
4.46982e+07,512592,1.67777e+07,6.46396e+10,-1.35341e+11
4.47045e+07,510559,1.6779e+07,6.49781e+10,-1.35178e+11
4.47108e+07,508528,1.67803e+07,6.53163e+10,-1.35015e+11
4.47171e+07,506500,1.67816e+07,6.5654e+10,-1.34852e+11
4.47234e+07,504474,1.67828e+07,6.59914e+10,-1.34687e+11
4.47297e+07,502451,1.67841e+07,6.63283e+10,-1.34521e+11
4.47361e+07,500430,1.67854e+07,6.66648e+10,-1.34355e+11
4.47424e+07,498412,1.67866e+07,6.70009e+10,-1.34188e+11
4.47487e+07,496396,1.67878e+07,6.73365e+10,-1.34019e+11
4.4755e+07,494383,1.67891e+07,6.76718e+10,-1.33851e+11
4.47613e+07,492373,1.67903e+07,6.80066e+10,-1.33681e+11
4.47676e+07,490365,1.67916e+07,6.8341e+10,-1.3351e+11
4.47739e+07,488359,1.67928e+07,6.86749e+10,-1.33339e+11
4.47802e+07,486356,1.6794e+07,6.90085e+10,-1.33166e+11
4.47865e+07,484356,1.67952e+07,6.93416e+10,-1.32993e+11
4.47929e+07,482358,1.67964e+07,6.96742e+10,-1.32819e+11
4.47992e+07,480363,1.67976e+07,7.00065e+10,-1.32645e+11
4.48055e+07,478371,1.67988e+07,7.03383e+10,-1.32469e+11
4.48118e+07,476381,1.68e+07,7.06696e+10,-1.32292e+11
4.48181e+07,474394,1.68012e+07,7.10005e+10,-1.32115e+11
4.48244e+07,472410,1.68024e+07,7.1331e+10,-1.31937e+11
4.48307e+07,470428,1.68036e+07,7.1661e+10,-1.31758e+11
4.4837e+07,468449,1.68048e+07,7.19906e+10,-1.31578e+11
4.48433e+07,466472,1.68059e+07,7.23197e+10,-1.31398e+11
4.48497e+07,464499,1.68071e+07,7.26483e+10,-1.31216e+11
4.4856e+07,462528,1.68082e+07,7.29766e+10,-1.31034e+11
4.48623e+07,460560,1.68094e+07,7.33043e+10,-1.30851e+11
4.48686e+07,458594,1.68106e+07,7.36316e+10,-1.30667e+11
4.48749e+07,456632,1.68117e+07,7.39584e+10,-1.30483e+11
4.48812e+07,454672,1.68128e+07,7.42848e+10,-1.30297e+11
4.48875e+07,452715,1.6814e+07,7.46107e+10,-1.30111e+11
4.48938e+07,450761,1.68151e+07,7.49361e+10,-1.29924e+11
4.49002e+07,448809,1.68162e+07,7.52611e+10,-1.29736e+11
4.49065e+07,446861,1.68173e+07,7.55856e+10,-1.29547e+11
4.49128e+07,444915,1.68185e+07,7.59096e+10,-1.29357e+11
4.49191e+07,442972,1.68196e+07,7.62332e+10,-1.29167e+11
4.49254e+07,441032,1.68207e+07,7.65562e+10,-1.28976e+11
4.49317e+07,439095,1.68218e+07,7.68788e+10,-1.28784e+11
4.4938e+07,437160,1.68229e+07,7.72009e+10,-1.28591e+11
4.49443e+07,435229,1.6824e+07,7.75226e+10,-1.28397e+11
4.49506e+07,433301,1.68251e+07,7.78437e+10,-1.28203e+11
4.4957e+07,431375,1.68261e+07,7.81644e+10,-1.28008e+11
4.49633e+07,429452,1.68272e+07,7.84845e+10,-1.27812e+11
4.49696e+07,427533,1.68283e+07,7.88042e+10,-1.27615e+11
4.49759e+07,425616,1.68294e+07,7.91234e+10,-1.27417e+11
4.49822e+07,423702,1.68304e+07,7.9442e+10,-1.27219e+11
4.49885e+07,421792,1.68315e+07,7.97602e+10,-1.2702e+11
4.49948e+07,419884,1.68325e+07,8.00779e+10,-1.2682e+11
4.50011e+07,417979,1.68336e+07,8.03951e+10,-1.26619e+11
4.50074e+07,416078,1.68346e+07,8.07118e+10,-1.26417e+11
4.50138e+07,414179,1.68357e+07,8.10279e+10,-1.26215e+11
4.50201e+07,412284,1.68367e+07,8.13436e+10,-1.26012e+11
4.50264e+07,410391,1.68377e+07,8.16588e+10,-1.25808e+11
4.50327e+07,408502,1.68388e+07,8.19734e+10,-1.25603e+11
4.5039e+07,406615,1.68398e+07,8.22875e+10,-1.25397e+11
4.50453e+07,404732,1.68408e+07,8.26012e+10,-1.25191e+11
4.50516e+07,402852,1.68418e+07,8.29143e+10,-1.24984e+11
4.50579e+07,400975,1.68428e+07,8.32268e+10,-1.24776e+11
4.50643e+07,399101,1.68438e+07,8.35389e+10,-1.24567e+11
4.50706e+07,397230,1.68448e+07,8.38504e+10,-1.24358e+11
4.50769e+07,395362,1.68458e+07,8.41614e+10,-1.24148e+11
4.50832e+07,393498,1.68468e+07,8.44719e+10,-1.23937e+11
4.50895e+07,391637,1.68478e+07,8.47819e+10,-1.23725e+11
4.50958e+07,389779,1.68487e+07,8.50913e+10,-1.23512e+11
4.51021e+07,387924,1.68497e+07,8.54002e+10,-1.23299e+11
4.51084e+07,386072,1.68507e+07,8.57085e+10,-1.23085e+11
4.51147e+07,384224,1.68516e+07,8.60164e+10,-1.2287e+11
4.51211e+07,382378,1.68526e+07,8.63236e+10,-1.22654e+11
4.51274e+07,380536,1.68536e+07,8.66304e+10,-1.22438e+11
4.51337e+07,378698,1.68545e+07,8.69366e+10,-1.22221e+11
4.514e+07,376862,1.68555e+07,8.72422e+10,-1.22003e+11
4.51463e+07,375030,1.68564e+07,8.75473e+10,-1.21784e+11
4.51526e+07,373201,1.68573e+07,8.78519e+10,-1.21564e+11
4.51589e+07,371376,1.68583e+07,8.81559e+10,-1.21344e+11
4.51652e+07,369553,1.68592e+07,8.84593e+10,-1.21123e+11
4.51715e+07,367734,1.68601e+07,8.87622e+10,-1.20901e+11
4.51779e+07,365919,1.6861e+07,8.90646e+10,-1.20679e+11
4.51842e+07,364107,1.68619e+07,8.93664e+10,-1.20456e+11
4.51905e+07,362298,1.68629e+07,8.96676e+10,-1.20232e+11
4.51968e+07,360492,1.68638e+07,8.99683e+10,-1.20007e+11
4.52031e+07,358690,1.68647e+07,9.02684e+10,-1.19781e+11
4.52094e+07,356891,1.68656e+07,9.05679e+10,-1.19555e+11
4.52157e+07,355096,1.68664e+07,9.08669e+10,-1.19328e+11
4.5222e+07,353304,1.68673e+07,9.11653e+10,-1.191e+11
4.52284e+07,351516,1.68682e+07,9.14631e+10,-1.18872e+11
4.52347e+07,349731,1.68691e+07,9.17603e+10,-1.18642e+11
4.5241e+07,347949,1.687e+07,9.2057e+10,-1.18412e+11
4.52473e+07,346171,1.68708e+07,9.23531e+10,-1.18182e+11
4.52536e+07,344396,1.68717e+07,9.26487e+10,-1.1795e+11
4.52599e+07,342625,1.68726e+07,9.29436e+10,-1.17718e+11
4.52662e+07,340858,1.68734e+07,9.3238e+10,-1.17485e+11
4.52725e+07,339093,1.68743e+07,9.35317e+10,-1.17251e+11
4.52788e+07,337333,1.68751e+07,9.38249e+10,-1.17017e+11
4.52852e+07,335576,1.6876e+07,9.41175e+10,-1.16781e+11
4.52915e+07,333822,1.68768e+07,9.44096e+10,-1.16546e+11
4.52978e+07,332072,1.68776e+07,9.4701e+10,-1.16309e+11
4.53041e+07,330326,1.68785e+07,9.49918e+10,-1.16072e+11
4.53104e+07,328583,1.68793e+07,9.5282e+10,-1.15833e+11
4.53167e+07,326844,1.68801e+07,9.55717e+10,-1.15595e+11
4.5323e+07,325108,1.68809e+07,9.58607e+10,-1.15355e+11
4.53293e+07,323376,1.68817e+07,9.61492e+10,-1.15115e+11
4.53356e+07,321647,1.68825e+07,9.6437e+10,-1.14874e+11
4.5342e+07,319922,1.68833e+07,9.67242e+10,-1.14632e+11
4.53483e+07,318201,1.68841e+07,9.70109e+10,-1.1439e+11
4.53546e+07,316484,1.68849e+07,9.72969e+10,-1.14147e+11
4.53609e+07,314770,1.68857e+07,9.75823e+10,-1.13903e+11
4.53672e+07,313060,1.68865e+07,9.78671e+10,-1.13658e+11
4.53735e+07,311353,1.68873e+07,9.81513e+10,-1.13413e+11
4.53798e+07,309650,1.68881e+07,9.84349e+10,-1.13167e+11
4.53861e+07,307951,1.68888e+07,9.87178e+10,-1.1292e+11
4.53925e+07,306256,1.68896e+07,9.90002e+10,-1.12673e+11
4.53988e+07,304564,1.68904e+07,9.92819e+10,-1.12425e+11
4.54051e+07,302876,1.68911e+07,9.9563e+10,-1.12176e+11
4.54114e+07,301192,1.68919e+07,9.98434e+10,-1.11926e+11
4.54177e+07,299511,1.68926e+07,1.00123e+11,-1.11676e+11
4.5424e+07,297834,1.68934e+07,1.00403e+11,-1.11425e+11
4.54303e+07,296161,1.68941e+07,1.00681e+11,-1.11173e+11
4.54366e+07,294492,1.68949e+07,1.00959e+11,-1.10921e+11
4.54429e+07,292827,1.68956e+07,1.01236e+11,-1.10668e+11
4.54493e+07,291165,1.68963e+07,1.01513e+11,-1.10414e+11
4.54556e+07,289508,1.68971e+07,1.01789e+11,-1.1016e+11
4.54619e+07,287854,1.68978e+07,1.02065e+11,-1.09905e+11
4.54682e+07,286204,1.68985e+07,1.02339e+11,-1.09649e+11
4.54745e+07,284557,1.68992e+07,1.02613e+11,-1.09393e+11
4.54808e+07,282915,1.68999e+07,1.02887e+11,-1.09136e+11
4.54871e+07,281277,1.69006e+07,1.0316e+11,-1.08878e+11
4.54934e+07,279642,1.69013e+07,1.03432e+11,-1.08619e+11
4.54997e+07,278011,1.6902e+07,1.03704e+11,-1.0836e+11
4.55061e+07,276384,1.69027e+07,1.03974e+11,-1.081e+11
4.55124e+07,274762,1.69034e+07,1.04245e+11,-1.0784e+11
4.55187e+07,273143,1.69041e+07,1.04514e+11,-1.07578e+11
4.5525e+07,271527,1.69048e+07,1.04783e+11,-1.07316e+11
4.55313e+07,269916,1.69055e+07,1.05052e+11,-1.07054e+11
4.55376e+07,268309,1.69061e+07,1.05319e+11,-1.06791e+11
4.55439e+07,266706,1.69068e+07,1.05586e+11,-1.06527e+11
4.55502e+07,265107,1.69075e+07,1.05853e+11,-1.06262e+11
4.55566e+07,263512,1.69081e+07,1.06118e+11,-1.05997e+11
4.55629e+07,261920,1.69088e+07,1.06383e+11,-1.05731e+11
4.55692e+07,260333,1.69094e+07,1.06647e+11,-1.05464e+11
4.55755e+07,258750,1.69101e+07,1.06911e+11,-1.05197e+11
4.55818e+07,257171,1.69107e+07,1.07174e+11,-1.04929e+11
4.55881e+07,255595,1.69114e+07,1.07436e+11,-1.04661e+11
4.55944e+07,254024,1.6912e+07,1.07698e+11,-1.04391e+11
4.56007e+07,252457,1.69126e+07,1.07959e+11,-1.04122e+11
4.5607e+07,250894,1.69133e+07,1.08219e+11,-1.03851e+11
4.56134e+07,249335,1.69139e+07,1.08479e+11,-1.0358e+11
4.56197e+07,247780,1.69145e+07,1.08738e+11,-1.03308e+11
4.5626e+07,246229,1.69151e+07,1.08996e+11,-1.03036e+11
4.56323e+07,244683,1.69158e+07,1.09254e+11,-1.02763e+11
4.56386e+07,243140,1.69164e+07,1.09511e+11,-1.02489e+11
4.56449e+07,241602,1.6917e+07,1.09767e+11,-1.02214e+11
4.56512e+07,240067,1.69176e+07,1.10022e+11,-1.01939e+11
4.56575e+07,238537,1.69182e+07,1.10277e+11,-1.01664e+11
4.56638e+07,237011,1.69188e+07,1.10531e+11,-1.01387e+11
4.56702e+07,235489,1.69194e+07,1.10785e+11,-1.0111e+11
4.56765e+07,233971,1.69199e+07,1.11037e+11,-1.00833e+11
4.56828e+07,232458,1.69205e+07,1.11289e+11,-1.00555e+11
4.56891e+07,230948,1.69211e+07,1.11541e+11,-1.00276e+11
4.56954e+07,229443,1.69217e+07,1.11791e+11,-9.99963e+10
4.57017e+07,227942,1.69223e+07,1.12041e+11,-9.97162e+10
4.5708e+07,226446,1.69228e+07,1.12291e+11,-9.94355e+10
4.57143e+07,224953,1.69234e+07,1.12539e+11,-9.91542e+10
4.57207e+07,223465,1.6924e+07,1.12787e+11,-9.88722e+10
4.5727e+07,221981,1.69245e+07,1.13034e+11,-9.85896e+10
4.57333e+07,220501,1.69251e+07,1.13281e+11,-9.83064e+10
4.57396e+07,219025,1.69256e+07,1.13526e+11,-9.80226e+10
4.57459e+07,217554,1.69262e+07,1.13771e+11,-9.77382e+10
4.57522e+07,216087,1.69267e+07,1.14016e+11,-9.74532e+10
4.57585e+07,214624,1.69272e+07,1.14259e+11,-9.71675e+10
4.57648e+07,213166,1.69278e+07,1.14502e+11,-9.68813e+10
4.57711e+07,211712,1.69283e+07,1.14744e+11,-9.65944e+10
4.57775e+07,210262,1.69288e+07,1.14986e+11,-9.63069e+10
4.57838e+07,208817,1.69294e+07,1.15226e+11,-9.60188e+10
4.57901e+07,207375,1.69299e+07,1.15466e+11,-9.57302e+10
4.57964e+07,205939,1.69304e+07,1.15706e+11,-9.54409e+10
4.58027e+07,204506,1.69309e+07,1.15944e+11,-9.5151e+10
4.5809e+07,203078,1.69314e+07,1.16182e+11,-9.48605e+10
4.58153e+07,201654,1.69319e+07,1.16419e+11,-9.45695e+10
4.58216e+07,200235,1.69324e+07,1.16655e+11,-9.42778e+10
4.58279e+07,198820,1.69329e+07,1.16891e+11,-9.39856e+10
4.58343e+07,197410,1.69334e+07,1.17126e+11,-9.36927e+10
4.58406e+07,196003,1.69339e+07,1.1736e+11,-9.33993e+10
4.58469e+07,194602,1.69344e+07,1.17594e+11,-9.31053e+10
4.58532e+07,193204,1.69349e+07,1.17826e+11,-9.28107e+10
4.58595e+07,191812,1.69354e+07,1.18058e+11,-9.25155e+10
4.58658e+07,190423,1.69359e+07,1.18289e+11,-9.22198e+10
4.58721e+07,189039,1.69363e+07,1.1852e+11,-9.19235e+10
4.58784e+07,187660,1.69368e+07,1.1875e+11,-9.16266e+10
4.58848e+07,186285,1.69373e+07,1.18979e+11,-9.13291e+10
4.58911e+07,184914,1.69377e+07,1.19207e+11,-9.1031e+10
4.58974e+07,183548,1.69382e+07,1.19434e+11,-9.07324e+10
4.59037e+07,182186,1.69387e+07,1.19661e+11,-9.04332e+10
4.591e+07,180829,1.69391e+07,1.19887e+11,-9.01335e+10
4.59163e+07,179477,1.69396e+07,1.20112e+11,-8.98331e+10
4.59226e+07,178129,1.694e+07,1.20337e+11,-8.95322e+10
4.59289e+07,176785,1.69404e+07,1.2056e+11,-8.92308e+10
4.59352e+07,175446,1.69409e+07,1.20783e+11,-8.89288e+10
4.59416e+07,174112,1.69413e+07,1.21006e+11,-8.86262e+10
4.59479e+07,172782,1.69418e+07,1.21227e+11,-8.83231e+10
4.59542e+07,171456,1.69422e+07,1.21448e+11,-8.80194e+10
4.59605e+07,170135,1.69426e+07,1.21668e+11,-8.77152e+10
4.59668e+07,168819,1.6943e+07,1.21887e+11,-8.74105e+10
4.59731e+07,167508,1.69435e+07,1.22105e+11,-8.71051e+10
4.59794e+07,166201,1.69439e+07,1.22323e+11,-8.67993e+10
4.59857e+07,164898,1.69443e+07,1.2254e+11,-8.64929e+10
4.5992e+07,163600,1.69447e+07,1.22756e+11,-8.61859e+10
4.59984e+07,162307,1.69451e+07,1.22971e+11,-8.58784e+10
4.60047e+07,161019,1.69455e+07,1.23186e+11,-8.55704e+10
4.6011e+07,159735,1.69459e+07,1.234e+11,-8.52618e+10
4.60173e+07,158455,1.69463e+07,1.23613e+11,-8.49527e+10
4.60236e+07,157181,1.69467e+07,1.23825e+11,-8.46431e+10
4.60299e+07,155911,1.69471e+07,1.24037e+11,-8.43329e+10
4.60362e+07,154645,1.69475e+07,1.24247e+11,-8.40222e+10
4.60425e+07,153385,1.69479e+07,1.24457e+11,-8.3711e+10
4.60488e+07,152129,1.69483e+07,1.24666e+11,-8.33993e+10
4.60552e+07,150877,1.69486e+07,1.24875e+11,-8.3087e+10
4.60615e+07,149631,1.6949e+07,1.25082e+11,-8.27742e+10
4.60678e+07,148389,1.69494e+07,1.25289e+11,-8.24609e+10
4.60741e+07,147152,1.69498e+07,1.25495e+11,-8.21471e+10
4.60804e+07,145919,1.69501e+07,1.257e+11,-8.18328e+10
4.60867e+07,144691,1.69505e+07,1.25905e+11,-8.15179e+10
4.6093e+07,143468,1.69509e+07,1.26109e+11,-8.12026e+10
4.60993e+07,142250,1.69512e+07,1.26311e+11,-8.08867e+10
4.61057e+07,141037,1.69516e+07,1.26514e+11,-8.05704e+10
4.6112e+07,139828,1.69519e+07,1.26715e+11,-8.02535e+10
4.61183e+07,138624,1.69523e+07,1.26915e+11,-7.99361e+10
4.61246e+07,137425,1.69526e+07,1.27115e+11,-7.96182e+10
4.61309e+07,136230,1.69529e+07,1.27314e+11,-7.92998e+10
4.61372e+07,135041,1.69533e+07,1.27512e+11,-7.8981e+10
4.61435e+07,133856,1.69536e+07,1.27709e+11,-7.86616e+10
4.61498e+07,132676,1.6954e+07,1.27906e+11,-7.83417e+10
4.61561e+07,131501,1.69543e+07,1.28102e+11,-7.80214e+10
4.61625e+07,130330,1.69546e+07,1.28296e+11,-7.77005e+10
4.61688e+07,129165,1.69549e+07,1.28491e+11,-7.73792e+10
4.61751e+07,128004,1.69553e+07,1.28684e+11,-7.70574e+10
4.61814e+07,126848,1.69556e+07,1.28876e+11,-7.67351e+10
4.61877e+07,125697,1.69559e+07,1.29068e+11,-7.64123e+10
4.6194e+07,124551,1.69562e+07,1.29259e+11,-7.60891e+10
4.62003e+07,123409,1.69565e+07,1.29449e+11,-7.57653e+10
4.62066e+07,122273,1.69568e+07,1.29638e+11,-7.54411e+10
4.62129e+07,121141,1.69571e+07,1.29827e+11,-7.51164e+10
4.62193e+07,120015,1.69574e+07,1.30014e+11,-7.47913e+10
4.62256e+07,118893,1.69577e+07,1.30201e+11,-7.44657e+10
4.62319e+07,117776,1.6958e+07,1.30387e+11,-7.41396e+10
4.62382e+07,116664,1.69583e+07,1.30572e+11,-7.3813e+10
4.62445e+07,115557,1.69586e+07,1.30757e+11,-7.3486e+10
4.62508e+07,114454,1.69589e+07,1.3094e+11,-7.31585e+10
4.62571e+07,113357,1.69592e+07,1.31123e+11,-7.28306e+10
4.62634e+07,112265,1.69595e+07,1.31305e+11,-7.25022e+10
4.62698e+07,111177,1.69598e+07,1.31486e+11,-7.21734e+10
4.62761e+07,110095,1.696e+07,1.31666e+11,-7.18441e+10
4.62824e+07,109017,1.69603e+07,1.31846e+11,-7.15143e+10
4.62887e+07,107945,1.69606e+07,1.32024e+11,-7.11841e+10
4.6295e+07,106877,1.69608e+07,1.32202e+11,-7.08535e+10
4.63013e+07,105815,1.69611e+07,1.32379e+11,-7.05224e+10
4.63076e+07,104757,1.69614e+07,1.32555e+11,-7.01909e+10
4.63139e+07,103704,1.69616e+07,1.3273e+11,-6.98589e+10
4.63202e+07,102657,1.69619e+07,1.32905e+11,-6.95265e+10
4.63266e+07,101614,1.69621e+07,1.33078e+11,-6.91937e+10
4.63329e+07,100577,1.69624e+07,1.33251e+11,-6.88604e+10
4.63392e+07,99543.9,1.69626e+07,1.33423e+11,-6.85267e+10
4.63455e+07,98516.3,1.69629e+07,1.33594e+11,-6.81926e+10
4.63518e+07,97493.7,1.69631e+07,1.33765e+11,-6.7858e+10
4.63581e+07,96476.1,1.69634e+07,1.33934e+11,-6.7523e+10
4.63644e+07,95463.6,1.69636e+07,1.34103e+11,-6.71876e+10
4.63707e+07,94456.1,1.69639e+07,1.3427e+11,-6.68518e+10
4.6377e+07,93453.7,1.69641e+07,1.34437e+11,-6.65156e+10
4.63834e+07,92456.3,1.69643e+07,1.34604e+11,-6.61789e+10
4.63897e+07,91464,1.69646e+07,1.34769e+11,-6.58418e+10
4.6396e+07,90476.8,1.69648e+07,1.34933e+11,-6.55043e+10
4.64023e+07,89494.6,1.6965e+07,1.35097e+11,-6.51664e+10
4.64086e+07,88517.5,1.69652e+07,1.35259e+11,-6.48281e+10
4.64149e+07,87545.5,1.69655e+07,1.35421e+11,-6.44894e+10
4.64212e+07,86578.6,1.69657e+07,1.35582e+11,-6.41503e+10
4.64275e+07,85616.8,1.69659e+07,1.35742e+11,-6.38108e+10
4.64339e+07,84660.1,1.69661e+07,1.35902e+11,-6.34708e+10
4.64402e+07,83708.6,1.69663e+07,1.3606e+11,-6.31305e+10
4.64465e+07,82762.1,1.69665e+07,1.36218e+11,-6.27898e+10
4.64528e+07,81820.7,1.69667e+07,1.36375e+11,-6.24487e+10
4.64591e+07,80884.5,1.69669e+07,1.36531e+11,-6.21072e+10
4.64654e+07,79953.5,1.69671e+07,1.36686e+11,-6.17653e+10
4.64717e+07,79027.5,1.69673e+07,1.3684e+11,-6.1423e+10
4.6478e+07,78106.7,1.69675e+07,1.36993e+11,-6.10804e+10
4.64843e+07,77191.1,1.69677e+07,1.37146e+11,-6.07373e+10
4.64907e+07,76280.6,1.69679e+07,1.37297e+11,-6.03939e+10
4.6497e+07,75375.3,1.69681e+07,1.37448e+11,-6.00501e+10
4.65033e+07,74475.1,1.69683e+07,1.37598e+11,-5.97059e+10
4.65096e+07,73580.2,1.69685e+07,1.37747e+11,-5.93614e+10
4.65159e+07,72690.4,1.69687e+07,1.37895e+11,-5.90165e+10
4.65222e+07,71805.8,1.69688e+07,1.38042e+11,-5.86712e+10
4.65285e+07,70926.4,1.6969e+07,1.38189e+11,-5.83255e+10
4.65348e+07,70052.1,1.69692e+07,1.38334e+11,-5.79795e+10
4.65411e+07,69183.1,1.69694e+07,1.38479e+11,-5.76331e+10
4.65475e+07,68319.3,1.69695e+07,1.38623e+11,-5.72863e+10
4.65538e+07,67460.7,1.69697e+07,1.38766e+11,-5.69392e+10
4.65601e+07,66607.4,1.69699e+07,1.38908e+11,-5.65918e+10
4.65664e+07,65759.2,1.697e+07,1.39049e+11,-5.62439e+10
4.65727e+07,64916.3,1.69702e+07,1.3919e+11,-5.58958e+10
4.6579e+07,64078.6,1.69704e+07,1.39329e+11,-5.55472e+10
4.65853e+07,63246.2,1.69705e+07,1.39468e+11,-5.51984e+10
4.65916e+07,62419,1.69707e+07,1.39606e+11,-5.48492e+10
4.6598e+07,61597.1,1.69708e+07,1.39742e+11,-5.44996e+10
4.66043e+07,60780.4,1.6971e+07,1.39878e+11,-5.41497e+10
4.66106e+07,59969,1.69711e+07,1.40014e+11,-5.37995e+10
4.66169e+07,59162.8,1.69713e+07,1.40148e+11,-5.34489e+10
4.66232e+07,58361.9,1.69714e+07,1.40281e+11,-5.3098e+10
4.66295e+07,57566.3,1.69716e+07,1.40414e+11,-5.27467e+10
4.66358e+07,56776,1.69717e+07,1.40545e+11,-5.23951e+10
4.66421e+07,55990.9,1.69719e+07,1.40676e+11,-5.20432e+10
4.66484e+07,55211.2,1.6972e+07,1.40806e+11,-5.1691e+10
4.66548e+07,54436.7,1.69721e+07,1.40935e+11,-5.13384e+10
4.66611e+07,53667.6,1.69723e+07,1.41063e+11,-5.09856e+10
4.66674e+07,52903.7,1.69724e+07,1.4119e+11,-5.06324e+10
4.66737e+07,52145.2,1.69725e+07,1.41316e+11,-5.02789e+10
4.668e+07,51391.9,1.69727e+07,1.41442e+11,-4.9925e+10
4.66863e+07,50644,1.69728e+07,1.41566e+11,-4.95709e+10
4.66926e+07,49901.5,1.69729e+07,1.4169e+11,-4.92164e+10
4.66989e+07,49164.2,1.69731e+07,1.41813e+11,-4.88617e+10
4.67052e+07,48432.3,1.69732e+07,1.41935e+11,-4.85066e+10
4.67116e+07,47705.7,1.69733e+07,1.42056e+11,-4.81512e+10
4.67179e+07,46984.5,1.69734e+07,1.42176e+11,-4.77956e+10
4.67242e+07,46268.6,1.69735e+07,1.42295e+11,-4.74396e+10
4.67305e+07,45558.1,1.69736e+07,1.42413e+11,-4.70833e+10
4.67368e+07,44852.9,1.69738e+07,1.42531e+11,-4.67268e+10
4.67431e+07,44153.1,1.69739e+07,1.42647e+11,-4.63699e+10
4.67494e+07,43458.6,1.6974e+07,1.42763e+11,-4.60128e+10
4.67557e+07,42769.5,1.69741e+07,1.42878e+11,-4.56553e+10
4.67621e+07,42085.8,1.69742e+07,1.42992e+11,-4.52976e+10
4.67684e+07,41407.5,1.69743e+07,1.43105e+11,-4.49396e+10
4.67747e+07,40734.5,1.69744e+07,1.43217e+11,-4.45813e+10
4.6781e+07,40067,1.69745e+07,1.43328e+11,-4.42227e+10
4.67873e+07,39404.8,1.69746e+07,1.43438e+11,-4.38639e+10
4.67936e+07,38748,1.69747e+07,1.43547e+11,-4.35048e+10
4.67999e+07,38096.6,1.69748e+07,1.43656e+11,-4.31454e+10
4.68062e+07,37450.7,1.69749e+07,1.43763e+11,-4.27857e+10
4.68125e+07,36810.1,1.6975e+07,1.4387e+11,-4.24258e+10
4.68189e+07,36175,1.69751e+07,1.43976e+11,-4.20656e+10
4.68252e+07,35545.2,1.69752e+07,1.44081e+11,-4.17051e+10
4.68315e+07,34920.9,1.69753e+07,1.44185e+11,-4.13444e+10
4.68378e+07,34302,1.69753e+07,1.44288e+11,-4.09834e+10
4.68441e+07,33688.5,1.69754e+07,1.4439e+11,-4.06222e+10
4.68504e+07,33080.5,1.69755e+07,1.44491e+11,-4.02607e+10
4.68567e+07,32477.9,1.69756e+07,1.44592e+11,-3.9899e+10
4.6863e+07,31880.7,1.69757e+07,1.44691e+11,-3.9537e+10
4.68693e+07,31289,1.69758e+07,1.4479e+11,-3.91747e+10
4.68757e+07,30702.7,1.69758e+07,1.44887e+11,-3.88123e+10
4.6882e+07,30121.9,1.69759e+07,1.44984e+11,-3.84495e+10
4.68883e+07,29546.5,1.6976e+07,1.4508e+11,-3.80866e+10
4.68946e+07,28976.6,1.69761e+07,1.45175e+11,-3.77233e+10
4.69009e+07,28412.1,1.69761e+07,1.45269e+11,-3.73599e+10
4.69072e+07,27853.1,1.69762e+07,1.45362e+11,-3.69962e+10
4.69135e+07,27299.6,1.69763e+07,1.45454e+11,-3.66323e+10
4.69198e+07,26751.5,1.69763e+07,1.45545e+11,-3.62682e+10
4.69262e+07,26209,1.69764e+07,1.45635e+11,-3.59038e+10
4.69325e+07,25671.9,1.69765e+07,1.45725e+11,-3.55392e+10
4.69388e+07,25140.2,1.69765e+07,1.45813e+11,-3.51744e+10
4.69451e+07,24614.1,1.69766e+07,1.45901e+11,-3.48094e+10
4.69514e+07,24093.4,1.69767e+07,1.45988e+11,-3.44441e+10
4.69577e+07,23578.3,1.69767e+07,1.46074e+11,-3.40786e+10
4.6964e+07,23068.6,1.69768e+07,1.46158e+11,-3.3713e+10
4.69703e+07,22564.5,1.69768e+07,1.46242e+11,-3.33471e+10
4.69766e+07,22065.8,1.69769e+07,1.46325e+11,-3.2981e+10
4.6983e+07,21572.6,1.69769e+07,1.46408e+11,-3.26146e+10
4.69893e+07,21085,1.6977e+07,1.46489e+11,-3.22481e+10
4.69956e+07,20602.8,1.6977e+07,1.46569e+11,-3.18814e+10
4.70019e+07,20126.2,1.69771e+07,1.46648e+11,-3.15145e+10
4.70082e+07,19655.1,1.69771e+07,1.46727e+11,-3.11474e+10
4.70145e+07,19189.5,1.69772e+07,1.46804e+11,-3.07801e+10
4.70208e+07,18729.4,1.69772e+07,1.46881e+11,-3.04126e+10
4.70271e+07,18274.8,1.69773e+07,1.46957e+11,-3.00449e+10
4.70334e+07,17825.8,1.69773e+07,1.47032e+11,-2.9677e+10
4.70398e+07,17382.3,1.69774e+07,1.47105e+11,-2.93089e+10
4.70461e+07,16944.3,1.69774e+07,1.47178e+11,-2.89407e+10
4.70524e+07,16511.9,1.69775e+07,1.4725e+11,-2.85722e+10
4.70587e+07,16085,1.69775e+07,1.47321e+11,-2.82036e+10
4.7065e+07,15663.7,1.69775e+07,1.47392e+11,-2.78348e+10
4.70713e+07,15247.9,1.69776e+07,1.47461e+11,-2.74659e+10
4.70776e+07,14837.6,1.69776e+07,1.47529e+11,-2.70967e+10
4.70839e+07,14432.9,1.69777e+07,1.47597e+11,-2.67274e+10
4.70903e+07,14033.7,1.69777e+07,1.47663e+11,-2.6358e+10
4.70966e+07,13640.1,1.69777e+07,1.47729e+11,-2.59883e+10
4.71029e+07,13252.1,1.69778e+07,1.47793e+11,-2.56185e+10
4.71092e+07,12869.6,1.69778e+07,1.47857e+11,-2.52486e+10
4.71155e+07,12492.7,1.69778e+07,1.4792e+11,-2.48785e+10
4.71218e+07,12121.3,1.69779e+07,1.47981e+11,-2.45082e+10
4.71281e+07,11755.5,1.69779e+07,1.48042e+11,-2.41377e+10
4.71344e+07,11395.3,1.69779e+07,1.48102e+11,-2.37672e+10
4.71407e+07,11040.6,1.69779e+07,1.48161e+11,-2.33964e+10
4.71471e+07,10691.5,1.6978e+07,1.4822e+11,-2.30256e+10
4.71534e+07,10348,1.6978e+07,1.48277e+11,-2.26545e+10
4.71597e+07,10010.1,1.6978e+07,1.48333e+11,-2.22834e+10
4.7166e+07,9677.72,1.6978e+07,1.48388e+11,-2.19121e+10
4.71723e+07,9350.94,1.69781e+07,1.48443e+11,-2.15406e+10
4.71786e+07,9029.75,1.69781e+07,1.48496e+11,-2.11691e+10
4.71849e+07,8714.15,1.69781e+07,1.48549e+11,-2.07974e+10
4.71912e+07,8404.13,1.69781e+07,1.486e+11,-2.04255e+10
4.71975e+07,8099.7,1.69782e+07,1.48651e+11,-2.00536e+10
4.72039e+07,7800.86,1.69782e+07,1.48701e+11,-1.96815e+10
4.72102e+07,7507.61,1.69782e+07,1.4875e+11,-1.93093e+10
4.72165e+07,7219.96,1.69782e+07,1.48798e+11,-1.89369e+10
4.72228e+07,6937.91,1.69782e+07,1.48845e+11,-1.85645e+10
4.72291e+07,6661.45,1.69782e+07,1.48891e+11,-1.81919e+10
4.72354e+07,6390.59,1.69783e+07,1.48936e+11,-1.78192e+10
4.72417e+07,6125.34,1.69783e+07,1.4898e+11,-1.74464e+10
4.7248e+07,5865.69,1.69783e+07,1.49023e+11,-1.70735e+10
4.72544e+07,5611.64,1.69783e+07,1.49066e+11,-1.67005e+10
4.72607e+07,5363.2,1.69783e+07,1.49107e+11,-1.63274e+10
4.7267e+07,5120.37,1.69783e+07,1.49147e+11,-1.59542e+10
4.72733e+07,4883.15,1.69783e+07,1.49187e+11,-1.55808e+10
4.72796e+07,4651.54,1.69784e+07,1.49225e+11,-1.52074e+10
4.72859e+07,4425.55,1.69784e+07,1.49263e+11,-1.48339e+10
4.72922e+07,4205.16,1.69784e+07,1.493e+11,-1.44603e+10
4.72985e+07,3990.4,1.69784e+07,1.49335e+11,-1.40866e+10
4.73048e+07,3781.25,1.69784e+07,1.4937e+11,-1.37128e+10
4.73112e+07,3577.71,1.69784e+07,1.49404e+11,-1.3339e+10
4.73175e+07,3379.8,1.69784e+07,1.49437e+11,-1.2965e+10
4.73238e+07,3187.51,1.69784e+07,1.49469e+11,-1.2591e+10
4.73301e+07,3000.84,1.69784e+07,1.495e+11,-1.22169e+10
4.73364e+07,2819.79,1.69784e+07,1.4953e+11,-1.18427e+10
4.73427e+07,2644.37,1.69784e+07,1.4956e+11,-1.14684e+10
4.7349e+07,2474.57,1.69785e+07,1.49588e+11,-1.10941e+10
4.73553e+07,2310.4,1.69785e+07,1.49615e+11,-1.07197e+10
4.73616e+07,2151.85,1.69785e+07,1.49642e+11,-1.03452e+10
4.7368e+07,1998.94,1.69785e+07,1.49667e+11,-9.97064e+09
4.73743e+07,1851.65,1.69785e+07,1.49692e+11,-9.59604e+09
4.73806e+07,1710,1.69785e+07,1.49715e+11,-9.22137e+09
4.73869e+07,1573.97,1.69785e+07,1.49738e+11,-8.84665e+09
4.73932e+07,1443.58,1.69785e+07,1.4976e+11,-8.47188e+09
4.73995e+07,1318.82,1.69785e+07,1.4978e+11,-8.09705e+09
4.74058e+07,1199.69,1.69785e+07,1.498e+11,-7.72217e+09
4.74121e+07,1086.2,1.69785e+07,1.49819e+11,-7.34724e+09
4.74184e+07,978.342,1.69785e+07,1.49837e+11,-6.97227e+09
4.74248e+07,876.12,1.69785e+07,1.49854e+11,-6.59725e+09
4.74311e+07,779.535,1.69785e+07,1.4987e+11,-6.22219e+09
4.74374e+07,688.587,1.69785e+07,1.49885e+11,-5.8471e+09
4.74437e+07,603.276,1.69785e+07,1.499e+11,-5.47196e+09
4.745e+07,523.603,1.69785e+07,1.49913e+11,-5.09679e+09
4.74563e+07,449.569,1.69785e+07,1.49925e+11,-4.72159e+09
4.74626e+07,381.174,1.69785e+07,1.49937e+11,-4.34636e+09
4.74689e+07,318.418,1.69785e+07,1.49947e+11,-3.9711e+09
4.74753e+07,261.303,1.69785e+07,1.49956e+11,-3.59582e+09
4.74816e+07,209.827,1.69785e+07,1.49965e+11,-3.22051e+09
4.74879e+07,163.992,1.69785e+07,1.49973e+11,-2.84519e+09
4.74942e+07,123.798,1.69785e+07,1.49979e+11,-2.46984e+09
4.75005e+07,89.2445,1.69785e+07,1.49985e+11,-2.09448e+09
4.75068e+07,60.3326,1.69785e+07,1.4999e+11,-1.71911e+09
4.75131e+07,37.0621,1.69785e+07,1.49994e+11,-1.34373e+09
4.75194e+07,19.4333,1.69785e+07,1.49997e+11,-9.68334e+08
4.75257e+07,7.44616,1.69785e+07,1.49999e+11,-5.92935e+08
4.75321e+07,1.10083,1.69785e+07,1.5e+11,-2.17533e+08
4.75384e+07,0.397345,1.69785e+07,1.5e+11,1.57871e+08
4.75447e+07,5.33569,1.69785e+07,1.49999e+11,5.33274e+08
4.7551e+07,15.9159,1.69785e+07,1.49997e+11,9.08673e+08
4.75573e+07,32.1377,1.69785e+07,1.49995e+11,1.28407e+09
4.75636e+07,54.0013,1.69785e+07,1.49991e+11,1.65945e+09
4.75699e+07,81.5063,1.69785e+07,1.49986e+11,2.03483e+09
4.75762e+07,114.653,1.69785e+07,1.49981e+11,2.41019e+09
4.75825e+07,153.44,1.69785e+07,1.49974e+11,2.78554e+09
4.75889e+07,197.869,1.69785e+07,1.49967e+11,3.16087e+09
4.75952e+07,247.938,1.69785e+07,1.49959e+11,3.53618e+09
4.76015e+07,303.647,1.69785e+07,1.49949e+11,3.91147e+09
4.76078e+07,364.996,1.69785e+07,1.49939e+11,4.28674e+09
4.76141e+07,431.985,1.69785e+07,1.49928e+11,4.66197e+09
4.76204e+07,504.613,1.69785e+07,1.49916e+11,5.03718e+09
4.76267e+07,582.879,1.69785e+07,1.49903e+11,5.41236e+09
4.7633e+07,666.784,1.69785e+07,1.49889e+11,5.7875e+09
4.76394e+07,756.326,1.69785e+07,1.49874e+11,6.16261e+09
4.76457e+07,851.506,1.69785e+07,1.49858e+11,6.53768e+09
4.7652e+07,952.322,1.69785e+07,1.49841e+11,6.91271e+09
4.76583e+07,1058.77,1.69785e+07,1.49824e+11,7.28769e+09
4.76646e+07,1170.86,1.69785e+07,1.49805e+11,7.66263e+09
4.76709e+07,1288.58,1.69785e+07,1.49785e+11,8.03752e+09
4.76772e+07,1411.94,1.69785e+07,1.49765e+11,8.41237e+09
4.76835e+07,1540.93,1.69785e+07,1.49743e+11,8.78715e+09
4.76898e+07,1675.55,1.69785e+07,1.49721e+11,9.16189e+09
4.76962e+07,1815.8,1.69786e+07,1.49698e+11,9.53656e+09
4.77025e+07,1961.68,1.69786e+07,1.49673e+11,9.91118e+09
4.77088e+07,2113.19,1.69786e+07,1.49648e+11,1.02857e+10
4.77151e+07,2270.33,1.69786e+07,1.49622e+11,1.06602e+10
4.77214e+07,2433.1,1.69786e+07,1.49595e+11,1.10347e+10
4.77277e+07,2601.5,1.69786e+07,1.49567e+11,1.1409e+10
4.7734e+07,2775.52,1.69786e+07,1.49538e+11,1.17833e+10
4.77403e+07,2955.16,1.69786e+07,1.49508e+11,1.21575e+10
4.77466e+07,3140.43,1.69786e+07,1.49477e+11,1.25316e+10
4.7753e+07,3331.32,1.69786e+07,1.49445e+11,1.29057e+10
4.77593e+07,3527.83,1.69786e+07,1.49413e+11,1.32797e+10
4.77656e+07,3729.96,1.69786e+07,1.49379e+11,1.36536e+10
4.77719e+07,3937.71,1.69786e+07,1.49344e+11,1.40274e+10
4.77782e+07,4151.08,1.69786e+07,1.49309e+11,1.44011e+10
4.77845e+07,4370.06,1.69787e+07,1.49272e+11,1.47747e+10
4.77908e+07,4594.66,1.69787e+07,1.49235e+11,1.51482e+10
4.77971e+07,4824.87,1.69787e+07,1.49197e+11,1.55217e+10
4.78035e+07,5060.69,1.69787e+07,1.49157e+11,1.5895e+10
4.78098e+07,5302.12,1.69787e+07,1.49117e+11,1.62683e+10
4.78161e+07,5549.16,1.69787e+07,1.49076e+11,1.66414e+10
4.78224e+07,5801.81,1.69787e+07,1.49034e+11,1.70145e+10
4.78287e+07,6060.06,1.69787e+07,1.48991e+11,1.73874e+10
4.7835e+07,6323.92,1.69788e+07,1.48947e+11,1.77602e+10
4.78413e+07,6593.38,1.69788e+07,1.48902e+11,1.81329e+10
4.78476e+07,6868.44,1.69788e+07,1.48856e+11,1.85055e+10
4.78539e+07,7149.1,1.69788e+07,1.48809e+11,1.8878e+10
4.78603e+07,7435.35,1.69788e+07,1.48762e+11,1.92504e+10
4.78666e+07,7727.2,1.69789e+07,1.48713e+11,1.96226e+10
4.78729e+07,8024.65,1.69789e+07,1.48664e+11,1.99947e+10
4.78792e+07,8327.68,1.69789e+07,1.48613e+11,2.03667e+10
4.78855e+07,8636.31,1.69789e+07,1.48562e+11,2.07386e+10
4.78918e+07,8950.52,1.69789e+07,1.48509e+11,2.11103e+10
4.78981e+07,9270.32,1.6979e+07,1.48456e+11,2.14819e+10
4.79044e+07,9595.7,1.6979e+07,1.48402e+11,2.18534e+10
4.79107e+07,9926.67,1.6979e+07,1.48347e+11,2.22248e+10
4.79171e+07,10263.2,1.6979e+07,1.48291e+11,2.2596e+10
4.79234e+07,10605.3,1.69791e+07,1.48234e+11,2.2967e+10
4.79297e+07,10953,1.69791e+07,1.48176e+11,2.33379e+10
4.7936e+07,11306.3,1.69791e+07,1.48117e+11,2.37087e+10
4.79423e+07,11665.1,1.69791e+07,1.48057e+11,2.40793e+10
4.79486e+07,12029.6,1.69792e+07,1.47997e+11,2.44498e+10
4.79549e+07,12399.5,1.69792e+07,1.47935e+11,2.48201e+10
4.79612e+07,12775.1,1.69792e+07,1.47873e+11,2.51902e+10
4.79676e+07,13156.2,1.69793e+07,1.47809e+11,2.55602e+10
4.79739e+07,13542.8,1.69793e+07,1.47745e+11,2.59301e+10
4.79802e+07,13935.1,1.69793e+07,1.47679e+11,2.62998e+10
4.79865e+07,14332.8,1.69794e+07,1.47613e+11,2.66693e+10
4.79928e+07,14736.2,1.69794e+07,1.47546e+11,2.70386e+10
4.79991e+07,15145,1.69794e+07,1.47478e+11,2.74078e+10
4.80054e+07,15559.5,1.69795e+07,1.47409e+11,2.77768e+10
4.80117e+07,15979.4,1.69795e+07,1.47339e+11,2.81456e+10
4.8018e+07,16404.9,1.69796e+07,1.47268e+11,2.85143e+10
4.80244e+07,16836,1.69796e+07,1.47196e+11,2.88828e+10
4.80307e+07,17272.6,1.69796e+07,1.47124e+11,2.92511e+10
4.8037e+07,17714.7,1.69797e+07,1.4705e+11,2.96192e+10
4.80433e+07,18162.3,1.69797e+07,1.46975e+11,2.99871e+10
4.80496e+07,18615.5,1.69798e+07,1.469e+11,3.03548e+10
4.80559e+07,19074.2,1.69798e+07,1.46824e+11,3.07224e+10
4.80622e+07,19538.4,1.69799e+07,1.46746e+11,3.10898e+10
4.80685e+07,20008.2,1.69799e+07,1.46668e+11,3.14569e+10
4.80748e+07,20483.4,1.698e+07,1.46589e+11,3.18239e+10
4.80812e+07,20964.2,1.698e+07,1.46509e+11,3.21906e+10
4.80875e+07,21450.5,1.69801e+07,1.46428e+11,3.25572e+10
4.80938e+07,21942.3,1.69801e+07,1.46346e+11,3.29236e+10
4.81001e+07,22439.6,1.69802e+07,1.46263e+11,3.32897e+10
4.81064e+07,22942.4,1.69802e+07,1.46179e+11,3.36557e+10
4.81127e+07,23450.7,1.69803e+07,1.46095e+11,3.40214e+10
4.8119e+07,23964.5,1.69804e+07,1.46009e+11,3.43869e+10
4.81253e+07,24483.7,1.69804e+07,1.45923e+11,3.47522e+10
4.81317e+07,25008.5,1.69805e+07,1.45835e+11,3.51173e+10
4.8138e+07,25538.8,1.69806e+07,1.45747e+11,3.54822e+10
4.81443e+07,26074.5,1.69806e+07,1.45658e+11,3.58469e+10
4.81506e+07,26615.7,1.69807e+07,1.45568e+11,3.62113e+10
4.81569e+07,27162.4,1.69807e+07,1.45477e+11,3.65755e+10
4.81632e+07,27714.6,1.69808e+07,1.45385e+11,3.69394e+10
4.81695e+07,28272.2,1.69809e+07,1.45292e+11,3.73032e+10
4.81758e+07,28835.3,1.6981e+07,1.45198e+11,3.76667e+10
4.81821e+07,29403.9,1.6981e+07,1.45103e+11,3.803e+10
4.81885e+07,29977.9,1.69811e+07,1.45008e+11,3.8393e+10
4.81948e+07,30557.4,1.69812e+07,1.44911e+11,3.87558e+10
4.82011e+07,31142.3,1.69813e+07,1.44814e+11,3.91183e+10
4.82074e+07,31732.6,1.69813e+07,1.44716e+11,3.94806e+10
4.82137e+07,32328.4,1.69814e+07,1.44616e+11,3.98427e+10
4.822e+07,32929.7,1.69815e+07,1.44516e+11,4.02045e+10
4.82263e+07,33536.4,1.69816e+07,1.44415e+11,4.0566e+10
4.82326e+07,34148.5,1.69817e+07,1.44313e+11,4.09273e+10
4.82389e+07,34766,1.69818e+07,1.44211e+11,4.12884e+10
4.82453e+07,35389,1.69818e+07,1.44107e+11,4.16492e+10
4.82516e+07,36017.4,1.69819e+07,1.44002e+11,4.20097e+10
4.82579e+07,36651.2,1.6982e+07,1.43897e+11,4.237e+10
4.82642e+07,37290.4,1.69821e+07,1.4379e+11,4.27299e+10
4.82705e+07,37935,1.69822e+07,1.43683e+11,4.30897e+10
4.82768e+07,38585.1,1.69823e+07,1.43575e+11,4.34491e+10
4.82831e+07,39240.5,1.69824e+07,1.43465e+11,4.38083e+10
4.82894e+07,39901.3,1.69825e+07,1.43355e+11,4.41672e+10
4.82958e+07,40567.5,1.69826e+07,1.43244e+11,4.45259e+10
4.83021e+07,41239.2,1.69827e+07,1.43133e+11,4.48842e+10
4.83084e+07,41916.1,1.69828e+07,1.4302e+11,4.52423e+10
4.83147e+07,42598.5,1.69829e+07,1.42906e+11,4.56001e+10
4.8321e+07,43286.3,1.6983e+07,1.42792e+11,4.59576e+10
4.83273e+07,43979.4,1.69831e+07,1.42676e+11,4.63148e+10
4.83336e+07,44677.8,1.69832e+07,1.4256e+11,4.66718e+10
4.83399e+07,45381.7,1.69834e+07,1.42443e+11,4.70284e+10
4.83462e+07,46090.9,1.69835e+07,1.42325e+11,4.73847e+10
4.83526e+07,46805.4,1.69836e+07,1.42206e+11,4.77408e+10
4.83589e+07,47525.3,1.69837e+07,1.42086e+11,4.80965e+10
4.83652e+07,48250.6,1.69838e+07,1.41965e+11,4.8452e+10
4.83715e+07,48981.2,1.69839e+07,1.41843e+11,4.88071e+10
4.83778e+07,49717.1,1.69841e+07,1.41721e+11,4.91619e+10
4.83841e+07,50458.4,1.69842e+07,1.41597e+11,4.95165e+10
4.83904e+07,51204.9,1.69843e+07,1.41473e+11,4.98707e+10
4.83967e+07,51956.8,1.69844e+07,1.41348e+11,5.02246e+10
4.8403e+07,52714,1.69846e+07,1.41222e+11,5.05782e+10
4.84094e+07,53476.6,1.69847e+07,1.41095e+11,5.09315e+10
4.84157e+07,54244.4,1.69848e+07,1.40967e+11,5.12844e+10
4.8422e+07,55017.5,1.6985e+07,1.40838e+11,5.16371e+10
4.84283e+07,55796,1.69851e+07,1.40708e+11,5.19894e+10
4.84346e+07,56579.7,1.69853e+07,1.40578e+11,5.23414e+10
4.84409e+07,57368.7,1.69854e+07,1.40447e+11,5.2693e+10
4.84472e+07,58163,1.69856e+07,1.40314e+11,5.30444e+10
4.84535e+07,58962.6,1.69857e+07,1.40181e+11,5.33953e+10
4.84599e+07,59767.4,1.69858e+07,1.40047e+11,5.3746e+10
4.84662e+07,60577.5,1.6986e+07,1.39912e+11,5.40963e+10
4.84725e+07,61392.9,1.69861e+07,1.39776e+11,5.44463e+10
4.84788e+07,62213.5,1.69863e+07,1.3964e+11,5.4796e+10
4.84851e+07,63039.4,1.69865e+07,1.39502e+11,5.51453e+10
4.84914e+07,63870.6,1.69866e+07,1.39364e+11,5.54942e+10
4.84977e+07,64706.9,1.69868e+07,1.39225e+11,5.58428e+10
4.8504e+07,65548.5,1.69869e+07,1.39084e+11,5.61911e+10
4.85103e+07,66395.4,1.69871e+07,1.38943e+11,5.6539e+10
4.85167e+07,67247.4,1.69873e+07,1.38801e+11,5.68866e+10
4.8523e+07,68104.7,1.69874e+07,1.38659e+11,5.72338e+10
4.85293e+07,68967.2,1.69876e+07,1.38515e+11,5.75806e+10
4.85356e+07,69834.9,1.69878e+07,1.38371e+11,5.79271e+10
4.85419e+07,70707.9,1.6988e+07,1.38225e+11,5.82732e+10
4.85482e+07,71586,1.69881e+07,1.38079e+11,5.8619e+10
4.85545e+07,72469.3,1.69883e+07,1.37932e+11,5.89643e+10
4.85608e+07,73357.8,1.69885e+07,1.37784e+11,5.93094e+10
4.85671e+07,74251.5,1.69887e+07,1.37635e+11,5.9654e+10
4.85735e+07,75150.3,1.69889e+07,1.37485e+11,5.99983e+10
4.85798e+07,76054.3,1.69891e+07,1.37335e+11,6.03422e+10
4.85861e+07,76963.5,1.69893e+07,1.37183e+11,6.06857e+10
4.85924e+07,77877.9,1.69895e+07,1.37031e+11,6.10288e+10
4.85987e+07,78797.4,1.69896e+07,1.36878e+11,6.13716e+10
4.8605e+07,79722.1,1.69898e+07,1.36724e+11,6.1714e+10
4.86113e+07,80651.9,1.699e+07,1.36569e+11,6.20559e+10
4.86176e+07,81586.8,1.69903e+07,1.36414e+11,6.23975e+10
4.8624e+07,82526.9,1.69905e+07,1.36257e+11,6.27387e+10
4.86303e+07,83472,1.69907e+07,1.361e+11,6.30796e+10
4.86366e+07,84422.4,1.69909e+07,1.35941e+11,6.342e+10
4.86429e+07,85377.8,1.69911e+07,1.35782e+11,6.376e+10
4.86492e+07,86338.3,1.69913e+07,1.35622e+11,6.40996e+10
4.86555e+07,87303.9,1.69915e+07,1.35462e+11,6.44388e+10
4.86618e+07,88274.7,1.69917e+07,1.353e+11,6.47776e+10
4.86681e+07,89250.5,1.6992e+07,1.35137e+11,6.51161e+10
4.86744e+07,90231.4,1.69922e+07,1.34974e+11,6.54541e+10
4.86808e+07,91217.4,1.69924e+07,1.3481e+11,6.57917e+10
4.86871e+07,92208.4,1.69926e+07,1.34645e+11,6.61288e+10
4.86934e+07,93204.5,1.69929e+07,1.34479e+11,6.64656e+10
4.86997e+07,94205.7,1.69931e+07,1.34312e+11,6.6802e+10
4.8706e+07,95211.9,1.69933e+07,1.34145e+11,6.71379e+10
4.87123e+07,96223.2,1.69936e+07,1.33976e+11,6.74734e+10
4.87186e+07,97239.5,1.69938e+07,1.33807e+11,6.78085e+10
4.87249e+07,98260.8,1.69941e+07,1.33637e+11,6.81432e+10
4.87312e+07,99287.2,1.69943e+07,1.33466e+11,6.84774e+10
4.87376e+07,100319,1.69946e+07,1.33294e+11,6.88112e+10
4.87439e+07,101355,1.69948e+07,1.33122e+11,6.91446e+10
4.87502e+07,102396,1.69951e+07,1.32948e+11,6.94775e+10
4.87565e+07,103443,1.69953e+07,1.32774e+11,6.981e+10
4.87628e+07,104494,1.69956e+07,1.32599e+11,7.01421e+10
4.87691e+07,105551,1.69959e+07,1.32423e+11,7.04737e+10
4.87754e+07,106612,1.69961e+07,1.32246e+11,7.08049e+10
4.87817e+07,107678,1.69964e+07,1.32069e+11,7.11357e+10
4.8788e+07,108750,1.69967e+07,1.3189e+11,7.1466e+10
4.87944e+07,109826,1.69969e+07,1.31711e+11,7.17958e+10
4.88007e+07,110907,1.69972e+07,1.31531e+11,7.21253e+10
4.8807e+07,111993,1.69975e+07,1.3135e+11,7.24542e+10
4.88133e+07,113084,1.69978e+07,1.31168e+11,7.27827e+10
4.88196e+07,114180,1.69981e+07,1.30986e+11,7.31108e+10
4.88259e+07,115281,1.69983e+07,1.30803e+11,7.34383e+10
4.88322e+07,116387,1.69986e+07,1.30618e+11,7.37655e+10
4.88385e+07,117498,1.69989e+07,1.30433e+11,7.40921e+10
4.88449e+07,118614,1.69992e+07,1.30248e+11,7.44183e+10
4.88512e+07,119734,1.69995e+07,1.30061e+11,7.47441e+10
4.88575e+07,120860,1.69998e+07,1.29874e+11,7.50693e+10
4.88638e+07,121990,1.70001e+07,1.29685e+11,7.53941e+10
4.88701e+07,123125,1.70004e+07,1.29496e+11,7.57185e+10
4.88764e+07,124266,1.70007e+07,1.29306e+11,7.60423e+10
4.88827e+07,125411,1.70011e+07,1.29116e+11,7.63657e+10
4.8889e+07,126560,1.70014e+07,1.28924e+11,7.66886e+10
4.88953e+07,127715,1.70017e+07,1.28732e+11,7.7011e+10
4.89017e+07,128875,1.7002e+07,1.28539e+11,7.73329e+10
4.8908e+07,130039,1.70023e+07,1.28345e+11,7.76544e+10
4.89143e+07,131208,1.70027e+07,1.2815e+11,7.79754e+10
4.89206e+07,132382,1.7003e+07,1.27955e+11,7.82958e+10
4.89269e+07,133561,1.70033e+07,1.27758e+11,7.86158e+10
4.89332e+07,134745,1.70037e+07,1.27561e+11,7.89353e+10
4.89395e+07,135933,1.7004e+07,1.27363e+11,7.92543e+10
4.89458e+07,137126,1.70043e+07,1.27165e+11,7.95728e+10
4.89521e+07,138324,1.70047e+07,1.26965e+11,7.98908e+10
4.89585e+07,139527,1.7005e+07,1.26765e+11,8.02083e+10
4.89648e+07,140735,1.70054e+07,1.26564e+11,8.05253e+10
4.89711e+07,141947,1.70057e+07,1.26362e+11,8.08418e+10
4.89774e+07,143164,1.70061e+07,1.26159e+11,8.11578e+10
4.89837e+07,144386,1.70065e+07,1.25956e+11,8.14733e+10
4.899e+07,145613,1.70068e+07,1.25752e+11,8.17883e+10
4.89963e+07,146844,1.70072e+07,1.25547e+11,8.21027e+10
4.90026e+07,148080,1.70075e+07,1.25341e+11,8.24167e+10
4.9009e+07,149321,1.70079e+07,1.25134e+11,8.27301e+10
4.90153e+07,150566,1.70083e+07,1.24927e+11,8.3043e+10
4.90216e+07,151816,1.70087e+07,1.24718e+11,8.33554e+10
4.90279e+07,153071,1.70091e+07,1.2451e+11,8.36673e+10
4.90342e+07,154330,1.70094e+07,1.243e+11,8.39786e+10
4.90405e+07,155595,1.70098e+07,1.24089e+11,8.42895e+10
4.90468e+07,156863,1.70102e+07,1.23878e+11,8.45998e+10
4.90531e+07,158137,1.70106e+07,1.23666e+11,8.49095e+10
4.90594e+07,159415,1.7011e+07,1.23453e+11,8.52187e+10
4.90658e+07,160698,1.70114e+07,1.23239e+11,8.55274e+10
4.90721e+07,161985,1.70118e+07,1.23025e+11,8.58356e+10
4.90784e+07,163277,1.70122e+07,1.2281e+11,8.61432e+10
4.90847e+07,164574,1.70126e+07,1.22594e+11,8.64503e+10
4.9091e+07,165875,1.7013e+07,1.22377e+11,8.67569e+10
4.90973e+07,167181,1.70135e+07,1.2216e+11,8.70629e+10
4.91036e+07,168492,1.70139e+07,1.21942e+11,8.73683e+10
4.91099e+07,169807,1.70143e+07,1.21723e+11,8.76732e+10
4.91162e+07,171126,1.70147e+07,1.21503e+11,8.79776e+10
4.91226e+07,172451,1.70152e+07,1.21282e+11,8.82814e+10
4.91289e+07,173779,1.70156e+07,1.21061e+11,8.85846e+10
4.91352e+07,175113,1.7016e+07,1.20839e+11,8.88873e+10
4.91415e+07,176451,1.70165e+07,1.20616e+11,8.91895e+10
4.91478e+07,177793,1.70169e+07,1.20393e+11,8.94911e+10
4.91541e+07,179140,1.70174e+07,1.20168e+11,8.97921e+10
4.91604e+07,180492,1.70178e+07,1.19943e+11,9.00926e+10
4.91667e+07,181847,1.70183e+07,1.19717e+11,9.03925e+10
4.91731e+07,183208,1.70187e+07,1.19491e+11,9.06918e+10
4.91794e+07,184573,1.70192e+07,1.19264e+11,9.09906e+10
4.91857e+07,185942,1.70196e+07,1.19036e+11,9.12888e+10
4.9192e+07,187316,1.70201e+07,1.18807e+11,9.15864e+10
4.91983e+07,188695,1.70206e+07,1.18577e+11,9.18834e+10
4.92046e+07,190078,1.70211e+07,1.18347e+11,9.21799e+10
4.92109e+07,191465,1.70215e+07,1.18116e+11,9.24758e+10
4.92172e+07,192857,1.7022e+07,1.17884e+11,9.27711e+10
4.92235e+07,194253,1.70225e+07,1.17652e+11,9.30659e+10
4.92299e+07,195654,1.7023e+07,1.17418e+11,9.336e+10
4.92362e+07,197059,1.70235e+07,1.17184e+11,9.36536e+10
4.92425e+07,198468,1.7024e+07,1.1695e+11,9.39466e+10
4.92488e+07,199882,1.70245e+07,1.16714e+11,9.4239e+10
4.92551e+07,201300,1.7025e+07,1.16478e+11,9.45308e+10
4.92614e+07,202723,1.70255e+07,1.16241e+11,9.4822e+10
4.92677e+07,204150,1.7026e+07,1.16004e+11,9.51126e+10
4.9274e+07,205581,1.70265e+07,1.15765e+11,9.54026e+10
4.92803e+07,207017,1.7027e+07,1.15526e+11,9.5692e+10
4.92867e+07,208457,1.70275e+07,1.15286e+11,9.59809e+10
4.9293e+07,209901,1.70281e+07,1.15046e+11,9.62691e+10
4.92993e+07,211350,1.70286e+07,1.14805e+11,9.65567e+10
4.93056e+07,212803,1.70291e+07,1.14563e+11,9.68437e+10
4.93119e+07,214260,1.70297e+07,1.1432e+11,9.71301e+10
4.93182e+07,215722,1.70302e+07,1.14076e+11,9.74159e+10
4.93245e+07,217188,1.70307e+07,1.13832e+11,9.77011e+10
4.93308e+07,218658,1.70313e+07,1.13588e+11,9.79857e+10
4.93372e+07,220132,1.70318e+07,1.13342e+11,9.82697e+10
4.93435e+07,221611,1.70324e+07,1.13096e+11,9.8553e+10
4.93498e+07,223094,1.70329e+07,1.12849e+11,9.88358e+10
4.93561e+07,224581,1.70335e+07,1.12601e+11,9.91179e+10
4.93624e+07,226073,1.70341e+07,1.12353e+11,9.93994e+10
4.93687e+07,227569,1.70346e+07,1.12104e+11,9.96803e+10
4.9375e+07,229069,1.70352e+07,1.11854e+11,9.99605e+10
4.93813e+07,230573,1.70358e+07,1.11603e+11,1.0024e+11
4.93876e+07,232081,1.70364e+07,1.11352e+11,1.00519e+11
4.9394e+07,233594,1.70369e+07,1.111e+11,1.00797e+11
4.94003e+07,235110,1.70375e+07,1.10848e+11,1.01075e+11
4.94066e+07,236631,1.70381e+07,1.10595e+11,1.01352e+11
4.94129e+07,238156,1.70387e+07,1.10341e+11,1.01629e+11
4.94192e+07,239685,1.70393e+07,1.10086e+11,1.01905e+11
4.94255e+07,241219,1.70399e+07,1.09831e+11,1.0218e+11
4.94318e+07,242756,1.70405e+07,1.09575e+11,1.02454e+11
4.94381e+07,244298,1.70411e+07,1.09318e+11,1.02728e+11
4.94444e+07,245843,1.70417e+07,1.0906e+11,1.03002e+11
4.94508e+07,247393,1.70424e+07,1.08802e+11,1.03274e+11
4.94571e+07,248947,1.7043e+07,1.08544e+11,1.03546e+11
4.94634e+07,250505,1.70436e+07,1.08284e+11,1.03817e+11
4.94697e+07,252067,1.70442e+07,1.08024e+11,1.04088e+11
4.9476e+07,253633,1.70449e+07,1.07763e+11,1.04358e+11
4.94823e+07,255203,1.70455e+07,1.07502e+11,1.04628e+11
4.94886e+07,256777,1.70461e+07,1.0724e+11,1.04896e+11
4.94949e+07,258356,1.70468e+07,1.06977e+11,1.05164e+11
4.95013e+07,259938,1.70474e+07,1.06713e+11,1.05432e+11
4.95076e+07,261524,1.70481e+07,1.06449e+11,1.05698e+11
4.95139e+07,263114,1.70487e+07,1.06184e+11,1.05965e+11
4.95202e+07,264709,1.70494e+07,1.05919e+11,1.0623e+11
4.95265e+07,266307,1.70501e+07,1.05653e+11,1.06495e+11
4.95328e+07,267909,1.70507e+07,1.05386e+11,1.06759e+11
4.95391e+07,269515,1.70514e+07,1.05118e+11,1.07022e+11
4.95454e+07,271125,1.70521e+07,1.0485e+11,1.07285e+11
4.95517e+07,272739,1.70528e+07,1.04581e+11,1.07547e+11
4.95581e+07,274357,1.70535e+07,1.04312e+11,1.07808e+11
4.95644e+07,275979,1.70541e+07,1.04042e+11,1.08069e+11
4.95707e+07,277605,1.70548e+07,1.03771e+11,1.08329e+11
4.9577e+07,279235,1.70555e+07,1.035e+11,1.08589e+11
4.95833e+07,280869,1.70562e+07,1.03228e+11,1.08847e+11
4.95896e+07,282506,1.70569e+07,1.02955e+11,1.09105e+11
4.95959e+07,284147,1.70576e+07,1.02682e+11,1.09363e+11
4.96022e+07,285793,1.70584e+07,1.02408e+11,1.09619e+11
4.96085e+07,287442,1.70591e+07,1.02133e+11,1.09875e+11
4.96149e+07,289095,1.70598e+07,1.01858e+11,1.1013e+11
4.96212e+07,290752,1.70605e+07,1.01582e+11,1.10385e+11
4.96275e+07,292412,1.70613e+07,1.01305e+11,1.10639e+11
4.96338e+07,294077,1.7062e+07,1.01028e+11,1.10892e+11
4.96401e+07,295745,1.70627e+07,1.0075e+11,1.11145e+11
4.96464e+07,297417,1.70635e+07,1.00472e+11,1.11396e+11
4.96527e+07,299093,1.70642e+07,1.00193e+11,1.11647e+11
4.9659e+07,300772,1.7065e+07,9.99133e+10,1.11898e+11
4.96654e+07,302455,1.70657e+07,9.9633e+10,1.12148e+11
4.96717e+07,304142,1.70665e+07,9.9352e+10,1.12397e+11
4.9678e+07,305833,1.70672e+07,9.90705e+10,1.12645e+11
4.96843e+07,307528,1.7068e+07,9.87883e+10,1.12892e+11
4.96906e+07,309226,1.70688e+07,9.85055e+10,1.13139e+11
4.96969e+07,310928,1.70696e+07,9.82221e+10,1.13385e+11
4.97032e+07,312634,1.70703e+07,9.7938e+10,1.13631e+11
4.97095e+07,314343,1.70711e+07,9.76534e+10,1.13876e+11
4.97158e+07,316056,1.70719e+07,9.73681e+10,1.1412e+11
4.97222e+07,317773,1.70727e+07,9.70823e+10,1.14363e+11
4.97285e+07,319493,1.70735e+07,9.67958e+10,1.14606e+11
4.97348e+07,321217,1.70743e+07,9.65087e+10,1.14848e+11
4.97411e+07,322944,1.70751e+07,9.6221e+10,1.15089e+11
4.97474e+07,324676,1.70759e+07,9.59327e+10,1.15329e+11
4.97537e+07,326410,1.70767e+07,9.56438e+10,1.15569e+11
4.976e+07,328149,1.70776e+07,9.53543e+10,1.15808e+11
4.97663e+07,329891,1.70784e+07,9.50642e+10,1.16046e+11
4.97726e+07,331636,1.70792e+07,9.47736e+10,1.16284e+11
4.9779e+07,333385,1.708e+07,9.44823e+10,1.16521e+11
4.97853e+07,335138,1.70809e+07,9.41904e+10,1.16757e+11
4.97916e+07,336894,1.70817e+07,9.3898e+10,1.16992e+11
4.97979e+07,338654,1.70826e+07,9.36049e+10,1.17227e+11
4.98042e+07,340417,1.70834e+07,9.33113e+10,1.17461e+11
4.98105e+07,342184,1.70843e+07,9.30171e+10,1.17694e+11
4.98168e+07,343954,1.70851e+07,9.27223e+10,1.17926e+11
4.98231e+07,345728,1.7086e+07,9.24269e+10,1.18158e+11
4.98295e+07,347505,1.70869e+07,9.21309e+10,1.18389e+11
4.98358e+07,349286,1.70877e+07,9.18344e+10,1.18619e+11
4.98421e+07,351070,1.70886e+07,9.15373e+10,1.18848e+11
4.98484e+07,352858,1.70895e+07,9.12396e+10,1.19077e+11
4.98547e+07,354649,1.70904e+07,9.09413e+10,1.19305e+11
4.9861e+07,356443,1.70913e+07,9.06425e+10,1.19532e+11
4.98673e+07,358241,1.70921e+07,9.03431e+10,1.19759e+11
4.98736e+07,360043,1.7093e+07,9.00431e+10,1.19985e+11
4.98799e+07,361847,1.7094e+07,8.97426e+10,1.2021e+11
4.98863e+07,363655,1.70949e+07,8.94415e+10,1.20434e+11
4.98926e+07,365467,1.70958e+07,8.91399e+10,1.20657e+11
4.98989e+07,367281,1.70967e+07,8.88377e+10,1.2088e+11
4.99052e+07,369099,1.70976e+07,8.85349e+10,1.21102e+11
4.99115e+07,370921,1.70985e+07,8.82316e+10,1.21323e+11
4.99178e+07,372746,1.70995e+07,8.79277e+10,1.21544e+11
4.99241e+07,374574,1.71004e+07,8.76233e+10,1.21763e+11
4.99304e+07,376405,1.71013e+07,8.73184e+10,1.21982e+11
4.99367e+07,378240,1.71023e+07,8.70128e+10,1.222e+11
4.99431e+07,380078,1.71032e+07,8.67068e+10,1.22418e+11
4.99494e+07,381919,1.71042e+07,8.64002e+10,1.22634e+11
4.99557e+07,383763,1.71051e+07,8.6093e+10,1.2285e+11
4.9962e+07,385611,1.71061e+07,8.57854e+10,1.23065e+11
4.99683e+07,387462,1.71071e+07,8.54771e+10,1.23279e+11
4.99746e+07,389316,1.7108e+07,8.51684e+10,1.23493e+11
4.99809e+07,391173,1.7109e+07,8.48591e+10,1.23706e+11
4.99872e+07,393033,1.711e+07,8.45493e+10,1.23918e+11
4.99935e+07,394897,1.7111e+07,8.42389e+10,1.24129e+11
4.99999e+07,396764,1.7112e+07,8.3928e+10,1.24339e+11
5.00062e+07,398634,1.7113e+07,8.36166e+10,1.24549e+11
5.00125e+07,400507,1.7114e+07,8.33047e+10,1.24758e+11
5.00188e+07,402383,1.7115e+07,8.29923e+10,1.24966e+11
5.00251e+07,404263,1.7116e+07,8.26793e+10,1.25173e+11
5.00314e+07,406145,1.7117e+07,8.23658e+10,1.2538e+11
5.00377e+07,408031,1.7118e+07,8.20518e+10,1.25586e+11
5.0044e+07,409920,1.7119e+07,8.17373e+10,1.25791e+11
5.00504e+07,411811,1.71201e+07,8.14223e+10,1.25995e+11
5.00567e+07,413706,1.71211e+07,8.11067e+10,1.26198e+11
5.0063e+07,415604,1.71221e+07,8.07907e+10,1.26401e+11
5.00693e+07,417505,1.71232e+07,8.04741e+10,1.26603e+11
5.00756e+07,419409,1.71242e+07,8.01571e+10,1.26804e+11
5.00819e+07,421316,1.71253e+07,7.98395e+10,1.27004e+11
5.00882e+07,423226,1.71263e+07,7.95214e+10,1.27203e+11
5.00945e+07,425139,1.71274e+07,7.92029e+10,1.27402e+11
5.01008e+07,427055,1.71285e+07,7.88838e+10,1.276e+11
5.01072e+07,428973,1.71295e+07,7.85643e+10,1.27797e+11
5.01135e+07,430895,1.71306e+07,7.82442e+10,1.27993e+11
5.01198e+07,432820,1.71317e+07,7.79237e+10,1.28188e+11
5.01261e+07,434748,1.71328e+07,7.76027e+10,1.28383e+11
5.01324e+07,436678,1.71339e+07,7.72812e+10,1.28577e+11
5.01387e+07,438612,1.7135e+07,7.69592e+10,1.2877e+11
5.0145e+07,440548,1.71361e+07,7.66367e+10,1.28962e+11
5.01513e+07,442488,1.71372e+07,7.63138e+10,1.29153e+11
5.01576e+07,444430,1.71383e+07,7.59904e+10,1.29344e+11
5.0164e+07,446375,1.71394e+07,7.56665e+10,1.29534e+11
5.01703e+07,448323,1.71405e+07,7.53421e+10,1.29723e+11
5.01766e+07,450274,1.71416e+07,7.50172e+10,1.29911e+11
5.01829e+07,452227,1.71428e+07,7.46919e+10,1.30098e+11
5.01892e+07,454184,1.71439e+07,7.43661e+10,1.30285e+11
5.01955e+07,456143,1.7145e+07,7.40399e+10,1.3047e+11
5.02018e+07,458105,1.71462e+07,7.37132e+10,1.30655e+11
5.02081e+07,460069,1.71473e+07,7.3386e+10,1.30839e+11
5.02145e+07,462037,1.71485e+07,7.30583e+10,1.31023e+11
5.02208e+07,464007,1.71497e+07,7.27302e+10,1.31205e+11
5.02271e+07,465980,1.71508e+07,7.24017e+10,1.31387e+11
5.02334e+07,467956,1.7152e+07,7.20727e+10,1.31567e+11
5.02397e+07,469934,1.71532e+07,7.17432e+10,1.31747e+11
5.0246e+07,471915,1.71543e+07,7.14133e+10,1.31926e+11
5.02523e+07,473899,1.71555e+07,7.1083e+10,1.32105e+11
5.02586e+07,475885,1.71567e+07,7.07522e+10,1.32282e+11
5.02649e+07,477875,1.71579e+07,7.04209e+10,1.32459e+11
5.02713e+07,479866,1.71591e+07,7.00892e+10,1.32635e+11
5.02776e+07,481861,1.71603e+07,6.97571e+10,1.3281e+11
5.02839e+07,483858,1.71615e+07,6.94246e+10,1.32984e+11
5.02902e+07,485857,1.71627e+07,6.90916e+10,1.33157e+11
5.02965e+07,487860,1.71639e+07,6.87582e+10,1.3333e+11
5.03028e+07,489864,1.71652e+07,6.84243e+10,1.33501e+11
5.03091e+07,491872,1.71664e+07,6.809e+10,1.33672e+11
5.03154e+07,493882,1.71676e+07,6.77553e+10,1.33842e+11
5.03217e+07,495894,1.71689e+07,6.74202e+10,1.34011e+11
5.03281e+07,497909,1.71701e+07,6.70846e+10,1.3418e+11
5.03344e+07,499927,1.71714e+07,6.67486e+10,1.34347e+11
5.03407e+07,501947,1.71726e+07,6.64122e+10,1.34514e+11
5.0347e+07,503969,1.71739e+07,6.60754e+10,1.3468e+11
5.03533e+07,505994,1.71751e+07,6.57382e+10,1.34845e+11
5.03596e+07,508022,1.71764e+07,6.54006e+10,1.35009e+11
5.03659e+07,510052,1.71777e+07,6.50625e+10,1.35172e+11
5.03722e+07,512084,1.7179e+07,6.47241e+10,1.35334e+11
5.03786e+07,514119,1.71802e+07,6.43852e+10,1.35496e+11
5.03849e+07,516157,1.71815e+07,6.40459e+10,1.35657e+11
5.03912e+07,518196,1.71828e+07,6.37063e+10,1.35816e+11
5.03975e+07,520238,1.71841e+07,6.33662e+10,1.35975e+11
5.04038e+07,522283,1.71854e+07,6.30257e+10,1.36134e+11
5.04101e+07,524330,1.71867e+07,6.26849e+10,1.36291e+11
5.04164e+07,526379,1.71881e+07,6.23436e+10,1.36447e+11
5.04227e+07,528430,1.71894e+07,6.2002e+10,1.36603e+11
5.0429e+07,530484,1.71907e+07,6.166e+10,1.36758e+11
5.04354e+07,532541,1.7192e+07,6.13176e+10,1.36912e+11
5.04417e+07,534599,1.71934e+07,6.09748e+10,1.37065e+11
5.0448e+07,536660,1.71947e+07,6.06316e+10,1.37217e+11
5.04543e+07,538723,1.71961e+07,6.0288e+10,1.37368e+11
5.04606e+07,540788,1.71974e+07,5.99441e+10,1.37519e+11
5.04669e+07,542856,1.71988e+07,5.95998e+10,1.37668e+11
5.04732e+07,544926,1.72001e+07,5.92551e+10,1.37817e+11
5.04795e+07,546998,1.72015e+07,5.891e+10,1.37965e+11
5.04858e+07,549072,1.72029e+07,5.85646e+10,1.38112e+11
5.04922e+07,551149,1.72042e+07,5.82188e+10,1.38258e+11
5.04985e+07,553227,1.72056e+07,5.78727e+10,1.38403e+11
5.05048e+07,555308,1.7207e+07,5.75261e+10,1.38548e+11
5.05111e+07,557391,1.72084e+07,5.71793e+10,1.38691e+11
5.05174e+07,559476,1.72098e+07,5.6832e+10,1.38834e+11
5.05237e+07,561564,1.72112e+07,5.64844e+10,1.38976e+11
5.053e+07,563653,1.72126e+07,5.61365e+10,1.39116e+11
5.05363e+07,565745,1.7214e+07,5.57882e+10,1.39257e+11
5.05427e+07,567838,1.72154e+07,5.54395e+10,1.39396e+11
5.0549e+07,569934,1.72169e+07,5.50905e+10,1.39534e+11
5.05553e+07,572032,1.72183e+07,5.47412e+10,1.39671e+11
5.05616e+07,574132,1.72197e+07,5.43915e+10,1.39808e+11
5.05679e+07,576234,1.72212e+07,5.40415e+10,1.39944e+11
5.05742e+07,578337,1.72226e+07,5.36911e+10,1.40078e+11
5.05805e+07,580443,1.72241e+07,5.33404e+10,1.40212e+11
5.05868e+07,582551,1.72255e+07,5.29894e+10,1.40345e+11
5.05931e+07,584661,1.7227e+07,5.2638e+10,1.40478e+11
5.05995e+07,586773,1.72284e+07,5.22863e+10,1.40609e+11
5.06058e+07,588887,1.72299e+07,5.19343e+10,1.40739e+11
5.06121e+07,591003,1.72314e+07,5.1582e+10,1.40869e+11
5.06184e+07,593121,1.72329e+07,5.12293e+10,1.40998e+11
5.06247e+07,595241,1.72344e+07,5.08763e+10,1.41125e+11
5.0631e+07,597362,1.72359e+07,5.0523e+10,1.41252e+11
5.06373e+07,599486,1.72373e+07,5.01694e+10,1.41378e+11
5.06436e+07,601611,1.72389e+07,4.98154e+10,1.41503e+11
5.06499e+07,603738,1.72404e+07,4.94612e+10,1.41628e+11
5.06563e+07,605868,1.72419e+07,4.91066e+10,1.41751e+11
5.06626e+07,607999,1.72434e+07,4.87517e+10,1.41873e+11
5.06689e+07,610131,1.72449e+07,4.83966e+10,1.41995e+11
5.06752e+07,612266,1.72464e+07,4.80411e+10,1.42116e+11
5.06815e+07,614403,1.7248e+07,4.76853e+10,1.42235e+11
5.06878e+07,616541,1.72495e+07,4.73292e+10,1.42354e+11
5.06941e+07,618681,1.72511e+07,4.69728e+10,1.42472e+11
5.07004e+07,620823,1.72526e+07,4.66162e+10,1.42589e+11
5.07068e+07,622966,1.72542e+07,4.62592e+10,1.42706e+11
5.07131e+07,625112,1.72557e+07,4.5902e+10,1.42821e+11
5.07194e+07,627259,1.72573e+07,4.55444e+10,1.42935e+11
5.07257e+07,629407,1.72589e+07,4.51866e+10,1.43049e+11
5.0732e+07,631558,1.72605e+07,4.48285e+10,1.43162e+11
5.07383e+07,633710,1.7262e+07,4.44701e+10,1.43273e+11
5.07446e+07,635864,1.72636e+07,4.41114e+10,1.43384e+11
5.07509e+07,638019,1.72652e+07,4.37525e+10,1.43494e+11
5.07572e+07,640176,1.72668e+07,4.33933e+10,1.43603e+11
5.07636e+07,642335,1.72684e+07,4.30338e+10,1.43711e+11
5.07699e+07,644495,1.727e+07,4.2674e+10,1.43819e+11
5.07762e+07,646657,1.72717e+07,4.2314e+10,1.43925e+11
5.07825e+07,648821,1.72733e+07,4.19537e+10,1.4403e+11
5.07888e+07,650986,1.72749e+07,4.15932e+10,1.44135e+11
5.07951e+07,653153,1.72765e+07,4.12324e+10,1.44238e+11
5.08014e+07,655321,1.72782e+07,4.08713e+10,1.44341e+11
5.08077e+07,657491,1.72798e+07,4.051e+10,1.44443e+11
5.0814e+07,659662,1.72815e+07,4.01484e+10,1.44544e+11
5.08204e+07,661835,1.72831e+07,3.97865e+10,1.44644e+11
5.08267e+07,664009,1.72848e+07,3.94245e+10,1.44743e+11
5.0833e+07,666185,1.72864e+07,3.90621e+10,1.44841e+11
5.08393e+07,668362,1.72881e+07,3.86996e+10,1.44939e+11
5.08456e+07,670541,1.72898e+07,3.83367e+10,1.45035e+11
5.08519e+07,672721,1.72915e+07,3.79737e+10,1.45131e+11
5.08582e+07,674903,1.72931e+07,3.76104e+10,1.45225e+11
5.08645e+07,677086,1.72948e+07,3.72469e+10,1.45319e+11
5.08709e+07,679270,1.72965e+07,3.68831e+10,1.45412e+11
5.08772e+07,681456,1.72982e+07,3.65191e+10,1.45503e+11
5.08835e+07,683643,1.72999e+07,3.61549e+10,1.45594e+11
5.08898e+07,685832,1.73017e+07,3.57904e+10,1.45684e+11
5.08961e+07,688021,1.73034e+07,3.54258e+10,1.45773e+11
5.09024e+07,690213,1.73051e+07,3.50609e+10,1.45862e+11
5.09087e+07,692405,1.73068e+07,3.46958e+10,1.45949e+11
5.0915e+07,694599,1.73086e+07,3.43304e+10,1.46035e+11
5.09213e+07,696794,1.73103e+07,3.39649e+10,1.46121e+11
5.09277e+07,698991,1.73121e+07,3.35991e+10,1.46205e+11
5.0934e+07,701188,1.73138e+07,3.32331e+10,1.46289e+11
5.09403e+07,703387,1.73156e+07,3.2867e+10,1.46372e+11
5.09466e+07,705587,1.73173e+07,3.25006e+10,1.46453e+11
5.09529e+07,707789,1.73191e+07,3.2134e+10,1.46534e+11
5.09592e+07,709991,1.73209e+07,3.17672e+10,1.46614e+11
5.09655e+07,712195,1.73227e+07,3.14002e+10,1.46693e+11
5.09718e+07,714400,1.73244e+07,3.1033e+10,1.46772e+11
5.09781e+07,716606,1.73262e+07,3.06657e+10,1.46849e+11
5.09845e+07,718813,1.7328e+07,3.02981e+10,1.46925e+11
5.09908e+07,721022,1.73298e+07,2.99303e+10,1.47e+11
5.09971e+07,723231,1.73316e+07,2.95624e+10,1.47075e+11
5.10034e+07,725442,1.73334e+07,2.91942e+10,1.47148e+11
5.10097e+07,727654,1.73353e+07,2.88259e+10,1.47221e+11
5.1016e+07,729867,1.73371e+07,2.84574e+10,1.47293e+11
5.10223e+07,732080,1.73389e+07,2.80888e+10,1.47363e+11
5.10286e+07,734295,1.73408e+07,2.77199e+10,1.47433e+11
5.1035e+07,736511,1.73426e+07,2.73509e+10,1.47502e+11
5.10413e+07,738728,1.73444e+07,2.69817e+10,1.4757e+11
5.10476e+07,740946,1.73463e+07,2.66123e+10,1.47637e+11
5.10539e+07,743165,1.73482e+07,2.62428e+10,1.47703e+11
5.10602e+07,745386,1.735e+07,2.58731e+10,1.47769e+11
5.10665e+07,747607,1.73519e+07,2.55032e+10,1.47833e+11
5.10728e+07,749829,1.73538e+07,2.51332e+10,1.47896e+11
5.10791e+07,752051,1.73556e+07,2.4763e+10,1.47959e+11
5.10854e+07,754275,1.73575e+07,2.43927e+10,1.4802e+11
5.10918e+07,756500,1.73594e+07,2.40222e+10,1.48081e+11
5.10981e+07,758726,1.73613e+07,2.36516e+10,1.4814e+11
5.11044e+07,760952,1.73632e+07,2.32808e+10,1.48199e+11
5.11107e+07,763180,1.73651e+07,2.29099e+10,1.48257e+11
5.1117e+07,765408,1.7367e+07,2.25388e+10,1.48314e+11
5.11233e+07,767637,1.73689e+07,2.21676e+10,1.4837e+11
5.11296e+07,769867,1.73709e+07,2.17962e+10,1.48425e+11
5.11359e+07,772098,1.73728e+07,2.14248e+10,1.48479e+11
5.11422e+07,774329,1.73747e+07,2.10531e+10,1.48532e+11
5.11486e+07,776562,1.73767e+07,2.06814e+10,1.48584e+11
5.11549e+07,778795,1.73786e+07,2.03095e+10,1.48635e+11
5.11612e+07,781029,1.73806e+07,1.99375e+10,1.48686e+11
5.11675e+07,783264,1.73825e+07,1.95654e+10,1.48735e+11
5.11738e+07,785499,1.73845e+07,1.91931e+10,1.48784e+11
5.11801e+07,787735,1.73865e+07,1.88207e+10,1.48831e+11
5.11864e+07,789972,1.73884e+07,1.84482e+10,1.48878e+11
5.11927e+07,792210,1.73904e+07,1.80756e+10,1.48924e+11
5.11991e+07,794448,1.73924e+07,1.77029e+10,1.48968e+11
5.12054e+07,796687,1.73944e+07,1.73301e+10,1.49012e+11
5.12117e+07,798926,1.73964e+07,1.69571e+10,1.49055e+11
5.1218e+07,801166,1.73984e+07,1.65841e+10,1.49097e+11
5.12243e+07,803407,1.74004e+07,1.62109e+10,1.49138e+11
5.12306e+07,805649,1.74024e+07,1.58377e+10,1.49178e+11
5.12369e+07,807891,1.74044e+07,1.54643e+10,1.49217e+11
5.12432e+07,810133,1.74065e+07,1.50908e+10,1.49256e+11
5.12495e+07,812376,1.74085e+07,1.47173e+10,1.49293e+11
5.12559e+07,814620,1.74105e+07,1.43437e+10,1.49329e+11
5.12622e+07,816864,1.74126e+07,1.39699e+10,1.49365e+11
5.12685e+07,819109,1.74146e+07,1.35961e+10,1.49399e+11
5.12748e+07,821354,1.74167e+07,1.32222e+10,1.49433e+11
5.12811e+07,823600,1.74187e+07,1.28482e+10,1.49465e+11
5.12874e+07,825846,1.74208e+07,1.24742e+10,1.49497e+11
5.12937e+07,828093,1.74229e+07,1.21e+10,1.49528e+11
5.13e+07,830340,1.74249e+07,1.17258e+10,1.49558e+11
5.13063e+07,832588,1.7427e+07,1.13515e+10,1.49587e+11
5.13127e+07,834836,1.74291e+07,1.09772e+10,1.49614e+11
5.1319e+07,837085,1.74312e+07,1.06027e+10,1.49641e+11
5.13253e+07,839333,1.74333e+07,1.02282e+10,1.49668e+11
5.13316e+07,841583,1.74354e+07,9.85366e+09,1.49693e+11
5.13379e+07,843832,1.74375e+07,9.47904e+09,1.49717e+11
5.13442e+07,846082,1.74396e+07,9.10436e+09,1.4974e+11
5.13505e+07,848333,1.74417e+07,8.72962e+09,1.49762e+11
5.13568e+07,850583,1.74439e+07,8.35482e+09,1.49784e+11
5.13631e+07,852834,1.7446e+07,7.97998e+09,1.49804e+11
5.13695e+07,855085,1.74481e+07,7.60508e+09,1.49824e+11
5.13758e+07,857337,1.74503e+07,7.23013e+09,1.49842e+11
5.13821e+07,859589,1.74524e+07,6.85514e+09,1.4986e+11
5.13884e+07,861841,1.74546e+07,6.48011e+09,1.49877e+11
5.13947e+07,864093,1.74567e+07,6.10504e+09,1.49892e+11
5.1401e+07,866346,1.74589e+07,5.72993e+09,1.49907e+11
5.14073e+07,868599,1.74611e+07,5.35478e+09,1.49921e+11
5.14136e+07,870852,1.74633e+07,4.9796e+09,1.49934e+11
5.142e+07,873105,1.74654e+07,4.60439e+09,1.49946e+11
5.14263e+07,875358,1.74676e+07,4.22915e+09,1.49957e+11
5.14326e+07,877612,1.74698e+07,3.85388e+09,1.49967e+11
5.14389e+07,879865,1.7472e+07,3.47859e+09,1.49976e+11
5.14452e+07,882119,1.74742e+07,3.10327e+09,1.49985e+11
5.14515e+07,884373,1.74764e+07,2.72794e+09,1.49992e+11
5.14578e+07,886627,1.74786e+07,2.35259e+09,1.49998e+11
5.14641e+07,888881,1.74809e+07,1.97723e+09,1.50004e+11
5.14704e+07,891135,1.74831e+07,1.60185e+09,1.50008e+11
5.14768e+07,893389,1.74853e+07,1.22646e+09,1.50012e+11
5.14831e+07,895643,1.74876e+07,8.51068e+08,1.50014e+11
5.14894e+07,897898,1.74898e+07,4.75668e+08,1.50016e+11
5.14957e+07,900152,1.74921e+07,1.00265e+08,1.50017e+11
5.1502e+07,902406,1.74943e+07,-2.75139e+08,1.50016e+11
5.15083e+07,904661,1.74966e+07,-6.50541e+08,1.50015e+11
5.15146e+07,906915,1.74988e+07,-1.02594e+09,1.50013e+11
5.15209e+07,909169,1.75011e+07,-1.40133e+09,1.5001e+11
5.15272e+07,911423,1.75034e+07,-1.77671e+09,1.50006e+11
5.15336e+07,913677,1.75057e+07,-2.15208e+09,1.50001e+11
5.15399e+07,915932,1.7508e+07,-2.52744e+09,1.49995e+11
5.15462e+07,918185,1.75103e+07,-2.90278e+09,1.49989e+11
5.15525e+07,920439,1.75126e+07,-3.27811e+09,1.49981e+11
5.15588e+07,922693,1.75149e+07,-3.65341e+09,1.49972e+11
5.15651e+07,924947,1.75172e+07,-4.02869e+09,1.49962e+11
5.15714e+07,927200,1.75195e+07,-4.40395e+09,1.49952e+11
5.15777e+07,929453,1.75218e+07,-4.77917e+09,1.4994e+11
5.15841e+07,931706,1.75242e+07,-5.15437e+09,1.49928e+11
5.15904e+07,933959,1.75265e+07,-5.52954e+09,1.49915e+11
5.15967e+07,936212,1.75288e+07,-5.90467e+09,1.499e+11
5.1603e+07,938464,1.75312e+07,-6.27976e+09,1.49885e+11
5.16093e+07,940717,1.75335e+07,-6.65482e+09,1.49869e+11
5.16156e+07,942968,1.75359e+07,-7.02983e+09,1.49852e+11
5.16219e+07,945220,1.75382e+07,-7.4048e+09,1.49834e+11
5.16282e+07,947472,1.75406e+07,-7.77972e+09,1.49815e+11
5.16345e+07,949723,1.7543e+07,-8.15459e+09,1.49795e+11
5.16409e+07,951974,1.75454e+07,-8.52942e+09,1.49774e+11
5.16472e+07,954224,1.75478e+07,-8.90419e+09,1.49752e+11
5.16535e+07,956474,1.75501e+07,-9.2789e+09,1.49729e+11
5.16598e+07,958724,1.75525e+07,-9.65355e+09,1.49706e+11
5.16661e+07,960973,1.75549e+07,-1.00281e+10,1.49681e+11
5.16724e+07,963223,1.75574e+07,-1.04027e+10,1.49655e+11
5.16787e+07,965471,1.75598e+07,-1.07771e+10,1.49629e+11
5.1685e+07,967719,1.75622e+07,-1.11515e+10,1.49601e+11
5.16913e+07,969967,1.75646e+07,-1.15259e+10,1.49573e+11
5.16977e+07,972215,1.7567e+07,-1.19001e+10,1.49544e+11
5.1704e+07,974462,1.75695e+07,-1.22743e+10,1.49514e+11
5.17103e+07,976708,1.75719e+07,-1.26484e+10,1.49482e+11
5.17166e+07,978954,1.75744e+07,-1.30224e+10,1.4945e+11
5.17229e+07,981200,1.75768e+07,-1.33964e+10,1.49417e+11
5.17292e+07,983445,1.75793e+07,-1.37703e+10,1.49383e+11
5.17355e+07,985689,1.75817e+07,-1.4144e+10,1.49348e+11
5.17418e+07,987933,1.75842e+07,-1.45177e+10,1.49312e+11
5.17482e+07,990177,1.75867e+07,-1.48913e+10,1.49276e+11
5.17545e+07,992420,1.75892e+07,-1.52648e+10,1.49238e+11
5.17608e+07,994662,1.75917e+07,-1.56382e+10,1.49199e+11
5.17671e+07,996904,1.75941e+07,-1.60115e+10,1.4916e+11
5.17734e+07,999145,1.75966e+07,-1.63847e+10,1.49119e+11
5.17797e+07,1.00139e+06,1.75991e+07,-1.67578e+10,1.49077e+11
5.1786e+07,1.00363e+06,1.76017e+07,-1.71308e+10,1.49035e+11
5.17923e+07,1.00586e+06,1.76042e+07,-1.75037e+10,1.48992e+11
5.17986e+07,1.0081e+06,1.76067e+07,-1.78765e+10,1.48947e+11
5.1805e+07,1.01034e+06,1.76092e+07,-1.82492e+10,1.48902e+11
5.18113e+07,1.01258e+06,1.76117e+07,-1.86217e+10,1.48856e+11
5.18176e+07,1.01481e+06,1.76143e+07,-1.89942e+10,1.48809e+11
5.18239e+07,1.01705e+06,1.76168e+07,-1.93665e+10,1.48761e+11
5.18302e+07,1.01929e+06,1.76194e+07,-1.97387e+10,1.48712e+11
5.18365e+07,1.02152e+06,1.76219e+07,-2.01108e+10,1.48662e+11
5.18428e+07,1.02375e+06,1.76245e+07,-2.04827e+10,1.48611e+11
5.18491e+07,1.02599e+06,1.76271e+07,-2.08546e+10,1.4856e+11
5.18554e+07,1.02822e+06,1.76296e+07,-2.12263e+10,1.48507e+11
5.18618e+07,1.03045e+06,1.76322e+07,-2.15978e+10,1.48453e+11
5.18681e+07,1.03268e+06,1.76348e+07,-2.19692e+10,1.48399e+11
5.18744e+07,1.03491e+06,1.76374e+07,-2.23405e+10,1.48343e+11
5.18807e+07,1.03714e+06,1.764e+07,-2.27117e+10,1.48287e+11
5.1887e+07,1.03937e+06,1.76426e+07,-2.30827e+10,1.4823e+11
5.18933e+07,1.04159e+06,1.76452e+07,-2.34535e+10,1.48172e+11
5.18996e+07,1.04382e+06,1.76478e+07,-2.38242e+10,1.48112e+11
5.19059e+07,1.04604e+06,1.76504e+07,-2.41948e+10,1.48052e+11
5.19123e+07,1.04827e+06,1.7653e+07,-2.45652e+10,1.47991e+11
5.19186e+07,1.05049e+06,1.76556e+07,-2.49355e+10,1.47929e+11
5.19249e+07,1.05271e+06,1.76583e+07,-2.53056e+10,1.47866e+11
5.19312e+07,1.05494e+06,1.76609e+07,-2.56755e+10,1.47803e+11
5.19375e+07,1.05716e+06,1.76635e+07,-2.60453e+10,1.47738e+11
5.19438e+07,1.05938e+06,1.76662e+07,-2.64149e+10,1.47672e+11
5.19501e+07,1.0616e+06,1.76688e+07,-2.67844e+10,1.47606e+11
5.19564e+07,1.06381e+06,1.76715e+07,-2.71537e+10,1.47538e+11
5.19627e+07,1.06603e+06,1.76742e+07,-2.75228e+10,1.4747e+11
5.19691e+07,1.06824e+06,1.76768e+07,-2.78917e+10,1.474e+11
5.19754e+07,1.07046e+06,1.76795e+07,-2.82605e+10,1.4733e+11
5.19817e+07,1.07267e+06,1.76822e+07,-2.86291e+10,1.47259e+11
5.1988e+07,1.07488e+06,1.76849e+07,-2.89975e+10,1.47187e+11
5.19943e+07,1.0771e+06,1.76876e+07,-2.93657e+10,1.47114e+11
5.20006e+07,1.07931e+06,1.76903e+07,-2.97338e+10,1.4704e+11
5.20069e+07,1.08152e+06,1.7693e+07,-3.01016e+10,1.46965e+11
5.20132e+07,1.08372e+06,1.76957e+07,-3.04693e+10,1.46889e+11
5.20195e+07,1.08593e+06,1.76984e+07,-3.08368e+10,1.46812e+11
5.20259e+07,1.08814e+06,1.77011e+07,-3.12041e+10,1.46735e+11
5.20322e+07,1.09034e+06,1.77039e+07,-3.15712e+10,1.46656e+11
5.20385e+07,1.09254e+06,1.77066e+07,-3.19381e+10,1.46577e+11
5.20448e+07,1.09475e+06,1.77093e+07,-3.23047e+10,1.46496e+11
5.20511e+07,1.09695e+06,1.77121e+07,-3.26712e+10,1.46415e+11
5.20574e+07,1.09915e+06,1.77148e+07,-3.30375e+10,1.46333e+11
5.20637e+07,1.10134e+06,1.77176e+07,-3.34036e+10,1.4625e+11
5.207e+07,1.10354e+06,1.77203e+07,-3.37695e+10,1.46166e+11
5.20764e+07,1.10574e+06,1.77231e+07,-3.41351e+10,1.46081e+11
5.20827e+07,1.10793e+06,1.77259e+07,-3.45006e+10,1.45995e+11
5.2089e+07,1.11012e+06,1.77286e+07,-3.48658e+10,1.45908e+11
5.20953e+07,1.11232e+06,1.77314e+07,-3.52308e+10,1.4582e+11
5.21016e+07,1.11451e+06,1.77342e+07,-3.55956e+10,1.45732e+11
5.21079e+07,1.1167e+06,1.7737e+07,-3.59602e+10,1.45642e+11
5.21142e+07,1.11888e+06,1.77398e+07,-3.63245e+10,1.45552e+11
5.21205e+07,1.12107e+06,1.77426e+07,-3.66886e+10,1.4546e+11
5.21268e+07,1.12326e+06,1.77454e+07,-3.70525e+10,1.45368e+11
5.21332e+07,1.12544e+06,1.77482e+07,-3.74162e+10,1.45275e+11
5.21395e+07,1.12762e+06,1.7751e+07,-3.77796e+10,1.45181e+11
5.21458e+07,1.1298e+06,1.77539e+07,-3.81428e+10,1.45086e+11
5.21521e+07,1.13198e+06,1.77567e+07,-3.85057e+10,1.4499e+11
5.21584e+07,1.13416e+06,1.77595e+07,-3.88684e+10,1.44893e+11
5.21647e+07,1.13634e+06,1.77624e+07,-3.92309e+10,1.44795e+11
5.2171e+07,1.13851e+06,1.77652e+07,-3.95931e+10,1.44697e+11
5.21773e+07,1.14069e+06,1.77681e+07,-3.99551e+10,1.44597e+11
5.21836e+07,1.14286e+06,1.77709e+07,-4.03168e+10,1.44497e+11
5.219e+07,1.14503e+06,1.77738e+07,-4.06782e+10,1.44395e+11
5.21963e+07,1.1472e+06,1.77767e+07,-4.10394e+10,1.44293e+11
5.22026e+07,1.14936e+06,1.77795e+07,-4.14004e+10,1.4419e+11
5.22089e+07,1.15153e+06,1.77824e+07,-4.17611e+10,1.44086e+11
5.22152e+07,1.1537e+06,1.77853e+07,-4.21215e+10,1.43981e+11
5.22215e+07,1.15586e+06,1.77882e+07,-4.24817e+10,1.43875e+11
5.22278e+07,1.15802e+06,1.77911e+07,-4.28416e+10,1.43768e+11
5.22341e+07,1.16018e+06,1.7794e+07,-4.32012e+10,1.4366e+11
5.22405e+07,1.16234e+06,1.77969e+07,-4.35606e+10,1.43552e+11
5.22468e+07,1.16449e+06,1.77998e+07,-4.39197e+10,1.43442e+11
5.22531e+07,1.16665e+06,1.78027e+07,-4.42785e+10,1.43332e+11
5.22594e+07,1.1688e+06,1.78056e+07,-4.4637e+10,1.43221e+11
5.22657e+07,1.17095e+06,1.78086e+07,-4.49953e+10,1.43109e+11
5.2272e+07,1.1731e+06,1.78115e+07,-4.53532e+10,1.42996e+11
5.22783e+07,1.17525e+06,1.78144e+07,-4.57109e+10,1.42882e+11
5.22846e+07,1.1774e+06,1.78174e+07,-4.60683e+10,1.42767e+11
5.22909e+07,1.17954e+06,1.78203e+07,-4.64254e+10,1.42651e+11
5.22973e+07,1.18168e+06,1.78233e+07,-4.67823e+10,1.42534e+11
5.23036e+07,1.18382e+06,1.78263e+07,-4.71388e+10,1.42417e+11
5.23099e+07,1.18596e+06,1.78292e+07,-4.7495e+10,1.42298e+11
5.23162e+07,1.1881e+06,1.78322e+07,-4.7851e+10,1.42179e+11
5.23225e+07,1.19024e+06,1.78352e+07,-4.82066e+10,1.42059e+11
5.23288e+07,1.19237e+06,1.78381e+07,-4.85619e+10,1.41938e+11
5.23351e+07,1.1945e+06,1.78411e+07,-4.8917e+10,1.41816e+11
5.23414e+07,1.19663e+06,1.78441e+07,-4.92717e+10,1.41693e+11
5.23477e+07,1.19876e+06,1.78471e+07,-4.96261e+10,1.41569e+11
5.23541e+07,1.20089e+06,1.78501e+07,-4.99802e+10,1.41445e+11
5.23604e+07,1.20301e+06,1.78531e+07,-5.0334e+10,1.41319e+11
5.23667e+07,1.20513e+06,1.78561e+07,-5.06875e+10,1.41193e+11
5.2373e+07,1.20725e+06,1.78592e+07,-5.10407e+10,1.41065e+11
5.23793e+07,1.20937e+06,1.78622e+07,-5.13935e+10,1.40937e+11
5.23856e+07,1.21149e+06,1.78652e+07,-5.1746e+10,1.40808e+11
5.23919e+07,1.21361e+06,1.78683e+07,-5.20982e+10,1.40678e+11
5.23982e+07,1.21572e+06,1.78713e+07,-5.24501e+10,1.40547e+11
5.24046e+07,1.21783e+06,1.78743e+07,-5.28016e+10,1.40416e+11
5.24109e+07,1.21994e+06,1.78774e+07,-5.31528e+10,1.40283e+11
5.24172e+07,1.22205e+06,1.78804e+07,-5.35037e+10,1.4015e+11
5.24235e+07,1.22415e+06,1.78835e+07,-5.38542e+10,1.40015e+11
5.24298e+07,1.22625e+06,1.78866e+07,-5.42044e+10,1.3988e+11
5.24361e+07,1.22835e+06,1.78896e+07,-5.45543e+10,1.39744e+11
5.24424e+07,1.23045e+06,1.78927e+07,-5.49038e+10,1.39607e+11
5.24487e+07,1.23255e+06,1.78958e+07,-5.5253e+10,1.39469e+11
5.2455e+07,1.23464e+06,1.78989e+07,-5.56018e+10,1.3933e+11
5.24614e+07,1.23674e+06,1.7902e+07,-5.59503e+10,1.39191e+11
5.24677e+07,1.23883e+06,1.79051e+07,-5.62985e+10,1.3905e+11
5.2474e+07,1.24092e+06,1.79082e+07,-5.66462e+10,1.38909e+11
5.24803e+07,1.243e+06,1.79113e+07,-5.69937e+10,1.38767e+11
5.24866e+07,1.24509e+06,1.79144e+07,-5.73407e+10,1.38624e+11
5.24929e+07,1.24717e+06,1.79175e+07,-5.76875e+10,1.3848e+11
5.24992e+07,1.24925e+06,1.79206e+07,-5.80338e+10,1.38335e+11
5.25055e+07,1.25133e+06,1.79238e+07,-5.83798e+10,1.38189e+11
5.25118e+07,1.2534e+06,1.79269e+07,-5.87254e+10,1.38043e+11
5.25182e+07,1.25548e+06,1.793e+07,-5.90707e+10,1.37895e+11
5.25245e+07,1.25755e+06,1.79332e+07,-5.94155e+10,1.37747e+11
5.25308e+07,1.25961e+06,1.79363e+07,-5.976e+10,1.37598e+11
5.25371e+07,1.26168e+06,1.79395e+07,-6.01042e+10,1.37448e+11
5.25434e+07,1.26375e+06,1.79427e+07,-6.04479e+10,1.37297e+11
5.25497e+07,1.26581e+06,1.79458e+07,-6.07913e+10,1.37145e+11
5.2556e+07,1.26787e+06,1.7949e+07,-6.11343e+10,1.36993e+11
5.25623e+07,1.26992e+06,1.79522e+07,-6.14769e+10,1.36839e+11
5.25687e+07,1.27198e+06,1.79554e+07,-6.18192e+10,1.36685e+11
5.2575e+07,1.27403e+06,1.79585e+07,-6.2161e+10,1.3653e+11
5.25813e+07,1.27608e+06,1.79617e+07,-6.25025e+10,1.36374e+11
5.25876e+07,1.27813e+06,1.79649e+07,-6.28435e+10,1.36217e+11
5.25939e+07,1.28018e+06,1.79681e+07,-6.31842e+10,1.36059e+11
5.26002e+07,1.28222e+06,1.79713e+07,-6.35245e+10,1.35901e+11
5.26065e+07,1.28426e+06,1.79745e+07,-6.38644e+10,1.35741e+11
5.26128e+07,1.2863e+06,1.79778e+07,-6.42038e+10,1.35581e+11
5.26191e+07,1.28834e+06,1.7981e+07,-6.45429e+10,1.3542e+11
5.26255e+07,1.29037e+06,1.79842e+07,-6.48816e+10,1.35258e+11
5.26318e+07,1.2924e+06,1.79874e+07,-6.52198e+10,1.35095e+11
5.26381e+07,1.29443e+06,1.79907e+07,-6.55577e+10,1.34931e+11
5.26444e+07,1.29646e+06,1.79939e+07,-6.58951e+10,1.34767e+11
5.26507e+07,1.29848e+06,1.79972e+07,-6.62322e+10,1.34602e+11
5.2657e+07,1.3005e+06,1.80004e+07,-6.65688e+10,1.34435e+11
5.26633e+07,1.30252e+06,1.80037e+07,-6.6905e+10,1.34268e+11
5.26696e+07,1.30454e+06,1.80069e+07,-6.72408e+10,1.34101e+11
5.26759e+07,1.30655e+06,1.80102e+07,-6.75761e+10,1.33932e+11
5.26823e+07,1.30856e+06,1.80135e+07,-6.79111e+10,1.33762e+11
5.26886e+07,1.31057e+06,1.80168e+07,-6.82456e+10,1.33592e+11
5.26949e+07,1.31258e+06,1.802e+07,-6.85796e+10,1.33421e+11
5.27012e+07,1.31458e+06,1.80233e+07,-6.89133e+10,1.33249e+11
5.27075e+07,1.31658e+06,1.80266e+07,-6.92465e+10,1.33076e+11
5.27138e+07,1.31858e+06,1.80299e+07,-6.95793e+10,1.32902e+11
5.27201e+07,1.32058e+06,1.80332e+07,-6.99117e+10,1.32727e+11
5.27264e+07,1.32257e+06,1.80365e+07,-7.02436e+10,1.32552e+11
5.27327e+07,1.32456e+06,1.80398e+07,-7.05751e+10,1.32376e+11
5.27391e+07,1.32655e+06,1.80432e+07,-7.09061e+10,1.32199e+11
5.27454e+07,1.32853e+06,1.80465e+07,-7.12367e+10,1.32021e+11
5.27517e+07,1.33051e+06,1.80498e+07,-7.15668e+10,1.31842e+11
5.2758e+07,1.33249e+06,1.80531e+07,-7.18965e+10,1.31663e+11
5.27643e+07,1.33447e+06,1.80565e+07,-7.22258e+10,1.31482e+11
5.27706e+07,1.33645e+06,1.80598e+07,-7.25545e+10,1.31301e+11
5.27769e+07,1.33842e+06,1.80632e+07,-7.28829e+10,1.31119e+11
5.27832e+07,1.34039e+06,1.80665e+07,-7.32108e+10,1.30936e+11
5.27896e+07,1.34235e+06,1.80699e+07,-7.35382e+10,1.30753e+11
5.27959e+07,1.34432e+06,1.80732e+07,-7.38651e+10,1.30568e+11
5.28022e+07,1.34628e+06,1.80766e+07,-7.41916e+10,1.30383e+11
5.28085e+07,1.34823e+06,1.808e+07,-7.45177e+10,1.30197e+11
5.28148e+07,1.35019e+06,1.80834e+07,-7.48432e+10,1.3001e+11
5.28211e+07,1.35214e+06,1.80867e+07,-7.51683e+10,1.29822e+11
5.28274e+07,1.35409e+06,1.80901e+07,-7.5493e+10,1.29634e+11
5.28337e+07,1.35604e+06,1.80935e+07,-7.58171e+10,1.29444e+11
5.284e+07,1.35798e+06,1.80969e+07,-7.61408e+10,1.29254e+11
5.28464e+07,1.35992e+06,1.81003e+07,-7.6464e+10,1.29063e+11
5.28527e+07,1.36186e+06,1.81037e+07,-7.67867e+10,1.28872e+11
5.2859e+07,1.3638e+06,1.81071e+07,-7.7109e+10,1.28679e+11
5.28653e+07,1.36573e+06,1.81105e+07,-7.74307e+10,1.28486e+11
5.28716e+07,1.36766e+06,1.8114e+07,-7.7752e+10,1.28291e+11
5.28779e+07,1.36958e+06,1.81174e+07,-7.80728e+10,1.28096e+11
5.28842e+07,1.37151e+06,1.81208e+07,-7.83931e+10,1.27901e+11
5.28905e+07,1.37343e+06,1.81243e+07,-7.87129e+10,1.27704e+11
5.28968e+07,1.37534e+06,1.81277e+07,-7.90322e+10,1.27507e+11
5.29032e+07,1.37726e+06,1.81311e+07,-7.9351e+10,1.27308e+11
5.29095e+07,1.37917e+06,1.81346e+07,-7.96693e+10,1.27109e+11
5.29158e+07,1.38108e+06,1.8138e+07,-7.99872e+10,1.2691e+11
5.29221e+07,1.38298e+06,1.81415e+07,-8.03045e+10,1.26709e+11
5.29284e+07,1.38489e+06,1.8145e+07,-8.06213e+10,1.26508e+11
5.29347e+07,1.38679e+06,1.81484e+07,-8.09376e+10,1.26305e+11
5.2941e+07,1.38868e+06,1.81519e+07,-8.12534e+10,1.26102e+11
5.29473e+07,1.39058e+06,1.81554e+07,-8.15687e+10,1.25899e+11
5.29537e+07,1.39247e+06,1.81589e+07,-8.18835e+10,1.25694e+11
5.296e+07,1.39435e+06,1.81624e+07,-8.21978e+10,1.25489e+11
5.29663e+07,1.39624e+06,1.81658e+07,-8.25116e+10,1.25283e+11
5.29726e+07,1.39812e+06,1.81693e+07,-8.28248e+10,1.25076e+11
5.29789e+07,1.4e+06,1.81728e+07,-8.31375e+10,1.24868e+11
5.29852e+07,1.40187e+06,1.81763e+07,-8.34497e+10,1.2466e+11
5.29915e+07,1.40374e+06,1.81799e+07,-8.37614e+10,1.2445e+11
5.29978e+07,1.40561e+06,1.81834e+07,-8.40726e+10,1.2424e+11
5.30041e+07,1.40748e+06,1.81869e+07,-8.43832e+10,1.2403e+11
5.30105e+07,1.40934e+06,1.81904e+07,-8.46933e+10,1.23818e+11
5.30168e+07,1.4112e+06,1.81939e+07,-8.50029e+10,1.23606e+11
5.30231e+07,1.41305e+06,1.81975e+07,-8.53119e+10,1.23393e+11
5.30294e+07,1.41491e+06,1.8201e+07,-8.56204e+10,1.23179e+11
5.30357e+07,1.41676e+06,1.82046e+07,-8.59284e+10,1.22964e+11
5.3042e+07,1.4186e+06,1.82081e+07,-8.62358e+10,1.22749e+11
5.30483e+07,1.42045e+06,1.82117e+07,-8.65427e+10,1.22532e+11
5.30546e+07,1.42228e+06,1.82152e+07,-8.6849e+10,1.22315e+11
5.30609e+07,1.42412e+06,1.82188e+07,-8.71548e+10,1.22098e+11
5.30673e+07,1.42595e+06,1.82224e+07,-8.74601e+10,1.21879e+11
5.30736e+07,1.42778e+06,1.82259e+07,-8.77648e+10,1.2166e+11
5.30799e+07,1.42961e+06,1.82295e+07,-8.8069e+10,1.2144e+11
5.30862e+07,1.43143e+06,1.82331e+07,-8.83726e+10,1.21219e+11
5.30925e+07,1.43325e+06,1.82367e+07,-8.86756e+10,1.20997e+11
5.30988e+07,1.43507e+06,1.82403e+07,-8.89781e+10,1.20775e+11
5.31051e+07,1.43688e+06,1.82438e+07,-8.92801e+10,1.20552e+11
5.31114e+07,1.43869e+06,1.82474e+07,-8.95814e+10,1.20328e+11
5.31178e+07,1.4405e+06,1.8251e+07,-8.98823e+10,1.20104e+11
5.31241e+07,1.4423e+06,1.82547e+07,-9.01825e+10,1.19878e+11
5.31304e+07,1.4441e+06,1.82583e+07,-9.04822e+10,1.19652e+11
5.31367e+07,1.4459e+06,1.82619e+07,-9.07813e+10,1.19425e+11
5.3143e+07,1.44769e+06,1.82655e+07,-9.10799e+10,1.19198e+11
5.31493e+07,1.44948e+06,1.82691e+07,-9.13779e+10,1.1897e+11
5.31556e+07,1.45127e+06,1.82728e+07,-9.16753e+10,1.1874e+11
5.31619e+07,1.45305e+06,1.82764e+07,-9.19721e+10,1.18511e+11
5.31682e+07,1.45483e+06,1.828e+07,-9.22684e+10,1.1828e+11
5.31746e+07,1.4566e+06,1.82837e+07,-9.25641e+10,1.18049e+11
5.31809e+07,1.45838e+06,1.82873e+07,-9.28592e+10,1.17817e+11
5.31872e+07,1.46014e+06,1.8291e+07,-9.31537e+10,1.17584e+11
5.31935e+07,1.46191e+06,1.82946e+07,-9.34477e+10,1.1735e+11
5.31998e+07,1.46367e+06,1.82983e+07,-9.3741e+10,1.17116e+11
5.32061e+07,1.46543e+06,1.8302e+07,-9.40338e+10,1.16881e+11
5.32124e+07,1.46718e+06,1.83056e+07,-9.4326e+10,1.16646e+11
5.32187e+07,1.46894e+06,1.83093e+07,-9.46176e+10,1.16409e+11
5.3225e+07,1.47068e+06,1.8313e+07,-9.49085e+10,1.16172e+11
5.32314e+07,1.47243e+06,1.83167e+07,-9.5199e+10,1.15934e+11
5.32377e+07,1.47417e+06,1.83204e+07,-9.54888e+10,1.15695e+11
5.3244e+07,1.4759e+06,1.8324e+07,-9.5778e+10,1.15456e+11
5.32503e+07,1.47764e+06,1.83277e+07,-9.60666e+10,1.15216e+11
5.32566e+07,1.47937e+06,1.83314e+07,-9.63546e+10,1.14975e+11
5.32629e+07,1.48109e+06,1.83351e+07,-9.6642e+10,1.14734e+11
5.32692e+07,1.48281e+06,1.83389e+07,-9.69288e+10,1.14491e+11
5.32755e+07,1.48453e+06,1.83426e+07,-9.7215e+10,1.14249e+11
5.32819e+07,1.48625e+06,1.83463e+07,-9.75005e+10,1.14005e+11
5.32882e+07,1.48796e+06,1.835e+07,-9.77855e+10,1.1376e+11
5.32945e+07,1.48967e+06,1.83537e+07,-9.80699e+10,1.13515e+11
5.33008e+07,1.49137e+06,1.83575e+07,-9.83536e+10,1.1327e+11
5.33071e+07,1.49307e+06,1.83612e+07,-9.86367e+10,1.13023e+11
5.33134e+07,1.49477e+06,1.83649e+07,-9.89193e+10,1.12776e+11
5.33197e+07,1.49646e+06,1.83687e+07,-9.92011e+10,1.12528e+11
5.3326e+07,1.49815e+06,1.83724e+07,-9.94824e+10,1.12279e+11
5.33323e+07,1.49983e+06,1.83762e+07,-9.97631e+10,1.1203e+11
5.33387e+07,1.50152e+06,1.83799e+07,-1.00043e+11,1.1178e+11
5.3345e+07,1.50319e+06,1.83837e+07,-1.00322e+11,1.11529e+11
5.33513e+07,1.50487e+06,1.83875e+07,-1.00601e+11,1.11278e+11
5.33576e+07,1.50654e+06,1.83912e+07,-1.00879e+11,1.11026e+11
5.33639e+07,1.5082e+06,1.8395e+07,-1.01157e+11,1.10773e+11
5.33702e+07,1.50987e+06,1.83988e+07,-1.01434e+11,1.10519e+11
5.33765e+07,1.51153e+06,1.84026e+07,-1.0171e+11,1.10265e+11
5.33828e+07,1.51318e+06,1.84063e+07,-1.01986e+11,1.1001e+11
5.33891e+07,1.51483e+06,1.84101e+07,-1.02261e+11,1.09755e+11
5.33955e+07,1.51648e+06,1.84139e+07,-1.02535e+11,1.09498e+11
5.34018e+07,1.51812e+06,1.84177e+07,-1.02809e+11,1.09241e+11
5.34081e+07,1.51976e+06,1.84215e+07,-1.03082e+11,1.08984e+11
5.34144e+07,1.5214e+06,1.84253e+07,-1.03354e+11,1.08725e+11
5.34207e+07,1.52303e+06,1.84291e+07,-1.03626e+11,1.08466e+11
5.3427e+07,1.52466e+06,1.8433e+07,-1.03897e+11,1.08207e+11
5.34333e+07,1.52628e+06,1.84368e+07,-1.04167e+11,1.07946e+11
5.34396e+07,1.5279e+06,1.84406e+07,-1.04437e+11,1.07685e+11
5.3446e+07,1.52952e+06,1.84444e+07,-1.04706e+11,1.07424e+11
5.34523e+07,1.53113e+06,1.84482e+07,-1.04975e+11,1.07161e+11
5.34586e+07,1.53274e+06,1.84521e+07,-1.05242e+11,1.06898e+11
5.34649e+07,1.53434e+06,1.84559e+07,-1.0551e+11,1.06634e+11
5.34712e+07,1.53594e+06,1.84598e+07,-1.05776e+11,1.0637e+11
5.34775e+07,1.53754e+06,1.84636e+07,-1.06042e+11,1.06105e+11
5.34838e+07,1.53913e+06,1.84675e+07,-1.06307e+11,1.05839e+11
5.34901e+07,1.54072e+06,1.84713e+07,-1.06572e+11,1.05573e+11
5.34964e+07,1.5423e+06,1.84752e+07,-1.06835e+11,1.05306e+11
5.35028e+07,1.54388e+06,1.8479e+07,-1.07099e+11,1.05038e+11
5.35091e+07,1.54546e+06,1.84829e+07,-1.07361e+11,1.0477e+11
5.35154e+07,1.54703e+06,1.84868e+07,-1.07623e+11,1.04501e+11
5.35217e+07,1.5486e+06,1.84906e+07,-1.07884e+11,1.04231e+11
5.3528e+07,1.55017e+06,1.84945e+07,-1.08145e+11,1.03961e+11
5.35343e+07,1.55173e+06,1.84984e+07,-1.08404e+11,1.0369e+11
5.35406e+07,1.55328e+06,1.85023e+07,-1.08663e+11,1.03418e+11
5.35469e+07,1.55483e+06,1.85062e+07,-1.08922e+11,1.03146e+11
5.35532e+07,1.55638e+06,1.85101e+07,-1.0918e+11,1.02873e+11
5.35596e+07,1.55792e+06,1.8514e+07,-1.09437e+11,1.02599e+11
5.35659e+07,1.55946e+06,1.85179e+07,-1.09693e+11,1.02325e+11
5.35722e+07,1.561e+06,1.85218e+07,-1.09949e+11,1.0205e+11
5.35785e+07,1.56253e+06,1.85257e+07,-1.10204e+11,1.01775e+11
5.35848e+07,1.56406e+06,1.85296e+07,-1.10458e+11,1.01499e+11
5.35911e+07,1.56558e+06,1.85335e+07,-1.10712e+11,1.01222e+11
5.35974e+07,1.5671e+06,1.85374e+07,-1.10965e+11,1.00944e+11
5.36037e+07,1.56862e+06,1.85414e+07,-1.11217e+11,1.00666e+11
5.36101e+07,1.57013e+06,1.85453e+07,-1.11469e+11,1.00388e+11
5.36164e+07,1.57163e+06,1.85492e+07,-1.11719e+11,1.00108e+11
5.36227e+07,1.57313e+06,1.85531e+07,-1.1197e+11,9.98285e+10
5.3629e+07,1.57463e+06,1.85571e+07,-1.12219e+11,9.95479e+10
5.36353e+07,1.57613e+06,1.8561e+07,-1.12468e+11,9.92668e+10
5.36416e+07,1.57762e+06,1.8565e+07,-1.12716e+11,9.8985e+10
5.36479e+07,1.5791e+06,1.85689e+07,-1.12963e+11,9.87026e+10
5.36542e+07,1.58058e+06,1.85729e+07,-1.1321e+11,9.84195e+10
5.36605e+07,1.58206e+06,1.85768e+07,-1.13456e+11,9.81359e+10
5.36669e+07,1.58353e+06,1.85808e+07,-1.13701e+11,9.78516e+10
5.36732e+07,1.585e+06,1.85848e+07,-1.13945e+11,9.75668e+10
5.36795e+07,1.58646e+06,1.85887e+07,-1.14189e+11,9.72813e+10
5.36858e+07,1.58792e+06,1.85927e+07,-1.14432e+11,9.69952e+10
5.36921e+07,1.58938e+06,1.85967e+07,-1.14674e+11,9.67085e+10
5.36984e+07,1.59083e+06,1.86007e+07,-1.14916e+11,9.64212e+10
5.37047e+07,1.59228e+06,1.86046e+07,-1.15157e+11,9.61333e+10
5.3711e+07,1.59372e+06,1.86086e+07,-1.15397e+11,9.58448e+10
5.37173e+07,1.59516e+06,1.86126e+07,-1.15637e+11,9.55557e+10
5.37237e+07,1.59659e+06,1.86166e+07,-1.15875e+11,9.5266e+10
5.373e+07,1.59802e+06,1.86206e+07,-1.16113e+11,9.49757e+10
5.37363e+07,1.59944e+06,1.86246e+07,-1.16351e+11,9.46848e+10
5.37426e+07,1.60086e+06,1.86286e+07,-1.16587e+11,9.43933e+10
5.37489e+07,1.60228e+06,1.86326e+07,-1.16823e+11,9.41012e+10
5.37552e+07,1.60369e+06,1.86366e+07,-1.17058e+11,9.38085e+10
5.37615e+07,1.6051e+06,1.86407e+07,-1.17293e+11,9.35152e+10
5.37678e+07,1.6065e+06,1.86447e+07,-1.17526e+11,9.32214e+10
5.37742e+07,1.6079e+06,1.86487e+07,-1.17759e+11,9.2927e+10
5.37805e+07,1.60929e+06,1.86527e+07,-1.17991e+11,9.2632e+10
5.37868e+07,1.61068e+06,1.86567e+07,-1.18223e+11,9.23364e+10
5.37931e+07,1.61207e+06,1.86608e+07,-1.18453e+11,9.20402e+10
5.37994e+07,1.61345e+06,1.86648e+07,-1.18683e+11,9.17434e+10
5.38057e+07,1.61483e+06,1.86689e+07,-1.18912e+11,9.14461e+10
5.3812e+07,1.6162e+06,1.86729e+07,-1.19141e+11,9.11482e+10
5.38183e+07,1.61757e+06,1.86769e+07,-1.19369e+11,9.08498e+10
5.38246e+07,1.61893e+06,1.8681e+07,-1.19596e+11,9.05507e+10
5.3831e+07,1.62029e+06,1.8685e+07,-1.19822e+11,9.02511e+10
5.38373e+07,1.62164e+06,1.86891e+07,-1.20047e+11,8.9951e+10
5.38436e+07,1.62299e+06,1.86932e+07,-1.20272e+11,8.96502e+10
5.38499e+07,1.62434e+06,1.86972e+07,-1.20496e+11,8.93489e+10
5.38562e+07,1.62568e+06,1.87013e+07,-1.20719e+11,8.90471e+10
5.38625e+07,1.62701e+06,1.87054e+07,-1.20941e+11,8.87447e+10
5.38688e+07,1.62834e+06,1.87094e+07,-1.21163e+11,8.84417e+10
5.38751e+07,1.62967e+06,1.87135e+07,-1.21384e+11,8.81382e+10
5.38814e+07,1.63099e+06,1.87176e+07,-1.21604e+11,8.78341e+10
5.38878e+07,1.63231e+06,1.87217e+07,-1.21824e+11,8.75295e+10
5.38941e+07,1.63362e+06,1.87258e+07,-1.22042e+11,8.72243e+10
5.39004e+07,1.63493e+06,1.87299e+07,-1.2226e+11,8.69186e+10
5.39067e+07,1.63623e+06,1.8734e+07,-1.22477e+11,8.66124e+10
5.3913e+07,1.63753e+06,1.8738e+07,-1.22694e+11,8.63056e+10
5.39193e+07,1.63883e+06,1.87421e+07,-1.22909e+11,8.59982e+10
5.39256e+07,1.64012e+06,1.87463e+07,-1.23124e+11,8.56904e+10
5.39319e+07,1.6414e+06,1.87504e+07,-1.23338e+11,8.53819e+10
5.39382e+07,1.64268e+06,1.87545e+07,-1.23551e+11,8.5073e+10
5.39446e+07,1.64396e+06,1.87586e+07,-1.23764e+11,8.47635e+10
5.39509e+07,1.64523e+06,1.87627e+07,-1.23975e+11,8.44535e+10
5.39572e+07,1.6465e+06,1.87668e+07,-1.24186e+11,8.41429e+10
5.39635e+07,1.64776e+06,1.87709e+07,-1.24396e+11,8.38319e+10
5.39698e+07,1.64902e+06,1.87751e+07,-1.24606e+11,8.35203e+10
5.39761e+07,1.65027e+06,1.87792e+07,-1.24814e+11,8.32082e+10
5.39824e+07,1.65152e+06,1.87833e+07,-1.25022e+11,8.28955e+10
5.39887e+07,1.65276e+06,1.87875e+07,-1.25229e+11,8.25824e+10
5.39951e+07,1.654e+06,1.87916e+07,-1.25435e+11,8.22687e+10
5.40014e+07,1.65523e+06,1.87957e+07,-1.25641e+11,8.19545e+10
5.40077e+07,1.65646e+06,1.87999e+07,-1.25846e+11,8.16398e+10
5.4014e+07,1.65768e+06,1.8804e+07,-1.2605e+11,8.13246e+10
5.40203e+07,1.6589e+06,1.88082e+07,-1.26253e+11,8.10088e+10
5.40266e+07,1.66012e+06,1.88123e+07,-1.26455e+11,8.06926e+10
5.40329e+07,1.66133e+06,1.88165e+07,-1.26656e+11,8.03759e+10
5.40392e+07,1.66253e+06,1.88206e+07,-1.26857e+11,8.00586e+10
5.40455e+07,1.66374e+06,1.88248e+07,-1.27057e+11,7.97409e+10
5.40519e+07,1.66493e+06,1.8829e+07,-1.27256e+11,7.94227e+10
5.40582e+07,1.66612e+06,1.88331e+07,-1.27454e+11,7.91039e+10
5.40645e+07,1.66731e+06,1.88373e+07,-1.27652e+11,7.87847e+10
5.40708e+07,1.66849e+06,1.88415e+07,-1.27849e+11,7.8465e+10
5.40771e+07,1.66967e+06,1.88457e+07,-1.28045e+11,7.81447e+10
5.40834e+07,1.67084e+06,1.88498e+07,-1.2824e+11,7.7824e+10
5.40897e+07,1.672e+06,1.8854e+07,-1.28434e+11,7.75028e+10
5.4096e+07,1.67317e+06,1.88582e+07,-1.28628e+11,7.71812e+10
5.41023e+07,1.67432e+06,1.88624e+07,-1.2882e+11,7.6859e+10
5.41087e+07,1.67548e+06,1.88666e+07,-1.29012e+11,7.65363e+10
5.4115e+07,1.67662e+06,1.88708e+07,-1.29203e+11,7.62132e+10
5.41213e+07,1.67777e+06,1.8875e+07,-1.29394e+11,7.58896e+10
5.41276e+07,1.6789e+06,1.88792e+07,-1.29583e+11,7.55655e+10
5.41339e+07,1.68004e+06,1.88834e+07,-1.29772e+11,7.5241e+10
5.41402e+07,1.68117e+06,1.88876e+07,-1.2996e+11,7.4916e+10
5.41465e+07,1.68229e+06,1.88918e+07,-1.30147e+11,7.45905e+10
5.41528e+07,1.68341e+06,1.8896e+07,-1.30333e+11,7.42645e+10
5.41592e+07,1.68452e+06,1.89002e+07,-1.30518e+11,7.39381e+10
5.41655e+07,1.68563e+06,1.89045e+07,-1.30703e+11,7.36112e+10
5.41718e+07,1.68673e+06,1.89087e+07,-1.30887e+11,7.32839e+10
5.41781e+07,1.68783e+06,1.89129e+07,-1.3107e+11,7.29561e+10
5.41844e+07,1.68892e+06,1.89171e+07,-1.31252e+11,7.26278e+10
5.41907e+07,1.69001e+06,1.89213e+07,-1.31433e+11,7.22991e+10
5.4197e+07,1.6911e+06,1.89256e+07,-1.31614e+11,7.19699e+10
5.42033e+07,1.69218e+06,1.89298e+07,-1.31793e+11,7.16403e+10
5.42096e+07,1.69325e+06,1.8934e+07,-1.31972e+11,7.13102e+10
5.4216e+07,1.69432e+06,1.89383e+07,-1.3215e+11,7.09797e+10
5.42223e+07,1.69538e+06,1.89425e+07,-1.32327e+11,7.06487e+10
5.42286e+07,1.69644e+06,1.89468e+07,-1.32504e+11,7.03173e+10
5.42349e+07,1.6975e+06,1.8951e+07,-1.32679e+11,6.99855e+10
5.42412e+07,1.69854e+06,1.89553e+07,-1.32854e+11,6.96532e+10
5.42475e+07,1.69959e+06,1.89595e+07,-1.33028e+11,6.93205e+10
5.42538e+07,1.70063e+06,1.89638e+07,-1.33201e+11,6.89873e+10
5.42601e+07,1.70166e+06,1.8968e+07,-1.33373e+11,6.86538e+10
5.42664e+07,1.70269e+06,1.89723e+07,-1.33544e+11,6.83197e+10
5.42728e+07,1.70371e+06,1.89766e+07,-1.33715e+11,6.79853e+10
5.42791e+07,1.70473e+06,1.89808e+07,-1.33884e+11,6.76504e+10
5.42854e+07,1.70575e+06,1.89851e+07,-1.34053e+11,6.73151e+10
5.42917e+07,1.70676e+06,1.89894e+07,-1.34221e+11,6.69794e+10
5.4298e+07,1.70776e+06,1.89936e+07,-1.34388e+11,6.66433e+10
5.43043e+07,1.70876e+06,1.89979e+07,-1.34555e+11,6.63068e+10
5.43106e+07,1.70975e+06,1.90022e+07,-1.3472e+11,6.59698e+10
5.43169e+07,1.71074e+06,1.90065e+07,-1.34885e+11,6.56324e+10
5.43233e+07,1.71173e+06,1.90108e+07,-1.35049e+11,6.52946e+10
5.43296e+07,1.7127e+06,1.9015e+07,-1.35212e+11,6.49564e+10
5.43359e+07,1.71368e+06,1.90193e+07,-1.35374e+11,6.46178e+10
5.43422e+07,1.71465e+06,1.90236e+07,-1.35535e+11,6.42788e+10
5.43485e+07,1.71561e+06,1.90279e+07,-1.35695e+11,6.39394e+10
5.43548e+07,1.71657e+06,1.90322e+07,-1.35855e+11,6.35996e+10
5.43611e+07,1.71752e+06,1.90365e+07,-1.36014e+11,6.32594e+10
5.43674e+07,1.71847e+06,1.90408e+07,-1.36171e+11,6.29188e+10
5.43737e+07,1.71941e+06,1.90451e+07,-1.36328e+11,6.25778e+10
5.43801e+07,1.72035e+06,1.90494e+07,-1.36485e+11,6.22364e+10
5.43864e+07,1.72128e+06,1.90537e+07,-1.3664e+11,6.18946e+10
5.43927e+07,1.72221e+06,1.9058e+07,-1.36794e+11,6.15524e+10
5.4399e+07,1.72313e+06,1.90623e+07,-1.36948e+11,6.12099e+10
5.44053e+07,1.72405e+06,1.90666e+07,-1.37101e+11,6.08669e+10
5.44116e+07,1.72496e+06,1.9071e+07,-1.37252e+11,6.05236e+10
5.44179e+07,1.72587e+06,1.90753e+07,-1.37403e+11,6.01799e+10
5.44242e+07,1.72677e+06,1.90796e+07,-1.37554e+11,5.98359e+10
5.44305e+07,1.72766e+06,1.90839e+07,-1.37703e+11,5.94914e+10
5.44369e+07,1.72855e+06,1.90882e+07,-1.37851e+11,5.91466e+10
5.44432e+07,1.72944e+06,1.90926e+07,-1.37999e+11,5.88014e+10
5.44495e+07,1.73032e+06,1.90969e+07,-1.38145e+11,5.84558e+10
5.44558e+07,1.7312e+06,1.91012e+07,-1.38291e+11,5.81099e+10
5.44621e+07,1.73207e+06,1.91056e+07,-1.38436e+11,5.77636e+10
5.44684e+07,1.73293e+06,1.91099e+07,-1.3858e+11,5.7417e+10
5.44747e+07,1.73379e+06,1.91142e+07,-1.38724e+11,5.70699e+10
5.4481e+07,1.73465e+06,1.91186e+07,-1.38866e+11,5.67226e+10
5.44874e+07,1.7355e+06,1.91229e+07,-1.39007e+11,5.63749e+10
5.44937e+07,1.73634e+06,1.91273e+07,-1.39148e+11,5.60268e+10
5.45e+07,1.73718e+06,1.91316e+07,-1.39288e+11,5.56784e+10
5.45063e+07,1.73801e+06,1.9136e+07,-1.39427e+11,5.53296e+10
5.45126e+07,1.73884e+06,1.91403e+07,-1.39565e+11,5.49805e+10
5.45189e+07,1.73967e+06,1.91447e+07,-1.39702e+11,5.4631e+10
5.45252e+07,1.74048e+06,1.9149e+07,-1.39838e+11,5.42812e+10
5.45315e+07,1.7413e+06,1.91534e+07,-1.39973e+11,5.3931e+10
5.45378e+07,1.74211e+06,1.91577e+07,-1.40108e+11,5.35805e+10
5.45442e+07,1.74291e+06,1.91621e+07,-1.40241e+11,5.32297e+10
5.45505e+07,1.7437e+06,1.91665e+07,-1.40374e+11,5.28786e+10
5.45568e+07,1.7445e+06,1.91708e+07,-1.40506e+11,5.25271e+10
5.45631e+07,1.74528e+06,1.91752e+07,-1.40637e+11,5.21753e+10
5.45694e+07,1.74606e+06,1.91796e+07,-1.40767e+11,5.18231e+10
5.45757e+07,1.74684e+06,1.91839e+07,-1.40896e+11,5.14707e+10
5.4582e+07,1.74761e+06,1.91883e+07,-1.41025e+11,5.11179e+10
5.45883e+07,1.74838e+06,1.91927e+07,-1.41152e+11,5.07648e+10
5.45946e+07,1.74914e+06,1.91971e+07,-1.41279e+11,5.04113e+10
5.4601e+07,1.74989e+06,1.92014e+07,-1.41404e+11,5.00576e+10
5.46073e+07,1.75064e+06,1.92058e+07,-1.41529e+11,4.97035e+10
5.46136e+07,1.75138e+06,1.92102e+07,-1.41653e+11,4.93492e+10
5.46199e+07,1.75212e+06,1.92146e+07,-1.41776e+11,4.89945e+10
5.46262e+07,1.75286e+06,1.9219e+07,-1.41898e+11,4.86395e+10
5.46325e+07,1.75358e+06,1.92234e+07,-1.42019e+11,4.82842e+10
5.46388e+07,1.75431e+06,1.92277e+07,-1.4214e+11,4.79286e+10
5.46451e+07,1.75502e+06,1.92321e+07,-1.42259e+11,4.75727e+10
5.46515e+07,1.75574e+06,1.92365e+07,-1.42378e+11,4.72166e+10
5.46578e+07,1.75644e+06,1.92409e+07,-1.42495e+11,4.68601e+10
5.46641e+07,1.75714e+06,1.92453e+07,-1.42612e+11,4.65033e+10
5.46704e+07,1.75784e+06,1.92497e+07,-1.42728e+11,4.61462e+10
5.46767e+07,1.75853e+06,1.92541e+07,-1.42843e+11,4.57889e+10
5.4683e+07,1.75922e+06,1.92585e+07,-1.42957e+11,4.54312e+10
5.46893e+07,1.7599e+06,1.92629e+07,-1.4307e+11,4.50733e+10
5.46956e+07,1.76057e+06,1.92673e+07,-1.43183e+11,4.47151e+10
5.47019e+07,1.76124e+06,1.92717e+07,-1.43294e+11,4.43566e+10
5.47083e+07,1.7619e+06,1.92762e+07,-1.43405e+11,4.39978e+10
5.47146e+07,1.76256e+06,1.92806e+07,-1.43514e+11,4.36388e+10
5.47209e+07,1.76321e+06,1.9285e+07,-1.43623e+11,4.32795e+10
5.47272e+07,1.76386e+06,1.92894e+07,-1.43731e+11,4.29199e+10
5.47335e+07,1.7645e+06,1.92938e+07,-1.43838e+11,4.256e+10
5.47398e+07,1.76514e+06,1.92982e+07,-1.43944e+11,4.21999e+10
5.47461e+07,1.76577e+06,1.93026e+07,-1.44049e+11,4.18395e+10
5.47524e+07,1.7664e+06,1.93071e+07,-1.44153e+11,4.14789e+10
5.47587e+07,1.76702e+06,1.93115e+07,-1.44256e+11,4.1118e+10
5.47651e+07,1.76763e+06,1.93159e+07,-1.44359e+11,4.07568e+10
5.47714e+07,1.76824e+06,1.93203e+07,-1.4446e+11,4.03954e+10
5.47777e+07,1.76885e+06,1.93248e+07,-1.44561e+11,4.00337e+10
5.4784e+07,1.76944e+06,1.93292e+07,-1.44661e+11,3.96718e+10
5.47903e+07,1.77004e+06,1.93336e+07,-1.44759e+11,3.93096e+10
5.47966e+07,1.77063e+06,1.9338e+07,-1.44857e+11,3.89472e+10
5.48029e+07,1.77121e+06,1.93425e+07,-1.44954e+11,3.85845e+10
5.48092e+07,1.77178e+06,1.93469e+07,-1.4505e+11,3.82216e+10
5.48156e+07,1.77236e+06,1.93513e+07,-1.45145e+11,3.78585e+10
5.48219e+07,1.77292e+06,1.93558e+07,-1.4524e+11,3.74951e+10
5.48282e+07,1.77348e+06,1.93602e+07,-1.45333e+11,3.71315e+10
5.48345e+07,1.77404e+06,1.93647e+07,-1.45425e+11,3.67676e+10
5.48408e+07,1.77459e+06,1.93691e+07,-1.45517e+11,3.64035e+10
5.48471e+07,1.77513e+06,1.93735e+07,-1.45607e+11,3.60392e+10
5.48534e+07,1.77567e+06,1.9378e+07,-1.45697e+11,3.56747e+10
5.48597e+07,1.7762e+06,1.93824e+07,-1.45786e+11,3.531e+10
5.4866e+07,1.77673e+06,1.93869e+07,-1.45874e+11,3.4945e+10
5.48724e+07,1.77725e+06,1.93913e+07,-1.45961e+11,3.45798e+10
5.48787e+07,1.77777e+06,1.93958e+07,-1.46047e+11,3.42144e+10
5.4885e+07,1.77828e+06,1.94002e+07,-1.46132e+11,3.38487e+10
5.48913e+07,1.77879e+06,1.94047e+07,-1.46216e+11,3.34829e+10
5.48976e+07,1.77929e+06,1.94091e+07,-1.46299e+11,3.31169e+10
5.49039e+07,1.77978e+06,1.94136e+07,-1.46382e+11,3.27506e+10
5.49102e+07,1.78027e+06,1.9418e+07,-1.46463e+11,3.23842e+10
5.49165e+07,1.78075e+06,1.94225e+07,-1.46544e+11,3.20175e+10
5.49228e+07,1.78123e+06,1.94269e+07,-1.46623e+11,3.16506e+10
5.49292e+07,1.7817e+06,1.94314e+07,-1.46702e+11,3.12836e+10
5.49355e+07,1.78217e+06,1.94359e+07,-1.4678e+11,3.09163e+10
5.49418e+07,1.78263e+06,1.94403e+07,-1.46857e+11,3.05489e+10
5.49481e+07,1.78309e+06,1.94448e+07,-1.46933e+11,3.01812e+10
5.49544e+07,1.78354e+06,1.94492e+07,-1.47008e+11,2.98134e+10
5.49607e+07,1.78398e+06,1.94537e+07,-1.47082e+11,2.94454e+10
5.4967e+07,1.78442e+06,1.94582e+07,-1.47155e+11,2.90772e+10
5.49733e+07,1.78486e+06,1.94626e+07,-1.47227e+11,2.87088e+10
5.49797e+07,1.78529e+06,1.94671e+07,-1.47299e+11,2.83402e+10
5.4986e+07,1.78571e+06,1.94716e+07,-1.47369e+11,2.79715e+10
5.49923e+07,1.78613e+06,1.9476e+07,-1.47439e+11,2.76026e+10
5.49986e+07,1.78654e+06,1.94805e+07,-1.47507e+11,2.72335e+10
5.50049e+07,1.78694e+06,1.9485e+07,-1.47575e+11,2.68642e+10
5.50112e+07,1.78735e+06,1.94895e+07,-1.47642e+11,2.64948e+10
5.50175e+07,1.78774e+06,1.94939e+07,-1.47707e+11,2.61252e+10
5.50238e+07,1.78813e+06,1.94984e+07,-1.47772e+11,2.57555e+10
5.50301e+07,1.78851e+06,1.95029e+07,-1.47836e+11,2.53855e+10
5.50365e+07,1.78889e+06,1.95074e+07,-1.47899e+11,2.50155e+10
5.50428e+07,1.78927e+06,1.95118e+07,-1.47961e+11,2.46452e+10
5.50491e+07,1.78963e+06,1.95163e+07,-1.48022e+11,2.42748e+10
5.50554e+07,1.78999e+06,1.95208e+07,-1.48083e+11,2.39043e+10
5.50617e+07,1.79035e+06,1.95253e+07,-1.48142e+11,2.35336e+10
5.5068e+07,1.7907e+06,1.95298e+07,-1.482e+11,2.31628e+10
5.50743e+07,1.79105e+06,1.95342e+07,-1.48258e+11,2.27918e+10
5.50806e+07,1.79139e+06,1.95387e+07,-1.48314e+11,2.24207e+10
5.50869e+07,1.79172e+06,1.95432e+07,-1.4837e+11,2.20494e+10
5.50933e+07,1.79205e+06,1.95477e+07,-1.48425e+11,2.1678e+10
5.50996e+07,1.79237e+06,1.95522e+07,-1.48478e+11,2.13065e+10
5.51059e+07,1.79269e+06,1.95567e+07,-1.48531e+11,2.09348e+10
5.51122e+07,1.793e+06,1.95612e+07,-1.48583e+11,2.0563e+10
5.51185e+07,1.79331e+06,1.95656e+07,-1.48634e+11,2.01911e+10
5.51248e+07,1.79361e+06,1.95701e+07,-1.48684e+11,1.9819e+10
5.51311e+07,1.7939e+06,1.95746e+07,-1.48733e+11,1.94468e+10
5.51374e+07,1.79419e+06,1.95791e+07,-1.48781e+11,1.90745e+10
5.51438e+07,1.79447e+06,1.95836e+07,-1.48828e+11,1.87021e+10
5.51501e+07,1.79475e+06,1.95881e+07,-1.48875e+11,1.83296e+10
5.51564e+07,1.79502e+06,1.95926e+07,-1.4892e+11,1.79569e+10
5.51627e+07,1.79529e+06,1.95971e+07,-1.48965e+11,1.75842e+10
5.5169e+07,1.79555e+06,1.96016e+07,-1.49008e+11,1.72113e+10
5.51753e+07,1.79581e+06,1.96061e+07,-1.49051e+11,1.68383e+10
5.51816e+07,1.79606e+06,1.96106e+07,-1.49092e+11,1.64652e+10
5.51879e+07,1.7963e+06,1.96151e+07,-1.49133e+11,1.6092e+10
5.51942e+07,1.79654e+06,1.96196e+07,-1.49173e+11,1.57187e+10
5.52006e+07,1.79677e+06,1.9624e+07,-1.49211e+11,1.53453e+10
5.52069e+07,1.797e+06,1.96285e+07,-1.49249e+11,1.49718e+10
5.52132e+07,1.79722e+06,1.9633e+07,-1.49286e+11,1.45983e+10
5.52195e+07,1.79744e+06,1.96375e+07,-1.49322e+11,1.42246e+10
5.52258e+07,1.79765e+06,1.9642e+07,-1.49357e+11,1.38508e+10
5.52321e+07,1.79785e+06,1.96465e+07,-1.49392e+11,1.3477e+10
5.52384e+07,1.79805e+06,1.9651e+07,-1.49425e+11,1.3103e+10
5.52447e+07,1.79825e+06,1.96555e+07,-1.49457e+11,1.2729e+10
5.5251e+07,1.79844e+06,1.966e+07,-1.49488e+11,1.23549e+10
5.52574e+07,1.79862e+06,1.96645e+07,-1.49519e+11,1.19808e+10
5.52637e+07,1.7988e+06,1.9669e+07,-1.49548e+11,1.16065e+10
5.527e+07,1.79897e+06,1.96735e+07,-1.49577e+11,1.12322e+10
5.52763e+07,1.79913e+06,1.9678e+07,-1.49604e+11,1.08578e+10
5.52826e+07,1.79929e+06,1.96825e+07,-1.49631e+11,1.04834e+10
5.52889e+07,1.79945e+06,1.96871e+07,-1.49657e+11,1.01088e+10
5.52952e+07,1.7996e+06,1.96916e+07,-1.49682e+11,9.73426e+09
5.53015e+07,1.79974e+06,1.96961e+07,-1.49705e+11,9.35961e+09
5.53078e+07,1.79988e+06,1.97006e+07,-1.49728e+11,8.98491e+09
5.53142e+07,1.80001e+06,1.97051e+07,-1.4975e+11,8.61015e+09
5.53205e+07,1.80014e+06,1.97096e+07,-1.49771e+11,8.23534e+09
5.53268e+07,1.80026e+06,1.97141e+07,-1.49791e+11,7.86047e+09
5.53331e+07,1.80037e+06,1.97186e+07,-1.49811e+11,7.48556e+09
5.53394e+07,1.80048e+06,1.97231e+07,-1.49829e+11,7.11059e+09
5.53457e+07,1.80058e+06,1.97276e+07,-1.49846e+11,6.73559e+09
5.5352e+07,1.80068e+06,1.97321e+07,-1.49862e+11,6.36054e+09
5.53583e+07,1.80077e+06,1.97366e+07,-1.49878e+11,5.98545e+09
5.53647e+07,1.80086e+06,1.97411e+07,-1.49892e+11,5.61033e+09
5.5371e+07,1.80094e+06,1.97456e+07,-1.49906e+11,5.23517e+09
5.53773e+07,1.80102e+06,1.97501e+07,-1.49918e+11,4.85998e+09
5.53836e+07,1.80109e+06,1.97546e+07,-1.4993e+11,4.48475e+09
5.53899e+07,1.80115e+06,1.97591e+07,-1.49941e+11,4.1095e+09
5.53962e+07,1.80121e+06,1.97637e+07,-1.4995e+11,3.73423e+09
5.54025e+07,1.80126e+06,1.97682e+07,-1.49959e+11,3.35893e+09
5.54088e+07,1.80131e+06,1.97727e+07,-1.49967e+11,2.9836e+09
5.54151e+07,1.80135e+06,1.97772e+07,-1.49974e+11,2.60827e+09
5.54215e+07,1.80139e+06,1.97817e+07,-1.4998e+11,2.23291e+09
5.54278e+07,1.80142e+06,1.97862e+07,-1.49985e+11,1.85754e+09
5.54341e+07,1.80144e+06,1.97907e+07,-1.49989e+11,1.48216e+09
5.54404e+07,1.80146e+06,1.97952e+07,-1.49993e+11,1.10677e+09
5.54467e+07,1.80148e+06,1.97997e+07,-1.49995e+11,7.31373e+08
5.5453e+07,1.80148e+06,1.98042e+07,-1.49996e+11,3.55972e+08
5.54593e+07,1.80149e+06,1.98087e+07,-1.49996e+11,-1.94315e+07
5.54656e+07,1.80148e+06,1.98132e+07,-1.49996e+11,-3.94835e+08
5.54719e+07,1.80147e+06,1.98178e+07,-1.49994e+11,-7.70235e+08
5.54783e+07,1.80146e+06,1.98223e+07,-1.49992e+11,-1.14563e+09
5.54846e+07,1.80144e+06,1.98268e+07,-1.49989e+11,-1.52102e+09
5.54909e+07,1.80141e+06,1.98313e+07,-1.49984e+11,-1.8964e+09
5.54972e+07,1.80138e+06,1.98358e+07,-1.49979e+11,-2.27176e+09
5.55035e+07,1.80134e+06,1.98403e+07,-1.49973e+11,-2.64712e+09
5.55098e+07,1.8013e+06,1.98448e+07,-1.49966e+11,-3.02245e+09
5.55161e+07,1.80125e+06,1.98493e+07,-1.49958e+11,-3.39777e+09
5.55224e+07,1.8012e+06,1.98538e+07,-1.49949e+11,-3.77306e+09
5.55288e+07,1.80114e+06,1.98583e+07,-1.49939e+11,-4.14834e+09
5.55351e+07,1.80107e+06,1.98628e+07,-1.49928e+11,-4.52358e+09
5.55414e+07,1.801e+06,1.98673e+07,-1.49916e+11,-4.8988e+09
5.55477e+07,1.80093e+06,1.98719e+07,-1.49903e+11,-5.27398e+09
5.5554e+07,1.80084e+06,1.98764e+07,-1.49889e+11,-5.64914e+09
5.55603e+07,1.80076e+06,1.98809e+07,-1.49875e+11,-6.02425e+09
5.55666e+07,1.80066e+06,1.98854e+07,-1.49859e+11,-6.39933e+09
5.55729e+07,1.80056e+06,1.98899e+07,-1.49843e+11,-6.77437e+09
5.55792e+07,1.80046e+06,1.98944e+07,-1.49825e+11,-7.14937e+09
5.55856e+07,1.80035e+06,1.98989e+07,-1.49807e+11,-7.52432e+09
5.55919e+07,1.80023e+06,1.99034e+07,-1.49787e+11,-7.89922e+09
5.55982e+07,1.80011e+06,1.99079e+07,-1.49767e+11,-8.27408e+09
5.56045e+07,1.79998e+06,1.99124e+07,-1.49746e+11,-8.64888e+09
5.56108e+07,1.79985e+06,1.99169e+07,-1.49724e+11,-9.02363e+09
5.56171e+07,1.79971e+06,1.99214e+07,-1.49701e+11,-9.39832e+09
5.56234e+07,1.79957e+06,1.99259e+07,-1.49676e+11,-9.77296e+09
5.56297e+07,1.79942e+06,1.99304e+07,-1.49651e+11,-1.01475e+10
5.5636e+07,1.79926e+06,1.99349e+07,-1.49626e+11,-1.0522e+10
5.56424e+07,1.7991e+06,1.99394e+07,-1.49599e+11,-1.08965e+10
5.56487e+07,1.79893e+06,1.99439e+07,-1.49571e+11,-1.12709e+10
5.5655e+07,1.79876e+06,1.99484e+07,-1.49542e+11,-1.16452e+10
5.56613e+07,1.79858e+06,1.99529e+07,-1.49513e+11,-1.20194e+10
5.56676e+07,1.7984e+06,1.99574e+07,-1.49482e+11,-1.23935e+10
5.56739e+07,1.79821e+06,1.99619e+07,-1.4945e+11,-1.27676e+10
5.56802e+07,1.79801e+06,1.99664e+07,-1.49418e+11,-1.31416e+10
5.56865e+07,1.79781e+06,1.99709e+07,-1.49385e+11,-1.35155e+10
5.56929e+07,1.79761e+06,1.99754e+07,-1.4935e+11,-1.38894e+10
5.56992e+07,1.79739e+06,1.99799e+07,-1.49315e+11,-1.42631e+10
5.57055e+07,1.79718e+06,1.99844e+07,-1.49279e+11,-1.46368e+10
5.57118e+07,1.79695e+06,1.99889e+07,-1.49242e+11,-1.50103e+10
5.57181e+07,1.79673e+06,1.99934e+07,-1.49203e+11,-1.53838e+10
5.57244e+07,1.79649e+06,1.99979e+07,-1.49164e+11,-1.57571e+10
5.57307e+07,1.79625e+06,2.00024e+07,-1.49124e+11,-1.61304e+10
5.5737e+07,1.79601e+06,2.00069e+07,-1.49084e+11,-1.65036e+10
5.57433e+07,1.79575e+06,2.00114e+07,-1.49042e+11,-1.68767e+10
5.57497e+07,1.7955e+06,2.00159e+07,-1.48999e+11,-1.72496e+10
5.5756e+07,1.79524e+06,2.00204e+07,-1.48955e+11,-1.76225e+10
5.57623e+07,1.79497e+06,2.00249e+07,-1.48911e+11,-1.79952e+10
5.57686e+07,1.79469e+06,2.00294e+07,-1.48865e+11,-1.83678e+10
5.57749e+07,1.79441e+06,2.00339e+07,-1.48819e+11,-1.87404e+10
5.57812e+07,1.79413e+06,2.00384e+07,-1.48771e+11,-1.91128e+10
5.57875e+07,1.79384e+06,2.00429e+07,-1.48723e+11,-1.9485e+10
5.57938e+07,1.79354e+06,2.00473e+07,-1.48674e+11,-1.98572e+10
5.58001e+07,1.79324e+06,2.00518e+07,-1.48623e+11,-2.02292e+10
5.58065e+07,1.79293e+06,2.00563e+07,-1.48572e+11,-2.06011e+10
5.58128e+07,1.79262e+06,2.00608e+07,-1.4852e+11,-2.09729e+10
5.58191e+07,1.7923e+06,2.00653e+07,-1.48467e+11,-2.13445e+10
5.58254e+07,1.79198e+06,2.00698e+07,-1.48413e+11,-2.1716e+10
5.58317e+07,1.79165e+06,2.00743e+07,-1.48358e+11,-2.20874e+10
5.5838e+07,1.79132e+06,2.00787e+07,-1.48303e+11,-2.24587e+10
5.58443e+07,1.79097e+06,2.00832e+07,-1.48246e+11,-2.28297e+10
5.58506e+07,1.79063e+06,2.00877e+07,-1.48188e+11,-2.32007e+10
5.5857e+07,1.79028e+06,2.00922e+07,-1.4813e+11,-2.35715e+10
5.58633e+07,1.78992e+06,2.00967e+07,-1.4807e+11,-2.39422e+10
5.58696e+07,1.78956e+06,2.01012e+07,-1.4801e+11,-2.43127e+10
5.58759e+07,1.78919e+06,2.01056e+07,-1.47948e+11,-2.4683e+10
5.58822e+07,1.78881e+06,2.01101e+07,-1.47886e+11,-2.50532e+10
5.58885e+07,1.78843e+06,2.01146e+07,-1.47823e+11,-2.54233e+10
5.58948e+07,1.78805e+06,2.01191e+07,-1.47759e+11,-2.57931e+10
5.59011e+07,1.78766e+06,2.01235e+07,-1.47694e+11,-2.61629e+10
5.59074e+07,1.78726e+06,2.0128e+07,-1.47628e+11,-2.65324e+10
5.59138e+07,1.78686e+06,2.01325e+07,-1.47561e+11,-2.69018e+10
5.59201e+07,1.78645e+06,2.0137e+07,-1.47493e+11,-2.7271e+10
5.59264e+07,1.78604e+06,2.01414e+07,-1.47424e+11,-2.76401e+10
5.59327e+07,1.78562e+06,2.01459e+07,-1.47354e+11,-2.8009e+10
5.5939e+07,1.7852e+06,2.01504e+07,-1.47284e+11,-2.83777e+10
5.59453e+07,1.78477e+06,2.01548e+07,-1.47212e+11,-2.87462e+10
5.59516e+07,1.78433e+06,2.01593e+07,-1.4714e+11,-2.91145e+10
5.59579e+07,1.78389e+06,2.01638e+07,-1.47066e+11,-2.94827e+10
5.59642e+07,1.78345e+06,2.01682e+07,-1.46992e+11,-2.98507e+10
5.59706e+07,1.78299e+06,2.01727e+07,-1.46917e+11,-3.02185e+10
5.59769e+07,1.78254e+06,2.01771e+07,-1.46841e+11,-3.05861e+10
5.59832e+07,1.78207e+06,2.01816e+07,-1.46764e+11,-3.09535e+10
5.59895e+07,1.78161e+06,2.01861e+07,-1.46686e+11,-3.13207e+10
5.59958e+07,1.78113e+06,2.01905e+07,-1.46607e+11,-3.16877e+10
5.60021e+07,1.78065e+06,2.0195e+07,-1.46527e+11,-3.20545e+10
5.60084e+07,1.78017e+06,2.01994e+07,-1.46446e+11,-3.24212e+10
5.60147e+07,1.77968e+06,2.02039e+07,-1.46365e+11,-3.27876e+10
5.60211e+07,1.77918e+06,2.02083e+07,-1.46282e+11,-3.31538e+10
5.60274e+07,1.77868e+06,2.02128e+07,-1.46199e+11,-3.35198e+10
5.60337e+07,1.77817e+06,2.02172e+07,-1.46114e+11,-3.38856e+10
5.604e+07,1.77766e+06,2.02217e+07,-1.46029e+11,-3.42512e+10
5.60463e+07,1.77714e+06,2.02261e+07,-1.45943e+11,-3.46165e+10
5.60526e+07,1.77662e+06,2.02306e+07,-1.45856e+11,-3.49817e+10
5.60589e+07,1.77609e+06,2.0235e+07,-1.45767e+11,-3.53466e+10
5.60652e+07,1.77556e+06,2.02395e+07,-1.45679e+11,-3.57113e+10
5.60715e+07,1.77502e+06,2.02439e+07,-1.45589e+11,-3.60758e+10
5.60779e+07,1.77447e+06,2.02484e+07,-1.45498e+11,-3.64401e+10
5.60842e+07,1.77392e+06,2.02528e+07,-1.45406e+11,-3.68041e+10
5.60905e+07,1.77337e+06,2.02572e+07,-1.45314e+11,-3.71679e+10
5.60968e+07,1.7728e+06,2.02617e+07,-1.4522e+11,-3.75315e+10
5.61031e+07,1.77224e+06,2.02661e+07,-1.45126e+11,-3.78948e+10
5.61094e+07,1.77166e+06,2.02706e+07,-1.4503e+11,-3.82579e+10
5.61157e+07,1.77109e+06,2.0275e+07,-1.44934e+11,-3.86207e+10
5.6122e+07,1.7705e+06,2.02794e+07,-1.44837e+11,-3.89834e+10
5.61283e+07,1.76991e+06,2.02839e+07,-1.44739e+11,-3.93457e+10
5.61347e+07,1.76932e+06,2.02883e+07,-1.4464e+11,-3.97078e+10
5.6141e+07,1.76872e+06,2.02927e+07,-1.4454e+11,-4.00697e+10
5.61473e+07,1.76811e+06,2.02971e+07,-1.44439e+11,-4.04313e+10
5.61536e+07,1.7675e+06,2.03016e+07,-1.44337e+11,-4.07927e+10
5.61599e+07,1.76689e+06,2.0306e+07,-1.44235e+11,-4.11538e+10
5.61662e+07,1.76627e+06,2.03104e+07,-1.44131e+11,-4.15147e+10
5.61725e+07,1.76564e+06,2.03148e+07,-1.44027e+11,-4.18753e+10
5.61788e+07,1.76501e+06,2.03192e+07,-1.43922e+11,-4.22356e+10
5.61852e+07,1.76437e+06,2.03237e+07,-1.43815e+11,-4.25957e+10
5.61915e+07,1.76373e+06,2.03281e+07,-1.43708e+11,-4.29555e+10
5.61978e+07,1.76308e+06,2.03325e+07,-1.436e+11,-4.3315e+10
5.62041e+07,1.76242e+06,2.03369e+07,-1.43491e+11,-4.36743e+10
5.62104e+07,1.76176e+06,2.03413e+07,-1.43382e+11,-4.40332e+10
5.62167e+07,1.7611e+06,2.03457e+07,-1.43271e+11,-4.43919e+10
5.6223e+07,1.76043e+06,2.03501e+07,-1.43159e+11,-4.47504e+10
5.62293e+07,1.75975e+06,2.03545e+07,-1.43047e+11,-4.51085e+10
5.62356e+07,1.75907e+06,2.03589e+07,-1.42933e+11,-4.54664e+10
5.6242e+07,1.75839e+06,2.03633e+07,-1.42819e+11,-4.5824e+10
5.62483e+07,1.75769e+06,2.03677e+07,-1.42704e+11,-4.61813e+10
5.62546e+07,1.757e+06,2.03721e+07,-1.42588e+11,-4.65383e+10
5.62609e+07,1.7563e+06,2.03765e+07,-1.42471e+11,-4.6895e+10
5.62672e+07,1.75559e+06,2.03809e+07,-1.42353e+11,-4.72514e+10
5.62735e+07,1.75487e+06,2.03853e+07,-1.42234e+11,-4.76075e+10
5.62798e+07,1.75416e+06,2.03897e+07,-1.42115e+11,-4.79634e+10
5.62861e+07,1.75343e+06,2.03941e+07,-1.41994e+11,-4.83189e+10
5.62924e+07,1.7527e+06,2.03985e+07,-1.41873e+11,-4.86741e+10
5.62988e+07,1.75197e+06,2.04029e+07,-1.4175e+11,-4.9029e+10
5.63051e+07,1.75123e+06,2.04073e+07,-1.41627e+11,-4.93837e+10
5.63114e+07,1.75048e+06,2.04116e+07,-1.41503e+11,-4.9738e+10
5.63177e+07,1.74973e+06,2.0416e+07,-1.41378e+11,-5.00919e+10
5.6324e+07,1.74898e+06,2.04204e+07,-1.41252e+11,-5.04456e+10
5.63303e+07,1.74822e+06,2.04248e+07,-1.41125e+11,-5.0799e+10
5.63366e+07,1.74745e+06,2.04291e+07,-1.40998e+11,-5.1152e+10
5.63429e+07,1.74668e+06,2.04335e+07,-1.40869e+11,-5.15047e+10
5.63493e+07,1.7459e+06,2.04379e+07,-1.4074e+11,-5.18571e+10
5.63556e+07,1.74512e+06,2.04423e+07,-1.4061e+11,-5.22092e+10
5.63619e+07,1.74433e+06,2.04466e+07,-1.40478e+11,-5.2561e+10
5.63682e+07,1.74354e+06,2.0451e+07,-1.40346e+11,-5.29124e+10
5.63745e+07,1.74274e+06,2.04553e+07,-1.40214e+11,-5.32635e+10
5.63808e+07,1.74194e+06,2.04597e+07,-1.4008e+11,-5.36142e+10
5.63871e+07,1.74113e+06,2.04641e+07,-1.39945e+11,-5.39646e+10
5.63934e+07,1.74031e+06,2.04684e+07,-1.3981e+11,-5.43147e+10
5.63997e+07,1.73949e+06,2.04728e+07,-1.39673e+11,-5.46645e+10
5.64061e+07,1.73867e+06,2.04771e+07,-1.39536e+11,-5.50139e+10
5.64124e+07,1.73784e+06,2.04815e+07,-1.39398e+11,-5.53629e+10
5.64187e+07,1.73701e+06,2.04858e+07,-1.39259e+11,-5.57116e+10
5.6425e+07,1.73617e+06,2.04902e+07,-1.39119e+11,-5.606e+10
5.64313e+07,1.73532e+06,2.04945e+07,-1.38978e+11,-5.6408e+10
5.64376e+07,1.73447e+06,2.04989e+07,-1.38836e+11,-5.67556e+10
5.64439e+07,1.73361e+06,2.05032e+07,-1.38694e+11,-5.71029e+10
5.64502e+07,1.73275e+06,2.05075e+07,-1.3855e+11,-5.74498e+10
5.64565e+07,1.73189e+06,2.05119e+07,-1.38406e+11,-5.77964e+10
5.64629e+07,1.73101e+06,2.05162e+07,-1.38261e+11,-5.81426e+10
5.64692e+07,1.73014e+06,2.05205e+07,-1.38115e+11,-5.84885e+10
5.64755e+07,1.72926e+06,2.05249e+07,-1.37968e+11,-5.8834e+10
5.64818e+07,1.72837e+06,2.05292e+07,-1.3782e+11,-5.91791e+10
5.64881e+07,1.72748e+06,2.05335e+07,-1.37672e+11,-5.95238e+10
5.64944e+07,1.72658e+06,2.05378e+07,-1.37522e+11,-5.98682e+10
5.65007e+07,1.72568e+06,2.05422e+07,-1.37372e+11,-6.02122e+10
5.6507e+07,1.72477e+06,2.05465e+07,-1.37221e+11,-6.05558e+10
5.65134e+07,1.72386e+06,2.05508e+07,-1.37069e+11,-6.08991e+10
5.65197e+07,1.72294e+06,2.05551e+07,-1.36916e+11,-6.12419e+10
5.6526e+07,1.72201e+06,2.05594e+07,-1.36762e+11,-6.15844e+10
5.65323e+07,1.72109e+06,2.05637e+07,-1.36607e+11,-6.19265e+10
5.65386e+07,1.72015e+06,2.0568e+07,-1.36452e+11,-6.22682e+10
5.65449e+07,1.71921e+06,2.05723e+07,-1.36296e+11,-6.26095e+10
5.65512e+07,1.71827e+06,2.05766e+07,-1.36139e+11,-6.29504e+10
5.65575e+07,1.71732e+06,2.05809e+07,-1.3598e+11,-6.32909e+10
5.65638e+07,1.71637e+06,2.05852e+07,-1.35822e+11,-6.3631e+10
5.65702e+07,1.71541e+06,2.05895e+07,-1.35662e+11,-6.39708e+10
5.65765e+07,1.71444e+06,2.05938e+07,-1.35501e+11,-6.43101e+10
5.65828e+07,1.71347e+06,2.05981e+07,-1.3534e+11,-6.4649e+10
5.65891e+07,1.7125e+06,2.06024e+07,-1.35178e+11,-6.49875e+10
5.65954e+07,1.71152e+06,2.06067e+07,-1.35014e+11,-6.53257e+10
5.66017e+07,1.71054e+06,2.0611e+07,-1.34851e+11,-6.56634e+10
5.6608e+07,1.70955e+06,2.06152e+07,-1.34686e+11,-6.60006e+10
5.66143e+07,1.70855e+06,2.06195e+07,-1.3452e+11,-6.63375e+10
5.66206e+07,1.70755e+06,2.06238e+07,-1.34354e+11,-6.6674e+10
5.6627e+07,1.70655e+06,2.06281e+07,-1.34186e+11,-6.701e+10
5.66333e+07,1.70554e+06,2.06323e+07,-1.34018e+11,-6.73457e+10
5.66396e+07,1.70452e+06,2.06366e+07,-1.33849e+11,-6.76809e+10
5.66459e+07,1.7035e+06,2.06409e+07,-1.33679e+11,-6.80156e+10
5.66522e+07,1.70248e+06,2.06451e+07,-1.33508e+11,-6.835e+10
5.66585e+07,1.70145e+06,2.06494e+07,-1.33337e+11,-6.86839e+10
5.66648e+07,1.70041e+06,2.06536e+07,-1.33165e+11,-6.90174e+10
5.66711e+07,1.69937e+06,2.06579e+07,-1.32991e+11,-6.93505e+10
5.66774e+07,1.69833e+06,2.06622e+07,-1.32817e+11,-6.96831e+10
5.66838e+07,1.69728e+06,2.06664e+07,-1.32642e+11,-7.00153e+10
5.66901e+07,1.69622e+06,2.06706e+07,-1.32467e+11,-7.0347e+10
5.66964e+07,1.69516e+06,2.06749e+07,-1.3229e+11,-7.06783e+10
5.67027e+07,1.6941e+06,2.06791e+07,-1.32113e+11,-7.10092e+10
5.6709e+07,1.69303e+06,2.06834e+07,-1.31935e+11,-7.13396e+10
5.67153e+07,1.69195e+06,2.06876e+07,-1.31756e+11,-7.16696e+10
5.67216e+07,1.69087e+06,2.06918e+07,-1.31576e+11,-7.19991e+10
5.67279e+07,1.68979e+06,2.06961e+07,-1.31395e+11,-7.23282e+10
5.67343e+07,1.6887e+06,2.07003e+07,-1.31214e+11,-7.26568e+10
5.67406e+07,1.6876e+06,2.07045e+07,-1.31031e+11,-7.2985e+10
5.67469e+07,1.6865e+06,2.07087e+07,-1.30848e+11,-7.33127e+10
5.67532e+07,1.6854e+06,2.0713e+07,-1.30664e+11,-7.364e+10
5.67595e+07,1.68429e+06,2.07172e+07,-1.3048e+11,-7.39668e+10
5.67658e+07,1.68317e+06,2.07214e+07,-1.30294e+11,-7.42931e+10
5.67721e+07,1.68205e+06,2.07256e+07,-1.30108e+11,-7.46189e+10
5.67784e+07,1.68093e+06,2.07298e+07,-1.2992e+11,-7.49443e+10
5.67847e+07,1.6798e+06,2.0734e+07,-1.29732e+11,-7.52693e+10
5.67911e+07,1.67867e+06,2.07382e+07,-1.29544e+11,-7.55937e+10
5.67974e+07,1.67753e+06,2.07424e+07,-1.29354e+11,-7.59177e+10
5.68037e+07,1.67638e+06,2.07466e+07,-1.29163e+11,-7.62412e+10
5.681e+07,1.67524e+06,2.07508e+07,-1.28972e+11,-7.65642e+10
5.68163e+07,1.67408e+06,2.0755e+07,-1.2878e+11,-7.68868e+10
5.68226e+07,1.67292e+06,2.07592e+07,-1.28587e+11,-7.72088e+10
5.68289e+07,1.67176e+06,2.07634e+07,-1.28394e+11,-7.75304e+10
5.68352e+07,1.67059e+06,2.07676e+07,-1.28199e+11,-7.78515e+10
5.68415e+07,1.66942e+06,2.07717e+07,-1.28004e+11,-7.81721e+10
5.68479e+07,1.66824e+06,2.07759e+07,-1.27808e+11,-7.84922e+10
5.68542e+07,1.66706e+06,2.07801e+07,-1.27611e+11,-7.88118e+10
5.68605e+07,1.66587e+06,2.07843e+07,-1.27413e+11,-7.9131e+10
5.68668e+07,1.66468e+06,2.07884e+07,-1.27215e+11,-7.94496e+10
5.68731e+07,1.66348e+06,2.07926e+07,-1.27015e+11,-7.97677e+10
5.68794e+07,1.66228e+06,2.07968e+07,-1.26815e+11,-8.00854e+10
5.68857e+07,1.66108e+06,2.08009e+07,-1.26614e+11,-8.04025e+10
5.6892e+07,1.65987e+06,2.08051e+07,-1.26413e+11,-8.07192e+10
5.68984e+07,1.65865e+06,2.08092e+07,-1.2621e+11,-8.10353e+10
5.69047e+07,1.65743e+06,2.08134e+07,-1.26007e+11,-8.13509e+10
5.6911e+07,1.6562e+06,2.08175e+07,-1.25803e+11,-8.1666e+10
5.69173e+07,1.65497e+06,2.08217e+07,-1.25598e+11,-8.19806e+10
5.69236e+07,1.65374e+06,2.08258e+07,-1.25392e+11,-8.22947e+10
5.69299e+07,1.6525e+06,2.08299e+07,-1.25186e+11,-8.26083e+10
5.69362e+07,1.65126e+06,2.08341e+07,-1.24979e+11,-8.29213e+10
5.69425e+07,1.65001e+06,2.08382e+07,-1.24771e+11,-8.32338e+10
5.69488e+07,1.64875e+06,2.08423e+07,-1.24562e+11,-8.35458e+10
5.69552e+07,1.64749e+06,2.08465e+07,-1.24353e+11,-8.38573e+10
5.69615e+07,1.64623e+06,2.08506e+07,-1.24142e+11,-8.41683e+10
5.69678e+07,1.64496e+06,2.08547e+07,-1.23931e+11,-8.44787e+10
5.69741e+07,1.64369e+06,2.08588e+07,-1.23719e+11,-8.47886e+10
5.69804e+07,1.64242e+06,2.08629e+07,-1.23507e+11,-8.5098e+10
5.69867e+07,1.64113e+06,2.0867e+07,-1.23293e+11,-8.54068e+10
5.6993e+07,1.63985e+06,2.08711e+07,-1.23079e+11,-8.57151e+10
5.69993e+07,1.63856e+06,2.08752e+07,-1.22864e+11,-8.60229e+10
5.70056e+07,1.63726e+06,2.08793e+07,-1.22648e+11,-8.63301e+10
5.7012e+07,1.63596e+06,2.08834e+07,-1.22432e+11,-8.66368e+10
5.70183e+07,1.63466e+06,2.08875e+07,-1.22215e+11,-8.6943e+10
5.70246e+07,1.63335e+06,2.08916e+07,-1.21997e+11,-8.72486e+10
5.70309e+07,1.63203e+06,2.08957e+07,-1.21778e+11,-8.75536e+10
5.70372e+07,1.63071e+06,2.08998e+07,-1.21558e+11,-8.78581e+10
5.70435e+07,1.62939e+06,2.09039e+07,-1.21338e+11,-8.81621e+10
5.70498e+07,1.62806e+06,2.09079e+07,-1.21117e+11,-8.84655e+10
5.70561e+07,1.62673e+06,2.0912e+07,-1.20895e+11,-8.87683e+10
5.70625e+07,1.6254e+06,2.09161e+07,-1.20672e+11,-8.90706e+10
5.70688e+07,1.62405e+06,2.09202e+07,-1.20449e+11,-8.93724e+10
5.70751e+07,1.62271e+06,2.09242e+07,-1.20225e+11,-8.96735e+10
5.70814e+07,1.62136e+06,2.09283e+07,-1.2e+11,-8.99741e+10
5.70877e+07,1.62e+06,2.09323e+07,-1.19775e+11,-9.02742e+10
5.7094e+07,1.61864e+06,2.09364e+07,-1.19548e+11,-9.05737e+10
5.71003e+07,1.61728e+06,2.09404e+07,-1.19321e+11,-9.08726e+10
5.71066e+07,1.61591e+06,2.09445e+07,-1.19093e+11,-9.11709e+10
5.71129e+07,1.61454e+06,2.09485e+07,-1.18865e+11,-9.14687e+10
5.71193e+07,1.61316e+06,2.09526e+07,-1.18635e+11,-9.17659e+10
5.71256e+07,1.61178e+06,2.09566e+07,-1.18405e+11,-9.20625e+10
5.71319e+07,1.61039e+06,2.09606e+07,-1.18174e+11,-9.23586e+10
5.71382e+07,1.609e+06,2.09647e+07,-1.17943e+11,-9.26541e+10
5.71445e+07,1.60761e+06,2.09687e+07,-1.1771e+11,-9.2949e+10
5.71508e+07,1.60621e+06,2.09727e+07,-1.17477e+11,-9.32433e+10
5.71571e+07,1.60481e+06,2.09767e+07,-1.17244e+11,-9.3537e+10
5.71634e+07,1.6034e+06,2.09807e+07,-1.17009e+11,-9.38301e+10
5.71697e+07,1.60198e+06,2.09847e+07,-1.16774e+11,-9.41227e+10
5.71761e+07,1.60057e+06,2.09888e+07,-1.16538e+11,-9.44146e+10
5.71824e+07,1.59915e+06,2.09928e+07,-1.16301e+11,-9.4706e+10
5.71887e+07,1.59772e+06,2.09968e+07,-1.16064e+11,-9.49968e+10
5.7195e+07,1.59629e+06,2.10008e+07,-1.15826e+11,-9.5287e+10
5.72013e+07,1.59486e+06,2.10048e+07,-1.15587e+11,-9.55765e+10
5.72076e+07,1.59342e+06,2.10087e+07,-1.15347e+11,-9.58655e+10
5.72139e+07,1.59197e+06,2.10127e+07,-1.15107e+11,-9.61539e+10
5.72202e+07,1.59053e+06,2.10167e+07,-1.14866e+11,-9.64417e+10
5.72266e+07,1.58907e+06,2.10207e+07,-1.14624e+11,-9.67289e+10
5.72329e+07,1.58762e+06,2.10247e+07,-1.14381e+11,-9.70154e+10
5.72392e+07,1.58616e+06,2.10286e+07,-1.14138e+11,-9.73014e+10
5.72455e+07,1.58469e+06,2.10326e+07,-1.13894e+11,-9.75868e+10
5.72518e+07,1.58322e+06,2.10366e+07,-1.1365e+11,-9.78715e+10
5.72581e+07,1.58175e+06,2.10405e+07,-1.13404e+11,-9.81556e+10
5.72644e+07,1.58027e+06,2.10445e+07,-1.13158e+11,-9.84392e+10
5.72707e+07,1.57879e+06,2.10484e+07,-1.12911e+11,-9.8722e+10
5.7277e+07,1.5773e+06,2.10524e+07,-1.12664e+11,-9.90043e+10
5.72834e+07,1.57581e+06,2.10563e+07,-1.12416e+11,-9.9286e+10
5.72897e+07,1.57432e+06,2.10603e+07,-1.12167e+11,-9.9567e+10
5.7296e+07,1.57282e+06,2.10642e+07,-1.11917e+11,-9.98474e+10
5.73023e+07,1.57132e+06,2.10681e+07,-1.11667e+11,-1.00127e+11
5.73086e+07,1.56981e+06,2.10721e+07,-1.11416e+11,-1.00406e+11
5.73149e+07,1.5683e+06,2.1076e+07,-1.11164e+11,-1.00685e+11
5.73212e+07,1.56678e+06,2.10799e+07,-1.10912e+11,-1.00963e+11
5.73275e+07,1.56526e+06,2.10838e+07,-1.10659e+11,-1.0124e+11
5.73338e+07,1.56374e+06,2.10878e+07,-1.10405e+11,-1.01517e+11
5.73402e+07,1.56221e+06,2.10917e+07,-1.10151e+11,-1.01793e+11
5.73465e+07,1.56068e+06,2.10956e+07,-1.09895e+11,-1.02068e+11
5.73528e+07,1.55914e+06,2.10995e+07,-1.0964e+11,-1.02343e+11
5.73591e+07,1.5576e+06,2.11034e+07,-1.09383e+11,-1.02617e+11
5.73654e+07,1.55606e+06,2.11073e+07,-1.09126e+11,-1.0289e+11
5.73717e+07,1.55451e+06,2.11112e+07,-1.08868e+11,-1.03163e+11
5.7378e+07,1.55296e+06,2.11151e+07,-1.08609e+11,-1.03435e+11
5.73843e+07,1.5514e+06,2.11189e+07,-1.0835e+11,-1.03707e+11
5.73907e+07,1.54984e+06,2.11228e+07,-1.0809e+11,-1.03978e+11
5.7397e+07,1.54827e+06,2.11267e+07,-1.0783e+11,-1.04248e+11
5.74033e+07,1.5467e+06,2.11306e+07,-1.07568e+11,-1.04517e+11
5.74096e+07,1.54513e+06,2.11344e+07,-1.07306e+11,-1.04786e+11
5.74159e+07,1.54355e+06,2.11383e+07,-1.07044e+11,-1.05054e+11
5.74222e+07,1.54197e+06,2.11422e+07,-1.0678e+11,-1.05322e+11
5.74285e+07,1.54039e+06,2.1146e+07,-1.06516e+11,-1.05589e+11
5.74348e+07,1.5388e+06,2.11499e+07,-1.06252e+11,-1.05855e+11
5.74411e+07,1.53721e+06,2.11537e+07,-1.05986e+11,-1.06121e+11
5.74475e+07,1.53561e+06,2.11576e+07,-1.0572e+11,-1.06386e+11
5.74538e+07,1.53401e+06,2.11614e+07,-1.05454e+11,-1.0665e+11
5.74601e+07,1.5324e+06,2.11653e+07,-1.05186e+11,-1.06914e+11
5.74664e+07,1.53079e+06,2.11691e+07,-1.04919e+11,-1.07176e+11
5.74727e+07,1.52918e+06,2.11729e+07,-1.0465e+11,-1.07439e+11
5.7479e+07,1.52756e+06,2.11767e+07,-1.04381e+11,-1.077e+11
5.74853e+07,1.52594e+06,2.11806e+07,-1.04111e+11,-1.07961e+11
5.74916e+07,1.52432e+06,2.11844e+07,-1.0384e+11,-1.08221e+11
5.74979e+07,1.52269e+06,2.11882e+07,-1.03569e+11,-1.08481e+11
5.75043e+07,1.52106e+06,2.1192e+07,-1.03297e+11,-1.0874e+11
5.75106e+07,1.51942e+06,2.11958e+07,-1.03025e+11,-1.08998e+11
5.75169e+07,1.51778e+06,2.11996e+07,-1.02751e+11,-1.09256e+11
5.75232e+07,1.51613e+06,2.12034e+07,-1.02478e+11,-1.09512e+11
5.75295e+07,1.51449e+06,2.12072e+07,-1.02203e+11,-1.09768e+11
5.75358e+07,1.51283e+06,2.1211e+07,-1.01928e+11,-1.10024e+11
5.75421e+07,1.51118e+06,2.12148e+07,-1.01652e+11,-1.10279e+11
5.75484e+07,1.50952e+06,2.12186e+07,-1.01376e+11,-1.10533e+11
5.75548e+07,1.50786e+06,2.12223e+07,-1.01099e+11,-1.10786e+11
5.75611e+07,1.50619e+06,2.12261e+07,-1.00821e+11,-1.11039e+11
5.75674e+07,1.50452e+06,2.12299e+07,-1.00543e+11,-1.11291e+11
5.75737e+07,1.50284e+06,2.12336e+07,-1.00264e+11,-1.11542e+11
5.758e+07,1.50116e+06,2.12374e+07,-9.99846e+10,-1.11793e+11
5.75863e+07,1.49948e+06,2.12411e+07,-9.97044e+10,-1.12043e+11
5.75926e+07,1.4978e+06,2.12449e+07,-9.94237e+10,-1.12292e+11
5.75989e+07,1.49611e+06,2.12486e+07,-9.91423e+10,-1.1254e+11
5.76052e+07,1.49441e+06,2.12524e+07,-9.88602e+10,-1.12788e+11
5.76116e+07,1.49272e+06,2.12561e+07,-9.85776e+10,-1.13035e+11
5.76179e+07,1.49101e+06,2.12599e+07,-9.82944e+10,-1.13281e+11
5.76242e+07,1.48931e+06,2.12636e+07,-9.80105e+10,-1.13527e+11
5.76305e+07,1.4876e+06,2.12673e+07,-9.7726e+10,-1.13772e+11
5.76368e+07,1.48589e+06,2.1271e+07,-9.74409e+10,-1.14016e+11
5.76431e+07,1.48417e+06,2.12747e+07,-9.71552e+10,-1.1426e+11
5.76494e+07,1.48245e+06,2.12785e+07,-9.68689e+10,-1.14503e+11
5.76557e+07,1.48073e+06,2.12822e+07,-9.65819e+10,-1.14745e+11
5.7662e+07,1.479e+06,2.12859e+07,-9.62944e+10,-1.14986e+11
5.76684e+07,1.47727e+06,2.12896e+07,-9.60063e+10,-1.15227e+11
5.76747e+07,1.47554e+06,2.12933e+07,-9.57176e+10,-1.15467e+11
5.7681e+07,1.4738e+06,2.1297e+07,-9.54282e+10,-1.15706e+11
5.76873e+07,1.47206e+06,2.13006e+07,-9.51383e+10,-1.15944e+11
5.76936e+07,1.47032e+06,2.13043e+07,-9.48478e+10,-1.16182e+11
5.76999e+07,1.46857e+06,2.1308e+07,-9.45566e+10,-1.16419e+11
5.77062e+07,1.46682e+06,2.13117e+07,-9.42649e+10,-1.16655e+11
5.77125e+07,1.46506e+06,2.13153e+07,-9.39726e+10,-1.16891e+11
5.77189e+07,1.4633e+06,2.1319e+07,-9.36797e+10,-1.17126e+11
5.77252e+07,1.46154e+06,2.13227e+07,-9.33863e+10,-1.1736e+11
5.77315e+07,1.45978e+06,2.13263e+07,-9.30922e+10,-1.17593e+11
5.77378e+07,1.45801e+06,2.133e+07,-9.27975e+10,-1.17826e+11
5.77441e+07,1.45623e+06,2.13336e+07,-9.25023e+10,-1.18058e+11
5.77504e+07,1.45446e+06,2.13373e+07,-9.22065e+10,-1.18289e+11
5.77567e+07,1.45268e+06,2.13409e+07,-9.19101e+10,-1.18519e+11
5.7763e+07,1.45089e+06,2.13445e+07,-9.16132e+10,-1.18749e+11
5.77693e+07,1.44911e+06,2.13482e+07,-9.13156e+10,-1.18978e+11
5.77757e+07,1.44732e+06,2.13518e+07,-9.10175e+10,-1.19206e+11
5.7782e+07,1.44552e+06,2.13554e+07,-9.07188e+10,-1.19433e+11
5.77883e+07,1.44373e+06,2.1359e+07,-9.04196e+10,-1.1966e+11
5.77946e+07,1.44193e+06,2.13626e+07,-9.01198e+10,-1.19886e+11
5.78009e+07,1.44012e+06,2.13662e+07,-8.98194e+10,-1.20111e+11
5.78072e+07,1.43832e+06,2.13698e+07,-8.95185e+10,-1.20335e+11
5.78135e+07,1.4365e+06,2.13734e+07,-8.9217e+10,-1.20559e+11
5.78198e+07,1.43469e+06,2.1377e+07,-8.89149e+10,-1.20782e+11
5.78261e+07,1.43287e+06,2.13806e+07,-8.86123e+10,-1.21004e+11
5.78325e+07,1.43105e+06,2.13842e+07,-8.83091e+10,-1.21226e+11
5.78388e+07,1.42923e+06,2.13878e+07,-8.80054e+10,-1.21446e+11
5.78451e+07,1.4274e+06,2.13914e+07,-8.77011e+10,-1.21666e+11
5.78514e+07,1.42557e+06,2.13949e+07,-8.73963e+10,-1.21885e+11
5.78577e+07,1.42374e+06,2.13985e+07,-8.70909e+10,-1.22104e+11
5.7864e+07,1.4219e+06,2.14021e+07,-8.6785e+10,-1.22321e+11
5.78703e+07,1.42006e+06,2.14056e+07,-8.64786e+10,-1.22538e+11
5.78766e+07,1.41822e+06,2.14092e+07,-8.61716e+10,-1.22754e+11
5.78829e+07,1.41637e+06,2.14127e+07,-8.5864e+10,-1.22969e+11
5.78893e+07,1.41452e+06,2.14163e+07,-8.55559e+10,-1.23184e+11
5.78956e+07,1.41267e+06,2.14198e+07,-8.52473e+10,-1.23398e+11
5.79019e+07,1.41081e+06,2.14233e+07,-8.49382e+10,-1.23611e+11
5.79082e+07,1.40895e+06,2.14269e+07,-8.46285e+10,-1.23823e+11
5.79145e+07,1.40709e+06,2.14304e+07,-8.43183e+10,-1.24034e+11
5.79208e+07,1.40522e+06,2.14339e+07,-8.40076e+10,-1.24245e+11
5.79271e+07,1.40335e+06,2.14374e+07,-8.36963e+10,-1.24455e+11
5.79334e+07,1.40148e+06,2.14409e+07,-8.33845e+10,-1.24664e+11
5.79398e+07,1.3996e+06,2.14444e+07,-8.30722e+10,-1.24872e+11
5.79461e+07,1.39773e+06,2.14479e+07,-8.27594e+10,-1.2508e+11
5.79524e+07,1.39584e+06,2.14514e+07,-8.2446e+10,-1.25286e+11
5.79587e+07,1.39396e+06,2.14549e+07,-8.21321e+10,-1.25492e+11
5.7965e+07,1.39207e+06,2.14584e+07,-8.18178e+10,-1.25697e+11
5.79713e+07,1.39018e+06,2.14619e+07,-8.15029e+10,-1.25902e+11
5.79776e+07,1.38829e+06,2.14654e+07,-8.11875e+10,-1.26105e+11
5.79839e+07,1.38639e+06,2.14688e+07,-8.08715e+10,-1.26308e+11
5.79902e+07,1.38449e+06,2.14723e+07,-8.05551e+10,-1.2651e+11
5.79966e+07,1.38259e+06,2.14758e+07,-8.02382e+10,-1.26711e+11
5.80029e+07,1.38068e+06,2.14792e+07,-7.99208e+10,-1.26912e+11
5.80092e+07,1.37877e+06,2.14827e+07,-7.96028e+10,-1.27111e+11
5.80155e+07,1.37686e+06,2.14861e+07,-7.92844e+10,-1.2731e+11
5.80218e+07,1.37494e+06,2.14896e+07,-7.89655e+10,-1.27508e+11
5.80281e+07,1.37303e+06,2.1493e+07,-7.86461e+10,-1.27705e+11
5.80344e+07,1.3711e+06,2.14964e+07,-7.83262e+10,-1.27902e+11
5.80407e+07,1.36918e+06,2.14999e+07,-7.80058e+10,-1.28098e+11
5.8047e+07,1.36725e+06,2.15033e+07,-7.76849e+10,-1.28292e+11
5.80534e+07,1.36532e+06,2.15067e+07,-7.73635e+10,-1.28486e+11
5.80597e+07,1.36339e+06,2.15101e+07,-7.70416e+10,-1.2868e+11
5.8066e+07,1.36146e+06,2.15135e+07,-7.67193e+10,-1.28872e+11
5.80723e+07,1.35952e+06,2.15169e+07,-7.63965e+10,-1.29064e+11
5.80786e+07,1.35758e+06,2.15203e+07,-7.60732e+10,-1.29254e+11
5.80849e+07,1.35563e+06,2.15237e+07,-7.57494e+10,-1.29444e+11
5.80912e+07,1.35368e+06,2.15271e+07,-7.54251e+10,-1.29634e+11
5.80975e+07,1.35173e+06,2.15305e+07,-7.51004e+10,-1.29822e+11
5.81039e+07,1.34978e+06,2.15339e+07,-7.47752e+10,-1.3001e+11
5.81102e+07,1.34783e+06,2.15373e+07,-7.44496e+10,-1.30196e+11
5.81165e+07,1.34587e+06,2.15406e+07,-7.41234e+10,-1.30382e+11
5.81228e+07,1.34391e+06,2.1544e+07,-7.37968e+10,-1.30567e+11
5.81291e+07,1.34194e+06,2.15474e+07,-7.34698e+10,-1.30752e+11
5.81354e+07,1.33998e+06,2.15507e+07,-7.31423e+10,-1.30935e+11
5.81417e+07,1.33801e+06,2.15541e+07,-7.28143e+10,-1.31118e+11
5.8148e+07,1.33603e+06,2.15574e+07,-7.24858e+10,-1.313e+11
5.81543e+07,1.33406e+06,2.15608e+07,-7.2157e+10,-1.31481e+11
5.81607e+07,1.33208e+06,2.15641e+07,-7.18276e+10,-1.31661e+11
5.8167e+07,1.3301e+06,2.15674e+07,-7.14978e+10,-1.3184e+11
5.81733e+07,1.32812e+06,2.15708e+07,-7.11676e+10,-1.32019e+11
5.81796e+07,1.32613e+06,2.15741e+07,-7.08369e+10,-1.32196e+11
5.81859e+07,1.32414e+06,2.15774e+07,-7.05058e+10,-1.32373e+11
5.81922e+07,1.32215e+06,2.15807e+07,-7.01742e+10,-1.32549e+11
5.81985e+07,1.32016e+06,2.1584e+07,-6.98422e+10,-1.32724e+11
5.82048e+07,1.31816e+06,2.15873e+07,-6.95098e+10,-1.32899e+11
5.82111e+07,1.31616e+06,2.15906e+07,-6.91769e+10,-1.33072e+11
5.82175e+07,1.31416e+06,2.15939e+07,-6.88436e+10,-1.33245e+11
5.82238e+07,1.31216e+06,2.15972e+07,-6.85098e+10,-1.33417e+11
5.82301e+07,1.31015e+06,2.16005e+07,-6.81757e+10,-1.33588e+11
5.82364e+07,1.30814e+06,2.16037e+07,-6.78411e+10,-1.33758e+11
5.82427e+07,1.30613e+06,2.1607e+07,-6.7506e+10,-1.33928e+11
5.8249e+07,1.30412e+06,2.16103e+07,-6.71706e+10,-1.34096e+11
5.82553e+07,1.3021e+06,2.16135e+07,-6.68347e+10,-1.34264e+11
5.82616e+07,1.30008e+06,2.16168e+07,-6.64984e+10,-1.34431e+11
5.8268e+07,1.29806e+06,2.162e+07,-6.61617e+10,-1.34597e+11
5.82743e+07,1.29603e+06,2.16233e+07,-6.58246e+10,-1.34762e+11
5.82806e+07,1.29401e+06,2.16265e+07,-6.54871e+10,-1.34926e+11
5.82869e+07,1.29198e+06,2.16298e+07,-6.51492e+10,-1.3509e+11
5.82932e+07,1.28994e+06,2.1633e+07,-6.48108e+10,-1.35252e+11
5.82995e+07,1.28791e+06,2.16362e+07,-6.44721e+10,-1.35414e+11
5.83058e+07,1.28587e+06,2.16394e+07,-6.41329e+10,-1.35575e+11
5.83121e+07,1.28383e+06,2.16427e+07,-6.37933e+10,-1.35735e+11
5.83184e+07,1.28179e+06,2.16459e+07,-6.34534e+10,-1.35894e+11
5.83248e+07,1.27975e+06,2.16491e+07,-6.3113e+10,-1.36053e+11
5.83311e+07,1.2777e+06,2.16523e+07,-6.27723e+10,-1.3621e+11
5.83374e+07,1.27565e+06,2.16555e+07,-6.24311e+10,-1.36367e+11
5.83437e+07,1.2736e+06,2.16587e+07,-6.20896e+10,-1.36523e+11
5.835e+07,1.27155e+06,2.16618e+07,-6.17477e+10,-1.36678e+11
5.83563e+07,1.26949e+06,2.1665e+07,-6.14053e+10,-1.36832e+11
5.83626e+07,1.26744e+06,2.16682e+07,-6.10626e+10,-1.36985e+11
5.83689e+07,1.26538e+06,2.16714e+07,-6.07196e+10,-1.37137e+11
5.83752e+07,1.26331e+06,2.16745e+07,-6.03761e+10,-1.37289e+11
5.83816e+07,1.26125e+06,2.16777e+07,-6.00323e+10,-1.3744e+11
5.83879e+07,1.25918e+06,2.16809e+07,-5.96881e+10,-1.37589e+11
5.83942e+07,1.25711e+06,2.1684e+07,-5.93435e+10,-1.37738e+11
5.84005e+07,1.25504e+06,2.16871e+07,-5.89985e+10,-1.37886e+11
5.84068e+07,1.25297e+06,2.16903e+07,-5.86532e+10,-1.38034e+11
5.84131e+07,1.25089e+06,2.16934e+07,-5.83075e+10,-1.3818e+11
5.84194e+07,1.24881e+06,2.16965e+07,-5.79614e+10,-1.38326e+11
5.84257e+07,1.24673e+06,2.16997e+07,-5.7615e+10,-1.3847e+11
5.84321e+07,1.24465e+06,2.17028e+07,-5.72682e+10,-1.38614e+11
5.84384e+07,1.24257e+06,2.17059e+07,-5.69211e+10,-1.38757e+11
5.84447e+07,1.24048e+06,2.1709e+07,-5.65736e+10,-1.38899e+11
5.8451e+07,1.23839e+06,2.17121e+07,-5.62257e+10,-1.3904e+11
5.84573e+07,1.2363e+06,2.17152e+07,-5.58775e+10,-1.3918e+11
5.84636e+07,1.23421e+06,2.17183e+07,-5.5529e+10,-1.3932e+11
5.84699e+07,1.23211e+06,2.17214e+07,-5.518e+10,-1.39458e+11
5.84762e+07,1.23001e+06,2.17245e+07,-5.48308e+10,-1.39596e+11
5.84825e+07,1.22792e+06,2.17275e+07,-5.44812e+10,-1.39733e+11
5.84889e+07,1.22581e+06,2.17306e+07,-5.41313e+10,-1.39869e+11
5.84952e+07,1.22371e+06,2.17337e+07,-5.3781e+10,-1.40004e+11
5.85015e+07,1.22161e+06,2.17367e+07,-5.34304e+10,-1.40138e+11
5.85078e+07,1.2195e+06,2.17398e+07,-5.30794e+10,-1.40271e+11
5.85141e+07,1.21739e+06,2.17428e+07,-5.27282e+10,-1.40404e+11
5.85204e+07,1.21528e+06,2.17459e+07,-5.23765e+10,-1.40535e+11
5.85267e+07,1.21316e+06,2.17489e+07,-5.20246e+10,-1.40666e+11
5.8533e+07,1.21105e+06,2.1752e+07,-5.16723e+10,-1.40795e+11
5.85393e+07,1.20893e+06,2.1755e+07,-5.13198e+10,-1.40924e+11
5.85457e+07,1.20681e+06,2.1758e+07,-5.09669e+10,-1.41052e+11
5.8552e+07,1.20469e+06,2.1761e+07,-5.06136e+10,-1.41179e+11
5.85583e+07,1.20257e+06,2.1764e+07,-5.02601e+10,-1.41306e+11
5.85646e+07,1.20044e+06,2.1767e+07,-4.99062e+10,-1.41431e+11
5.85709e+07,1.19832e+06,2.177e+07,-4.95521e+10,-1.41556e+11
5.85772e+07,1.19619e+06,2.1773e+07,-4.91976e+10,-1.41679e+11
5.85835e+07,1.19406e+06,2.1776e+07,-4.88428e+10,-1.41802e+11
5.85898e+07,1.19192e+06,2.1779e+07,-4.84877e+10,-1.41924e+11
5.85962e+07,1.18979e+06,2.1782e+07,-4.81323e+10,-1.42044e+11
5.86025e+07,1.18765e+06,2.1785e+07,-4.77766e+10,-1.42165e+11
5.86088e+07,1.18552e+06,2.17879e+07,-4.74206e+10,-1.42284e+11
5.86151e+07,1.18338e+06,2.17909e+07,-4.70643e+10,-1.42402e+11
5.86214e+07,1.18124e+06,2.17939e+07,-4.67077e+10,-1.42519e+11
5.86277e+07,1.17909e+06,2.17968e+07,-4.63508e+10,-1.42636e+11
5.8634e+07,1.17695e+06,2.17998e+07,-4.59936e+10,-1.42751e+11
5.86403e+07,1.1748e+06,2.18027e+07,-4.56362e+10,-1.42866e+11
5.86466e+07,1.17265e+06,2.18056e+07,-4.52784e+10,-1.4298e+11
5.8653e+07,1.1705e+06,2.18086e+07,-4.49204e+10,-1.43093e+11
5.86593e+07,1.16835e+06,2.18115e+07,-4.45621e+10,-1.43205e+11
5.86656e+07,1.1662e+06,2.18144e+07,-4.42035e+10,-1.43316e+11
5.86719e+07,1.16404e+06,2.18173e+07,-4.38446e+10,-1.43426e+11
5.86782e+07,1.16189e+06,2.18203e+07,-4.34855e+10,-1.43535e+11
5.86845e+07,1.15973e+06,2.18232e+07,-4.3126e+10,-1.43643e+11
5.86908e+07,1.15757e+06,2.18261e+07,-4.27664e+10,-1.43751e+11
5.86971e+07,1.15541e+06,2.1829e+07,-4.24064e+10,-1.43858e+11
5.87034e+07,1.15324e+06,2.18318e+07,-4.20462e+10,-1.43963e+11
5.87098e+07,1.15108e+06,2.18347e+07,-4.16857e+10,-1.44068e+11
5.87161e+07,1.14891e+06,2.18376e+07,-4.1325e+10,-1.44172e+11
5.87224e+07,1.14674e+06,2.18405e+07,-4.0964e+10,-1.44275e+11
5.87287e+07,1.14457e+06,2.18433e+07,-4.06027e+10,-1.44377e+11
5.8735e+07,1.1424e+06,2.18462e+07,-4.02412e+10,-1.44478e+11
5.87413e+07,1.14023e+06,2.18491e+07,-3.98794e+10,-1.44578e+11
5.87476e+07,1.13806e+06,2.18519e+07,-3.95174e+10,-1.44678e+11
5.87539e+07,1.13588e+06,2.18548e+07,-3.91551e+10,-1.44776e+11
5.87603e+07,1.1337e+06,2.18576e+07,-3.87926e+10,-1.44874e+11
5.87666e+07,1.13153e+06,2.18604e+07,-3.84299e+10,-1.4497e+11
5.87729e+07,1.12935e+06,2.18633e+07,-3.80669e+10,-1.45066e+11
5.87792e+07,1.12717e+06,2.18661e+07,-3.77036e+10,-1.45161e+11
5.87855e+07,1.12498e+06,2.18689e+07,-3.73402e+10,-1.45255e+11
5.87918e+07,1.1228e+06,2.18717e+07,-3.69765e+10,-1.45348e+11
5.87981e+07,1.12061e+06,2.18745e+07,-3.66125e+10,-1.4544e+11
5.88044e+07,1.11843e+06,2.18773e+07,-3.62484e+10,-1.45531e+11
5.88107e+07,1.11624e+06,2.18801e+07,-3.5884e+10,-1.45621e+11
5.88171e+07,1.11405e+06,2.18829e+07,-3.55194e+10,-1.45711e+11
5.88234e+07,1.11186e+06,2.18857e+07,-3.51545e+10,-1.45799e+11
5.88297e+07,1.10967e+06,2.18885e+07,-3.47895e+10,-1.45887e+11
5.8836e+07,1.10747e+06,2.18913e+07,-3.44242e+10,-1.45973e+11
5.88423e+07,1.10528e+06,2.1894e+07,-3.40587e+10,-1.46059e+11
5.88486e+07,1.10308e+06,2.18968e+07,-3.3693e+10,-1.46144e+11
5.88549e+07,1.10088e+06,2.18995e+07,-3.33271e+10,-1.46228e+11
5.88612e+07,1.09869e+06,2.19023e+07,-3.2961e+10,-1.46311e+11
5.88675e+07,1.09649e+06,2.1905e+07,-3.25946e+10,-1.46393e+11
5.88739e+07,1.09428e+06,2.19078e+07,-3.22281e+10,-1.46474e+11
5.88802e+07,1.09208e+06,2.19105e+07,-3.18614e+10,-1.46554e+11
5.88865e+07,1.08988e+06,2.19132e+07,-3.14944e+10,-1.46633e+11
5.88928e+07,1.08767e+06,2.1916e+07,-3.11273e+10,-1.46712e+11
5.88991e+07,1.08547e+06,2.19187e+07,-3.076e+10,-1.46789e+11
5.89054e+07,1.08326e+06,2.19214e+07,-3.03924e+10,-1.46866e+11
5.89117e+07,1.08105e+06,2.19241e+07,-3.00247e+10,-1.46941e+11
5.8918e+07,1.07884e+06,2.19268e+07,-2.96568e+10,-1.47016e+11
5.89244e+07,1.07663e+06,2.19295e+07,-2.92888e+10,-1.4709e+11
5.89307e+07,1.07442e+06,2.19322e+07,-2.89205e+10,-1.47162e+11
5.8937e+07,1.07221e+06,2.19349e+07,-2.8552e+10,-1.47234e+11
5.89433e+07,1.07e+06,2.19376e+07,-2.81834e+10,-1.47305e+11
5.89496e+07,1.06778e+06,2.19402e+07,-2.78146e+10,-1.47375e+11
5.89559e+07,1.06557e+06,2.19429e+07,-2.74456e+10,-1.47445e+11
5.89622e+07,1.06335e+06,2.19456e+07,-2.70765e+10,-1.47513e+11
5.89685e+07,1.06113e+06,2.19482e+07,-2.67071e+10,-1.4758e+11
5.89748e+07,1.05891e+06,2.19509e+07,-2.63377e+10,-1.47646e+11
5.89812e+07,1.05669e+06,2.19535e+07,-2.5968e+10,-1.47712e+11
5.89875e+07,1.05447e+06,2.19562e+07,-2.55982e+10,-1.47776e+11
5.89938e+07,1.05225e+06,2.19588e+07,-2.52282e+10,-1.4784e+11
5.90001e+07,1.05003e+06,2.19615e+07,-2.48581e+10,-1.47903e+11
5.90064e+07,1.0478e+06,2.19641e+07,-2.44878e+10,-1.47965e+11
5.90127e+07,1.04558e+06,2.19667e+07,-2.41173e+10,-1.48025e+11
5.9019e+07,1.04335e+06,2.19693e+07,-2.37468e+10,-1.48085e+11
5.90253e+07,1.04113e+06,2.19719e+07,-2.3376e+10,-1.48144e+11
5.90316e+07,1.0389e+06,2.19745e+07,-2.30051e+10,-1.48202e+11
5.9038e+07,1.03667e+06,2.19771e+07,-2.26341e+10,-1.48259e+11
5.90443e+07,1.03444e+06,2.19797e+07,-2.22629e+10,-1.48316e+11
5.90506e+07,1.03221e+06,2.19823e+07,-2.18916e+10,-1.48371e+11
5.90569e+07,1.02998e+06,2.19849e+07,-2.15201e+10,-1.48425e+11
5.90632e+07,1.02775e+06,2.19875e+07,-2.11486e+10,-1.48479e+11
5.90695e+07,1.02552e+06,2.199e+07,-2.07768e+10,-1.48531e+11
5.90758e+07,1.02329e+06,2.19926e+07,-2.0405e+10,-1.48583e+11
5.90821e+07,1.02105e+06,2.19951e+07,-2.0033e+10,-1.48633e+11
5.90885e+07,1.01882e+06,2.19977e+07,-1.96609e+10,-1.48683e+11
5.90948e+07,1.01658e+06,2.20002e+07,-1.92887e+10,-1.48732e+11
5.91011e+07,1.01435e+06,2.20028e+07,-1.89163e+10,-1.48779e+11
5.91074e+07,1.01211e+06,2.20053e+07,-1.85439e+10,-1.48826e+11
5.91137e+07,1.00987e+06,2.20078e+07,-1.81713e+10,-1.48872e+11
5.912e+07,1.00764e+06,2.20104e+07,-1.77986e+10,-1.48917e+11
5.91263e+07,1.0054e+06,2.20129e+07,-1.74258e+10,-1.48961e+11
5.91326e+07,1.00316e+06,2.20154e+07,-1.70529e+10,-1.49004e+11
5.91389e+07,1.00092e+06,2.20179e+07,-1.66799e+10,-1.49047e+11
5.91453e+07,998676,2.20204e+07,-1.63067e+10,-1.49088e+11
5.91516e+07,996435,2.20229e+07,-1.59335e+10,-1.49128e+11
5.91579e+07,994193,2.20254e+07,-1.55602e+10,-1.49168e+11
5.91642e+07,991951,2.20279e+07,-1.51867e+10,-1.49206e+11
5.91705e+07,989708,2.20304e+07,-1.48132e+10,-1.49244e+11
5.91768e+07,987464,2.20328e+07,-1.44396e+10,-1.4928e+11
5.91831e+07,985220,2.20353e+07,-1.40659e+10,-1.49316e+11
5.91894e+07,982976,2.20378e+07,-1.36921e+10,-1.49351e+11
5.91957e+07,980730,2.20402e+07,-1.33182e+10,-1.49385e+11
5.92021e+07,978485,2.20427e+07,-1.29443e+10,-1.49417e+11
5.92084e+07,976239,2.20451e+07,-1.25702e+10,-1.49449e+11
5.92147e+07,973992,2.20476e+07,-1.21961e+10,-1.4948e+11
5.9221e+07,971745,2.205e+07,-1.18219e+10,-1.4951e+11
5.92273e+07,969497,2.20524e+07,-1.14476e+10,-1.49539e+11
5.92336e+07,967250,2.20549e+07,-1.10733e+10,-1.49568e+11
5.92399e+07,965001,2.20573e+07,-1.06989e+10,-1.49595e+11
5.92462e+07,962752,2.20597e+07,-1.03244e+10,-1.49621e+11
5.92525e+07,960503,2.20621e+07,-9.94984e+09,-1.49647e+11
5.92589e+07,958254,2.20645e+07,-9.57524e+09,-1.49671e+11
5.92652e+07,956004,2.20669e+07,-9.20057e+09,-1.49695e+11
5.92715e+07,953754,2.20693e+07,-8.82584e+09,-1.49717e+11
5.92778e+07,951503,2.20717e+07,-8.45106e+09,-1.49739e+11
5.92841e+07,949252,2.2074e+07,-8.07623e+09,-1.49759e+11
5.92904e+07,947001,2.20764e+07,-7.70135e+09,-1.49779e+11
5.92967e+07,944749,2.20788e+07,-7.32641e+09,-1.49798e+11
5.9303e+07,942498,2.20811e+07,-6.95144e+09,-1.49816e+11
5.93094e+07,940246,2.20835e+07,-6.57641e+09,-1.49833e+11
5.93157e+07,937993,2.20859e+07,-6.20135e+09,-1.49849e+11
5.9322e+07,935741,2.20882e+07,-5.82625e+09,-1.49864e+11
5.93283e+07,933488,2.20905e+07,-5.45111e+09,-1.49878e+11
5.93346e+07,931235,2.20929e+07,-5.07594e+09,-1.49891e+11
5.93409e+07,928982,2.20952e+07,-4.70073e+09,-1.49903e+11
5.93472e+07,926729,2.20975e+07,-4.3255e+09,-1.49915e+11
5.93535e+07,924475,2.20998e+07,-3.95024e+09,-1.49925e+11
5.93598e+07,922222,2.21021e+07,-3.57495e+09,-1.49934e+11
5.93662e+07,919968,2.21045e+07,-3.19965e+09,-1.49943e+11
5.93725e+07,917714,2.21068e+07,-2.82432e+09,-1.4995e+11
5.93788e+07,915460,2.2109e+07,-2.44897e+09,-1.49957e+11
5.93851e+07,913206,2.21113e+07,-2.07361e+09,-1.49963e+11
5.93914e+07,910952,2.21136e+07,-1.69824e+09,-1.49967e+11
5.93977e+07,908698,2.21159e+07,-1.32285e+09,-1.49971e+11
5.9404e+07,906444,2.21182e+07,-9.47461e+08,-1.49974e+11
5.94103e+07,904189,2.21204e+07,-5.72062e+08,-1.49976e+11
5.94166e+07,901935,2.21227e+07,-1.9666e+08,-1.49977e+11
5.9423e+07,899681,2.21249e+07,1.78744e+08,-1.49977e+11
5.94293e+07,897426,2.21272e+07,5.54147e+08,-1.49976e+11
5.94356e+07,895172,2.21294e+07,9.29546e+08,-1.49974e+11
5.94419e+07,892918,2.21317e+07,1.30494e+09,-1.49971e+11
5.94482e+07,890664,2.21339e+07,1.68032e+09,-1.49968e+11
5.94545e+07,888410,2.21361e+07,2.0557e+09,-1.49963e+11
5.94608e+07,886156,2.21384e+07,2.43106e+09,-1.49957e+11
5.94671e+07,883902,2.21406e+07,2.80641e+09,-1.49951e+11
5.94735e+07,881648,2.21428e+07,3.18174e+09,-1.49943e+11
5.94798e+07,879394,2.2145e+07,3.55704e+09,-1.49935e+11
5.94861e+07,877140,2.21472e+07,3.93233e+09,-1.49925e+11
5.94924e+07,874887,2.21494e+07,4.30759e+09,-1.49915e+11
5.94987e+07,872634,2.21516e+07,4.68283e+09,-1.49904e+11
5.9505e+07,870381,2.21537e+07,5.05803e+09,-1.49892e+11
5.95113e+07,868128,2.21559e+07,5.43321e+09,-1.49879e+11
5.95176e+07,865875,2.21581e+07,5.80835e+09,-1.49865e+11
5.95239e+07,863622,2.21602e+07,6.18345e+09,-1.4985e+11
5.95303e+07,861370,2.21624e+07,6.55852e+09,-1.49834e+11
5.95366e+07,859118,2.21646e+07,6.93354e+09,-1.49817e+11
5.95429e+07,856866,2.21667e+07,7.30852e+09,-1.49799e+11
5.95492e+07,854615,2.21688e+07,7.68346e+09,-1.4978e+11
5.95555e+07,852364,2.2171e+07,8.05834e+09,-1.4976e+11
5.95618e+07,850113,2.21731e+07,8.43318e+09,-1.4974e+11
5.95681e+07,847862,2.21752e+07,8.80796e+09,-1.49718e+11
5.95744e+07,845612,2.21774e+07,9.18269e+09,-1.49696e+11
5.95807e+07,843362,2.21795e+07,9.55736e+09,-1.49672e+11
5.95871e+07,841112,2.21816e+07,9.93197e+09,-1.49648e+11
5.95934e+07,838863,2.21837e+07,1.03065e+10,-1.49623e+11
5.95997e+07,836614,2.21858e+07,1.0681e+10,-1.49596e+11
5.9606e+07,834366,2.21879e+07,1.10554e+10,-1.49569e+11
5.96123e+07,832118,2.219e+07,1.14298e+10,-1.49541e+11
5.96186e+07,829871,2.2192e+07,1.1804e+10,-1.49512e+11
5.96249e+07,827623,2.21941e+07,1.21782e+10,-1.49482e+11
5.96312e+07,825377,2.21962e+07,1.25524e+10,-1.49451e+11
5.96376e+07,823131,2.21982e+07,1.29264e+10,-1.49419e+11
5.96439e+07,820885,2.22003e+07,1.33004e+10,-1.49386e+11
5.96502e+07,818640,2.22024e+07,1.36743e+10,-1.49352e+11
5.96565e+07,816395,2.22044e+07,1.40481e+10,-1.49318e+11
5.96628e+07,814151,2.22064e+07,1.44218e+10,-1.49282e+11
5.96691e+07,811907,2.22085e+07,1.47954e+10,-1.49246e+11
5.96754e+07,809664,2.22105e+07,1.51689e+10,-1.49208e+11
5.96817e+07,807422,2.22125e+07,1.55424e+10,-1.4917e+11
5.9688e+07,805180,2.22145e+07,1.59157e+10,-1.4913e+11
5.96944e+07,802939,2.22166e+07,1.62889e+10,-1.4909e+11
5.97007e+07,800698,2.22186e+07,1.66621e+10,-1.49049e+11
5.9707e+07,798458,2.22206e+07,1.70351e+10,-1.49007e+11
5.97133e+07,796219,2.22226e+07,1.7408e+10,-1.48964e+11
5.97196e+07,793980,2.22245e+07,1.77808e+10,-1.4892e+11
5.97259e+07,791742,2.22265e+07,1.81535e+10,-1.48875e+11
5.97322e+07,789504,2.22285e+07,1.85261e+10,-1.48829e+11
5.97385e+07,787268,2.22305e+07,1.88986e+10,-1.48782e+11
5.97448e+07,785032,2.22325e+07,1.92709e+10,-1.48734e+11
5.97512e+07,782796,2.22344e+07,1.96432e+10,-1.48685e+11
5.97575e+07,780562,2.22364e+07,2.00153e+10,-1.48636e+11
5.97638e+07,778328,2.22383e+07,2.03873e+10,-1.48585e+11
5.97701e+07,776095,2.22403e+07,2.07591e+10,-1.48534e+11
5.97764e+07,773863,2.22422e+07,2.11308e+10,-1.48481e+11
5.97827e+07,771631,2.22441e+07,2.15024e+10,-1.48428e+11
5.9789e+07,769401,2.22461e+07,2.18739e+10,-1.48374e+11
5.97953e+07,767171,2.2248e+07,2.22452e+10,-1.48318e+11
5.98017e+07,764942,2.22499e+07,2.26164e+10,-1.48262e+11
5.9808e+07,762714,2.22518e+07,2.29874e+10,-1.48205e+11
5.98143e+07,760487,2.22537e+07,2.33583e+10,-1.48147e+11
5.98206e+07,758260,2.22556e+07,2.37291e+10,-1.48088e+11
5.98269e+07,756035,2.22575e+07,2.40997e+10,-1.48028e+11
5.98332e+07,753810,2.22594e+07,2.44701e+10,-1.47968e+11
5.98395e+07,751587,2.22613e+07,2.48404e+10,-1.47906e+11
5.98458e+07,749364,2.22632e+07,2.52106e+10,-1.47843e+11
5.98521e+07,747142,2.2265e+07,2.55806e+10,-1.4778e+11
5.98585e+07,744921,2.22669e+07,2.59504e+10,-1.47715e+11
5.98648e+07,742702,2.22688e+07,2.63201e+10,-1.4765e+11
5.98711e+07,740483,2.22706e+07,2.66895e+10,-1.47584e+11
5.98774e+07,738265,2.22725e+07,2.70589e+10,-1.47516e+11
5.98837e+07,736048,2.22743e+07,2.7428e+10,-1.47448e+11
5.989e+07,733832,2.22762e+07,2.7797e+10,-1.47379e+11
5.98963e+07,731617,2.2278e+07,2.81658e+10,-1.47309e+11
5.99026e+07,729404,2.22798e+07,2.85345e+10,-1.47238e+11
5.99089e+07,727191,2.22816e+07,2.89029e+10,-1.47166e+11
5.99153e+07,724980,2.22835e+07,2.92712e+10,-1.47093e+11
5.99216e+07,722769,2.22853e+07,2.96393e+10,-1.4702e+11
5.99279e+07,720560,2.22871e+07,3.00072e+10,-1.46945e+11
5.99342e+07,718352,2.22889e+07,3.03749e+10,-1.4687e+11
5.99405e+07,716145,2.22907e+07,3.07425e+10,-1.46793e+11
5.99468e+07,713939,2.22925e+07,3.11098e+10,-1.46716e+11
5.99531e+07,711734,2.22943e+07,3.1477e+10,-1.46637e+11
5.99594e+07,709531,2.2296e+07,3.18439e+10,-1.46558e+11
5.99658e+07,707328,2.22978e+07,3.22106e+10,-1.46478e+11
5.99721e+07,705127,2.22996e+07,3.25772e+10,-1.46397e+11
5.99784e+07,702927,2.23013e+07,3.29435e+10,-1.46315e+11
5.99847e+07,700729,2.23031e+07,3.33097e+10,-1.46232e+11
5.9991e+07,698531,2.23048e+07,3.36756e+10,-1.46148e+11
5.99973e+07,696335,2.23066e+07,3.40413e+10,-1.46063e+11
6.00036e+07,694140,2.23083e+07,3.44068e+10,-1.45978e+11
6.00099e+07,691947,2.23101e+07,3.47721e+10,-1.45891e+11
6.00162e+07,689754,2.23118e+07,3.51372e+10,-1.45804e+11
6.00226e+07,687564,2.23135e+07,3.5502e+10,-1.45715e+11
6.00289e+07,685374,2.23152e+07,3.58666e+10,-1.45626e+11
6.00352e+07,683186,2.23169e+07,3.6231e+10,-1.45536e+11
6.00415e+07,680999,2.23187e+07,3.65952e+10,-1.45445e+11
6.00478e+07,678813,2.23204e+07,3.69592e+10,-1.45353e+11
6.00541e+07,676629,2.2322e+07,3.73229e+10,-1.4526e+11
6.00604e+07,674447,2.23237e+07,3.76864e+10,-1.45166e+11
6.00667e+07,672265,2.23254e+07,3.80496e+10,-1.45071e+11
6.0073e+07,670085,2.23271e+07,3.84126e+10,-1.44975e+11
6.00794e+07,667907,2.23288e+07,3.87754e+10,-1.44879e+11
6.00857e+07,665730,2.23304e+07,3.91379e+10,-1.44781e+11
6.0092e+07,663554,2.23321e+07,3.95002e+10,-1.44683e+11
6.00983e+07,661380,2.23338e+07,3.98622e+10,-1.44584e+11
6.01046e+07,659208,2.23354e+07,4.0224e+10,-1.44483e+11
6.01109e+07,657037,2.23371e+07,4.05855e+10,-1.44382e+11
6.01172e+07,654868,2.23387e+07,4.09468e+10,-1.4428e+11
6.01235e+07,652700,2.23403e+07,4.13078e+10,-1.44177e+11
6.01299e+07,650533,2.2342e+07,4.16686e+10,-1.44073e+11
6.01362e+07,648368,2.23436e+07,4.20291e+10,-1.43969e+11
6.01425e+07,646205,2.23452e+07,4.23893e+10,-1.43863e+11
6.01488e+07,644044,2.23468e+07,4.27493e+10,-1.43757e+11
6.01551e+07,641884,2.23484e+07,4.3109e+10,-1.43649e+11
6.01614e+07,639725,2.235e+07,4.34684e+10,-1.43541e+11
6.01677e+07,637568,2.23516e+07,4.38276e+10,-1.43432e+11
6.0174e+07,635413,2.23532e+07,4.41864e+10,-1.43321e+11
6.01803e+07,633260,2.23548e+07,4.45451e+10,-1.4321e+11
6.01867e+07,631108,2.23564e+07,4.49034e+10,-1.43098e+11
6.0193e+07,628958,2.2358e+07,4.52614e+10,-1.42986e+11
6.01993e+07,626810,2.23596e+07,4.56192e+10,-1.42872e+11
6.02056e+07,624663,2.23611e+07,4.59767e+10,-1.42757e+11
6.02119e+07,622518,2.23627e+07,4.63339e+10,-1.42642e+11
6.02182e+07,620375,2.23642e+07,4.66908e+10,-1.42525e+11
6.02245e+07,618233,2.23658e+07,4.70474e+10,-1.42408e+11
6.02308e+07,616094,2.23673e+07,4.74037e+10,-1.4229e+11
6.02371e+07,613956,2.23689e+07,4.77597e+10,-1.42171e+11
6.02435e+07,611820,2.23704e+07,4.81154e+10,-1.42051e+11
6.02498e+07,609685,2.23719e+07,4.84708e+10,-1.4193e+11
6.02561e+07,607553,2.23735e+07,4.88259e+10,-1.41808e+11
6.02624e+07,605422,2.2375e+07,4.91808e+10,-1.41686e+11
6.02687e+07,603294,2.23765e+07,4.95352e+10,-1.41562e+11
6.0275e+07,601167,2.2378e+07,4.98894e+10,-1.41438e+11
6.02813e+07,599042,2.23795e+07,5.02433e+10,-1.41312e+11
6.02876e+07,596919,2.2381e+07,5.05969e+10,-1.41186e+11
6.0294e+07,594797,2.23825e+07,5.09501e+10,-1.41059e+11
6.03003e+07,592678,2.2384e+07,5.1303e+10,-1.40931e+11
6.03066e+07,590561,2.23855e+07,5.16556e+10,-1.40802e+11
6.03129e+07,588445,2.23869e+07,5.20079e+10,-1.40673e+11
6.03192e+07,586332,2.23884e+07,5.23599e+10,-1.40542e+11
6.03255e+07,584220,2.23899e+07,5.27115e+10,-1.4041e+11
6.03318e+07,582111,2.23913e+07,5.30628e+10,-1.40278e+11
6.03381e+07,580003,2.23928e+07,5.34138e+10,-1.40145e+11
6.03444e+07,577897,2.23942e+07,5.37644e+10,-1.40011e+11
6.03508e+07,575794,2.23957e+07,5.41147e+10,-1.39876e+11
6.03571e+07,573692,2.23971e+07,5.44646e+10,-1.3974e+11
6.03634e+07,571593,2.23985e+07,5.48143e+10,-1.39603e+11
6.03697e+07,569496,2.24e+07,5.51635e+10,-1.39466e+11
6.0376e+07,567400,2.24014e+07,5.55124e+10,-1.39327e+11
6.03823e+07,565307,2.24028e+07,5.5861e+10,-1.39188e+11
6.03886e+07,563216,2.24042e+07,5.62092e+10,-1.39047e+11
6.03949e+07,561127,2.24056e+07,5.65571e+10,-1.38906e+11
6.04012e+07,559040,2.2407e+07,5.69046e+10,-1.38764e+11
6.04076e+07,556955,2.24084e+07,5.72518e+10,-1.38622e+11
6.04139e+07,554873,2.24098e+07,5.75986e+10,-1.38478e+11
6.04202e+07,552793,2.24112e+07,5.79451e+10,-1.38333e+11
6.04265e+07,550714,2.24126e+07,5.82911e+10,-1.38188e+11
6.04328e+07,548638,2.2414e+07,5.86368e+10,-1.38041e+11
6.04391e+07,546564,2.24153e+07,5.89822e+10,-1.37894e+11
6.04454e+07,544493,2.24167e+07,5.93272e+10,-1.37746e+11
6.04517e+07,542423,2.24181e+07,5.96718e+10,-1.37597e+11
6.04581e+07,540356,2.24194e+07,6.0016e+10,-1.37448e+11
6.04644e+07,538291,2.24208e+07,6.03599e+10,-1.37297e+11
6.04707e+07,536229,2.24221e+07,6.07034e+10,-1.37145e+11
6.0477e+07,534169,2.24234e+07,6.10465e+10,-1.36993e+11
6.04833e+07,532110,2.24248e+07,6.13892e+10,-1.3684e+11
6.04896e+07,530055,2.24261e+07,6.17315e+10,-1.36686e+11
6.04959e+07,528001,2.24274e+07,6.20734e+10,-1.36531e+11
6.05022e+07,525950,2.24288e+07,6.2415e+10,-1.36375e+11
6.05085e+07,523902,2.24301e+07,6.27562e+10,-1.36218e+11
6.05149e+07,521855,2.24314e+07,6.30969e+10,-1.36061e+11
6.05212e+07,519811,2.24327e+07,6.34373e+10,-1.35903e+11
6.05275e+07,517770,2.2434e+07,6.37773e+10,-1.35743e+11
6.05338e+07,515730,2.24353e+07,6.41169e+10,-1.35583e+11
6.05401e+07,513694,2.24366e+07,6.44561e+10,-1.35423e+11
6.05464e+07,511659,2.24378e+07,6.47948e+10,-1.35261e+11
6.05527e+07,509627,2.24391e+07,6.51332e+10,-1.35098e+11
6.0559e+07,507598,2.24404e+07,6.54712e+10,-1.34935e+11
6.05653e+07,505571,2.24417e+07,6.58087e+10,-1.3477e+11
6.05717e+07,503546,2.24429e+07,6.61459e+10,-1.34605e+11
6.0578e+07,501524,2.24442e+07,6.64826e+10,-1.34439e+11
6.05843e+07,499505,2.24454e+07,6.68189e+10,-1.34273e+11
6.05906e+07,497488,2.24467e+07,6.71548e+10,-1.34105e+11
6.05969e+07,495473,2.24479e+07,6.74903e+10,-1.33936e+11
6.06032e+07,493461,2.24492e+07,6.78253e+10,-1.33767e+11
6.06095e+07,491452,2.24504e+07,6.81599e+10,-1.33597e+11
6.06158e+07,489445,2.24516e+07,6.84941e+10,-1.33426e+11
6.06221e+07,487441,2.24528e+07,6.88279e+10,-1.33254e+11
6.06285e+07,485439,2.24541e+07,6.91612e+10,-1.33081e+11
6.06348e+07,483440,2.24553e+07,6.94941e+10,-1.32908e+11
6.06411e+07,481444,2.24565e+07,6.98266e+10,-1.32734e+11
6.06474e+07,479450,2.24577e+07,7.01586e+10,-1.32558e+11
6.06537e+07,477458,2.24589e+07,7.04902e+10,-1.32382e+11
6.066e+07,475470,2.24601e+07,7.08214e+10,-1.32206e+11
6.06663e+07,473484,2.24613e+07,7.11521e+10,-1.32028e+11
6.06726e+07,471501,2.24624e+07,7.14823e+10,-1.31849e+11
6.0679e+07,469520,2.24636e+07,7.18121e+10,-1.3167e+11
6.06853e+07,467542,2.24648e+07,7.21415e+10,-1.3149e+11
6.06916e+07,465567,2.2466e+07,7.24704e+10,-1.31309e+11
6.06979e+07,463595,2.24671e+07,7.27989e+10,-1.31127e+11
6.07042e+07,461625,2.24683e+07,7.31269e+10,-1.30945e+11
6.07105e+07,459658,2.24694e+07,7.34544e+10,-1.30761e+11
6.07168e+07,457694,2.24706e+07,7.37815e+10,-1.30577e+11
6.07231e+07,455733,2.24717e+07,7.41081e+10,-1.30392e+11
6.07294e+07,453774,2.24729e+07,7.44343e+10,-1.30206e+11
6.07358e+07,451819,2.2474e+07,7.476e+10,-1.30019e+11
6.07421e+07,449866,2.24751e+07,7.50852e+10,-1.29832e+11
6.07484e+07,447915,2.24762e+07,7.54099e+10,-1.29644e+11
6.07547e+07,445968,2.24774e+07,7.57342e+10,-1.29454e+11
6.0761e+07,444024,2.24785e+07,7.6058e+10,-1.29264e+11
6.07673e+07,442082,2.24796e+07,7.63813e+10,-1.29074e+11
6.07736e+07,440143,2.24807e+07,7.67042e+10,-1.28882e+11
6.07799e+07,438208,2.24818e+07,7.70266e+10,-1.2869e+11
6.07862e+07,436275,2.24829e+07,7.73484e+10,-1.28497e+11
6.07926e+07,434345,2.2484e+07,7.76698e+10,-1.28303e+11
6.07989e+07,432417,2.24851e+07,7.79908e+10,-1.28108e+11
6.08052e+07,430493,2.24861e+07,7.83112e+10,-1.27912e+11
6.08115e+07,428572,2.24872e+07,7.86311e+10,-1.27716e+11
6.08178e+07,426654,2.24883e+07,7.89506e+10,-1.27519e+11
6.08241e+07,424738,2.24894e+07,7.92695e+10,-1.27321e+11
6.08304e+07,422826,2.24904e+07,7.9588e+10,-1.27122e+11
6.08367e+07,420917,2.24915e+07,7.99059e+10,-1.26922e+11
6.08431e+07,419011,2.24925e+07,8.02234e+10,-1.26722e+11
6.08494e+07,417107,2.24936e+07,8.05403e+10,-1.26521e+11
6.08557e+07,415207,2.24946e+07,8.08568e+10,-1.26319e+11
6.0862e+07,413310,2.24956e+07,8.11727e+10,-1.26116e+11
6.08683e+07,411416,2.24967e+07,8.14882e+10,-1.25913e+11
6.08746e+07,409524,2.24977e+07,8.18031e+10,-1.25708e+11
6.08809e+07,407636,2.24987e+07,8.21175e+10,-1.25503e+11
6.08872e+07,405751,2.24997e+07,8.24314e+10,-1.25297e+11
6.08935e+07,403870,2.25008e+07,8.27448e+10,-1.2509e+11
6.08999e+07,401991,2.25018e+07,8.30576e+10,-1.24883e+11
6.09062e+07,400115,2.25028e+07,8.337e+10,-1.24675e+11
6.09125e+07,398243,2.25038e+07,8.36818e+10,-1.24466e+11
6.09188e+07,396373,2.25048e+07,8.39931e+10,-1.24256e+11
6.09251e+07,394507,2.25058e+07,8.43038e+10,-1.24045e+11
6.09314e+07,392644,2.25067e+07,8.46141e+10,-1.23834e+11
6.09377e+07,390784,2.25077e+07,8.49238e+10,-1.23622e+11
6.0944e+07,388928,2.25087e+07,8.5233e+10,-1.23409e+11
6.09503e+07,387074,2.25097e+07,8.55416e+10,-1.23195e+11
6.09567e+07,385224,2.25106e+07,8.58497e+10,-1.22981e+11
6.0963e+07,383377,2.25116e+07,8.61573e+10,-1.22765e+11
6.09693e+07,381534,2.25125e+07,8.64643e+10,-1.22549e+11
6.09756e+07,379693,2.25135e+07,8.67708e+10,-1.22333e+11
6.09819e+07,377856,2.25144e+07,8.70768e+10,-1.22115e+11
6.09882e+07,376022,2.25154e+07,8.73822e+10,-1.21897e+11
6.09945e+07,374191,2.25163e+07,8.7687e+10,-1.21678e+11
6.10008e+07,372364,2.25173e+07,8.79913e+10,-1.21458e+11
6.10072e+07,370540,2.25182e+07,8.82951e+10,-1.21237e+11
6.10135e+07,368719,2.25191e+07,8.85983e+10,-1.21016e+11
6.10198e+07,366902,2.252e+07,8.89009e+10,-1.20794e+11
6.10261e+07,365088,2.2521e+07,8.9203e+10,-1.20571e+11
6.10324e+07,363277,2.25219e+07,8.95045e+10,-1.20347e+11
6.10387e+07,361470,2.25228e+07,8.98055e+10,-1.20123e+11
6.1045e+07,359666,2.25237e+07,9.01059e+10,-1.19898e+11
6.10513e+07,357865,2.25246e+07,9.04057e+10,-1.19672e+11
6.10576e+07,356068,2.25255e+07,9.0705e+10,-1.19445e+11
6.1064e+07,354274,2.25264e+07,9.10037e+10,-1.19218e+11
6.10703e+07,352484,2.25272e+07,9.13019e+10,-1.1899e+11
6.10766e+07,350697,2.25281e+07,9.15994e+10,-1.18761e+11
6.10829e+07,348914,2.2529e+07,9.18964e+10,-1.18531e+11
6.10892e+07,347134,2.25299e+07,9.21928e+10,-1.18301e+11
6.10955e+07,345357,2.25307e+07,9.24887e+10,-1.1807e+11
6.11018e+07,343584,2.25316e+07,9.27839e+10,-1.17838e+11
6.11081e+07,341814,2.25325e+07,9.30786e+10,-1.17605e+11
6.11144e+07,340048,2.25333e+07,9.33727e+10,-1.17372e+11
6.11208e+07,338286,2.25342e+07,9.36662e+10,-1.17138e+11
6.11271e+07,336527,2.2535e+07,9.39591e+10,-1.16903e+11
6.11334e+07,334771,2.25358e+07,9.42515e+10,-1.16668e+11
6.11397e+07,333019,2.25367e+07,9.45432e+10,-1.16432e+11
6.1146e+07,331271,2.25375e+07,9.48344e+10,-1.16195e+11
6.11523e+07,329526,2.25383e+07,9.51249e+10,-1.15957e+11
6.11586e+07,327785,2.25392e+07,9.54149e+10,-1.15718e+11
6.11649e+07,326047,2.254e+07,9.57043e+10,-1.15479e+11
6.11713e+07,324313,2.25408e+07,9.5993e+10,-1.15239e+11
6.11776e+07,322583,2.25416e+07,9.62812e+10,-1.14999e+11
6.11839e+07,320856,2.25424e+07,9.65688e+10,-1.14757e+11
6.11902e+07,319133,2.25432e+07,9.68557e+10,-1.14515e+11
6.11965e+07,317413,2.2544e+07,9.71421e+10,-1.14273e+11
6.12028e+07,315697,2.25448e+07,9.74278e+10,-1.14029e+11
6.12091e+07,313985,2.25456e+07,9.77129e+10,-1.13785e+11
6.12154e+07,312277,2.25464e+07,9.79975e+10,-1.1354e+11
6.12217e+07,310572,2.25471e+07,9.82814e+10,-1.13294e+11
6.12281e+07,308871,2.25479e+07,9.85647e+10,-1.13048e+11
6.12344e+07,307173,2.25487e+07,9.88473e+10,-1.12801e+11
6.12407e+07,305479,2.25495e+07,9.91294e+10,-1.12553e+11
6.1247e+07,303789,2.25502e+07,9.94108e+10,-1.12305e+11
6.12533e+07,302103,2.2551e+07,9.96916e+10,-1.12056e+11
6.12596e+07,300421,2.25517e+07,9.99718e+10,-1.11806e+11
6.12659e+07,298742,2.25525e+07,1.00251e+11,-1.11555e+11
6.12722e+07,297067,2.25532e+07,1.0053e+11,-1.11304e+11
6.12785e+07,295396,2.2554e+07,1.00809e+11,-1.11052e+11
6.12849e+07,293728,2.25547e+07,1.01086e+11,-1.108e+11
6.12912e+07,292065,2.25554e+07,1.01363e+11,-1.10546e+11
6.12975e+07,290405,2.25562e+07,1.0164e+11,-1.10292e+11
6.13038e+07,288749,2.25569e+07,1.01915e+11,-1.10037e+11
6.13101e+07,287097,2.25576e+07,1.02191e+11,-1.09782e+11
6.13164e+07,285448,2.25583e+07,1.02465e+11,-1.09526e+11
6.13227e+07,283804,2.2559e+07,1.02739e+11,-1.09269e+11
6.1329e+07,282163,2.25597e+07,1.03012e+11,-1.09012e+11
6.13354e+07,280527,2.25605e+07,1.03285e+11,-1.08754e+11
6.13417e+07,278894,2.25612e+07,1.03557e+11,-1.08495e+11
6.1348e+07,277265,2.25618e+07,1.03828e+11,-1.08235e+11
6.13543e+07,275640,2.25625e+07,1.04098e+11,-1.07975e+11
6.13606e+07,274019,2.25632e+07,1.04368e+11,-1.07714e+11
6.13669e+07,272402,2.25639e+07,1.04638e+11,-1.07453e+11
6.13732e+07,270788,2.25646e+07,1.04906e+11,-1.0719e+11
6.13795e+07,269179,2.25653e+07,1.05174e+11,-1.06928e+11
6.13858e+07,267574,2.25659e+07,1.05442e+11,-1.06664e+11
6.13922e+07,265972,2.25666e+07,1.05708e+11,-1.064e+11
6.13985e+07,264375,2.25673e+07,1.05974e+11,-1.06135e+11
6.14048e+07,262782,2.25679e+07,1.0624e+11,-1.05869e+11
6.14111e+07,261192,2.25686e+07,1.06504e+11,-1.05603e+11
6.14174e+07,259607,2.25692e+07,1.06768e+11,-1.05336e+11
6.14237e+07,258025,2.25699e+07,1.07032e+11,-1.05069e+11
6.143e+07,256448,2.25705e+07,1.07294e+11,-1.04801e+11
6.14363e+07,254875,2.25712e+07,1.07556e+11,-1.04532e+11
6.14426e+07,253305,2.25718e+07,1.07818e+11,-1.04262e+11
6.1449e+07,251740,2.25724e+07,1.08078e+11,-1.03992e+11
6.14553e+07,250179,2.25731e+07,1.08338e+11,-1.03721e+11
6.14616e+07,248622,2.25737e+07,1.08598e+11,-1.0345e+11
6.14679e+07,247069,2.25743e+07,1.08856e+11,-1.03178e+11
6.14742e+07,245520,2.25749e+07,1.09114e+11,-1.02905e+11
6.14805e+07,243975,2.25755e+07,1.09372e+11,-1.02631e+11
6.14868e+07,242434,2.25761e+07,1.09628e+11,-1.02357e+11
6.14931e+07,240898,2.25768e+07,1.09884e+11,-1.02083e+11
6.14995e+07,239365,2.25774e+07,1.10139e+11,-1.01807e+11
6.15058e+07,237837,2.2578e+07,1.10394e+11,-1.01531e+11
6.15121e+07,236313,2.25785e+07,1.10648e+11,-1.01255e+11
6.15184e+07,234793,2.25791e+07,1.10901e+11,-1.00978e+11
6.15247e+07,233277,2.25797e+07,1.11153e+11,-1.007e+11
6.1531e+07,231765,2.25803e+07,1.11405e+11,-1.00421e+11
6.15373e+07,230258,2.25809e+07,1.11656e+11,-1.00142e+11
6.15436e+07,228755,2.25815e+07,1.11906e+11,-9.98624e+10
6.15499e+07,227256,2.2582e+07,1.12156e+11,-9.9582e+10
6.15563e+07,225761,2.25826e+07,1.12405e+11,-9.9301e+10
6.15626e+07,224270,2.25832e+07,1.12653e+11,-9.90193e+10
6.15689e+07,222784,2.25837e+07,1.129e+11,-9.87371e+10
6.15752e+07,221302,2.25843e+07,1.13147e+11,-9.84542e+10
6.15815e+07,219824,2.25848e+07,1.13393e+11,-9.81708e+10
6.15878e+07,218350,2.25854e+07,1.13639e+11,-9.78867e+10
6.15941e+07,216881,2.25859e+07,1.13883e+11,-9.7602e+10
6.16004e+07,215416,2.25865e+07,1.14127e+11,-9.73166e+10
6.16067e+07,213955,2.2587e+07,1.14371e+11,-9.70307e+10
6.16131e+07,212499,2.25875e+07,1.14613e+11,-9.67442e+10
6.16194e+07,211047,2.25881e+07,1.14855e+11,-9.6457e+10
6.16257e+07,209599,2.25886e+07,1.15096e+11,-9.61693e+10
6.1632e+07,208155,2.25891e+07,1.15336e+11,-9.58809e+10
6.16383e+07,206716,2.25896e+07,1.15576e+11,-9.5592e+10
6.16446e+07,205281,2.25901e+07,1.15815e+11,-9.53024e+10
6.16509e+07,203851,2.25907e+07,1.16053e+11,-9.50123e+10
6.16572e+07,202425,2.25912e+07,1.16291e+11,-9.47215e+10
6.16636e+07,201003,2.25917e+07,1.16528e+11,-9.44302e+10
6.16699e+07,199586,2.25922e+07,1.16764e+11,-9.41383e+10
6.16762e+07,198173,2.25927e+07,1.16999e+11,-9.38457e+10
6.16825e+07,196764,2.25932e+07,1.17233e+11,-9.35526e+10
6.16888e+07,195360,2.25936e+07,1.17467e+11,-9.32589e+10
6.16951e+07,193961,2.25941e+07,1.177e+11,-9.29647e+10
6.17014e+07,192565,2.25946e+07,1.17933e+11,-9.26698e+10
6.17077e+07,191175,2.25951e+07,1.18164e+11,-9.23744e+10
6.1714e+07,189788,2.25956e+07,1.18395e+11,-9.20784e+10
6.17204e+07,188406,2.25961e+07,1.18625e+11,-9.17818e+10
6.17267e+07,187029,2.25965e+07,1.18855e+11,-9.14846e+10
6.1733e+07,185656,2.2597e+07,1.19083e+11,-9.11868e+10
6.17393e+07,184287,2.25974e+07,1.19311e+11,-9.08885e+10
6.17456e+07,182923,2.25979e+07,1.19538e+11,-9.05897e+10
6.17519e+07,181564,2.25984e+07,1.19765e+11,-9.02902e+10
6.17582e+07,180209,2.25988e+07,1.1999e+11,-8.99902e+10
6.17645e+07,178858,2.25993e+07,1.20215e+11,-8.96896e+10
6.17708e+07,177512,2.25997e+07,1.20439e+11,-8.93885e+10
6.17772e+07,176171,2.26002e+07,1.20663e+11,-8.90868e+10
6.17835e+07,174834,2.26006e+07,1.20885e+11,-8.87845e+10
6.17898e+07,173501,2.2601e+07,1.21107e+11,-8.84817e+10
6.17961e+07,172173,2.26015e+07,1.21328e+11,-8.81783e+10
6.18024e+07,170850,2.26019e+07,1.21549e+11,-8.78744e+10
6.18087e+07,169532,2.26023e+07,1.21768e+11,-8.75699e+10
6.1815e+07,168217,2.26027e+07,1.21987e+11,-8.72649e+10
6.18213e+07,166908,2.26032e+07,1.22205e+11,-8.69593e+10
6.18276e+07,165603,2.26036e+07,1.22423e+11,-8.66532e+10
6.1834e+07,164303,2.2604e+07,1.22639e+11,-8.63465e+10
6.18403e+07,163007,2.26044e+07,1.22855e+11,-8.60394e+10
6.18466e+07,161716,2.26048e+07,1.2307e+11,-8.57316e+10
6.18529e+07,160429,2.26052e+07,1.23284e+11,-8.54233e+10
6.18592e+07,159148,2.26056e+07,1.23498e+11,-8.51145e+10
6.18655e+07,157870,2.2606e+07,1.2371e+11,-8.48052e+10
6.18718e+07,156598,2.26064e+07,1.23922e+11,-8.44953e+10
6.18781e+07,155330,2.26068e+07,1.24133e+11,-8.41849e+10
6.18845e+07,154067,2.26072e+07,1.24344e+11,-8.3874e+10
6.18908e+07,152808,2.26076e+07,1.24553e+11,-8.35625e+10
6.18971e+07,151554,2.26079e+07,1.24762e+11,-8.32505e+10
6.19034e+07,150305,2.26083e+07,1.2497e+11,-8.2938e+10
6.19097e+07,149061,2.26087e+07,1.25177e+11,-8.2625e+10
6.1916e+07,147821,2.26091e+07,1.25384e+11,-8.23115e+10
6.19223e+07,146586,2.26094e+07,1.25589e+11,-8.19974e+10
6.19286e+07,145356,2.26098e+07,1.25794e+11,-8.16829e+10
6.19349e+07,144130,2.26102e+07,1.25998e+11,-8.13678e+10
6.19413e+07,142909,2.26105e+07,1.26202e+11,-8.10522e+10
6.19476e+07,141693,2.26109e+07,1.26404e+11,-8.07361e+10
6.19539e+07,140482,2.26112e+07,1.26606e+11,-8.04195e+10
6.19602e+07,139275,2.26116e+07,1.26807e+11,-8.01024e+10
6.19665e+07,138074,2.26119e+07,1.27007e+11,-7.97848e+10
6.19728e+07,136877,2.26123e+07,1.27206e+11,-7.94667e+10
6.19791e+07,135684,2.26126e+07,1.27405e+11,-7.91481e+10
6.19854e+07,134497,2.26129e+07,1.27603e+11,-7.8829e+10
6.19917e+07,133314,2.26133e+07,1.278e+11,-7.85094e+10
6.19981e+07,132136,2.26136e+07,1.27996e+11,-7.81893e+10
6.20044e+07,130963,2.26139e+07,1.28191e+11,-7.78687e+10
6.20107e+07,129795,2.26143e+07,1.28386e+11,-7.75476e+10
6.2017e+07,128632,2.26146e+07,1.28579e+11,-7.72261e+10
6.20233e+07,127473,2.26149e+07,1.28772e+11,-7.6904e+10
6.20296e+07,126320,2.26152e+07,1.28964e+11,-7.65815e+10
6.20359e+07,125171,2.26155e+07,1.29156e+11,-7.62585e+10
6.20422e+07,124027,2.26159e+07,1.29346e+11,-7.5935e+10
6.20486e+07,122888,2.26162e+07,1.29536e+11,-7.56111e+10
6.20549e+07,121753,2.26165e+07,1.29725e+11,-7.52867e+10
6.20612e+07,120624,2.26168e+07,1.29913e+11,-7.49618e+10
6.20675e+07,119500,2.26171e+07,1.301e+11,-7.46364e+10
6.20738e+07,118380,2.26174e+07,1.30287e+11,-7.43106e+10
6.20801e+07,117265,2.26177e+07,1.30472e+11,-7.39843e+10
6.20864e+07,116156,2.2618e+07,1.30657e+11,-7.36575e+10
6.20927e+07,115051,2.26183e+07,1.30841e+11,-7.33303e+10
6.2099e+07,113951,2.26185e+07,1.31024e+11,-7.30026e+10
6.21054e+07,112856,2.26188e+07,1.31206e+11,-7.26745e+10
6.21117e+07,111766,2.26191e+07,1.31388e+11,-7.23459e+10
6.2118e+07,110681,2.26194e+07,1.31569e+11,-7.20168e+10
6.21243e+07,109600,2.26197e+07,1.31749e+11,-7.16873e+10
6.21306e+07,108525,2.26199e+07,1.31928e+11,-7.13574e+10
6.21369e+07,107455,2.26202e+07,1.32106e+11,-7.1027e+10
6.21432e+07,106390,2.26205e+07,1.32283e+11,-7.06961e+10
6.21495e+07,105329,2.26207e+07,1.3246e+11,-7.03648e+10
6.21558e+07,104274,2.2621e+07,1.32636e+11,-7.00331e+10
6.21622e+07,103224,2.26213e+07,1.3281e+11,-6.97009e+10
6.21685e+07,102178,2.26215e+07,1.32985e+11,-6.93683e+10
6.21748e+07,101138,2.26218e+07,1.33158e+11,-6.90353e+10
6.21811e+07,100103,2.2622e+07,1.3333e+11,-6.87018e+10
6.21874e+07,99072.2,2.26223e+07,1.33502e+11,-6.83679e+10
6.21937e+07,98046.9,2.26225e+07,1.33673e+11,-6.80336e+10
6.22e+07,97026.6,2.26228e+07,1.33842e+11,-6.76989e+10
6.22063e+07,96011.3,2.2623e+07,1.34012e+11,-6.73637e+10
6.22127e+07,95001.1,2.26232e+07,1.3418e+11,-6.70281e+10
6.2219e+07,93996,2.26235e+07,1.34347e+11,-6.66921e+10
6.22253e+07,92995.8,2.26237e+07,1.34514e+11,-6.63556e+10
6.22316e+07,92000.8,2.26239e+07,1.34679e+11,-6.60188e+10
6.22379e+07,91010.8,2.26242e+07,1.34844e+11,-6.56815e+10
6.22442e+07,90025.9,2.26244e+07,1.35008e+11,-6.53438e+10
6.22505e+07,89046.1,2.26246e+07,1.35171e+11,-6.50057e+10
6.22568e+07,88071.3,2.26248e+07,1.35334e+11,-6.46672e+10
6.22631e+07,87101.6,2.26251e+07,1.35495e+11,-6.43283e+10
6.22695e+07,86137.1,2.26253e+07,1.35656e+11,-6.3989e+10
6.22758e+07,85177.6,2.26255e+07,1.35816e+11,-6.36493e+10
6.22821e+07,84223.3,2.26257e+07,1.35975e+11,-6.33092e+10
6.22884e+07,83274,2.26259e+07,1.36133e+11,-6.29687e+10
6.22947e+07,82329.9,2.26261e+07,1.3629e+11,-6.26278e+10
6.2301e+07,81390.9,2.26263e+07,1.36446e+11,-6.22865e+10
6.23073e+07,80457.1,2.26265e+07,1.36602e+11,-6.19449e+10
6.23136e+07,79528.3,2.26267e+07,1.36756e+11,-6.16028e+10
6.23199e+07,78604.8,2.26269e+07,1.3691e+11,-6.12603e+10
6.23263e+07,77686.3,2.26271e+07,1.37063e+11,-6.09175e+10
6.23326e+07,76773,2.26273e+07,1.37215e+11,-6.05743e+10
6.23389e+07,75864.9,2.26275e+07,1.37366e+11,-6.02307e+10
6.23452e+07,74962,2.26277e+07,1.37517e+11,-5.98867e+10
6.23515e+07,74064.2,2.26279e+07,1.37666e+11,-5.95424e+10
6.23578e+07,73171.6,2.26281e+07,1.37815e+11,-5.91976e+10
6.23641e+07,72284.2,2.26282e+07,1.37963e+11,-5.88526e+10
6.23704e+07,71402,2.26284e+07,1.3811e+11,-5.85071e+10
6.23768e+07,70524.9,2.26286e+07,1.38256e+11,-5.81613e+10
6.23831e+07,69653.1,2.26288e+07,1.38401e+11,-5.78151e+10
6.23894e+07,68786.5,2.2629e+07,1.38545e+11,-5.74685e+10
6.23957e+07,67925.1,2.26291e+07,1.38689e+11,-5.71216e+10
6.2402e+07,67068.9,2.26293e+07,1.38831e+11,-5.67743e+10
6.24083e+07,66217.9,2.26295e+07,1.38973e+11,-5.64267e+10
6.24146e+07,65372.2,2.26296e+07,1.39114e+11,-5.60787e+10
6.24209e+07,64531.6,2.26298e+07,1.39254e+11,-5.57304e+10
6.24272e+07,63696.4,2.26299e+07,1.39393e+11,-5.53817e+10
6.24336e+07,62866.3,2.26301e+07,1.39531e+11,-5.50327e+10
6.24399e+07,62041.5,2.26303e+07,1.39668e+11,-5.46833e+10
6.24462e+07,61222,2.26304e+07,1.39805e+11,-5.43336e+10
6.24525e+07,60407.7,2.26306e+07,1.3994e+11,-5.39835e+10
6.24588e+07,59598.7,2.26307e+07,1.40075e+11,-5.36331e+10
6.24651e+07,58795,2.26309e+07,1.40209e+11,-5.32824e+10
6.24714e+07,57996.5,2.2631e+07,1.40342e+11,-5.29313e+10
6.24777e+07,57203.3,2.26312e+07,1.40474e+11,-5.25799e+10
6.2484e+07,56415.4,2.26313e+07,1.40605e+11,-5.22282e+10
6.24904e+07,55632.8,2.26314e+07,1.40736e+11,-5.18761e+10
6.24967e+07,54855.5,2.26316e+07,1.40865e+11,-5.15238e+10
6.2503e+07,54083.4,2.26317e+07,1.40994e+11,-5.11711e+10
6.25093e+07,53316.7,2.26319e+07,1.41121e+11,-5.0818e+10
6.25156e+07,52555.3,2.2632e+07,1.41248e+11,-5.04647e+10
6.25219e+07,51799.2,2.26321e+07,1.41374e+11,-5.0111e+10
6.25282e+07,51048.4,2.26322e+07,1.41499e+11,-4.97571e+10
6.25345e+07,50302.9,2.26324e+07,1.41623e+11,-4.94028e+10
6.25409e+07,49562.8,2.26325e+07,1.41746e+11,-4.90482e+10
6.25472e+07,48828,2.26326e+07,1.41869e+11,-4.86933e+10
6.25535e+07,48098.5,2.26327e+07,1.4199e+11,-4.83381e+10
6.25598e+07,47374.4,2.26329e+07,1.42111e+11,-4.79826e+10
6.25661e+07,46655.6,2.2633e+07,1.42231e+11,-4.76268e+10
6.25724e+07,45942.2,2.26331e+07,1.42349e+11,-4.72706e+10
6.25787e+07,45234.1,2.26332e+07,1.42467e+11,-4.69142e+10
6.2585e+07,44531.4,2.26333e+07,1.42584e+11,-4.65575e+10
6.25913e+07,43834,2.26334e+07,1.427e+11,-4.62006e+10
6.25977e+07,43142,2.26335e+07,1.42816e+11,-4.58433e+10
6.2604e+07,42455.4,2.26336e+07,1.4293e+11,-4.54857e+10
6.26103e+07,41774.2,2.26337e+07,1.43043e+11,-4.51279e+10
6.26166e+07,41098.3,2.26339e+07,1.43156e+11,-4.47697e+10
6.26229e+07,40427.8,2.2634e+07,1.43268e+11,-4.44113e+10
6.26292e+07,39762.7,2.26341e+07,1.43378e+11,-4.40526e+10
6.26355e+07,39103,2.26342e+07,1.43488e+11,-4.36936e+10
6.26418e+07,38448.7,2.26343e+07,1.43597e+11,-4.33344e+10
6.26481e+07,37799.8,2.26343e+07,1.43705e+11,-4.29749e+10
6.26545e+07,37156.3,2.26344e+07,1.43812e+11,-4.26151e+10
6.26608e+07,36518.3,2.26345e+07,1.43919e+11,-4.2255e+10
6.26671e+07,35885.6,2.26346e+07,1.44024e+11,-4.18947e+10
6.26734e+07,35258.3,2.26347e+07,1.44129e+11,-4.15341e+10
6.26797e+07,34636.5,2.26348e+07,1.44232e+11,-4.11733e+10
6.2686e+07,34020.1,2.26349e+07,1.44335e+11,-4.08122e+10
6.26923e+07,33409.1,2.2635e+07,1.44436e+11,-4.04509e+10
6.26986e+07,32803.6,2.26351e+07,1.44537e+11,-4.00893e+10
6.2705e+07,32203.4,2.26351e+07,1.44637e+11,-3.97274e+10
6.27113e+07,31608.8,2.26352e+07,1.44736e+11,-3.93653e+10
6.27176e+07,31019.5,2.26353e+07,1.44834e+11,-3.90029e+10
6.27239e+07,30435.8,2.26354e+07,1.44932e+11,-3.86403e+10
6.27302e+07,29857.4,2.26354e+07,1.45028e+11,-3.82775e+10
6.27365e+07,29284.6,2.26355e+07,1.45123e+11,-3.79144e+10
6.27428e+07,28717.1,2.26356e+07,1.45218e+11,-3.75511e+10
6.27491e+07,28155.2,2.26357e+07,1.45311e+11,-3.71875e+10
6.27554e+07,27598.7,2.26357e+07,1.45404e+11,-3.68238e+10
6.27618e+07,27047.7,2.26358e+07,1.45496e+11,-3.64597e+10
6.27681e+07,26502.1,2.26359e+07,1.45587e+11,-3.60955e+10
6.27744e+07,25962.1,2.26359e+07,1.45677e+11,-3.5731e+10
6.27807e+07,25427.5,2.2636e+07,1.45766e+11,-3.53663e+10
6.2787e+07,24898.4,2.26361e+07,1.45854e+11,-3.50014e+10
6.27933e+07,24374.7,2.26361e+07,1.45941e+11,-3.46363e+10
6.27996e+07,23856.6,2.26362e+07,1.46027e+11,-3.42709e+10
6.28059e+07,23344,2.26362e+07,1.46113e+11,-3.39054e+10
6.28122e+07,22836.8,2.26363e+07,1.46197e+11,-3.35396e+10
6.28186e+07,22335.2,2.26364e+07,1.46281e+11,-3.31736e+10
6.28249e+07,21839,2.26364e+07,1.46363e+11,-3.28074e+10
6.28312e+07,21348.4,2.26365e+07,1.46445e+11,-3.2441e+10
6.28375e+07,20863.2,2.26365e+07,1.46526e+11,-3.20744e+10
6.28438e+07,20383.6,2.26366e+07,1.46606e+11,-3.17076e+10
6.28501e+07,19909.5,2.26366e+07,1.46685e+11,-3.13406e+10
6.28564e+07,19440.9,2.26367e+07,1.46763e+11,-3.09734e+10
6.28627e+07,18977.9,2.26367e+07,1.4684e+11,-3.0606e+10
6.28691e+07,18520.3,2.26368e+07,1.46916e+11,-3.02384e+10
6.28754e+07,18068.3,2.26368e+07,1.46991e+11,-2.98706e+10
6.28817e+07,17621.8,2.26369e+07,1.47065e+11,-2.95026e+10
6.2888e+07,17180.8,2.26369e+07,1.47139e+11,-2.91345e+10
6.28943e+07,16745.4,2.26369e+07,1.47211e+11,-2.87661e+10
6.29006e+07,16315.5,2.2637e+07,1.47283e+11,-2.83976e+10
6.29069e+07,15891.2,2.2637e+07,1.47354e+11,-2.80289e+10
6.29132e+07,15472.4,2.26371e+07,1.47423e+11,-2.76601e+10
6.29195e+07,15059.1,2.26371e+07,1.47492e+11,-2.7291e+10
6.29259e+07,14651.4,2.26371e+07,1.4756e+11,-2.69218e+10
6.29322e+07,14249.2,2.26372e+07,1.47627e+11,-2.65524e+10
6.29385e+07,13852.6,2.26372e+07,1.47693e+11,-2.61829e+10
6.29448e+07,13461.5,2.26372e+07,1.47758e+11,-2.58132e+10
6.29511e+07,13076,2.26373e+07,1.47822e+11,-2.54433e+10
6.29574e+07,12696.1,2.26373e+07,1.47886e+11,-2.50733e+10
6.29637e+07,12321.7,2.26373e+07,1.47948e+11,-2.47031e+10
6.297e+07,11952.9,2.26374e+07,1.4801e+11,-2.43327e+10
6.29763e+07,11589.7,2.26374e+07,1.4807e+11,-2.39622e+10
6.29827e+07,11232,2.26374e+07,1.4813e+11,-2.35916e+10
6.2989e+07,10879.9,2.26375e+07,1.48188e+11,-2.32208e+10
6.29953e+07,10533.4,2.26375e+07,1.48246e+11,-2.28498e+10
6.30016e+07,10192.4,2.26375e+07,1.48303e+11,-2.24787e+10
6.30079e+07,9857.02,2.26375e+07,1.48359e+11,-2.21075e+10
6.30142e+07,9527.22,2.26376e+07,1.48413e+11,-2.17362e+10
6.30205e+07,9203,2.26376e+07,1.48467e+11,-2.13647e+10
6.30268e+07,8884.37,2.26376e+07,1.48521e+11,-2.0993e+10
6.30332e+07,8571.33,2.26376e+07,1.48573e+11,-2.06213e+10
6.30395e+07,8263.87,2.26376e+07,1.48624e+11,-2.02494e+10
6.30458e+07,7962,2.26377e+07,1.48674e+11,-1.98773e+10
6.30521e+07,7665.73,2.26377e+07,1.48723e+11,-1.95052e+10
6.30584e+07,7375.05,2.26377e+07,1.48772e+11,-1.91329e+10
6.30647e+07,7089.96,2.26377e+07,1.48819e+11,-1.87605e+10
6.3071e+07,6810.47,2.26377e+07,1.48866e+11,-1.8388e+10
6.30773e+07,6536.58,2.26378e+07,1.48911e+11,-1.80154e+10
6.30836e+07,6268.3,2.26378e+07,1.48956e+11,-1.76427e+10
6.309e+07,6005.61,2.26378e+07,1.49e+11,-1.72698e+10
6.30963e+07,5748.53,2.26378e+07,1.49043e+11,-1.68969e+10
6.31026e+07,5497.05,2.26378e+07,1.49085e+11,-1.65238e+10
6.31089e+07,5251.19,2.26378e+07,1.49126e+11,-1.61506e+10
